symbol,side,signal_date,entry_date,entry,stop,qty,exit_date,exit,reason,pnl,costs,r,bars
ETHUSDT,-1,2018-06-12 00:00:00+00:00,2018-06-13 00:00:00+00:00,493.0,538.8800048828125,21.883510568686017,2018-06-19 00:00:00+00:00,538.8800048828125,stop,-1055.7299619941975,51.714390249804154,-1.0515075579554556,6
BTCUSDT,-1,2018-06-10 00:00:00+00:00,2018-06-11 00:00:00+00:00,6765.0,7313.1904296875,1.8241836154820459,2018-07-01 00:00:00+00:00,6391.080078125,max_hold,610.7840883624567,71.3145066242449,0.6107840883624567,20
ETHUSDT,1,2018-07-17 00:00:00+00:00,2018-07-18 00:00:00+00:00,498.8900146484375,465.2900085449219,29.62947501249163,2018-07-19 00:00:00+00:00,465.2900085449219,stop,-1052.686837073185,57.136295809502485,-1.0573916576219,1
BTCUSDT,1,2018-07-17 00:00:00+00:00,2018-07-18 00:00:00+00:00,7317.43994140625,6833.483489990234,2.0571076970888305,2018-07-24 00:00:00+00:00,8285.352844238281,target,1926.907832256502,64.19325027086289,1.9355198479532938,6
BNBUSDT,1,2018-07-28 00:00:00+00:00,2018-07-29 00:00:00+00:00,14.641500473022461,13.720000267028809,1089.8453898147404,2018-07-29 00:00:00+00:00,13.720000267028809,stop,-1066.11205287506,61.81930165954445,-1.0615550610962026,0
NEOUSDT,-1,2018-07-31 00:00:00+00:00,2018-08-01 00:00:00+00:00,29.729999542236328,32.13999938964844,412.2953085469031,2018-08-07 00:00:00+00:00,24.90999984741211,target,1935.3593230543572,51.903938319172866,1.9477633997185673,6
ETHUSDT,-1,2018-08-07 00:00:00+00:00,2018-08-08 00:00:00+00:00,378.20001220703125,412.760009765625,29.3109171145013,2018-08-11 00:00:00+00:00,309.08001708984375,target,1982.6014562578737,43.36899157674387,1.957186945522234,3
NEOUSDT,-1,2018-08-10 00:00:00+00:00,2018-08-11 00:00:00+00:00,19.760000228881836,22.700000762939453,353.5910507850766,2018-08-14 00:00:00+00:00,13.879999160766602,target,2053.4694089053223,25.646347386916418,1.975329562763112,3
BTCUSDT,-1,2018-08-07 00:00:00+00:00,2018-08-08 00:00:00+00:00,6720.6298828125,7150.4599609375,2.3567108852320007,2018-08-28 00:00:00+00:00,6907.259765625,max_hold,-534.3757282844895,94.5430519506981,-0.5275256890895293,20
BTCUSDT,1,2018-08-28 00:00:00+00:00,2018-08-29 00:00:00+00:00,7077.0,6860.0,2.92418828404725,2018-08-30 00:00:00+00:00,6860.0,stop,-716.0576818677863,81.50882422953305,-1.1284516129032258,1
BNBUSDT,-1,2018-08-13 00:00:00+00:00,2018-08-14 00:00:00+00:00,10.293000221252441,11.65756607055664,775.2498066003911,2018-09-03 00:00:00+00:00,11.366000175476074,max_hold,-881.5014943755388,49.658487381438846,-0.8332721909548932,20
ETHUSDT,-1,2018-08-13 00:00:00+00:00,2018-08-14 00:00:00+00:00,283.80999755859375,321.989990234375,27.707690248919942,2018-09-03 00:00:00+00:00,295.510009765625,max_hold,-372.12473198445076,47.94441784344672,-0.35176479303514874,20
LTCUSDT,1,2018-09-01 00:00:00+00:00,2018-09-02 00:00:00+00:00,66.44999694824219,61.970001220703125,229.40270366162238,2018-09-05 00:00:00+00:00,61.970001220703125,stop,-1086.6429218583312,58.91978956835331,-1.0573304109999626,3
NEOUSDT,1,2018-09-01 00:00:00+00:00,2018-09-02 00:00:00+00:00,22.551000595092773,20.0310001373291,407.8265657149967,2018-09-05 00:00:00+00:00,20.0310001373291,stop,-1062.455274529932,34.73214223995418,-1.0337952325375452,3
BTCUSDT,1,2018-09-01 00:00:00+00:00,2018-09-02 00:00:00+00:00,7201.56982421875,7008.740234375,2.8541641819086823,2018-09-05 00:00:00+00:00,7008.740234375,stop,-631.4844245102834,81.1171159661099,-1.1473872352278338,3
BTCUSDT,-1,2018-09-08 00:00:00+00:00,2018-09-09 00:00:00+00:00,6185.06005859375,6478.0,3.266010699505539,2018-09-13 00:00:00+00:00,6478.0,stop,-1047.6895139363146,90.94453099097655,-1.0950561880251557,4
LTCUSDT,-1,2018-09-08 00:00:00+00:00,2018-09-09 00:00:00+00:00,53.09000015258789,57.220001220703125,244.557713125123,2018-09-14 00:00:00+00:00,57.220001220703125,stop,-1070.5137446472086,60.49012822463137,-1.0598898156845904,5
ETHUSDT,-1,2018-09-05 00:00:00+00:00,2018-09-06 00:00:00+00:00,228.27999877929688,260.89699935913086,30.67417273841569,2018-09-26 00:00:00+00:00,219.5,max_hold,228.71122651082794,40.607972688403336,0.22859704000455655,20
NEOUSDT,-1,2018-10-11 00:00:00+00:00,2018-10-12 00:00:00+00:00,15.548999786376953,17.459933519363403,513.6779851282607,2018-10-15 00:00:00+00:00,17.459933519363403,stop,-1017.9574607978316,36.352871123726004,-1.0370341291250433,3
BTCUSDT,-1,2018-10-11 00:00:00+00:00,2018-10-12 00:00:00+00:00,6252.7099609375,6544.05078125,3.1397733008774606,2018-10-15 00:00:00+00:00,6544.05078125,stop,-1001.0582223029604,86.3140932300352,-1.0943587288365684,3
ETHUSDT,-1,2018-10-11 00:00:00+00:00,2018-10-12 00:00:00+00:00,191.5500030517578,215.3564977645874,41.23263846756523,2018-10-15 00:00:00+00:00,215.3564977645874,stop,-1017.6147022383057,36.01011256420004,-1.0366849472211164,3
BNBUSDT,-1,2018-10-11 00:00:00+00:00,2018-10-12 00:00:00+00:00,9.361800193786621,10.112224578857422,1308.0659546817544,2018-10-15 00:00:00+00:00,10.112224578857422,stop,-1036.321785965517,54.71719629141134,-1.0557426043714584,3
LTCUSDT,-1,2018-10-11 00:00:00+00:00,2018-10-12 00:00:00+00:00,51.310001373291016,56.791730999946594,179.06840660307898,2018-10-15 00:00:00+00:00,56.791730999946594,stop,-1023.1920568775588,41.58746720345333,-1.0423668222835638,3
LTCUSDT,-1,2018-10-29 00:00:00+00:00,2018-10-30 00:00:00+00:00,49.15999984741211,52.2599983215332,300.2076146686291,2018-11-04 00:00:00+00:00,52.2599983215332,stop,-999.1235052978553,68.48035790557189,-1.073583906030424,5
LTCUSDT,1,2018-11-06 00:00:00+00:00,2018-11-07 00:00:00+00:00,56.439998626708984,53.869998931884766,326.24094073015334,2018-11-07 00:00:00+00:00,53.869998931884766,stop,-910.4143928665732,71.97527475091309,-1.0858443662703536,0
ETHUSDT,1,2018-11-06 00:00:00+00:00,2018-11-07 00:00:00+00:00,220.77000427246094,209.11000061035156,78.95811519605927,2018-11-09 00:00:00+00:00,209.11000061035156,stop,-988.5369422313443,67.88502989203926,-1.0737358267355885,2
BNBUSDT,-1,2018-11-14 00:00:00+00:00,2018-11-15 00:00:00+00:00,8.689599990844727,9.166353225708008,1891.2559644129024,2018-11-17 00:00:00+00:00,7.736093521118164,target,1738.094780125152,65.23001785149978,1.9276558300260846,2
ETHUSDT,-1,2018-11-14 00:00:00+00:00,2018-11-15 00:00:00+00:00,187.42999267578125,201.64504671096802,63.43010703697822,2018-11-19 00:00:00+00:00,158.99988460540771,target,1754.8324332616808,48.492364714971046,1.946218934304702,4
LTCUSDT,-1,2018-11-14 00:00:00+00:00,2018-11-15 00:00:00+00:00,45.04999923706055,49.23038101196289,215.68900821489905,2018-11-19 00:00:00+00:00,36.68923568725586,target,1764.3391241093782,38.98567386727349,1.956762449103993,4
NEOUSDT,-1,2018-11-14 00:00:00+00:00,2018-11-15 00:00:00+00:00,13.918999671936035,15.248262405395508,678.3176691049665,2018-11-19 00:00:00+00:00,11.26047420501709,target,1765.6776601116314,37.64713786502034,1.9582469692567186,4
BTCUSDT,-1,2018-11-14 00:00:00+00:00,2018-11-15 00:00:00+00:00,5917.2001953125,6177.130996704102,3.0475980843190222,2018-11-19 00:00:00+00:00,5397.338592529297,target,1508.4469564289855,75.88226832412087,1.9042089647296054,4
ETHUSDT,-1,2018-11-19 00:00:00+00:00,2018-11-20 00:00:00+00:00,150.75999450683594,167.68520402908325,58.31397875644404,2018-11-24 00:00:00+00:00,116.90957546234131,target,1939.6809587738512,34.271658283537185,1.9652761084664467,4
BNBUSDT,-1,2018-11-19 00:00:00+00:00,2018-11-20 00:00:00+00:00,6.703999996185303,7.365018844604492,1493.113715121776,2018-11-24 00:00:00+00:00,5.381962299346924,target,1934.3313894410944,39.621227616293694,1.9598559486444433,4
BTCUSDT,-1,2018-11-19 00:00:00+00:00,2018-11-20 00:00:00+00:00,4913.39990234375,5259.380859375,2.8526896884661417,2018-11-24 00:00:00+00:00,4221.43798828125,target,1916.697053298574,57.255563758814006,1.9419889178047585,4
LTCUSDT,-1,2018-11-19 00:00:00+00:00,2018-11-20 00:00:00+00:00,37.11000061035156,41.59186553955078,220.21554065553659,2018-11-25 00:00:00+00:00,28.146270751953125,target,1941.6105421054958,32.34207495189244,1.9672311537040787,5
NEOUSDT,-1,2018-11-19 00:00:00+00:00,2018-11-20 00:00:00+00:00,10.255000114440918,11.728932619094849,669.6211023315681,2018-11-25 00:00:00+00:00,7.307135105133057,target,1947.537155778922,26.415461278466516,1.973235972282005,5
BTCUSDT,-1,2018-11-24 00:00:00+00:00,2018-11-25 00:00:00+00:00,3933.679931640625,4400.12890625,2.312453898557093,2018-11-29 00:00:00+00:00,4400.12890625,stop,-1120.9051323782744,42.26338256486673,-1.0391820384962642,4
BNBUSDT,-1,2018-11-24 00:00:00+00:00,2018-11-25 00:00:00+00:00,5.198999881744385,5.805500030517578,1778.4690605521619,2018-12-04 00:00:00+00:00,5.805500030517578,stop,-1126.122444840557,47.480695027149245,-1.0440189664783168,9
BNBUSDT,-1,2018-12-07 00:00:00+00:00,2018-12-08 00:00:00+00:00,4.5117998123168945,4.99970006942749,2186.5663378989316,2018-12-09 00:00:00+00:00,4.99970006942749,stop,-1109.4350433585087,42.608764908246336,-1.039939740676563,1
BTCUSDT,-1,2018-12-06 00:00:00+00:00,2018-12-07 00:00:00+00:00,3508.75,3899.989990234375,2.7126690273013847,2018-12-19 00:00:00+00:00,3899.989990234375,stop,-1112.552780935344,51.248177184858505,-1.048287906227633,12
LTCUSDT,-1,2018-12-06 00:00:00+00:00,2018-12-07 00:00:00+00:00,26.739999771118164,30.489999771118164,283.0145610001294,2018-12-19 00:00:00+00:00,30.489999771118164,stop,-1102.2047357737579,40.90013202327252,-1.038537599741618,12
ETHUSDT,-1,2018-12-06 00:00:00+00:00,2018-12-07 00:00:00+00:00,91.18000030517578,104.68000030517578,78.61515583336929,2018-12-19 00:00:00+00:00,104.68000030517578,stop,-1100.5647768577562,39.260173107270916,-1.0369923704924406,12
NEOUSDT,-1,2018-12-06 00:00:00+00:00,2018-12-07 00:00:00+00:00,6.010000228881836,7.357999801635742,787.3182048435556,2018-12-21 00:00:00+00:00,7.357999801635742,stop,-1089.087567335671,27.78296358518585,-1.0261781240625973,14
ETHUSDT,1,2018-12-23 00:00:00+00:00,2018-12-24 00:00:00+00:00,129.02999877929688,114.91000366210938,71.25825089578987,2018-12-24 00:00:00+00:00,157.26998901367188,target,1971.5298366925235,40.80247272322589,1.9594475797736683,0
NEOUSDT,1,2018-12-24 00:00:00+00:00,2018-12-25 00:00:00+00:00,8.317999839782715,7.545000076293945,1327.1432949018028,2018-12-25 00:00:00+00:00,7.545000076293945,stop,-1067.986401026098,42.104947951298,-1.0410427031555156,0
ADAUSDT,1,2018-12-24 00:00:00+00:00,2018-12-25 00:00:00+00:00,0.04500000178813934,0.04292947053909302,455947.29435997125,2018-12-25 00:00:00+00:00,0.04292947053909302,stop,-1024.2355308946471,80.18241000420312,-1.0849342142194012,0
LTCUSDT,1,2019-01-06 00:00:00+00:00,2019-01-07 00:00:00+00:00,38.290000915527344,33.88999938964844,228.39974664664473,2019-01-10 00:00:00+00:00,33.88999938964844,stop,-1037.9310213209062,32.971787565313775,-1.0328090796699247,3
BNBUSDT,1,2019-01-08 00:00:00+00:00,2019-01-09 00:00:00+00:00,6.519700050354004,6.1381001472473145,2635.5372620652506,2019-01-10 00:00:00+00:00,6.1381001472473145,stop,-1072.4409719912796,66.72020815311033,-1.0663406887399676,1
NEOUSDT,1,2019-01-08 00:00:00+00:00,2019-01-09 00:00:00+00:00,9.005999565124512,8.152000427246094,1177.6601629091474,2019-01-10 00:00:00+00:00,8.152000427246094,stop,-1046.1333499705897,40.412586132420635,-1.0401827103362096,1
ADAUSDT,1,2019-01-09 00:00:00+00:00,2019-01-10 00:00:00+00:00,0.05144000053405762,0.04771000146865845,269356.52232176,2019-01-10 00:00:00+00:00,0.04771000146865845,stop,-1058.1129759746298,53.41339945529428,-1.0531635532686683,0
BNBUSDT,1,2019-01-26 00:00:00+00:00,2019-01-27 00:00:00+00:00,6.945300102233887,6.61959981918335,2779.8113912981767,2019-01-28 00:00:00+00:00,6.61959981918335,stop,-980.8010836196743,75.41572664675076,-1.0832968261149005,1
XRPUSDT,-1,2019-01-10 00:00:00+00:00,2019-01-11 00:00:00+00:00,0.3246400058269501,0.36631131172180176,23104.94067530458,2019-01-31 00:00:00+00:00,0.32117998600006104,max_hold,35.48444871946777,44.459104116181074,0.036854972726759104,20
LTCUSDT,1,2019-02-02 00:00:00+00:00,2019-02-03 00:00:00+00:00,34.59000015258789,32.439998626708984,436.81053985178505,2019-02-06 00:00:00+00:00,32.439998626708984,stop,-997.7021471074249,58.55881990609832,-1.0623534429836234,3
BTCUSDT,-1,2019-01-28 00:00:00+00:00,2019-01-29 00:00:00+00:00,3434.0,3557.75,5.592377543060326,2019-02-08 00:00:00+00:00,3557.75,stop,-789.5328963102481,97.47617535653268,-1.1408499800741794,10
ADAUSDT,-1,2019-01-28 00:00:00+00:00,2019-01-29 00:00:00+00:00,0.0385500006377697,0.04120999947190285,360981.8214286458,2019-02-08 00:00:00+00:00,0.04120999947190285,stop,-1031.5484519433446,71.3372277998865,-1.0742932659046156,10
ETHUSDT,-1,2019-01-28 00:00:00+00:00,2019-01-29 00:00:00+00:00,105.48999786376953,112.87000274658203,130.10983588638553,2019-02-08 00:00:00+00:00,112.87000274658203,stop,-1030.9235781652242,70.7123540217658,-1.07364249890418,10
BNBUSDT,1,2019-02-05 00:00:00+00:00,2019-02-06 00:00:00+00:00,7.856900215148926,7.18670654296875,1414.5731730203481,2019-02-10 00:00:00+00:00,9.197287559509277,target,1847.8271857607742,48.24879302736617,1.949106688163199,4
EOSUSDT,1,2019-02-08 00:00:00+00:00,2019-02-09 00:00:00+00:00,2.721299886703491,2.482851505279541,3879.718589298677,2019-02-18 00:00:00+00:00,3.1981966495513916,target,1804.2932744953675,45.9319615019944,1.9503498702662168,9
ETHUSDT,1,2019-02-10 00:00:00+00:00,2019-02-11 00:00:00+00:00,125.12000274658203,115.80999755859375,101.62064706238861,2019-02-18 00:00:00+00:00,143.7400131225586,target,1837.534045151476,54.643457563652284,1.9422427785075733,7
NEOUSDT,1,2019-02-10 00:00:00+00:00,2019-02-11 00:00:00+00:00,7.974999904632568,7.460999965667725,1840.6398126484487,2019-02-19 00:00:00+00:00,9.002999782562256,target,1829.6767383883607,62.50076432676741,1.9339377365632096,8
LTCUSDT,1,2019-02-08 00:00:00+00:00,2019-02-09 00:00:00+00:00,42.9900016784668,38.890268087387085,225.6518862619661,2019-02-20 00:00:00+00:00,51.18946886062622,target,1807.7216856487628,42.503550348599205,1.9540558095072271,11
ONTUSDT,1,2019-02-15 00:00:00+00:00,2019-02-16 00:00:00+00:00,0.6708999872207642,0.6073072087019682,14668.213666662736,2019-02-22 00:00:00+00:00,0.7980855442583561,target,1822.4901386429754,43.09478729794371,1.9538002406658506,6
EOSUSDT,1,2019-02-18 00:00:00+00:00,2019-02-19 00:00:00+00:00,3.476300001144409,3.1775588989257812,3333.936246081055,2019-02-23 00:00:00+00:00,4.073782205581665,target,1941.6245923019867,50.34298545979139,1.9494540111778746,4
ETCUSDT,1,2019-02-18 00:00:00+00:00,2019-02-19 00:00:00+00:00,4.377699851989746,4.14709997177124,4319.099333170254,2019-02-23 00:00:00+00:00,4.838899612426758,target,1912.352760560061,79.61481720171729,1.920064143522683,4
ONTUSDT,1,2019-02-22 00:00:00+00:00,2019-02-23 00:00:00+00:00,0.8131999969482422,0.7329999804496765,13089.783548649371,2019-02-23 00:00:00+00:00,0.9736000299453735,target,2052.8240619351495,46.77765119351661,1.9554414050045594,0
BTCUSDT,1,2019-02-18 00:00:00+00:00,2019-02-19 00:00:00+00:00,3897.35009765625,3730.7919921875,5.1110819604317514,2019-02-24 00:00:00+00:00,3730.7919921875,stop,-929.2682470790384,77.97611885402111,-1.0915973685984914,5
ADAUSDT,1,2019-02-18 00:00:00+00:00,2019-02-19 00:00:00+00:00,0.04560000076889992,0.04197457805275917,269069.15694823756,2019-02-24 00:00:00+00:00,0.04197457805275917,stop,-1022.616670000262,47.12723618728158,-1.0483113753503934,5
BNBUSDT,1,2019-02-19 00:00:00+00:00,2019-02-20 00:00:00+00:00,10.468700408935547,9.498825073242188,1038.2854869950995,2019-02-24 00:00:00+00:00,9.498825073242188,stop,-1048.4714690836151,41.46398383869994,-1.0411754474979056,4
LTCUSDT,1,2019-02-20 00:00:00+00:00,2019-02-21 00:00:00+00:00,51.470001220703125,46.417701721191406,209.11220447818735,2019-02-24 00:00:00+00:00,46.417701721191406,stop,-1097.436512733909,40.93902670697102,-1.0387497625393565,3
ICXUSDT,1,2019-02-23 00:00:00+00:00,2019-02-24 00:00:00+00:00,0.27619999647140503,0.25200873613357544,45629.73627895166,2019-02-24 00:00:00+00:00,0.25200873613357544,stop,-1152.0448798086366,48.20405033800911,-1.0436693851604733,0
NEOUSDT,1,2019-02-23 00:00:00+00:00,2019-02-24 00:00:00+00:00,10.142999649047852,9.210133522748947,1183.2789275456444,2019-02-24 00:00:00+00:00,9.210133522748947,stop,-1149.6411387989708,45.8003093283435,-1.0414917695609323,0
ETHUSDT,1,2019-02-23 00:00:00+00:00,2019-02-24 00:00:00+00:00,157.75,145.96983337402344,93.70332903751438,2019-02-24 00:00:00+00:00,145.96983337402344,stop,-1160.7599484343577,56.91911896373032,-1.0515646073637512,0
EOSUSDT,1,2019-02-23 00:00:00+00:00,2019-02-24 00:00:00+00:00,4.2434000968933105,3.867485523223877,2936.4140333684086,2019-02-24 00:00:00+00:00,3.867485523223877,stop,-1151.4746661865436,47.633836715916274,-1.0431528128369378,0
BNBUSDT,1,2019-03-01 00:00:00+00:00,2019-03-02 00:00:00+00:00,11.33530044555664,10.206700325012207,882.7831087823489,2019-03-05 00:00:00+00:00,13.592500686645508,target,1948.6065624155106,44.01168355718714,1.95582527295819,3
XLMUSDT,1,2019-03-10 00:00:00+00:00,2019-03-11 00:00:00+00:00,0.1001800000667572,0.09107858687639236,113496.70947633775,2019-03-18 00:00:00+00:00,0.11838282644748688,target,2016.3485741354639,49.612323246428744,1.9519716725429794,7
ONTUSDT,1,2019-03-17 00:00:00+00:00,2019-03-18 00:00:00+00:00,1.1181000471115112,1.0204999446868896,10746.095692038045,2019-03-20 00:00:00+00:00,1.3133002519607544,target,2045.383959856435,52.25612055896097,1.9501762756663072,2
XLMUSDT,1,2019-03-18 00:00:00+00:00,2019-03-19 00:00:00+00:00,0.1161699965596199,0.10569000244140625,100343.41707867965,2019-03-21 00:00:00+00:00,0.10569000244140625,stop,-1096.122801611693,44.52438082567083,-1.0423397182285523,2
ADAUSDT,1,2019-03-16 00:00:00+00:00,2019-03-17 00:00:00+00:00,0.051249999552965164,0.048659998923540115,409811.0865655555,2019-03-22 00:00:00+00:00,0.05643000081181526,target,2034.5650283985635,88.25691590174016,1.9168494407750905,5
BNBUSDT,1,2019-03-05 00:00:00+00:00,2019-03-06 00:00:00+00:00,13.623000144958496,12.308652460575104,772.8512026762918,2019-03-24 00:00:00+00:00,16.25169551372528,target,1985.412988282204,46.1773889388039,1.954540650067491,18
ONTUSDT,1,2019-03-20 00:00:00+00:00,2019-03-21 00:00:00+00:00,1.3147000074386597,1.1552382707595825,6802.560020546659,2019-03-25 00:00:00+00:00,1.1552382707595825,stop,-1118.3518415090075,33.60380676897843,-1.0309784444799959,4
IOTAUSDT,1,2019-03-21 00:00:00+00:00,2019-03-22 00:00:00+00:00,0.3215000033378601,0.29550320096313953,40705.42313296446,2019-03-25 00:00:00+00:00,0.29550320096313953,stop,-1108.4415937779904,50.23075301093422,-1.0474676227797137,3
TRXUSDT,1,2019-03-23 00:00:00+00:00,2019-03-24 00:00:00+00:00,0.02428000047802925,0.022741013031918555,714709.4507620286,2019-03-25 00:00:00+00:00,0.022741013031918555,stop,-1167.1415978193697,67.21272547993745,-1.0611064289429761,1
BNBUSDT,1,2019-03-24 00:00:00+00:00,2019-03-25 00:00:00+00:00,17.1112003326416,15.623933136463165,734.2365300068509,2019-03-26 00:00:00+00:00,15.623933136463165,stop,-1140.0765669304067,48.07066161533322,-1.0440205143409582,1
LTCUSDT,1,2019-03-06 00:00:00+00:00,2019-03-07 00:00:00+00:00,55.369998931884766,51.11000061035156,240.04463419405675,2019-03-27 00:00:00+00:00,58.810001373291016,max_hold,770.937534862959,54.816592811066414,0.7539069732872583,20
ADAUSDT,1,2019-03-22 00:00:00+00:00,2019-03-23 00:00:00+00:00,0.05778000131249428,0.05302543565630913,227420.6708924975,2019-03-27 00:00:00+00:00,0.06728913262486458,target,2105.6864099681534,56.886612695955556,1.947389880388061,4
ICXUSDT,1,2019-03-07 00:00:00+00:00,2019-03-08 00:00:00+00:00,0.32089999318122864,0.28355178236961365,27578.25321067446,2019-03-28 00:00:00+00:00,0.3287000060081482,max_hold,179.28106226069906,35.82966652659711,0.17405955164307635,20
ETCUSDT,1,2019-03-21 00:00:00+00:00,2019-03-22 00:00:00+00:00,4.760000228881836,4.468400001525879,3628.9781059577017,2019-04-02 00:00:00+00:00,5.34320068359375,target,2043.093091711181,73.32858982293155,1.9307051232155414,11
EOSUSDT,1,2019-03-27 00:00:00+00:00,2019-03-28 00:00:00+00:00,4.2555999755859375,3.9305161759257317,3297.501564269288,2019-04-02 00:00:00+00:00,4.905767574906349,target,2083.5094281390766,60.41924765718842,1.943636886488541,5
ADAUSDT,1,2019-03-27 00:00:00+00:00,2019-03-28 00:00:00+00:00,0.06691999733448029,0.060953084379434586,179651.41204073798,2019-04-02 00:00:00+00:00,0.07885382324457169,target,2091.551730385065,52.376945411199756,1.9511392836874606,5
BTCUSDT,1,2019-03-29 00:00:00+00:00,2019-03-30 00:00:00+00:00,4104.240234375,4024.030029296875,5.2782024071279166,2019-04-02 00:00:00+00:00,4264.66064453125,target,758.3858895110506,88.34550552811581,1.7913257827790139,3
NEOUSDT,1,2019-03-29 00:00:00+00:00,2019-03-30 00:00:00+00:00,9.946999549865723,9.19507721066475,1440.5085176435546,2019-04-02 00:00:00+00:00,11.45084422826767,target,2104.6535160077224,61.64755244321458,1.9430849632666276,3
BNBUSDT,1,2019-03-31 00:00:00+00:00,2019-04-01 00:00:00+00:00,17.520099639892578,16.731399536132812,1229.3198746257526,2019-04-02 00:00:00+00:00,19.09749984741211,target,1849.0999397208875,90.02948562165884,1.9071444283758883,1
TRXUSDT,1,2019-04-02 00:00:00+00:00,2019-04-03 00:00:00+00:00,0.02670999988913536,0.024965927004814148,676676.3859101755,2019-04-03 00:00:00+00:00,0.024965927004814148,stop,-1250.108695024726,69.93575889831239,-1.0592589075359216,0
NEOUSDT,1,2019-04-02 00:00:00+00:00,2019-04-03 00:00:00+00:00,11.50100040435791,10.643447875976562,1376.21066589824,2019-04-03 00:00:00+00:00,13.216105461120605,target,2292.3139828084127,68.03188944441497,1.942354304727822,0
LTCUSDT,1,2019-04-02 00:00:00+00:00,2019-04-03 00:00:00+00:00,76.76000213623047,71.10526275634766,208.7050979440314,2019-04-03 00:00:00+00:00,88.0694808959961,target,2291.544365452218,68.80150680060981,1.9417021822018463,0
ETCUSDT,1,2019-04-02 00:00:00+00:00,2019-04-03 00:00:00+00:00,5.428899765014648,5.0853306502103806,3435.037916020947,2019-04-03 00:00:00+00:00,5.0853306502103806,stop,-1252.4064963945711,72.23356026815728,-1.0612059114872128,0
ETHUSDT,1,2019-04-02 00:00:00+00:00,2019-04-03 00:00:00+00:00,163.25999450683594,153.697265625,123.41382368040468,2019-04-03 00:00:00+00:00,153.697265625,stop,-1258.406750958683,78.23381483226912,-1.0662901278596082,0
ICXUSDT,1,2019-04-02 00:00:00+00:00,2019-04-03 00:00:00+00:00,0.3862000107765198,0.35040000081062317,32965.715295907925,2019-04-06 00:00:00+00:00,0.457800030708313,target,2304.699742098181,55.646130154646954,1.9528491728192907,3
ICXUSDT,1,2019-04-06 00:00:00+00:00,2019-04-07 00:00:00+00:00,0.4424000084400177,0.4171000123023987,48182.48560311346,2019-04-08 00:00:00+00:00,0.4171000123023987,stop,-1301.842394410249,82.82569475059441,-1.0679446760439943,1
QTUMUSDT,1,2019-04-07 00:00:00+00:00,2019-04-08 00:00:00+00:00,3.61299991607666,3.2699999809265137,3539.747550883082,2019-04-08 00:00:00+00:00,3.2699999809265137,stop,-1262.861344457078,48.72816405629098,-1.0401341177746297,0
ETCUSDT,1,2019-04-07 00:00:00+00:00,2019-04-08 00:00:00+00:00,7.668700218200684,6.98496700823307,1775.7411263646204,2019-04-08 00:00:00+00:00,6.98496700823307,stop,-1266.1754194928667,52.0422390920796,-1.0428636989188456,0
ETHUSDT,1,2019-04-08 00:00:00+00:00,2019-04-09 00:00:00+00:00,178.7100067138672,170.89999389648438,131.64010814905458,2019-04-10 00:00:00+00:00,170.89999389648438,stop,-1120.1563285064515,92.04539658067543,-1.0895286624452707,1
ONTUSDT,1,2019-04-02 00:00:00+00:00,2019-04-03 00:00:00+00:00,1.4569000005722046,1.2970678694546223,7383.82781906478,2019-04-11 00:00:00+00:00,1.2970678694546223,stop,-1220.8425852694431,40.669649143029325,-1.0344607539268915,8
TRXUSDT,1,2019-04-08 00:00:00+00:00,2019-04-09 00:00:00+00:00,0.030319999903440475,0.027688566595315933,447007.4263044618,2019-04-11 00:00:00+00:00,0.027688566595315933,stop,-1228.1307505850282,51.860520028440654,-1.044088950549995,2
BTCUSDT,1,2019-04-10 00:00:00+00:00,2019-04-11 00:00:00+00:00,5307.85986328125,5135.0,4.380832942075013,2019-04-11 00:00:00+00:00,5135.0,stop,-848.767032422154,91.49684899707094,-1.120824576220916,0
QTUMUSDT,-1,2019-04-21 00:00:00+00:00,2019-04-22 00:00:00+00:00,2.7009999752044678,2.871000051498413,6716.885891894526,2019-04-25 00:00:00+00:00,2.360999822616577,target,2210.4455568665326,73.29667129305594,1.9358100311065982,3
ONTUSDT,-1,2019-04-21 00:00:00+00:00,2019-04-22 00:00:00+00:00,1.2204999923706055,1.318600058555603,11639.860792004447,2019-04-25 00:00:00+00:00,1.0242998600006104,target,2227.4169452726787,56.32528288690973,1.9506728192066571,3
BTCUSDT,1,2019-04-23 00:00:00+00:00,2019-04-24 00:00:00+00:00,5490.91015625,5332.41015625,4.167864048167302,2019-04-25 00:00:00+00:00,5332.41015625,stop,-750.8267068590527,90.2202552245353,-1.1365718651419559,1
ETHUSDT,-1,2019-04-25 00:00:00+00:00,2019-04-26 00:00:00+00:00,154.6999969482422,165.49000549316406,109.20680423775984,2019-04-27 00:00:00+00:00,165.49000549316406,stop,-1250.0011261596603,71.65877527062113,-1.0608132052765105,1
LTCUSDT,-1,2019-04-28 00:00:00+00:00,2019-04-29 00:00:00+00:00,69.88999938964844,72.72000122070312,331.73923521170695,2019-04-30 00:00:00+00:00,72.72000122070312,stop,-1035.6928224343474,96.87017935253493,-1.1031826192799798,1
XLMUSDT,-1,2019-04-29 00:00:00+00:00,2019-04-30 00:00:00+00:00,0.09554000198841095,0.10000000149011612,245574.28903643205,2019-04-30 00:00:00+00:00,0.10000000149011612,stop,-1191.3004013989298,96.03919466484147,-1.0876861100113429,0
VETUSDT,-1,2019-04-25 00:00:00+00:00,2019-04-26 00:00:00+00:00,0.006041000131517649,0.006597000174224377,2119320.6121938676,2019-05-01 00:00:00+00:00,0.006597000174224377,stop,-1238.361300013779,60.01894912473985,-1.0509350691498585,5
EOSUSDT,-1,2019-04-24 00:00:00+00:00,2019-04-25 00:00:00+00:00,4.77370023727417,5.143099784851074,3129.6238585347955,2019-05-03 00:00:00+00:00,5.143099784851074,stop,-1229.9714936461057,73.88985621746681,-1.0639140470925676,8
BNBUSDT,1,2019-04-18 00:00:00+00:00,2019-04-19 00:00:00+00:00,21.8887996673584,20.080894470214844,624.4583736130195,2019-05-08 00:00:00+00:00,20.080894470214844,stop,-1181.3781929391591,52.41665388436974,-1.046429087325911,19
BTCUSDT,1,2019-05-03 00:00:00+00:00,2019-05-04 00:00:00+00:00,5770.6201171875,5484.57275390625,3.8379742699226536,2019-05-10 00:00:00+00:00,6342.71484375,target,2102.703504699246,92.98133580606532,1.9153053898348484,6
XRPUSDT,-1,2019-04-24 00:00:00+00:00,2019-04-25 00:00:00+00:00,0.2997100055217743,0.31988999247550964,57288.522538645455,2019-05-11 00:00:00+00:00,0.31988999247550964,stop,-1254.6092454220147,98.52760799337588,-1.08522547612859,16
ICXUSDT,-1,2019-04-29 00:00:00+00:00,2019-04-30 00:00:00+00:00,0.3276999890804291,0.357699990272522,39103.61188423427,2019-05-11 00:00:00+00:00,0.357699990272522,stop,-1240.785413626968,67.67701048480193,-1.0576903296434748,11
XLMUSDT,-1,2019-05-08 00:00:00+00:00,2019-05-09 00:00:00+00:00,0.0922200009226799,0.09511082130484283,240033.43561150684,2019-05-11 00:00:00+00:00,0.09511082130484283,stop,-788.1745157545048,94.28096768816798,-1.1358723797777042,2
BNBUSDT,-1,2019-05-09 00:00:00+00:00,2019-05-10 00:00:00+00:00,18.83769989013672,20.966999053955078,532.6871962399545,2019-05-11 00:00:00+00:00,20.966999053955078,stop,-1177.7022596532158,43.4518581227343,-1.0383088761212722,1
ADAUSDT,-1,2019-05-09 00:00:00+00:00,2019-05-10 00:00:00+00:00,0.06168999895453453,0.06537000089883804,308220.05496118095,2019-05-11 00:00:00+00:00,0.06537000089883804,stop,-1214.521383154417,80.27098162393548,-1.0707700711550319,1
ETHUSDT,1,2019-05-11 00:00:00+00:00,2019-05-12 00:00:00+00:00,190.1999969482422,173.7202606201172,64.25066089834841,2019-05-15 00:00:00+00:00,223.1594696044922,target,2064.5506631959015,53.11723782920386,1.9498342135672062,3
IOTAUSDT,1,2019-05-13 00:00:00+00:00,2019-05-14 00:00:00+00:00,0.33500000834465027,0.29679998755455017,27818.855270493394,2019-05-15 00:00:00+00:00,0.41140004992485046,target,2083.8337089894926,41.52799038977416,1.9609214841860538,1
ETCUSDT,1,2019-05-14 00:00:00+00:00,2019-05-15 00:00:00+00:00,6.542799949645996,6.042799949645996,2187.4445064507845,2019-05-15 00:00:00+00:00,7.542799949645996,target,2125.8215702112443,61.62293623953999,1.9436576004028319,0
XLMUSDT,1,2019-05-14 00:00:00+00:00,2019-05-15 00:00:00+00:00,0.11343000084161758,0.10222027404233813,97569.03739132121,2019-05-15 00:00:00+00:00,0.1358494544401765,target,2138.800593464229,48.643912986555094,1.9555244369920204,0
LTCUSDT,1,2019-05-11 00:00:00+00:00,2019-05-12 00:00:00+00:00,86.58999633789062,77.60369205474854,117.82752031876758,2019-05-16 00:00:00+00:00,104.5626049041748,target,2072.621827011436,45.04607401366948,1.9574569043693169,4
VETUSDT,1,2019-05-14 00:00:00+00:00,2019-05-15 00:00:00+00:00,0.007034999784082174,0.006326999980956316,1544805.8719741842,2019-05-16 00:00:00+00:00,0.008450999390333891,target,2139.598781534734,47.845724916050614,1.9562542274558707,1
XRPUSDT,1,2019-05-14 00:00:00+00:00,2019-05-15 00:00:00+00:00,0.4090000092983246,0.3742810655385256,31502.175319394682,2019-05-16 00:00:00+00:00,0.4784378968179226,target,2131.5320574436832,55.912449007101074,1.9488787497536828,1
BTCUSDT,1,2019-05-13 00:00:00+00:00,2019-05-14 00:00:00+00:00,7795.6201171875,7240.581024169922,1.9146054089850895,2019-05-17 00:00:00+00:00,7240.581024169922,stop,-1120.2576337612948,57.57678407166139,-1.054180692244974,3
BNBUSDT,1,2019-05-15 00:00:00+00:00,2019-05-16 00:00:00+00:00,26.834800720214844,23.888545751571655,409.4725982617242,2019-05-17 00:00:00+00:00,23.888545751571655,stop,-1247.9503180965053,41.53964094466416,-1.034432421505696,1
ADAUSDT,1,2019-05-14 00:00:00+00:00,2019-05-15 00:00:00+00:00,0.08443000167608261,0.07451069355010986,110261.9496577172,2019-05-23 00:00:00+00:00,0.07451069355010986,stop,-1128.7724750965783,35.05022187118601,-1.0320467301161906,8
EOSUSDT,1,2019-05-27 00:00:00+00:00,2019-05-28 00:00:00+00:00,7.998499870300293,7.176800936460495,1453.3402146120122,2019-05-30 00:00:00+00:00,7.176800936460495,stop,-1238.3178547157927,44.10974986259913,-1.036936401355291,2
TRXUSDT,1,2019-05-27 00:00:00+00:00,2019-05-28 00:00:00+00:00,0.03499000146985054,0.030943856691010296,295147.1512088335,2019-05-30 00:00:00+00:00,0.030943856691010296,stop,-1233.1284856619643,38.920380808770744,-1.032590953495124,2
EOSUSDT,1,2019-05-31 00:00:00+00:00,2019-06-01 00:00:00+00:00,8.561800003051758,7.509546756744385,1109.711688598229,2019-06-01 00:00:00+00:00,7.509546756744385,stop,-1203.3668494944452,35.66912270172212,-1.0305465377582717,0
LTCUSDT,1,2019-05-26 00:00:00+00:00,2019-05-27 00:00:00+00:00,111.02999877929688,98.16011476516724,92.15659576490803,2019-06-04 00:00:00+00:00,98.16011476516724,stop,-1224.601196095262,38.55649746386479,-1.0325084691229227,8
BTCUSDT,1,2019-05-26 00:00:00+00:00,2019-05-27 00:00:00+00:00,8612.5400390625,7883.673828125,1.6272460992612812,2019-06-04 00:00:00+00:00,7883.673828125,stop,-1239.7314979673185,53.68679933592143,-1.0452654098094885,8
IOTAUSDT,1,2019-05-28 00:00:00+00:00,2019-05-29 00:00:00+00:00,0.4805999994277954,0.4201970715075731,19711.278660077092,2019-06-04 00:00:00+00:00,0.4201970715075731,stop,-1226.1306682828288,35.51172416277656,-1.0298262717371947,6
TRXUSDT,1,2019-06-01 00:00:00+00:00,2019-06-02 00:00:00+00:00,0.03748000040650368,0.03249587176833302,230574.30989567674,2019-06-04 00:00:00+00:00,0.03249587176833302,stop,-1181.481298049601,32.26927687212212,-1.028079480789854,2
ETCUSDT,1,2019-06-02 00:00:00+00:00,2019-06-03 00:00:00+00:00,9.534500122070312,8.558686375617981,1185.6607883012757,2019-06-04 00:00:00+00:00,8.558686375617981,stop,-1199.8888593853546,42.9047635314622,-1.03708327857333,1
BNBUSDT,1,2019-05-18 00:00:00+00:00,2019-05-19 00:00:00+00:00,28.816499710083008,25.4215030670166,346.46199772280175,2019-06-08 00:00:00+00:00,31.34779930114746,max_hold,835.3098267010557,41.68928645404579,0.710154161114095,20
ETHUSDT,-1,2019-06-09 00:00:00+00:00,2019-06-10 00:00:00+00:00,231.02000427246094,244.52999877929688,80.11242113269238,2019-06-10 00:00:00+00:00,244.52999877929688,stop,-1158.5132936602722,76.19492422827113,-1.070399732999319,0
BTCUSDT,1,2019-06-20 00:00:00+00:00,2019-06-21 00:00:00+00:00,9518.0595703125,9175.2001953125,2.2593966910598304,2019-06-22 00:00:00+00:00,10203.7783203125,target,1460.1917642042902,89.11891054339303,1.8849566946178737,1
VETUSDT,-1,2019-06-21 00:00:00+00:00,2019-06-22 00:00:00+00:00,0.006725999992340803,0.007160999812185764,2536713.1678479994,2019-06-22 00:00:00+00:00,0.007160999812185764,stop,-1173.9244415443106,70.45467053209026,-1.0638483014060836,0
QTUMUSDT,1,2019-06-22 00:00:00+00:00,2019-06-23 00:00:00+00:00,3.9260001182556152,3.5339999198913574,2784.742379565471,2019-06-25 00:00:00+00:00,4.710000514984131,target,2135.1410564593657,48.098073906673925,1.9559387945757367,2
ICXUSDT,-1,2019-06-20 00:00:00+00:00,2019-06-21 00:00:00+00:00,0.33959999680519104,0.36169999837875366,48654.006260796144,2019-06-26 00:00:00+00:00,0.36169999837875366,stop,-1151.7352796558985,76.48166473217783,-1.071128953830677,5
ETHUSDT,1,2019-06-21 00:00:00+00:00,2019-06-22 00:00:00+00:00,294.25,272.0033264160156,49.601562536819905,2019-06-26 00:00:00+00:00,338.74334716796875,target,2144.144623834555,62.79491818988591,1.9430932139334605,4
BTCUSDT,1,2019-06-25 00:00:00+00:00,2019-06-26 00:00:00+00:00,11821.2802734375,11026.0,1.4220405393732116,2019-06-26 00:00:00+00:00,13411.8408203125,target,2190.076535723424,71.76504226045162,1.9365428216025453,0
LTCUSDT,1,2019-06-10 00:00:00+00:00,2019-06-11 00:00:00+00:00,129.19000244140625,114.95038509368896,75.19396135086767,2019-06-27 00:00:00+00:00,114.95038509368896,stop,-1107.449002224398,36.71576572899961,-1.034290301708737,16
BNBUSDT,1,2019-06-20 00:00:00+00:00,2019-06-21 00:00:00+00:00,36.810001373291016,34.39789962768555,445.7745685407719,2019-06-27 00:00:00+00:00,34.39789962768555,stop,-1138.7389576145292,63.48534269080866,-1.059042203448265,6
ONTUSDT,1,2019-06-22 00:00:00+00:00,2019-06-23 00:00:00+00:00,1.601199984550476,1.4286483526229858,6326.33579288164,2019-06-27 00:00:00+00:00,1.4286483526229858,stop,-1129.9552411479467,38.335675964926786,-1.0351181649611598,4
XRPUSDT,1,2019-06-22 00:00:00+00:00,2019-06-23 00:00:00+00:00,0.47714000940322876,0.43751999735832214,27552.226989374525,2019-06-27 00:00:00+00:00,0.43751999735832214,stop,-1142.021405431814,50.40184024879418,-1.046171616794303,4
ETHUSDT,1,2019-06-26 00:00:00+00:00,2019-06-27 00:00:00+00:00,339.5299987792969,315.57000732421875,47.53759547589213,2019-06-27 00:00:00+00:00,315.57000732421875,stop,-1201.2841395701428,62.283758172806785,-1.0546828246856217,0
XLMUSDT,-1,2019-06-27 00:00:00+00:00,2019-06-28 00:00:00+00:00,0.10898000001907349,0.1214184439741075,85847.06440110697,2019-06-29 00:00:00+00:00,0.1214184439741075,stop,-1108.3207852358769,40.516885978511944,-1.0379441262639053,1
NEOUSDT,1,2019-06-22 00:00:00+00:00,2019-06-23 00:00:00+00:00,17.46500015258789,15.625338554382324,593.3806338338541,2019-07-01 00:00:00+00:00,15.625338554382324,stop,-1130.8898974944577,39.2703323114378,-1.0359743756560957,8
XLMUSDT,-1,2019-07-04 00:00:00+00:00,2019-07-05 00:00:00+00:00,0.09892000257968903,0.10576000064611435,153134.5915938276,2019-07-06 00:00:00+00:00,0.10576000064611435,stop,-1111.6592930892778,64.21898268466548,-1.0613103983556433,1
ADAUSDT,-1,2019-07-05 00:00:00+00:00,2019-07-06 00:00:00+00:00,0.07625000178813934,0.07962321490049362,274200.52138525934,2019-07-06 00:00:00+00:00,0.07962321490049362,stop,-1010.417828723178,85.48103457204134,-1.092418244265536,0
XRPUSDT,-1,2019-07-05 00:00:00+00:00,2019-07-06 00:00:00+00:00,0.37869998812675476,0.39320674538612366,55209.37655518678,2019-07-06 00:00:00+00:00,0.39320674538612366,stop,-886.1420031591801,85.23297903199344,-1.1064203005140048,0
ICXUSDT,-1,2019-06-27 00:00:00+00:00,2019-06-28 00:00:00+00:00,0.3075999915599823,0.35420000553131104,22914.239895171388,2019-07-07 00:00:00+00:00,0.35420000553131104,stop,-1104.5459662676765,36.74206701031155,-1.0344090024730803,9
BNBUSDT,-1,2019-07-11 00:00:00+00:00,2019-07-12 00:00:00+00:00,29.421300888061523,31.889999389648438,437.1612122924975,2019-07-12 00:00:00+00:00,31.889999389648438,stop,-1132.8250744516736,53.60584471326605,-1.0496709502908503,0
ETCUSDT,-1,2019-06-27 00:00:00+00:00,2019-06-28 00:00:00+00:00,7.78380012512207,8.742380142211914,1113.9434165330447,2019-07-14 00:00:00+00:00,5.866640090942383,target,2091.6100964450147,43.99770206971503,1.9587960840934233,16
ONTUSDT,-1,2019-07-10 00:00:00+00:00,2019-07-11 00:00:00+00:00,1.2309999465942383,1.3700000047683716,7276.414007471218,2019-07-14 00:00:00+00:00,0.9529998302459717,target,1988.6915126591905,34.1524280159649,1.9662332547467147,3
ETHUSDT,-1,2019-07-11 00:00:00+00:00,2019-07-12 00:00:00+00:00,268.6700134277344,289.2300109863281,52.49121390519383,2019-07-14 00:00:00+00:00,227.55001831054688,target,2103.4916507427374,54.94680873407738,1.949086518086417,2
LTCUSDT,-1,2019-07-10 00:00:00+00:00,2019-07-11 00:00:00+00:00,108.29000091552734,120.12999725341797,85.42417932181297,2019-07-15 00:00:00+00:00,84.6100082397461,target,1986.4828808553784,36.36105981977682,1.9640495649826148,4
IOTAUSDT,-1,2019-07-10 00:00:00+00:00,2019-07-11 00:00:00+00:00,0.36579999327659607,0.4000000059604645,29573.730854627694,2019-07-15 00:00:00+00:00,0.29739996790885925,target,1979.6322861432743,43.21165453188107,1.957276333914856,4
ADAUSDT,-1,2019-07-10 00:00:00+00:00,2019-07-11 00:00:00+00:00,0.07169999927282333,0.0783500000834465,152093.51083414347,2019-07-15 00:00:00+00:00,0.058399997651576996,target,1979.3076303710227,43.53631030413301,1.956955344474471,4
EOSUSDT,-1,2019-07-10 00:00:00+00:00,2019-07-11 00:00:00+00:00,5.267600059509277,5.918399810791016,1554.1216301106454,2019-07-15 00:00:00+00:00,3.966000556945801,target,1991.2960934227115,31.547847252443866,1.9688084220259578,4
NEOUSDT,-1,2019-07-13 00:00:00+00:00,2019-07-14 00:00:00+00:00,14.166000366210938,15.371000289916992,873.15635611394,2019-07-15 00:00:00+00:00,11.756000518798828,target,2057.9891440819433,46.31754091956549,1.955978336000456,1
XLMUSDT,-1,2019-07-10 00:00:00+00:00,2019-07-11 00:00:00+00:00,0.09482000023126602,0.10210999846458435,138741.0446431877,2019-07-16 00:00:00+00:00,0.08024000376462936,target,1967.9998821171123,54.84405855804302,1.9457752944206481,5
XRPUSDT,-1,2019-07-10 00:00:00+00:00,2019-07-11 00:00:00+00:00,0.361409991979599,0.39645999670028687,28856.543056058345,2019-07-16 00:00:00+00:00,0.29130998253822327,target,1980.4966765546615,42.34726412049381,1.9581309627806882,5
ICXUSDT,-1,2019-07-15 00:00:00+00:00,2019-07-16 00:00:00+00:00,0.2754000127315521,0.2925403118133545,68786.2628077728,2019-07-16 00:00:00+00:00,0.2411194145679474,target,2286.9753523462814,71.05888214308735,1.9397304067059271,0
LTCUSDT,-1,2019-07-16 00:00:00+00:00,2019-07-17 00:00:00+00:00,79.62000274658203,91.91000366210938,100.7502132750167,2019-07-17 00:00:00+00:00,91.91000366210938,stop,-1272.7835828470118,34.563369457481286,-1.0279137499806006,0
NEOUSDT,-1,2019-07-16 00:00:00+00:00,2019-07-17 00:00:00+00:00,10.206000328063965,12.592000007629395,518.9523804190334,2019-07-18 00:00:00+00:00,12.592000007629395,stop,-1262.44096681465,24.220753425119597,-1.0195609417155427,1
BNBUSDT,-1,2019-07-16 00:00:00+00:00,2019-07-17 00:00:00+00:00,25.055200576782227,28.832756876945496,327.78339090168254,2019-07-18 00:00:00+00:00,28.832756876945496,stop,-1274.4529911410507,36.232777751520125,-1.0292619821254054,1
VETUSDT,-1,2019-07-16 00:00:00+00:00,2019-07-17 00:00:00+00:00,0.005222000181674957,0.005778000224381685,2227014.601224863,2019-07-19 00:00:00+00:00,0.005778000224381685,stop,-1289.6894177741983,51.46920438466785,-1.041567084617182,2
ONTUSDT,-1,2019-07-14 00:00:00+00:00,2019-07-15 00:00:00+00:00,0.8949000239372253,1.0770000219345093,6449.067692696705,2019-07-20 00:00:00+00:00,1.0770000219345093,stop,-1202.6699830685682,28.29476914414952,-1.024093465877568,5
IOTAUSDT,-1,2019-07-16 00:00:00+00:00,2019-07-17 00:00:00+00:00,0.2689000070095062,0.3107999861240387,29551.80979935309,2019-07-20 00:00:00+00:00,0.3107999861240387,stop,-1275.1248086099476,36.904595220417036,-1.029804549159631,3
QTUMUSDT,-1,2019-07-16 00:00:00+00:00,2019-07-17 00:00:00+00:00,2.680999994277954,3.2249999046325684,2276.140473226142,2019-07-20 00:00:00+00:00,3.2249999046325684,stop,-1267.1649808177713,28.944767428240716,-1.0233761063785307,3
EOSUSDT,-1,2019-07-16 00:00:00+00:00,2019-07-17 00:00:00+00:00,3.6666998863220215,4.360000133514404,1785.979766203572,2019-07-20 00:00:00+00:00,4.360000133514404,stop,-1269.0281679300394,30.807954540508874,-1.024880836387071,3
ETCUSDT,-1,2019-07-14 00:00:00+00:00,2019-07-15 00:00:00+00:00,5.631400108337402,6.530266463756561,1306.5070317119441,2019-08-04 00:00:00+00:00,5.881400108337402,max_hold,-372.2927982646105,45.66604033662446,-0.31701350117950533,20
ETHUSDT,-1,2019-07-14 00:00:00+00:00,2019-07-15 00:00:00+00:00,225.8300018310547,259.48141384124756,34.89824479188883,2019-08-04 00:00:00+00:00,222.13999938964844,max_hold,82.37397201896707,46.400636463895665,0.07014280533365255,20
VETUSDT,-1,2019-08-06 00:00:00+00:00,2019-08-07 00:00:00+00:00,0.004873999860137701,0.005241000093519688,3025176.005029388,2019-08-07 00:00:00+00:00,0.005241000093519688,stop,-1171.4396101687266,61.1993103013554,-1.055122580497813,0
NEOUSDT,-1,2019-08-09 00:00:00+00:00,2019-08-10 00:00:00+00:00,10.375,10.925999641418457,2059.1270808863355,2019-08-10 00:00:00+00:00,10.925999641418457,stop,-1222.301213626595,87.72293042318974,-1.0773176533711804,0
ADAUSDT,-1,2019-08-07 00:00:00+00:00,2019-08-08 00:00:00+00:00,0.05194000154733658,0.05429999902844429,425345.40050967626,2019-08-11 00:00:00+00:00,0.05429999902844429,stop,-1100.6469321123334,96.83285830874665,-1.0964649339312746,3
QTUMUSDT,-1,2019-08-09 00:00:00+00:00,2019-08-10 00:00:00+00:00,2.63100004196167,2.819999933242798,6003.063152643704,2019-08-11 00:00:00+00:00,2.819999933242798,stop,-1201.6186913144156,67.04040811101058,-1.0590883935498276,1
BTCUSDT,1,2019-08-05 00:00:00+00:00,2019-08-06 00:00:00+00:00,11830.0,10927.7998046875,1.2356865845725773,2019-08-13 00:00:00+00:00,10927.7998046875,stop,-1171.0796937724967,56.243015826081525,-1.0504495563688163,7
ICXUSDT,-1,2019-08-07 00:00:00+00:00,2019-08-08 00:00:00+00:00,0.21899999678134918,0.2386000007390976,56358.255866298794,2019-08-14 00:00:00+00:00,0.17979998886585236,target,2157.426042897996,51.818033164511974,1.9530898068475382,6
XRPUSDT,-1,2019-08-09 00:00:00+00:00,2019-08-10 00:00:00+00:00,0.29649999737739563,0.30921000242233276,76531.4194427647,2019-08-14 00:00:00+00:00,0.27107998728752136,target,1849.3630862945326,96.06636813294591,1.9012389085460646,4
XRPUSDT,-1,2019-08-14 00:00:00+00:00,2019-08-15 00:00:00+00:00,0.2634600102901459,0.28960193414241076,41933.933937819944,2019-08-18 00:00:00+00:00,0.28960193414241076,stop,-1145.929398671259,49.69569084286402,-1.0453331169147404,3
VETUSDT,-1,2019-08-14 00:00:00+00:00,2019-08-15 00:00:00+00:00,0.004629999864846468,0.0049390001222491264,3547678.9470757367,2019-08-24 00:00:00+00:00,0.0049390001222491264,stop,-1178.554050003686,82.32034217529105,-1.0750937884754201,9
ONTUSDT,-1,2019-08-14 00:00:00+00:00,2019-08-15 00:00:00+00:00,0.7874000072479248,0.8689000010490417,13450.72136451342,2019-08-25 00:00:00+00:00,0.8689000010490417,stop,-1151.2202568402845,54.98654901188961,-1.050159513084866,10
ETCUSDT,1,2019-08-22 00:00:00+00:00,2019-08-23 00:00:00+00:00,7.217299938201904,6.531232491135597,1590.5509309605645,2019-08-28 00:00:00+00:00,6.531232491135597,stop,-1134.960698742701,43.73548210964855,-1.0400792443603835,5
BTCUSDT,-1,2019-08-28 00:00:00+00:00,2019-08-29 00:00:00+00:00,9721.0,10299.0,1.9014692578840615,2019-09-02 00:00:00+00:00,10299.0,stop,-1182.4848332477588,83.43560219077122,-1.0759161644747515,4
ETHUSDT,-1,2019-08-14 00:00:00+00:00,2019-08-15 00:00:00+00:00,187.0800018310547,208.39767837524414,51.42369552122671,2019-09-04 00:00:00+00:00,178.7899932861328,max_hold,369.71814377482906,56.58473150760115,0.33726215599338694,20
EOSUSDT,-1,2019-08-14 00:00:00+00:00,2019-08-15 00:00:00+00:00,3.671799898147583,4.130799770355225,2388.3093965927783,2019-09-04 00:00:00+00:00,3.351099967956543,max_hold,715.6842817260872,50.24637503582171,0.6528573940166789,20
TRXUSDT,-1,2019-08-14 00:00:00+00:00,2019-08-15 00:00:00+00:00,0.01776999980211258,0.02038436202565208,419312.09759611625,2019-09-04 00:00:00+00:00,0.015879999846220016,max_hold,750.1493245045571,42.35052145732057,0.6842968968638811,20
ADAUSDT,-1,2019-08-14 00:00:00+00:00,2019-08-15 00:00:00+00:00,0.047200001776218414,0.053690388798713684,168901.13086152158,2019-09-04 00:00:00+00:00,0.04667000100016594,max_hold,41.71837166476566,47.79935876798141,0.03805609275362319,20
NEOUSDT,-1,2019-08-14 00:00:00+00:00,2019-08-15 00:00:00+00:00,9.454999923706055,10.505999565124512,1043.039088337736,2019-09-04 00:00:00+00:00,9.27400016784668,max_hold,129.8886726197831,58.901147721132176,0.11848629693853198,20
LTCUSDT,-1,2019-08-14 00:00:00+00:00,2019-08-15 00:00:00+00:00,75.91000366210938,86.31999969482422,105.30587181621682,2019-09-04 00:00:00+00:00,69.0,max_hold,682.1225395132843,45.54142037839438,0.6222418948095912,20
XLMUSDT,-1,2019-08-14 00:00:00+00:00,2019-08-15 00:00:00+00:00,0.06931000202894211,0.07445000112056732,213275.07812492189,2019-09-04 00:00:00+00:00,0.06304000318050385,max_hold,1252.258876334059,84.97561790978162,1.1423283807015432,20
TRXUSDT,-1,2019-09-05 00:00:00+00:00,2019-09-06 00:00:00+00:00,0.01498000044375658,0.015569999814033508,1443093.7574866577,2019-09-07 00:00:00+00:00,0.015569999814033508,stop,-941.6408582241389,90.21645005644505,-1.1059594359651905,1
ETHUSDT,1,2019-09-16 00:00:00+00:00,2019-09-17 00:00:00+00:00,197.22999572753906,188.3000030517578,110.63907777841091,2019-09-17 00:00:00+00:00,215.08998107910156,target,1884.774904465798,91.23740396700498,1.9076550246396327,0
BNBUSDT,-1,2019-08-28 00:00:00+00:00,2019-08-29 00:00:00+00:00,23.355899810791016,25.62662273645401,484.00851492530404,2019-09-18 00:00:00+00:00,21.03019905090332,max_hold,1061.8141638103043,63.844807143590344,0.9661206557499947,20
XRPUSDT,1,2019-09-17 00:00:00+00:00,2019-09-18 00:00:00+00:00,0.2855300009250641,0.2668917775154114,59300.405287077694,2019-09-18 00:00:00+00:00,0.3228064477443695,target,2138.3592081330116,72.1491959139979,1.9347216271316527,0
LTCUSDT,1,2019-09-17 00:00:00+00:00,2019-09-18 00:00:00+00:00,74.05999755859375,72.04920196533203,298.4753547011841,2019-09-18 00:00:00+00:00,78.08158874511719,target,1109.5248279871369,90.82102787360186,1.8486752340083243,0
XLMUSDT,1,2019-09-18 00:00:00+00:00,2019-09-19 00:00:00+00:00,0.08259999752044678,0.0759179387241602,170334.2853689967,2019-09-19 00:00:00+00:00,0.0759179387241602,stop,-1192.18578863588,54.00207877678662,-1.0474458370024222,0
NEOUSDT,1,2019-09-18 00:00:00+00:00,2019-09-19 00:00:00+00:00,10.100000381469727,9.51200008392334,1935.6856018755727,2019-09-19 00:00:00+00:00,9.51200008392334,stop,-1214.10904370877,75.92533384967679,-1.0667074508201109,0
TRXUSDT,1,2019-09-18 00:00:00+00:00,2019-09-19 00:00:00+00:00,0.017899999395012856,0.016669999808073044,925352.9203947519,2019-09-19 00:00:00+00:00,0.016669999808073044,stop,-1202.1626093003329,63.97889944123956,-1.0562113996950107,0
ADAUSDT,1,2019-09-18 00:00:00+00:00,2019-09-19 00:00:00+00:00,0.05307000130414963,0.04892686754465103,274715.65629511245,2019-09-22 00:00:00+00:00,0.04892686754465103,stop,-1194.223983390783,56.040273531689564,-1.0492365802165868,3
ETHUSDT,1,2019-09-19 00:00:00+00:00,2019-09-20 00:00:00+00:00,220.25999450683594,204.1687617301941,68.04053918364816,2019-09-23 00:00:00+00:00,204.1687617301941,stop,-1152.6128770911287,57.7567228388254,-1.0527527955288962,3
EOSUSDT,1,2019-09-09 00:00:00+00:00,2019-09-10 00:00:00+00:00,3.8745999336242676,3.609600067138672,4052.9692409107165,2019-09-24 00:00:00+00:00,3.609600067138672,stop,-1134.7027725033984,60.66646479183231,-1.0564845567661427,14
BNBUSDT,-1,2019-09-23 00:00:00+00:00,2019-09-24 00:00:00+00:00,19.312700271606445,20.36400032043457,1011.1198687284392,2019-09-24 00:00:00+00:00,17.210100173950195,target,2052.1228763463787,73.85785838421242,1.9305187886440827,0
XLMUSDT,-1,2019-09-24 00:00:00+00:00,2019-09-25 00:00:00+00:00,0.05274999886751175,0.06205545295961201,116046.69555570974,2019-09-26 00:00:00+00:00,0.06205545295961201,stop,-1107.1779643105451,27.310766276952652,-1.0252908564374255,1
TRXUSDT,-1,2019-09-24 00:00:00+00:00,2019-09-25 00:00:00+00:00,0.012550000101327896,0.014721288345754147,497339.4024518107,2019-09-30 00:00:00+00:00,0.014721288345754147,stop,-1110.2937148885785,30.426516854986005,-1.0281761654677462,5
EOSUSDT,-1,2019-09-24 00:00:00+00:00,2019-09-25 00:00:00+00:00,2.762500047683716,3.2156357765197754,2383.098770002925,2019-10-07 00:00:00+00:00,3.2156357765197754,stop,-1116.654883153192,36.78768511959938,-1.0340668604311611,12
XRPUSDT,-1,2019-09-24 00:00:00+00:00,2019-09-25 00:00:00+00:00,0.23282000422477722,0.2619999572634697,37007.16024462733,2019-10-07 00:00:00+00:00,0.2619999572634697,stop,-1127.5070305106294,47.63983247703687,-1.0441163807584743,12
LINKUSDT,1,2019-10-06 00:00:00+00:00,2019-10-07 00:00:00+00:00,2.1668999195098877,1.9530999660491943,4929.686985579031,2019-10-08 00:00:00+00:00,2.5944998264312744,target,2060.989275463754,46.94442072141091,1.95545930044539,1
ADAUSDT,-1,2019-09-24 00:00:00+00:00,2019-09-25 00:00:00+00:00,0.03723999857902527,0.04262935742735863,200370.25338691965,2019-10-09 00:00:00+00:00,0.04262935742735863,stop,-1122.8349383186037,42.9677402850112,-1.0397898374571004,14
ETCUSDT,-1,2019-09-24 00:00:00+00:00,2019-09-25 00:00:00+00:00,4.618199825286865,5.286792993545532,1615.1334612737335,2019-10-15 00:00:00+00:00,4.788599967956543,max_hold,-320.73856836794073,45.51959613632616,-0.2970166784878701,20
ONTUSDT,-1,2019-09-24 00:00:00+00:00,2019-09-25 00:00:00+00:00,0.6103000044822693,0.7018581032752991,11794.33837387416,2019-10-15 00:00:00+00:00,0.6406000256538391,max_hold,-401.5004046948927,44.131702261847266,-0.3718053529415594,20
NEOUSDT,-1,2019-09-24 00:00:00+00:00,2019-09-25 00:00:00+00:00,7.209000110626221,8.114408820867538,1192.6847906574442,2019-10-15 00:00:00+00:00,7.5289998054504395,max_hold,-434.42612562092177,52.76735658905241,-0.4022958808379395,20
LTCUSDT,-1,2019-09-24 00:00:00+00:00,2019-09-25 00:00:00+00:00,54.56999969482422,62.678524017333984,133.17678471233222,2019-10-15 00:00:00+00:00,56.83000183105469,max_hold,-345.63652455646195,44.656706610285866,-0.32007317676271324,20
BTCUSDT,-1,2019-09-24 00:00:00+00:00,2019-09-25 00:00:00+00:00,8497.5498046875,9226.33203125,1.481741950715621,2019-10-15 00:00:00+00:00,8346.8603515625,max_hold,148.93724891047327,74.34563531523436,0.1379218196290097,20
XLMUSDT,1,2019-10-14 00:00:00+00:00,2019-10-15 00:00:00+00:00,0.06614000350236893,0.061080001294612885,203940.92793146058,2019-10-16 00:00:00+00:00,0.061080001294612885,stop,-1083.8322772444892,51.89073165948268,-1.0502845649363461,1
XRPUSDT,1,2019-10-14 00:00:00+00:00,2019-10-15 00:00:00+00:00,0.29721999168395996,0.2764100134372711,49588.78540630876,2019-10-23 00:00:00+00:00,0.2764100134372711,stop,-1088.8327760381594,56.89123045315305,-1.055130283974468,8
ETHUSDT,-1,2019-10-23 00:00:00+00:00,2019-10-24 00:00:00+00:00,162.35000610351562,171.49000549316406,110.4345928451003,2019-10-25 00:00:00+00:00,171.49000549316406,stop,-1084.878232766429,75.50612156613863,-1.0748050404090823,1
BTTUSDT,-1,2019-10-23 00:00:00+00:00,2019-10-24 00:00:00+00:00,0.00038240000139921904,0.0004135000053793192,32455690.74030195,2019-10-25 00:00:00+00:00,0.0004135000053793192,stop,-1062.3005275436462,52.928416343355806,-1.0524369712180934,1
LTCUSDT,-1,2019-10-23 00:00:00+00:00,2019-10-24 00:00:00+00:00,49.47999954223633,53.439998626708984,254.8920062022454,2019-10-25 00:00:00+00:00,53.439998626708984,stop,-1063.1018158455802,53.72970464528977,-1.0532308194857865,1
BTCUSDT,-1,2019-10-23 00:00:00+00:00,2019-10-24 00:00:00+00:00,7468.47021484375,8008.4052734375,1.8694324347620246,2019-10-25 00:00:00+00:00,8008.4052734375,stop,-1068.6237572500083,59.25164604971795,-1.058701489165635,1
ADAUSDT,-1,2019-10-23 00:00:00+00:00,2019-10-24 00:00:00+00:00,0.03635000064969063,0.03880000114440918,411988.5336252734,2019-10-25 00:00:00+00:00,0.03880000114440918,stop,-1072.8307065882766,63.4585953879862,-1.0628693765994037,1
ONTUSDT,-1,2019-10-23 00:00:00+00:00,2019-10-24 00:00:00+00:00,0.5483999848365784,0.5823000073432922,29774.9687629377,2019-10-25 00:00:00+00:00,0.5823000073432922,stop,-1078.3312362000202,68.95912499972977,-1.0683188332969962,1
TRXUSDT,1,2019-10-25 00:00:00+00:00,2019-10-26 00:00:00+00:00,0.017640000209212303,0.015901975333690643,543761.7503343803,2019-10-26 00:00:00+00:00,0.015901975333690643,stop,-981.549135100115,36.47768666176377,-1.0385978083689227,0
NEOUSDT,1,2019-10-26 00:00:00+00:00,2019-10-27 00:00:00+00:00,9.109999656677246,8.34103775024414,1216.2578526491818,2019-10-27 00:00:00+00:00,10.647923469543457,target,1822.4504558660901,48.0614583086096,1.9486114384576747,0
ONTUSDT,1,2019-10-27 00:00:00+00:00,2019-10-28 00:00:00+00:00,0.9810000061988831,0.8643291667103767,8202.100575186012,2019-10-28 00:00:00+00:00,0.8643291667103767,stop,-987.2171106171658,30.271150941053136,-1.0316330829708489,0
BNBUSDT,1,2019-10-28 00:00:00+00:00,2019-10-29 00:00:00+00:00,19.93790054321289,19.260000228881836,949.8241659668967,2019-10-30 00:00:00+00:00,19.260000228881836,stop,-718.3483274852073,74.4622268170161,-1.1156450290505466,1
XLMUSDT,1,2019-11-04 00:00:00+00:00,2019-11-05 00:00:00+00:00,0.07938999682664871,0.07224665745161474,131759.91266281495,2019-11-08 00:00:00+00:00,0.07224665745161474,stop,-981.1650368236945,39.95926464837092,-1.0424553969277268,3
EOSUSDT,1,2019-11-05 00:00:00+00:00,2019-11-06 00:00:00+00:00,3.615499973297119,3.40310001373291,4441.839041226613,2019-11-08 00:00:00+00:00,3.40310001373291,stop,-1005.7974156215424,62.350982874285165,-1.0660885247005736,2
ETCUSDT,1,2019-11-07 00:00:00+00:00,2019-11-08 00:00:00+00:00,5.244800090789795,5.042200088500977,3522.5961988742515,2019-11-08 00:00:00+00:00,5.042200088500977,stop,-786.151893413283,72.47389545877684,-1.1015498525476426,0
VETUSDT,1,2019-11-11 00:00:00+00:00,2019-11-12 00:00:00+00:00,0.006060000043362379,0.0054350001737475395,1443488.67606397,2019-11-14 00:00:00+00:00,0.007309999782592058,target,1765.7615819654723,38.598886695484964,1.9572159916315062,2
BTCUSDT,1,2019-10-26 00:00:00+00:00,2019-10-27 00:00:00+00:00,9230.0,8470.3798828125,1.2312153613705534,2019-11-15 00:00:00+00:00,8470.3798828125,stop,-978.8419163149762,43.585959227626134,-1.0466032414948365,19
BNBUSDT,1,2019-11-13 00:00:00+00:00,2019-11-14 00:00:00+00:00,21.3882999420166,20.68000030517578,851.214325148681,2019-11-15 00:00:00+00:00,20.68000030517578,stop,-674.5330769866466,71.6182796101319,-1.118786733916247,1
TRXUSDT,1,2019-10-27 00:00:00+00:00,2019-10-28 00:00:00+00:00,0.01909000054001808,0.016944916918873787,446111.2612316856,2019-11-17 00:00:00+00:00,0.01867000013589859,max_hold,-221.057233050849,33.69032305128497,-0.231002838577915,20
LINKUSDT,1,2019-11-13 00:00:00+00:00,2019-11-14 00:00:00+00:00,3.018899917602539,2.785099983215332,3893.5056480959865,2019-11-18 00:00:00+00:00,2.785099983215332,stop,-955.4971778518276,45.19581279076586,-1.0496492859677677,4
XRPUSDT,-1,2019-11-15 00:00:00+00:00,2019-11-16 00:00:00+00:00,0.260699987411499,0.26952001452445984,70088.6816608256,2019-11-18 00:00:00+00:00,0.2430599331855774,target,1162.0707192583116,74.297425862011,1.8798134258711745,2
FETUSDT,1,2019-11-15 00:00:00+00:00,2019-11-16 00:00:00+00:00,0.04625000059604645,0.04280000180006027,264813.40294848924,2019-11-18 00:00:00+00:00,0.04280000180006027,stop,-960.7691896674581,47.16326833416828,-1.0516232078108028,2
BATUSDT,1,2019-11-16 00:00:00+00:00,2019-11-17 00:00:00+00:00,0.2676999866962433,0.24969999492168427,50680.58660523696,2019-11-19 00:00:00+00:00,0.24969999492168427,stop,-964.6944111799621,52.44426915587077,-1.0574889131170842,2
VETUSDT,1,2019-11-14 00:00:00+00:00,2019-11-15 00:00:00+00:00,0.0072929998859763145,0.006463118828833103,1108318.3165196804,2019-11-20 00:00:00+00:00,0.006463118828833103,stop,-950.2646928362216,30.49231667168489,-1.0331520248507986,5
BTCUSDT,-1,2019-11-18 00:00:00+00:00,2019-11-19 00:00:00+00:00,8186.5,8503.51953125,2.1939766948010835,2019-11-21 00:00:00+00:00,7552.4609375,target,1318.4439135636171,72.62301315491048,1.895586600816935,2
BNBUSDT,-1,2019-11-18 00:00:00+00:00,2019-11-19 00:00:00+00:00,19.08169937133789,20.191600799560547,809.1254662475275,2019-11-21 00:00:00+00:00,16.861896514892578,target,1734.9732965693356,61.12572462957103,1.9319350170473681,2
LTCUSDT,-1,2019-11-18 00:00:00+00:00,2019-11-19 00:00:00+00:00,55.79999923706055,59.29999923706055,256.58557445698665,2019-11-21 00:00:00+00:00,48.79999923706055,target,1739.5960560295352,56.502965169371194,1.9370825722830636,2
XRPUSDT,-1,2019-11-18 00:00:00+00:00,2019-11-19 00:00:00+00:00,0.2517400085926056,0.2631799876689911,71347.38062655584,2019-11-22 00:00:00+00:00,0.2288600504398346,target,1558.5122560663813,73.91282697904029,1.909444142035419,3
ETCUSDT,-1,2019-11-21 00:00:00+00:00,2019-11-22 00:00:00+00:00,4.177999973297119,4.415900230407715,3927.4765829906682,2019-11-22 00:00:00+00:00,3.7021994590759277,target,1806.7967802987648,61.898597479882994,1.9337520730067166,0
QTUMUSDT,-1,2019-11-21 00:00:00+00:00,2019-11-22 00:00:00+00:00,1.784999966621399,1.9079999923706055,7596.321083659214,2019-11-22 00:00:00+00:00,1.5389999151229858,target,1818.1950370110965,50.50034076755121,1.9459512327497894,0
FETUSDT,-1,2019-11-22 00:00:00+00:00,2019-11-23 00:00:00+00:00,0.03455999866127968,0.03999000042676926,183500.87808212012,2019-11-24 00:00:00+00:00,0.03999000042676926,stop,-1024.4881114512075,28.07801949640742,-1.028179180161978,1
ETHUSDT,-1,2019-11-21 00:00:00+00:00,2019-11-22 00:00:00+00:00,161.02000427246094,173.36105346679688,75.71055541356672,2019-11-25 00:00:00+00:00,136.33790588378906,target,1820.3275516311994,48.36782614744851,1.9482335893558593,3
BATUSDT,-1,2019-11-21 00:00:00+00:00,2019-11-22 00:00:00+00:00,0.22120000422000885,0.2353000044822693,66265.79230570413,2019-11-25 00:00:00+00:00,0.19300000369548798,target,1809.5418919014762,59.153485877171576,1.936690070965458,3
XMRUSDT,-1,2019-11-24 00:00:00+00:00,2019-11-25 00:00:00+00:00,47.439998626708984,51.86000061035156,231.24805465033316,2019-11-25 00:00:00+00:00,51.86000061035156,stop,-1068.0427235686595,45.92586330069963,-1.044932106186625,0
EOSUSDT,-1,2019-11-24 00:00:00+00:00,2019-11-25 00:00:00+00:00,2.412899971008301,2.6847000122070312,3760.5471130912174,2019-11-27 00:00:00+00:00,2.6847000122070312,stop,-1062.3852874543516,40.268427186391634,-1.0393970873113616,2
BATUSDT,-1,2019-12-04 00:00:00+00:00,2019-12-05 00:00:00+00:00,0.1808999925851822,0.19619999825954437,66269.68364561319,2019-12-07 00:00:00+00:00,0.19619999825954437,stop,-1066.426040761893,52.4995049458247,-1.0517784110498398,2
FETUSDT,1,2019-11-27 00:00:00+00:00,2019-11-28 00:00:00+00:00,0.05590999871492386,0.047349900007247925,116314.75667461977,2019-12-10 00:00:00+00:00,0.047349900007247925,stop,-1019.687098282284,24.02129998823058,-1.0241258663593626,12
LTCUSDT,-1,2019-11-21 00:00:00+00:00,2019-11-22 00:00:00+00:00,50.61000061035156,55.290000915527344,199.64692905169153,2019-12-12 00:00:00+00:00,43.70000076293945,max_hold,1323.590030644404,55.97021863908062,1.416592609350572,20
NEOUSDT,-1,2019-11-22 00:00:00+00:00,2019-11-23 00:00:00+00:00,9.649999618530273,11.039064168930054,717.3245416622489,2019-12-13 00:00:00+00:00,8.644000053405762,max_hold,682.4266063215371,39.20157064382505,0.684885281503646,20
XRPUSDT,-1,2019-11-22 00:00:00+00:00,2019-11-23 00:00:00+00:00,0.23003999888896942,0.2459000051021576,62825.32797031623,2019-12-13 00:00:00+00:00,0.2183700054883957,max_hold,648.8028407325203,84.36832206995045,0.6511403748025785,20
BATUSDT,-1,2019-12-10 00:00:00+00:00,2019-12-11 00:00:00+00:00,0.1746000051498413,0.1867000013589859,81744.6204238826,2019-12-13 00:00:00+00:00,0.1867000013589859,stop,-1051.0425925356433,61.93299528870004,-1.0626148967324576,2
ZECUSDT,1,2019-12-13 00:00:00+00:00,2019-12-14 00:00:00+00:00,33.279998779296875,30.760000228881836,387.9352709104628,2019-12-14 00:00:00+00:00,30.760000228881836,stop,-1027.283069077919,49.68674872868716,-1.0508254252746547,0
XLMUSDT,-1,2019-12-12 00:00:00+00:00,2019-12-13 00:00:00+00:00,0.05201999843120575,0.05344804737251252,381399.0605473852,2019-12-16 00:00:00+00:00,0.04916390054859221,target,1006.2348758740363,83.07817338614377,1.8474668536421788,3
EOSUSDT,-1,2019-12-16 00:00:00+00:00,2019-12-17 00:00:00+00:00,2.3687000274658203,2.5659000873565674,4965.513197504255,2019-12-23 00:00:00+00:00,2.5659000873565674,stop,-1035.4382084213855,56.238708485251365,-1.0574333509044065,6
LTCUSDT,-1,2019-12-16 00:00:00+00:00,2019-12-17 00:00:00+00:00,39.97999954223633,43.546560764312744,274.8855861232358,2019-12-28 00:00:00+00:00,43.546560764312744,stop,-1038.4381217288505,58.04184975397076,-1.0592024382518848,11
BATUSDT,-1,2019-12-17 00:00:00+00:00,2019-12-18 00:00:00+00:00,0.1550000011920929,0.1754000037908554,51725.38628217827,2019-12-28 00:00:00+00:00,0.1754000037908554,stop,-1097.9976686445132,42.79965406608175,-1.0405607795643748,10
DASHUSDT,-1,2019-12-16 00:00:00+00:00,2019-12-17 00:00:00+00:00,45.959999084472656,50.742236852645874,205.0078476857884,2020-01-05 00:00:00+00:00,50.742236852645874,stop,-1036.5486330954832,56.15236112060353,-1.0572751679354022,19
WAVESUSDT,1,2019-12-28 00:00:00+00:00,2019-12-29 00:00:00+00:00,1.039199948310852,0.8917142152786255,6567.99037254182,2020-01-05 00:00:00+00:00,0.8917142152786255,stop,-994.0493259162578,25.364451273320658,-1.0261844196572907,7
XLMUSDT,-1,2019-12-16 00:00:00+00:00,2019-12-17 00:00:00+00:00,0.04701000079512596,0.05106978118419647,241489.97680126783,2020-01-06 00:00:00+00:00,0.04543999955058098,max_hold,312.589031640156,66.55053248297358,0.31883947397156703,20
ONTUSDT,-1,2019-12-16 00:00:00+00:00,2019-12-17 00:00:00+00:00,0.5580000281333923,0.597000002861023,25138.382237983624,2020-01-06 00:00:00+00:00,0.5486000180244446,max_hold,153.98717179107652,82.31387536856221,0.1570662559547371,20
BNBUSDT,-1,2019-12-16 00:00:00+00:00,2019-12-17 00:00:00+00:00,13.472100257873535,14.435600280761719,1017.5363245306918,2020-01-06 00:00:00+00:00,14.048800468444824,max_hold,-670.2576912518774,83.44427863109196,-0.6836599754727047,20
ETHUSDT,-1,2019-12-16 00:00:00+00:00,2019-12-17 00:00:00+00:00,132.72000122070312,142.72000122070312,98.03962719748797,2020-01-06 00:00:00+00:00,135.3699951171875,max_hold,-337.74042644057727,77.93601275363062,-0.34449378898620603,20
ADAUSDT,-1,2019-12-16 00:00:00+00:00,2019-12-17 00:00:00+00:00,0.03412000089883804,0.03655000030994415,403455.3537313879,2020-01-06 00:00:00+00:00,0.034609999507665634,max_hold,-280.2282311195952,82.53566906717154,-0.28583159598833663,20
XLMUSDT,1,2020-01-06 00:00:00+00:00,2020-01-07 00:00:00+00:00,0.05050000175833702,0.047291114809922874,290797.38961680856,2020-01-08 00:00:00+00:00,0.047291114809922874,stop,-990.0107510258066,56.87480285152603,-1.0609501787631308,1
ADAUSDT,1,2020-01-06 00:00:00+00:00,2020-01-07 00:00:00+00:00,0.03731999918818474,0.03472754097310826,359942.5220231576,2020-01-10 00:00:00+00:00,0.03472754097310826,stop,-985.0018947967217,51.865946622441086,-1.055582411891771,3
DASHUSDT,1,2020-01-05 00:00:00+00:00,2020-01-06 00:00:00+00:00,51.15999984741211,46.352386474609375,192.940779070255,2020-01-11 00:00:00+00:00,60.77522659301758,target,1811.9755996446277,43.19373958964382,1.9534341812618872,5
LTCUSDT,1,2020-01-06 00:00:00+00:00,2020-01-07 00:00:00+00:00,45.79999923706055,43.15999984741211,353.46066814755744,2020-01-11 00:00:00+00:00,51.07999801635742,target,1797.7853592299077,68.48653711865329,1.9266060457185792,4
ETCUSDT,1,2020-01-09 00:00:00+00:00,2020-01-10 00:00:00+00:00,5.186600208282471,4.872399806976318,2887.6465124798915,2020-01-11 00:00:00+00:00,5.815001010894775,target,1751.061915318483,63.5374707845034,1.9299708009700636,1
ETHUSDT,1,2020-01-06 00:00:00+00:00,2020-01-07 00:00:00+00:00,144.13999938964844,134.86000061035156,100.55345591812483,2020-01-14 00:00:00+00:00,162.6999969482422,target,1804.5642522572018,61.707644091359334,1.9338706817456848,7
LINKUSDT,1,2020-01-07 00:00:00+00:00,2020-01-08 00:00:00+00:00,2.100600004196167,1.9176315069198608,5075.635520192328,2020-01-14 00:00:00+00:00,2.4665369987487793,target,1811.0005621082012,46.3622455954642,1.9500773404063327,6
ZECUSDT,1,2020-01-10 00:00:00+00:00,2020-01-11 00:00:00+00:00,33.720001220703125,30.565023183822632,300.1620648378136,2020-01-14 00:00:00+00:00,40.02995729446411,target,1849.7355644767695,44.27387965923138,1.9532485122539311,3
DASHUSDT,1,2020-01-11 00:00:00+00:00,2020-01-12 00:00:00+00:00,63.43000030517578,56.72147750854492,144.88098878360125,2020-01-14 00:00:00+00:00,76.8470458984375,target,1903.227877791173,40.64695431524483,1.9581794530759997,2
EOSUSDT,1,2020-01-12 00:00:00+00:00,2020-01-13 00:00:00+00:00,3.2086000442504883,2.958871841430664,3897.7325599824003,2020-01-14 00:00:00+00:00,3.7080564498901367,target,1892.8289401065838,53.91855444685126,1.94460652488553,1
NEOUSDT,1,2020-01-12 00:00:00+00:00,2020-01-13 00:00:00+00:00,10.265999794006348,9.616000175476074,1497.4989515803586,2020-01-14 00:00:00+00:00,11.565999031066895,target,1881.3607038505334,65.3867907029016,1.9328245795760988,1
LINKUSDT,1,2020-01-14 00:00:00+00:00,2020-01-15 00:00:00+00:00,2.3750998973846436,2.1791999340057373,5460.390300918669,2020-01-17 00:00:00+00:00,2.766899824142456,target,2083.225869155498,56.154650813506144,1.9475038215134166,2
EOSUSDT,1,2020-01-14 00:00:00+00:00,2020-01-15 00:00:00+00:00,3.809999942779541,3.4738917350769043,3182.577025702638,2020-01-19 00:00:00+00:00,3.4738917350769043,stop,-1116.0533526078073,46.36309262330512,-1.0433425397591045,4
MATICUSDT,1,2020-01-17 00:00:00+00:00,2020-01-18 00:00:00+00:00,0.018699999898672104,0.016399121552240103,482841.7336883615,2020-01-19 00:00:00+00:00,0.016399121552240103,stop,-1144.854731101831,33.89464130459362,-1.0305093239765073,1
FETUSDT,-1,2019-12-30 00:00:00+00:00,2019-12-31 00:00:00+00:00,0.040449999272823334,0.0434500016272068,321551.3531474176,2020-01-20 00:00:00+00:00,0.037709999829530716,max_hold,805.8753598193717,75.17516879454045,0.8354028260030025,20
IOSTUSDT,1,2020-01-14 00:00:00+00:00,2020-01-15 00:00:00+00:00,0.005756999831646681,0.005190023221075535,1886656.768622158,2020-01-23 00:00:00+00:00,0.005190023221075535,stop,-1110.9968102618643,41.30655027736234,-1.0386154308612296,8
ADAUSDT,1,2020-01-21 00:00:00+00:00,2020-01-22 00:00:00+00:00,0.04603999853134155,0.0434500016272068,413318.73393654334,2020-01-23 00:00:00+00:00,0.0434500016272068,stop,-1144.4700284475664,73.97578713102453,-1.0691043298281044,1
ONTUSDT,1,2020-01-14 00:00:00+00:00,2020-01-15 00:00:00+00:00,0.6757000088691711,0.6168231964111328,18168.27737994263,2020-01-24 00:00:00+00:00,0.6168231964111328,stop,-1116.6561002115923,46.96584022709018,-1.0439060183905673,9
XRPUSDT,1,2020-01-14 00:00:00+00:00,2020-01-15 00:00:00+00:00,0.23454999923706055,0.21712592244148254,61391.502834513165,2020-01-24 00:00:00+00:00,0.21712592244148254,stop,-1125.1483872365213,55.45812725201925,-1.0518450333957634,9
ADAUSDT,1,2020-01-27 00:00:00+00:00,2020-01-28 00:00:00+00:00,0.04800000041723251,0.04399999976158142,259378.64003686732,2020-01-29 00:00:00+00:00,0.0560000017285347,target,2021.0787021779154,53.950758240800766,1.9480000074505794,1
ETCUSDT,1,2020-01-29 00:00:00+00:00,2020-01-30 00:00:00+00:00,12.22819995880127,11.331600189208984,1183.6800477621805,2020-01-31 00:00:00+00:00,11.331600189208984,stop,-1117.0617888234844,55.77453072892841,-1.0525536609466757,1
ETHUSDT,1,2020-01-14 00:00:00+00:00,2020-01-15 00:00:00+00:00,165.60000610351562,153.3968505859375,87.65685715007555,2020-02-02 00:00:00+00:00,190.00631713867188,target,2077.037854612796,62.342665356208045,1.9417189557684562,18
IOTAUSDT,1,2020-01-28 00:00:00+00:00,2020-01-29 00:00:00+00:00,0.28619998693466187,0.2600157558917999,40193.10783906748,2020-02-03 00:00:00+00:00,0.33856844902038574,target,2054.628473736043,50.222770241573514,1.9522790312281968,5
BATUSDT,1,2020-01-14 00:00:00+00:00,2020-01-15 00:00:00+00:00,0.21400000154972076,0.19678527116775513,62138.07804420351,2020-02-04 00:00:00+00:00,0.23489999771118164,max_hold,1242.8980262281761,55.787566376233706,1.1619232900617265,20
LINKUSDT,1,2020-01-30 00:00:00+00:00,2020-01-31 00:00:00+00:00,2.9119999408721924,2.7167000770568848,5533.349530297093,2020-02-04 00:00:00+00:00,2.7167000770568848,stop,-1142.953538910301,62.291129200782194,-1.0576416174386283,4
ETHUSDT,1,2020-02-02 00:00:00+00:00,2020-02-03 00:00:00+00:00,188.47999572753906,179.10000610351562,113.32362603193685,2020-02-05 00:00:00+00:00,207.23997497558594,target,2036.2600287259,89.68884394665989,1.915624646387746,2
TRXUSDT,1,2020-01-28 00:00:00+00:00,2020-01-29 00:00:00+00:00,0.018610000610351562,0.01711999997496605,706325.6195971422,2020-02-06 00:00:00+00:00,0.02159000188112259,target,2048.062660642422,56.78858333519429,1.9460402881223295,8
BATUSDT,1,2020-02-04 00:00:00+00:00,2020-02-05 00:00:00+00:00,0.24289999902248383,0.23070000112056732,87808.45474752129,2020-02-06 00:00:00+00:00,0.26729999482631683,target,2052.926181236464,89.59974614411611,1.9163606423622985,1
IOTAUSDT,1,2020-02-03 00:00:00+00:00,2020-02-04 00:00:00+00:00,0.3361000120639801,0.30649998784065247,36635.092043762714,2020-02-08 00:00:00+00:00,0.30649998784065247,stop,-1131.4830322068701,47.08342028765625,-1.0434188833803861,4
MATICUSDT,1,2020-02-03 00:00:00+00:00,2020-02-04 00:00:00+00:00,0.02198999933898449,0.01984654739499092,505912.7240794663,2020-02-08 00:00:00+00:00,0.01984654739499092,stop,-1126.7308945677407,42.331282648526795,-1.039036608076249,4
NEOUSDT,1,2020-02-05 00:00:00+00:00,2020-02-06 00:00:00+00:00,12.756999969482422,12.079000473022461,1650.2221728163183,2020-02-09 00:00:00+00:00,14.112998962402344,target,2149.016668391159,88.68293604189407,1.920737407410533,3
BATUSDT,1,2020-02-09 00:00:00+00:00,2020-02-10 00:00:00+00:00,0.2727999985218048,0.2526000142097473,58359.962574596146,2020-02-10 00:00:00+00:00,0.2526000142097473,stop,-1240.1949786185162,61.32465015941144,-1.0520198436409613,0
NEOUSDT,1,2020-02-09 00:00:00+00:00,2020-02-10 00:00:00+00:00,14.208000183105469,13.034784078598022,1004.8194223808684,2020-02-11 00:00:00+00:00,13.034784078598022,stop,-1233.6184859508878,54.74815749178303,-1.0464412040663913,1
BTCUSDT,1,2020-01-28 00:00:00+00:00,2020-01-29 00:00:00+00:00,9375.33984375,8862.400390625,2.051754092178086,2020-02-12 00:00:00+00:00,10401.21875,target,2023.697973929764,81.15327004785252,1.9228893060447407,14
LTCUSDT,1,2020-02-06 00:00:00+00:00,2020-02-07 00:00:00+00:00,73.58999633789062,70.91000366210938,314.69572114228794,2020-02-12 00:00:00+00:00,78.94998168945312,target,1590.7570987453732,96.0073567766874,1.8861638843972761,5
EOSUSDT,1,2020-02-08 00:00:00+00:00,2020-02-09 00:00:00+00:00,4.763500213623047,4.429999828338623,3377.4597907735906,2020-02-12 00:00:00+00:00,5.4305009841918945,target,2183.9086247058485,68.85965830543557,1.9388666301592363,3
ETHUSDT,1,2020-02-11 00:00:00+00:00,2020-02-12 00:00:00+00:00,236.69000244140625,219.83887338638306,69.354732034367,2020-02-12 00:00:00+00:00,270.39226055145264,target,2267.0739712368386,70.33710893850028,1.939816226991425,0
FETUSDT,1,2020-02-06 00:00:00+00:00,2020-02-07 00:00:00+00:00,0.04696999862790108,0.042787445709109306,276845.9528911434,2020-02-13 00:00:00+00:00,0.05533510446548462,target,2259.200189138052,56.645507503030046,1.9510800675665145,6
QTUMUSDT,1,2020-02-12 00:00:00+00:00,2020-02-13 00:00:00+00:00,2.806999921798706,2.7049999237060547,8645.474021169,2020-02-14 00:00:00+00:00,3.010999917984009,target,1663.0779343985964,100.59873294001375,1.8859215696357572,1
ZECUSDT,1,2020-02-05 00:00:00+00:00,2020-02-06 00:00:00+00:00,71.19000244140625,63.58000183105469,147.023615306233,2020-02-15 00:00:00+00:00,63.58000183105469,stop,-1158.4785487424738,39.62874652594735,-1.0354191835646211,9
LTCUSDT,1,2020-02-12 00:00:00+00:00,2020-02-13 00:00:00+00:00,81.19999694824219,76.44000244140625,254.91463137701655,2020-02-15 00:00:00+00:00,76.44000244140625,stop,-1293.7617297360773,80.36948466937069,-1.0662353702985405,2
VETUSDT,1,2020-02-13 00:00:00+00:00,2020-02-14 00:00:00+00:00,0.008062999695539474,0.007445000112056732,1997043.1899021755,2020-02-15 00:00:00+00:00,0.007445000112056732,stop,-1296.11215036612,61.940290809528506,-1.0501877354680427,1
QTUMUSDT,1,2020-02-14 00:00:00+00:00,2020-02-15 00:00:00+00:00,3.0320000648498535,2.7909998893737793,5324.624964398006,2020-02-15 00:00:00+00:00,2.7909998893737793,stop,-1345.2461326121004,62.01058184789521,-1.0483236158871738,0
NEOUSDT,1,2020-02-12 00:00:00+00:00,2020-02-13 00:00:00+00:00,14.812999725341797,13.810999870300293,1210.9704796478704,2020-02-16 00:00:00+00:00,13.810999870300293,stop,-1282.7178821062569,69.3256370395503,-1.0571337399933185,3
XRPUSDT,1,2020-02-12 00:00:00+00:00,2020-02-13 00:00:00+00:00,0.3042699992656708,0.2810220755636692,52193.57481641414,2020-02-16 00:00:00+00:00,0.2810220755636692,stop,-1274.4892164608254,61.096971394118846,-1.0503522019713913,3
LINKUSDT,1,2020-02-14 00:00:00+00:00,2020-02-15 00:00:00+00:00,4.426199913024902,3.9997761100530624,3009.2962489923366,2020-02-17 00:00:00+00:00,3.9997761100530624,stop,-1333.948066844901,50.71251608069577,-1.0395192574352348,2
DASHUSDT,-1,2020-02-25 00:00:00+00:00,2020-02-26 00:00:00+00:00,95.5199966430664,103.55999755859375,142.24847010086026,2020-02-26 00:00:00+00:00,79.43999481201172,target,2237.580077459872,49.7755822266889,1.9564776190218622,0
IOTAUSDT,-1,2020-02-25 00:00:00+00:00,2020-02-26 00:00:00+00:00,0.24740000069141388,0.2630000114440918,73312.63086770342,2020-02-26 00:00:00+00:00,0.21619997918605804,target,2219.3801912964973,67.97546839006367,1.940564146111516,0
VETUSDT,-1,2020-02-25 00:00:00+00:00,2020-02-26 00:00:00+00:00,0.00621100002899766,0.00672700023278594,2216429.0274438374,2020-02-27 00:00:00+00:00,0.005178999621421099,target,2235.6344033278724,51.72125635868862,1.9547763758209984,1
ENJUSDT,-1,2020-02-26 00:00:00+00:00,2020-02-27 00:00:00+00:00,0.09650000184774399,0.11037000268697739,90658.62224421906,2020-03-02 00:00:00+00:00,0.11037000268697739,stop,-1298.5564679760864,41.12130136502438,-1.0327025221314998,4
XMRUSDT,-1,2020-02-29 00:00:00+00:00,2020-03-01 00:00:00+00:00,65.9000015258789,69.16999816894531,390.96899611414136,2020-03-02 00:00:00+00:00,69.16999816894531,stop,-1386.6065920921296,108.13928725584447,-1.0845851019003512,1
MATICUSDT,1,2020-03-04 00:00:00+00:00,2020-03-05 00:00:00+00:00,0.025110000744462013,0.02339000068604946,705536.1931675996,2020-03-07 00:00:00+00:00,0.028550000861287117,target,2351.3264404043066,75.71814651657505,1.9376046514146357,2
XLMUSDT,-1,2020-02-25 00:00:00+00:00,2020-02-26 00:00:00+00:00,0.06403999775648117,0.06930000334978104,217429.01401095165,2020-03-08 00:00:00+00:00,0.05351998656988144,target,2222.1863205055975,65.1693391809634,1.9430177472357808,11
XRPUSDT,-1,2020-02-25 00:00:00+00:00,2020-02-26 00:00:00+00:00,0.2521800100803375,0.2709999978542328,60769.31842801978,2020-03-08 00:00:00+00:00,0.214540034532547,target,2214.900213559945,72.45544612661594,1.9366469785144433,11
ONTUSDT,-1,2020-02-25 00:00:00+00:00,2020-02-26 00:00:00+00:00,0.7781000137329102,0.8619999885559082,13631.444255568285,2020-03-08 00:00:00+00:00,0.6103000640869141,target,2238.920546256345,48.43511343021621,1.9576496875550582,11
BATUSDT,-1,2020-02-25 00:00:00+00:00,2020-02-26 00:00:00+00:00,0.2337999939918518,0.2574000060558319,48460.900220845106,2020-03-09 00:00:00+00:00,0.1865999698638916,target,2233.747246062849,53.60841362371197,1.9531262981367246,12
IOSTUSDT,-1,2020-02-25 00:00:00+00:00,2020-02-26 00:00:00+00:00,0.005594999995082617,0.006178000010550022,1961711.4914248607,2020-03-09 00:00:00+00:00,0.004428999964147806,target,2235.7039924743667,51.651667212194255,1.9548372226300197,12
WAVESUSDT,-1,2020-03-08 00:00:00+00:00,2020-03-09 00:00:00+00:00,1.0985000133514404,1.2805999517440796,7441.04912874857,2020-03-10 00:00:00+00:00,1.2805999517440796,stop,-1391.2335219627023,36.21893404098631,-1.0267295528504516,1
ATOMUSDT,-1,2020-02-26 00:00:00+00:00,2020-02-27 00:00:00+00:00,3.6410000324249268,4.078999996185303,2870.856782305553,2020-03-11 00:00:00+00:00,2.765000104904175,target,2465.0259427125966,49.84439050952746,1.9603602699900116,13
BTCUSDT,-1,2020-02-26 00:00:00+00:00,2020-02-27 00:00:00+00:00,8786.0,9377.4404296875,2.126055479966857,2020-03-11 00:00:00+00:00,7603.119140625,target,2421.385306662656,93.48502655946763,1.9256541974951908,13
LTCUSDT,-1,2020-02-26 00:00:00+00:00,2020-02-27 00:00:00+00:00,60.529998779296875,71.0462646484375,119.57049985783765,2020-03-12 00:00:00+00:00,39.497467041015625,target,2481.3106088242,33.559724397924256,1.973310970387148,14
ENJUSDT,-1,2020-03-08 00:00:00+00:00,2020-03-09 00:00:00+00:00,0.08657000213861465,0.10510999709367752,73086.02786602653,2020-03-12 00:00:00+00:00,0.04949001222848892,target,2688.252314723035,21.776861120396735,1.983928688801943,3
DASHUSDT,-1,2020-03-08 00:00:00+00:00,2020-03-09 00:00:00+00:00,73.73999786376953,87.188232421875,100.7578044588036,2020-03-12 00:00:00+00:00,46.843528747558594,target,2683.5081042439297,26.52107159950225,1.980427464149903,3
BTTUSDT,-1,2020-03-08 00:00:00+00:00,2020-03-09 00:00:00+00:00,0.00031880001188255847,0.0003701999958138913,26362159.75732465,2020-03-12 00:00:00+00:00,0.0002160000440198928,target,2679.3093481015076,30.719827741924178,1.9773287844900316,3
FETUSDT,-1,2020-03-08 00:00:00+00:00,2020-03-09 00:00:00+00:00,0.030150000005960464,0.03531000018119812,262599.717423325,2020-03-12 00:00:00+00:00,0.019829999655485153,target,2681.5287035180572,28.500472325374542,1.978966667533013,3
BTCUSDT,-1,2020-03-12 00:00:00+00:00,2020-03-13 00:00:00+00:00,4800.009765625,5762.64697265625,1.5434795692205927,2020-03-13 00:00:00+00:00,5762.64697265625,stop,-1518.4173513687629,32.60648974445467,-1.0219452492821386,0
XLMUSDT,-1,2020-03-12 00:00:00+00:00,2020-03-13 00:00:00+00:00,0.03192000091075897,0.04075828939676285,168110.69971038017,2020-03-13 00:00:00+00:00,0.04075828939676285,stop,-1510.2468580990114,24.435996474703266,-1.0164462362645468,0
LTCUSDT,-1,2020-03-12 00:00:00+00:00,2020-03-13 00:00:00+00:00,29.829999923706055,39.710182189941406,150.38294047488733,2020-03-13 00:00:00+00:00,39.710182189941406,stop,-1506.7261757591273,20.915314134818942,-1.0140767002550743,0
IOTAUSDT,-1,2020-03-12 00:00:00+00:00,2020-03-13 00:00:00+00:00,0.10859999805688858,0.14683246612548828,38862.5410987946,2020-03-19 00:00:00+00:00,0.14683246612548828,stop,-1508.5098860873738,22.69902446306558,-1.0152771964785954,6
EOSUSDT,-1,2020-03-12 00:00:00+00:00,2020-03-13 00:00:00+00:00,1.7659000158309937,2.357767105102539,2510.3792533100727,2020-03-19 00:00:00+00:00,2.357767105102539,stop,-1509.520651158572,23.709789534263745,-1.0159574749025215,6
ONTUSDT,-1,2020-03-12 00:00:00+00:00,2020-03-13 00:00:00+00:00,0.30410000681877136,0.42332102358341217,12462.658866242598,2020-03-20 00:00:00+00:00,0.42332102358341217,stop,-1506.891973265809,21.081111641500783,-1.0141882874772195,7
BTTUSDT,-1,2020-03-12 00:00:00+00:00,2020-03-13 00:00:00+00:00,0.0001779000012902543,0.00024093837419059128,23569943.08805146,2020-03-20 00:00:00+00:00,0.00024093837419059128,stop,-1508.9543478863839,23.143486262075506,-1.0155763340138562,7
VETUSDT,-1,2020-03-12 00:00:00+00:00,2020-03-13 00:00:00+00:00,0.00228599994443357,0.0032770116813480854,1499286.84623891,2020-03-27 00:00:00+00:00,0.0032770116813480854,stop,-1508.2606179821455,22.44975635783726,-1.0151094307745838,14
MATICUSDT,-1,2020-03-12 00:00:00+00:00,2020-03-13 00:00:00+00:00,0.009349999949336052,0.014363515190780163,296361.0939769139,2020-04-02 00:00:00+00:00,0.011230000294744968,max_hold,-575.5908410586542,18.4318820162918,-0.38739173062001353,20
QTUMUSDT,-1,2020-03-12 00:00:00+00:00,2020-03-13 00:00:00+00:00,1.0399999618530273,1.393503189086914,4203.104093986836,2020-04-02 00:00:00+00:00,1.2230000495910645,max_hold,-798.2765951928599,29.108177221165832,-0.5372666305051595,20
BNBUSDT,1,2020-04-04 00:00:00+00:00,2020-04-05 00:00:00+00:00,13.7608003616333,13.092169761657715,1963.9801074555112,2020-04-06 00:00:00+00:00,15.098061561584473,target,2512.9979336941783,113.35646148201002,1.913677711058179,1
XMRUSDT,1,2020-04-06 00:00:00+00:00,2020-04-07 00:00:00+00:00,58.88999938964844,53.13999938964844,239.37858921437603,2020-04-10 00:00:00+00:00,53.13999938964844,stop,-1430.062054097615,53.63516611495271,-1.0389669560971466,3
BTCUSDT,1,2020-04-06 00:00:00+00:00,2020-04-07 00:00:00+00:00,7329.89990234375,6765.0,2.436585459250241,2020-04-10 00:00:00+00:00,6765.0,stop,-1445.113744285939,68.68685630327684,-1.0499022918710534,3
NEOUSDT,1,2020-04-06 00:00:00+00:00,2020-04-07 00:00:00+00:00,7.817999839782715,7.006999969482422,1697.197420602553,2020-04-13 00:00:00+00:00,7.006999969482422,stop,-1426.7487908560986,50.32190287343626,-1.0365598080891822,6
LTCUSDT,1,2020-04-06 00:00:00+00:00,2020-04-07 00:00:00+00:00,45.029998779296875,40.279998779296875,289.77408168056047,2020-04-13 00:00:00+00:00,40.279998779296875,stop,-1425.868140384087,49.44125240142472,-1.0359199989720393,6
ALGOUSDT,1,2020-04-06 00:00:00+00:00,2020-04-07 00:00:00+00:00,0.18790000677108765,0.16920000314712524,73605.7016705009,2020-04-13 00:00:00+00:00,0.16920000314712524,stop,-1428.9960815758081,52.56919359314578,-1.038192507028247,6
ADAUSDT,1,2020-04-06 00:00:00+00:00,2020-04-07 00:00:00+00:00,0.035909999161958694,0.03189999982714653,343248.6574332902,2020-04-13 00:00:00+00:00,0.03189999982714653,stop,-1422.9782702097884,46.55138222712627,-1.0338204539838316,6
BNBUSDT,1,2020-04-14 00:00:00+00:00,2020-04-15 00:00:00+00:00,15.614800453186035,14.783499717712402,1513.7320286406577,2020-04-15 00:00:00+00:00,14.783499717712402,stop,-1350.3963098888166,92.02976116984348,-1.0731343035648322,0
ETHUSDT,1,2020-04-06 00:00:00+00:00,2020-04-07 00:00:00+00:00,171.32000732421875,148.8547821044922,61.26922274404937,2020-04-16 00:00:00+00:00,148.8547821044922,stop,-1415.6606089637357,39.23372098107359,-1.0285040355747306,9
MATICUSDT,1,2020-04-06 00:00:00+00:00,2020-04-07 00:00:00+00:00,0.013489999808371067,0.01140000019222498,658577.5793206902,2020-04-16 00:00:00+00:00,0.01140000019222498,stop,-1409.2108798820313,32.78399189936904,-1.0238181861932518,9
XRPUSDT,1,2020-04-06 00:00:00+00:00,2020-04-07 00:00:00+00:00,0.1979999989271164,0.17916999757289886,73097.54588383879,2020-04-16 00:00:00+00:00,0.17916999757289886,stop,-1431.5672902329966,55.14040225033436,-1.0400605384359716,9
ZECUSDT,1,2020-04-06 00:00:00+00:00,2020-04-07 00:00:00+00:00,37.540000915527344,32.4900016784668,272.5598209760996,2020-04-20 00:00:00+00:00,47.63999938964844,target,2706.420484697479,46.43329126784565,1.9662653413172568,13
ETHUSDT,1,2020-04-18 00:00:00+00:00,2020-04-19 00:00:00+00:00,187.39999389648438,170.47999572753906,73.69189476908389,2020-04-20 00:00:00+00:00,170.47999572753906,stop,-1299.6124336296787,52.74570907066874,-1.0423026038242569,1
LINKUSDT,1,2020-04-18 00:00:00+00:00,2020-04-19 00:00:00+00:00,3.781399965286255,3.447000026702881,3728.6691195014555,2020-04-20 00:00:00+00:00,3.447000026702881,stop,-1300.771348226079,53.90462366706892,-1.0432320653084506,1
BNBUSDT,1,2020-04-18 00:00:00+00:00,2020-04-19 00:00:00+00:00,16.619800567626953,15.624199867248535,1252.3763031555604,2020-04-20 00:00:00+00:00,15.624199867248535,stop,-1327.6299686861612,80.7632441271513,-1.0647729565128266,1
XLMUSDT,1,2020-04-22 00:00:00+00:00,2020-04-23 00:00:00+00:00,0.05496000126004219,0.050680000334978104,285594.54893158603,2020-04-23 00:00:00+00:00,0.06352000311017036,target,2377.0153804298516,67.67448681104639,1.9446355239428186,0
DASHUSDT,1,2020-04-25 00:00:00+00:00,2020-04-26 00:00:00+00:00,85.75,80.44999694824219,237.87488450263157,2020-04-27 00:00:00+00:00,80.44999694824219,stop,-1339.8072239572862,79.06961015680167,-1.0627169438678417,1
ADAUSDT,1,2020-04-23 00:00:00+00:00,2020-04-24 00:00:00+00:00,0.040860000997781754,0.0369211845099926,316367.8966227209,2020-04-29 00:00:00+00:00,0.04873763397336006,target,2435.538544213114,56.69163063638095,1.9545053011487556,5
BTCUSDT,1,2020-04-23 00:00:00+00:00,2020-04-24 00:00:00+00:00,7483.9599609375,7020.0,2.6858246235446415,2020-04-29 00:00:00+00:00,8411.8798828125,target,2406.8432987209635,85.38687612853151,1.931477536071733,5
NEOUSDT,1,2020-04-25 00:00:00+00:00,2020-04-26 00:00:00+00:00,8.430999755859375,7.914000034332275,2438.5653633943016,2020-04-30 00:00:00+00:00,9.464999198913574,target,2434.194101212069,87.28112638889988,1.9307697926725678,4
IOTAUSDT,1,2020-04-29 00:00:00+00:00,2020-04-30 00:00:00+00:00,0.1860000044107437,0.17339999973773956,106854.81320477884,2020-04-30 00:00:00+00:00,0.17339999973773956,stop,-1423.178386331365,76.80724061816584,-1.0570475985486747,0
VETUSDT,1,2020-04-29 00:00:00+00:00,2020-04-30 00:00:00+00:00,0.004767999984323978,0.004275318919098936,2732743.8392588026,2020-04-30 00:00:00+00:00,0.004275318919098936,stop,-1395.7972937527622,49.42614803956328,-1.0367106411905325,0
MATICUSDT,1,2020-04-23 00:00:00+00:00,2020-04-24 00:00:00+00:00,0.014310000464320183,0.012450000271201134,669954.2785181798,2020-05-03 00:00:00+00:00,0.01803000085055828,target,2448.8975303531224,43.33264449637277,1.9652258086482806,9
ETCUSDT,1,2020-05-02 00:00:00+00:00,2020-05-03 00:00:00+00:00,7.4741997718811035,6.775508597493172,1900.8756443685131,2020-05-04 00:00:00+00:00,6.775508597493172,stop,-1382.2988834866485,54.17384715739544,-1.0407897190968736,1
IOSTUSDT,1,2020-04-29 00:00:00+00:00,2020-04-30 00:00:00+00:00,0.003926000092178583,0.0035153119824826717,3278329.987956315,2020-05-06 00:00:00+00:00,0.0035153119824826717,stop,-1395.1612987614058,48.790153048206825,-1.0362382640206997,6
BATUSDT,1,2020-04-25 00:00:00+00:00,2020-04-26 00:00:00+00:00,0.18230000138282776,0.17339999973773956,138314.6027687571,2020-05-08 00:00:00+00:00,0.20010000467300415,target,2356.2173744905513,105.7830098727654,1.9140674302533698,12
NEOUSDT,1,2020-05-07 00:00:00+00:00,2020-05-08 00:00:00+00:00,9.890999794006348,9.026954770088196,1486.3193059442876,2020-05-08 00:00:00+00:00,11.619089841842651,target,2504.551877512577,63.941722996709004,1.9502107204129062,0
ATOMUSDT,1,2020-04-24 00:00:00+00:00,2020-04-25 00:00:00+00:00,2.747999906539917,2.43826249986887,4038.2788914553107,2020-05-10 00:00:00+00:00,2.43826249986887,stop,-1292.693179256497,41.88714800269766,-1.0334881244222258,15
XLMUSDT,1,2020-04-27 00:00:00+00:00,2020-04-28 00:00:00+00:00,0.06718000024557114,0.061230000108480453,212247.02610739646,2020-05-10 00:00:00+00:00,0.061230000108480453,stop,-1317.3791158312931,54.50928139519435,-1.0431630243345975,12
BTTUSDT,1,2020-05-02 00:00:00+00:00,2020-05-03 00:00:00+00:00,0.0002936999953817576,0.00027019999106414616,56515948.60916366,2020-05-10 00:00:00+00:00,0.00027019999106414616,stop,-1391.8637216386228,63.73868530936956,-1.0479914793907765,7
BTCUSDT,1,2020-05-07 00:00:00+00:00,2020-05-08 00:00:00+00:00,9986.2998046875,9253.9560546875,1.7536120165627724,2020-05-10 00:00:00+00:00,9253.9560546875,stop,-1351.7266880081274,67.47988775348459,-1.052544330061873,2
IOTAUSDT,1,2020-05-08 00:00:00+00:00,2020-05-09 00:00:00+00:00,0.2020999938249588,0.18252162635326385,67942.14016877409,2020-05-10 00:00:00+00:00,0.18252162635326385,stop,-1382.4602190978446,52.26403206017959,-1.03929046900711,1
BATUSDT,1,2020-05-08 00:00:00+00:00,2020-05-09 00:00:00+00:00,0.227400004863739,0.2053547501564026,60339.34307844445,2020-05-10 00:00:00+00:00,0.2053547501564026,stop,-1382.4204623016421,52.22427526397701,-1.039260581087877,1
LINKUSDT,1,2020-05-09 00:00:00+00:00,2020-05-10 00:00:00+00:00,4.014900207519531,3.7600998878479004,5134.200024993281,2020-05-10 00:00:00+00:00,3.7600998878479004,stop,-1388.0326189942996,79.83681136791645,-1.0610281816395468,0
ADAUSDT,1,2020-05-19 00:00:00+00:00,2020-05-20 00:00:00+00:00,0.05674999952316284,0.052549999207258224,292736.3991104883,2020-05-21 00:00:00+00:00,0.052549999207258224,stop,-1293.4851448430798,63.99217610224881,-1.0520476145282762,1
ICXUSDT,1,2020-05-20 00:00:00+00:00,2020-05-21 00:00:00+00:00,0.3411000072956085,0.30485168751329184,33772.2238410102,2020-05-21 00:00:00+00:00,0.30485168751329184,stop,-1267.8168200040493,43.63045045513218,-1.0356403661570002,0
QTUMUSDT,1,2020-05-22 00:00:00+00:00,2020-05-23 00:00:00+00:00,1.7630000114440918,1.5930581539869308,7081.6129612024915,2020-05-24 00:00:00+00:00,1.5930581539869308,stop,-1250.995070425189,47.53261000573157,-1.0394965456497618,1
ENJUSDT,1,2020-05-12 00:00:00+00:00,2020-05-13 00:00:00+00:00,0.1629199981689453,0.1445000022649765,66525.46879588686,2020-05-26 00:00:00+00:00,0.19975998997688293,target,2402.542812991106,48.254912468575824,1.9606210565912576,13
MATICUSDT,1,2020-05-13 00:00:00+00:00,2020-05-14 00:00:00+00:00,0.020309999585151672,0.017667140637058765,462858.83142473083,2020-05-26 00:00:00+00:00,0.025595717481337488,target,2404.045475555134,42.49573311421899,1.9652605621653665,12
BANDUSDT,1,2020-05-27 00:00:00+00:00,2020-05-28 00:00:00+00:00,1.592900037765503,1.321481466293335,4534.142311870894,2020-05-28 00:00:00+00:00,1.321481466293335,stop,-1257.0788701204856,26.42844098097423,-1.0214751812173448,0
DASHUSDT,-1,2020-05-10 00:00:00+00:00,2020-05-11 00:00:00+00:00,72.16000366210938,79.62999725341797,164.33070641504412,2020-05-30 00:00:00+00:00,79.62999725341797,stop,-1300.5535688320995,73.00424505650584,-1.059471537023022,19
VETUSDT,1,2020-05-25 00:00:00+00:00,2020-05-26 00:00:00+00:00,0.005067000165581703,0.004523146490100771,2239282.412070506,2020-05-30 00:00:00+00:00,0.006154707516543567,target,2385.4267951967436,50.257145291959205,1.9587326217030643,4
ADAUSDT,1,2020-05-28 00:00:00+00:00,2020-05-29 00:00:00+00:00,0.06494999676942825,0.05871051922440529,197007.03281310314,2020-05-30 00:00:00+00:00,0.07742895185947418,target,2402.34260648906,56.09930840885862,1.954361900463133,1
MATICUSDT,1,2020-05-26 00:00:00+00:00,2020-05-27 00:00:00+00:00,0.02582000009715557,0.022419380606152117,365526.17506309174,2020-05-31 00:00:00+00:00,0.022419380606152117,stop,-1278.2809480232752,35.265512631784745,-1.0283709370195213,4
ALGOUSDT,1,2020-05-28 00:00:00+00:00,2020-05-29 00:00:00+00:00,0.2272000014781952,0.21310000121593475,87178.78968690864,2020-05-31 00:00:00+00:00,0.25540000200271606,target,2374.2969464851913,84.14496841272748,1.9315461000702785,2
BNBUSDT,1,2020-05-30 00:00:00+00:00,2020-05-31 00:00:00+00:00,17.727699279785156,16.929100036621094,1446.1643971350813,2020-05-31 00:00:00+00:00,16.929100036621094,stop,-1255.144651622973,100.2388585800843,-1.0867939698492461,0
IOSTUSDT,1,2020-05-22 00:00:00+00:00,2020-05-23 00:00:00+00:00,0.004170000087469816,0.003714673934155144,2643077.8281864994,2020-06-01 00:00:00+00:00,0.005080652394099161,target,2358.024531898328,48.900388940586765,1.959366917914878,9
ZILUSDT,1,2020-05-25 00:00:00+00:00,2020-05-26 00:00:00+00:00,0.012480000033974648,0.010578682296909392,640525.2244288896,2020-06-01 00:00:00+00:00,0.01628263550810516,target,2398.837553317189,36.84638717151405,1.9697445250929224,6
VETUSDT,1,2020-05-30 00:00:00+00:00,2020-05-31 00:00:00+00:00,0.006225999910384417,0.005621839314699173,2121717.944254925,2020-06-02 00:00:00+00:00,0.007434321101754904,target,2505.750057722775,57.96669643147719,1.9547791725918648,2
IOSTUSDT,1,2020-06-01 00:00:00+00:00,2020-06-02 00:00:00+00:00,0.00509499991312623,0.004685999825596809,3233752.0549923507,2020-06-02 00:00:00+00:00,0.004685999825596809,stop,-1385.8635295502665,63.258656009950556,-1.047828839342336,0
ETHUSDT,1,2020-06-01 00:00:00+00:00,2020-06-02 00:00:00+00:00,248.22999572753906,230.66000366210938,75.27635007545865,2020-06-02 00:00:00+00:00,230.66000366210938,stop,-1394.7030560236988,72.09818248338271,-1.0545122613153481,0
QTUMUSDT,1,2020-06-01 00:00:00+00:00,2020-06-02 00:00:00+00:00,1.8930000066757202,1.7359999418258667,8424.231383631495,2020-06-02 00:00:00+00:00,1.7359999418258667,stop,-1383.7479440550444,61.143070514728294,-1.0462292796117272,0
EOSUSDT,1,2020-06-01 00:00:00+00:00,2020-06-02 00:00:00+00:00,2.8213999271392822,2.662400007247925,8318.273835886424,2020-06-02 00:00:00+00:00,2.662400007247925,stop,-1413.8363725712134,91.2314990308976,-1.0689786502802545,0
FETUSDT,1,2020-05-25 00:00:00+00:00,2020-05-26 00:00:00+00:00,0.02273000031709671,0.019953295472078025,438592.5181890034,2020-06-07 00:00:00+00:00,0.02828341000713408,target,2390.935740297676,44.74820019102658,1.963256152042413,12
IOTAUSDT,1,2020-06-03 00:00:00+00:00,2020-06-04 00:00:00+00:00,0.2515000104904175,0.2305999994277954,61533.30975572299,2020-06-07 00:00:00+00:00,0.2305999994277954,stop,-1345.37727310143,59.33041848706904,-1.0461339478217222,3
CHZUSDT,1,2020-06-03 00:00:00+00:00,2020-06-04 00:00:00+00:00,0.012109999544918537,0.011455999687314034,1966432.927562009,2020-06-07 00:00:00+00:00,0.011455999687314034,stop,-1378.7287683366874,92.68191372232631,-1.072067291630769,3
VETUSDT,1,2020-06-02 00:00:00+00:00,2020-06-03 00:00:00+00:00,0.00725199980661273,0.006519999820739031,1733287.1921311363,2020-06-10 00:00:00+00:00,0.008715999778360128,target,2482.1781419809336,55.35425832917751,1.9563715849914567,7
ENJUSDT,1,2020-05-27 00:00:00+00:00,2020-05-28 00:00:00+00:00,0.21307000517845154,0.18582002818584442,45161.52176838113,2020-06-11 00:00:00+00:00,0.18582002818584442,stop,-1266.6793909894552,36.028961849943855,-1.0292763574422477,14
XLMUSDT,1,2020-06-02 00:00:00+00:00,2020-06-03 00:00:00+00:00,0.07948999851942062,0.07298000156879425,194895.05291288628,2020-06-11 00:00:00+00:00,0.07298000156879425,stop,-1328.1974976246963,59.431297469640825,-1.0468418038424872,8
BATUSDT,1,2020-06-04 00:00:00+00:00,2020-06-05 00:00:00+00:00,0.24160000681877136,0.22200000286102295,65314.29717917567,2020-06-11 00:00:00+00:00,0.22200000286102295,stop,-1340.7199008183889,60.559417608989605,-1.0473061138843822,6
NANOUSDT,1,2020-06-09 00:00:00+00:00,2020-06-10 00:00:00+00:00,1.193600058555603,1.0654412508010864,10115.681480472103,2020-06-11 00:00:00+00:00,1.0654412508010864,stop,-1342.11716283511,45.703484673361835,-1.0352537816001504,1
ZRXUSDT,1,2020-06-10 00:00:00+00:00,2020-06-11 00:00:00+00:00,0.3871000111103058,0.3481000065803528,33811.08440943691,2020-06-11 00:00:00+00:00,0.3481000065803528,stop,-1368.3482648425795,49.71581971191674,-1.0377025606305255,0
IOSTUSDT,1,2020-06-10 00:00:00+00:00,2020-06-11 00:00:00+00:00,0.005657999776303768,0.005419999826699495,4661125.829849689,2020-06-11 00:00:00+00:00,0.005419999826699495,stop,-1212.6196127886467,103.27190018524624,-1.0930924533507076,0
THETAUSDT,-1,2020-06-11 00:00:00+00:00,2020-06-12 00:00:00+00:00,0.20441000163555145,0.24939000606536865,26974.831531637443,2020-06-12 00:00:00+00:00,0.24939000606536865,stop,-1237.8103993002012,24.48235751357619,-1.020177855180472,0
TRXUSDT,1,2020-05-30 00:00:00+00:00,2020-05-31 00:00:00+00:00,0.016380000859498978,0.015065193176269531,974939.8284079159,2020-06-15 00:00:00+00:00,0.015065193176269531,stop,-1343.1727212320975,61.31434415497154,-1.0478323855828595,15
ZILUSDT,1,2020-06-09 00:00:00+00:00,2020-06-10 00:00:00+00:00,0.02442999929189682,0.021300166845321655,414211.8468930679,2020-06-15 00:00:00+00:00,0.021300166845321655,stop,-1334.2976313105964,37.88395314884819,-1.0292221177445195,5
IOSTUSDT,1,2020-06-13 00:00:00+00:00,2020-06-14 00:00:00+00:00,0.006062000058591366,0.005495000164955854,2110684.275320826,2020-06-15 00:00:00+00:00,0.005495000164955854,stop,-1245.5441168884956,48.78635728344078,-1.0407654405345497,1
FETUSDT,1,2020-06-16 00:00:00+00:00,2020-06-17 00:00:00+00:00,0.03271999955177307,0.028610000386834145,282743.6592660879,2020-06-24 00:00:00+00:00,0.028610000386834145,stop,-1196.7575406862593,34.68133721086151,-1.0298442882722671,7
ONTUSDT,1,2020-06-22 00:00:00+00:00,2020-06-23 00:00:00+00:00,0.6455000042915344,0.5890256408601999,20550.489592746948,2020-06-25 00:00:00+00:00,0.5890256408601999,stop,-1211.316030797988,50.74021284533986,-1.043719860486883,2
IOSTUSDT,1,2020-06-22 00:00:00+00:00,2020-06-23 00:00:00+00:00,0.006767999846488237,0.006049900461221114,1616177.150076419,2020-06-25 00:00:00+00:00,0.006049900461221114,stop,-1202.007813131203,41.431995178554715,-1.0356995161691755,2
ZECUSDT,1,2020-06-23 00:00:00+00:00,2020-06-24 00:00:00+00:00,58.2400016784668,53.12843370437622,224.942718309592,2020-06-25 00:00:00+00:00,53.12843370437622,stop,-1199.913032093994,50.10303717780571,-1.0435750579655187,1
LINKUSDT,1,2020-06-23 00:00:00+00:00,2020-06-24 00:00:00+00:00,4.806099891662598,4.451240062713623,3240.180773128648,2020-06-27 00:00:00+00:00,4.451240062713623,stop,-1209.8009047771593,59.99090986097093,-1.0521746289614953,3
XLMUSDT,-1,2020-06-27 00:00:00+00:00,2020-06-28 00:00:00+00:00,0.06279999762773514,0.06714999675750732,256925.8662072297,2020-06-30 00:00:00+00:00,0.06714999675750732,stop,-1187.7236048896843,70.09631047227003,-1.0627188605919016,2
XRPUSDT,-1,2020-06-11 00:00:00+00:00,2020-06-12 00:00:00+00:00,0.1882299929857254,0.20137803256511688,92282.04968962989,2020-07-02 00:00:00+00:00,0.1764499992132187,max_hold,985.5271453938359,101.5548252641594,0.8122511896639656,20
BATUSDT,1,2020-06-25 00:00:00+00:00,2020-06-26 00:00:00+00:00,0.2703999876976013,0.24468006193637848,43691.04955241304,2020-07-02 00:00:00+00:00,0.24468006193637848,stop,-1168.7393268620067,45.008775944035165,-1.0400529966078322,6
BANDUSDT,-1,2020-06-27 00:00:00+00:00,2020-06-28 00:00:00+00:00,1.0449999570846558,1.1858999729156494,7932.059395635432,2020-07-02 00:00:00+00:00,1.1858999729156494,stop,-1156.5401523341577,38.912857916743356,-1.0348173833183159,4
ATOMUSDT,-1,2020-06-27 00:00:00+00:00,2020-06-28 00:00:00+00:00,2.428999900817871,2.690094865858555,4280.539436075552,2020-07-02 00:00:00+00:00,2.690094865858555,stop,-1165.9057416149624,48.27844719754813,-1.043197269285298,4
VETUSDT,1,2020-07-03 00:00:00+00:00,2020-07-04 00:00:00+00:00,0.010220999829471111,0.009492999874055386,1468456.8377086327,2020-07-04 00:00:00+00:00,0.011676999740302563,target,2073.7604903628544,64.3125344007497,1.939840656838313,0
ALGOUSDT,-1,2020-06-27 00:00:00+00:00,2020-06-28 00:00:00+00:00,0.2054000049829483,0.22290000319480896,63864.42334948013,2020-07-06 00:00:00+00:00,0.22290000319480896,stop,-1183.0979091279498,65.47061471053547,-1.058580006982259,8
NEOUSDT,-1,2020-06-27 00:00:00+00:00,2020-06-28 00:00:00+00:00,9.70300006866455,10.3100004196167,1841.2300629880856,2020-07-06 00:00:00+00:00,10.3100004196167,stop,-1206.086432606184,88.45913818876963,-1.0791490496256007,8
DASHUSDT,-1,2020-06-27 00:00:00+00:00,2020-06-28 00:00:00+00:00,66.93000030517578,71.18000030517578,262.9711280982151,2020-07-08 00:00:00+00:00,71.18000030517578,stop,-1208.1782468529013,90.55095243548706,-1.0810207059972425,10
ATOMUSDT,1,2020-07-05 00:00:00+00:00,2020-07-06 00:00:00+00:00,2.933000087738037,2.746000051498413,5727.43559597411,2020-07-08 00:00:00+00:00,3.307000160217285,target,2070.5829289364888,71.47839907805317,1.9332620423671005,2
TRXUSDT,1,2020-07-06 00:00:00+00:00,2020-07-07 00:00:00+00:00,0.01802000030875206,0.01688000001013279,934414.3779565601,2020-07-08 00:00:00+00:00,0.01688000001013279,stop,-1130.4547940819273,65.22212417730907,-1.061228054696397,1
ADAUSDT,1,2020-07-06 00:00:00+00:00,2020-07-07 00:00:00+00:00,0.10512000322341919,0.09722000360488892,134839.58497997947,2020-07-08 00:00:00+00:00,0.12092000246047974,target,2069.507058698658,60.95828111057827,1.9427746793420853,1
FETUSDT,1,2020-07-08 00:00:00+00:00,2020-07-09 00:00:00+00:00,0.0364999994635582,0.0324895977973938,273778.97002481675,2020-07-10 00:00:00+00:00,0.0324895977973938,stop,-1135.7394393093584,37.77580176106072,-1.0344053304400975,1
ZRXUSDT,1,2020-07-08 00:00:00+00:00,2020-07-09 00:00:00+00:00,0.447299987077713,0.4043999910354614,25593.560345948034,2020-07-10 00:00:00+00:00,0.4043999910354614,stop,-1141.5597071212621,43.596069572964296,-1.0397062963490415,1
XRPUSDT,1,2020-07-08 00:00:00+00:00,2020-07-09 00:00:00+00:00,0.2054399996995926,0.19382348656654358,94517.48773257858,2020-07-10 00:00:00+00:00,0.19382348656654358,stop,-1173.43840087875,75.47476333045216,-1.0687406766029008,1
KAVAUSDT,1,2020-07-10 00:00:00+00:00,2020-07-11 00:00:00+00:00,1.4830000400543213,1.2966935001313686,5629.706469151317,2020-07-11 00:00:00+00:00,1.8556131199002266,target,2060.1114418897096,37.59082420917967,1.9641600003807143,0
BANDUSDT,1,2020-07-08 00:00:00+00:00,2020-07-09 00:00:00+00:00,1.6929999589920044,1.4794753342866898,5142.093747096372,2020-07-13 00:00:00+00:00,2.1200492084026337,target,2156.7131625345337,39.214112562061985,1.9642846892000674,4
LTCUSDT,1,2020-07-08 00:00:00+00:00,2020-07-09 00:00:00+00:00,45.349998474121094,43.099998474121094,484.2177175264291,2020-07-13 00:00:00+00:00,43.099998474121094,stop,-1175.1479757094605,85.65811127499492,-1.0786222195095487,4
BNBUSDT,1,2020-07-11 00:00:00+00:00,2020-07-12 00:00:00+00:00,17.620500564575195,17.01799964904785,1228.107100810315,2020-07-13 00:00:00+00:00,18.825502395629883,target,1390.35211514453,89.51919006316322,1.8790176013979816,1
FETUSDT,1,2020-07-11 00:00:00+00:00,2020-07-12 00:00:00+00:00,0.03838000074028969,0.03420000150799751,258850.06982788802,2020-07-13 00:00:00+00:00,0.04673999920487404,target,2119.9195504595846,44.06663585911091,1.9592727198189044,1
ALGOUSDT,1,2020-07-11 00:00:00+00:00,2020-07-12 00:00:00+00:00,0.2793000042438507,0.2527603209018707,40768.87727774322,2020-07-14 00:00:00+00:00,0.2527603209018707,stop,-1125.376097359792,43.38300420044414,-1.040095453912528,2
XTZUSDT,1,2020-07-13 00:00:00+00:00,2020-07-14 00:00:00+00:00,2.899899959564209,2.73009991645813,6540.88733240969,2020-07-14 00:00:00+00:00,2.73009991645813,stop,-1184.2933407362575,73.65038974108529,-1.0663132914813822,0
RVNUSDT,1,2020-07-13 00:00:00+00:00,2020-07-14 00:00:00+00:00,0.023099999874830246,0.021130774170160294,563999.8240736548,2020-07-14 00:00:00+00:00,0.021130774170160294,stop,-1160.5352485552048,49.89229756003249,-1.0449219954219557,0
EOSUSDT,1,2020-07-06 00:00:00+00:00,2020-07-07 00:00:00+00:00,2.6101999282836914,2.4317290782928467,5968.664742501439,2020-07-16 00:00:00+00:00,2.4317290782928467,stop,-1125.4198376961156,60.18716779149738,-1.0565014287412782,9
QTUMUSDT,1,2020-07-14 00:00:00+00:00,2020-07-15 00:00:00+00:00,2.3469998836517334,2.1208298951387405,4784.532774888684,2020-07-16 00:00:00+00:00,2.1208298951387405,stop,-1124.870678755105,42.752956018493364,-1.0395085997763476,1
ONTUSDT,1,2020-07-14 00:00:00+00:00,2020-07-15 00:00:00+00:00,0.7620000243186951,0.6809290647506714,13347.78481101665,2020-07-16 00:00:00+00:00,0.6809290647506714,stop,-1120.63753669352,38.519813956908365,-1.035596694470075,1
KAVAUSDT,1,2020-07-15 00:00:00+00:00,2020-07-16 00:00:00+00:00,2.125499963760376,1.9053000211715698,4862.316488233812,2020-07-16 00:00:00+00:00,1.9053000211715698,stop,-1109.8798620127054,39.19805045501441,-1.0366103636317374,0
XMRUSDT,1,2020-07-15 00:00:00+00:00,2020-07-16 00:00:00+00:00,70.55999755859375,67.37999725341797,303.4812496042353,2020-07-16 00:00:00+00:00,67.37999725341797,stop,-1048.7948703484979,83.72440399190211,-1.0867547053926379,0
BANDUSDT,1,2020-07-15 00:00:00+00:00,2020-07-16 00:00:00+00:00,2.5931999683380127,2.3441998958587646,4299.925702418913,2020-07-16 00:00:00+00:00,2.3441998958587646,stop,-1113.1427167160498,42.46090515835875,-1.0396578186908623,0
LINKUSDT,1,2020-07-15 00:00:00+00:00,2020-07-16 00:00:00+00:00,8.648599624633789,7.830900192260742,1309.383092575304,2020-07-18 00:00:00+00:00,7.830900192260742,stop,-1113.83776842637,43.15595686867904,-1.0403069860745027,2
KAVAUSDT,1,2020-07-17 00:00:00+00:00,2020-07-18 00:00:00+00:00,2.198199987411499,1.9249999523162842,3680.745509408263,2020-07-19 00:00:00+00:00,2.7446000576019287,target,1974.7732265546115,36.386378139172265,1.9638155240844624,1
BANDUSDT,1,2020-07-18 00:00:00+00:00,2020-07-19 00:00:00+00:00,3.1600000858306885,2.7578024864196777,2533.6463371835725,2020-07-19 00:00:00+00:00,3.96439528465271,target,2001.9515526733205,36.10139647014573,1.964572660896452,0
FETUSDT,1,2020-07-16 00:00:00+00:00,2020-07-17 00:00:00+00:00,0.05203999951481819,0.04651999846100807,182996.11912719425,2020-07-21 00:00:00+00:00,0.04651999846100807,stop,-1046.210964686795,36.07219426152065,-1.0357101373768023,4
ENJUSDT,1,2020-07-17 00:00:00+00:00,2020-07-18 00:00:00+00:00,0.20117999613285065,0.19113999605178833,99968.16996485576,2020-07-21 00:00:00+00:00,0.19113999605178833,stop,-1082.119457869453,78.43902331864975,-1.0781513922344765,3
IOTAUSDT,1,2020-07-04 00:00:00+00:00,2020-07-05 00:00:00+00:00,0.24040000140666962,0.22370000183582306,64309.05095517942,2020-07-22 00:00:00+00:00,0.27380000054836273,target,2081.786818452332,66.13542825375907,1.9384191598600182,17
ALGOUSDT,1,2020-07-16 00:00:00+00:00,2020-07-17 00:00:00+00:00,0.3546000123023987,0.31548625230789185,25825.662645757886,2020-07-24 00:00:00+00:00,0.31548625230789185,stop,-1044.7496140520373,34.61084362676283,-1.0342634543293407,7
FTMUSDT,1,2020-07-20 00:00:00+00:00,2020-07-21 00:00:00+00:00,0.01616000011563301,0.013535884500015527,396608.7156585137,2020-07-24 00:00:00+00:00,0.013535884500015527,stop,-1064.302417365012,23.555293315511566,-1.022633061164617,3
ANKRUSDT,1,2020-07-22 00:00:00+00:00,2020-07-23 00:00:00+00:00,0.007590000052005053,0.006450999993830919,903662.9794603458,2020-07-24 00:00:00+00:00,0.006450999993830919,stop,-1054.6488500471905,25.376663872045974,-1.0246549593128982,1
TOMOUSDT,1,2020-07-19 00:00:00+00:00,2020-07-20 00:00:00+00:00,0.8942999839782715,0.785588800907135,9780.287539415058,2020-07-25 00:00:00+00:00,1.1117223501205444,target,2087.2143078954605,39.23895047594992,1.9630944622728252,5
BTCUSDT,1,2020-07-22 00:00:00+00:00,2020-07-23 00:00:00+00:00,9518.16015625,9261.0,2.1627545014553755,2020-07-26 00:00:00+00:00,10032.48046875,target,1027.7820990132004,84.56647203611018,1.847949690884511,3
XLMUSDT,1,2020-07-16 00:00:00+00:00,2020-07-17 00:00:00+00:00,0.10208000242710114,0.09081212827004492,89647.6794420624,2020-07-27 00:00:00+00:00,0.09081212827004492,stop,-1044.7234342245429,34.58466379926831,-1.0342375372689714,10
ZECUSDT,1,2020-07-22 00:00:00+00:00,2020-07-23 00:00:00+00:00,64.2699966430664,60.83000183105469,299.2074821104812,2020-07-27 00:00:00+00:00,71.14998626708984,target,1977.5070281223045,81.03734422798449,1.9212673330568413,4
IOTAUSDT,1,2020-07-22 00:00:00+00:00,2020-07-23 00:00:00+00:00,0.2784000039100647,0.2630000114440918,66835.88894276254,2020-07-27 00:00:00+00:00,0.2630000114440918,stop,-1101.6420887747852,72.36990259964068,-1.0703117247038152,4
TOMOUSDT,1,2020-07-25 00:00:00+00:00,2020-07-26 00:00:00+00:00,1.0670000314712524,0.9674999713897705,10466.251563004495,2020-07-27 00:00:00+00:00,0.9674999713897705,stop,-1083.979837016605,42.58717766975366,-1.0408944477258595,1
ONEUSDT,1,2020-07-27 00:00:00+00:00,2020-07-28 00:00:00+00:00,0.010049999691545963,0.008804500102996826,830866.6819001106,2020-07-29 00:00:00+00:00,0.008804500102996826,stop,-1066.1752618121307,31.331151366356167,-1.0302762039713014,1
BNBUSDT,1,2020-07-24 00:00:00+00:00,2020-07-25 00:00:00+00:00,19.18779945373535,18.235000610351562,1043.8993140346554,2020-08-01 00:00:00+00:00,21.09339714050293,target,1905.15309105626,84.09902698644088,1.9154465879677545,7
XMRUSDT,1,2020-07-26 00:00:00+00:00,2020-07-27 00:00:00+00:00,78.1500015258789,73.89126586914062,244.0833203335261,2020-08-01 00:00:00+00:00,86.66747283935547,target,1998.5142862548146,80.45839278410446,1.9225979315694526,5
LTCUSDT,1,2020-07-27 00:00:00+00:00,2020-07-28 00:00:00+00:00,53.290000915527344,49.55513036251068,277.0762990995575,2020-08-01 00:00:00+00:00,60.75974202156067,target,2006.4872595190204,63.20096137252848,1.9389270705272663,4
DASHUSDT,1,2020-07-27 00:00:00+00:00,2020-07-28 00:00:00+00:00,77.58999633789062,73.4958381652832,252.76114571477817,2020-08-01 00:00:00+00:00,85.77831268310547,target,1987.1018989682832,82.5863219232658,1.9201944320988689,4
EOSUSDT,1,2020-07-27 00:00:00+00:00,2020-07-28 00:00:00+00:00,2.8464999198913574,2.6674156188964844,5778.530584182255,2020-08-01 00:00:00+00:00,3.2046685218811035,target,1999.7544970699078,69.93372382164128,1.9324210061054352,4
FETUSDT,1,2020-07-30 00:00:00+00:00,2020-07-31 00:00:00+00:00,0.07631000131368637,0.06727000325918198,117448.95497069178,2020-08-02 00:00:00+00:00,0.06727000325918198,stop,-1095.464967422169,33.72664298354107,-1.0317654945736026,2
BNBUSDT,1,2020-08-01 00:00:00+00:00,2020-08-02 00:00:00+00:00,21.620399475097656,20.510000228881836,1004.713324367628,2020-08-02 00:00:00+00:00,20.510000228881836,stop,-1200.2908659278496,84.65794788704434,-1.0758833362820763,0
HBARUSDT,1,2020-08-01 00:00:00+00:00,2020-08-02 00:00:00+00:00,0.04575999826192856,0.04349999874830246,487601.81836326263,2020-08-02 00:00:00+00:00,0.04349999874830246,stop,-1189.0265460427509,87.04667369857606,-1.0789911647963288,0
THETAUSDT,1,2020-08-01 00:00:00+00:00,2020-08-02 00:00:00+00:00,0.31644999980926514,0.2852596938610077,35768.57886202087,2020-08-02 00:00:00+00:00,0.2852596938610077,stop,-1158.6775193009803,43.04460126017514,-1.038583122247564,0
TRXUSDT,1,2020-08-01 00:00:00+00:00,2020-08-02 00:00:00+00:00,0.02047000080347061,0.01939000003039837,1032992.7032063142,2020-08-02 00:00:00+00:00,0.01939000003039837,stop,-1197.9830980631737,82.3501800223685,-1.0738147635218456,0
EOSUSDT,1,2020-08-01 00:00:00+00:00,2020-08-02 00:00:00+00:00,3.304800033569336,3.085490755736828,5087.030193464235,2020-08-02 00:00:00+00:00,3.085490755736828,stop,-1180.648122421239,65.01520438043372,-1.0582765202864477,0
DOCKUSDT,1,2020-08-05 00:00:00+00:00,2020-08-06 00:00:00+00:00,0.018479999154806137,0.016336999833583832,486909.23765003576,2020-08-06 00:00:00+00:00,0.022765997797250748,target,2046.7262176977101,40.16611386408343,1.9615062902320182,0
QTUMUSDT,1,2020-08-04 00:00:00+00:00,2020-08-05 00:00:00+00:00,2.8480000495910645,2.618000030517578,4558.803697190368,2020-08-07 00:00:00+00:00,2.618000030517578,stop,-1098.361780054149,49.83684274808426,-1.0475304315375924,2
THETAUSDT,1,2020-08-04 00:00:00+00:00,2020-08-05 00:00:00+00:00,0.33149001002311707,0.2927149534225464,27041.222611410263,2020-08-07 00:00:00+00:00,0.2927149534225464,stop,-1082.2834680494275,33.75853074336278,-1.0321962115942587,2
ZECUSDT,1,2020-08-05 00:00:00+00:00,2020-08-06 00:00:00+00:00,97.45999908447266,88.12553405761719,111.78424931465042,2020-08-07 00:00:00+00:00,88.12553405761719,stop,-1084.9372447927922,41.49107901189538,-1.0397635070907987,1
BNBUSDT,1,2020-08-05 00:00:00+00:00,2020-08-06 00:00:00+00:00,23.26849937438965,22.05660057067871,861.001069219456,2020-08-07 00:00:00+00:00,22.05660057067871,stop,-1121.4960848112619,78.04991903036513,-1.0748001397580047,1
LINKUSDT,1,2020-08-03 00:00:00+00:00,2020-08-04 00:00:00+00:00,9.250200271606445,8.140800476074219,943.9235219699464,2020-08-08 00:00:00+00:00,11.468999862670898,target,2055.262443816741,39.11468072629451,1.9626479106671597,4
BANDUSDT,1,2020-08-05 00:00:00+00:00,2020-08-06 00:00:00+00:00,7.178199768066406,5.994421005249023,881.453696041568,2020-08-08 00:00:00+00:00,9.545757293701172,target,2057.4095440327224,29.48278752907103,1.9717447928834864,2
ANKRUSDT,1,2020-08-06 00:00:00+00:00,2020-08-07 00:00:00+00:00,0.007941000163555145,0.006792482919991016,942399.6325336385,2020-08-09 00:00:00+00:00,0.010238034650683403,target,2130.4606251292557,34.26383145750926,1.9683434708253496,2
BANDUSDT,1,2020-08-08 00:00:00+00:00,2020-08-09 00:00:00+00:00,10.819999694824219,9.181802749633789,660.4255614166958,2020-08-09 00:00:00+00:00,14.096393585205078,target,2130.903428436126,32.91084604088507,1.9695807108502048,0
RENUSDT,1,2020-08-03 00:00:00+00:00,2020-08-04 00:00:00+00:00,0.21807999908924103,0.18933927174657583,36435.70149726104,2020-08-10 00:00:00+00:00,0.2755614537745714,target,2058.404779296595,35.972345246440256,1.965648645771674,6
XMRUSDT,1,2020-08-06 00:00:00+00:00,2020-08-07 00:00:00+00:00,95.44999694824219,88.5101089477539,155.9624922213772,2020-08-10 00:00:00+00:00,88.5101089477539,stop,-1139.7439814630786,57.38175316969604,-1.053015295314003,3
IOTAUSDT,1,2020-08-09 00:00:00+00:00,2020-08-10 00:00:00+00:00,0.34790000319480896,0.3294999897480011,60373.57683307618,2020-08-10 00:00:00+00:00,0.3847000300884247,target,2133.2898823262994,88.45936879467894,1.9203696197939106,0
CELRUSDT,1,2020-08-09 00:00:00+00:00,2020-08-10 00:00:00+00:00,0.010180000215768814,0.00874505628598854,774158.9078888898,2020-08-10 00:00:00+00:00,0.00874505628598854,stop,-1140.1766277067613,29.30200214627201,-1.0263774160216215,0
ARPAUSDT,1,2020-08-10 00:00:00+00:00,2020-08-11 00:00:00+00:00,0.03864999860525131,0.03342815488576889,223623.41284124702,2020-08-11 00:00:00+00:00,0.03342815488576889,stop,-1199.963239224205,32.236725349914366,-1.0276064001004475,0
DOCKUSDT,1,2020-08-10 00:00:00+00:00,2020-08-11 00:00:00+00:00,0.027817999944090843,0.02395026385784149,301914.7345719409,2020-08-11 00:00:00+00:00,0.02395026385784149,stop,-1198.9857171243118,31.259203250021237,-1.026769284484523,0
BATUSDT,1,2020-08-10 00:00:00+00:00,2020-08-11 00:00:00+00:00,0.2867000102996826,0.2633988056331873,50114.426725471334,2020-08-11 00:00:00+00:00,0.2633988056331873,stop,-1222.8622874799632,55.1357736056727,-1.0472163412841786,0
MATICUSDT,1,2020-08-10 00:00:00+00:00,2020-08-11 00:00:00+00:00,0.02452000044286251,0.02228180633392185,521727.096505931,2020-08-11 00:00:00+00:00,0.02228180633392185,stop,-1216.562055396057,48.83554152176662,-1.04182104366179,0
LINKUSDT,1,2020-08-08 00:00:00+00:00,2020-08-09 00:00:00+00:00,12.709500312805176,11.186000227928162,710.1457676163133,2020-08-12 00:00:00+00:00,15.756500482559204,target,2123.38425450543,40.430019971581245,1.9626307854158573,3
ALGOUSDT,1,2020-08-08 00:00:00+00:00,2020-08-09 00:00:00+00:00,0.45239999890327454,0.3950783610343933,18874.323509619244,2020-08-13 00:00:00+00:00,0.567043274641037,target,2125.33167018785,38.4826042891612,1.9644307695507162,4
RENUSDT,1,2020-08-12 00:00:00+00:00,2020-08-13 00:00:00+00:00,0.314520001411438,0.2724924683570862,26906.59371810535,2020-08-13 00:00:00+00:00,0.2724924683570862,stop,-1162.4067689307337,31.589012063046557,-1.027934662213429,0
WAVESUSDT,1,2020-08-12 00:00:00+00:00,2020-08-13 00:00:00+00:00,2.170300006866455,1.9139220714569092,4410.745234613441,2020-08-13 00:00:00+00:00,2.683055877685547,target,2218.8216810560325,42.813832679341694,1.9621390516559147,0
FETUSDT,1,2020-08-05 00:00:00+00:00,2020-08-06 00:00:00+00:00,0.08761999756097794,0.07595657580532134,89463.12562819223,2020-08-14 00:00:00+00:00,0.11094684107229114,target,2051.363511501311,35.528820060482246,1.9659505001545594,8
BTTUSDT,1,2020-08-08 00:00:00+00:00,2020-08-09 00:00:00+00:00,0.00043760001426562667,0.0004050506913699792,33239005.945133764,2020-08-16 00:00:00+00:00,0.0005026986600569217,target,2101.305088024994,62.50918645201716,1.94222314993543,7
TRXUSDT,1,2020-08-13 00:00:00+00:00,2020-08-14 00:00:00+00:00,0.022379999980330467,0.02034458890557289,562417.0990559402,2020-08-16 00:00:00+00:00,0.02645082212984562,target,2234.573405471535,54.926578631443796,1.9520187123714143,2
KAVAUSDT,1,2020-08-08 00:00:00+00:00,2020-08-09 00:00:00+00:00,4.228300094604492,3.5823843479156494,1674.997308526205,2020-08-17 00:00:00+00:00,5.520131587982178,target,2131.1570808156425,32.65719366136851,1.9698151601580853,8
TOMOUSDT,1,2020-08-13 00:00:00+00:00,2020-08-14 00:00:00+00:00,1.4053000211715698,1.2611000537872314,7938.628647538939,2020-08-17 00:00:00+00:00,1.2611000537872314,stop,-1187.085112093225,42.335120041735834,-1.036981978891188,3
CELRUSDT,1,2020-08-14 00:00:00+00:00,2020-08-15 00:00:00+00:00,0.01319000031799078,0.011014947667717934,542920.4792807015,2020-08-18 00:00:00+00:00,0.011014947667717934,stop,-1207.1633512696244,26.282723922730852,-1.0222568846622377,3
BTTUSDT,1,2020-08-16 00:00:00+00:00,2020-08-17 00:00:00+00:00,0.0005168999778106809,0.00046840033246553503,25578080.913445048,2020-08-18 00:00:00+00:00,0.00046840033246553503,stop,-1290.9320350321038,50.40418212057512,-1.0406312377447038,1
WAVESUSDT,1,2020-08-17 00:00:00+00:00,2020-08-18 00:00:00+00:00,4.409800052642822,4.0117998123168945,3059.6205919291647,2020-08-18 00:00:00+00:00,4.0117998123168945,stop,-1269.2635316216022,51.53380072763724,-1.0423195717573597,0
MATICUSDT,1,2020-08-13 00:00:00+00:00,2020-08-14 00:00:00+00:00,0.027149999514222145,0.024107690900564194,376276.7481616821,2020-08-19 00:00:00+00:00,0.024107690900564194,stop,-1183.3241461865973,38.57415413510805,-1.0336965751499854,5
TRXUSDT,1,2020-08-16 00:00:00+00:00,2020-08-17 00:00:00+00:00,0.02824000082910061,0.025593938305974007,468820.31020405143,2020-08-19 00:00:00+00:00,0.025593938305974007,stop,-1291.004741001152,50.476888089623415,-1.0406898466416161,2
BTCUSDT,1,2020-08-17 00:00:00+00:00,2020-08-18 00:00:00+00:00,12281.150390625,11769.7802734375,1.983087401687609,2020-08-19 00:00:00+00:00,11769.7802734375,stop,-1109.4818321915766,95.3901951975291,-1.0940646700137309,1
BATUSDT,1,2020-08-18 00:00:00+00:00,2020-08-19 00:00:00+00:00,0.3495999872684479,0.3158000111579895,34359.423501876954,2020-08-19 00:00:00+00:00,0.3158000111579895,stop,-1207.0732142207273,45.72552068816444,-1.0393728088003322,0
TFUELUSDT,1,2020-08-18 00:00:00+00:00,2020-08-19 00:00:00+00:00,0.01006499957293272,0.009200000204145908,1342599.4693630687,2020-08-19 00:00:00+00:00,0.009200000204145908,stop,-1213.0780504885338,51.730356955970805,-1.044543384590207,0
OMGUSDT,1,2020-08-19 00:00:00+00:00,2020-08-20 00:00:00+00:00,3.377500057220459,2.9318872839212418,2460.0006518827868,2020-08-20 00:00:00+00:00,4.268725603818893,target,2154.7959853855423,37.6194402211994,1.9656821971038736,0
HOTUSDT,1,2020-08-07 00:00:00+00:00,2020-08-08 00:00:00+00:00,0.0008580000139772892,0.000777578332417761,13099512.193666972,2020-08-21 00:00:00+00:00,0.000777578332417761,stop,-1096.3353552088415,42.850556984599244,-1.040675059627655,13
LINKUSDT,1,2020-08-12 00:00:00+00:00,2020-08-13 00:00:00+00:00,16.46339988708496,14.383174896240234,543.60358223006,2020-08-21 00:00:00+00:00,14.383174896240234,stop,-1164.3543739711731,33.53661710348603,-1.0296569601068,8
DOCKUSDT,1,2020-08-20 00:00:00+00:00,2020-08-21 00:00:00+00:00,0.029071999713778496,0.02480199933052063,267049.0778646194,2020-08-21 00:00:00+00:00,0.02480199933052063,stop,-1169.0736683619032,28.774003531318936,-1.0252337209408844,0
FTMUSDT,1,2020-08-20 00:00:00+00:00,2020-08-21 00:00:00+00:00,0.03530000150203705,0.029702145606279373,203702.93306313196,2020-08-21 00:00:00+00:00,0.029702145606279373,stop,-1166.781920873315,26.482256042730473,-1.0232239444239994,0
XMRUSDT,1,2020-08-20 00:00:00+00:00,2020-08-21 00:00:00+00:00,101.61000061035156,93.47822380065918,140.22761464277335,2020-08-21 00:00:00+00:00,93.47822380065918,stop,-1195.0131775386844,54.71351270810021,-1.047981696737786,0
QTUMUSDT,1,2020-08-20 00:00:00+00:00,2020-08-21 00:00:00+00:00,4.079999923706055,3.6018056869506836,2384.595164859599,2020-08-21 00:00:00+00:00,5.036388397216797,target,2237.121538639058,43.47779102211031,1.9618716093996484,0
NEOUSDT,1,2020-08-20 00:00:00+00:00,2020-08-21 00:00:00+00:00,17.841999053955078,16.000226974487305,619.1318011293247,2020-08-22 00:00:00+00:00,16.000226974487305,stop,-1182.2052615410148,41.90559671043049,-1.0367496352080894,1
ATOMUSDT,1,2020-08-12 00:00:00+00:00,2020-08-13 00:00:00+00:00,5.90500020980835,5.165016293525696,1528.1653181712472,2020-08-23 00:00:00+00:00,7.384968042373657,target,2221.0169766102113,40.61853712516299,1.9640803861820542,10
THETAUSDT,1,2020-08-12 00:00:00+00:00,2020-08-13 00:00:00+00:00,0.40400001406669617,0.3494062479585409,20713.312846514997,2020-08-24 00:00:00+00:00,0.5131875462830067,target,2223.6395279824637,37.9959857529105,1.9663995497752371,11
ZRXUSDT,1,2020-08-21 00:00:00+00:00,2020-08-22 00:00:00+00:00,0.6940000057220459,0.6118999719619751,13182.389708566872,2020-08-25 00:00:00+00:00,0.6118999719619751,stop,-1116.7044049642293,34.429764852479096,-1.0318124102482196,3
ENJUSDT,1,2020-08-24 00:00:00+00:00,2020-08-25 00:00:00+00:00,0.24469999969005585,0.21568069141358137,38803.745382491215,2020-08-25 00:00:00+00:00,0.21568069141358137,stop,-1161.7868397695374,35.728990233201756,-1.0317292670602256,0
TFUELUSDT,1,2020-08-24 00:00:00+00:00,2020-08-25 00:00:00+00:00,0.013801000081002712,0.011972222127951682,615743.3425188027,2020-08-25 00:00:00+00:00,0.011972222127951682,stop,-1157.7972295171785,31.739379980842838,-1.0281862783461009,0
ATOMUSDT,1,2020-08-23 00:00:00+00:00,2020-08-24 00:00:00+00:00,8.53499984741211,7.401085704565048,991.8430205062451,2020-08-27 00:00:00+00:00,7.401085704565048,stop,-1156.277018894017,31.612190457837915,-1.0281080991052187,3
DOCKUSDT,1,2020-08-26 00:00:00+00:00,2020-08-27 00:00:00+00:00,0.03348200023174286,0.028514722362160683,219953.60415279568,2020-08-27 00:00:00+00:00,0.028514722362160683,stop,-1119.8434754034006,27.272805160380287,-1.0249620513374336,0
BCHUSDT,-1,2020-08-27 00:00:00+00:00,2020-08-28 00:00:00+00:00,264.7900085449219,277.1600036621094,84.1153889645206,2020-08-30 00:00:00+00:00,277.1600036621094,stop,-1136.1940959520953,95.68714518064799,-1.0919620432229733,2
VETUSDT,-1,2020-08-25 00:00:00+00:00,2020-08-26 00:00:00+00:00,0.01686999946832657,0.018200000748038292,826716.985364807,2020-08-31 00:00:00+00:00,0.018200000748038292,stop,-1164.4005170663588,64.86586857174751,-1.0589939286229464,5
ETCUSDT,-1,2020-08-27 00:00:00+00:00,2020-08-28 00:00:00+00:00,6.355999946594238,6.752699851989746,2807.2750030616794,2020-08-31 00:00:00+00:00,6.752699851989746,stop,-1192.7786265279217,79.13289839417958,-1.0710575153256245,3
FTMUSDT,1,2020-08-31 00:00:00+00:00,2020-09-01 00:00:00+00:00,0.039239998906850815,0.035270001739263535,263996.21119694953,2020-09-01 00:00:00+00:00,0.035270001739263535,stop,-1087.404926439376,39.3407157337129,-1.0375365510355752,0
PERLUSDT,-1,2020-08-25 00:00:00+00:00,2020-08-26 00:00:00+00:00,0.056689999997615814,0.06340999901294708,163621.25142966388,2020-09-02 00:00:00+00:00,0.04325000196695328,target,2160.3439094061287,38.7253875830937,1.9647802025737766,7
DOGEUSDT,-1,2020-08-25 00:00:00+00:00,2020-08-26 00:00:00+00:00,0.0032895999029278755,0.003426099894568324,6684914.159414836,2020-09-02 00:00:00+00:00,0.0030165999196469784,target,1725.4412791397142,99.5401746147686,1.8909137685646202,7
FTTUSDT@20191220,1,2020-09-01 00:00:00+00:00,2020-09-02 00:00:00+00:00,4.480000019073486,4.182151682674885,3487.8479954871505,2020-09-02 00:00:00+00:00,4.182151682674885,stop,-1099.2742599661422,60.42453689909733,-1.0581648486373016,0
ETHUSDT,1,2020-09-01 00:00:00+00:00,2020-09-02 00:00:00+00:00,475.3999938964844,436.2359743118286,26.525615452251998,2020-09-02 00:00:00+00:00,436.2359743118286,stop,-1087.2131333173152,48.36341025027028,-1.0465547703160423,0
ADAUSDT,-1,2020-08-21 00:00:00+00:00,2020-08-22 00:00:00+00:00,0.12313999980688095,0.13436000049114227,96459.40945706837,2020-09-03 00:00:00+00:00,0.1006999984383583,target,2107.775201469698,56.77407875380244,1.9475418931114008,12
HOTUSDT,-1,2020-08-25 00:00:00+00:00,2020-08-26 00:00:00+00:00,0.0007458999752998352,0.0007911999709904194,24272290.35527601,2020-09-03 00:00:00+00:00,0.0006552999839186668,target,2116.910508794421,82.15878819480163,1.9252785818916334,8
BNBUSDT,1,2020-09-01 00:00:00+00:00,2020-09-02 00:00:00+00:00,24.710100173950195,22.84000015258789,555.5048987755628,2020-09-03 00:00:00+00:00,22.84000015258789,stop,-1091.6783504043676,52.828627337322786,-1.0508530022815565,1
BEAMUSDT,-1,2020-09-02 00:00:00+00:00,2020-09-03 00:00:00+00:00,0.4341999888420105,0.4650000035762787,34318.28881288875,2020-09-03 00:00:00+00:00,0.3725999593734741,target,2058.631614909524,55.37598727416538,1.9476104180354281,0
CHZUSDT,-1,2020-09-02 00:00:00+00:00,2020-09-03 00:00:00+00:00,0.014254000037908554,0.015227999538183212,1085220.0650963169,2020-09-03 00:00:00+00:00,0.012306001037359238,target,2056.3607099919686,57.64689219172072,1.9454619821308365,0
NANOUSDT,-1,2020-09-02 00:00:00+00:00,2020-09-03 00:00:00+00:00,1.0569000244140625,1.1318999528884888,14093.397455069113,2020-09-03 00:00:00+00:00,0.90690016746521,target,2058.654368930698,55.353233252991146,1.94763194494115,0
ALGOUSDT,-1,2020-09-02 00:00:00+00:00,2020-09-03 00:00:00+00:00,0.46380001306533813,0.5271000266075134,16698.318719751747,2020-09-03 00:00:00+00:00,0.33719998598098755,target,2087.2568956264968,26.750706557192785,1.974691948572408,0
STXUSDT,-1,2020-09-02 00:00:00+00:00,2020-09-03 00:00:00+00:00,0.21739999949932098,0.23980000615119934,47187.655678808,2020-09-04 00:00:00+00:00,0.17259998619556427,target,2076.346663678939,37.6609385047506,1.9643701011615586,1
ICXUSDT,-1,2020-09-03 00:00:00+00:00,2020-09-04 00:00:00+00:00,0.4359999895095825,0.5452098175883293,10717.482008456609,2020-09-15 00:00:00+00:00,0.5452098175883293,stop,-1196.7967553241058,26.342387743497568,-1.0225061211040194,11
VETUSDT,-1,2020-09-03 00:00:00+00:00,2020-09-04 00:00:00+00:00,0.012334000319242477,0.0151423733914271,416773.1058146475,2020-09-18 00:00:00+00:00,0.0151423733914271,stop,-1200.8491498229482,30.39478224234002,-1.0259683615903519,14
THETAUSDT,1,2020-09-18 00:00:00+00:00,2020-09-19 00:00:00+00:00,0.5763199925422668,0.5351099967956543,28074.290139855704,2020-09-20 00:00:00+00:00,0.5351099967956543,stop,-1219.3465932342392,62.405215981619065,-1.0539398254817476,1
ANKRUSDT,-1,2020-09-16 00:00:00+00:00,2020-09-17 00:00:00+00:00,0.006624999921768904,0.007334487047046423,1647536.6345547629,2020-09-21 00:00:00+00:00,0.005206025671213865,target,2294.5977500500485,43.2143112292663,1.9630301238110488,4
ZILUSDT,-1,2020-09-03 00:00:00+00:00,2020-09-04 00:00:00+00:00,0.01583000086247921,0.019729033461771905,300190.96731659403,2020-09-24 00:00:00+00:00,0.013880000449717045,max_hold,557.9131409455046,27.459369229327436,0.47666372683861297,20
ENJUSDT,-1,2020-09-03 00:00:00+00:00,2020-09-04 00:00:00+00:00,0.17110000550746918,0.20185702200978994,38054.87334872977,2020-09-24 00:00:00+00:00,0.14358000457286835,max_hold,1011.0886413668488,36.18150875631065,0.8638428539993601,20
ATOMUSDT,-1,2020-09-03 00:00:00+00:00,2020-09-04 00:00:00+00:00,4.901000022888184,6.215943336486816,890.1177377581406,2020-09-24 00:00:00+00:00,3.8440001010894775,max_hold,916.4200239449481,24.434355257047756,0.7829609161433925,20
BCHUSDT,-1,2020-09-03 00:00:00+00:00,2020-09-04 00:00:00+00:00,213.63999938964844,248.5070400238037,33.56907687869693,2020-09-24 00:00:00+00:00,207.99000549316406,max_hold,146.17701134041488,43.48806813483754,0.12488911604693362,20
DOCKUSDT,-1,2020-09-03 00:00:00+00:00,2020-09-04 00:00:00+00:00,0.020176999270915985,0.025600511580705643,215811.1387463602,2020-09-24 00:00:00+00:00,0.01657100021839142,max_hold,753.834966225204,24.37979561841872,0.6440532729041125,20
DUSKUSDT,-1,2020-09-03 00:00:00+00:00,2020-09-04 00:00:00+00:00,0.06390000134706497,0.08442790666595101,57017.72048333491,2020-09-24 00:00:00+00:00,0.0406000018119812,max_hold,1310.0887243293075,18.424136423932126,1.1192992743812225,20
HOTUSDT,-1,2020-09-03 00:00:00+00:00,2020-09-04 00:00:00+00:00,0.0006013999809511006,0.0006879692919028457,13520430.678176874,2020-09-24 00:00:00+00:00,0.00045280001359060407,max_hold,1965.9627944811248,43.172762995814466,1.6796577884064587,20
BTTUSDT,-1,2020-09-05 00:00:00+00:00,2020-09-06 00:00:00+00:00,0.0003426999901421368,0.00041373425665369723,16954333.86043487,2020-09-26 00:00:00+00:00,0.0003100000030826777,max_hold,521.0486766395724,33.35782119839703,0.4326429845961619,20
TOMOUSDT,1,2020-09-24 00:00:00+00:00,2020-09-25 00:00:00+00:00,0.9136000275611877,0.7764000296592712,8985.361804170758,2020-09-26 00:00:00+00:00,0.7764000296592712,stop,-1263.1621446065787,30.370523926390213,-1.024635569723968,1
XMRUSDT,1,2020-09-27 00:00:00+00:00,2020-09-28 00:00:00+00:00,97.13999938964844,93.51000213623047,252.45085650553432,2020-09-30 00:00:00+00:00,104.39999389648438,target,1731.0339436257989,101.75788785040773,1.8889585973673315,2
BATUSDT,-1,2020-09-21 00:00:00+00:00,2020-09-22 00:00:00+00:00,0.21320000290870667,0.2434999942779541,40888.633098296734,2020-10-01 00:00:00+00:00,0.2434999942779541,stop,-1284.7499385830993,45.82470860438327,-1.0369874690542629,9
TFUELUSDT,1,2020-09-26 00:00:00+00:00,2020-09-27 00:00:00+00:00,0.010937999933958054,0.009860999882221222,1135226.4828794764,2020-10-01 00:00:00+00:00,0.009860999882221222,stop,-1269.8621316116817,47.223150817464145,-1.0386239532349837,4
ADAUSDT,1,2020-09-27 00:00:00+00:00,2020-09-28 00:00:00+00:00,0.10131999850273132,0.09419000148773193,171971.15226889,2020-10-02 00:00:00+00:00,0.09419000148773193,stop,-1293.3979623000926,67.24415995690129,-1.0548415376834432,4
TOMOUSDT,1,2020-09-29 00:00:00+00:00,2020-09-30 00:00:00+00:00,1.0454000234603882,0.8555235639214516,6529.928216099223,2020-10-02 00:00:00+00:00,0.8555235639214516,stop,-1264.705439856111,24.825789139786465,-1.020022741018004,2
ZILUSDT,1,2020-09-30 00:00:00+00:00,2020-10-01 00:00:00+00:00,0.01954999938607216,0.01686999946832657,463847.27193424123,2020-10-02 00:00:00+00:00,0.01686999946832657,stop,-1276.897284855205,33.78663422492208,-1.0271791044568652,1
DOCKUSDT,-1,2020-10-01 00:00:00+00:00,2020-10-02 00:00:00+00:00,0.015058999881148338,0.017153000459074974,578583.9194537217,2020-10-06 00:00:00+00:00,0.010870998725295067,target,2390.0556257312155,33.05449769908742,1.9727172963544115,4
ZILUSDT,1,2020-10-04 00:00:00+00:00,2020-10-05 00:00:00+00:00,0.02126000076532364,0.018290000036358833,407328.60477284074,2020-10-06 00:00:00+00:00,0.018290000036358833,stop,-1241.9859463941823,32.219693290628115,-1.0266329906359772,1
VETUSDT,-1,2020-10-06 00:00:00+00:00,2020-10-07 00:00:00+00:00,0.010110000148415565,0.011471999809145927,894071.2416331694,2020-10-08 00:00:00+00:00,0.011471999809145927,stop,-1257.3201925159594,39.595464742809355,-1.0325159404582491,1
FETUSDT,-1,2020-10-06 00:00:00+00:00,2020-10-07 00:00:00+00:00,0.04405000060796738,0.051910001784563065,154926.7869576286,2020-10-08 00:00:00+00:00,0.051910001784563065,stop,-1248.1774476200956,30.45271984694555,-1.0250078849122448,1
ICXUSDT,-1,2020-10-06 00:00:00+00:00,2020-10-07 00:00:00+00:00,0.3580000102519989,0.3961000144481659,31961.275424102394,2020-10-09 00:00:00+00:00,0.3961000144481659,stop,-1268.3171910559215,50.592463282771476,-1.0415467158783,2
ONTUSDT,-1,2020-10-06 00:00:00+00:00,2020-10-07 00:00:00+00:00,0.557200014591217,0.6007000207901001,27993.667913647732,2020-10-10 00:00:00+00:00,0.6007000207901001,stop,-1287.4124466454266,69.68771887227652,-1.0572278096049788,3
RLCUSDT,-1,2020-10-06 00:00:00+00:00,2020-10-07 00:00:00+00:00,0.7724000215530396,0.9027000069618225,9345.547690990521,2020-10-10 00:00:00+00:00,0.9027000069618225,stop,-1251.2956178510315,33.57089007788133,-1.0275685377098913,3
XTZUSDT,-1,2020-09-20 00:00:00+00:00,2020-09-21 00:00:00+00:00,2.2188000679016113,2.3894999027252197,6830.433316651064,2020-10-11 00:00:00+00:00,2.2067999839782715,max_hold,-7.66672505705975,89.63249808964903,-0.0065754962170044215,20
RENUSDT,1,2020-10-10 00:00:00+00:00,2020-10-11 00:00:00+00:00,0.3044300079345703,0.27526000142097473,38975.6456148162,2020-10-11 00:00:00+00:00,0.3627700209617615,target,2221.830569150646,52.00910376091712,1.9542543791626947,0
MATICUSDT,-1,2020-10-06 00:00:00+00:00,2020-10-07 00:00:00+00:00,0.017090000212192535,0.018869999796152115,684115.1755015255,2020-10-12 00:00:00+00:00,0.018869999796152115,stop,-1272.7836854048498,55.0589576316997,-1.0452146173728327,5
XMRUSDT,1,2020-10-09 00:00:00+00:00,2020-10-10 00:00:00+00:00,115.91000366210938,108.3499984741211,151.13135303132873,2020-10-12 00:00:00+00:00,131.03001403808594,target,2210.4668679838455,74.64075798522157,1.9346719978201745,2
BTTUSDT,1,2020-10-10 00:00:00+00:00,2020-10-11 00:00:00+00:00,0.000364200008334592,0.00034279999090358615,53127051.887749076,2020-10-12 00:00:00+00:00,0.00034279999090358615,stop,-1212.0414877441121,75.1216512883305,-1.0660747124639092,1
LINKUSDT,1,2020-10-12 00:00:00+00:00,2020-10-13 00:00:00+00:00,11.42590045928955,10.680700302124023,1538.4711424843956,2020-10-13 00:00:00+00:00,10.680700302124023,stop,-1214.4896718337168,68.02073465971671,-1.059330639020526,0
ARPAUSDT,-1,2020-10-06 00:00:00+00:00,2020-10-07 00:00:00+00:00,0.017960000783205032,0.021640000864863396,330903.4512913358,2020-10-14 00:00:00+00:00,0.021640000864863396,stop,-1248.4957716736753,30.771043900525342,-1.0252692937892427,7
THETAUSDT,1,2020-09-24 00:00:00+00:00,2020-09-25 00:00:00+00:00,0.6394299864768982,0.549688883125782,13737.20151240881,2020-10-15 00:00:00+00:00,0.7353500127792358,max_hold,1279.901470620744,37.7712597700215,1.0382139602105365,20
RLCUSDT,1,2020-10-13 00:00:00+00:00,2020-10-14 00:00:00+00:00,1.038100004196167,0.9049999713897705,8554.211947636992,2020-10-15 00:00:00+00:00,0.9049999713897705,stop,-1171.809268916573,33.24337805322075,-1.0291975882291828,1
DASHUSDT,1,2020-10-11 00:00:00+00:00,2020-10-12 00:00:00+00:00,71.69999694824219,67.66999816894531,286.4348110059971,2020-10-16 00:00:00+00:00,67.66999816894531,stop,-1234.1727751248964,79.84083642259668,-1.0691662716292454,4
THETAUSDT,-1,2020-10-17 00:00:00+00:00,2020-10-18 00:00:00+00:00,0.6241999864578247,0.660539984703064,30687.512221699642,2020-10-18 00:00:00+00:00,0.660539984703064,stop,-1194.035087420735,78.85094713341164,-1.070706661155615,0
BTCUSDT,1,2020-10-12 00:00:00+00:00,2020-10-13 00:00:00+00:00,11528.240234375,11172.0,1.9889747504661637,2020-10-21 00:00:00+00:00,12240.720703125,target,1322.5539362450384,94.55172629900811,1.8665565613092463,8
NEOUSDT,-1,2020-10-02 00:00:00+00:00,2020-10-03 00:00:00+00:00,18.10099983215332,19.21033263206482,1079.6075971969844,2020-10-23 00:00:00+00:00,18.65399932861328,max_hold,-714.1245767287788,117.10211910449812,-0.5962744404915752,20
LINKUSDT,1,2020-10-24 00:00:00+00:00,2020-10-25 00:00:00+00:00,12.700200080871582,11.98390007019043,1579.6906420913601,2020-10-25 00:00:00+00:00,11.98390007019043,stop,-1209.518907837115,77.98648403415719,-1.0689211218287966,0
DASHUSDT,1,2020-10-19 00:00:00+00:00,2020-10-20 00:00:00+00:00,74.94999694824219,69.17058396339417,191.62034789783186,2020-10-26 00:00:00+00:00,69.17058396339417,stop,-1162.6859985088756,55.23287170705077,-1.0498737782849155,6
ANKRUSDT,1,2020-10-22 00:00:00+00:00,2020-10-23 00:00:00+00:00,0.010758999735116959,0.009109556267503649,680216.9072554248,2020-10-26 00:00:00+00:00,0.009109556267503649,stop,-1149.0091896640565,27.02985543146759,-1.0240912239706763,3
XLMUSDT,1,2020-10-17 00:00:00+00:00,2020-10-18 00:00:00+00:00,0.08151999861001968,0.07750000059604645,273597.683832702,2020-10-28 00:00:00+00:00,0.07750000059604645,stop,-1186.8771525668549,87.01500693171559,-1.0791144665511394,10
BTCUSDT,1,2020-10-27 00:00:00+00:00,2020-10-28 00:00:00+00:00,13636.16015625,13019.8701171875,1.5979419552764869,2020-10-28 00:00:00+00:00,13019.8701171875,stop,-1069.9852883070455,85.18957827009189,-1.086504822677279,0
KAVAUSDT,-1,2020-10-26 00:00:00+00:00,2020-10-27 00:00:00+00:00,1.7330000400543213,1.8889000415802002,6934.673888444071,2020-10-29 00:00:00+00:00,1.4212000370025635,target,2116.2066706795886,46.02466890021773,1.9574285433221388,2
BNBUSDT,1,2020-10-12 00:00:00+00:00,2020-10-13 00:00:00+00:00,30.650299072265625,28.433799743652344,517.2430789281,2020-10-30 00:00:00+00:00,28.433799743652344,stop,-1207.5906195484752,61.12168237447503,-1.0533129859803594,17
ALGOUSDT,-1,2020-10-28 00:00:00+00:00,2020-10-29 00:00:00+00:00,0.27619999647140503,0.2922999858856201,65895.18971085042,2020-10-30 00:00:00+00:00,0.24400001764297485,target,2051.57350884347,70.25020474130375,1.9337831844450286,1
OMGUSDT,-1,2020-10-29 00:00:00+00:00,2020-10-30 00:00:00+00:00,2.885699987411499,3.1398000717163086,4339.5793736753885,2020-11-01 00:00:00+00:00,3.1398000717163086,stop,-1157.496719908433,54.809235210104056,-1.0497051394621557,2
ZRXUSDT,-1,2020-10-30 00:00:00+00:00,2020-10-31 00:00:00+00:00,0.3253999948501587,0.3434000015258789,61508.61668923179,2020-11-02 00:00:00+00:00,0.3434000015258789,stop,-1193.4883899327629,86.33287891227481,-1.077977192953409,2
MATICUSDT,-1,2020-10-28 00:00:00+00:00,2020-10-29 00:00:00+00:00,0.015030000358819962,0.016130000352859497,964465.3295827709,2020-11-03 00:00:00+00:00,0.01283000037074089,target,2061.405746151398,60.417967433375345,1.943050907531521,5
TOMOUSDT,-1,2020-10-30 00:00:00+00:00,2020-10-31 00:00:00+00:00,0.5626000165939331,0.6005159020423889,29200.307415360094,2020-11-03 00:00:00+00:00,0.4867682456970215,target,2148.317844753264,65.99317728771194,1.9403939404800643,3
FTMUSDT,-1,2020-10-28 00:00:00+00:00,2020-10-29 00:00:00+00:00,0.018869999796152115,0.02181999944150448,359631.18113041867,2020-11-04 00:00:00+00:00,0.012970000505447388,target,2095.4120398092036,26.411673775569774,1.9751047425792523,6
WAVESUSDT,1,2020-10-16 00:00:00+00:00,2020-10-17 00:00:00+00:00,2.9532999992370605,2.579928398132324,2968.9660527419937,2020-11-06 00:00:00+00:00,3.4277000427246094,max_hold,1370.587679519599,37.88994501425887,1.2364037383607251,20
LTCUSDT,1,2020-10-21 00:00:00+00:00,2020-10-22 00:00:00+00:00,52.97999954223633,49.01118993759155,279.05624996205574,2020-11-06 00:00:00+00:00,60.91761875152588,target,2151.4745656897862,63.56768448133384,1.94260363703995,15
ETCUSDT,-1,2020-11-02 00:00:00+00:00,2020-11-03 00:00:00+00:00,4.9959001541137695,5.288300037384033,3770.150741424541,2020-11-06 00:00:00+00:00,5.288300037384033,stop,-1185.5407669325848,83.14913022875098,-1.0754261257617737,3
MATICUSDT,-1,2020-11-03 00:00:00+00:00,2020-11-04 00:00:00+00:00,0.012729999609291553,0.013740000315010548,1123590.5620869661,2020-11-06 00:00:00+00:00,0.013740000315010548,stop,-1197.1921546480025,62.36489400096552,-1.0549554070153437,2
IOSTUSDT,-1,2020-11-03 00:00:00+00:00,2020-11-04 00:00:00+00:00,0.004406000021845102,0.004676000215113163,4203060.919739274,2020-11-06 00:00:00+00:00,0.004676000215113163,stop,-1214.9090230335898,80.08176238655281,-1.070567358719329,2
FETUSDT,-1,2020-11-02 00:00:00+00:00,2020-11-03 00:00:00+00:00,0.040380001068115234,0.04628999903798103,186529.9518417375,2020-11-07 00:00:00+00:00,0.04628999903798103,stop,-1137.7094044027103,35.317767698876416,-1.0320374053312642,4
LTCUSDT,1,2020-11-06 00:00:00+00:00,2020-11-07 00:00:00+00:00,63.220001220703125,58.61000061035156,237.4955466639161,2020-11-07 00:00:00+00:00,58.61000061035156,stop,-1152.7227808462956,57.86816576986446,-1.0528546575709732,0
COTIUSDT,1,2020-11-10 00:00:00+00:00,2020-11-11 00:00:00+00:00,0.03884999826550484,0.033879999071359634,216883.04304011364,2020-11-12 00:00:00+00:00,0.033879999071359634,stop,-1109.456355418561,31.54780628543706,-1.0292676093076805,1
WAVESUSDT,1,2020-11-09 00:00:00+00:00,2020-11-10 00:00:00+00:00,3.7997000217437744,3.4186999797821045,2831.76648725616,2020-11-16 00:00:00+00:00,4.561700105667114,target,2110.451235605812,47.355065334683076,1.9561081406481733,6
ONTUSDT,-1,2020-10-28 00:00:00+00:00,2020-10-29 00:00:00+00:00,0.4749999940395355,0.5134000182151794,27627.89554349536,2020-11-17 00:00:00+00:00,0.5134000182151794,stop,-1139.539742974063,78.62788618167629,-1.0741134955541016,19
BTCUSDT,1,2020-11-12 00:00:00+00:00,2020-11-13 00:00:00+00:00,16291.849609375,15440.6396484375,1.2675708795177374,2020-11-18 00:00:00+00:00,17994.26953125,target,2071.0177452909475,86.92017238866393,1.9194414522525953,5
LTCUSDT,1,2020-11-13 00:00:00+00:00,2020-11-14 00:00:00+00:00,65.95999908447266,60.200531005859375,187.67665792296032,2020-11-19 00:00:00+00:00,77.47893524169922,target,2107.995161195495,53.84027962073386,1.9501902146627723,5
WAVESUSDT,1,2020-11-16 00:00:00+00:00,2020-11-17 00:00:00+00:00,4.9029998779296875,4.436642229557037,2392.8340277311854,2020-11-19 00:00:00+00:00,5.835715174674988,target,2180.4409746535816,51.39192558396311,1.9539464396474366,2
WAVESUSDT,1,2020-11-19 00:00:00+00:00,2020-11-20 00:00:00+00:00,5.835299968719482,5.263828754425049,2017.7753630316065,2020-11-20 00:00:00+00:00,6.97824239730835,target,2254.491373571462,51.70970019866536,1.9551559482069518,0
BTTUSDT,-1,2020-11-03 00:00:00+00:00,2020-11-04 00:00:00+00:00,0.0002786999975796789,0.0003063789918087423,40999584.42331875,2020-11-21 00:00:00+00:00,0.0003063789918087423,stop,-1203.143965669624,68.31670502258712,-1.0602000915836611,17
ETHUSDT,1,2020-11-06 00:00:00+00:00,2020-11-07 00:00:00+00:00,455.9100036621094,423.1542491912842,33.424802229837,2020-11-21 00:00:00+00:00,521.4215126037598,target,2124.3750048645156,65.3342252883468,1.9403261178345714,14
DASHUSDT,1,2020-11-12 00:00:00+00:00,2020-11-13 00:00:00+00:00,77.69999694824219,70.86724615097046,157.9113582293431,2020-11-21 00:00:00+00:00,91.36549854278564,target,2104.543193634201,53.39472404541017,1.950513197244502,8
TOMOUSDT,1,2020-11-19 00:00:00+00:00,2020-11-20 00:00:00+00:00,0.6707000136375427,0.6134999990463257,20159.095152785507,2020-11-21 00:00:00+00:00,0.7851000428199768,target,2247.5058500470122,58.695223723115305,1.9490979131085377,1
QTUMUSDT,1,2020-11-19 00:00:00+00:00,2020-11-20 00:00:00+00:00,2.252000093460083,2.0799999237060547,6704.066272341906,2020-11-21 00:00:00+00:00,2.5960004329681396,target,2241.198440135081,65.00263363504652,1.9436279564914245,1
XRPUSDT,1,2020-11-20 00:00:00+00:00,2020-11-21 00:00:00+00:00,0.32993000745773315,0.3062593452632427,51237.29150073712,2020-11-21 00:00:00+00:00,0.377271331846714,target,2353.171075405861,72.47016234330732,1.9402465944134797,0
ATOMUSDT,1,2020-11-21 00:00:00+00:00,2020-11-22 00:00:00+00:00,5.922999858856201,5.357130646705627,2293.131789325845,2020-11-22 00:00:00+00:00,5.357130646705627,stop,-1349.3463306833476,51.73365170009609,-1.0398683309264765,0
BCHUSDT,1,2020-11-21 00:00:00+00:00,2020-11-22 00:00:00+00:00,305.07000732421875,278.1437129974365,48.19128333201727,2020-11-22 00:00:00+00:00,278.1437129974365,stop,-1353.8243142615331,56.21163527828154,-1.0433192709879548,0
ALGOUSDT,1,2020-11-21 00:00:00+00:00,2020-11-22 00:00:00+00:00,0.31709998846054077,0.2838999927043915,39084.72424255982,2020-11-22 00:00:00+00:00,0.2838999927043915,stop,-1344.5925160504817,46.97983706723005,-1.0362048227704135,0
ETCUSDT,1,2020-11-21 00:00:00+00:00,2020-11-22 00:00:00+00:00,6.589600086212158,6.015173375606537,2258.969952172264,2020-11-22 00:00:00+00:00,6.015173375606537,stop,-1354.560287991625,56.947609008373604,-1.043886446187467,0
ZECUSDT,1,2020-11-21 00:00:00+00:00,2020-11-22 00:00:00+00:00,72.6500015258789,65.17261075973511,173.53816586109082,2020-11-22 00:00:00+00:00,65.17261075973511,stop,-1345.4476456837108,47.8349667004594,-1.0368638249881625,0
ICXUSDT,1,2020-11-21 00:00:00+00:00,2020-11-22 00:00:00+00:00,0.4056999981403351,0.36335572600364685,30644.349601630405,2020-11-24 00:00:00+00:00,0.49038854241371155,target,2540.305256944997,54.92010102150594,1.957676044700381,2
XLMUSDT,1,2020-11-23 00:00:00+00:00,2020-11-24 00:00:00+00:00,0.13228000700473785,0.11986121535301208,101369.40947175056,2020-11-24 00:00:00+00:00,0.1571175903081894,target,2459.099025091984,58.67212708430981,1.9533935981166555,0
ZILUSDT,1,2020-11-16 00:00:00+00:00,2020-11-17 00:00:00+00:00,0.021940000355243683,0.019726257771253586,504085.9123319662,2020-11-25 00:00:00+00:00,0.026367485523223877,target,2183.130654054523,48.70224618302179,1.9563567270848652,8
FETUSDT,1,2020-11-17 00:00:00+00:00,2020-11-18 00:00:00+00:00,0.050859998911619186,0.042720727622509,139426.04620433386,2020-11-25 00:00:00+00:00,0.06713854148983955,target,2236.748689758054,32.90413989211549,1.9710051339462458,7
ZRXUSDT,1,2020-11-21 00:00:00+00:00,2020-11-22 00:00:00+00:00,0.41679999232292175,0.3752824068069458,31254.53137162638,2020-11-25 00:00:00+00:00,0.49983516335487366,target,2537.9273535075686,57.29800445893457,1.9558435229657047,3
WAVESUSDT,1,2020-11-23 00:00:00+00:00,2020-11-24 00:00:00+00:00,7.8927001953125,7.059000015258789,1509.9979659438764,2020-11-25 00:00:00+00:00,7.059000015258789,stop,-1304.0396498988775,45.15407381073055,-1.0358682907075971,1
LTCUSDT,1,2020-11-19 00:00:00+00:00,2020-11-20 00:00:00+00:00,81.54000091552734,73.4279158115387,142.1460108102285,2020-11-26 00:00:00+00:00,73.4279158115387,stop,-1197.156679217712,44.056142332648236,-1.0382066792299478,6
XMRUSDT,1,2020-11-23 00:00:00+00:00,2020-11-24 00:00:00+00:00,129.86000061035156,122.4000015258789,168.75143841618004,2020-11-26 00:00:00+00:00,122.4000015258789,stop,-1344.0240525188622,85.13847643071509,-1.0676300356822532,2
VETUSDT,1,2020-11-23 00:00:00+00:00,2020-11-24 00:00:00+00:00,0.016009999439120293,0.014057988300919533,644917.2094624972,2020-11-26 00:00:00+00:00,0.014057988300919533,stop,-1297.6683015830652,38.78272549491812,-1.0308071887005261,2
FTMUSDT,1,2020-11-23 00:00:00+00:00,2020-11-24 00:00:00+00:00,0.022180000320076942,0.01858999952673912,336222.5843636776,2020-11-26 00:00:00+00:00,0.01858999952673912,stop,-1234.4549340297017,27.415589426006473,-1.0227130868174041,2
BTTUSDT,1,2020-11-24 00:00:00+00:00,2020-11-25 00:00:00+00:00,0.0003581999917514622,0.00033155129403894534,49514042.07072266,2020-11-26 00:00:00+00:00,0.00033155129403894534,stop,-1387.7894880334538,68.30474836592259,-1.0517662283711846,1
BTTUSDT,1,2020-11-30 00:00:00+00:00,2020-12-01 00:00:00+00:00,0.0003795000084210187,0.00033973004974541254,31311807.84230905,2020-12-01 00:00:00+00:00,0.00033973004974541254,stop,-1290.3100906985924,45.040786751440116,-1.0361695149865764,0
BTCUSDT,1,2020-11-30 00:00:00+00:00,2020-12-01 00:00:00+00:00,19695.869140625,18184.990234375,0.8242019256446631,2020-12-01 00:00:00+00:00,18184.990234375,stop,-1307.7122584310519,62.44295448389937,-1.050144136923614,0
WAVESUSDT,1,2020-12-07 00:00:00+00:00,2020-12-08 00:00:00+00:00,8.944000244140625,8.138899803161621,1514.4558596604393,2020-12-08 00:00:00+00:00,8.138899803161621,stop,-1271.031676609117,51.74259615326097,-1.0424366928094821,0
OGNUSDT,-1,2020-12-11 00:00:00+00:00,2020-12-12 00:00:00+00:00,0.13269999623298645,0.14044304843991995,156368.0214649497,2020-12-12 00:00:00+00:00,0.14044304843991995,stop,-1296.1874286428329,85.42167494482949,-1.0705517765793497,0
RENUSDT,-1,2020-12-11 00:00:00+00:00,2020-12-12 00:00:00+00:00,0.2670699954032898,0.2841825969517231,70752.87473217955,2020-12-12 00:00:00+00:00,0.2841825969517231,stop,-1288.7711649233704,78.00541122536694,-1.0644265094111867,0
ICXUSDT,-1,2020-12-11 00:00:00+00:00,2020-12-12 00:00:00+00:00,0.3610999882221222,0.3808000087738037,61460.12642584056,2020-12-12 00:00:00+00:00,0.3808000087738037,stop,-1301.960288919404,91.19453522140067,-1.07531971807335,0
STXUSDT,1,2020-12-07 00:00:00+00:00,2020-12-08 00:00:00+00:00,0.26579999923706055,0.2370000034570694,42336.43260819362,2020-12-13 00:00:00+00:00,0.32339999079704285,target,2388.6889095700576,49.889251341654344,1.9590833280299678,5
ATOMUSDT,-1,2020-12-08 00:00:00+00:00,2020-12-09 00:00:00+00:00,4.735000133514404,5.13700008392334,3021.5218794077796,2020-12-13 00:00:00+00:00,5.13700008392334,stop,-1280.1177528970882,65.46610721564716,-1.0538970226141828,4
OMGUSDT,-1,2020-12-11 00:00:00+00:00,2020-12-12 00:00:00+00:00,2.992300033569336,3.2899999618530273,4067.0676700473077,2020-12-13 00:00:00+00:00,3.2899999618530273,stop,-1263.1633319114658,52.39757821346234,-1.0432763959943747,1
RLCUSDT,-1,2020-12-11 00:00:00+00:00,2020-12-12 00:00:00+00:00,0.8357999920845032,0.8848845362663269,24666.945041049326,2020-12-13 00:00:00+00:00,0.8848845362663269,stop,-1297.8074860145862,87.04173231658278,-1.071889820182586,1
XMRUSDT,1,2020-12-12 00:00:00+00:00,2020-12-13 00:00:00+00:00,146.75,141.02000427246094,157.02612075374657,2020-12-16 00:00:00+00:00,158.20999145507812,target,1703.7446331754281,95.77336888657325,1.8935566426378285,3
STXUSDT,1,2020-12-13 00:00:00+00:00,2020-12-14 00:00:00+00:00,0.3255000114440918,0.2921000123023987,34765.18058216601,2020-12-16 00:00:00+00:00,0.2921000123023987,stop,-1204.0989543113442,42.94195270619352,-1.0369820383004467,2
ZILUSDT,1,2020-12-16 00:00:00+00:00,2020-12-17 00:00:00+00:00,0.039159998297691345,0.03415999934077263,231636.45533133403,2020-12-19 00:00:00+00:00,0.04915999621152878,target,2275.4478091560404,40.91626092599727,1.9646719948263156,2
LTCUSDT,1,2020-12-17 00:00:00+00:00,2020-12-18 00:00:00+00:00,100.98999786376953,90.0,105.87048570428446,2020-12-19 00:00:00+00:00,122.9699935913086,target,2279.611317305305,47.42150614735304,1.9592429417673682,1
BTCUSDT,1,2020-12-16 00:00:00+00:00,2020-12-17 00:00:00+00:00,21335.51953125,19904.338623046875,0.8092492209773386,2020-12-20 00:00:00+00:00,24197.88134765625,target,2242.6683317026304,73.6957383794075,1.936369468572531,3
DOGEUSDT,1,2020-12-17 00:00:00+00:00,2020-12-18 00:00:00+00:00,0.0037181999068707228,0.003404000075533986,3703109.599951873,2020-12-20 00:00:00+00:00,0.004346599569544196,target,2267.30315072706,59.72967272559785,1.9486645206516888,2
XMRUSDT,1,2020-12-16 00:00:00+00:00,2020-12-17 00:00:00+00:00,158.80999755859375,147.3300018310547,100.88697439692301,2020-12-21 00:00:00+00:00,147.3300018310547,stop,-1219.953111601614,61.77107656059498,-1.053334514516457,4
FETUSDT,1,2020-12-18 00:00:00+00:00,2020-12-19 00:00:00+00:00,0.05981000140309334,0.05550000071525574,278752.03096407367,2020-12-21 00:00:00+00:00,0.05550000071525574,stop,-1265.7072397532086,64.28579456192288,-1.0535081130932265,2
BCHUSDT,1,2020-12-20 00:00:00+00:00,2020-12-21 00:00:00+00:00,348.9800109863281,312.1152648925781,33.78293367744559,2020-12-21 00:00:00+00:00,312.1152648925781,stop,-1290.066748040007,44.667475718979375,-1.0358659882912358,0
THETAUSDT,1,2020-12-16 00:00:00+00:00,2020-12-17 00:00:00+00:00,0.8556200265884399,0.763259768486023,12539.83107925843,2020-12-22 00:00:00+00:00,1.040340542793274,target,2268.814019536075,47.550050545962655,1.9589442340605132,5
BNBUSDT,1,2020-12-19 00:00:00+00:00,2020-12-20 00:00:00+00:00,33.30179977416992,30.881200790405273,509.54871126512126,2020-12-22 00:00:00+00:00,30.881200790405273,stop,-1298.8218231125545,65.40873044561567,-1.0530306762872008,2
ETHUSDT,1,2020-12-16 00:00:00+00:00,2020-12-17 00:00:00+00:00,637.1799926757812,582.8861694335938,21.33174578394925,2020-12-23 00:00:00+00:00,582.8861694335938,stop,-1210.2343174604505,52.052282419431606,-1.0449430925748975,6
ANKRUSDT,1,2020-12-18 00:00:00+00:00,2020-12-19 00:00:00+00:00,0.011133999563753605,0.009401664137840271,693527.0313241235,2020-12-23 00:00:00+00:00,0.009401664137840271,stop,-1229.9055209577596,28.48407576647392,-1.0237086460213292,4
DOGEUSDT,1,2020-12-20 00:00:00+00:00,2020-12-21 00:00:00+00:00,0.00464050006121397,0.004189065686659887,2758760.392473893,2020-12-23 00:00:00+00:00,0.004189065686659887,stop,-1294.1165848569847,48.71731253595705,-1.039117826402101,2
CHZUSDT,1,2020-12-21 00:00:00+00:00,2020-12-22 00:00:00+00:00,0.018848000094294548,0.016083424910902977,437731.1726897438,2020-12-23 00:00:00+00:00,0.016083424910902977,stop,-1240.721884277454,30.581147262497904,-1.0252707361442375,1
OMGUSDT,-1,2020-12-21 00:00:00+00:00,2020-12-22 00:00:00+00:00,2.9593000411987305,3.280900001525879,3762.8758902331238,2020-12-23 00:00:00+00:00,2.3161001205444336,target,2379.4496410220877,40.83183300782432,1.9662586079793134,1
ENJUSDT,-1,2020-12-23 00:00:00+00:00,2020-12-24 00:00:00+00:00,0.12202999740839005,0.1417517364025116,60487.86609685727,2020-12-24 00:00:00+00:00,0.1417517364025116,stop,-1224.8370958606943,31.911188387101333,-1.0267503523791208,0
ZILUSDT,1,2020-12-23 00:00:00+00:00,2020-12-24 00:00:00+00:00,0.057270001620054245,0.05087000131607056,186394.66418947742,2020-12-24 00:00:00+00:00,0.05087000131607056,stop,-1233.2393465390492,40.31343906545617,-1.033793749312422,0
ATOMUSDT,-1,2020-12-23 00:00:00+00:00,2020-12-24 00:00:00+00:00,4.394999980926514,4.9945454597473145,1989.7171267471917,2020-12-24 00:00:00+00:00,4.9945454597473145,stop,-1230.2909862249526,37.36507875135945,-1.031322212483835,0
THETAUSDT,1,2020-12-22 00:00:00+00:00,2020-12-23 00:00:00+00:00,1.0857000350952148,0.9663562774658203,10099.509405594945,2020-12-25 00:00:00+00:00,1.324387550354004,target,2361.945400879123,48.68140447510399,1.959610998793361,2
XTZUSDT,-1,2020-12-23 00:00:00+00:00,2020-12-24 00:00:00+00:00,1.8186999559402466,2.1148214861750603,4028.5010905071504,2020-12-25 00:00:00+00:00,2.1148214861750603,stop,-1225.448169513376,32.52226203978275,-1.0272626001632066,1
NEOUSDT,-1,2020-12-23 00:00:00+00:00,2020-12-24 00:00:00+00:00,13.45199966430664,15.692057967185974,532.5423476434636,2020-12-25 00:00:00+00:00,15.692057967185974,stop,-1224.779936128917,31.854028655323845,-1.0267024368032924,1
BTTUSDT,-1,2020-12-23 00:00:00+00:00,2020-12-24 00:00:00+00:00,0.00027600000612437725,0.00030820476786175277,37041910.671524465,2020-12-25 00:00:00+00:00,0.00030820476786175277,stop,-1237.3195093740228,44.39360190042983,-1.0372140479323209,1
THETAUSDT,1,2020-12-25 00:00:00+00:00,2020-12-26 00:00:00+00:00,1.2810800075531006,1.1594899892807007,9302.72309990364,2020-12-26 00:00:00+00:00,1.5242600440979004,target,2210.0419399975635,52.194603403157274,1.9538557508007581,0
TFUELUSDT,1,2020-12-25 00:00:00+00:00,2020-12-26 00:00:00+00:00,0.02370999939739704,0.019959457218647003,301587.93523482885,2020-12-26 00:00:00+00:00,0.031211083754897118,target,2229.1094712631993,33.12707213752148,1.9707129899973035,0
ARPAUSDT,-1,2020-12-23 00:00:00+00:00,2020-12-24 00:00:00+00:00,0.017799999564886093,0.02181902260053903,296819.8731112246,2020-12-27 00:00:00+00:00,0.02181902260053903,stop,-1218.1309737917434,25.205066318150262,-1.0211287777055076,3
BTCUSDT,1,2020-12-25 00:00:00+00:00,2020-12-26 00:00:00+00:00,24712.470703125,23433.599609375,0.8844662118240643,2020-12-27 00:00:00+00:00,27270.212890625,target,2170.282688923495,91.953854477226,1.918705358424636,1
ZILUSDT,1,2020-12-26 00:00:00+00:00,2020-12-27 00:00:00+00:00,0.08653999865055084,0.07396911829710007,95215.66936821722,2020-12-27 00:00:00+00:00,0.07396911829710007,stop,-1227.5107534213307,30.56596601974408,-1.0255366549413687,0
STXUSDT,1,2020-12-27 00:00:00+00:00,2020-12-28 00:00:00+00:00,0.41359999775886536,0.35677033104002476,20704.508522039236,2020-12-29 00:00:00+00:00,0.35677033104002476,stop,-1208.5305969603703,31.900278075485577,-1.0271115553997607,1
CHZUSDT,1,2020-12-28 00:00:00+00:00,2020-12-29 00:00:00+00:00,0.027545999735593796,0.023379363119602203,281531.03254433017,2020-12-30 00:00:00+00:00,0.023379363119602203,stop,-1201.7116487117628,28.674139974636013,-1.0244443504671101,1
ARPAUSDT,1,2020-12-29 00:00:00+00:00,2020-12-30 00:00:00+00:00,0.028829999268054962,0.024291912908665836,262705.2831830093,2020-12-31 00:00:00+00:00,0.024291912908665836,stop,-1220.090076115489,27.910813963216775,-1.023411591569567,1
BANDUSDT,-1,2020-12-23 00:00:00+00:00,2020-12-24 00:00:00+00:00,5.173699855804443,6.2733001708984375,1084.872285955667,2020-12-31 00:00:00+00:00,5.3491997718811035,end,-218.03477372165565,27.639778582541652,-0.18277310632260046,8
OMGUSDT,-1,2020-12-23 00:00:00+00:00,2020-12-24 00:00:00+00:00,2.33270001411438,2.8789968490600586,2183.6588300794606,2020-12-31 00:00:00+00:00,2.4737000465393066,end,-333.3705081707004,25.474542324518808,-0.27945617249332816,8
LTCUSDT,1,2020-12-25 00:00:00+00:00,2020-12-26 00:00:00+00:00,127.73999786376953,109.1266860961914,60.76931852990372,2020-12-31 00:00:00+00:00,124.20999908447266,end,-245.1372794655751,30.621659236312,-0.2167211737257776,6
ETHUSDT,1,2020-12-27 00:00:00+00:00,2020-12-28 00:00:00+00:00,685.0999755859375,625.0,19.577883475217227,2020-12-31 00:00:00+00:00,736.4199829101562,end,949.0764191305851,55.66070421026431,0.8066054425913852,4
VETUSDT,1,2020-12-28 00:00:00+00:00,2020-12-29 00:00:00+00:00,0.020210999995470047,0.01709708943963051,376708.799980565,2020-12-31 00:00:00+00:00,0.01875399984419346,end,-578.2216952205904,29.35691666168509,-0.4929268594685387,3
BNBUSDT,1,2020-12-28 00:00:00+00:00,2020-12-29 00:00:00+00:00,35.95069885253906,33.31050109863281,444.29910865638124,2020-12-31 00:00:00+00:00,37.35879898071289,end,560.4749427598465,65.1426890867215,0.47779797200453106,3
ICXUSDT,1,2020-12-29 00:00:00+00:00,2020-12-30 00:00:00+00:00,0.4674000144004822,0.414900004863739,22708.172296957437,2020-12-31 00:00:00+00:00,0.46650001406669617,end,-62.85168815606421,42.41432550913228,-0.05271999786558644,2
ADAUSDT,1,2020-12-29 00:00:00+00:00,2020-12-30 00:00:00+00:00,0.19068999588489532,0.1730400025844574,67545.59289961273,2020-12-31 00:00:00+00:00,0.18133999407291412,end,-681.809388498998,50.25797249627442,-0.5719017350361469,2
BTCUSDT,1,2020-12-30 00:00:00+00:00,2020-12-31 00:00:00+00:00,28875.55078125,27320.0,0.7532873337266603,2020-12-31 00:00:00+00:00,28923.630859375,end,-50.86066900314792,87.0787828592987,-0.043404745103849375,1
