symbol,side,signal_date,entry_date,entry,stop,qty,exit_date,exit,reason,pnl,costs,r,bars
BTCUSDT,-1,2018-06-02 00:00:00+00:00,2018-06-03 00:00:00+00:00,7636.81005859375,8822.596313476562,0.843322306935348,2018-06-05 00:00:00+00:00,7487.0,native,99.54771529348326,26.790448921917644,0.09954771529348326,2
ETHUSDT,-1,2018-06-03 00:00:00+00:00,2018-06-04 00:00:00+00:00,619.6599731445312,764.1552391052246,6.915185291695962,2018-06-09 00:00:00+00:00,599.2899780273438,native,121.92138441859363,18.94090620769994,0.1220175906654547,5
ETHUSDT,-1,2018-06-19 00:00:00+00:00,2018-06-20 00:00:00+00:00,537.6799926757812,660.9476013183594,8.130397774674957,2018-06-23 00:00:00+00:00,462.3999938964844,native,594.5545478438614,17.501786708867396,0.5932407029998021,3
ETHUSDT,-1,2018-07-02 00:00:00+00:00,2018-07-03 00:00:00+00:00,476.32000732421875,584.3237266540527,9.33449554081305,2018-07-10 00:00:00+00:00,471.7300109863281,native,22.05496080623149,20.79033954215678,0.021876443851161713,7
BTCUSDT,-1,2018-07-02 00:00:00+00:00,2018-07-03 00:00:00+00:00,6615.2900390625,7653.982177734375,0.9706054363371276,2018-07-11 00:00:00+00:00,6296.91015625,native,278.84396373397914,30.177281344211018,0.2765869488255095,8
BTCUSDT,-1,2018-07-16 00:00:00+00:00,2018-07-17 00:00:00+00:00,6723.330078125,7577.170928955078,1.1842596014678075,2018-07-18 00:00:00+00:00,7577.170928955078,stop,-1045.9068118187088,34.7375860977467,-1.0343538798592085,1
ETHUSDT,-1,2018-07-16 00:00:00+00:00,2018-07-17 00:00:00+00:00,478.489990234375,566.0631732940674,11.546562433750069,2018-07-21 00:00:00+00:00,449.0400085449219,native,316.437511923011,23.608540327055845,0.31294218996567225,4
BTCUSDT,-1,2018-07-18 00:00:00+00:00,2018-07-19 00:00:00+00:00,7381.8798828125,8358.37759399414,1.0245616793870667,2018-07-24 00:00:00+00:00,8358.37759399414,stop,-1036.5593561478054,36.07722126191679,-1.0360598355572153,5
BTCUSDT,-1,2018-07-24 00:00:00+00:00,2018-07-25 00:00:00+00:00,8397.240234375,9485.056182861328,0.9133060979138727,2018-08-01 00:00:00+00:00,7735.669921875,native,569.5760252380196,34.64017536701684,0.5732973331063205,7
BNBUSDT,1,2018-08-07 00:00:00+00:00,2018-08-08 00:00:00+00:00,13.148599624633789,10.580488920211792,389.08163020090575,2018-08-13 00:00:00+00:00,10.580488920211792,stop,-1017.6698043213274,18.465104908420315,-1.0184798019057253,5
NEOUSDT,-1,2018-08-17 00:00:00+00:00,2018-08-18 00:00:00+00:00,20.670000076293945,28.954394578933716,119.3844644958115,2018-08-21 00:00:00+00:00,17.086999893188477,native,418.0788890314072,9.675669117033738,0.42271693870387334,3
BTCUSDT,-1,2018-08-17 00:00:00+00:00,2018-08-18 00:00:00+00:00,6579.0400390625,7736.953063964844,0.8541470560391239,2018-08-21 00:00:00+00:00,6251.0,native,256.64379444876863,23.55063917942492,0.25949092856152256,3
ETHUSDT,-1,2018-08-17 00:00:00+00:00,2018-08-18 00:00:00+00:00,317.510009765625,398.90241622924805,12.151354706679216,2018-08-21 00:00:00+00:00,270.510009765625,native,555.7732658875586,15.340405326364468,0.5619388582708219,3
BNBUSDT,-1,2018-08-27 00:00:00+00:00,2018-08-28 00:00:00+00:00,11.168999671936035,13.78894728422165,382.1957951250097,2018-08-31 00:00:00+00:00,10.789899826049805,native,126.82490857854218,18.065458451714292,0.12665608097948858,3
ETHUSDT,-1,2018-08-28 00:00:00+00:00,2018-08-29 00:00:00+00:00,295.44000244140625,362.55585289001465,14.85811483017662,2018-09-01 00:00:00+00:00,281.4599914550781,native,189.30487857112013,18.411729990873837,0.18983356259592216,3
NEOUSDT,-1,2018-08-27 00:00:00+00:00,2018-08-28 00:00:00+00:00,20.680999755859375,28.016874313354492,136.4981029890024,2018-09-06 00:00:00+00:00,19.285999298095703,native,176.88631644501422,13.528599708516964,0.17665084777844425,9
BTCUSDT,-1,2018-08-27 00:00:00+00:00,2018-08-28 00:00:00+00:00,6907.259765625,7909.529388427734,0.999065459115937,2018-09-06 00:00:00+00:00,6697.27001953125,native,176.22309683416555,33.57040525662583,0.17598851103655092,9
LTCUSDT,-1,2018-08-28 00:00:00+00:00,2018-08-29 00:00:00+00:00,63.119998931884766,76.48013639450073,74.64107429139625,2018-09-06 00:00:00+00:00,57.709999084472656,native,381.9843449735815,21.82385555354812,0.3830511374537136,8
BTCUSDT,-1,2018-09-13 00:00:00+00:00,2018-09-14 00:00:00+00:00,6487.39013671875,7343.619049072266,1.1817461215320768,2018-09-18 00:00:00+00:00,6248.68994140625,native,248.9389650944171,33.14406492507899,0.246024753589214,4
BNBUSDT,-1,2018-09-15 00:00:00+00:00,2018-09-16 00:00:00+00:00,10.062600135803223,12.106755256652832,494.7524280080378,2018-09-18 00:00:00+00:00,9.362600326538086,native,326.1502791424955,20.176326096594238,0.3224897912806072,2
LTCUSDT,-1,2018-09-16 00:00:00+00:00,2018-09-17 00:00:00+00:00,56.75,69.94958686828613,76.66628552702645,2018-09-18 00:00:00+00:00,52.060001373291016,native,342.4814552232716,17.083318613361296,0.3384326849445515,1
BTCUSDT,-1,2018-09-21 00:00:00+00:00,2018-09-22 00:00:00+00:00,6759.009765625,7554.247894287109,1.2839184472074294,2018-09-25 00:00:00+00:00,6581.419921875,native,191.18539480696,36.82548162035001,0.18724924650101774,3
ETHUSDT,-1,2018-09-21 00:00:00+00:00,2018-09-22 00:00:00+00:00,247.6699981689453,315.8456573486328,14.976326090532382,2018-09-25 00:00:00+00:00,228.05999755859375,native,278.3677229930786,15.318040783085454,0.2726366542448903,3
BNBUSDT,-1,2018-09-21 00:00:00+00:00,2018-09-22 00:00:00+00:00,10.476099967956543,12.378837406635284,536.6063034009533,2018-09-25 00:00:00+00:00,10.029500007629395,native,215.99729153653197,23.651062273631524,0.21155031286419101,3
LTCUSDT,-1,2018-09-21 00:00:00+00:00,2018-09-22 00:00:00+00:00,60.81999969482422,74.71301126480103,73.49169027674695,2018-09-25 00:00:00+00:00,58.029998779296875,native,186.24976420280117,18.79211895297483,0.18241523126376982,3
NEOUSDT,-1,2018-09-21 00:00:00+00:00,2018-09-22 00:00:00+00:00,19.8439998626709,25.57045567035675,178.29892303396775,2018-09-26 00:00:00+00:00,18.209999084472656,native,276.43231104391623,14.908267945495599,0.27074108879379694,4
BNBUSDT,-1,2018-10-02 00:00:00+00:00,2018-10-03 00:00:00+00:00,10.300000190734863,11.91610711812973,638.8829913761992,2018-10-10 00:00:00+00:00,10.411299705505371,native,-102.25482281651328,31.147455881211783,-0.09903583836629168,7
BNBUSDT,-1,2018-10-15 00:00:00+00:00,2018-10-16 00:00:00+00:00,10.55090045928955,12.170910716056824,636.712437850846,2018-10-19 00:00:00+00:00,9.92199993133545,native,372.42038712258943,28.00840119675068,0.3610541567758536,3
BTCUSDT,-1,2018-10-15 00:00:00+00:00,2018-10-16 00:00:00+00:00,6752.5,7539.932159423828,1.309929582612437,2018-10-19 00:00:00+00:00,6618.9599609375,native,137.26124263832594,37.66680499286324,0.13307204420705732,3
NEOUSDT,-1,2018-10-17 00:00:00+00:00,2018-10-18 00:00:00+00:00,17.167999267578125,20.80739998817444,283.92305524721746,2018-10-26 00:00:00+00:00,16.709999084472656,native,106.96985273447564,23.06695855661409,0.10352157276308369,8
LTCUSDT,-1,2018-11-04 00:00:00+00:00,2018-11-05 00:00:00+00:00,54.599998474121094,61.861098766326904,142.90495283041983,2018-11-09 00:00:00+00:00,52.70000076293945,native,237.74235464511457,33.77672864920339,0.2291167516733233,4
ETHUSDT,-1,2018-11-04 00:00:00+00:00,2018-11-05 00:00:00+00:00,212.1300048828125,238.43299674987793,39.44977818488704,2018-11-10 00:00:00+00:00,210.77999877929688,native,15.65300507688373,37.604436255051326,0.015085093619498799,5
BTCUSDT,-1,2018-11-07 00:00:00+00:00,2018-11-08 00:00:00+00:00,6578.4599609375,6988.014846801758,2.526456270861573,2018-11-10 00:00:00+00:00,6419.990234375,native,331.42771674129597,68.93911767425098,0.32030589230363016,2
BNBUSDT,-1,2018-12-05 00:00:00+00:00,2018-12-06 00:00:00+00:00,6.068900108337402,7.819508731365204,596.0757943225784,2018-12-07 00:00:00+00:00,4.89769983291626,native,684.7580707109223,13.366063771557787,0.6562156900402136,1
ETHUSDT,-1,2018-12-17 00:00:00+00:00,2018-12-18 00:00:00+00:00,94.02999877929688,121.99582862854004,37.402336281276995,2018-12-23 00:00:00+00:00,121.99582862854004,stop,-1064.1521407305538,18.16476832418703,-1.0173661449491476,5
LTCUSDT,-1,2018-12-16 00:00:00+00:00,2018-12-17 00:00:00+00:00,25.510000228881836,33.93543243408203,124.66339775164143,2018-12-24 00:00:00+00:00,33.93543243408203,stop,-1067.837627391346,17.49462116498456,-1.016656102874278,7
NEOUSDT,-1,2018-12-17 00:00:00+00:00,2018-12-18 00:00:00+00:00,6.474999904632568,8.836755216121674,442.8855806179445,2018-12-24 00:00:00+00:00,8.836755216121674,stop,-1061.3964734872488,15.409101080882047,-1.014731632032452,6
BNBUSDT,-1,2018-12-17 00:00:00+00:00,2018-12-18 00:00:00+00:00,5.065000057220459,6.591023027896881,685.4335698123367,2018-12-26 00:00:00+00:00,5.44320011138916,native,-276.7478166576001,17.516803425528092,-0.26458045666547814,8
BTCUSDT,-1,2018-12-17 00:00:00+00:00,2018-12-18 00:00:00+00:00,3509.030029296875,4304.594177246094,1.3147743963861136,2018-12-26 00:00:00+00:00,3745.56005859375,native,-334.1141502717714,23.130523775782823,-0.31942464993924213,8
ADAUSDT,-1,2018-12-24 00:00:00+00:00,2018-12-25 00:00:00+00:00,0.04500000178813934,0.05736316507682204,81016.78090086146,2018-12-26 00:00:00+00:00,0.041039999574422836,native,306.5525279236055,14.27410379199106,0.3060555880970517,1
ETHUSDT,-1,2018-12-23 00:00:00+00:00,2018-12-24 00:00:00+00:00,129.02999877929688,161.21030712127686,31.497948202733006,2018-12-28 00:00:00+00:00,113.75,native,464.3919138068521,16.896696281264465,0.4581547393647588,4
NEOUSDT,-1,2018-12-24 00:00:00+00:00,2018-12-25 00:00:00+00:00,8.317999839782715,10.787209808826447,405.64541045842526,2018-12-28 00:00:00+00:00,6.800000190734863,native,602.6102507479312,13.159339965830004,0.601633383796239,3
NEOUSDT,-1,2019-01-06 00:00:00+00:00,2019-01-07 00:00:00+00:00,8.465999603271484,10.760334372520447,447.20416776912947,2019-01-11 00:00:00+00:00,7.770999908447266,native,294.75749743610754,16.049262687556165,0.2872779093720733,4
LTCUSDT,-1,2019-01-06 00:00:00+00:00,2019-01-07 00:00:00+00:00,38.290000915527344,47.74150824546814,108.55792999445168,2019-01-11 00:00:00+00:00,32.810001373291016,native,577.864341302112,17.03306537360652,0.5632008051158233,4
ADAUSDT,-1,2019-01-06 00:00:00+00:00,2019-01-07 00:00:00+00:00,0.04822000116109848,0.06015872023999691,85941.88909924756,2019-01-11 00:00:00+00:00,0.04365000128746033,native,375.32669590896705,17.427726414818473,0.3658026325712987,4
BTCUSDT,-1,2019-01-06 00:00:00+00:00,2019-01-07 00:00:00+00:00,3987.6201171875,4669.016357421875,1.505784755596599,2019-01-11 00:00:00+00:00,3585.8798828125,native,579.7947758952848,25.13954473639499,0.5650822541677729,4
BNBUSDT,-1,2019-01-08 00:00:00+00:00,2019-01-09 00:00:00+00:00,6.519700050354004,7.842118859291077,774.0575669957811,2019-01-11 00:00:00+00:00,5.843999862670898,native,502.9308905961321,20.09995270044528,0.49132179871855447,2
LTCUSDT,-1,2019-01-24 00:00:00+00:00,2019-01-25 00:00:00+00:00,32.52000045776367,40.333600759506226,134.34428550891212,2019-01-28 00:00:00+00:00,32.220001220703125,native,21.59574098901568,18.707442167102236,0.02057300447950217,3
BNBUSDT,-1,2019-01-19 00:00:00+00:00,2019-01-20 00:00:00+00:00,6.52209997177124,7.856727033853531,786.2442197447704,2019-01-29 00:00:00+00:00,6.1641998291015625,native,256.797766571238,24.59915184862472,0.24472247140873943,9
BNBUSDT,-1,2019-02-02 00:00:00+00:00,2019-02-03 00:00:00+00:00,6.868800163269043,8.102208256721497,853.0240345737658,2019-02-06 00:00:00+00:00,8.102208256721497,stop,-1079.5243676138878,27.397619461139275,-1.026040227101195,3
LTCUSDT,-1,2019-02-02 00:00:00+00:00,2019-02-03 00:00:00+00:00,34.59000015258789,41.41899871826172,154.06750170388025,2019-02-07 00:00:00+00:00,32.779998779296875,native,256.02866183748847,22.8337278260507,0.24334393388154607,4
BNBUSDT,-1,2019-02-06 00:00:00+00:00,2019-02-07 00:00:00+00:00,8.134699821472168,9.645744979381561,690.8975434912402,2019-02-11 00:00:00+00:00,9.645744979381561,stop,-1070.928671874885,26.951284170952,-1.025815965449431,4
BTCUSDT,-1,2019-02-08 00:00:00+00:00,2019-02-09 00:00:00+00:00,3660.27001953125,4036.613212585449,2.764956732660366,2019-02-14 00:00:00+00:00,3608.340087890625,native,98.35226608190322,45.23174803443544,0.0945174433656466,5
LTCUSDT,-1,2019-02-08 00:00:00+00:00,2019-02-09 00:00:00+00:00,42.9900016784668,51.18946886062622,126.90734925925531,2019-02-14 00:00:00+00:00,41.61000061035156,native,150.8692415308243,24.263035998621135,0.1449867457058169,5
ADAUSDT,-1,2019-02-09 00:00:00+00:00,2019-02-10 00:00:00+00:00,0.04117000102996826,0.04907235247083008,130798.94451689355,2019-02-14 00:00:00+00:00,0.04104999825358391,native,-8.001785292017084,23.69802178218734,-0.00774152132413755,4
NEOUSDT,-1,2019-02-08 00:00:00+00:00,2019-02-09 00:00:00+00:00,7.550000190734863,8.980585604906082,727.3754052839571,2019-02-15 00:00:00+00:00,7.879000186920166,native,-265.2474771331307,25.94097156942576,-0.2549052949825656,6
EOSUSDT,-1,2019-02-08 00:00:00+00:00,2019-02-09 00:00:00+00:00,2.721299886703491,3.1993968039751053,2176.4889248071495,2019-02-15 00:00:00+00:00,2.742799997329712,native,-74.25958298310348,27.464830323005614,-0.07136415060449205,6
ETHUSDT,-1,2019-02-08 00:00:00+00:00,2019-02-09 00:00:00+00:00,119.31999969482422,140.76900148391724,48.513802910643946,2019-02-18 00:00:00+00:00,140.76900148391724,stop,-1071.1836908621108,30.611045436002698,-1.0294174996532488,9
BTCUSDT,-1,2019-02-17 00:00:00+00:00,2019-02-18 00:00:00+00:00,3667.6201171875,3966.745536804199,3.4328604654980106,2019-02-19 00:00:00+00:00,3966.745536804199,stop,-1080.6095863077608,53.753759080091015,-1.0523479125840058,1
ONTUSDT,-1,2019-02-15 00:00:00+00:00,2019-02-16 00:00:00+00:00,0.6708999872207642,0.7980855442583561,8105.499520768794,2019-02-22 00:00:00+00:00,0.7980855442583561,stop,-1058.0503918868494,27.147920269935845,-1.0263341305481166,6
NEOUSDT,-1,2019-02-18 00:00:00+00:00,2019-02-19 00:00:00+00:00,8.774999618530273,10.405054032802582,621.147467903702,2019-02-22 00:00:00+00:00,8.586000442504883,native,94.17830200406432,23.21805761999313,0.0930152236516499,3
EOSUSDT,-1,2019-02-18 00:00:00+00:00,2019-02-19 00:00:00+00:00,3.476300001144409,4.073982000350952,1694.051641700191,2019-02-23 00:00:00+00:00,4.073982000350952,stop,-1040.6390222546033,28.13485028410675,-1.0277873919564715,4
ONTUSDT,-1,2019-02-22 00:00:00+00:00,2019-02-23 00:00:00+00:00,0.8131999969482422,0.9837807230651379,5754.699813246337,2019-02-23 00:00:00+00:00,0.9837807230651379,stop,-1002.3230419560606,20.68216922773653,-1.0210689772627881,0
ONTUSDT,-1,2019-02-23 00:00:00+00:00,2019-02-24 00:00:00+00:00,0.9650999903678894,1.1652178168296814,4706.807205718948,2019-02-24 00:00:00+00:00,1.1652178168296814,stop,-961.9700179939545,20.05399041077783,-1.0212906350709772,0
XLMUSDT,-1,2019-02-18 00:00:00+00:00,2019-02-19 00:00:00+00:00,0.08358000218868256,0.09869773825630546,66974.58980904815,2019-02-25 00:00:00+00:00,0.08196999877691269,native,82.0615142470111,25.76780384744377,0.08104807517711869,6
ETHUSDT,-1,2019-02-18 00:00:00+00:00,2019-02-19 00:00:00+00:00,145.69000244140625,168.12479543685913,45.130979018870924,2019-02-25 00:00:00+00:00,132.10000610351562,native,584.307821157705,29.02201843416947,0.5770917664670435,6
ADAUSDT,-1,2019-02-18 00:00:00+00:00,2019-02-19 00:00:00+00:00,0.04560000076889992,0.052930842619389296,138115.67520078277,2019-02-25 00:00:00+00:00,0.04162000119686127,native,521.8190544224735,27.88127376847116,0.5153747202907121,6
ETCUSDT,-1,2019-02-18 00:00:00+00:00,2019-02-19 00:00:00+00:00,4.377699851989746,4.98158660531044,1676.6457724115803,2019-02-25 00:00:00+00:00,4.080399990081787,native,465.53185203349324,32.93470457303283,0.45978265070008867,6
XRPUSDT,-1,2019-02-18 00:00:00+00:00,2019-02-19 00:00:00+00:00,0.3218800127506256,0.3650699146091938,23443.076469265736,2019-02-25 00:00:00+00:00,0.29756999015808105,native,536.3448065795209,33.55691202707881,0.5297210830605343,6
BTCUSDT,-1,2019-02-19 00:00:00+00:00,2019-02-20 00:00:00+00:00,3907.35009765625,4248.676818847656,2.932803704836543,2019-02-25 00:00:00+00:00,3743.56005859375,native,429.70026788843234,50.66376548938979,0.4292520118298438,5
ICXUSDT,-1,2019-02-22 00:00:00+00:00,2019-02-23 00:00:00+00:00,0.25130000710487366,0.2971811732277274,21395.290392136772,2019-02-25 00:00:00+00:00,0.23229999840259552,native,384.7281582473228,21.7825453910437,0.39192353225679,2
ONTUSDT,-1,2019-02-24 00:00:00+00:00,2019-02-25 00:00:00+00:00,0.9794999957084656,1.241845116019249,3842.8407124397727,2019-02-27 00:00:00+00:00,0.906000018119812,native,267.2333242048136,15.215382036275251,0.26507284558060035,2
NEOUSDT,-1,2019-02-23 00:00:00+00:00,2019-02-24 00:00:00+00:00,10.142999649047852,12.00873190164566,504.85058950536506,2019-02-28 00:00:00+00:00,8.869000434875488,native,622.1642425467454,21.015011757544013,0.6605304765257376,4
BNBUSDT,1,2019-02-25 00:00:00+00:00,2019-02-26 00:00:00+00:00,9.696700096130371,7.457628309726715,449.1473155603171,2019-03-01 00:00:00+00:00,10.277700424194336,native,243.01184094233253,17.94289674726089,0.24164099173092596,3
ICXUSDT,-1,2019-02-28 00:00:00+00:00,2019-03-01 00:00:00+00:00,0.28700000047683716,0.35417032055556774,15072.965312714865,2019-03-05 00:00:00+00:00,0.2676999866962433,native,272.50027829255225,18.408159957258057,0.2691477989875766,4
TRXUSDT,1,2019-03-02 00:00:00+00:00,2019-03-03 00:00:00+00:00,0.022679999470710754,0.0184201238444075,237879.65428853314,2019-03-06 00:00:00+00:00,0.023739999160170555,native,230.06761322187344,22.084746452776457,0.22703942017136894,3
XLMUSDT,-1,2019-03-09 00:00:00+00:00,2019-03-10 00:00:00+00:00,0.09035000205039978,0.10673459293320775,61598.33764450879,2019-03-11 00:00:00+00:00,0.10673459293320775,stop,-1034.1614363597462,24.897874993400585,-1.0246693489653917,1
BTCUSDT,-1,2019-03-09 00:00:00+00:00,2019-03-10 00:00:00+00:00,3943.429931640625,4309.399719238281,2.7577783619557157,2019-03-12 00:00:00+00:00,3871.610107421875,native,152.81098413360633,45.252173056325475,0.15140840310010806,2
ICXUSDT,-1,2019-03-07 00:00:00+00:00,2019-03-08 00:00:00+00:00,0.32089999318122864,0.39579647220671177,13583.927809174971,2019-03-18 00:00:00+00:00,0.3314000070095062,native,-164.96150545258763,22.330075613925942,-0.16214211922429445,10
NEOUSDT,-1,2019-03-14 00:00:00+00:00,2019-03-15 00:00:00+00:00,9.27299976348877,10.967160761356354,592.4506815386937,2019-03-19 00:00:00+00:00,9.102999687194824,native,76.75481618587887,23.96184487609897,0.07647134929593867,4
ADAUSDT,-1,2019-03-09 00:00:00+00:00,2019-03-10 00:00:00+00:00,0.046890001744031906,0.05454064183868468,131918.8393232281,2019-03-20 00:00:00+00:00,0.052069999277591705,max_hold,-715.8724271880736,32.53316486368054,-0.7093017667445778,10
XLMUSDT,-1,2019-03-11 00:00:00+00:00,2019-03-12 00:00:00+00:00,0.1019899994134903,0.12136906012892723,51973.17771389944,2019-03-21 00:00:00+00:00,0.10882999747991562,native,-382.5111050145393,27.0146699454874,-0.37977996807782816,9
ONTUSDT,-1,2019-03-16 00:00:00+00:00,2019-03-17 00:00:00+00:00,1.0728000402450562,1.3501643016934395,3583.8194726037395,2019-03-21 00:00:00+00:00,1.3501643016934395,stop,-1013.0550947455288,19.031653562457908,-1.0191460812431212,4
XRPUSDT,-1,2019-03-16 00:00:00+00:00,2019-03-17 00:00:00+00:00,0.3186599910259247,0.3571934076026082,25796.40035824262,2019-03-22 00:00:00+00:00,0.3096500039100647,native,195.9504148277287,36.47482003560323,0.19712856529269737,5
ETHUSDT,-1,2019-03-16 00:00:00+00:00,2019-03-17 00:00:00+00:00,140.94000244140625,162.32168292999268,46.48949093190697,2019-03-22 00:00:00+00:00,134.85000610351562,native,254.2765635594983,28.844265966214543,0.2558053995757508,5
EOSUSDT,-1,2019-03-16 00:00:00+00:00,2019-03-17 00:00:00+00:00,3.7973999977111816,4.539914309978485,1338.7263043425683,2019-03-22 00:00:00+00:00,3.6191999912261963,native,216.22689117491058,22.334144940555532,0.2175269538086152,5
BTCUSDT,-1,2019-03-20 00:00:00+00:00,2019-03-21 00:00:00+00:00,4043.0400390625,4338.87841796875,3.335451093959538,2019-03-22 00:00:00+00:00,3980.85009765625,native,152.57719885966085,54.85430923709527,0.1546252968011659,1
ADAUSDT,-1,2019-03-20 00:00:00+00:00,2019-03-21 00:00:00+00:00,0.05355999991297722,0.06167348590679467,121619.04825003505,2019-03-23 00:00:00+00:00,0.06167348590679467,stop,-1016.123130493752,29.368685935684248,-1.0297629122398708,2
TRXUSDT,1,2019-03-21 00:00:00+00:00,2019-03-22 00:00:00+00:00,0.022180000320076942,0.01924081053584814,336003.134564472,2019-03-24 00:00:00+00:00,0.02428000047802925,native,674.3852238577989,31.22141180006311,0.6828685126512588,2
IOTAUSDT,-1,2019-03-14 00:00:00+00:00,2019-03-15 00:00:00+00:00,0.2971000075340271,0.3491730783134699,19274.969246084165,2019-03-25 00:00:00+00:00,0.3070000112056732,max_hold,-219.9681408169261,29.14587450982685,-0.21915576593464775,10
BNBUSDT,1,2019-03-21 00:00:00+00:00,2019-03-22 00:00:00+00:00,14.35669994354248,11.753830134868622,379.41850848234094,2019-03-25 00:00:00+00:00,17.1112003326416,native,1021.2294216702948,23.879007575721616,1.0340757649796106,3
ETCUSDT,-1,2019-03-16 00:00:00+00:00,2019-03-17 00:00:00+00:00,4.484899997711182,5.134516939520836,1530.1685919920667,2019-03-26 00:00:00+00:00,4.693600177764893,native,-353.8704923743701,34.524031713092455,-0.35599813617393067,9
EOSUSDT,-1,2019-03-26 00:00:00+00:00,2019-03-27 00:00:00+00:00,3.7439000606536865,4.299388274550438,1791.5516363895476,2019-03-27 00:00:00+00:00,4.299388274550438,stop,-1024.0057513596078,28.81993275777582,-1.0289593483137307,0
ONTUSDT,1,2019-03-25 00:00:00+00:00,2019-03-26 00:00:00+00:00,1.19159996509552,0.8569615334272385,2976.4137871285,2019-03-28 00:00:00+00:00,1.2518999576568604,native,164.93199550546413,14.54573371785522,0.16559064193429232,2
BTCUSDT,-1,2019-03-29 00:00:00+00:00,2019-03-30 00:00:00+00:00,4104.240234375,4375.764976501465,3.635891524181747,2019-04-02 00:00:00+00:00,4375.764976501465,stop,-1053.3915853170856,66.15707681383769,-1.0670125246271414,3
NEOUSDT,-1,2019-03-29 00:00:00+00:00,2019-03-30 00:00:00+00:00,9.946999549865723,11.45084422826767,656.4737187834636,2019-04-02 00:00:00+00:00,11.45084422826767,stop,-1017.3031630318426,30.068654528594593,-1.0304574589619866,3
ICXUSDT,-1,2019-03-31 00:00:00+00:00,2019-04-01 00:00:00+00:00,0.3538999855518341,0.4309904780238867,12787.587407223786,2019-04-03 00:00:00+00:00,0.4309904780238867,stop,-1006.8208915366164,21.019480784316734,-1.0213222263176476,2
XLMUSDT,-1,2019-04-01 00:00:00+00:00,2019-04-02 00:00:00+00:00,0.11017999798059464,0.12714223470538855,58056.08617485045,2019-04-03 00:00:00+00:00,0.12714223470538855,stop,-1013.0201942549155,28.259117242067155,-1.0286964197729949,1
IOTAUSDT,-1,2019-04-01 00:00:00+00:00,2019-04-02 00:00:00+00:00,0.32120001316070557,0.3662076033651829,21879.8889818119,2019-04-03 00:00:00+00:00,0.3662076033651829,stop,-1015.607896619044,30.846819606195876,-1.031324166161975,1
ETCUSDT,-1,2019-04-02 00:00:00+00:00,2019-04-03 00:00:00+00:00,5.428899765014648,6.116037994623184,1381.4066587765722,2019-04-03 00:00:00+00:00,6.116037994623184,stop,-981.113833673826,31.89650779264957,-1.0336029557436064,0
ETCUSDT,-1,2019-04-03 00:00:00+00:00,2019-04-04 00:00:00+00:00,5.409900188446045,6.28317853808403,1063.6259582825307,2019-04-07 00:00:00+00:00,6.28317853808403,stop,-955.5289682833984,26.68744680230944,-1.0287319700779038,3
XRPUSDT,-1,2019-04-02 00:00:00+00:00,2019-04-03 00:00:00+00:00,0.3504999876022339,0.38703928515315056,25977.98506001556,2019-04-10 00:00:00+00:00,0.34727999567985535,native,41.03482412682439,42.6140779260961,0.043230167642305715,7
ADAUSDT,1,2019-04-09 00:00:00+00:00,2019-04-10 00:00:00+00:00,0.0828699991106987,0.06386141432449222,48307.23815033784,2019-04-11 00:00:00+00:00,0.08947999775409698,native,302.65927395253567,16.651504687515327,0.3296036354171451,1
BNBUSDT,1,2019-04-08 00:00:00+00:00,2019-04-09 00:00:00+00:00,17.97279930114746,14.908758163452148,298.69843669801486,2019-04-14 00:00:00+00:00,18.611099243164062,native,168.80408821778315,21.85510660700927,0.1844401297278454,5
LTCUSDT,1,2019-04-13 00:00:00+00:00,2019-04-14 00:00:00+00:00,77.58000183105469,57.95283794403076,46.84588868354485,2019-04-15 00:00:00+00:00,83.30999755859375,native,253.35267200607635,15.074070003406138,0.2755474891782653,1
VETUSDT,1,2019-04-11 00:00:00+00:00,2019-04-12 00:00:00+00:00,0.006599999964237213,0.005038505885750055,586448.057268997,2019-04-17 00:00:00+00:00,0.0069610001519322395,native,195.80221440198704,15.905644345504435,0.21381969490794545,5
ICXUSDT,1,2019-04-11 00:00:00+00:00,2019-04-12 00:00:00+00:00,0.3711000084877014,0.2664357200264931,8749.260920120187,2019-04-19 00:00:00+00:00,0.37119999527931213,native,-12.114342299559743,12.989152827927597,-0.013229089274671634,7
QTUMUSDT,1,2019-04-11 00:00:00+00:00,2019-04-12 00:00:00+00:00,2.9119999408721924,2.0651422441005707,1081.3329940281446,2019-04-19 00:00:00+00:00,2.927999973297119,native,4.671393781967829,12.629969184625619,0.005101249729508157,7
ONTUSDT,1,2019-04-09 00:00:00+00:00,2019-04-10 00:00:00+00:00,1.4422999620437622,1.0680089592933655,2453.310994441723,2019-04-20 00:00:00+00:00,1.2996000051498413,max_hold,-363.540839824567,13.453466670350934,-0.39590520674932533,10
TRXUSDT,1,2019-04-13 00:00:00+00:00,2019-04-14 00:00:00+00:00,0.026030000299215317,0.02024137240368873,158837.62978369373,2019-04-24 00:00:00+00:00,0.024059999734163284,max_hold,-328.8225741877362,15.912353762333995,-0.35762888934675024,10
ONTUSDT,1,2019-04-21 00:00:00+00:00,2019-04-22 00:00:00+00:00,1.2204999923706055,0.9024709835648537,2885.208694072671,2019-04-28 00:00:00+00:00,1.148300051689148,native,-221.98086152895422,13.668964963281853,-0.24191988353040317,6
ETCUSDT,1,2019-04-21 00:00:00+00:00,2019-04-22 00:00:00+00:00,5.878600120544434,4.573562294244766,703.1061036563175,2019-04-29 00:00:00+00:00,5.625999927520752,native,-193.78264652755328,16.17790902783879,-0.21118881580718687,7
ADAUSDT,1,2019-04-19 00:00:00+00:00,2019-04-20 00:00:00+00:00,0.07887999713420868,0.06142038106918335,52866.37896715778,2019-04-30 00:00:00+00:00,0.06513000279664993,max_hold,-742.1389859084646,15.226574462810275,-0.8040276650493515,10
LTCUSDT,1,2019-04-21 00:00:00+00:00,2019-04-22 00:00:00+00:00,76.61000061035156,58.150177001953125,49.70687047931536,2019-05-01 00:00:00+00:00,74.30999755859375,native,-129.3294753992002,15.003521603444554,-0.14094625730399582,9
QTUMUSDT,1,2019-04-21 00:00:00+00:00,2019-04-22 00:00:00+00:00,2.7009999752044678,2.039989858865738,1388.1482877388548,2019-05-01 00:00:00+00:00,2.430999994277954,native,-389.04796515328917,14.24795394062576,-0.4239934820027161,9
NEOUSDT,1,2019-04-21 00:00:00+00:00,2019-04-22 00:00:00+00:00,10.501999855041504,8.254227697849274,408.217558099772,2019-05-01 00:00:00+00:00,9.734000205993652,native,-330.0323224170411,16.52138106124522,-0.35967686786360575,9
EOSUSDT,1,2019-04-21 00:00:00+00:00,2019-04-22 00:00:00+00:00,5.199999809265137,4.203586518764496,920.8830009810864,2019-05-01 00:00:00+00:00,4.816999912261963,native,-371.14706405650287,18.448969528773162,-0.40448466543809997,9
ETHUSDT,1,2019-04-25 00:00:00+00:00,2019-04-26 00:00:00+00:00,154.6999969482422,127.08672523498535,32.08706568323193,2019-05-01 00:00:00+00:00,161.85000610351562,native,209.10849192107037,20.31432147989804,0.23600641086080443,5
VETUSDT,1,2019-04-24 00:00:00+00:00,2019-04-25 00:00:00+00:00,0.006391000002622604,0.004970552487066016,632906.8939097241,2019-05-02 00:00:00+00:00,0.0065830000676214695,native,105.09549659681142,16.422668172085437,0.11690123221012573,7
IOTAUSDT,-1,2019-04-29 00:00:00+00:00,2019-04-30 00:00:00+00:00,0.30730000138282776,0.3789725434035063,12302.567387012547,2019-05-03 00:00:00+00:00,0.28679999709129333,native,236.49907213584044,15.703612094808229,0.268213652722896,3
TRXUSDT,1,2019-04-24 00:00:00+00:00,2019-04-25 00:00:00+00:00,0.023259999230504036,0.01871584542095661,197839.0395025476,2019-05-04 00:00:00+00:00,0.023809999227523804,native,90.18690456814964,18.62456656864525,0.10031790718569747,9
BNBUSDT,1,2019-05-07 00:00:00+00:00,2019-05-08 00:00:00+00:00,20.660200119018555,16.238898992538452,204.02578130621296,2019-05-12 00:00:00+00:00,20.787099838256836,native,8.978178851497237,16.91263551363216,0.00995297946574472,4
VETUSDT,1,2019-05-07 00:00:00+00:00,2019-05-08 00:00:00+00:00,0.00611699977889657,0.004816666682017967,693714.109781178,2019-05-12 00:00:00+00:00,0.006316000130027533,native,120.79945650349988,17.2498949274575,0.13391518813995937,4
ONTUSDT,1,2019-05-07 00:00:00+00:00,2019-05-08 00:00:00+00:00,1.0392999649047852,0.7552316784858704,3175.5020178136942,2019-05-12 00:00:00+00:00,1.1771999597549438,native,423.8247119366952,14.076999966481742,0.46984123670889394,4
XRPUSDT,-1,2019-05-11 00:00:00+00:00,2019-05-12 00:00:00+00:00,0.31703001260757446,0.36156622413545847,20386.359899158208,2019-05-14 00:00:00+00:00,0.36156622413545847,stop,-936.8924558766229,28.961219124140847,-1.0318980314277215,2
IOTAUSDT,-1,2019-05-11 00:00:00+00:00,2019-05-12 00:00:00+00:00,0.3084999918937683,0.3784492090344429,12979.86273279578,2019-05-14 00:00:00+00:00,0.3784492090344429,stop,-926.5880813054077,18.65684455292576,-1.0205487417964143,2
XLMUSDT,-1,2019-05-11 00:00:00+00:00,2019-05-12 00:00:00+00:00,0.1027199998497963,0.12194510735571384,47226.32819988226,2019-05-15 00:00:00+00:00,0.12194510735571384,stop,-930.6207584324976,22.689521680015677,-1.0249903525306303,3
VETUSDT,1,2019-05-22 00:00:00+00:00,2019-05-23 00:00:00+00:00,0.007110000122338533,0.005104857846163213,438699.25724911573,2019-05-27 00:00:00+00:00,0.007511999923735857,native,163.52769316787916,12.829321119418744,0.18589992627165716,4
NEOUSDT,1,2019-06-04 00:00:00+00:00,2019-06-05 00:00:00+00:00,11.480999946594238,7.695302605628967,232.7945487432662,2019-06-08 00:00:00+00:00,12.166999816894531,native,148.68677937725136,11.01025086724447,0.1687149851790475,3
BTCUSDT,1,2019-06-04 00:00:00+00:00,2019-06-05 00:00:00+00:00,7687.0400390625,6215.107086181641,0.5987295158001168,2019-06-08 00:00:00+00:00,7978.93994140625,native,156.00971797589406,18.759369216480756,0.1770243283655212,3
BNBUSDT,1,2019-06-04 00:00:00+00:00,2019-06-05 00:00:00+00:00,29.24519920349121,21.77575922012329,117.98604796757809,2019-06-09 00:00:00+00:00,31.704200744628906,native,275.74551613327253,14.382357651748002,0.31288861634144505,4
ONTUSDT,1,2019-06-04 00:00:00+00:00,2019-06-05 00:00:00+00:00,1.254699945449829,0.8358606696128845,2104.1238370197207,2019-06-11 00:00:00+00:00,1.4032000303268433,native,301.2774669982856,11.185101390891669,0.3418597375791541,6
ADAUSDT,1,2019-06-09 00:00:00+00:00,2019-06-10 00:00:00+00:00,0.07891999930143356,0.05600518360733986,38673.573988808836,2019-06-12 00:00:00+00:00,0.08743000030517578,native,316.24545542741305,12.866698035649055,0.35685650339473163,2
ETHUSDT,1,2019-06-04 00:00:00+00:00,2019-06-05 00:00:00+00:00,241.4600067138672,183.6952781677246,15.256536754338196,2019-06-13 00:00:00+00:00,261.1300048828125,native,284.7604840537032,15.335565968576008,0.32311790629886644,8
TRXUSDT,1,2019-06-09 00:00:00+00:00,2019-06-10 00:00:00+00:00,0.029650000855326653,0.019376475363969803,86260.34178150547,2019-06-13 00:00:00+00:00,0.03348999843001366,native,320.34654739577815,10.892955836874933,0.3614842421173419,3
EOSUSDT,1,2019-06-04 00:00:00+00:00,2019-06-05 00:00:00+00:00,6.29610013961792,4.010644555091858,385.6078893571442,2019-06-14 00:00:00+00:00,6.457200050354004,native,52.2858502173794,9.83554633718628,0.059328788218064754,9
XRPUSDT,1,2019-06-09 00:00:00+00:00,2019-06-10 00:00:00+00:00,0.3852800130844116,0.28627341985702515,8950.897019051428,2019-06-16 00:00:00+00:00,0.4094899892807007,native,202.47319487666704,14.22780889000276,0.22847403848758768,6
VETUSDT,1,2019-06-09 00:00:00+00:00,2019-06-10 00:00:00+00:00,0.007215999998152256,0.00538612314267084,484293.69305963715,2019-06-20 00:00:00+00:00,0.007313999813050032,max_hold,33.38711773855864,14.073574537445975,0.037674565405240855,10
XLMUSDT,1,2019-06-20 00:00:00+00:00,2019-06-21 00:00:00+00:00,0.12105000019073486,0.09937391523271799,41532.83040108718,2019-06-23 00:00:00+00:00,0.12985000014305115,native,344.64773122613576,20.8411743229917,0.38282743252395457,2
VETUSDT,1,2019-06-20 00:00:00+00:00,2019-06-21 00:00:00+00:00,0.00688599981367588,0.005448965821415186,626477.2894513078,2019-06-24 00:00:00+00:00,0.007215999998152256,native,189.06845585327744,17.669165235913887,0.21001325402048665,3
ICXUSDT,1,2019-06-18 00:00:00+00:00,2019-06-19 00:00:00+00:00,0.3571999967098236,0.2693429049104452,10272.588131503677,2019-06-27 00:00:00+00:00,0.34689998626708984,native,-120.27362328543197,14.465858257041166,-0.13326426095941443,8
LTCUSDT,1,2019-06-27 00:00:00+00:00,2019-06-28 00:00:00+00:00,116.0199966430664,87.63768482208252,31.665056532633148,2019-06-30 00:00:00+00:00,133.8800048828125,native,549.7119752332097,15.826195351644131,0.6116558913942809,2
NULSUSDT,1,2019-06-26 00:00:00+00:00,2019-06-27 00:00:00+00:00,0.8914999961853027,0.5919419974088669,3025.953828883389,2019-07-02 00:00:00+00:00,0.9114000201225281,native,49.30556921283691,10.910984414881211,0.05439422072241268,5
EOSUSDT,1,2019-06-26 00:00:00+00:00,2019-06-27 00:00:00+00:00,6.808199882507324,5.238534688949585,577.4789917559948,2019-07-07 00:00:00+00:00,5.769100189208984,max_hold,-614.5844963487434,14.52625312885467,-0.6780135648096884,10
XLMUSDT,1,2019-06-27 00:00:00+00:00,2019-06-28 00:00:00+00:00,0.10898000001907349,0.08410311210900545,36127.007187846386,2019-07-08 00:00:00+00:00,0.10560999810695648,native,-137.25307211158514,15.504988809478053,-0.15271934022066647,10
ADAUSDT,1,2019-06-27 00:00:00+00:00,2019-06-28 00:00:00+00:00,0.08643999695777893,0.06397329038009048,40002.63702338986,2019-07-08 00:00:00+00:00,0.07976000010967255,native,-280.51436554414346,13.296876311955444,-0.31212393405294453,10
XRPUSDT,1,2019-06-27 00:00:00+00:00,2019-06-28 00:00:00+00:00,0.41060999035835266,0.31072358787059784,8997.49601502019,2019-07-08 00:00:00+00:00,0.3965100049972534,native,-141.3886799820438,14.52411788371036,-0.1573209662219728,10
ETCUSDT,1,2019-06-27 00:00:00+00:00,2019-06-28 00:00:00+00:00,7.78380012512207,5.836640298366547,461.55816075755394,2019-07-08 00:00:00+00:00,7.960400104522705,native,66.97743348079189,14.533728201187003,0.07452473954494993,10
BNBUSDT,1,2019-06-27 00:00:00+00:00,2019-06-28 00:00:00+00:00,34.34199905395508,27.35146427154541,128.56348424154203,2019-07-08 00:00:00+00:00,32.93259811401367,native,-198.49560875789197,17.298113225720478,-0.2208629500224212,10
IOTAUSDT,1,2019-06-27 00:00:00+00:00,2019-06-28 00:00:00+00:00,0.4020000100135803,0.28794553130865097,7879.809004812316,2019-07-08 00:00:00+00:00,0.3953000009059906,native,-65.35993570947201,12.565143611161986,-0.07272497514883103,10
TRXUSDT,1,2019-06-27 00:00:00+00:00,2019-06-28 00:00:00+00:00,0.032669998705387115,0.023466821294277906,97654.04579220842,2019-07-08 00:00:00+00:00,0.03463999927043915,native,179.23233814105805,13.146187249209587,0.19942901099405966,10
NEOUSDT,1,2019-07-10 00:00:00+00:00,2019-07-11 00:00:00+00:00,16.19499969482422,11.796400785446167,204.24580096595756,2019-07-15 00:00:00+00:00,11.796400785446167,stop,-909.829609396411,11.434252022503427,-1.0127274166419635,4
ONTUSDT,1,2019-07-10 00:00:00+00:00,2019-07-11 00:00:00+00:00,1.2309999465942383,0.8684288337826729,2477.8459331944064,2019-07-15 00:00:00+00:00,0.8684288337826729,stop,-908.7994795048842,10.404122130976443,-1.0115807834998043,4
NULSUSDT,1,2019-07-09 00:00:00+00:00,2019-07-10 00:00:00+00:00,0.8544999957084656,0.5679011344909668,3141.717377590329,2019-07-16 00:00:00+00:00,0.5679011344909668,stop,-909.3501873819183,8.937564697303362,-1.009926076636571,6
EOSUSDT,1,2019-07-10 00:00:00+00:00,2019-07-11 00:00:00+00:00,5.267600059509277,3.8497579991817474,633.6357077503915,2019-07-16 00:00:00+00:00,3.8497579991817474,stop,-909.9495246265725,11.554167252664847,-1.0128608937677936,5
ADAUSDT,1,2019-07-10 00:00:00+00:00,2019-07-11 00:00:00+00:00,0.07169999927282333,0.05342613160610199,49162.846845497355,2019-07-16 00:00:00+00:00,0.05342613160610199,stop,-910.6984709914481,12.303113617540527,-1.0136945427384036,5
QTUMUSDT,1,2019-07-10 00:00:00+00:00,2019-07-11 00:00:00+00:00,4.235000133514404,2.7243399620056152,594.7038085187783,2019-07-16 00:00:00+00:00,2.7243399620056152,stop,-906.672849493074,8.27749211916639,-1.0092136407999284,5
BNBUSDT,1,2019-07-10 00:00:00+00:00,2019-07-11 00:00:00+00:00,31.222000122070312,25.041478157043457,145.359139965455,2019-07-16 00:00:00+00:00,25.041478157043457,stop,-914.7521790021418,16.356821628234073,-1.0182067076526826,5
LTCUSDT,1,2019-07-10 00:00:00+00:00,2019-07-11 00:00:00+00:00,108.29000091552734,79.83785724639893,31.57566501214804,2019-07-16 00:00:00+00:00,79.83785724639893,stop,-910.2758818314553,11.880524457547768,-1.0132241605658734,5
IOTAUSDT,1,2019-07-10 00:00:00+00:00,2019-07-11 00:00:00+00:00,0.36579999327659607,0.27714911848306656,10134.08338571161,2019-07-16 00:00:00+00:00,0.27714911848306656,stop,-911.4267571965909,13.03139982268327,-1.0145051949742654,5
LTCUSDT,1,2019-07-16 00:00:00+00:00,2019-07-17 00:00:00+00:00,79.62000274658203,49.56111431121826,26.996570635326538,2019-07-19 00:00:00+00:00,101.1500015258789,native,571.4757924456027,9.760340378179546,0.7042329198656468,2
BNBUSDT,1,2019-07-16 00:00:00+00:00,2019-07-17 00:00:00+00:00,25.055200576782227,17.50008797645569,107.40897558953984,2019-07-19 00:00:00+00:00,28.95050048828125,native,406.7887790533485,11.601394054786777,0.5012881620328473,2
VETUSDT,1,2019-07-10 00:00:00+00:00,2019-07-11 00:00:00+00:00,0.006943999789655209,0.004711028654128313,402331.8273489105,2019-07-20 00:00:00+00:00,0.00585799990221858,native,-447.23362307259333,10.301303859503541,-0.4978138181611918,9
ETHUSDT,1,2019-07-16 00:00:00+00:00,2019-07-17 00:00:00+00:00,198.94000244140625,125.38807487487793,11.03284348504261,2019-07-21 00:00:00+00:00,228.25,native,313.94637474032385,9.426240870622012,0.38687793094168194,4
XLMUSDT,-1,2019-07-20 00:00:00+00:00,2019-07-21 00:00:00+00:00,0.09460999816656113,0.11988458503037691,32720.206235222882,2019-07-23 00:00:00+00:00,0.08872000128030777,native,180.13592195356244,12.585990889468,0.21782124143662068,2
ONTUSDT,-1,2019-07-20 00:00:00+00:00,2019-07-21 00:00:00+00:00,1.0282000303268433,1.4191053062677383,2115.5756793089395,2019-07-24 00:00:00+00:00,0.9388999938964844,native,179.97072488119016,8.950260352279379,0.21762148432545939,3
QTUMUSDT,1,2019-07-23 00:00:00+00:00,2019-07-24 00:00:00+00:00,2.8450000286102295,1.53439062833786,633.6964452586834,2019-07-26 00:00:00+00:00,3.069999933242798,native,135.08501085013833,7.4966288990630225,0.1626494550279905,2
ICXUSDT,-1,2019-07-25 00:00:00+00:00,2019-07-26 00:00:00+00:00,0.27880001068115234,0.36182562820613384,10044.66780560443,2019-07-28 00:00:00+00:00,0.26350000500679016,native,142.24410415809928,11.43937026473163,0.17056368941571573,2
LTCUSDT,1,2019-07-23 00:00:00+00:00,2019-07-24 00:00:00+00:00,90.0999984741211,59.54663372039795,27.18288230346249,2019-08-01 00:00:00+00:00,98.7699966430664,native,225.40747810182364,10.268061695852087,0.2714024542157985,8
BTCUSDT,1,2019-07-23 00:00:00+00:00,2019-07-24 00:00:00+00:00,9864.7802734375,7092.63671875,0.29959794710878157,2019-08-01 00:00:00+00:00,10080.5302734375,native,52.68710890013787,11.951148188581758,0.06343804908980423,8
NEOUSDT,1,2019-07-23 00:00:00+00:00,2019-07-24 00:00:00+00:00,11.220000267028809,6.5481261014938354,177.77202224369245,2019-08-01 00:00:00+00:00,11.718999862670898,native,80.55234233346906,8.15582488261008,0.096989255131362,8
ETHUSDT,1,2019-07-27 00:00:00+00:00,2019-07-28 00:00:00+00:00,207.3000030517578,149.35322189331055,14.356816714428446,2019-08-01 00:00:00+00:00,218.4199981689453,native,147.42376370441642,12.223968058383777,0.17720665254327386,4
BNBUSDT,1,2019-07-27 00:00:00+00:00,2019-07-28 00:00:00+00:00,27.738399505615234,20.90465521812439,121.73872496308819,2019-08-01 00:00:00+00:00,27.734800338745117,native,-13.944631223047477,13.506473237350022,-0.016761757791919914,4
TRXUSDT,-1,2019-08-05 00:00:00+00:00,2019-08-06 00:00:00+00:00,0.022910000756382942,0.028779541607946157,142811.93128341352,2019-08-07 00:00:00+00:00,0.021719999611377716,native,156.88863832740455,13.057723420265217,0.1871642385727341,1
LTCUSDT,1,2019-08-09 00:00:00+00:00,2019-08-10 00:00:00+00:00,84.25,60.45299243927002,35.290544367761974,2019-08-12 00:00:00+00:00,89.98999786376953,native,190.26960053171737,12.298048750500222,0.22656285057198197,2
ETHUSDT,1,2019-08-09 00:00:00+00:00,2019-08-10 00:00:00+00:00,210.52000427246094,167.36336994171143,19.45956546809621,2019-08-19 00:00:00+00:00,194.32000732421875,native,-331.00092261681846,15.756021419540833,-0.3941381721538927,9
BTCUSDT,1,2019-08-13 00:00:00+00:00,2019-08-14 00:00:00+00:00,10893.3603515625,8968.914184570312,0.4372129094002749,2019-08-20 00:00:00+00:00,10914.73046875,native,-9.726266562256821,19.069557672028516,-0.011559722913888773,6
BNBUSDT,1,2019-08-14 00:00:00+00:00,2019-08-15 00:00:00+00:00,27.006500244140625,22.004549145698547,166.59334564250787,2019-08-20 00:00:00+00:00,28.797399520874023,native,279.7587854962585,18.5931167235059,0.3357272880429411,5
ETCUSDT,-1,2019-08-20 00:00:00+00:00,2019-08-21 00:00:00+00:00,6.0304999351501465,7.07927942276001,801.982087795447,2019-08-22 00:00:00+00:00,7.07927942276001,stop,-862.6235754501143,21.521212339717074,-1.025586912228057,1
ONTUSDT,-1,2019-08-24 00:00:00+00:00,2019-08-25 00:00:00+00:00,0.830299973487854,1.0154465585947037,4496.308300125909,2019-08-28 00:00:00+00:00,0.7807999849319458,native,207.00611622251867,15.561093177548901,0.2486631260886841,3
BNBUSDT,1,2019-08-24 00:00:00+00:00,2019-08-25 00:00:00+00:00,26.298200607299805,22.01651167869568,194.42704531720662,2019-08-29 00:00:00+00:00,22.01651167869568,stop,-851.2635008661302,18.787373510234087,-1.0225680627862643,4
BTCUSDT,1,2019-08-29 00:00:00+00:00,2019-08-30 00:00:00+00:00,9499.009765625,7798.357482910156,0.4857157232581476,2019-09-02 00:00:00+00:00,9723.58984375,native,90.40863733151694,18.673437744338727,0.10944911008446287,3
LTCUSDT,-1,2019-09-03 00:00:00+00:00,2019-09-04 00:00:00+00:00,69.0,83.49577617645264,57.04679968955902,2019-09-06 00:00:00+00:00,65.23999786376953,native,198.42577725049952,16.070311447354054,0.2399525280753067,2
NEOUSDT,-1,2019-09-03 00:00:00+00:00,2019-09-04 00:00:00+00:00,9.27400016784668,10.96676641702652,488.51259899790284,2019-09-07 00:00:00+00:00,8.685999870300293,native,268.3919471185362,18.853606447389346,0.32456128996206146,3
ONTUSDT,-1,2019-09-08 00:00:00+00:00,2019-09-09 00:00:00+00:00,0.7581999897956848,0.9122301898896694,5398.9790094348045,2019-09-12 00:00:00+00:00,0.734499990940094,native,110.61643558532796,17.33936075963576,0.13301546635105616,3
BTCUSDT,1,2019-09-10 00:00:00+00:00,2019-09-11 00:00:00+00:00,10098.1904296875,8616.595825195312,0.5610709799798245,2019-09-13 00:00:00+00:00,10415.009765625,native,154.73941261879773,23.018722672212625,0.18614601775051837,2
EOSUSDT,-1,2019-09-08 00:00:00+00:00,2019-09-09 00:00:00+00:00,3.7816998958587646,4.5303103774785995,1110.865847519322,2019-09-14 00:00:00+00:00,3.72160005569458,native,47.99681437733976,18.76604550242291,0.05771582327693204,5
ETHUSDT,-1,2019-09-14 00:00:00+00:00,2019-09-15 00:00:00+00:00,188.13999938964844,216.22968292236328,29.716936567836214,2019-09-18 00:00:00+00:00,216.22968292236328,stop,-860.5380536244006,25.798709872120185,-1.0309063063400739,3
ADAUSDT,-1,2019-09-16 00:00:00+00:00,2019-09-17 00:00:00+00:00,0.047040000557899475,0.05411407118663192,117486.96078235813,2019-09-18 00:00:00+00:00,0.05411407118663192,stop,-855.4537862385253,24.342727709005175,-1.0292893801125382,1
XRPUSDT,-1,2019-09-17 00:00:00+00:00,2019-09-18 00:00:00+00:00,0.2855300009250641,0.32296645548194647,22018.211981750646,2019-09-18 00:00:00+00:00,0.32296645548194647,stop,-851.0798002132385,26.796007934627298,-1.0325082310068885,0
XLMUSDT,-1,2019-09-17 00:00:00+00:00,2019-09-18 00:00:00+00:00,0.06345000118017197,0.07194366585463285,97046.89599497644,2019-09-18 00:00:00+00:00,0.07194366585463285,stop,-850.5628625248216,26.279070246210345,-1.0318810954338502,0
EOSUSDT,-1,2019-09-14 00:00:00+00:00,2019-09-15 00:00:00+00:00,4.021100044250488,4.750177383422852,1144.9256462968153,2019-09-20 00:00:00+00:00,3.9574999809265137,native,52.227973963402874,20.589369642317138,0.06256800323874777,5
ETCUSDT,-1,2019-09-18 00:00:00+00:00,2019-09-19 00:00:00+00:00,6.37060022354126,7.447652697563171,729.9805686692154,2019-09-20 00:00:00+00:00,6.207799911499023,native,100.02374916678887,18.817315197328508,0.12721987561443196,1
LTCUSDT,-1,2019-09-17 00:00:00+00:00,2019-09-18 00:00:00+00:00,74.05999755859375,86.00480055809021,69.00773435219982,2019-09-22 00:00:00+00:00,73.19999694824219,native,36.934086430378976,22.412607231491357,0.044807488363055314,4
NEOUSDT,-1,2019-09-17 00:00:00+00:00,2019-09-18 00:00:00+00:00,9.520000457763672,10.937018275260925,581.7031953306465,2019-09-22 00:00:00+00:00,9.390999794006348,native,50.7824930682347,24.257605239175117,0.06160802085875542,4
BNBUSDT,-1,2019-09-18 00:00:00+00:00,2019-09-19 00:00:00+00:00,22.201799392700195,25.999897480010986,207.0055484085145,2019-09-22 00:00:00+00:00,20.97319984436035,native,235.13184350029624,19.19507977824634,0.29906341376205886,3
XLMUSDT,-1,2019-09-18 00:00:00+00:00,2019-09-19 00:00:00+00:00,0.08259999752044678,0.09596411511301994,58831.22263979704,2019-09-22 00:00:00+00:00,0.06970000267028809,native,739.694072282886,19.228396799035124,0.9408144430943498,3
ONTUSDT,-1,2019-09-16 00:00:00+00:00,2019-09-17 00:00:00+00:00,0.76419997215271,0.9028279893100262,5995.260377895822,2019-09-23 00:00:00+00:00,0.7968000173568726,native,-217.07953639432776,21.63377706419902,-0.26119197207940575,6
TRXUSDT,-1,2019-09-17 00:00:00+00:00,2019-09-18 00:00:00+00:00,0.016680000349879265,0.019717389368452132,271379.0651241326,2019-09-23 00:00:00+00:00,0.01680999994277954,native,-55.83857472295305,20.55940673515827,-0.06774192971645787,5
XRPUSDT,-1,2019-09-18 00:00:00+00:00,2019-09-19 00:00:00+00:00,0.3134399950504303,0.3570695612579584,18020.517869312203,2019-09-23 00:00:00+00:00,0.2765600085258484,native,641.241216198484,23.355239987737466,0.8155925811937569,4
BTCUSDT,1,2019-09-17 00:00:00+00:00,2019-09-18 00:00:00+00:00,10187.48046875,9002.316772460938,0.6955020600610498,2019-09-24 00:00:00+00:00,9002.316772460938,stop,-850.9768793054434,26.69308702683211,-1.0323833699957183,6
BTCUSDT,1,2019-09-24 00:00:00+00:00,2019-09-25 00:00:00+00:00,8497.5498046875,7031.164855957031,0.5509360989197134,2019-10-03 00:00:00+00:00,8360.0,native,-94.35601825517838,18.574865453478616,-0.11679395948870629,8
XRPUSDT,-1,2019-09-30 00:00:00+00:00,2019-10-01 00:00:00+00:00,0.25659000873565674,0.3113325759768486,14735.218091599305,2019-10-11 00:00:00+00:00,0.27020999789237976,max_hold,-220.0683185720586,19.374807942527145,-0.2728197437387231,10
TRXUSDT,-1,2019-10-05 00:00:00+00:00,2019-10-06 00:00:00+00:00,0.015069999732077122,0.018726737704128027,220781.17936601577,2019-10-12 00:00:00+00:00,0.01582000032067299,native,-181.35840115538127,15.772386679979732,-0.22463725727878708,6
XLMUSDT,-1,2019-10-07 00:00:00+00:00,2019-10-08 00:00:00+00:00,0.06207999959588051,0.07592795277014375,57869.80197500639,2019-10-12 00:00:00+00:00,0.059709999710321426,native,121.63161129462094,15.519812763470956,0.15177801805640703,4
NEOUSDT,-1,2019-10-09 00:00:00+00:00,2019-10-10 00:00:00+00:00,7.730000019073486,9.243956089019775,527.4139176858189,2019-10-12 00:00:00+00:00,7.2170000076293945,native,254.02222131488963,16.541124493708775,0.3181316294256749,2
BTTUSDT,-1,2019-10-09 00:00:00+00:00,2019-10-10 00:00:00+00:00,0.000460899987956509,0.0005673953637597151,7497804.444862658,2019-10-12 00:00:00+00:00,0.00043539999751374125,native,177.08577314892574,14.108168536813501,0.22177817857177748,2
ETHUSDT,-1,2019-10-09 00:00:00+00:00,2019-10-10 00:00:00+00:00,192.61000061035156,228.69743633270264,22.126302023727646,2019-10-12 00:00:00+00:00,180.64999389648438,native,247.29020534476462,17.340515412071166,0.30970060634899416,2
ADAUSDT,-1,2019-10-09 00:00:00+00:00,2019-10-10 00:00:00+00:00,0.04236999899148941,0.05115119996480644,90930.78549060677,2019-10-12 00:00:00+00:00,0.040059998631477356,native,194.3166666541131,15.733480565367426,0.24335775613349933,2
BTCUSDT,-1,2019-10-09 00:00:00+00:00,2019-10-10 00:00:00+00:00,8562.150390625,9814.26010131836,0.6377088966209171,2019-10-12 00:00:00+00:00,8257.9501953125,native,171.46611023661316,22.525060667988697,0.2147402410643306,2
ETCUSDT,-1,2019-10-09 00:00:00+00:00,2019-10-10 00:00:00+00:00,5.064599990844727,6.057586312294006,804.1213507243496,2019-10-12 00:00:00+00:00,4.64169979095459,native,323.69187723844783,16.371202718806344,0.4053843156110017,2
BNBUSDT,-1,2019-10-09 00:00:00+00:00,2019-10-10 00:00:00+00:00,17.708900451660156,21.202640414237976,228.54634592365215,2019-10-17 00:00:00+00:00,17.75040054321289,native,-28.532876246424124,19.048181966549656,-0.035733922668221216,7
XLMUSDT,-1,2019-10-14 00:00:00+00:00,2019-10-15 00:00:00+00:00,0.06614000350236893,0.07823342317715287,67479.27213864907,2019-10-17 00:00:00+00:00,0.0617000013589859,native,281.5074048263564,18.100708103172046,0.34496124716653614,2
XRPUSDT,-1,2019-10-14 00:00:00+00:00,2019-10-15 00:00:00+00:00,0.29721999168395996,0.34361039754003286,17591.032935850253,2019-10-23 00:00:00+00:00,0.29041001200675964,native,95.01259334691824,24.78198344718342,0.1164291316517838,8
NEOUSDT,-1,2019-10-26 00:00:00+00:00,2019-10-27 00:00:00+00:00,9.109999656677246,10.66792356967926,529.0000176032174,2019-10-27 00:00:00+00:00,10.66792356967926,stop,-845.0668208723342,20.925043469795348,-1.0253901016106053,0
ONTUSDT,-1,2019-10-26 00:00:00+00:00,2019-10-27 00:00:00+00:00,0.6611999869346619,0.7908987291157246,6354.27733178797,2019-10-27 00:00:00+00:00,0.7908987291157246,stop,-842.5958533123736,18.454075909834774,-1.0223918704473358,0
TRXUSDT,-1,2019-10-25 00:00:00+00:00,2019-10-26 00:00:00+00:00,0.017640000209212303,0.021116050193086267,236274.3618388927,2019-10-28 00:00:00+00:00,0.021116050193086267,stop,-840.4588769723387,19.157385312424708,-1.023325642905757,2
ADAUSDT,-1,2019-10-29 00:00:00+00:00,2019-10-30 00:00:00+00:00,0.04340999945998192,0.051417084876447916,99176.5889840645,2019-11-01 00:00:00+00:00,0.04125000163912773,native,196.60576765376766,17.615448431563024,0.24757832787683223,2
LINKUSDT,1,2019-10-30 00:00:00+00:00,2019-10-31 00:00:00+00:00,2.6043999195098877,1.948141649365425,1225.613801683416,2019-11-01 00:00:00+00:00,2.723299980163574,native,132.6661503016192,13.059405056534294,0.164942166489592,1
EOSUSDT,-1,2019-10-25 00:00:00+00:00,2019-10-26 00:00:00+00:00,3.1775999069213867,3.85848867893219,1206.2197607319083,2019-11-04 00:00:00+00:00,3.270699977874756,native,-131.42579784150598,19.126652532009373,-0.16002137969563926,9
BTTUSDT,-1,2019-10-29 00:00:00+00:00,2019-10-30 00:00:00+00:00,0.0004954999894835055,0.0005963905023236293,7871061.380841033,2019-11-04 00:00:00+00:00,0.00045449999743141234,native,305.95037612873324,16.763077927286407,0.3852719248228428,5
XLMUSDT,-1,2019-11-02 00:00:00+00:00,2019-11-03 00:00:00+00:00,0.07124000042676926,0.08389798318967223,63527.42412109571,2019-11-05 00:00:00+00:00,0.08389798318967223,stop,-824.779770150955,20.650730654498673,-1.0256808666771071,2
ONTUSDT,-1,2019-10-27 00:00:00+00:00,2019-10-28 00:00:00+00:00,0.9810000061988831,1.2143416851758957,3424.09320584606,2019-11-07 00:00:00+00:00,0.8939999938011169,max_hold,282.01726154292425,15.878889816789716,0.35296999988824534,10
LTCUSDT,-1,2019-10-27 00:00:00+00:00,2019-10-28 00:00:00+00:00,59.790000915527344,72.82558536529541,61.292507497822015,2019-11-07 00:00:00+00:00,64.11000061035156,max_hold,-283.63056960033066,18.84695591472842,-0.35498920020856256,10
BNBUSDT,-1,2019-10-27 00:00:00+00:00,2019-10-28 00:00:00+00:00,19.293800354003906,22.946696519851685,218.72607962303525,2019-11-07 00:00:00+00:00,20.69930076599121,max_hold,-329.35437855799523,21.93478353545119,-0.41221666477714736,10
TRXUSDT,-1,2019-10-29 00:00:00+00:00,2019-10-30 00:00:00+00:00,0.021940000355243683,0.026843867730349302,161936.56120074852,2019-11-08 00:00:00+00:00,0.019500000402331352,native,378.8211045970263,16.304097107584823,0.4770353218006879,9
XLMUSDT,-1,2019-11-05 00:00:00+00:00,2019-11-06 00:00:00+00:00,0.08222000300884247,0.09769548987969756,51284.41437345972,2019-11-08 00:00:00+00:00,0.07423999905586243,native,392.4271566274737,16.822672799001296,0.4944579135269371,2
BTTUSDT,-1,2019-11-06 00:00:00+00:00,2019-11-07 00:00:00+00:00,0.0004692999937105924,0.0005567176885961089,9089192.085747413,2019-11-08 00:00:00+00:00,0.00045449999743141234,native,117.313714135249,17.20629491456546,0.14764683870989756,1
ETHUSDT,-1,2019-11-05 00:00:00+00:00,2019-11-06 00:00:00+00:00,188.64999389648438,219.23941898345947,25.945282693590173,2019-11-09 00:00:00+00:00,183.7100067138672,native,107.39035780621568,20.779006149499324,0.1353117676924174,3
EOSUSDT,-1,2019-11-05 00:00:00+00:00,2019-11-06 00:00:00+00:00,3.615499973297119,4.326764315366745,1115.8316737861678,2019-11-09 00:00:00+00:00,3.4100000858306885,native,212.45518460220418,16.84809879233227,0.2676933681124136,3
ETCUSDT,-1,2019-11-06 00:00:00+00:00,2019-11-07 00:00:00+00:00,5.07450008392334,5.930467814207077,928.2548773705975,2019-11-09 00:00:00+00:00,4.971099853515625,native,76.3836530485606,19.59811514864426,0.09613372984450574,2
ADAUSDT,-1,2019-11-06 00:00:00+00:00,2019-11-07 00:00:00+00:00,0.044780001044273376,0.05183753068558872,112582.7677515265,2019-11-09 00:00:00+00:00,0.042149998247623444,native,275.5558708864558,20.537123154648725,0.3468047493358952,2
ONTUSDT,-1,2019-11-12 00:00:00+00:00,2019-11-13 00:00:00+00:00,0.9174000024795532,1.1297003105282784,3792.2895372123435,2019-11-16 00:00:00+00:00,0.8306000232696533,native,314.9082690055009,14.262383982451425,0.39113974880384667,3
FETUSDT,-1,2019-11-14 00:00:00+00:00,2019-11-15 00:00:00+00:00,0.043719999492168427,0.05230618920177221,93893.59303312801,2019-11-19 00:00:00+00:00,0.042490001767873764,native,97.57363240296522,17.9152733536314,0.12103083637882968,4
ADAUSDT,-1,2019-11-17 00:00:00+00:00,2019-11-18 00:00:00+00:00,0.045010000467300415,0.05130733479745686,128039.61297893061,2019-11-19 00:00:00+00:00,0.043140001595020294,native,216.3080566479657,23.12587522981765,0.2682696804008009,1
LINKUSDT,1,2019-11-18 00:00:00+00:00,2019-11-19 00:00:00+00:00,2.788599967956543,2.2519223988056183,1512.0708081143134,2019-11-22 00:00:00+00:00,2.2519223988056183,stop,-826.7377391397207,15.243253456856667,-1.0187841738000594,3
VETUSDT,1,2019-11-20 00:00:00+00:00,2019-11-21 00:00:00+00:00,0.006132000125944614,0.0042112101800739765,421670.72737621807,2019-11-27 00:00:00+00:00,0.006331999786198139,native,73.82259439615957,10.511407817940706,0.09114565640330045,6
LINKUSDT,1,2019-11-22 00:00:00+00:00,2019-11-23 00:00:00+00:00,2.343400001525879,1.7201284319162369,1281.9447341785594,2019-11-30 00:00:00+00:00,2.3403000831604004,native,-15.982413345079088,12.008489320070499,-0.020003027801604067,7
ZECUSDT,-1,2019-11-29 00:00:00+00:00,2019-11-30 00:00:00+00:00,29.329999923706055,35.06019973754883,139.46915176569672,2019-12-02 00:00:00+00:00,27.959999084472656,native,174.29834247591583,16.774512490258914,0.21809481026204328,2
BATUSDT,-1,2019-11-29 00:00:00+00:00,2019-11-30 00:00:00+00:00,0.21469999849796295,0.2719014585018158,13971.428481559302,2019-12-02 00:00:00+00:00,0.1956000030040741,native,254.8323656517233,12.021855389249776,0.31886485921757873,2
FETUSDT,-1,2019-11-26 00:00:00+00:00,2019-11-27 00:00:00+00:00,0.049229998141527176,0.06438558967784047,52955.09277869566,2019-12-03 00:00:00+00:00,0.06438558967784047,stop,-816.4230538763685,13.857297954883244,-1.0172662462267315,6
QTUMUSDT,-1,2019-11-28 00:00:00+00:00,2019-11-29 00:00:00+00:00,1.7999999523162842,2.289676859974861,1634.7683892046612,2019-12-03 00:00:00+00:00,1.7510000467300415,native,67.31519406797088,12.788302658431537,0.08409056043758714,4
ETCUSDT,-1,2019-11-29 00:00:00+00:00,2019-11-30 00:00:00+00:00,4.07480001449585,4.937836170196533,926.0169486593062,2019-12-03 00:00:00+00:00,3.852400064468384,native,190.17899903536866,15.76712407104742,0.2379658470715248,3
ADAUSDT,-1,2019-11-29 00:00:00+00:00,2019-11-30 00:00:00+00:00,0.0412600003182888,0.04960793722420931,95734.5648980418,2019-12-03 00:00:00+00:00,0.03793000057339668,native,302.50578718637246,16.290289501464866,0.37851732450466774,3
ONTUSDT,-1,2019-11-29 00:00:00+00:00,2019-11-30 00:00:00+00:00,0.6793000102043152,0.8905385211110115,3783.3352642672435,2019-12-03 00:00:00+00:00,0.6172999739646912,native,224.04096606125256,10.525957429964059,0.28033641221117994,3
IOSTUSDT,-1,2019-11-29 00:00:00+00:00,2019-11-30 00:00:00+00:00,0.005576000083237886,0.007276679505594075,469921.66599945154,2019-12-10 00:00:00+00:00,0.005898999981582165,max_hold,-165.28521792072127,13.500567573124489,-0.20681693084098715,10
XRPUSDT,-1,2019-12-08 00:00:00+00:00,2019-12-09 00:00:00+00:00,0.22912999987602234,0.2633377145975828,23559.624964916708,2019-12-11 00:00:00+00:00,0.22256000339984894,native,132.4502200240573,22.336432975412357,0.1643464205175385,2
BTTUSDT,-1,2019-12-08 00:00:00+00:00,2019-12-09 00:00:00+00:00,0.00032049999572336674,0.000383385033273953,12815781.959238274,2019-12-11 00:00:00+00:00,0.00029039999935775995,native,369.3291309537336,16.42585944174745,0.45826968542652946,2
ONTUSDT,-1,2019-12-08 00:00:00+00:00,2019-12-09 00:00:00+00:00,0.640999972820282,0.7992069758474827,5094.091376019948,2019-12-11 00:00:00+00:00,0.5892000198364258,native,250.72803448008534,13.145659293215331,0.3111074861386836,2
QTUMUSDT,-1,2019-12-12 00:00:00+00:00,2019-12-13 00:00:00+00:00,1.815999984741211,2.1504685655236244,2433.783057748601,2019-12-15 00:00:00+00:00,1.7489999532699585,native,144.83109937532618,18.232442088031096,0.17791994530470537,2
ZECUSDT,-1,2019-12-13 00:00:00+00:00,2019-12-14 00:00:00+00:00,33.279998779296875,39.189021825790405,137.3322312837794,2019-12-17 00:00:00+00:00,29.520000457763672,native,497.821966823349,18.546992296071195,0.6134594999023371,3
VETUSDT,1,2019-12-11 00:00:00+00:00,2019-12-12 00:00:00+00:00,0.006074999924749136,0.003980672801844776,388450.7151456883,2019-12-22 00:00:00+00:00,0.0053170002065598965,max_hold,-303.2959938067338,8.850461195893537,-0.3728088653930463,10
ETCUSDT,-1,2019-12-22 00:00:00+00:00,2019-12-23 00:00:00+00:00,4.196499824523926,4.865339666604996,1221.423109040967,2019-12-25 00:00:00+00:00,3.933000087738037,native,301.01760844705245,20.82705928944408,0.36847127137697994,2
TRXUSDT,-1,2019-12-22 00:00:00+00:00,2019-12-23 00:00:00+00:00,0.014879999682307243,0.017626468208618462,297449.7728770105,2019-12-26 00:00:00+00:00,0.013199999928474426,native,481.80520229952,17.91034291148504,0.5897707325602318,3
LTCUSDT,-1,2019-12-28 00:00:00+00:00,2019-12-29 00:00:00+00:00,42.84000015258789,49.728867053985596,119.82928109902637,2020-01-01 00:00:00+00:00,41.290000915527344,native,164.05386319449,21.681431086514696,0.1987356199947657,3
BATUSDT,-1,2019-12-28 00:00:00+00:00,2019-12-29 00:00:00+00:00,0.18569999933242798,0.22468720376491547,21173.304944467804,2020-01-01 00:00:00+00:00,0.18080000579357147,native,87.04204921257792,16.707008211552836,0.10544314701915275,3
EOSUSDT,-1,2019-12-28 00:00:00+00:00,2019-12-29 00:00:00+00:00,2.6282999515533447,3.0396891683340073,2006.5863049139764,2020-01-01 00:00:00+00:00,2.583699941635132,native,66.99281363335676,22.500955467556736,0.08115540892100195,3
NEOUSDT,-1,2019-12-29 00:00:00+00:00,2019-12-30 00:00:00+00:00,9.20199966430664,10.625378161668777,575.5020356279465,2020-01-01 00:00:00+00:00,8.673999786376953,native,282.2755642606727,21.58944029916971,0.3445926574753777,2
ONTUSDT,-1,2019-12-29 00:00:00+00:00,2019-12-30 00:00:00+00:00,0.5446000099182129,0.6499088108539581,7778.6207365590535,2020-01-01 00:00:00+00:00,0.51910001039505,native,180.99395451953947,17.36087055358099,0.2209514236140885,2
ZECUSDT,-1,2019-12-29 00:00:00+00:00,2019-12-30 00:00:00+00:00,29.15999984741211,34.35227370262146,157.76464137751634,2020-01-01 00:00:00+00:00,27.520000457763672,native,239.9679691232633,18.76594644396811,0.29294494691999595,2
ETCUSDT,-1,2019-12-26 00:00:00+00:00,2019-12-27 00:00:00+00:00,4.490099906921387,5.248693883419037,1087.2280732842735,2020-01-03 00:00:00+00:00,4.232900142669678,native,257.2510176143944,22.38378652216049,0.3119083876406988,7
WAVESUSDT,-1,2019-12-28 00:00:00+00:00,2019-12-29 00:00:00+00:00,1.039199948310852,1.3341714143753052,2798.5349884689867,2020-01-03 00:00:00+00:00,0.9455999732017517,native,249.42554636068365,12.51725890195991,0.30215527774409956,5
BNBUSDT,-1,2019-12-28 00:00:00+00:00,2019-12-29 00:00:00+00:00,13.678799629211426,15.73193085193634,402.06293647698624,2020-01-03 00:00:00+00:00,13.01039981842041,native,244.52685458320025,24.211936084097502,0.29622097952884047,5
XRPUSDT,-1,2019-12-29 00:00:00+00:00,2019-12-30 00:00:00+00:00,0.19651000201702118,0.2250289497897029,28723.26248605945,2020-01-03 00:00:00+00:00,0.1875,native,234.53422791402502,24.262425020799384,0.28631161566360797,4
XMRUSDT,-1,2020-01-03 00:00:00+00:00,2020-01-04 00:00:00+00:00,50.959999084472656,58.32157278060913,114.76286741789285,2020-01-06 00:00:00+00:00,58.32157278060913,stop,-871.1124615334326,26.277155456674933,-1.031103287549263,2
DASHUSDT,-1,2020-01-05 00:00:00+00:00,2020-01-06 00:00:00+00:00,51.15999984741211,60.79521989822388,87.34345114563473,2020-01-10 00:00:00+00:00,50.52000045776367,native,36.26713115841542,19.63262426457893,0.04309443760259374,4
ZECUSDT,-1,2020-01-05 00:00:00+00:00,2020-01-06 00:00:00+00:00,30.809999465942383,35.866872906684875,166.4216796499362,2020-01-10 00:00:00+00:00,30.829999923706055,native,-25.955367581385932,22.626857806588053,-0.03084147912892957,4
ONTUSDT,-1,2020-01-06 00:00:00+00:00,2020-01-07 00:00:00+00:00,0.583299994468689,0.6807018332183361,8498.65810219812,2020-01-10 00:00:00+00:00,0.5386999845504761,native,358.5617844776707,20.4784511718658,0.4331581467481947,3
BNBUSDT,-1,2020-01-06 00:00:00+00:00,2020-01-07 00:00:00+00:00,14.942700386047363,16.868996024131775,429.7289106057818,2020-01-10 00:00:00+00:00,14.380599975585938,native,214.4598353313558,27.09096170729548,0.2590767584431131,3
EOSUSDT,-1,2020-01-06 00:00:00+00:00,2020-01-07 00:00:00+00:00,2.850600004196167,3.2545401453971863,2049.276220970422,2020-01-10 00:00:00+00:00,2.743299961090088,native,195.24647884333984,24.640948003049317,0.23586619265098624,3
XRPUSDT,-1,2020-01-06 00:00:00+00:00,2020-01-07 00:00:00+00:00,0.22310000658035278,0.2512393547222018,29417.345486677987,2020-01-10 00:00:00+00:00,0.20374999940395355,native,542.2749095315135,26.95093674632112,0.6550915490977066,3
XMRUSDT,-1,2020-01-06 00:00:00+00:00,2020-01-07 00:00:00+00:00,58.88999938964844,67.06525731086731,101.25490033900566,2020-01-14 00:00:00+00:00,57.790000915527344,native,83.59933384669736,27.78090202349228,0.10099161172786424,7
TRXUSDT,-1,2020-01-06 00:00:00+00:00,2020-01-07 00:00:00+00:00,0.014709999784827232,0.01689529325813055,378798.0590119061,2020-01-14 00:00:00+00:00,0.01689529325813055,stop,-855.5661977228956,27.781271664212106,-1.033560977966205,7
LTCUSDT,-1,2020-01-06 00:00:00+00:00,2020-01-07 00:00:00+00:00,45.79999923706055,52.51136612892151,123.34073511352187,2020-01-14 00:00:00+00:00,52.51136612892151,stop,-856.1780533957776,28.393127337094118,-1.034300126087439,7
LINKUSDT,-1,2020-01-10 00:00:00+00:00,2020-01-11 00:00:00+00:00,2.2255001068115234,2.6181595474481583,2160.89386438019,2020-01-14 00:00:00+00:00,2.1903998851776123,native,55.315083296933224,20.53277027017015,0.06519196787331484,3
ETCUSDT,-1,2020-01-10 00:00:00+00:00,2020-01-11 00:00:00+00:00,5.360799789428711,6.298045516014099,905.3072764107812,2020-01-14 00:00:00+00:00,6.298045516014099,stop,-871.1091828856956,22.613806823034096,-1.0266516559323762,3
ZECUSDT,-1,2020-01-11 00:00:00+00:00,2020-01-12 00:00:00+00:00,34.869998931884766,41.48138666152954,127.8485324878346,2020-01-14 00:00:00+00:00,41.48138666152954,stop,-865.7230777120637,20.46685876890262,-1.0242137925876402,2
DASHUSDT,-1,2020-01-11 00:00:00+00:00,2020-01-12 00:00:00+00:00,63.43000030517578,76.90704202651978,62.7182312275923,2020-01-14 00:00:00+00:00,76.90704202651978,stop,-863.7101857538072,18.453966810646065,-1.0218323940091436,2
EOSUSDT,-1,2020-01-12 00:00:00+00:00,2020-01-13 00:00:00+00:00,3.2086000442504883,3.712256580591202,1661.739815995365,2020-01-14 00:00:00+00:00,3.712256580591202,stop,-860.4633996283405,23.517279604660423,-1.0280989170533403,1
ONTUSDT,-1,2020-01-12 00:00:00+00:00,2020-01-13 00:00:00+00:00,0.6165000200271606,0.7264236956834793,7613.884042964774,2020-01-15 00:00:00+00:00,0.7264236956834793,stop,-858.3719508619182,21.425830838238134,-1.0256000121461006,2
ZECUSDT,-1,2020-01-14 00:00:00+00:00,2020-01-15 00:00:00+00:00,43.810001373291016,51.90481877326965,97.74414001068983,2020-01-15 00:00:00+00:00,51.90481877326965,stop,-809.932090867487,18.711125563006846,-1.0236484198264468,0
XLMUSDT,-1,2020-01-06 00:00:00+00:00,2020-01-07 00:00:00+00:00,0.05050000175833702,0.056917775655165315,128983.1862832968,2020-01-17 00:00:00+00:00,0.05370999872684479,max_hold,-447.34128854241135,33.305651584556045,-0.5404076281895213,10
TRXUSDT,-1,2020-01-14 00:00:00+00:00,2020-01-15 00:00:00+00:00,0.016759999096393585,0.01933130680117756,307711.5056406496,2020-01-20 00:00:00+00:00,0.01665000058710575,native,10.624204312493752,23.22360259869268,0.013427607177225534,5
BTCUSDT,-1,2020-01-14 00:00:00+00:00,2020-01-15 00:00:00+00:00,8814.6396484375,9836.284942626953,0.7744576026576957,2020-01-20 00:00:00+00:00,8701.7197265625,native,56.90711915576677,30.54457283184002,0.07192316893911879,5
ADAUSDT,-1,2020-01-15 00:00:00+00:00,2020-01-16 00:00:00+00:00,0.04276999831199646,0.04905658424831927,122578.44253976324,2020-01-20 00:00:00+00:00,0.041999999433755875,native,71.47694639336846,22.908316858727275,0.09275493701807001,4
ONTUSDT,-1,2020-01-15 00:00:00+00:00,2020-01-16 00:00:00+00:00,0.6988000273704529,0.8271354921162128,6004.5749200615155,2020-01-20 00:00:00+00:00,0.6545000076293945,native,248.08837799185176,17.914409503537225,0.32194187128403023,4
XRPUSDT,-1,2020-01-14 00:00:00+00:00,2020-01-15 00:00:00+00:00,0.23454999923706055,0.2695781709626317,22588.131961419942,2020-01-21 00:00:00+00:00,0.2331400066614151,native,7.526265371998264,24.32283299130348,0.009512216816830659,6
LTCUSDT,-1,2020-01-14 00:00:00+00:00,2020-01-15 00:00:00+00:00,58.369998931884766,68.47110366821289,78.33014169815436,2020-01-21 00:00:00+00:00,57.189998626708984,native,71.57771613195078,20.851874976333555,0.0904648881547344,6
WAVESUSDT,-1,2020-01-15 00:00:00+00:00,2020-01-16 00:00:00+00:00,0.8970000147819519,1.120643898844719,3445.6560982931037,2020-01-21 00:00:00+00:00,0.8675000071525574,native,87.96576568305315,13.6811155048632,0.11415231717894016,5
BNBUSDT,-1,2020-01-14 00:00:00+00:00,2020-01-15 00:00:00+00:00,16.63010025024414,18.842850983142853,357.5734733880203,2020-01-24 00:00:00+00:00,17.081300735473633,native,-191.10613593758245,29.768811239712775,-0.24153320540999615,9
ETHUSDT,-1,2020-01-14 00:00:00+00:00,2020-01-15 00:00:00+00:00,165.60000610351562,190.08629703521729,32.31281403587794,2020-01-24 00:00:00+00:00,162.85000610351562,native,62.75914218993666,26.101096408727678,0.07931936202649217,9
XLMUSDT,-1,2020-01-17 00:00:00+00:00,2020-01-18 00:00:00+00:00,0.06077999994158745,0.07077743043191731,76044.40282521724,2020-01-24 00:00:00+00:00,0.05834000185132027,native,164.64245040748696,20.90574726155136,0.2165639550039746,6
NEOUSDT,1,2020-01-23 00:00:00+00:00,2020-01-24 00:00:00+00:00,10.607000350952148,8.479198396205902,368.5411309589234,2020-01-27 00:00:00+00:00,10.79699993133545,native,54.246151294023775,15.776508942158774,0.06917541338393925,3
LINKUSDT,1,2020-01-23 00:00:00+00:00,2020-01-24 00:00:00+00:00,2.4695000648498535,1.9371435344219208,1473.0401414037835,2020-01-27 00:00:00+00:00,2.5764000415802,native,142.60233002636085,14.865626812570188,0.18184838728223676,3
ZECUSDT,1,2020-01-24 00:00:00+00:00,2020-01-25 00:00:00+00:00,48.79999923706055,33.38960409164429,50.852944148462655,2020-01-27 00:00:00+00:00,53.66999816894531,native,237.23198157624734,10.421802109961458,0.30272156508980574,2
DASHUSDT,1,2020-01-24 00:00:00+00:00,2020-01-25 00:00:00+00:00,100.22000122070312,64.67340183258057,22.046102218639916,2020-01-27 00:00:00+00:00,111.08999633789062,native,230.32389985763777,9.317123611994617,0.293906458055202,2
BATUSDT,1,2020-01-23 00:00:00+00:00,2020-01-24 00:00:00+00:00,0.20759999752044678,0.1653224155306816,18548.42453025411,2020-01-28 00:00:00+00:00,0.22619999945163727,native,328.9081190731452,16.092613010122328,0.4194280065860696,4
LTCUSDT,-1,2020-01-28 00:00:00+00:00,2020-01-29 00:00:00+00:00,60.540000915527344,72.10305690765381,68.24010340426636,2020-02-01 00:00:00+00:00,72.10305690765381,stop,-808.5032932976059,19.4391567255741,-1.0246357118827178,3
BTCUSDT,-1,2020-01-27 00:00:00+00:00,2020-01-28 00:00:00+00:00,8907.5703125,9914.539428710938,0.7882107966284558,2020-02-04 00:00:00+00:00,9291.349609375,native,-336.35489320965974,33.85590789030734,-0.42377879308156496,7
ONTUSDT,-1,2020-01-27 00:00:00+00:00,2020-01-28 00:00:00+00:00,0.684499979019165,0.8142087124288082,6119.124814535175,2020-02-04 00:00:00+00:00,0.8142087124288082,stop,-815.2633645303457,21.559435261470476,-1.0271630698380567,7
QTUMUSDT,-1,2020-01-28 00:00:00+00:00,2020-01-29 00:00:00+00:00,2.052999973297119,2.4066762551665306,2231.034923804643,2020-02-05 00:00:00+00:00,2.4066762551665306,stop,-812.4026637808855,23.338527208853705,-1.029577478087199,7
ETHUSDT,-1,2020-01-28 00:00:00+00:00,2020-01-29 00:00:00+00:00,175.5800018310547,201.07070922851562,30.95497211076333,2020-02-05 00:00:00+00:00,201.07070922851562,stop,-816.3727808833783,27.308644311346512,-1.0346089031874959,7
BNBUSDT,-1,2020-01-28 00:00:00+00:00,2020-01-29 00:00:00+00:00,18.061399459838867,20.72504436969757,296.2347322090649,2020-02-05 00:00:00+00:00,18.177799224853516,native,-59.74643443636682,25.26478121805436,-0.07571809649837344,7
XRPUSDT,-1,2020-01-28 00:00:00+00:00,2020-01-29 00:00:00+00:00,0.2391200065612793,0.2769130440428853,20878.558304716094,2020-02-05 00:00:00+00:00,0.2769130440428853,stop,-814.2301298479226,25.16599327589089,-1.0318934698834756,7
IOSTUSDT,-1,2020-01-28 00:00:00+00:00,2020-01-29 00:00:00+00:00,0.005683000199496746,0.006723647878970951,758243.305717755,2020-02-05 00:00:00+00:00,0.006723647878970951,stop,-811.0387070585792,21.974570486547435,-1.0278489028559994,7
BTTUSDT,-1,2020-01-28 00:00:00+00:00,2020-01-29 00:00:00+00:00,0.0003718000079970807,0.0004335276444180636,12782996.115234498,2020-02-06 00:00:00+00:00,0.0004335276444180636,stop,-813.5922173377165,24.52808076568477,-1.031085027982951,8
ATOMUSDT,1,2020-02-03 00:00:00+00:00,2020-02-04 00:00:00+00:00,4.263999938964844,3.4248768389225006,899.6788482481701,2020-02-07 00:00:00+00:00,4.585999965667725,native,273.77229771753537,15.92431544239249,0.36264050754681926,3
FETUSDT,-1,2020-02-04 00:00:00+00:00,2020-02-05 00:00:00+00:00,0.041189998388290405,0.04875781340524554,98248.09046554448,2020-02-07 00:00:00+00:00,0.04875781340524554,stop,-762.0602959106795,18.53692149836529,-1.0249311886301045,2
XLMUSDT,-1,2020-01-30 00:00:00+00:00,2020-01-31 00:00:00+00:00,0.06282000243663788,0.07373806554824114,70770.93612448001,2020-02-09 00:00:00+00:00,0.07373806554824114,stop,-796.2559217201749,23.574374645859187,-1.0305098196470737,9
IOTAUSDT,1,2020-02-08 00:00:00+00:00,2020-02-09 00:00:00+00:00,0.30730000138282776,0.2392631657421589,10633.898786088455,2020-02-12 00:00:00+00:00,0.3321000039577484,native,250.1220873952071,13.59862988123221,0.34571276489789826,3
FETUSDT,-1,2020-02-07 00:00:00+00:00,2020-02-08 00:00:00+00:00,0.046629998832941055,0.055224740179255605,83932.66406796734,2020-02-13 00:00:00+00:00,0.055224740179255605,stop,-740.5511417166035,19.171603545315023,-1.0265763062727222,5
EOSUSDT,1,2020-02-15 00:00:00+00:00,2020-02-16 00:00:00+00:00,4.741399765014648,3.747821033000946,719.6720952114839,2020-02-19 00:00:00+00:00,3.747821033000946,stop,-727.2697984627122,12.218910636841576,-1.0170881693105696,3
BTCUSDT,1,2020-02-17 00:00:00+00:00,2020-02-18 00:00:00+00:00,9706.0,8580.557067871094,0.6315119685509626,2020-02-19 00:00:00+00:00,10164.7802734375,native,264.6279624766202,25.097271134244302,0.3723322621947294,1
ATOMUSDT,1,2020-02-17 00:00:00+00:00,2020-02-18 00:00:00+00:00,4.28000020980835,3.1162398755550385,610.7191151316479,2020-02-22 00:00:00+00:00,4.953000068664551,native,399.7363387642247,11.277539520158456,0.5624301147187799,4
ETCUSDT,1,2020-02-15 00:00:00+00:00,2020-02-16 00:00:00+00:00,10.39430046081543,7.086237668991089,216.15396466870936,2020-02-23 00:00:00+00:00,9.486800193786621,native,-204.75453811312923,8.594757456939814,-0.2863496033627625,7
ZECUSDT,1,2020-02-15 00:00:00+00:00,2020-02-16 00:00:00+00:00,64.47000122070312,48.78091382980347,45.576321299646196,2020-02-24 00:00:00+00:00,63.290000915527344,native,-65.42573485558061,11.64566181320865,-0.09149801219673907,8
IOTAUSDT,1,2020-02-15 00:00:00+00:00,2020-02-16 00:00:00+00:00,0.2883000075817108,0.21092363633215427,9241.204727986888,2020-02-24 00:00:00+00:00,0.2777000069618225,native,-108.41781986605645,10.461044020880694,-0.15162252325244072,8
XMRUSDT,1,2020-02-17 00:00:00+00:00,2020-02-18 00:00:00+00:00,82.6500015258789,64.75270223617554,39.71161626432591,2020-02-24 00:00:00+00:00,85.12999725341797,native,85.159008812494,13.325629856705014,0.11981895677490292,6
NEOUSDT,1,2020-02-22 00:00:00+00:00,2020-02-23 00:00:00+00:00,13.71399974822998,10.235517263412476,202.94588068184817,2020-02-24 00:00:00+00:00,14.291999816894531,native,105.93532847705667,11.367404492239302,0.15006200888249904,1
DASHUSDT,1,2020-02-16 00:00:00+00:00,2020-02-17 00:00:00+00:00,110.61000061035156,77.91114616394043,21.63358558952674,2020-02-27 00:00:00+00:00,84.33000183105469,max_hold,-576.9651053398546,8.434502455277427,-0.81562119639047,10
LINKUSDT,1,2020-02-25 00:00:00+00:00,2020-02-26 00:00:00+00:00,3.4874000549316406,2.3013114035129547,593.4239910170788,2020-02-28 00:00:00+00:00,3.9567999839782715,native,269.71804548394647,8.835133794038827,0.38320198783216397,2
BTTUSDT,1,2020-02-20 00:00:00+00:00,2020-02-21 00:00:00+00:00,0.0004778000002261251,0.0003391728278074879,5052394.801166933,2020-03-02 00:00:00+00:00,0.0003597000031732023,max_hold,-605.1505724543216,8.4627613263041,-0.8640080798735156,10
ENJUSDT,1,2020-02-22 00:00:00+00:00,2020-02-23 00:00:00+00:00,0.1244100034236908,0.07425795868039131,14076.069977425777,2020-03-03 00:00:00+00:00,0.1084199994802475,native,-231.63107727466215,6.554662827440165,-0.32811551420243373,9
IOTAUSDT,1,2020-02-25 00:00:00+00:00,2020-02-26 00:00:00+00:00,0.24740000069141388,0.17592461220920086,9847.494027963186,2020-03-03 00:00:00+00:00,0.22419999539852142,native,-237.75006986063897,9.2881562901662,-0.3377834776103452,6
ATOMUSDT,1,2020-02-25 00:00:00+00:00,2020-02-26 00:00:00+00:00,4.051000118255615,2.71449738740921,526.6382514453915,2020-03-03 00:00:00+00:00,3.7090001106262207,native,-188.2837119157632,8.173425903508337,-0.2675041358581747,6
XLMUSDT,1,2020-02-25 00:00:00+00:00,2020-02-26 00:00:00+00:00,0.06403999775648117,0.04647568613290787,40072.93176695237,2020-03-03 00:00:00+00:00,0.05967999994754791,native,-184.63354075384643,9.915646052402124,-0.2623181541687982,6
BNBUSDT,1,2020-02-25 00:00:00+00:00,2020-02-26 00:00:00+00:00,20.331600189208984,15.442474603652954,143.96305615555048,2020-03-03 00:00:00+00:00,19.92970085144043,native,-69.45093681727406,11.59227988522107,-0.09867243772078083,6
ICXUSDT,1,2020-02-25 00:00:00+00:00,2020-02-26 00:00:00+00:00,0.3271999955177307,0.17198514193296432,4534.70428228411,2020-03-03 00:00:00+00:00,0.31679999828338623,native,-53.00161105368656,5.8406990593617305,-0.07530205358576479,6
NEOUSDT,1,2020-02-25 00:00:00+00:00,2020-02-26 00:00:00+00:00,12.378000259399414,8.90521514415741,202.67694022752474,2020-03-03 00:00:00+00:00,12.088000297546387,native,-68.69369319944386,9.917388264973383,-0.09759658364099505,6
ETCUSDT,1,2020-02-27 00:00:00+00:00,2020-02-28 00:00:00+00:00,7.713900089263916,4.610436201095581,222.41525361690444,2020-03-03 00:00:00+00:00,8.456299781799316,native,157.92801768965583,7.192998210717128,0.22879573224625183,4
BATUSDT,1,2020-02-28 00:00:00+00:00,2020-02-29 00:00:00+00:00,0.21539999544620514,0.1417054757475853,9318.449119904975,2020-03-03 00:00:00+00:00,0.22769999504089355,native,106.35891096518701,8.258009432768816,0.15487989690945742,3
IOTAUSDT,-1,2020-03-06 00:00:00+00:00,2020-03-07 00:00:00+00:00,0.23280000686645508,0.2918579187244177,11780.49172355032,2020-03-08 00:00:00+00:00,0.22269999980926514,native,107.98855207021487,10.994497474811052,0.15521590173615954,1
BTTUSDT,-1,2020-03-06 00:00:00+00:00,2020-03-07 00:00:00+00:00,0.00039030000334605575,0.0004993537368136458,6379710.439346479,2020-03-09 00:00:00+00:00,0.00031880001188255847,native,446.6621019544676,9.487139998390209,0.642003801302502,2
IOSTUSDT,-1,2020-03-06 00:00:00+00:00,2020-03-07 00:00:00+00:00,0.005710000172257423,0.0071019008464645594,499842.5927548314,2020-03-09 00:00:00+00:00,0.004614999983459711,native,536.5060911617628,10.821642273915607,0.7711398581626481,2
XRPUSDT,-1,2020-03-06 00:00:00+00:00,2020-03-07 00:00:00+00:00,0.2447499930858612,0.2960654739290476,13557.92112674457,2020-03-09 00:00:00+00:00,0.2038699984550476,native,541.4863905044677,12.7613523618445,0.7782982248466586,2
ALGOUSDT,1,2020-03-07 00:00:00+00:00,2020-03-08 00:00:00+00:00,0.3375000059604645,0.18886016309261322,4714.314692759682,2020-03-12 00:00:00+00:00,0.18886016309261322,stop,-705.6978501187024,4.962854957300788,-1.0070823563709097,4
ZECUSDT,1,2020-03-08 00:00:00+00:00,2020-03-09 00:00:00+00:00,42.81999969482422,28.06357717514038,48.11170137079406,2020-03-12 00:00:00+00:00,28.06357717514038,stop,-716.7772525332122,6.820658964922924,-1.009607149263368,3
LINKUSDT,1,2020-03-08 00:00:00+00:00,2020-03-09 00:00:00+00:00,4.053699970245361,2.770057052373886,553.0795080812136,2020-03-12 00:00:00+00:00,2.770057052373886,stop,-717.5047539229611,7.5481603546719604,-1.0106318617547227,3
NEOUSDT,1,2020-03-08 00:00:00+00:00,2020-03-09 00:00:00+00:00,10.053000450134277,6.953682899475098,229.06868430351443,2020-03-12 00:00:00+00:00,6.953682899475098,stop,-717.7479907268122,7.791397158523011,-1.0109744697480205,3
ETCUSDT,1,2020-03-08 00:00:00+00:00,2020-03-09 00:00:00+00:00,6.44290018081665,3.8174906969070435,270.41747122474135,2020-03-12 00:00:00+00:00,3.8174906969070435,stop,-715.505771478152,5.549177909862891,-1.0078162213861166,3
ENJUSDT,1,2020-03-08 00:00:00+00:00,2020-03-09 00:00:00+00:00,0.08657000213861465,0.0449981763958931,17077.830499003023,2020-03-12 00:00:00+00:00,0.0449981763958931,stop,-714.450391672439,4.493798104149783,-1.0063296800746135,3
MATICUSDT,1,2020-03-11 00:00:00+00:00,2020-03-12 00:00:00+00:00,0.0189800001680851,0.010212428169324994,80351.94262047343,2020-03-12 00:00:00+00:00,0.010212428169324994,stop,-709.1827788186812,4.691336653439716,-1.0066591818901605,0
DASHUSDT,-1,2020-03-18 00:00:00+00:00,2020-03-19 00:00:00+00:00,62.5,93.77180767059326,21.172073334912906,2020-03-23 00:00:00+00:00,62.439998626708984,native,-4.594014373988024,5.8643678495008915,-0.006938665854733271,4
ZECUSDT,-1,2020-03-19 00:00:00+00:00,2020-03-20 00:00:00+00:00,31.950000762939453,48.010234355926514,41.184478384055744,2020-03-23 00:00:00+00:00,29.489999771118164,native,95.8593853096744,5.454472362745174,0.14492696991228016,3
IOTAUSDT,-1,2020-03-19 00:00:00+00:00,2020-03-20 00:00:00+00:00,0.148499995470047,0.2305959202349186,8056.823102336071,2020-03-23 00:00:00+00:00,0.125900000333786,native,177.3351491766364,4.7490137498739795,0.2681077679153271,3
BTCUSDT,-1,2020-03-19 00:00:00+00:00,2020-03-20 00:00:00+00:00,6162.0498046875,8428.843505859375,0.2917920333514769,2020-03-23 00:00:00+00:00,5816.0498046875,native,93.43841752755371,7.521626012057299,0.14126678031493883,3
BNBUSDT,-1,2020-03-19 00:00:00+00:00,2020-03-20 00:00:00+00:00,12.259699821472168,18.365776538848877,108.32362151149418,2020-03-23 00:00:00+00:00,11.149399757385254,native,114.81910610811313,5.452617798225475,0.17359161111380528,3
TRXUSDT,-1,2020-03-19 00:00:00+00:00,2020-03-20 00:00:00+00:00,0.011620000004768372,0.01703933347016573,122050.49707247785,2020-03-23 00:00:00+00:00,0.010280000045895576,native,157.80152364102096,5.746137416503567,0.23857545711307768,3
ATOMUSDT,-1,2020-03-20 00:00:00+00:00,2020-03-21 00:00:00+00:00,2.1700000762939453,3.5070767998695374,494.4276306023109,2020-03-23 00:00:00+00:00,1.9160000085830688,native,121.34221528091487,4.242436370200302,0.1835493530102073,2
FETUSDT,-1,2020-03-21 00:00:00+00:00,2020-03-22 00:00:00+00:00,0.013439999893307686,0.02470741723664105,58562.74596893008,2020-03-23 00:00:00+00:00,0.011830000206828117,native,91.25672747935587,3.0292751700041656,0.1382990119952624,1
EOSUSDT,-1,2020-03-19 00:00:00+00:00,2020-03-20 00:00:00+00:00,2.2753000259399414,3.3695434033870697,604.4654753098752,2020-03-28 00:00:00+00:00,2.192699909210205,native,43.43616181285435,6.4927570068368885,0.06566984855807498,8
IOSTUSDT,-1,2020-03-20 00:00:00+00:00,2020-03-21 00:00:00+00:00,0.0031469999812543392,0.004939374804962426,368833.38664806425,2020-03-28 00:00:00+00:00,0.002968000015243888,native,60.68916070432077,5.332002969202382,0.09180198462853206,7
NEOUSDT,-1,2020-03-26 00:00:00+00:00,2020-03-27 00:00:00+00:00,7.03000020980835,9.859542608261108,236.8406185431063,2020-03-28 00:00:00+00:00,6.501999855041504,native,118.48805863390174,6.56387198005756,0.17680811389589163,1
BNBUSDT,-1,2020-03-26 00:00:00+00:00,2020-03-27 00:00:00+00:00,13.19890022277832,18.45152735710144,127.58388416044592,2020-03-30 00:00:00+00:00,11.300700187683105,native,235.4711557668799,6.708577624062377,0.35137052128319424,3
XMRUSDT,-1,2020-03-26 00:00:00+00:00,2020-03-27 00:00:00+00:00,50.279998779296875,69.36565685272217,35.112783078546705,2020-03-30 00:00:00+00:00,44.040000915527344,native,211.9924750215462,7.111216379588209,0.31633558774468074,3
XRPUSDT,-1,2020-03-26 00:00:00+00:00,2020-03-27 00:00:00+00:00,0.17590999603271484,0.2344399206340313,11449.708442447285,2020-03-30 00:00:00+00:00,0.16279000043869019,native,141.87912628881537,8.340998028959932,0.21171231100874027,3
XLMUSDT,-1,2020-03-26 00:00:00+00:00,2020-03-27 00:00:00+00:00,0.04284000024199486,0.05796640599146485,44303.3581766096,2020-03-30 00:00:00+00:00,0.03773000091314316,native,218.72795326670698,7.662177281644581,0.3263862816158094,3
ETCUSDT,-1,2020-04-02 00:00:00+00:00,2020-04-03 00:00:00+00:00,5.094900131225586,6.784402668476105,402.9993541421807,2020-04-06 00:00:00+00:00,5.02810001373291,native,18.144956140732482,8.775448065437645,0.026649724536639406,3
VETUSDT,-1,2020-04-02 00:00:00+00:00,2020-04-03 00:00:00+00:00,0.0032289999071508646,0.0045221947657410055,526501.0348678828,2020-04-07 00:00:00+00:00,0.0045221947657410055,stop,-689.7348084455047,8.86637711196995,-1.0130221592071826,4
TRXUSDT,-1,2020-04-02 00:00:00+00:00,2020-04-03 00:00:00+00:00,0.011950000189244747,0.01572966400999576,180139.94461503392,2020-04-11 00:00:00+00:00,0.012489999644458294,native,-107.94011689427319,10.664644939956382,-0.15853300274601356,8
ADAUSDT,-1,2020-04-02 00:00:00+00:00,2020-04-03 00:00:00+00:00,0.031870000064373016,0.04201829433441162,67091.90857262602,2020-04-11 00:00:00+00:00,0.03322000056505203,native,-101.1430315180149,10.568921353458986,-0.14855003825029495,8
ETHUSDT,-1,2020-04-02 00:00:00+00:00,2020-04-03 00:00:00+00:00,141.27000427246094,187.89638137817383,14.602644974749953,2020-04-11 00:00:00+00:00,157.80999755859375,native,-252.10884328152832,10.581193439383043,-0.37027541839141115,8
MATICUSDT,-1,2020-04-02 00:00:00+00:00,2020-04-03 00:00:00+00:00,0.011529999785125256,0.01719016768038273,120291.20759898641,2020-04-11 00:00:00+00:00,0.012000000104308128,native,-63.4054136057446,6.868507639327772,-0.09312432576960586,8
QTUMUSDT,-1,2020-04-02 00:00:00+00:00,2020-04-03 00:00:00+00:00,1.2669999599456787,1.690256029367447,1608.6442239651847,2020-04-11 00:00:00+00:00,1.3420000076293945,native,-130.79958189492461,10.151188391401744,-0.19210698554307076,8
BTCUSDT,-1,2020-04-02 00:00:00+00:00,2020-04-03 00:00:00+00:00,6793.85986328125,8654.404968261719,0.3659510481691236,2020-04-11 00:00:00+00:00,6858.919921875,native,-35.86506948189996,12.056272845572547,-0.05267547712801926,8
XMRUSDT,-1,2020-04-02 00:00:00+00:00,2020-04-03 00:00:00+00:00,50.68000030517578,66.30119705200195,43.58618884125313,2020-04-11 00:00:00+00:00,53.70000076293945,native,-142.66925365042277,11.038943397664468,-0.2095401212404484,8
LTCUSDT,-1,2020-04-03 00:00:00+00:00,2020-04-04 00:00:00+00:00,40.4900016784668,52.88719892501831,54.77861721762684,2020-04-11 00:00:00+00:00,42.279998779296875,native,-108.79696758120967,10.743401574177025,-0.16020726800272028,7
VETUSDT,-1,2020-04-07 00:00:00+00:00,2020-04-08 00:00:00+00:00,0.003871999913826585,0.0051518152467906475,512671.3822164321,2020-04-11 00:00:00+00:00,0.0036090000066906214,native,126.57477424617508,8.257751668012556,0.19291268118611582,3
BATUSDT,-1,2020-04-06 00:00:00+00:00,2020-04-07 00:00:00+00:00,0.1615999937057495,0.20905540697276592,13807.726340391433,2020-04-13 00:00:00+00:00,0.1598999947309494,native,13.238281869628278,10.234838753357632,0.020203364208895316,6
ICXUSDT,1,2020-04-15 00:00:00+00:00,2020-04-16 00:00:00+00:00,0.2199999988079071,0.14703895151615143,9155.21504687934,2020-04-17 00:00:00+00:00,0.23499999940395355,native,128.99698550020491,8.3312456599186,0.1931167537011882,1
BNBUSDT,-1,2020-04-14 00:00:00+00:00,2020-04-15 00:00:00+00:00,15.614800453186035,19.237915515899658,183.85377473870662,2020-04-21 00:00:00+00:00,14.984000205993652,native,103.00224534525657,12.972761207172248,0.1546293800010871,6
VETUSDT,-1,2020-04-16 00:00:00+00:00,2020-04-17 00:00:00+00:00,0.003826000029221177,0.004898087179753929,622329.7934531715,2020-04-21 00:00:00+00:00,0.0036430000327527523,native,103.637885130967,10.248464873158905,0.15533447656482402,4
ALGOUSDT,-1,2020-04-18 00:00:00+00:00,2020-04-19 00:00:00+00:00,0.19869999587535858,0.2573439422994852,11332.316503846057,2020-04-21 00:00:00+00:00,0.17630000412464142,native,244.93206251241878,8.911733690248852,0.3685562290631287,2
MATICUSDT,-1,2020-04-18 00:00:00+00:00,2020-04-19 00:00:00+00:00,0.013380000367760658,0.017254843842238188,171509.3180641065,2020-04-21 00:00:00+00:00,0.012000000104308128,native,227.55037579210705,9.132528320923676,0.3424015115194835,2
ADAUSDT,-1,2020-04-18 00:00:00+00:00,2020-04-19 00:00:00+00:00,0.036570001393556595,0.044038588646799326,88982.25854216922,2020-04-21 00:00:00+00:00,0.033900000154972076,native,224.4240438722677,13.158696647371968,0.33769723111063643,2
XLMUSDT,-1,2020-04-22 00:00:00+00:00,2020-04-23 00:00:00+00:00,0.05496000126004219,0.06538503034971654,64886.99559064994,2020-04-23 00:00:00+00:00,0.06538503034971654,stop,-692.0664716449352,15.617655070838085,-1.023087711424989,0
BTCUSDT,-1,2020-04-23 00:00:00+00:00,2020-04-24 00:00:00+00:00,7483.9599609375,8750.034118652344,0.5288222240205023,2020-04-29 00:00:00+00:00,8750.034118652344,stop,-688.7207101449544,19.192558287306582,-1.0286657972992705,5
ADAUSDT,-1,2020-04-23 00:00:00+00:00,2020-04-24 00:00:00+00:00,0.040860000997781754,0.0487776305526495,84561.69200869257,2020-04-29 00:00:00+00:00,0.0487776305526495,stop,-686.5742890990454,17.046137241397602,-1.02545992606002,5
TRXUSDT,-1,2020-04-23 00:00:00+00:00,2020-04-24 00:00:00+00:00,0.013609999790787697,0.01626750541618094,251938.56429130796,2020-04-29 00:00:00+00:00,0.01626750541618094,stop,-686.3951894028526,16.86703754520481,-1.0251924246925332,5
ALGOUSDT,-1,2020-04-24 00:00:00+00:00,2020-04-25 00:00:00+00:00,0.20900000631809235,0.26398943178355694,12130.729058508716,2020-05-01 00:00:00+00:00,0.2093999981880188,native,-16.590129162685464,11.737936163001407,-0.024870452228478866,6
BTTUSDT,-1,2020-04-24 00:00:00+00:00,2020-04-25 00:00:00+00:00,0.00023960000544320792,0.0002877937713492429,13841247.075507725,2020-05-02 00:00:00+00:00,0.0002877937713492429,stop,-684.1267994758009,17.0649780711905,-1.025582303654041,7
MATICUSDT,-1,2020-04-23 00:00:00+00:00,2020-04-24 00:00:00+00:00,0.014310000464320183,0.018259799457155168,169509.42391554237,2020-05-04 00:00:00+00:00,0.017109999433159828,max_hold,-487.9603319064482,13.33411973432721,-0.7288122695850379,10
VETUSDT,-1,2020-04-24 00:00:00+00:00,2020-04-25 00:00:00+00:00,0.004081999883055687,0.005030880653066561,702998.5668241187,2020-05-04 00:00:00+00:00,0.00433199992403388,native,-190.37358702465374,14.623916511012897,-0.28539121999785605,9
ONTUSDT,-1,2020-04-24 00:00:00+00:00,2020-04-25 00:00:00+00:00,0.45100000500679016,0.5457484237849712,7040.347796898784,2020-05-04 00:00:00+00:00,0.4878999888896942,native,-276.11768042879567,16.328960193191506,-0.41393117034847476,9
QTUMUSDT,-1,2020-04-24 00:00:00+00:00,2020-04-25 00:00:00+00:00,1.4270000457763672,1.7201528623700142,2275.4747136857854,2020-05-05 00:00:00+00:00,1.5579999685287476,native,-315.21769558836786,17.13068387053509,-0.4725464499296695,10
NEOUSDT,-1,2020-04-24 00:00:00+00:00,2020-04-25 00:00:00+00:00,8.074000358581543,9.709302961826324,407.9133856211203,2020-05-05 00:00:00+00:00,9.0,max_hold,-395.2612349074921,17.533586092545917,-0.5925406345025164,10
LTCUSDT,-1,2020-04-29 00:00:00+00:00,2020-04-30 00:00:00+00:00,48.810001373291016,57.31497287750244,72.86029441001682,2020-05-05 00:00:00+00:00,46.970001220703125,native,118.37460099692497,15.688351835104623,0.1910269948034948,5
IOSTUSDT,-1,2020-04-29 00:00:00+00:00,2020-04-30 00:00:00+00:00,0.003926000092178583,0.004747376311570406,754434.7074042124,2020-05-06 00:00:00+00:00,0.0036979999858886003,native,158.79945732932487,13.211736147687644,0.256262600714783,6
IOTAUSDT,-1,2020-04-29 00:00:00+00:00,2020-04-30 00:00:00+00:00,0.1860000044107437,0.2212112732231617,17598.761664819842,2020-05-07 00:00:00+00:00,0.1776999980211258,native,131.01497355105678,15.054860716310802,0.2114253941381215,7
BTTUSDT,-1,2020-05-02 00:00:00+00:00,2020-05-03 00:00:00+00:00,0.0002936999953817576,0.00034785724528774153,11429458.05776224,2020-05-07 00:00:00+00:00,0.0002854999911505729,native,79.13613046302318,14.585473970775478,0.12784759700675066,4
ICXUSDT,1,2020-05-06 00:00:00+00:00,2020-05-07 00:00:00+00:00,0.2612000107765198,0.19517061300575733,9545.34579368891,2020-05-08 00:00:00+00:00,0.2793999910354614,native,163.40467710318146,10.320427906728423,0.25925997863481676,1
ETHUSDT,1,2020-05-06 00:00:00+00:00,2020-05-07 00:00:00+00:00,198.9199981689453,159.85669231414795,16.134667061045867,2020-05-08 00:00:00+00:00,212.00999450683594,native,197.94229550773142,13.260437234443494,0.3140578116491493,1
DASHUSDT,1,2020-05-06 00:00:00+00:00,2020-05-07 00:00:00+00:00,77.1500015258789,61.547128200531006,40.39470302223362,2020-05-09 00:00:00+00:00,81.79000091552734,native,174.5907289742465,12.840668393947384,0.27700791351962434,2
ZECUSDT,1,2020-05-06 00:00:00+00:00,2020-05-07 00:00:00+00:00,42.290000915527344,33.651209354400635,72.95851853945602,2020-05-09 00:00:00+00:00,46.779998779296875,native,314.5867619378589,12.99683044808835,0.49912743395530096,2
XLMUSDT,1,2020-05-10 00:00:00+00:00,2020-05-11 00:00:00+00:00,0.0640299990773201,0.04837500676512718,40794.22454570418,2020-05-13 00:00:00+00:00,0.07012999802827835,native,237.89882083999726,10.94590609395361,0.3725124126828885,2
ETHUSDT,1,2020-05-10 00:00:00+00:00,2020-05-11 00:00:00+00:00,187.6199951171875,145.79179096221924,15.268005991335755,2020-05-14 00:00:00+00:00,199.61000061035156,native,171.23901591619156,11.82445978958597,0.26813356509776975,3
BTCUSDT,1,2020-05-11 00:00:00+00:00,2020-05-12 00:00:00+00:00,8562.0400390625,6845.810974121094,0.37148056992250733,2020-05-14 00:00:00+00:00,9309.349609375,native,264.33323706441405,13.277748023817521,0.41461061670105126,2
TRXUSDT,-1,2020-05-19 00:00:00+00:00,2020-05-20 00:00:00+00:00,0.015530000440776348,0.01819740212522447,241882.43229555717,2020-05-21 00:00:00+00:00,0.014990000054240227,native,115.48927938877206,15.127327547126033,0.17899830699042274,1
LTCUSDT,-1,2020-05-18 00:00:00+00:00,2020-05-19 00:00:00+00:00,45.33000183105469,53.50943326950073,78.90132550651782,2020-05-22 00:00:00+00:00,42.720001220703125,native,190.99088434271218,14.941623386846627,0.29594105929684017,3
QTUMUSDT,-1,2020-05-18 00:00:00+00:00,2020-05-19 00:00:00+00:00,1.5789999961853027,1.8727478384971619,2197.0135246063114,2020-05-22 00:00:00+00:00,1.4950000047683716,native,170.0191682669232,14.529948942888606,0.26344531013006384,3
ONTUSDT,-1,2020-05-19 00:00:00+00:00,2020-05-20 00:00:00+00:00,0.4848000109195709,0.5796943195164204,6799.118059699939,2020-05-22 00:00:00+00:00,0.4632999897003174,native,132.63958308603526,13.541599469723382,0.20557978141323532,2
ATOMUSDT,-1,2020-05-20 00:00:00+00:00,2020-05-21 00:00:00+00:00,2.7049999237060547,3.2327095717191696,1226.498127447909,2020-05-22 00:00:00+00:00,2.513000011444092,native,222.3795795796591,13.107953279801205,0.3435840392025808,1
ALGOUSDT,-1,2020-05-20 00:00:00+00:00,2020-05-21 00:00:00+00:00,0.20900000631809235,0.2543208198621869,14281.184394330388,2020-05-22 00:00:00+00:00,0.19089999794960022,native,246.79398097743086,11.695576071928317,0.3813051225089495,1
IOSTUSDT,-1,2020-05-18 00:00:00+00:00,2020-05-19 00:00:00+00:00,0.0036410000175237656,0.0044201588607393205,828288.0801553517,2020-05-25 00:00:00+00:00,0.0044201588607393205,stop,-660.5953279984612,15.227345615384637,-1.0235948265657002,6
ZRXUSDT,1,2020-05-21 00:00:00+00:00,2020-05-22 00:00:00+00:00,0.32260000705718994,0.1930970773100853,5072.4587671043355,2020-05-27 00:00:00+00:00,0.3472999930381775,native,118.49358017948059,6.796080257133884,0.18038345562077207,5
XMRUSDT,1,2020-05-21 00:00:00+00:00,2020-05-22 00:00:00+00:00,61.650001525878906,49.91439151763916,55.974787071160314,2020-05-28 00:00:00+00:00,64.5,native,145.40561879318477,14.12243894887524,0.22135180610513241,6
BTCUSDT,1,2020-05-21 00:00:00+00:00,2020-05-22 00:00:00+00:00,9067.509765625,7373.472717285156,0.3877709002912056,2020-05-28 00:00:00+00:00,9204.0703125,native,38.783832092703356,14.170374113274777,0.05904084967726476,6
OMGUSDT,1,2020-05-31 00:00:00+00:00,2020-06-01 00:00:00+00:00,1.5075000524520874,1.0039703398942947,1298.4443326549829,2020-06-02 00:00:00+00:00,1.7174999713897705,native,264.29823859510117,8.37496600753929,0.40424609275989243,1
FETUSDT,-1,2020-05-25 00:00:00+00:00,2020-05-26 00:00:00+00:00,0.02273000031709671,0.02828341000713408,116778.02480493404,2020-06-05 00:00:00+00:00,0.024490000680088997,max_hold,-219.27413979579185,13.744773749585683,-0.3381166652139408,10
BTTUSDT,-1,2020-05-27 00:00:00+00:00,2020-05-28 00:00:00+00:00,0.0002812999882735312,0.0003262071886638296,14527625.61559546,2020-06-05 00:00:00+00:00,0.0003262071886638296,stop,-673.5384190071577,21.143424292380473,-1.0324089308833895,8
THETAUSDT,1,2020-05-31 00:00:00+00:00,2020-06-01 00:00:00+00:00,0.24683000147342682,0.07659808546304703,3840.674045836346,2020-06-05 00:00:00+00:00,0.2849099934101105,native,142.16835670191352,4.084479994964706,0.21744754341283168,4
ALGOUSDT,-1,2020-05-27 00:00:00+00:00,2020-05-28 00:00:00+00:00,0.22059999406337738,0.2685199659317732,13614.260803542853,2020-06-06 00:00:00+00:00,0.2320999950170517,native,-171.8093973112705,15.245385086956812,-0.2633518017506931,9
ONTUSDT,-1,2020-05-30 00:00:00+00:00,2020-05-31 00:00:00+00:00,0.5638999938964844,0.6733234599232674,5908.583962484258,2020-06-06 00:00:00+00:00,0.5702000260353088,native,-52.70481817542843,15.4805493168348,-0.08151854903619765,6
LTCUSDT,-1,2020-05-30 00:00:00+00:00,2020-05-31 00:00:00+00:00,47.720001220703125,54.769076108932495,91.71951592752795,2020-06-08 00:00:00+00:00,46.599998474121094,native,81.98750172574871,20.738608028256948,0.1268100794416877,8
EOSUSDT,-1,2020-05-30 00:00:00+00:00,2020-05-31 00:00:00+00:00,2.771699905395508,3.196878492832184,1520.6262864344812,2020-06-10 00:00:00+00:00,2.750499963760376,native,11.2539451580639,20.98324336319437,0.01740647842033569,10
ATOMUSDT,-1,2020-05-30 00:00:00+00:00,2020-05-31 00:00:00+00:00,2.816999912261963,3.298990234732628,1341.3915307908298,2020-06-10 00:00:00+00:00,3.117000102996826,max_hold,-422.33576963852863,19.918054551149474,-0.6532267891034956,10
MATICUSDT,1,2020-05-31 00:00:00+00:00,2020-06-01 00:00:00+00:00,0.020490000024437904,0.012714219512417912,84082.27323075672,2020-06-11 00:00:00+00:00,0.02127999998629093,native,59.400759537312,7.024233107501626,0.09085389701259011,10
FETUSDT,-1,2020-06-06 00:00:00+00:00,2020-06-07 00:00:00+00:00,0.027990000322461128,0.034577880054712296,97526.0918769857,2020-06-12 00:00:00+00:00,0.02631000056862831,native,151.91051757865873,11.933292766953944,0.2364402228712006,5
RVNUSDT,-1,2020-06-08 00:00:00+00:00,2020-06-09 00:00:00+00:00,0.02085000090301037,0.02495131257455796,156436.45081276968,2020-06-12 00:00:00+00:00,0.019519999623298645,native,194.46807284624518,13.592606928298554,0.3031011486772963,3
TFUELUSDT,1,2020-06-07 00:00:00+00:00,2020-06-08 00:00:00+00:00,0.00801400002092123,0.0020686315838247538,108156.32832686756,2020-06-13 00:00:00+00:00,0.010355000384151936,native,249.22055662120147,3.9734472776949135,0.38757267725293154,5
LINKUSDT,1,2020-06-11 00:00:00+00:00,2020-06-12 00:00:00+00:00,3.953000068664551,3.241384983062744,902.2594403031084,2020-06-18 00:00:00+00:00,4.166299819946289,native,177.8002842619512,14.651429946302212,0.27692098648789004,6
XTZUSDT,1,2020-06-11 00:00:00+00:00,2020-06-12 00:00:00+00:00,2.613300085067749,2.0787036418914795,1201.0207644322677,2020-06-18 00:00:00+00:00,2.6791000366210938,native,66.31454323453994,12.71256487966432,0.10328379848902446,6
ADAUSDT,1,2020-06-11 00:00:00+00:00,2020-06-12 00:00:00+00:00,0.07526999711990356,0.05692582484334707,35000.839458255476,2020-06-18 00:00:00+00:00,0.08349999785423279,native,276.9427682338263,11.114166209755552,0.4313337568516476,6
THETAUSDT,1,2020-06-08 00:00:00+00:00,2020-06-09 00:00:00+00:00,0.25466999411582947,0.12190792337059975,4832.665218103689,2020-06-19 00:00:00+00:00,0.22312000393867493,max_hold,-157.08853837095947,4.617998210311665,-0.24484078917119112,10
BANDUSDT,1,2020-06-11 00:00:00+00:00,2020-06-12 00:00:00+00:00,1.180999994277954,0.5834996700286865,1074.5792140833664,2020-06-19 00:00:00+00:00,1.3164000511169434,native,140.1307783088198,5.3673083560644255,0.21825135728929992,7
RVNUSDT,-1,2020-06-17 00:00:00+00:00,2020-06-18 00:00:00+00:00,0.02201000042259693,0.02639990276657045,149052.0372271984,2020-06-20 00:00:00+00:00,0.020889999344944954,native,153.51302730286588,13.425415017819017,0.23461320947104,2
ZRXUSDT,1,2020-06-18 00:00:00+00:00,2020-06-19 00:00:00+00:00,0.3310999870300293,0.2383101787418127,7045.967453068519,2020-06-21 00:00:00+00:00,0.3499000072479248,native,122.86772298187725,9.596607590444625,0.18793034009915138,2
NEOUSDT,1,2020-06-11 00:00:00+00:00,2020-06-12 00:00:00+00:00,10.680999755859375,8.2746142745018,266.81570090096807,2020-06-22 00:00:00+00:00,10.295999526977539,max_hold,-113.91809144903866,11.193985532898472,-0.17742553333834168,10
TRXUSDT,1,2020-06-11 00:00:00+00:00,2020-06-12 00:00:00+00:00,0.0157299991697073,0.012484041159041226,197803.36860074886,2020-06-22 00:00:00+00:00,0.01582000032067299,max_hold,5.321138481859883,12.481392357098262,0.008287584711981504,10
OMGUSDT,1,2020-06-19 00:00:00+00:00,2020-06-20 00:00:00+00:00,1.4606000185012817,1.1172491014003754,1900.9089519690795,2020-06-23 00:00:00+00:00,1.6246000528335571,native,300.0197645170266,11.729368868432076,0.45967442149927806,3
VETUSDT,1,2020-06-19 00:00:00+00:00,2020-06-20 00:00:00+00:00,0.00837900023907423,0.006062316766474396,281729.8261516302,2020-06-23 00:00:00+00:00,0.00928299967199564,native,244.73177874924937,9.951824328871645,0.3749650927169704,3
THETAUSDT,1,2020-06-21 00:00:00+00:00,2020-06-22 00:00:00+00:00,0.22056999802589417,0.1310096923261881,7315.764522285368,2020-06-23 00:00:00+00:00,0.24247999489307404,native,153.5132483438159,6.775129420482156,0.23429907610745013,1
ETHUSDT,1,2020-06-21 00:00:00+00:00,2020-06-22 00:00:00+00:00,228.02999877929688,197.75716304779053,21.64323530355772,2020-06-23 00:00:00+00:00,243.11000061035156,native,305.9860402721815,20.393987735416403,0.46701015912961236,1
ZECUSDT,1,2020-06-21 00:00:00+00:00,2020-06-22 00:00:00+00:00,50.5,42.05807900428772,77.61291622792066,2020-06-23 00:00:00+00:00,53.52000045776367,native,218.24445137358057,16.146591163113364,0.33309485581260023,1
XLMUSDT,1,2020-06-21 00:00:00+00:00,2020-06-22 00:00:00+00:00,0.06849999725818634,0.056296675466001034,53690.47200431249,2020-06-23 00:00:00+00:00,0.07188999652862549,native,166.93545086196,15.075210062192848,0.2547846673072727,1
ATOMUSDT,-1,2020-06-23 00:00:00+00:00,2020-06-24 00:00:00+00:00,2.7760000228881836,3.2255636006593704,1486.4291860499063,2020-06-26 00:00:00+00:00,2.624000072479248,native,209.09458181598535,16.842580749994863,0.312901349602371,2
ZILUSDT,1,2020-06-18 00:00:00+00:00,2020-06-19 00:00:00+00:00,0.020840000361204147,0.012321662856265903,76751.35773808265,2020-06-29 00:00:00+00:00,0.01793999969959259,max_hold,-228.53182353552313,5.952835315498154,-0.3495471575300933,10
ENJUSDT,1,2020-06-26 00:00:00+00:00,2020-06-27 00:00:00+00:00,0.16019999980926514,0.11671260464936495,15288.951384828111,2020-06-30 00:00:00+00:00,0.1716800034046173,native,165.36902239752402,10.148194469467292,0.2487213490059319,3
ADAUSDT,1,2020-06-27 00:00:00+00:00,2020-06-28 00:00:00+00:00,0.07738000154495239,0.061894436832517385,41979.52676379151,2020-06-30 00:00:00+00:00,0.08393999934196472,native,261.84132850055795,13.544274589534414,0.40278529786064926,2
XLMUSDT,1,2020-06-26 00:00:00+00:00,2020-06-27 00:00:00+00:00,0.06695999950170517,0.05543875368312001,57708.74790120328,2020-07-01 00:00:00+00:00,0.066880002617836,native,-20.06399788691406,15.447477882826227,-0.030177021962972853,4
ICXUSDT,1,2020-06-25 00:00:00+00:00,2020-06-26 00:00:00+00:00,0.3100000023841858,0.25433144718408585,12020.598989390477,2020-07-02 00:00:00+00:00,0.29919999837875366,native,-144.4684150601259,14.645897827015336,-0.21589214887575223,6
HBARUSDT,1,2020-06-24 00:00:00+00:00,2020-06-25 00:00:00+00:00,0.04165999963879585,0.03291414515115321,76557.9034125216,2020-07-04 00:00:00+00:00,0.039659999310970306,native,-165.56720917288482,12.45137725020511,-0.2472760470438602,9
MATICUSDT,1,2020-06-26 00:00:00+00:00,2020-06-27 00:00:00+00:00,0.020829999819397926,0.016136460239067674,141657.83819931917,2020-07-05 00:00:00+00:00,0.019540000706911087,native,-194.17593955925065,11.437454005324625,-0.2920480567126714,8
NANOUSDT,1,2020-06-30 00:00:00+00:00,2020-07-01 00:00:00+00:00,0.9337999820709229,0.647228367626667,2310.8131632053964,2020-07-05 00:00:00+00:00,0.9610999822616577,native,54.32768023518563,8.757519561074327,0.08203952895914934,4
CHZUSDT,1,2020-06-25 00:00:00+00:00,2020-06-26 00:00:00+00:00,0.01269999984651804,0.009678505710326135,221469.69287934052,2020-07-06 00:00:00+00:00,0.011669999919831753,native,-238.9082001564014,10.794432727446178,-0.3570220154650243,10
IOSTUSDT,1,2020-06-27 00:00:00+00:00,2020-06-28 00:00:00+00:00,0.005522000137716532,0.003945489879697561,412351.69577327813,2020-07-06 00:00:00+00:00,0.006864999886602163,native,543.572622944934,10.215600931142903,0.8361669339807947,8
FETUSDT,-1,2020-07-02 00:00:00+00:00,2020-07-03 00:00:00+00:00,0.029009999707341194,0.03556585218757391,100716.15766292615,2020-07-06 00:00:00+00:00,0.027939999476075172,native,95.4048138250794,12.361498166476697,0.14449138929150981,3
BANDUSDT,1,2020-06-26 00:00:00+00:00,2020-06-27 00:00:00+00:00,1.1612000465393066,0.7321295291185379,1549.5743553978816,2020-07-07 00:00:00+00:00,1.2121000289916992,native,71.51809762901631,7.355209869413405,0.10756596043645239,10
BATUSDT,1,2020-06-30 00:00:00+00:00,2020-07-01 00:00:00+00:00,0.2513999938964844,0.19803808256983757,12409.852690717342,2020-07-07 00:00:00+00:00,0.2612000107765198,native,108.89418475327668,12.722581094506005,0.16443970338647895,6
ATOMUSDT,-1,2020-07-04 00:00:00+00:00,2020-07-05 00:00:00+00:00,2.7809998989105225,3.27186082303524,1353.8593066213712,2020-07-07 00:00:00+00:00,3.27186082303524,stop,-681.7517556932077,17.195125310191855,-1.0258745824269055,2
XRPUSDT,-1,2020-07-06 00:00:00+00:00,2020-07-07 00:00:00+00:00,0.18875999748706818,0.20866737235337496,33554.971948613325,2020-07-09 00:00:00+00:00,0.20866737235337496,stop,-695.9733573925221,27.981952183068024,-1.0418896889463631,2
ALGOUSDT,-1,2020-07-07 00:00:00+00:00,2020-07-08 00:00:00+00:00,0.2329999953508377,0.2743943817913532,16035.80572248245,2020-07-11 00:00:00+00:00,0.2743943817913532,stop,-681.2496988624855,17.457359901016872,-1.026299429620308,3
BNBUSDT,-1,2020-07-06 00:00:00+00:00,2020-07-07 00:00:00+00:00,16.312000274658203,18.119038462638855,369.6609234118777,2020-07-12 00:00:00+00:00,18.119038462638855,stop,-696.6204488241234,28.6290436146694,-1.0428584011581594,5
RVNUSDT,-1,2020-07-08 00:00:00+00:00,2020-07-09 00:00:00+00:00,0.02019999921321869,0.023538923356682062,193098.33451991857,2020-07-13 00:00:00+00:00,0.023538923356682062,stop,-663.174600729291,18.433909538167995,-1.0285911992061683,4
EOSUSDT,-1,2020-07-04 00:00:00+00:00,2020-07-05 00:00:00+00:00,2.4595000743865967,2.779963456094265,2073.736558734922,2020-07-14 00:00:00+00:00,2.5529000759124756,native,-219.31145599619515,25.62445824608258,-0.3300116889508656,9
ETCUSDT,-1,2020-07-06 00:00:00+00:00,2020-07-07 00:00:00+00:00,6.104100227355957,6.922228157520294,816.4877161390575,2020-07-14 00:00:00+00:00,6.301000118255615,native,-184.70955110411361,23.9432088754221,-0.2765148618135236,7
ONGUSDT,1,2020-07-09 00:00:00+00:00,2020-07-10 00:00:00+00:00,0.19429999589920044,0.10854286141693592,7557.633791561699,2020-07-15 00:00:00+00:00,0.20350000262260437,native,63.5174282731692,6.012853422223172,0.09800242017296464,5
DASHUSDT,-1,2020-07-06 00:00:00+00:00,2020-07-07 00:00:00+00:00,70.2699966430664,78.65370011329651,79.67736544850865,2020-07-16 00:00:00+00:00,71.11000061035156,native,-94.60396067556704,27.674657595990546,-0.1416245178272963,9
OMGUSDT,1,2020-07-16 00:00:00+00:00,2020-07-17 00:00:00+00:00,1.4747999906539917,1.229017399251461,2581.7071681854773,2020-07-19 00:00:00+00:00,1.5836000442504883,native,265.09809168245613,15.79178658658322,0.4177808238603768,2
IOSTUSDT,1,2020-07-13 00:00:00+00:00,2020-07-14 00:00:00+00:00,0.006010999903082848,0.004513939784374088,423811.65364358184,2020-07-20 00:00:00+00:00,0.006037000101059675,native,0.8070212899127789,10.212165609707046,0.0012719582498697387,6
IOTAUSDT,1,2020-07-15 00:00:00+00:00,2020-07-16 00:00:00+00:00,0.24529999494552612,0.20265093259513378,14914.89577752062,2020-07-20 00:00:00+00:00,0.24819999933242798,native,28.53226122326834,14.721001961725417,0.04485454762473456,4
ETHUSDT,1,2020-07-16 00:00:00+00:00,2020-07-17 00:00:00+00:00,233.5800018310547,208.38400840759277,25.184110321613602,2020-07-20 00:00:00+00:00,239.1199951171875,native,115.71074435462555,23.809057744341892,0.18235412333287687,3
ICXUSDT,1,2020-07-16 00:00:00+00:00,2020-07-17 00:00:00+00:00,0.3849000036716461,0.30292183347046375,7740.337171248106,2020-07-20 00:00:00+00:00,0.42250001430511475,native,278.5376632031374,12.499096742423824,0.4389608905542038,3
BTCUSDT,1,2020-07-16 00:00:00+00:00,2020-07-17 00:00:00+00:00,9133.7197265625,8452.267547607422,0.9311565765511258,2020-07-20 00:00:00+00:00,9208.990234375,native,35.92875834615867,34.1598700237936,0.056621857090236934,3
BNBUSDT,1,2020-07-16 00:00:00+00:00,2020-07-17 00:00:00+00:00,17.16469955444336,14.787400662899017,266.9158179041199,2020-07-20 00:00:00+00:00,18.016599655151367,native,208.60472164616291,18.780890506917086,0.32875020682869016,3
TRXUSDT,1,2020-07-16 00:00:00+00:00,2020-07-17 00:00:00+00:00,0.017160000279545784,0.014562096795998514,244250.28953450336,2020-07-20 00:00:00+00:00,0.01752999983727932,native,73.42641395908132,16.946085144972976,0.11571621478770597,3
HBARUSDT,1,2020-07-16 00:00:00+00:00,2020-07-17 00:00:00+00:00,0.03897000104188919,0.03175028716214001,87889.72646394683,2020-07-21 00:00:00+00:00,0.04077000170946121,native,144.18491224772555,14.01665406010111,0.22722793304466993,4
ZECUSDT,1,2020-07-20 00:00:00+00:00,2020-07-21 00:00:00+00:00,57.04999923706055,47.736736536026,69.44914009517738,2020-07-22 00:00:00+00:00,62.40999984741211,native,355.6546448741674,16.592788424374607,0.5498696618547818,1
ZILUSDT,1,2020-07-16 00:00:00+00:00,2020-07-17 00:00:00+00:00,0.01800999976694584,0.013037332333624363,127605.29163625925,2020-07-23 00:00:00+00:00,0.018789999186992645,native,90.14030427372309,9.391749197462712,0.1420564378396591,6
QTUMUSDT,1,2020-07-20 00:00:00+00:00,2020-07-21 00:00:00+00:00,2.2149999141693115,1.7653023600578308,1438.2957615708892,2020-07-23 00:00:00+00:00,2.375,native,216.9238904569368,13.203554844320934,0.33538115700972065,2
XTZUSDT,1,2020-07-20 00:00:00+00:00,2020-07-21 00:00:00+00:00,2.766200065612793,2.070839747786522,930.1624920002042,2020-07-23 00:00:00+00:00,3.1057000160217285,native,304.8664774809025,10.923642425418738,0.4713472164621755,2
LINKUSDT,1,2020-07-20 00:00:00+00:00,2020-07-21 00:00:00+00:00,7.230100154876709,5.291504442691803,333.64258571394475,2020-07-24 00:00:00+00:00,7.898200035095215,native,212.81168116560107,10.094890385677989,0.3290233625450852,3
EOSUSDT,-1,2020-07-19 00:00:00+00:00,2020-07-20 00:00:00+00:00,2.5848000049591064,2.909263789653778,1995.4367198105192,2020-07-25 00:00:00+00:00,2.5950000286102295,native,-43.637434780545846,23.283933044159156,-0.06739924369888378,5
VETUSDT,1,2020-07-20 00:00:00+00:00,2020-07-21 00:00:00+00:00,0.01607399992644787,0.01067082746885717,119707.09636681645,2020-07-26 00:00:00+00:00,0.018216000869870186,native,248.20320049258098,8.209512859486116,0.3837413960231485,5
LTCUSDT,-1,2020-07-22 00:00:00+00:00,2020-07-23 00:00:00+00:00,44.959999084472656,50.06007790565491,129.05698355542526,2020-07-26 00:00:00+00:00,50.06007790565491,stop,-684.5104941416947,26.30970558500428,-1.0399721574972531,3
ETCUSDT,-1,2020-07-22 00:00:00+00:00,2020-07-23 00:00:00+00:00,6.357999801635742,7.139296352863312,842.4468116780092,2020-07-27 00:00:00+00:00,7.139296352863312,stop,-683.135817617655,24.935029060964588,-1.0378836207650894,4
FETUSDT,1,2020-07-24 00:00:00+00:00,2020-07-25 00:00:00+00:00,0.0492900013923645,0.0342036304064095,43933.33895286571,2020-07-27 00:00:00+00:00,0.053050000220537186,native,156.19702702189554,8.992275958592868,0.23566428455569502,2
XRPUSDT,-1,2020-07-23 00:00:00+00:00,2020-07-24 00:00:00+00:00,0.20847000181674957,0.23375923465937376,26038.48035926851,2020-07-28 00:00:00+00:00,0.23375923465937376,stop,-683.7578738103007,25.26468113666259,-1.0383674142994281,4
KAVAUSDT,1,2020-07-26 00:00:00+00:00,2020-07-27 00:00:00+00:00,2.3313000202178955,1.261437475681305,608.3985064236086,2020-07-29 00:00:00+00:00,2.599600076675415,native,157.2334491135769,5.999904508547834,0.24156211242601733,2
HOTUSDT,1,2020-07-27 00:00:00+00:00,2020-07-28 00:00:00+00:00,0.0007186000002548099,0.0005499919825524557,3764288.921253652,2020-07-29 00:00:00+00:00,0.0007722000009380281,native,190.5422848944363,11.223603856590262,0.30021348551876026,1
ZRXUSDT,1,2020-07-24 00:00:00+00:00,2020-07-25 00:00:00+00:00,0.3869999945163727,0.2971877455711365,7379.780128863989,2020-07-31 00:00:00+00:00,0.3878999948501587,native,-4.7953785075231306,11.43718308676809,-0.007235089340021683,6
BANDUSDT,1,2020-07-26 00:00:00+00:00,2020-07-27 00:00:00+00:00,3.8199000358581543,2.1653985381126404,393.41322752597557,2020-07-31 00:00:00+00:00,3.9809999465942383,native,57.240881357421515,6.137954479407844,0.08794075494609126,4
WAVESUSDT,1,2020-07-27 00:00:00+00:00,2020-07-28 00:00:00+00:00,1.4717999696731567,1.0687360614538193,1574.6616854767578,2020-07-31 00:00:00+00:00,1.5295000076293945,native,81.40597485848112,9.452064161761182,0.12826114407023564,3
DASHUSDT,-1,2020-07-28 00:00:00+00:00,2020-07-29 00:00:00+00:00,79.8499984741211,88.52486395835876,74.29315796482825,2020-08-01 00:00:00+00:00,88.52486395835876,stop,-671.3213860001914,26.838234256085805,-1.0416430347068903,3
MATICUSDT,1,2020-07-24 00:00:00+00:00,2020-07-25 00:00:00+00:00,0.02061999961733818,0.01636523101478815,155776.89693803893,2020-08-02 00:00:00+00:00,0.021080000326037407,native,58.66568980347336,12.991793186990897,0.08851261819191893,8
XTZUSDT,1,2020-07-27 00:00:00+00:00,2020-07-28 00:00:00+00:00,2.826200008392334,2.129915624856949,911.5374523393376,2020-08-02 00:00:00+00:00,3.0388998985290527,native,183.19139951434002,10.692516453741614,0.28863162103744455,5
ENJUSDT,1,2020-07-23 00:00:00+00:00,2020-07-24 00:00:00+00:00,0.18603000044822693,0.141740208491683,14867.832147862327,2020-08-03 00:00:00+00:00,0.17550000548362732,max_hold,-167.30853254072346,10.750334889220962,-0.2540778468208779,10
RLCUSDT,1,2020-07-24 00:00:00+00:00,2020-07-25 00:00:00+00:00,1.1233999729156494,0.49564920365810394,1055.8245127736627,2020-08-04 00:00:00+00:00,1.0715999603271484,max_hold,-59.32679252303224,4.635069470108599,-0.089510065469842,10
ANKRUSDT,1,2020-08-01 00:00:00+00:00,2020-08-02 00:00:00+00:00,0.005528000183403492,0.003363919910043478,296538.41887962446,2020-08-04 00:00:00+00:00,0.00585199985653162,native,89.3291363495454,6.749214437384843,0.1391998609092926,2
CELRUSDT,1,2020-08-01 00:00:00+00:00,2020-08-02 00:00:00+00:00,0.006459999829530716,0.003932958003133535,253946.3082436141,2020-08-05 00:00:00+00:00,0.006940000224858522,native,115.08856726041901,6.805761088552751,0.1793402825726706,3
BCHUSDT,1,2020-08-11 00:00:00+00:00,2020-08-12 00:00:00+00:00,281.79998779296875,211.51536560058594,9.144037062006916,2020-08-16 00:00:00+00:00,302.25,native,176.3145200707004,10.681149468887186,0.27434041231191275,4
DASHUSDT,1,2020-08-11 00:00:00+00:00,2020-08-12 00:00:00+00:00,88.5199966430664,69.26195907592773,33.37230950847041,2020-08-16 00:00:00+00:00,93.95999908447266,native,169.36588740839645,12.179557793047582,0.26352853618953725,4
ZECUSDT,1,2020-08-11 00:00:00+00:00,2020-08-12 00:00:00+00:00,80.87999725341797,58.90553855895996,29.24691794016243,2020-08-18 00:00:00+00:00,86.73999786376953,native,161.58222049560828,9.80473648464562,0.2514173703632818,6
XMRUSDT,1,2020-08-11 00:00:00+00:00,2020-08-12 00:00:00+00:00,87.33000183105469,72.17881107330322,42.418130725962875,2020-08-18 00:00:00+00:00,93.44999694824219,native,244.2620536813946,15.336699241719248,0.38006485507964755,6
CELRUSDT,1,2020-08-19 00:00:00+00:00,2020-08-20 00:00:00+00:00,0.01054999977350235,0.005962438182905316,141579.9853486483,2020-08-21 00:00:00+00:00,0.012230000458657742,native,231.40408819179663,6.450384198222862,0.3562765648838651,1
ONTUSDT,1,2020-08-19 00:00:00+00:00,2020-08-20 00:00:00+00:00,0.7781999707221985,0.5603577718138695,2981.5476800988,2020-08-23 00:00:00+00:00,0.9179999828338623,native,406.70579971629786,10.11460207301753,0.6261762545922239,3
ZECUSDT,1,2020-08-19 00:00:00+00:00,2020-08-20 00:00:00+00:00,76.30000305175781,53.88654327392578,28.978431229307247,2020-08-24 00:00:00+00:00,84.4000015258789,native,225.41158067740693,9.313668062404812,0.34705032342482084,4
RLCUSDT,1,2020-08-18 00:00:00+00:00,2020-08-19 00:00:00+00:00,1.5679999589920044,0.8504625558853149,906.1554620257001,2020-08-25 00:00:00+00:00,1.6139999628067017,native,35.916381491284476,5.766773218606496,0.05523893778845484,6
ONEUSDT,1,2020-08-19 00:00:00+00:00,2020-08-20 00:00:00+00:00,0.010649999603629112,0.006523523014038801,157399.87582172002,2020-08-25 00:00:00+00:00,0.011370000429451466,native,106.39615003437197,6.931890541602307,0.1638106532486844,5
RVNUSDT,1,2020-08-19 00:00:00+00:00,2020-08-20 00:00:00+00:00,0.02321000024676323,0.017252814723178744,109029.15482678072,2020-08-25 00:00:00+00:00,0.024250000715255737,native,103.04132451325988,10.349047585934256,0.1586454648469312,5
TROYUSDT,1,2020-08-19 00:00:00+00:00,2020-08-20 00:00:00+00:00,0.007455800194293261,0.004513410269282758,220741.27472429792,2020-08-25 00:00:00+00:00,0.0075194998644292355,native,7.449812736649873,6.611333648682514,0.011469951596714168,5
ETHUSDT,1,2020-08-19 00:00:00+00:00,2020-08-20 00:00:00+00:00,407.4599914550781,332.35732078552246,8.648253077983284,2020-08-25 00:00:00+00:00,407.67999267578125,native,-12.19644751938802,14.0990737534939,-0.018778010621801736,5
BANDUSDT,1,2020-08-21 00:00:00+00:00,2020-08-22 00:00:00+00:00,10.334099769592285,4.545819401741028,111.76690413430093,2020-08-27 00:00:00+00:00,13.022000312805176,native,295.19744433808967,5.22087799772091,0.45629931088299475,5
XTZUSDT,1,2020-08-19 00:00:00+00:00,2020-08-20 00:00:00+00:00,3.629499912261963,2.448737770318985,550.0742949921882,2020-08-30 00:00:00+00:00,3.3499999046325684,max_hold,-161.42425652940315,7.678486882352733,-0.24853355035611863,10
VETUSDT,1,2020-08-19 00:00:00+00:00,2020-08-20 00:00:00+00:00,0.01784300059080124,0.012106261914595962,113218.84078087095,2020-08-30 00:00:00+00:00,0.01674400083720684,max_hold,-132.2592785359514,7.831800415530806,-0.20363028933072042,10
TOMOUSDT,1,2020-08-27 00:00:00+00:00,2020-08-28 00:00:00+00:00,0.9718999862670898,0.5059770345687866,1411.8584955022686,2020-08-30 00:00:00+00:00,1.100600004196167,native,175.85406024753402,5.852153436927839,0.26732964644506957,2
IOTAUSDT,1,2020-08-27 00:00:00+00:00,2020-08-28 00:00:00+00:00,0.33970001339912415,0.23860011249780655,6506.606551937476,2020-08-30 00:00:00+00:00,0.3662000000476837,native,163.23895944876185,9.186027305011505,0.24815243534367296,2
XLMUSDT,1,2020-08-25 00:00:00+00:00,2020-08-26 00:00:00+00:00,0.09720999747514725,0.07324281986802816,27530.462561869317,2020-08-31 00:00:00+00:00,0.0982000008225441,native,16.495794806935223,10.759455284699078,0.02500016316579094,5
EOSUSDT,1,2020-08-27 00:00:00+00:00,2020-08-28 00:00:00+00:00,2.9790000915527344,2.2025935649871826,847.2588200856698,2020-08-31 00:00:00+00:00,3.2614998817443848,native,228.7758016239862,10.57463728824074,0.3477801654237621,3
XRPUSDT,1,2020-08-27 00:00:00+00:00,2020-08-28 00:00:00+00:00,0.2647800147533417,0.21006236411631107,12022.030733160893,2020-08-31 00:00:00+00:00,0.2830199897289276,native,206.11020274955672,13.171336979023032,0.3133243983801236,3
DOGEUSDT,1,2020-08-27 00:00:00+00:00,2020-08-28 00:00:00+00:00,0.003201700048521161,0.002633418800542131,1157555.8404295903,2020-08-31 00:00:00+00:00,0.003298100084066391,native,96.5406609527975,15.047763210203494,0.14675908377524424,3
CHZUSDT,1,2020-08-27 00:00:00+00:00,2020-08-28 00:00:00+00:00,0.014522000215947628,0.009460343862883747,129960.87282902125,2020-09-02 00:00:00+00:00,0.015138000249862671,native,72.3466229730139,7.709279097291766,0.1099798157270114,5
HOTUSDT,1,2020-08-26 00:00:00+00:00,2020-08-27 00:00:00+00:00,0.0007388999802060425,0.0005560171230172273,3620095.5409495467,2020-09-04 00:00:00+00:00,0.0005560171230172273,stop,-671.4288630878987,9.375447262555726,-1.0141611643992017,8
CELRUSDT,1,2020-08-31 00:00:00+00:00,2020-09-01 00:00:00+00:00,0.010990000329911709,0.006560239242389798,151233.71822176466,2020-09-05 00:00:00+00:00,0.006560239242389798,stop,-675.2376160724302,5.3083759724038195,-1.00792378605778,4
STXUSDT,1,2020-09-01 00:00:00+00:00,2020-09-02 00:00:00+00:00,0.23639999330043793,0.15098443254828453,7844.427567049485,2020-09-05 00:00:00+00:00,0.15098443254828453,stop,-676.1137975575289,6.077618138346711,-1.0090705820447115,3
RVNUSDT,1,2020-09-02 00:00:00+00:00,2020-09-03 00:00:00+00:00,0.02068999968469143,0.01582740235608071,136564.5706822222,2020-09-05 00:00:00+00:00,0.01582740235608071,stop,-674.0324832464996,9.973966664256306,-1.0150197104851393,2
MFTUSDT,1,2020-09-01 00:00:00+00:00,2020-09-02 00:00:00+00:00,0.0029180001001805067,0.0016670756158418953,535632.7962302566,2020-09-07 00:00:00+00:00,0.0016670756158418953,stop,-674.9480132725832,4.91183385340105,-1.0073306994521682,5
ALGOUSDT,1,2020-08-31 00:00:00+00:00,2020-09-01 00:00:00+00:00,0.5015000104904175,0.29454342275857925,3237.052018697177,2020-09-10 00:00:00+00:00,0.41290000081062317,native,-292.7227609955251,5.91992080495751,-0.4369457899043472,9
FTTUSDT@20191220,1,2020-09-05 00:00:00+00:00,2020-09-06 00:00:00+00:00,3.3329999446868896,2.4574164152145386,700.881348301176,2020-09-10 00:00:00+00:00,3.7260000705718994,native,265.55141521611233,9.895042896705204,0.43271956712435666,4
RENUSDT,1,2020-09-05 00:00:00+00:00,2020-09-06 00:00:00+00:00,0.28459998965263367,0.04440343379974365,2554.9082604778746,2020-09-10 00:00:00+00:00,0.3200800120830536,native,87.55839852665957,3.089803862760566,0.14267757630936992,4
RLCUSDT,1,2020-09-02 00:00:00+00:00,2020-09-03 00:00:00+00:00,1.3971999883651733,0.776475578546524,1069.8121518634243,2020-09-11 00:00:00+00:00,1.0362000465393066,native,-391.40868644267283,5.206561855371387,-0.5894189693660785,8
BATUSDT,1,2020-09-02 00:00:00+00:00,2020-09-03 00:00:00+00:00,0.31709998846054077,0.21242618933320045,6344.075806156483,2020-09-11 00:00:00+00:00,0.2655999958515167,native,-334.11324287359093,7.393385745443773,-0.5031382544315448,8
ZRXUSDT,1,2020-09-02 00:00:00+00:00,2020-09-03 00:00:00+00:00,0.5583000183105469,0.3176981806755066,2759.9893795887306,2020-09-11 00:00:00+00:00,0.4715000092983246,native,-245.25157730054096,5.684474278601334,-0.3693222376889231,8
HBARUSDT,1,2020-09-02 00:00:00+00:00,2020-09-03 00:00:00+00:00,0.04261000081896782,0.03217200422659516,63619.34598325985,2020-09-11 00:00:00+00:00,0.03878999873995781,native,-253.38326339126274,10.357229469952978,-0.38156767372756273,8
TROYUSDT,1,2020-09-04 00:00:00+00:00,2020-09-05 00:00:00+00:00,0.004517000168561935,0.0019909917609766126,250651.55773282432,2020-09-11 00:00:00+00:00,0.004137699957937002,native,-99.41081677836274,4.338628136834861,-0.1570104080758229,6
BTTUSDT,1,2020-09-05 00:00:00+00:00,2020-09-06 00:00:00+00:00,0.0003426999901421368,0.00020063145711901598,4319606.54219616,2020-09-11 00:00:00+00:00,0.00035570000181905925,native,50.12130913956999,6.033626348690657,0.08167334064828902,5
ONEUSDT,1,2020-09-08 00:00:00+00:00,2020-09-09 00:00:00+00:00,0.006339999847114086,0.00245263590477407,158172.0561421496,2020-09-12 00:00:00+00:00,0.007300000172108412,native,147.53029160384557,4.314933697638766,0.23993645534367575,3
KEYUSDT@20190827,1,2020-09-13 00:00:00+00:00,2020-09-14 00:00:00+00:00,0.0026130001060664654,2.8747948817908764e-05,242421.23015337426,2020-09-15 00:00:00+00:00,0.003317000111564994,native,167.78943146579954,2.8751158951359908,0.26782990317794086,1
XTZUSDT,-1,2020-09-13 00:00:00+00:00,2020-09-14 00:00:00+00:00,2.624799966812134,3.5470533072948456,679.2901250526292,2020-09-16 00:00:00+00:00,2.5000998973846436,native,77.39765772894316,7.309868026528221,0.12354417673777933,2
FTMUSDT,1,2020-09-13 00:00:00+00:00,2020-09-14 00:00:00+00:00,0.026809999719262123,0.005202172789722681,28993.08611780237,2020-09-19 00:00:00+00:00,0.039170000702142715,native,354.52864524423813,3.8259276685408543,0.5659079472411536,5
QTUMUSDT,1,2020-09-16 00:00:00+00:00,2020-09-17 00:00:00+00:00,2.4489998817443848,1.3910475969314575,588.1288550201966,2020-09-19 00:00:00+00:00,2.803999900817871,native,202.6068732547581,6.178881495079363,0.32562339951775526,2
OMGUSDT,1,2020-09-15 00:00:00+00:00,2020-09-16 00:00:00+00:00,3.467600107192993,1.6069241762161255,336.03665571167244,2020-09-23 00:00:00+00:00,3.226599931716919,native,-85.48388618038666,4.498993187480469,-0.136718367405515,7
TRXUSDT,1,2020-09-13 00:00:00+00:00,2020-09-14 00:00:00+00:00,0.030649999156594276,0.01817329879850149,50211.80031628739,2020-09-24 00:00:00+00:00,0.024860000237822533,max_hold,-296.30078355118604,5.5745140102993815,-0.472963103079813,10
ARPAUSDT,1,2020-09-14 00:00:00+00:00,2020-09-15 00:00:00+00:00,0.037379998713731766,0.02000598143786192,36192.341126914296,2020-09-25 00:00:00+00:00,0.023739999160170555,max_hold,-498.08766843890317,4.424151625457099,-0.7921161427888587,10
BANDUSDT,1,2020-09-14 00:00:00+00:00,2020-09-15 00:00:00+00:00,8.200400352478027,2.7995035648345947,116.42628709954484,2020-09-25 00:00:00+00:00,6.611199855804443,native,-188.4736325209643,3.448919236506346,-0.29973238903469,10
LINKUSDT,1,2020-09-15 00:00:00+00:00,2020-09-16 00:00:00+00:00,10.930100440979004,5.819905400276184,122.35449180089925,2020-09-25 00:00:00+00:00,9.870100021362305,native,-134.78580856479442,5.089995913853201,-0.2155692320483086,9
FETUSDT,1,2020-09-15 00:00:00+00:00,2020-09-16 00:00:00+00:00,0.06565999984741211,0.020355419255793095,13801.150105434073,2020-09-26 00:00:00+00:00,0.06080000102519989,native,-70.56416016633614,3.4905869087524843,-0.11285655351378075,10
ZRXUSDT,1,2020-09-15 00:00:00+00:00,2020-09-16 00:00:00+00:00,0.44859999418258667,0.2526390552520752,3190.714030158772,2020-09-26 00:00:00+00:00,0.4059000015258789,native,-141.69639590758922,5.452930250155223,-0.2266216567980025,10
BATUSDT,1,2020-09-15 00:00:00+00:00,2020-09-16 00:00:00+00:00,0.24639999866485596,0.16010790318250656,7245.800599854038,2020-09-26 00:00:00+00:00,0.23270000517368317,native,-106.21034724674296,6.942926190406718,-0.16986716357870957,10
CELRUSDT,1,2020-09-19 00:00:00+00:00,2020-09-20 00:00:00+00:00,0.005539999809116125,0.002451184671372175,202922.36313214162,2020-09-26 00:00:00+00:00,0.005119999870657921,native,-89.55368467930809,4.326304652015245,-0.1428767725284102,6
RENUSDT,1,2020-09-19 00:00:00+00:00,2020-09-20 00:00:00+00:00,0.24190999567508698,0.07504082098603249,3756.1740698801877,2020-09-26 00:00:00+00:00,0.22732999920845032,native,-58.29009886958988,3.5250942026645093,-0.09299786185987316,6
ETHUSDT,1,2020-09-23 00:00:00+00:00,2020-09-24 00:00:00+00:00,320.7200012207031,234.3313331604004,6.987798937081456,2020-09-27 00:00:00+00:00,353.95001220703125,native,222.77571864404666,9.428916805422109,0.36903764897982544,3
STXUSDT,1,2020-09-28 00:00:00+00:00,2020-09-29 00:00:00+00:00,0.15060000121593475,0.07519919984042645,8223.732098007295,2020-10-01 00:00:00+00:00,0.1615000069141388,native,84.50547301948774,5.133253709295246,0.13628244653221527,2
ETCUSDT,-1,2020-09-26 00:00:00+00:00,2020-09-27 00:00:00+00:00,5.361999988555908,6.27919602394104,676.0620980055304,2020-10-02 00:00:00+00:00,5.327300071716309,native,7.18103475042291,16.278263828774236,0.011580792248711268,5
BCHUSDT,-1,2020-09-27 00:00:00+00:00,2020-09-28 00:00:00+00:00,229.3699951171875,272.28694438934326,14.43260915064601,2020-10-03 00:00:00+00:00,219.6699981689453,native,125.40294865229286,14.593316064145695,0.20245758630849428,5
TRXUSDT,1,2020-10-01 00:00:00+00:00,2020-10-02 00:00:00+00:00,0.025790000334382057,0.01883929525502026,89082.65186667943,2020-10-04 00:00:00+00:00,0.0272000003606081,native,116.1655618996497,9.440979568653818,0.18760974749281073,2
XRPUSDT,1,2020-10-03 00:00:00+00:00,2020-10-04 00:00:00+00:00,0.23273999989032745,0.1993181025609374,18451.79947156037,2020-10-05 00:00:00+00:00,0.24794000387191772,native,262.7286033564032,17.738822078819666,0.42602739855659877,1
ADAUSDT,1,2020-10-02 00:00:00+00:00,2020-10-03 00:00:00+00:00,0.09284999966621399,0.06839488074183464,25232.164228870595,2020-10-06 00:00:00+00:00,0.09740000218153,native,105.20557212589742,9.600838582330422,0.17049610449712174,3
NEOUSDT,1,2020-09-29 00:00:00+00:00,2020-09-30 00:00:00+00:00,19.679000854492188,12.756279468536377,89.53766873929912,2020-10-10 00:00:00+00:00,17.391000747680664,native,-211.50051868641248,6.638323047241281,-0.34121553913869257,10
DOCKUSDT,1,2020-09-30 00:00:00+00:00,2020-10-01 00:00:00+00:00,0.016530999913811684,0.007942822994664311,72206.99509508403,2020-10-10 00:00:00+00:00,0.011651000007987022,native,-356.4400043241378,4.0698750602459555,-0.5747860054748776,9
ONTUSDT,1,2020-10-01 00:00:00+00:00,2020-10-02 00:00:00+00:00,0.6179999709129333,0.40813589096069336,2950.4202956201907,2020-10-10 00:00:00+00:00,0.592199981212616,native,-83.2620102396279,7.1411970010196075,-0.13446984167557766,8
FTMUSDT,1,2020-10-01 00:00:00+00:00,2020-10-02 00:00:00+00:00,0.03700000047683716,0.016793203074485064,30642.522339570405,2020-10-10 00:00:00+00:00,0.031610000878572464,native,-169.3679500986036,4.2047669985021905,-0.27353268758621485,8
QTUMUSDT,1,2020-10-02 00:00:00+00:00,2020-10-03 00:00:00+00:00,2.2869999408721924,1.5530350357294083,840.7153701939743,2020-10-10 00:00:00+00:00,2.3299999237060547,native,28.387580985836223,7.76316550066886,0.04600490141710119,7
ARPAUSDT,1,2020-10-02 00:00:00+00:00,2020-10-03 00:00:00+00:00,0.021490000188350677,0.009106625337153673,49829.35462676841,2020-10-10 00:00:00+00:00,0.0200399998575449,native,-76.39140689252592,4.138826199873278,-0.12379988083372771,7
IOSTUSDT,1,2020-10-02 00:00:00+00:00,2020-10-03 00:00:00+00:00,0.00546000013127923,0.003637957386672497,338661.4165682953,2020-10-10 00:00:00+00:00,0.005799999926239252,native,107.51815705401438,7.626655140076591,0.17424387862728724,7
VETUSDT,1,2020-10-04 00:00:00+00:00,2020-10-05 00:00:00+00:00,0.01165900006890297,0.00792328012175858,166291.19154822422,2020-10-10 00:00:00+00:00,0.011455999687314034,native,-41.44481704336482,7.687641704196476,-0.0667154884808438,5
FTTUSDT@20191220,1,2020-10-06 00:00:00+00:00,2020-10-07 00:00:00+00:00,3.4119999408721924,2.8883136063814163,1157.6135443768387,2020-10-10 00:00:00+00:00,3.552999973297119,native,147.09799081821683,16.12555647445183,0.2426453092768765,3
TOMOUSDT,1,2020-10-05 00:00:00+00:00,2020-10-06 00:00:00+00:00,0.8241000175476074,0.42979200184345245,1570.1287031437973,2020-10-14 00:00:00+00:00,0.7998999953269958,native,-43.09692757354055,5.099778068240622,-0.06961061189015932,8
DOGEUSDT,-1,2020-10-10 00:00:00+00:00,2020-10-11 00:00:00+00:00,0.0026583001017570496,0.0029429302594508044,2174513.3339198814,2020-10-14 00:00:00+00:00,0.002635299926623702,native,25.25787497145363,24.756312538503018,0.04080879965273382,3
DASHUSDT,-1,2020-10-10 00:00:00+00:00,2020-10-11 00:00:00+00:00,67.88999938964844,77.8005006313324,62.45214626859999,2020-10-15 00:00:00+00:00,70.04000091552734,native,-153.27795928038873,19.005749508486105,-0.24764908126763466,4
XTZUSDT,-1,2020-10-10 00:00:00+00:00,2020-10-11 00:00:00+00:00,2.2067999839782715,2.7220127284526825,1201.3135928385966,2020-10-16 00:00:00+00:00,2.238600015640259,native,-50.264944879060224,12.063134590817132,-0.08121237702869287,5
ETCUSDT,-1,2020-10-11 00:00:00+00:00,2020-10-12 00:00:00+00:00,5.427199840545654,6.13273561000824,871.8953470129192,2020-10-16 00:00:00+00:00,5.33050012588501,native,63.677250363285815,20.634780906807116,0.10351443244639698,4
BCHUSDT,-1,2020-10-10 00:00:00+00:00,2020-10-11 00:00:00+00:00,237.27000427246094,271.8769865036011,17.884601119130796,2020-10-17 00:00:00+00:00,250.3000030517578,native,-253.16566424402504,20.12933349353925,-0.4090362662243833,6
OMGUSDT,1,2020-10-14 00:00:00+00:00,2020-10-15 00:00:00+00:00,3.330699920654297,2.108894169330597,502.75837339111837,2020-10-19 00:00:00+00:00,3.406599998474121,native,31.38493176817589,6.7744678967782335,0.05109280089239704,4
VETUSDT,1,2020-10-15 00:00:00+00:00,2020-10-16 00:00:00+00:00,0.010959000326693058,0.007877991534769535,199502.09365591613,2020-10-19 00:00:00+00:00,0.011626999825239182,native,124.25538988580709,9.011908635246645,0.20215050988329633,3
ETHUSDT,1,2020-10-16 00:00:00+00:00,2020-10-17 00:00:00+00:00,365.5,311.1960391998291,11.201349255085777,2020-10-19 00:00:00+00:00,378.1199951171875,native,124.70187834834874,16.659094556745593,0.20500816078443562,2
TFUELUSDT,1,2020-10-17 00:00:00+00:00,2020-10-18 00:00:00+00:00,0.00955899991095066,0.007313963898923248,272285.3125011226,2020-10-19 00:00:00+00:00,0.009846000000834465,native,67.57851623173259,10.567392930129339,0.11055060530459036,1
XRPUSDT,1,2020-10-14 00:00:00+00:00,2020-10-15 00:00:00+00:00,0.2490600049495697,0.2169456984847784,19127.707858454873,2020-10-20 00:00:00+00:00,0.24557000398635864,native,-85.67799546792999,18.92227661790272,-0.13947867708100065,5
ZILUSDT,1,2020-10-15 00:00:00+00:00,2020-10-16 00:00:00+00:00,0.01865999959409237,0.013143802061676979,111429.60362622868,2020-10-20 00:00:00+00:00,0.019780000671744347,native,116.2345681576802,8.566707986028621,0.1891014727066074,4
FETUSDT,1,2020-10-15 00:00:00+00:00,2020-10-16 00:00:00+00:00,0.05034999921917915,0.02860443526878953,28266.349217860337,2020-10-20 00:00:00+00:00,0.05017000064253807,native,-10.770569464995788,5.682666838941143,-0.017522588847721746,4
QTUMUSDT,1,2020-10-15 00:00:00+00:00,2020-10-16 00:00:00+00:00,2.2300000190734863,1.734278529882431,1239.945650861485,2020-10-22 00:00:00+00:00,2.2829999923706055,native,54.52533691248186,11.191749473055868,0.08870701438824054,6
FTMUSDT,1,2020-10-14 00:00:00+00:00,2020-10-15 00:00:00+00:00,0.028829999268054962,0.013910665642470121,41172.95634987431,2020-10-23 00:00:00+00:00,0.025040000677108765,native,-160.48142086373284,4.435974312619915,-0.2612542013372754,8
KAVAUSDT,1,2020-10-19 00:00:00+00:00,2020-10-20 00:00:00+00:00,1.9519000053405762,1.19911989569664,822.1604800373534,2020-10-23 00:00:00+00:00,1.9701000452041626,native,8.51432662242041,6.449026888524774,0.01375705817651763,3
LINKUSDT,1,2020-10-20 00:00:00+00:00,2020-10-21 00:00:00+00:00,9.85890007019043,7.185402870178223,230.34233583960602,2020-10-23 00:00:00+00:00,11.955100059509277,native,472.79422643889956,10.049375487760997,0.7677479479125979,2
RENUSDT,1,2020-10-20 00:00:00+00:00,2020-10-21 00:00:00+00:00,0.2837100028991699,0.14024720340967178,4292.5384985014025,2020-10-23 00:00:00+00:00,0.3376699984073639,native,226.29076294227107,5.334595155614297,0.3674627547571309,2
BNBUSDT,1,2020-10-20 00:00:00+00:00,2020-10-21 00:00:00+00:00,28.813100814819336,23.97010028362274,127.15662241715742,2020-10-23 00:00:00+00:00,30.633399963378906,native,216.3450590127132,15.118032506949216,0.35131240148404347,2
DASHUSDT,-1,2020-10-19 00:00:00+00:00,2020-10-20 00:00:00+00:00,74.94999694824219,86.50882291793823,53.54402410158486,2020-10-26 00:00:00+00:00,71.05000305175781,native,190.84738791156053,17.973979277832683,0.3083624501111048,6
DOGEUSDT,-1,2020-10-21 00:00:00+00:00,2020-10-22 00:00:00+00:00,0.0026229999493807554,0.002839168446371332,2881286.6726635364,2020-10-26 00:00:00+00:00,0.002839168446371332,stop,-657.3672651527885,34.52385572413297,-1.0554294308994974,4
IOSTUSDT,1,2020-10-16 00:00:00+00:00,2020-10-17 00:00:00+00:00,0.005458999890834093,0.004153273650445044,465853.8765951135,2020-10-27 00:00:00+00:00,0.005249000154435635,max_hold,-107.80591794851294,9.976726663339107,-0.17723143590960247,10
ETCUSDT,-1,2020-10-22 00:00:00+00:00,2020-10-23 00:00:00+00:00,5.606200218200684,6.263838618993759,955.0348773972119,2020-10-27 00:00:00+00:00,5.434599876403809,native,140.69410661781293,23.19020477148525,0.22401108494647792,4
DOGEUSDT,-1,2020-10-27 00:00:00+00:00,2020-10-28 00:00:00+00:00,0.0026718999724835157,0.00292496270412812,2464469.000822856,2020-10-29 00:00:00+00:00,0.002580000087618828,native,199.96227000113598,26.522147427076995,0.3206243535742562,1
WAVESUSDT,1,2020-10-28 00:00:00+00:00,2020-10-29 00:00:00+00:00,3.0504000186920166,2.3141646683216095,840.6808251374603,2020-10-31 00:00:00+00:00,3.20770001411438,native,121.71696054704618,10.522129398744898,0.19665422922698342,2
RENUSDT,1,2020-10-26 00:00:00+00:00,2020-10-27 00:00:00+00:00,0.29548001289367676,0.165161345154047,4788.739130356489,2020-11-01 00:00:00+00:00,0.28543001413345337,native,-53.69047547839847,5.563653155282527,-0.08603386612790048,5
ADAUSDT,1,2020-10-26 00:00:00+00:00,2020-10-27 00:00:00+00:00,0.10300000011920929,0.08389087719842792,32657.80989571304,2020-11-02 00:00:00+00:00,0.0982699990272522,native,-167.61755120732073,13.14607473967093,-0.26859113898253917,6
OMGUSDT,1,2020-10-27 00:00:00+00:00,2020-10-28 00:00:00+00:00,3.2155001163482666,2.28818079829216,672.546387482835,2020-11-02 00:00:00+00:00,3.1350998878479004,native,-62.61502941305699,8.542146182341218,-0.10039845681628033,5
ATOMUSDT,1,2020-10-28 00:00:00+00:00,2020-10-29 00:00:00+00:00,4.801000118255615,3.501452773809433,476.27271487252295,2020-11-02 00:00:00+00:00,4.741000175476074,native,-37.66552441022803,9.089188770420005,-0.06085499209011654,4
NEOUSDT,1,2020-10-26 00:00:00+00:00,2020-10-27 00:00:00+00:00,17.077999114990234,13.604235529899597,179.65013690026572,2020-11-03 00:00:00+00:00,15.22700023651123,native,-344.13939703311183,11.607195112120468,-0.5514505608279687,7
BANDUSDT,1,2020-10-26 00:00:00+00:00,2020-10-27 00:00:00+00:00,5.464900016784668,3.0476576685905457,258.17109487880526,2020-11-06 00:00:00+00:00,4.196100234985352,max_hold,-332.5558108743665,4.988382025247759,-0.5328889688140657,10
ANKRUSDT,1,2020-10-28 00:00:00+00:00,2020-10-29 00:00:00+00:00,0.00803299993276596,0.004752485081553459,188671.28177029797,2020-11-06 00:00:00+00:00,0.00865899957716465,native,111.80955341075584,6.298601885695588,0.18064714602946946,8
THETAUSDT,1,2020-10-29 00:00:00+00:00,2020-10-30 00:00:00+00:00,0.5928000211715698,0.4196365959942341,3522.6072240380136,2020-11-06 00:00:00+00:00,0.6292499899864197,native,119.78931906826865,8.609604394881739,0.19638020417827057,7
TRXUSDT,1,2020-11-02 00:00:00+00:00,2020-11-03 00:00:00+00:00,0.02443999983370304,0.020865373429842293,171344.38322535137,2020-11-06 00:00:00+00:00,0.024940000846982002,native,68.75039371173551,16.921971520598817,0.11224697816930851,3
XRPUSDT,1,2020-11-02 00:00:00+00:00,2020-11-03 00:00:00+00:00,0.2352599948644638,0.20675524603575468,21487.37251154769,2020-11-06 00:00:00+00:00,0.2456900030374527,native,203.4447673828061,20.668703528693115,0.3321589758282334,3
FTMUSDT,1,2020-10-28 00:00:00+00:00,2020-10-29 00:00:00+00:00,0.018869999796152115,0.0077905431389808655,55863.65477987125,2020-11-07 00:00:00+00:00,0.017969999462366104,native,-54.39334194972775,4.116034001337149,-0.08788159586082467,9
BNBUSDT,1,2020-10-31 00:00:00+00:00,2020-11-01 00:00:00+00:00,28.505800247192383,23.950405478477478,134.07763658215404,2020-11-07 00:00:00+00:00,29.039100646972656,native,56.0726885723691,15.430968618487864,0.09180556663586859,6
ATOMUSDT,1,2020-11-04 00:00:00+00:00,2020-11-05 00:00:00+00:00,4.390999794006348,3.2489548921585083,534.2194667289671,2020-11-07 00:00:00+00:00,4.879000186920166,native,250.79488077317023,9.904428892776194,0.41106999575268366,2
NEOUSDT,1,2020-11-04 00:00:00+00:00,2020-11-05 00:00:00+00:00,14.057999610900879,10.752482056617737,184.57098122354384,2020-11-07 00:00:00+00:00,15.715999603271484,native,295.0278529606532,10.990832499817632,0.48357086831109336,2
VETUSDT,-1,2020-11-06 00:00:00+00:00,2020-11-07 00:00:00+00:00,0.01119800005108118,0.013872246432583779,234768.66202514307,2020-11-13 00:00:00+00:00,0.010653999634087086,native,115.90193538218665,11.812314656636897,0.18460741725821772,6
XTZUSDT,-1,2020-11-06 00:00:00+00:00,2020-11-07 00:00:00+00:00,2.0906999111175537,2.5110529363155365,1493.5761307183243,2020-11-13 00:00:00+00:00,2.073899984359741,native,10.773877018609777,14.31809258467506,0.017160521122487695,6
COTIUSDT,-1,2020-11-06 00:00:00+00:00,2020-11-07 00:00:00+00:00,0.034359999001026154,0.04569519031792879,55387.61784944455,2020-11-13 00:00:00+00:00,0.03418000042438507,native,1.2062081718696867,8.763484204570561,0.0019212360393322896,6
ICXUSDT,-1,2020-11-13 00:00:00+00:00,2020-11-14 00:00:00+00:00,0.37439998984336853,0.46275174245238304,7090.169336606233,2020-11-15 00:00:00+00:00,0.3529999852180481,native,141.16516283533795,10.564493762340527,0.2253490631154539,1
ALGOUSDT,-1,2020-11-06 00:00:00+00:00,2020-11-07 00:00:00+00:00,0.27649998664855957,0.3485810738056898,8710.04128367729,2020-11-16 00:00:00+00:00,0.2567000091075897,native,161.06048765195538,11.398134145775153,0.2565354974421446,9
ZRXUSDT,-1,2020-11-06 00:00:00+00:00,2020-11-07 00:00:00+00:00,0.37689998745918274,0.4535637628287077,8189.385950336556,2020-11-16 00:00:00+00:00,0.3596000075340271,native,126.9081291449074,14.76808339526665,0.20213797011464277,9
MATICUSDT,-1,2020-11-06 00:00:00+00:00,2020-11-07 00:00:00+00:00,0.015469999983906746,0.01936600636690855,161146.87276954972,2020-11-17 00:00:00+00:00,0.01664000004529953,max_hold,-201.50079912205715,12.958948088428794,-0.3209484119374514,10
THETAUSDT,1,2020-11-12 00:00:00+00:00,2020-11-13 00:00:00+00:00,0.6005200147628784,0.4388292133808136,3899.831932544438,2020-11-18 00:00:00+00:00,0.6540899872779846,native,199.12835314224185,9.7855362976972,0.31579256256125077,5
ADAUSDT,1,2020-11-15 00:00:00+00:00,2020-11-16 00:00:00+00:00,0.10045000165700912,0.08088574558496475,32294.492891068152,2020-11-18 00:00:00+00:00,0.10943999886512756,native,276.7708186687666,13.556582259536867,0.43805484734583205,2
ETCUSDT,-1,2020-11-16 00:00:00+00:00,2020-11-17 00:00:00+00:00,5.394700050354004,6.178680956363678,807.4341262241514,2020-11-18 00:00:00+00:00,6.178680956363678,stop,-652.1687246824775,19.15578686213778,-1.0302612880679771,1
BTTUSDT,-1,2020-11-17 00:00:00+00:00,2020-11-18 00:00:00+00:00,0.00029990001348778605,0.00034168135334766703,15107243.752834199,2020-11-20 00:00:00+00:00,0.00029429999995045364,native,65.74995034883524,18.850819178816835,0.10416644185801849,2
EOSUSDT,-1,2020-11-17 00:00:00+00:00,2020-11-18 00:00:00+00:00,2.7156999111175537,3.0602546259760857,1831.9322254591386,2020-11-21 00:00:00+00:00,3.0602546259760857,stop,-653.8384917428017,22.63760615957228,-1.035864344738134,3
TOMOUSDT,-1,2020-11-17 00:00:00+00:00,2020-11-18 00:00:00+00:00,0.644599974155426,0.8314540535211563,3378.0417731623465,2020-11-23 00:00:00+00:00,0.8314540535211563,stop,-642.3805420431518,11.17965645992243,-1.017711724928257,5
MATICUSDT,-1,2020-11-17 00:00:00+00:00,2020-11-18 00:00:00+00:00,0.017650000751018524,0.021961470833048224,146400.38631233652,2020-11-23 00:00:00+00:00,0.021961470833048224,stop,-644.1340337968896,12.933148213660232,-1.0204897497913206,5
ETCUSDT,-1,2020-11-18 00:00:00+00:00,2020-11-19 00:00:00+00:00,6.043900012969971,7.083703935146332,609.2119772125378,2020-11-24 00:00:00+00:00,7.083703935146332,stop,-651.3547640598786,17.893760717465902,-1.0282476121230046,5
BATUSDT,-1,2020-11-21 00:00:00+00:00,2020-11-22 00:00:00+00:00,0.2337000072002411,0.27396161016076803,15038.973862450894,2020-11-24 00:00:00+00:00,0.27396161016076803,stop,-621.4766646375974,15.983470053857257,-1.0263974396357096,2
IOSTUSDT,-1,2020-11-21 00:00:00+00:00,2020-11-22 00:00:00+00:00,0.005357999820262194,0.00647416093852371,542478.3077257072,2020-11-24 00:00:00+00:00,0.00647416093852371,stop,-618.9174287047385,13.424234120998292,-1.0221707431909737,2
FETUSDT,-1,2020-11-17 00:00:00+00:00,2020-11-18 00:00:00+00:00,0.050859998911619186,0.0672585372813046,38491.28936698876,2020-11-25 00:00:00+00:00,0.0672585372813046,stop,-641.800003762243,10.599118179013681,-1.0167919887647496,7
XTZUSDT,-1,2020-11-21 00:00:00+00:00,2020-11-22 00:00:00+00:00,2.3945000171661377,2.8559762686491013,1312.0787746671149,2020-11-25 00:00:00+00:00,2.8559762686491013,stop,-620.2651318602932,14.771937276553023,-1.0243965372504447,3
CVCUSDT@20190827,1,2020-11-19 00:00:00+00:00,2020-11-20 00:00:00+00:00,0.08868999779224396,0.03435133211314678,11614.063330087358,2020-11-26 00:00:00+00:00,0.08868999779224396,native,-4.120205004417717,4.120205004417717,-0.006528684257063821,6
KAVAUSDT,-1,2020-11-16 00:00:00+00:00,2020-11-17 00:00:00+00:00,1.712499976158142,2.3101328015327454,1059.200416950926,2020-11-27 00:00:00+00:00,1.61080002784729,native,98.73865049909612,8.981977155645993,0.15598204175586677,10
BTTUSDT,-1,2020-11-21 00:00:00+00:00,2020-11-22 00:00:00+00:00,0.0003274999908171594,0.00037069992686156183,14016066.921057312,2020-11-27 00:00:00+00:00,0.0003105000068899244,native,218.07688131847934,20.19603106254521,0.360164050181276,5
OGNUSDT,-1,2020-11-25 00:00:00+00:00,2020-11-26 00:00:00+00:00,0.16869999468326569,0.2337950337678194,8836.02359168401,2020-11-27 00:00:00+00:00,0.1509000062942505,native,151.5001488853271,5.780968451712642,0.26339546958158794,1
LTCUSDT,1,2020-11-26 00:00:00+00:00,2020-11-27 00:00:00+00:00,70.98999786376953,47.57839298248291,24.944004475392568,2020-11-30 00:00:00+00:00,78.88999938964844,native,189.58045877260938,7.477214644522167,0.324635648427806,3
BANDUSDT,1,2020-11-26 00:00:00+00:00,2020-11-27 00:00:00+00:00,5.982900142669678,3.3018369674682617,217.81626868641925,2020-12-01 00:00:00+00:00,6.245100021362305,native,51.78448448840703,5.3269147384527376,0.0886752242780338,4
LINKUSDT,1,2020-11-26 00:00:00+00:00,2020-11-27 00:00:00+00:00,12.603599548339844,8.54925787448883,144.03797802769884,2020-12-01 00:00:00+00:00,14.26259994506836,native,231.21955658728697,7.739506104638608,0.3959380158053963,4
RENUSDT,1,2020-11-26 00:00:00+00:00,2020-11-27 00:00:00+00:00,0.3167800009250641,0.1861909218132496,4471.88372034475,2020-12-01 00:00:00+00:00,0.3363800048828125,native,81.80722742384275,5.841711193505052,0.14008586376866192,4
OGNUSDT,-1,2020-12-02 00:00:00+00:00,2020-12-03 00:00:00+00:00,0.1589999943971634,0.2180024068802595,9988.489341760245,2020-12-05 00:00:00+00:00,0.14820000529289246,native,101.43170193489775,6.443874124239276,0.17210921854529007,2
ENJUSDT,-1,2020-12-02 00:00:00+00:00,2020-12-03 00:00:00+00:00,0.16165000200271606,0.20346656814217567,14093.576365406538,2020-12-05 00:00:00+00:00,0.14621999859809875,native,208.3580152092906,9.105916092166293,0.35354168855743967,2
KAVAUSDT,-1,2020-12-03 00:00:00+00:00,2020-12-04 00:00:00+00:00,1.8157999515533447,2.4702388793230057,901.3363755957627,2020-12-05 00:00:00+00:00,1.5888999700546265,native,198.23245185708848,6.28075508971185,0.3360614754373273,1
ZECUSDT,1,2020-12-04 00:00:00+00:00,2020-12-05 00:00:00+00:00,69.0,48.20835256576538,28.593542159422338,2020-12-08 00:00:00+00:00,75.55999755859375,native,179.30660198784273,8.266964769515281,0.30160561270153174,3
XLMUSDT,1,2020-12-04 00:00:00+00:00,2020-12-05 00:00:00+00:00,0.16152000427246094,0.1007202435284853,9778.111627413595,2020-12-14 00:00:00+00:00,0.17614999413490295,native,136.45012410757573,6.6035498753115505,0.22951817071105804,9
BNBUSDT,1,2020-12-08 00:00:00+00:00,2020-12-09 00:00:00+00:00,27.670499801635742,22.281764149665833,110.47441046611523,2020-12-14 00:00:00+00:00,29.159900665283203,native,151.9840723829039,12.55660997627222,0.2552992300171018,5
QTUMUSDT,1,2020-12-08 00:00:00+00:00,2020-12-09 00:00:00+00:00,2.4100000858306885,1.6862411201000214,822.535433061079,2020-12-14 00:00:00+00:00,2.558000087738037,native,113.56253331347378,8.172712348427734,0.19075964250174005,5
DASHUSDT,1,2020-12-08 00:00:00+00:00,2020-12-09 00:00:00+00:00,95.02999877929688,66.504469871521,20.86963562476954,2020-12-14 00:00:00+00:00,97.61000061035156,native,45.80304493731397,8.040653188035579,0.07693886551134634,5
NEOUSDT,1,2020-12-08 00:00:00+00:00,2020-12-09 00:00:00+00:00,16.44700050354004,12.064391136169434,135.8362893899166,2020-12-14 00:00:00+00:00,17.270999908447266,native,102.76876549887302,9.16025612322407,0.17262852804450618,5
LTCUSDT,1,2020-12-08 00:00:00+00:00,2020-12-09 00:00:00+00:00,76.75,52.66877841949463,24.721229042261047,2020-12-14 00:00:00+00:00,82.2699966430664,native,128.5987618071311,7.862339518625655,0.2160171415054562,5
RENUSDT,1,2020-12-08 00:00:00+00:00,2020-12-09 00:00:00+00:00,0.29756999015808105,0.18878287822008133,5472.315458180357,2020-12-14 00:00:00+00:00,0.28971999883651733,native,-49.38530102599423,6.4276721704194255,-0.08295625408914457,5
OMGUSDT,1,2020-12-08 00:00:00+00:00,2020-12-09 00:00:00+00:00,3.238600015640259,1.9232183396816254,452.5814865675798,2020-12-14 00:00:00+00:00,3.275700092315674,native,10.894304599918451,5.896503253612083,0.0182999937580552,5
DOGEUSDT,1,2020-12-08 00:00:00+00:00,2020-12-09 00:00:00+00:00,0.0031725000590085983,0.002421434299321845,792630.1880109695,2020-12-14 00:00:00+00:00,0.0032603999134153128,native,59.47425669533466,10.197821429196251,0.09990344186794116,5
IOTAUSDT,1,2020-12-08 00:00:00+00:00,2020-12-09 00:00:00+00:00,0.29910001158714294,0.19778134301304817,5875.6930256515825,2020-12-14 00:00:00+00:00,0.3012000024318695,native,5.284544348951922,7.0543572113401165,0.008876851910374338,5
XRPUSDT,1,2020-12-15 00:00:00+00:00,2020-12-16 00:00:00+00:00,0.46792998909950256,0.2881186529994011,3358.863180463921,2020-12-17 00:00:00+00:00,0.569379985332489,native,333.7882924454865,6.968364559695175,0.5526646897768444,1
ENJUSDT,-1,2020-12-14 00:00:00+00:00,2020-12-15 00:00:00+00:00,0.15098999440670013,0.1866224678233266,16930.416251166007,2020-12-21 00:00:00+00:00,0.1523600071668625,native,-35.04807395890321,11.853187659945704,-0.05809657781922394,6
FETUSDT,-1,2020-12-14 00:00:00+00:00,2020-12-15 00:00:00+00:00,0.052799999713897705,0.06971396366134286,35667.13331520476,2020-12-21 00:00:00+00:00,0.05624999850988388,native,-132.04417853111045,8.992611537375621,-0.2188797850233771,6
KAVAUSDT,-1,2020-12-14 00:00:00+00:00,2020-12-15 00:00:00+00:00,1.6079000234603882,2.0947784930467606,1239.061993262104,2020-12-21 00:00:00+00:00,1.570099949836731,native,37.765895455845325,9.070739113737677,0.06260170778103022,6
MATICUSDT,-1,2020-12-15 00:00:00+00:00,2020-12-16 00:00:00+00:00,0.019449999555945396,0.024047985090874135,131353.53986406446,2020-12-21 00:00:00+00:00,0.019209999591112137,native,20.08014261590515,11.444702332194481,0.03324737877469577,5
XTZUSDT,-1,2020-12-16 00:00:00+00:00,2020-12-17 00:00:00+00:00,2.367000102996826,2.9119405299425125,1105.8826948271826,2020-12-21 00:00:00+00:00,2.267899990081787,native,98.32299387462834,11.270106053533134,0.1631537289638571,4
BTTUSDT,-1,2020-12-14 00:00:00+00:00,2020-12-15 00:00:00+00:00,0.00033420001273043454,0.0003998316842626082,9191790.989299424,2020-12-22 00:00:00+00:00,0.0003198999911546707,native,117.28552102226205,14.15728844463119,0.19441545938096125,7
ALGOUSDT,-1,2020-12-15 00:00:00+00:00,2020-12-16 00:00:00+00:00,0.32510000467300415,0.412849310785532,6882.808571524728,2020-12-22 00:00:00+00:00,0.3246000111103058,native,-6.909764879417113,10.351124858464601,-0.011440733992003831,6
BATUSDT,-1,2020-12-16 00:00:00+00:00,2020-12-17 00:00:00+00:00,0.2328999936580658,0.27998828515410423,12798.0899014285,2020-12-22 00:00:00+00:00,0.22390000522136688,native,101.98450296891734,13.198158155772301,0.16922950878734433,5
ONTUSDT,-1,2020-12-18 00:00:00+00:00,2020-12-19 00:00:00+00:00,0.5699999928474426,0.6928433552384377,4859.910879136047,2020-12-22 00:00:00+00:00,0.5188000202178955,native,237.45015531175218,11.37714868205168,0.3977337615541034,3
LINKUSDT,1,2020-12-21 00:00:00+00:00,2020-12-22 00:00:00+00:00,12.302800178527832,9.207937598228455,196.65651332988134,2020-12-23 00:00:00+00:00,9.207937598228455,stop,-617.085337657456,8.46045338066051,-1.0139009324121109,1
IOSTUSDT,1,2020-12-21 00:00:00+00:00,2020-12-22 00:00:00+00:00,0.0061599998734891415,0.004758547234814614,434281.4501761712,2020-12-23 00:00:00+00:00,0.004758547234814614,stop,-618.1083292208175,9.48344494402199,-1.0155817568243053,1
ZECUSDT,1,2020-12-22 00:00:00+00:00,2020-12-23 00:00:00+00:00,67.62000274658203,50.76359796524048,36.28448534779025,2020-12-23 00:00:00+00:00,50.76359796524048,stop,-620.2169483559027,8.59097605089355,-1.0140461269466976,0
ADAUSDT,1,2020-12-23 00:00:00+00:00,2020-12-24 00:00:00+00:00,0.13630999624729156,0.09059791266918182,12440.34349272722,2020-12-26 00:00:00+00:00,0.15762999653816223,native,257.9146979304737,7.313428953001612,0.45353697933882414,2
ETHUSDT,1,2020-12-21 00:00:00+00:00,2020-12-22 00:00:00+00:00,607.6799926757812,494.89910888671875,5.396525225100426,2020-12-27 00:00:00+00:00,637.4400024414062,native,147.1620004755767,13.438642923853644,0.24179425501217125,5
VETUSDT,1,2020-12-21 00:00:00+00:00,2020-12-22 00:00:00+00:00,0.0155239999294281,0.010986724868416786,134138.85561108982,2020-12-27 00:00:00+00:00,0.016471000388264656,native,118.446012355729,8.583545455783522,0.19461250339192693,5
TRXUSDT,1,2020-12-22 00:00:00+00:00,2020-12-23 00:00:00+00:00,0.028850000351667404,0.02299575787037611,104475.68139850952,2020-12-28 00:00:00+00:00,0.02889999933540821,native,-6.843263240588107,12.066941136141873,-0.011188640689665595,5
WAVESUSDT,1,2020-12-19 00:00:00+00:00,2020-12-20 00:00:00+00:00,7.659999847412109,5.2698891162872314,250.28158298576025,2020-12-29 00:00:00+00:00,6.626699924468994,native,-265.76733608236435,7.151395669097405,-0.444277877446757,9
ATOMUSDT,1,2020-12-21 00:00:00+00:00,2020-12-22 00:00:00+00:00,5.03000020980835,3.9246400594711304,550.6122905653134,2020-12-29 00:00:00+00:00,5.38700008392334,native,185.097061632881,11.471456785102296,0.3041233876804502,7
BANDUSDT,1,2020-12-22 00:00:00+00:00,2020-12-23 00:00:00+00:00,6.192299842834473,4.155823528766632,300.33542157104324,2020-12-29 00:00:00+00:00,6.084400177001953,native,-39.78034737710206,7.374255751917616,-0.06504031741357146,6
ARPAUSDT,-1,2020-12-28 00:00:00+00:00,2020-12-29 00:00:00+00:00,0.02314000017940998,0.030948185827583075,76190.06658430208,2020-12-30 00:00:00+00:00,0.030948185827583075,stop,-603.3677291998765,8.46154476297658,-1.0142233262728404,1
XLMUSDT,1,2020-12-22 00:00:00+00:00,2020-12-23 00:00:00+00:00,0.16200999915599823,0.10638370551168919,10995.267385886364,2020-12-31 00:00:00+00:00,0.12761999666690826,end,-384.49639126293374,6.369118494092016,-0.6286462784009945,9
ANKRUSDT,1,2020-12-23 00:00:00+00:00,2020-12-24 00:00:00+00:00,0.00924300029873848,0.005080325063318014,136612.6323382274,2020-12-31 00:00:00+00:00,0.008425000123679638,end,-116.57650125963812,4.827344091718906,-0.20499705781574956,8
CVCUSDT@20190827,1,2020-12-23 00:00:00+00:00,2020-12-24 00:00:00+00:00,0.08037000149488449,0.03884209971874952,13693.781702372038,2020-12-31 00:00:00+00:00,0.0841900035738945,end,47.80337699986422,4.506897572706191,0.08406112323446528,8
