symbol,side,signal_date,entry_date,entry,stop,qty,exit_date,exit,reason,pnl,costs,r,bars
EURUSD,1,2005-01-03 00:00:00+00:00,2005-01-04 00:00:00+00:00,1.3470009565353394,1.3143732221797109,30648.772271479942,2005-01-07 00:00:00+00:00,1.3143732221797109,stop,-1016.313570226527,16.313570226526906,-1.016313570226527,3
USDCHF,-1,2005-01-03 00:00:00+00:00,2005-01-04 00:00:00+00:00,1.1470999717712402,1.1810512393712997,29453.98127044444,2005-01-07 00:00:00+00:00,1.1810512393712997,stop,-1013.714664433551,13.714664433550983,-1.013714664433551,3
NZDCAD,1,2005-01-04 00:00:00+00:00,2005-01-05 00:00:00+00:00,0.857420027256012,0.8266000151634216,31777.58821133442,2005-01-07 00:00:00+00:00,0.863569974899292,native,184.49272140855638,10.937782320862958,0.18837596901023837,2
EURJPY,1,2005-01-03 00:00:00+00:00,2005-01-04 00:00:00+00:00,138.3800048828125,135.46324330568314,342.84598639844467,2005-01-11 00:00:00+00:00,135.46324330568314,stop,-1018.7772117087478,18.777211708747778,-1.018777211708748,5
CHFJPY,1,2005-01-03 00:00:00+00:00,2005-01-04 00:00:00+00:00,89.55000305175781,87.42750436067581,471.1428111600969,2005-01-11 00:00:00+00:00,87.42750436067581,stop,-1016.6763360708802,16.676336070880176,-1.0166763360708801,5
GBPUSD,1,2005-01-03 00:00:00+00:00,2005-01-04 00:00:00+00:00,1.9046169519424438,1.8533844407647848,19518.85584004069,2005-01-13 00:00:00+00:00,1.8908952474594116,native,-282.64878277579425,14.81681109184812,-0.28264878277579425,7
NZDUSD,1,2005-01-04 00:00:00+00:00,2005-01-05 00:00:00+00:00,0.7011147737503052,0.6829155357554555,53814.65164771433,2005-01-13 00:00:00+00:00,0.7057162523269653,native,232.48534234827773,15.141624319108967,0.23737875028983516,6
GBPCHF,-1,2005-01-07 00:00:00+00:00,2005-01-10 00:00:00+00:00,2.2158000469207764,2.26275884360075,20241.640965530914,2005-01-13 00:00:00+00:00,2.2072999477386475,native,154.14979540674875,17.906160409307553,0.16217364416505112,3
EURUSD,1,2005-01-07 00:00:00+00:00,2005-01-10 00:00:00+00:00,1.3075997829437256,1.2708711409941316,25879.614712514503,2005-01-13 00:00:00+00:00,1.3259083032608032,native,460.1866168395602,13.630834922652928,0.4841403808025438,3
EURGBP,1,2005-01-11 00:00:00+00:00,2005-01-12 00:00:00+00:00,0.6980000138282776,0.6856602807529271,75635.2130267427,2005-01-13 00:00:00+00:00,0.7010999917984009,native,213.3032487542264,21.164245394258145,0.2285428665091158,1
NZDJPY,1,2005-01-03 00:00:00+00:00,2005-01-04 00:00:00+00:00,73.32599639892578,71.41467481851578,523.1981945107776,2005-01-14 00:00:00+00:00,71.41467481851578,stop,-1015.1456115706487,15.1456115706487,-1.0151456115706488,8
CADCHF,-1,2005-01-03 00:00:00+00:00,2005-01-04 00:00:00+00:00,0.9490000009536743,0.9770992863923311,35588.093589891716,2005-01-14 00:00:00+00:00,0.9770992863923311,stop,-1013.7092403402987,13.709240340298678,-1.0137092403402987,8
EURCAD,1,2005-01-03 00:00:00+00:00,2005-01-04 00:00:00+00:00,1.6266000270843506,1.5815129177644849,22179.2883838617,2005-01-18 00:00:00+00:00,1.5894999504089355,max_hold,-837.1194614218423,14.266161774430945,-0.8371194614218422,10
EURAUD,1,2005-01-07 00:00:00+00:00,2005-01-10 00:00:00+00:00,1.7231999635696411,1.681702303700149,22905.462755218865,2005-01-24 00:00:00+00:00,1.6927000284194946,max_hold,-714.2636826266829,15.648554008411914,-0.7514427378944635,10
EURJPY,1,2005-01-11 00:00:00+00:00,2005-01-12 00:00:00+00:00,135.6199951171875,132.44734168052673,294.17595034571497,2005-01-24 00:00:00+00:00,134.07000732421875,native,-471.8363945742271,15.867262553387775,-0.5055471155226998,8
GBPUSD,1,2005-01-17 00:00:00+00:00,2005-01-18 00:00:00+00:00,1.8573896884918213,1.807395027950406,18688.8749757756,2005-01-24 00:00:00+00:00,1.8772997856140137,native,358.1378869412212,13.959428930981815,0.3833041172766158,4
EURCHF,1,2005-01-18 00:00:00+00:00,2005-01-19 00:00:00+00:00,1.5433000326156616,1.5250052926130593,51034.05885615322,2005-01-24 00:00:00+00:00,1.5463999509811401,native,126.66543015095388,31.535986162146965,0.13566622801997216,3
USDCAD,-1,2005-01-19 00:00:00+00:00,2005-01-20 00:00:00+00:00,1.2288999557495117,1.2671196963638067,24390.811518621394,2005-01-24 00:00:00+00:00,1.2211999893188477,native,175.85644471764968,11.951985192389397,0.18864456759169412,2
USDJPY,-1,2005-01-20 00:00:00+00:00,2005-01-21 00:00:00+00:00,103.3499984741211,106.38559603691101,306.21112927542214,2005-01-25 00:00:00+00:00,102.55999755859375,native,229.29668598939023,12.610386482855063,0.24667924546381112,2
EURGBP,1,2005-01-20 00:00:00+00:00,2005-01-21 00:00:00+00:00,0.692799985408783,0.6800474198535085,72889.94153362047,2005-01-26 00:00:00+00:00,0.6956999897956848,native,191.1396138061017,20.241536402417424,0.20562955591131007,3
EURUSD,1,2005-01-18 00:00:00+00:00,2005-01-19 00:00:00+00:00,1.3017951250076294,1.2679484523832798,27584.833771197616,2005-01-27 00:00:00+00:00,1.3079075813293457,native,154.2134484989404,14.39764306931,0.1651717981999521,6
AUDCAD,-1,2005-01-19 00:00:00+00:00,2005-01-20 00:00:00+00:00,0.9340299963951111,0.9621103024110198,33198.01746767755,2005-01-27 00:00:00+00:00,0.9621103024110198,stop,-944.8001093660553,12.589619752186653,-1.0135051256046275,5
GBPCAD,-1,2005-01-26 00:00:00+00:00,2005-01-27 00:00:00+00:00,2.320199966430664,2.389308897778392,13513.498444476512,2005-02-02 00:00:00+00:00,2.3197999000549316,native,-7.1342298494774266,12.540526195624865,-0.007639151514416453,4
CADCHF,1,2005-01-26 00:00:00+00:00,2005-01-27 00:00:00+00:00,0.958299994468689,0.9317382462322712,35159.712679849705,2005-02-02 00:00:00+00:00,0.9657999873161316,native,250.16743311163896,13.530160505371668,0.26787291211993075,4
GBPNZD,-1,2005-01-28 00:00:00+00:00,2005-01-31 00:00:00+00:00,2.65120005607605,2.7197118438780308,13469.91347060789,2005-02-03 00:00:00+00:00,2.636199951171875,native,187.80595099285142,14.244164116424216,0.2035069489504998,3
GBPCHF,-1,2005-01-20 00:00:00+00:00,2005-01-21 00:00:00+00:00,2.2263998985290527,2.2728457814082503,20013.264903269683,2005-02-04 00:00:00+00:00,2.2630999088287354,max_hold,-752.4569378658399,17.969909785565925,-0.8094993125428067,10
AUDNZD,-1,2005-01-27 00:00:00+00:00,2005-01-28 00:00:00+00:00,1.0852999687194824,1.1071144598536193,42420.01854986267,2005-02-04 00:00:00+00:00,1.0849000215530396,native,-1.4462185493828308,18.411984768854435,-0.0015628524819578478,5
GBPJPY,-1,2005-01-27 00:00:00+00:00,2005-01-28 00:00:00+00:00,194.47999572753906,199.64822733402252,179.04985477141545,2005-02-08 00:00:00+00:00,194.72999572753906,native,-58.70006218197698,13.937598489123118,-0.06343407634436184,7
EURGBP,1,2005-01-27 00:00:00+00:00,2005-01-28 00:00:00+00:00,0.6895999908447266,0.6766522345133126,71469.61179063568,2005-02-10 00:00:00+00:00,0.6888999938964844,native,-69.73268189806915,19.70417175257031,-0.07535644942770381,9
EURUSD,1,2005-02-03 00:00:00+00:00,2005-02-04 00:00:00+00:00,1.2971009016036987,1.2663953248411417,30093.344828234243,2005-02-11 00:00:00+00:00,1.2877968549728394,native,-295.5475274672996,15.557643906877372,-0.319845031999224,5
USDCHF,-1,2005-02-03 00:00:00+00:00,2005-02-04 00:00:00+00:00,1.2027000188827515,1.2359394058585167,27799.35473356221,2005-02-11 00:00:00+00:00,1.2073999643325806,native,-144.05529566354187,13.39984487535107,-0.15589834584646006,5
USDCAD,-1,2005-02-04 00:00:00+00:00,2005-02-07 00:00:00+00:00,1.2491999864578247,1.2848478881642222,25752.845913331956,2005-02-11 00:00:00+00:00,1.2421000003814697,native,170.01323447418048,12.831612936991656,0.18519255728878836,4
NZDUSD,1,2005-02-04 00:00:00+00:00,2005-02-07 00:00:00+00:00,0.707313597202301,0.6938318507745862,68094.65855931153,2005-02-11 00:00:00+00:00,0.710782527923584,native,216.9026987427234,19.312954288945974,0.23626846220083497,4
GBPUSD,1,2005-02-04 00:00:00+00:00,2005-02-07 00:00:00+00:00,1.873501181602478,1.8306967774406075,21447.207074925966,2005-02-11 00:00:00+00:00,1.868390440940857,native,-125.66173817215525,16.050624896123523,-0.1368812182029852,4
USDJPY,-1,2005-02-03 00:00:00+00:00,2005-02-04 00:00:00+00:00,104.47000122070312,107.36535716056824,319.14332084106167,2005-02-15 00:00:00+00:00,105.0999984741211,native,-214.4359887068117,13.376573130253295,-0.23206516480603634,7
EURGBP,1,2005-02-15 00:00:00+00:00,2005-02-16 00:00:00+00:00,0.6866999864578247,0.6753215885255486,80930.0814893357,2005-02-17 00:00:00+00:00,0.691100001335144,native,333.7924695181252,22.30109305761814,0.36248115985302765,1
EURAUD,-1,2005-02-17 00:00:00+00:00,2005-02-18 00:00:00+00:00,1.6664999723434448,1.7068356992676854,22682.674829226857,2005-02-22 00:00:00+00:00,1.6538000106811523,native,273.0064437593408,15.06265697008688,0.2983930768941798,2
CHFJPY,-1,2005-02-10 00:00:00+00:00,2005-02-11 00:00:00+00:00,87.66200256347656,89.95067518949509,402.4434091381825,2005-02-23 00:00:00+00:00,89.95067518949509,stop,-935.357024324345,14.295810308213468,-1.0155210208514578,8
GBPJPY,-1,2005-02-10 00:00:00+00:00,2005-02-11 00:00:00+00:00,197.6300048828125,202.2159035205841,200.84639604326196,2005-02-23 00:00:00+00:00,199.1699981689453,native,-325.2412715631755,15.93917011258018,-0.3531158044805903,8
AUDCHF,1,2005-02-15 00:00:00+00:00,2005-02-16 00:00:00+00:00,0.9315000176429749,0.9142947224900126,53521.585284670575,2005-02-23 00:00:00+00:00,0.9142947224900126,stop,-940.6126439976009,19.757972120404812,-1.0214561241027615,5
CADCHF,1,2005-02-16 00:00:00+00:00,2005-02-17 00:00:00+00:00,0.9599999785423279,0.9357126094400883,37845.34612895873,2005-02-23 00:00:00+00:00,0.9357126094400883,stop,-933.5126700466793,14.348779810643734,-1.0156106870200907,4
EURCHF,1,2005-02-15 00:00:00+00:00,2005-02-16 00:00:00+00:00,1.5473999977111816,1.530323461163789,53925.14280173518,2005-02-25 00:00:00+00:00,1.5425000190734863,native,-297.55670769281096,33.32465992963943,-0.3231310181510299,7
EURAUD,-1,2005-02-23 00:00:00+00:00,2005-02-24 00:00:00+00:00,1.680400013923645,1.720929334871471,21758.90248557699,2005-03-01 00:00:00+00:00,1.6713000535964966,native,183.4192863950276,14.585862986014515,0.20798819512658512,3
AUDCHF,1,2005-02-23 00:00:00+00:00,2005-02-24 00:00:00+00:00,0.9143000245094299,0.8967482522130013,50244.1307587972,2005-03-01 00:00:00+00:00,0.9189000129699707,native,212.70091322233935,18.421508478029388,0.24119207915580496,3
GBPNZD,-1,2005-02-24 00:00:00+00:00,2005-02-25 00:00:00+00:00,2.6505000591278076,2.7162104696035385,13498.900851982067,2005-03-03 00:00:00+00:00,2.6321001052856445,native,234.11729342438971,14.261859172016273,0.26393738349398865,4
AUDNZD,1,2005-02-17 00:00:00+00:00,2005-02-18 00:00:00+00:00,1.0942000150680542,1.073361909482628,43906.207024064846,2005-03-04 00:00:00+00:00,1.0746999979019165,max_hold,-875.2174252660512,19.045634596791295,-0.9566031368356793,10
AUDJPY,1,2005-03-01 00:00:00+00:00,2005-03-02 00:00:00+00:00,82.05999755859375,79.90397250652313,410.86655098463297,2005-03-07 00:00:00+00:00,82.58999633789062,native,204.22893545339485,13.529835022377881,0.23054870352280923,3
EURJPY,1,2005-03-01 00:00:00+00:00,2005-03-02 00:00:00+00:00,137.58999633789062,134.67778235673904,304.1804560770737,2005-03-07 00:00:00+00:00,138.44000244140625,native,241.76265805175103,16.792586183928123,0.27291954125070056,3
EURGBP,1,2005-03-01 00:00:00+00:00,2005-03-02 00:00:00+00:00,0.6859999895095825,0.6743160432670265,75816.72823470065,2005-03-07 00:00:00+00:00,0.6877999901771545,native,115.63875749383837,20.831403941749326,0.13054156874492884,3
EURUSD,1,2005-03-03 00:00:00+00:00,2005-03-04 00:00:00+00:00,1.3105987310409546,1.2835059333592653,32704.71537120617,2005-03-07 00:00:00+00:00,1.3233989477157593,native,401.3986141648232,17.228828874431215,0.4530140180889612,1
GBPCAD,-1,2005-02-21 00:00:00+00:00,2005-02-22 00:00:00+00:00,2.3408000469207764,2.395652148872614,16648.611798324873,2005-03-08 00:00:00+00:00,2.3526999950408936,native,-213.74566870684518,15.62805203480827,-0.23405936457608126,10
GBPAUD,-1,2005-02-23 00:00:00+00:00,2005-02-24 00:00:00+00:00,2.4272000789642334,2.486147729679942,14960.283091916157,2005-03-08 00:00:00+00:00,2.413800001144409,native,185.98441130899417,14.484546329282818,0.2108969170588094,8
GBPCHF,-1,2005-03-02 00:00:00+00:00,2005-03-03 00:00:00+00:00,2.244999885559082,2.287549373693764,20794.374261338206,2005-03-09 00:00:00+00:00,2.238600015640259,native,114.43455943916305,18.64673087672762,0.12933527945540066,4
CHFJPY,1,2005-03-02 00:00:00+00:00,2005-03-03 00:00:00+00:00,89.25,87.146903693676,420.70825679280085,2005-03-09 00:00:00+00:00,90.052001953125,native,322.32207710740863,15.08676653623172,0.3642921869201089,4
USDCHF,-1,2005-03-03 00:00:00+00:00,2005-03-04 00:00:00+00:00,1.1812000274658203,1.2134499503299594,27474.863754622977,2005-03-09 00:00:00+00:00,1.1606999635696411,native,550.3677858724585,12.868676636130415,0.6211389708546162,3
CADCHF,-1,2005-03-07 00:00:00+00:00,2005-03-08 00:00:00+00:00,0.9549000263214111,0.9803853509947658,35447.50422798505,2005-03-14 00:00:00+00:00,0.9535999894142151,native,32.55275128898878,13.530312475379631,0.03603394956977172,4
EURCAD,1,2005-03-08 00:00:00+00:00,2005-03-09 00:00:00+00:00,1.618399977684021,1.58055757638067,24072.272996210653,2005-03-14 00:00:00+00:00,1.6212999820709229,native,54.21230892030323,15.597388371406735,0.059511667267041206,3
EURNZD,-1,2005-03-10 00:00:00+00:00,2005-03-11 00:00:00+00:00,1.8219000101089478,1.8687179600819945,19371.911903683424,2005-03-15 00:00:00+00:00,1.8085999488830566,native,243.58166930717454,14.06594507438388,0.2685713757507874,2
AUDCHF,1,2005-03-10 00:00:00+00:00,2005-03-11 00:00:00+00:00,0.9135000109672546,0.8959596492350101,51706.641871681895,2005-03-16 00:00:00+00:00,0.9187999963760376,native,255.09603140084408,18.948416056235942,0.28126702759185335,3
EURAUD,-1,2005-03-10 00:00:00+00:00,2005-03-11 00:00:00+00:00,1.6985000371932983,1.739178877323866,22295.45383983066,2005-03-16 00:00:00+00:00,1.6850999593734741,native,283.6730369748484,15.087779507181132,0.3127758259496212,3
NZDCAD,1,2005-03-09 00:00:00+00:00,2005-03-10 00:00:00+00:00,0.890250027179718,0.862799383699894,33076.543346936,2005-03-17 00:00:00+00:00,0.8954899907112122,native,161.50665946420426,11.813221421625524,0.1778761773473461,5
NZDUSD,1,2005-03-21 00:00:00+00:00,2005-03-22 00:00:00+00:00,0.7358893752098083,0.7223911150358617,68175.78999083447,2005-03-23 00:00:00+00:00,0.7223911150358617,stop,-940.1384357507735,19.88388489014399,-1.0216069400271355,1
AUDCAD,1,2005-03-09 00:00:00+00:00,2005-03-10 00:00:00+00:00,0.9553099870681763,0.9268231699243188,31873.423920140194,2005-03-24 00:00:00+00:00,0.9388700127601624,max_hold,-536.0730707786569,12.074800423115944,-0.5904067914307572,10
EURJPY,1,2005-03-21 00:00:00+00:00,2005-03-22 00:00:00+00:00,138.4499969482422,135.64111810922623,327.6234410961719,2005-03-29 00:00:00+00:00,138.25,native,-83.65436942213513,18.130681030296675,-0.09090351071222728,5
CHFJPY,1,2005-03-21 00:00:00+00:00,2005-03-22 00:00:00+00:00,89.19000244140625,87.07405334711075,434.91336976942966,2005-03-29 00:00:00+00:00,89.06999969482422,native,-67.69633054241287,15.505531644834747,-0.07356261425613458,5
GBPUSD,1,2005-03-21 00:00:00+00:00,2005-03-22 00:00:00+00:00,1.8964176177978516,1.8554334389045835,22453.897472416767,2005-03-30 00:00:00+00:00,1.8756096363067627,native,-484.1596256542205,16.93934264536535,-0.5261148941903417,6
NZDJPY,1,2005-03-24 00:00:00+00:00,2005-03-25 00:00:00+00:00,75.79900360107422,73.70769149065018,417.9581082097908,2005-03-30 00:00:00+00:00,76.22799682617188,native,166.59301329755718,12.708183499076167,0.1905922234301928,3
EURUSD,1,2005-03-21 00:00:00+00:00,2005-03-22 00:00:00+00:00,1.3164995908737183,1.2850983999669552,29306.358271349134,2005-04-01 00:00:00+00:00,1.2967981100082397,native,-592.6959044581909,15.31724773834793,-0.6440564775299367,8
USDCHF,-1,2005-03-21 00:00:00+00:00,2005-03-22 00:00:00+00:00,1.1789000034332275,1.2135135727003217,26586.525756980573,2005-04-01 00:00:00+00:00,1.1957999467849731,native,-461.93778349101245,12.627004278315336,-0.5019673991929783,8
USDJPY,-1,2005-03-21 00:00:00+00:00,2005-03-22 00:00:00+00:00,105.19999694824219,107.66656368970871,373.0912832763985,2005-04-01 00:00:00+00:00,107.66656368970871,stop,-936.1382825156386,15.88373165500928,-1.017260150074949,8
EURGBP,1,2005-03-18 00:00:00+00:00,2005-03-21 00:00:00+00:00,0.6931999921798706,0.6813179110176861,77551.78609252677,2005-04-04 00:00:00+00:00,0.685699999332428,max_hold,-603.0250724373011,21.387231436949754,-0.6544116926664335,10
EURNZD,-1,2005-03-23 00:00:00+00:00,2005-03-24 00:00:00+00:00,1.8118000030517578,1.8579464675858617,19170.960159175636,2005-04-05 00:00:00+00:00,1.8167999982833862,native,-109.7674585934527,13.912749211836141,-0.12407700762566418,8
GBPCHF,-1,2005-03-22 00:00:00+00:00,2005-03-23 00:00:00+00:00,2.2416999340057373,2.2808003863319755,22990.916913093613,2005-04-06 00:00:00+00:00,2.267899990081787,max_hold,-623.0992797960524,20.735967433197906,-0.6931371492774437,10
GBPNZD,-1,2005-03-31 00:00:00+00:00,2005-04-01 00:00:00+00:00,2.65339994430542,2.71907932497561,13256.79709609391,2005-04-06 00:00:00+00:00,2.6489999294281006,native,44.271536598729114,14.05856784968785,0.05084601694620361,3
GBPAUD,-1,2005-03-29 00:00:00+00:00,2005-03-30 00:00:00+00:00,2.429500102996826,2.479852056130767,17380.76612815009,2005-04-08 00:00:00+00:00,2.439199924468994,native,-185.51467579766026,16.92434730510027,-0.2119790954140052,7
GBPCAD,-1,2005-04-04 00:00:00+00:00,2005-04-05 00:00:00+00:00,2.2932000160217285,2.343908876180649,17076.52567395019,2005-04-08 00:00:00+00:00,2.2873001098632812,native,85.10609338878008,15.643805599841489,0.09828274817558788,3
AUDCHF,1,2005-04-06 00:00:00+00:00,2005-04-07 00:00:00+00:00,0.9197999835014343,0.9078484512865543,72211.06775836971,2005-04-08 00:00:00+00:00,0.9265999794006348,native,464.3688620677646,26.666102566034525,0.5380662320947942,1
EURAUD,-1,2005-04-06 00:00:00+00:00,2005-04-07 00:00:00+00:00,1.684999942779541,1.7172989947721362,26720.069145772275,2005-04-12 00:00:00+00:00,1.6734000444412231,native,292.00274970824256,17.947335975539907,0.3383448636009223,3
GBPCHF,1,2005-04-08 00:00:00+00:00,2005-04-11 00:00:00+00:00,2.2548999786376953,2.2168484879657626,23015.088677635125,2005-04-13 00:00:00+00:00,2.268199920654297,native,285.27943586348874,20.819909056001542,0.3257512864242694,2
EURCHF,1,2005-04-08 00:00:00+00:00,2005-04-11 00:00:00+00:00,1.5477999448776245,1.5333072026260197,60427.379230715516,2005-04-15 00:00:00+00:00,1.555299997329712,native,415.7060743728284,37.50243939971483,0.47468121244508904,4
CADCHF,1,2005-04-08 00:00:00+00:00,2005-04-11 00:00:00+00:00,0.9745000004768372,0.950295265763998,36181.286121107565,2005-04-15 00:00:00+00:00,0.977400004863739,native,90.80143796035941,14.124450514603755,0.10368320147307951,4
EURCAD,-1,2005-04-08 00:00:00+00:00,2005-04-11 00:00:00+00:00,1.5867999792099,1.6219643568620086,24904.704436827167,2005-04-15 00:00:00+00:00,1.5896999835968018,native,-88.04571066475157,15.82195854345868,-0.10053652632328607,4
USDJPY,1,2005-04-11 00:00:00+00:00,2005-04-12 00:00:00+00:00,107.7300033569336,105.36801397800446,367.6601679560252,2005-04-15 00:00:00+00:00,108.29000091552734,native,190.00440623700732,15.884390210534853,0.21879588551475956,3
EURJPY,1,2005-04-13 00:00:00+00:00,2005-04-14 00:00:00+00:00,138.57000732421875,136.0550313591957,346.07939129877997,2005-04-19 00:00:00+00:00,139.8300018310547,native,416.7884308243813,19.26970114120636,0.4788572621583083,3
CHFJPY,1,2005-04-14 00:00:00+00:00,2005-04-15 00:00:00+00:00,89.08899688720703,87.2304340004921,473.8747818146225,2005-04-19 00:00:00+00:00,90.41999816894531,native,613.7149848055116,17.01295717319927,0.6968284430860325,2
EURUSD,1,2005-04-14 00:00:00+00:00,2005-04-15 00:00:00+00:00,1.2794922590255737,1.2486145095899701,28523.00114254029,2005-04-19 00:00:00+00:00,1.3017951250076294,native,621.4194592872959,14.725212600800779,0.7055763099148655,2
USDCAD,-1,2005-04-08 00:00:00+00:00,2005-04-11 00:00:00+00:00,1.2283999919891357,1.2568580703809857,30773.632009585795,2005-04-20 00:00:00+00:00,1.2372000217437744,native,-285.9839708437453,15.175093501089252,-0.3265557719472262,7
NZDJPY,1,2005-04-18 00:00:00+00:00,2005-04-19 00:00:00+00:00,77.00700378417969,75.20696920156479,495.0656364866788,2005-04-21 00:00:00+00:00,77.66000366210938,native,307.96373609600687,15.314064096977397,0.3455858473211985,2
GBPAUD,-1,2005-04-15 00:00:00+00:00,2005-04-18 00:00:00+00:00,2.4630000591278076,2.5098878890275955,18923.025328410054,2005-04-22 00:00:00+00:00,2.4630000591278076,native,-18.642965001100386,18.642965001100386,-0.021011849466199748,4
GBPNZD,-1,2005-04-18 00:00:00+00:00,2005-04-19 00:00:00+00:00,2.6542999744415283,2.716751031577587,14269.338378032719,2005-04-22 00:00:00+00:00,2.6273000240325928,native,370.1984410640753,15.072987511128865,0.41542339872195777,3
EURAUD,-1,2005-04-18 00:00:00+00:00,2005-04-19 00:00:00+00:00,1.694599986076355,1.731298922561109,24282.318554666675,2005-04-22 00:00:00+00:00,1.683899998664856,native,243.4129402836581,16.40756257328452,0.2731492619333858,3
AUDCHF,1,2005-04-18 00:00:00+00:00,2005-04-19 00:00:00+00:00,0.90829998254776,0.8931225729174912,58714.58226725708,2005-04-22 00:00:00+00:00,0.9164999723434448,native,460.03050203485526,21.42847341454933,0.5162297121559474,3
EURJPY,1,2005-04-22 00:00:00+00:00,2005-04-25 00:00:00+00:00,137.85000610351562,135.20512914657593,342.61033927475626,2005-04-29 00:00:00+00:00,135.20512914657593,stop,-924.8724940628442,18.710302505749663,-1.0206478516540167,4
AUDNZD,-1,2005-04-25 00:00:00+00:00,2005-04-26 00:00:00+00:00,1.0702999830245972,1.0880894884467125,50827.92474964457,2005-04-29 00:00:00+00:00,1.0686999559402466,native,59.5818706533249,21.744185587439883,0.06589430502662222,3
NZDJPY,1,2005-04-25 00:00:00+00:00,2005-04-26 00:00:00+00:00,76.90799713134766,75.12359428405762,506.7261825444181,2005-04-29 00:00:00+00:00,77.16100311279297,native,112.5905958702574,15.614159268429681,0.12451906907340245,3
AUDJPY,1,2005-04-15 00:00:00+00:00,2005-04-18 00:00:00+00:00,82.75,81.04329717159271,519.8676524230457,2005-05-02 00:00:00+00:00,81.98300170898438,max_hold,-415.8654727377912,17.127871775010256,-0.46870777855564844,10
GBPJPY,1,2005-04-22 00:00:00+00:00,2005-04-25 00:00:00+00:00,202.36000061035156,198.62239527702332,242.44458971546337,2005-05-03 00:00:00+00:00,198.62239527702332,stop,-925.6053940479021,19.44320249080762,-1.0214566472447912,6
EURCHF,1,2005-04-19 00:00:00+00:00,2005-04-20 00:00:00+00:00,1.5422999858856201,1.5264772353693843,56694.21887255636,2005-05-04 00:00:00+00:00,1.5427000522613525,native,-12.298882807585539,34.980333476909834,-0.013710235251094655,10
USDJPY,1,2005-04-21 00:00:00+00:00,2005-04-22 00:00:00+00:00,106.7699966430664,104.30621939897537,370.47175118356165,2005-05-04 00:00:00+00:00,104.30621939897537,stop,-928.3994252226737,15.639555078059,-1.0171343587613915,8
EURUSD,1,2005-04-27 00:00:00+00:00,2005-04-28 00:00:00+00:00,1.292306900024414,1.2624156139791012,29982.202746215262,2005-05-05 00:00:00+00:00,1.2950012683868408,native,65.26845890081803,15.514639614449022,0.07282746969951324,5
USDCHF,-1,2005-05-02 00:00:00+00:00,2005-05-03 00:00:00+00:00,1.198799967765808,1.2310099508613348,27218.99321330702,2005-05-05 00:00:00+00:00,1.1913000345230103,native,191.12940888768554,13.011223148284888,0.2180042510893241,2
CHFJPY,1,2005-04-25 00:00:00+00:00,2005-04-26 00:00:00+00:00,88.95899963378906,86.92120206356049,443.71612575200425,2005-05-06 00:00:00+00:00,86.92120206356049,stop,-919.8118192673976,15.608176338725805,-1.0172617932484453,8
GBPUSD,1,2005-05-02 00:00:00+00:00,2005-05-03 00:00:00+00:00,1.895016074180603,1.8579939901828766,23681.090219872967,2005-05-06 00:00:00+00:00,1.9024064540863037,native,157.0268322070608,17.985421098973347,0.17910648683241365,3
NZDJPY,1,2005-05-03 00:00:00+00:00,2005-05-04 00:00:00+00:00,76.11100006103516,74.20558452606201,460.1470337465998,2005-05-09 00:00:00+00:00,77.00499725341797,native,397.2789818560599,14.09117439667959,0.45311585692098943,3
AUDJPY,1,2005-05-03 00:00:00+00:00,2005-05-04 00:00:00+00:00,81.05000305175781,79.21811634302139,478.6165554295404,2005-05-10 00:00:00+00:00,81.71099853515625,native,300.78335943108596,15.580021987558155,0.34305794134754974,4
GBPUSD,1,2005-05-09 00:00:00+00:00,2005-05-10 00:00:00+00:00,1.8844102621078491,1.8501086197793484,25530.849028212026,2005-05-13 00:00:00+00:00,1.8501086197793484,stop,-894.8191392619736,19.069087553293848,-1.0217745777075182,3
CADCHF,-1,2005-05-05 00:00:00+00:00,2005-05-06 00:00:00+00:00,0.9577000141143799,0.9808836737647653,38143.03596050971,2005-05-17 00:00:00+00:00,0.9625999927520752,native,-201.54927582671655,14.649214443374849,-0.22792081659035085,7
AUDNZD,-1,2005-05-12 00:00:00+00:00,2005-05-13 00:00:00+00:00,1.0678999423980713,1.0853792447596788,49375.53964938165,2005-05-19 00:00:00+00:00,1.065600037574768,native,92.49049922219159,21.068542570620778,0.10716702466472913,4
USDJPY,-1,2005-05-09 00:00:00+00:00,2005-05-10 00:00:00+00:00,105.73999786376953,107.94703370332718,396.7991982786309,2005-05-20 00:00:00+00:00,107.94703370332718,stop,-892.7082202703526,16.9581685616729,-1.019364165070371,8
NZDJPY,1,2005-05-12 00:00:00+00:00,2005-05-13 00:00:00+00:00,76.46499633789062,74.66476166248322,479.4097117387031,2005-05-20 00:00:00+00:00,76.28099822998047,native,-102.85606251867972,14.645582645004918,-0.11917741045354349,5
GBPCAD,1,2005-05-06 00:00:00+00:00,2005-05-09 00:00:00+00:00,2.348400115966797,2.293836122378707,16088.304948284795,2005-05-23 00:00:00+00:00,2.311000108718872,max_hold,-616.6950920108458,14.992370338169948,-0.7025124953689039,10
NZDCHF,1,2005-05-12 00:00:00+00:00,2005-05-13 00:00:00+00:00,0.8713899850845337,0.8489513453096151,38462.669549327285,2005-05-23 00:00:00+00:00,0.8733800053596497,native,63.11978992183929,13.421702316407512,0.07313572896969806,6
EURNZD,-1,2005-05-13 00:00:00+00:00,2005-05-16 00:00:00+00:00,1.7718000411987305,1.8166969483718276,19099.355722894627,2005-05-23 00:00:00+00:00,1.7719999551773071,native,-17.355087539130494,13.536859348315726,-0.020239121914312132,5
EURAUD,-1,2005-05-17 00:00:00+00:00,2005-05-18 00:00:00+00:00,1.669100046157837,1.7047556033357978,23653.16028749522,2005-05-23 00:00:00+00:00,1.6641000509262085,native,102.49754541709405,15.768143233324711,0.12153379599660577,3
CHFJPY,-1,2005-05-19 00:00:00+00:00,2005-05-20 00:00:00+00:00,88.0,89.86511266231537,454.49719546529604,2005-05-23 00:00:00+00:00,87.5999984741211,native,165.83763032776227,15.961941366039662,0.19563511285753357,1
NZDCAD,1,2005-05-09 00:00:00+00:00,2005-05-10 00:00:00+00:00,0.9047499895095825,0.8793040374293923,34416.085079027405,2005-05-24 00:00:00+00:00,0.8941900134086609,max_hold,-375.815530360315,12.382494438500014,-0.4291356073882721,10
AUDCAD,1,2005-05-09 00:00:00+00:00,2005-05-10 00:00:00+00:00,0.9574900269508362,0.9328664569184184,35565.51915728405,2005-05-24 00:00:00+00:00,0.9547899961471558,max_hold,-109.63024363266967,13.602246359116645,-0.12518439869774445,10
NZDUSD,1,2005-05-12 00:00:00+00:00,2005-05-13 00:00:00+00:00,0.7164863348007202,0.7017011744901538,58372.71755398506,2005-05-25 00:00:00+00:00,0.7137249112129211,native,-177.88886255872478,16.697063421217464,-0.20611652312108417,7
GBPAUD,-1,2005-06-01 00:00:00+00:00,2005-06-02 00:00:00+00:00,2.414799928665161,2.4603286860510707,18401.4144616364,2005-06-06 00:00:00+00:00,2.398400068283081,native,284.06669039750784,17.713937606118332,0.3390652692723832,2
NZDUSD,1,2005-05-31 00:00:00+00:00,2005-06-01 00:00:00+00:00,0.7059155702590942,0.6932480642572045,67428.99287646198,2005-06-07 00:00:00+00:00,0.7098239660263062,native,244.44681212430353,19.09237822142277,0.28618481486521724,4
AUDCAD,1,2005-05-31 00:00:00+00:00,2005-06-01 00:00:00+00:00,0.9476000070571899,0.9240569118410349,36280.580956825324,2005-06-07 00:00:00+00:00,0.9504799842834473,native,90.71455795336924,13.77268895767286,0.10620358984376328,4
NZDCAD,1,2005-05-31 00:00:00+00:00,2005-06-01 00:00:00+00:00,0.8839700222015381,0.858129357919097,33054.76835378278,2005-06-07 00:00:00+00:00,0.8807500004768372,native,-118.10355451592048,11.666482311783199,-0.13826911298346348,4
GBPNZD,-1,2005-06-01 00:00:00+00:00,2005-06-02 00:00:00+00:00,2.5957000255584717,2.655972335487604,13900.139808254899,2005-06-07 00:00:00+00:00,2.573699951171875,native,291.43303328543317,14.371076480268288,0.3478578208783177,3
AUDNZD,-1,2005-05-31 00:00:00+00:00,2005-06-01 00:00:00+00:00,1.0722999572753906,1.0881946287117898,53738.58625400194,2005-06-08 00:00:00+00:00,1.0748000144958496,native,-157.42596398737425,23.076423405798785,-0.18430561629003864,5
NZDJPY,1,2005-06-01 00:00:00+00:00,2005-06-02 00:00:00+00:00,75.72799682617188,73.84495055675507,444.91393981565886,2005-06-08 00:00:00+00:00,76.14900207519531,native,173.79666523637297,13.514438789717154,0.2074456988059802,4
AUDJPY,1,2005-06-01 00:00:00+00:00,2005-06-02 00:00:00+00:00,81.37999725341797,79.67306214570999,490.8174486529695,2005-06-08 00:00:00+00:00,81.9260025024414,native,251.95821644683423,16.030686829978674,0.30074022542167356,4
USDCAD,1,2005-06-01 00:00:00+00:00,2005-06-02 00:00:00+00:00,1.2475999593734741,1.2198463715612888,30186.855128459305,2005-06-09 00:00:00+00:00,1.2509000301361084,native,84.53438658094856,15.084371444356574,0.10090121622051511,5
USDJPY,1,2005-06-06 00:00:00+00:00,2005-06-07 00:00:00+00:00,106.87000274658203,104.62360620498657,382.21044090274853,2005-06-10 00:00:00+00:00,107.44000244140625,native,201.4775303586425,16.38230431455427,0.23465923492396046,3
GBPUSD,-1,2005-06-07 00:00:00+00:00,2005-06-08 00:00:00+00:00,1.8333150148391724,1.867686732672155,25125.342966986962,2005-06-13 00:00:00+00:00,1.811988115310669,native,517.5277668033917,18.317898272729174,0.5992670777341277,3
NZDCAD,1,2005-06-17 00:00:00+00:00,2005-06-20 00:00:00+00:00,0.8799899816513062,0.8530708346515894,32029.397716700194,2005-06-21 00:00:00+00:00,0.8843600153923035,native,128.66733517244847,11.302213553353717,0.1492307219701598,1
GBPJPY,-1,2005-06-10 00:00:00+00:00,2005-06-13 00:00:00+00:00,196.7100067138672,200.37862527370453,237.93492639779816,2005-06-22 00:00:00+00:00,198.16000366210938,native,-363.795590528138,18.790673371101157,-0.41677021619417803,7
EURJPY,-1,2005-06-13 00:00:00+00:00,2005-06-14 00:00:00+00:00,132.5800018310547,135.52685010433197,294.92770451734754,2005-06-22 00:00:00+00:00,131.9499969482422,native,170.2024488594202,15.603445063190957,0.19583596763019998,6
EURCHF,-1,2005-06-10 00:00:00+00:00,2005-06-13 00:00:00+00:00,1.5372999906539917,1.5519157527014613,59722.68049941436,2005-06-24 00:00:00+00:00,1.5394999980926514,native,-168.14128989310979,36.75094853770349,-0.19262542912679761,9
USDCAD,1,2005-06-15 00:00:00+00:00,2005-06-16 00:00:00+00:00,1.236799955368042,1.2082864977419376,30381.354881209252,2005-06-30 00:00:00+00:00,1.2275999784469604,max_hold,-294.48212553000565,14.974361791692438,-0.3399397237243734,10
NZDUSD,1,2005-06-23 00:00:00+00:00,2005-06-24 00:00:00+00:00,0.7084159851074219,0.6958827096968889,69391.15339857292,2005-06-30 00:00:00+00:00,0.6958827096968889,stop,-889.1876178285703,19.489181229716337,-1.0224091252893739,4
EURNZD,-1,2005-06-23 00:00:00+00:00,2005-06-24 00:00:00+00:00,1.707800030708313,1.7523288102820516,19531.15367014842,2005-07-01 00:00:00+00:00,1.7523288102820516,stop,-883.2144982212332,13.51606162237907,-1.015541089938297,5
GBPAUD,-1,2005-06-24 00:00:00+00:00,2005-06-27 00:00:00+00:00,2.3680999279022217,2.4181229919195175,17374.914941628394,2005-07-01 00:00:00+00:00,2.349600076675415,native,305.0394142386138,16.393927259931267,0.3509643315695514,4
AUDCAD,1,2005-06-23 00:00:00+00:00,2005-06-24 00:00:00+00:00,0.9494600296020508,0.9240933619439602,34285.08814485404,2005-07-05 00:00:00+00:00,0.9240933619439602,stop,-882.5454252335031,12.846988634649044,-1.014771773863237,7
NZDCHF,1,2005-06-23 00:00:00+00:00,2005-06-24 00:00:00+00:00,0.9001700282096863,0.8775313347578049,38416.45890242738,2005-07-06 00:00:00+00:00,0.8775313347578049,stop,-883.3570348691,13.658598270245953,-1.0157049819747417,8
EURGBP,-1,2005-06-30 00:00:00+00:00,2005-07-01 00:00:00+00:00,0.6746000051498413,0.6878111488185823,64085.49861412968,2005-07-07 00:00:00+00:00,0.6878111488185823,stop,-864.1048888980723,17.46215962390365,-1.0206251811066447,4
GBPNZD,-1,2005-06-23 00:00:00+00:00,2005-06-24 00:00:00+00:00,2.5787999629974365,2.6393009927123785,14374.936107642216,2005-07-08 00:00:00+00:00,2.5892999172210693,max_hold,-165.7943922131006,14.858221115210883,-0.19063434546516586,10
NZDJPY,1,2005-06-23 00:00:00+00:00,2005-06-24 00:00:00+00:00,76.63300323486328,74.75226563215256,462.42412303840257,2005-07-08 00:00:00+00:00,75.3270034790039,max_hold,-617.9797863599533,14.05399456831396,-0.7105678938284613,10
AUDJPY,1,2005-07-05 00:00:00+00:00,2005-07-06 00:00:00+00:00,82.9000015258789,80.98223638534546,428.99830784224906,2005-07-11 00:00:00+00:00,83.26000213623047,native,140.1831805825758,14.256472080421368,0.17039031668301488,3
EURAUD,-1,2005-06-27 00:00:00+00:00,2005-06-28 00:00:00+00:00,1.5824999809265137,1.620777084492147,22572.860971833088,2005-07-12 00:00:00+00:00,1.6133999824523926,max_hold,-711.9295595837425,14.428121110647702,-0.8239699083937955,10
EURNZD,-1,2005-07-01 00:00:00+00:00,2005-07-04 00:00:00+00:00,1.7519999742507935,1.798364563845098,17945.186027850013,2005-07-13 00:00:00+00:00,1.798364563845098,stop,-844.7635757952769,12.742390420562511,-1.0153149831333006,7
GBPCHF,1,2005-07-01 00:00:00+00:00,2005-07-04 00:00:00+00:00,2.284600019454956,2.240785171277821,18989.48005048455,2005-07-14 00:00:00+00:00,2.2767999172210693,native,-165.44360838209002,17.32372261995818,-0.19884542760480284,8
AUDCHF,1,2005-07-06 00:00:00+00:00,2005-07-07 00:00:00+00:00,0.961899995803833,0.9471965772099793,55104.05240876324,2005-07-14 00:00:00+00:00,0.9689000248908997,native,364.450988570347,21.27898110624074,0.44981845825245137,5
EURGBP,-1,2005-07-07 00:00:00+00:00,2005-07-08 00:00:00+00:00,0.6852999925613403,0.6990568065084517,58189.136131170126,2005-07-14 00:00:00+00:00,0.6847000122070312,native,18.96851515748476,15.943823355434098,0.023695919317412627,4
NZDCHF,1,2005-07-06 00:00:00+00:00,2005-07-07 00:00:00+00:00,0.8753600120544434,0.8534131441265345,36917.24721017614,2005-07-18 00:00:00+00:00,0.874239981174469,native,-54.266539972835616,12.918083093790852,-0.06697770649774011,7
EURUSD,-1,2005-07-11 00:00:00+00:00,2005-07-12 00:00:00+00:00,1.206796646118164,1.2373236324638128,26303.5580352388,2005-07-18 00:00:00+00:00,1.2038040161132812,native,66.03534212767404,12.681474883757982,0.08223903414541818,4
USDCHF,1,2005-07-11 00:00:00+00:00,2005-07-12 00:00:00+00:00,1.2879999876022339,1.2548326989635825,24209.647213911197,2005-07-18 00:00:00+00:00,1.2965999841690063,native,195.68843222127546,12.514450701133313,0.24370628122428528,4
CHFJPY,-1,2005-07-11 00:00:00+00:00,2005-07-12 00:00:00+00:00,86.71199798583984,88.56656277179718,432.9686204891559,2005-07-18 00:00:00+00:00,86.54000091552734,native,59.46679846911673,15.00253579226274,0.0740587072353622,4
GBPUSD,-1,2005-07-12 00:00:00+00:00,2005-07-13 00:00:00+00:00,1.7768932580947876,1.8187680952250957,18723.91062315881,2005-07-18 00:00:00+00:00,1.75131356716156,native,465.7394809505544,13.212365851223748,0.5940094642224396,3
EURJPY,-1,2005-07-11 00:00:00+00:00,2005-07-12 00:00:00+00:00,134.77000427246094,137.7593578696251,268.60936014576845,2005-07-19 00:00:00+00:00,134.85000610351562,native,-35.973732344006784,14.484491693917304,-0.044800933973462145,5
GBPNZD,-1,2005-07-13 00:00:00+00:00,2005-07-14 00:00:00+00:00,2.623300075531006,2.6921224519610405,11706.12132345892,2005-07-19 00:00:00+00:00,2.5804998874664307,native,488.84093140880384,12.183262741971806,0.6067710857736607,3
CHFJPY,-1,2005-07-20 00:00:00+00:00,2005-07-21 00:00:00+00:00,87.72000122070312,89.67706680297852,418.2713511522288,2005-07-22 00:00:00+00:00,85.83999633789062,native,771.8331475698099,14.51903493696211,0.9428876068401059,1
EURCAD,-1,2005-07-20 00:00:00+00:00,2005-07-21 00:00:00+00:00,1.4852999448776245,1.5275022126734257,19396.693783202205,2005-07-25 00:00:00+00:00,1.4702999591827393,native,279.48435601915867,11.46577325694414,0.34142396763585214,2
NZDUSD,-1,2005-07-21 00:00:00+00:00,2005-07-22 00:00:00+00:00,0.6865773797035217,0.7026037336327136,51524.313501691555,2005-07-27 00:00:00+00:00,0.6811061501502991,native,267.8075557473063,14.093790992657677,0.32432160616298084,3
USDJPY,1,2005-07-21 00:00:00+00:00,2005-07-22 00:00:00+00:00,110.41999816894531,107.5074787735939,283.51635544631813,2005-07-27 00:00:00+00:00,112.51000213623047,native,579.9094474317994,12.640860241234005,0.7022847540479061,3
AUDCAD,-1,2005-07-20 00:00:00+00:00,2005-07-21 00:00:00+00:00,0.9240000247955322,0.9514509253203869,29819.949427549247,2005-08-01 00:00:00+00:00,0.9242900013923645,native,-19.67027047438464,11.02318302167335,-0.024029616131267053,7
NZDCAD,-1,2005-07-21 00:00:00+00:00,2005-07-22 00:00:00+00:00,0.8324000239372253,0.8610241282731295,28847.95536120882,2005-08-01 00:00:00+00:00,0.8301699757575989,native,54.739981311993,9.592349027216251,0.06629147788940117,6
AUDNZD,1,2005-07-27 00:00:00+00:00,2005-07-28 00:00:00+00:00,1.1109999418258667,1.092119354289025,44082.781750633025,2005-08-01 00:00:00+00:00,1.1128000020980835,native,59.745406601104236,19.60625751701389,0.07178273879387564,2
EURCAD,-1,2005-07-27 00:00:00+00:00,2005-07-28 00:00:00+00:00,1.4904999732971191,1.533553727902472,19331.85217734368,2005-08-02 00:00:00+00:00,1.4754999876022339,native,278.50985155536887,11.467654560422687,0.3346232131149413,3
CADCHF,1,2005-07-27 00:00:00+00:00,2005-07-28 00:00:00+00:00,1.0477999448776245,1.016462802886963,26559.81901471223,2005-08-02 00:00:00+00:00,1.0546000003814697,native,169.44037106360219,11.167872408524488,0.20357872829291487,3
GBPCAD,-1,2005-07-27 00:00:00+00:00,2005-07-28 00:00:00+00:00,2.1531999111175537,2.217810397967696,12881.946264246051,2005-08-02 00:00:00+00:00,2.1417999267578125,native,135.78839451214048,11.065591423291195,0.16314664857138267,3
EURJPY,-1,2005-07-28 00:00:00+00:00,2005-07-29 00:00:00+00:00,136.17999267578125,139.589839220047,243.24882938910605,2005-08-03 00:00:00+00:00,135.80999755859375,native,76.76862978953126,13.232249346013221,0.09255463993573455,3
GBPNZD,-1,2005-08-01 00:00:00+00:00,2005-08-02 00:00:00+00:00,2.5866000652313232,2.654391836374998,12375.976560376595,2005-08-04 00:00:00+00:00,2.571899890899658,native,169.16071805338007,12.768294908756145,0.20162438758932097,2
GBPAUD,-1,2005-08-01 00:00:00+00:00,2005-08-02 00:00:00+00:00,2.323199987411499,2.378876108676195,15069.105957862987,2005-08-04 00:00:00+00:00,2.3041000366210938,native,273.87332737839216,13.945854872193818,0.3264324161374921,2
AUDCHF,1,2005-07-28 00:00:00+00:00,2005-08-04 00:00:00+00:00,0.974399983882904,0.961457297205925,64085.70345478921,2005-08-08 00:00:00+00:00,0.961457297205925,stop,-854.2533354184623,24.812155129330648,-1.0299143034117038,2
GBPJPY,-1,2005-07-28 00:00:00+00:00,2005-07-29 00:00:00+00:00,196.92999267578125,201.40212416648865,185.46887138998935,2005-08-11 00:00:00+00:00,198.6699981689453,native,-337.3911517942928,14.674296764772311,-0.4067692318781218,9
CHFJPY,-1,2005-07-28 00:00:00+00:00,2005-07-29 00:00:00+00:00,87.34700012207031,89.58699870109558,370.2864760968114,2005-08-11 00:00:00+00:00,88.0199966430664,native,-262.188715636226,12.98720545116868,-0.31610284353717605,9
NZDCHF,1,2005-08-01 00:00:00+00:00,2005-08-02 00:00:00+00:00,0.8733000159263611,0.850618957541883,36990.75045081236,2005-08-11 00:00:00+00:00,0.8751500248908997,native,55.49792411189538,12.935295827116796,0.06614854258308658,7
GBPUSD,-1,2005-08-02 00:00:00+00:00,2005-08-03 00:00:00+00:00,1.7711026668548584,1.8132758885622025,20120.222387425772,2005-08-11 00:00:00+00:00,1.8132758885622025,stop,-862.9582982771167,14.423698731142242,-1.0169983625168142,6
NZDUSD,-1,2005-08-03 00:00:00+00:00,2005-08-04 00:00:00+00:00,0.6915150880813599,0.7041507889516652,66425.39791857234,2005-08-11 00:00:00+00:00,0.7041507889516652,stop,-857.8729905387388,18.541532248658392,-1.022090834396261,5
AUDCHF,1,2005-08-08 00:00:00+00:00,2005-08-09 00:00:00+00:00,0.9611999988555908,0.9475348563864827,59970.13295500702,2005-08-15 00:00:00+00:00,0.9642000198364258,native,156.81835806597653,23.09329902250665,0.1913584862366407,4
EURUSD,-1,2005-08-02 00:00:00+00:00,2005-08-03 00:00:00+00:00,1.2190959453582764,1.2498412858694792,27598.803117395633,2005-08-16 00:00:00+00:00,1.236996054649353,native,-507.57863201357327,13.55703990928421,-0.5981825989006971,9
USDCHF,1,2005-08-03 00:00:00+00:00,2005-08-04 00:00:00+00:00,1.2613999843597412,1.223421729169786,22100.31645982707,2005-08-16 00:00:00+00:00,1.2545000314712524,native,-163.61157969972948,11.12043730622978,-0.19493083225195146,8
AUDNZD,1,2005-08-08 00:00:00+00:00,2005-08-09 00:00:00+00:00,1.1033999919891357,1.0839899964630604,42220.53578634834,2005-08-17 00:00:00+00:00,1.0839899964630604,stop,-837.9709661787552,18.470555457229203,-1.0225387995119697,6
NZDCAD,-1,2005-08-11 00:00:00+00:00,2005-08-12 00:00:00+00:00,0.8493899703025818,0.8766702990978956,29436.75616861389,2005-08-17 00:00:00+00:00,0.8438000082969666,native,154.58194444167646,9.968404109435095,0.19249489437229175,3
NZDUSD,-1,2005-08-11 00:00:00+00:00,2005-08-12 00:00:00+00:00,0.7049203515052795,0.717960758600384,61581.23600671511,2005-08-18 00:00:00+00:00,0.7015082240104675,native,192.8011065359354,17.321922007084673,0.24008773321840712,4
USDJPY,1,2005-08-15 00:00:00+00:00,2005-08-16 00:00:00+00:00,109.31999969482422,106.62013441324234,296.11530697575046,2005-08-18 00:00:00+00:00,109.83999633789062,native,140.9996396875623,12.979325900406323,0.176366075414279,2
GBPAUD,-1,2005-08-08 00:00:00+00:00,2005-08-09 00:00:00+00:00,2.3315999507904053,2.3898441027849913,14070.089144704203,2005-08-19 00:00:00+00:00,2.3898441027849913,stop,-832.7866384666339,13.286227745107881,-1.0162125943700384,8
CADJPY,1,2005-08-11 00:00:00+00:00,2005-08-12 00:00:00+00:00,91.25,88.5774410367012,300.47770618914785,2005-08-22 00:00:00+00:00,91.16999816894531,native,-35.001395208810884,10.962628522566648,-0.0435858786609129,6
EURCHF,1,2005-08-11 00:00:00+00:00,2005-08-12 00:00:00+00:00,1.5528000593185425,1.5389728625304997,58077.16482647524,2005-08-23 00:00:00+00:00,1.5529999732971191,native,-24.464774997545263,36.07521208245839,-0.030465034554997387,7
USDCAD,-1,2005-08-18 00:00:00+00:00,2005-08-19 00:00:00+00:00,1.218000054359436,1.2500434527173638,24737.11594286071,2005-08-23 00:00:00+00:00,1.2014000415802002,native,398.66664463584095,11.969796137085421,0.5029470526199868,2
EURJPY,1,2005-08-11 00:00:00+00:00,2005-08-12 00:00:00+00:00,136.8000030517578,133.45558416843414,240.11477478240033,2005-08-25 00:00:00+00:00,135.25,native,-385.24327872732516,13.06464504246483,-0.47972849943177726,9
AUDJPY,1,2005-08-18 00:00:00+00:00,2005-08-19 00:00:00+00:00,83.20999908447266,81.0393660068512,365.1751503077232,2005-08-25 00:00:00+00:00,83.34400177001953,native,36.770174376940275,12.16427645927837,0.04638825714676425,4
GBPAUD,-1,2005-08-19 00:00:00+00:00,2005-08-22 00:00:00+00:00,2.389899969100952,2.4450956284999847,14392.905595059592,2005-08-26 00:00:00+00:00,2.3722000122070312,native,241.04571751778752,13.70809109304017,0.30342126681709386,4
NZDJPY,1,2005-08-19 00:00:00+00:00,2005-08-22 00:00:00+00:00,76.62999725341797,74.87794095277786,453.4248783541372,2005-08-26 00:00:00+00:00,76.86000061035156,native,90.37000741666665,13.919236721991297,0.11375511008865669,4
AUDCHF,1,2005-08-25 00:00:00+00:00,2005-08-26 00:00:00+00:00,0.9516000151634216,0.9404322628397495,72155.19205975298,2005-08-30 00:00:00+00:00,0.8626599907875061,stop_gap,-6443.666196478441,26.18165583514356,-7.996495068019309,1
EURUSD,-1,2005-08-25 00:00:00+00:00,2005-08-26 00:00:00+00:00,1.2302998304367065,1.2581756627187133,28907.16609421031,2005-08-30 00:00:00+00:00,1.2236007452011108,native,179.46450728090886,14.187062303728137,0.22271281652370498,2
USDCHF,1,2005-08-25 00:00:00+00:00,2005-08-26 00:00:00+00:00,1.2562999725341797,1.2240412263199687,24979.62284210951,2005-08-30 00:00:00+00:00,1.2661000490188599,native,232.2004941720724,12.601720239064768,0.2881574013646744,2
CHFJPY,-1,2005-08-25 00:00:00+00:00,2005-08-26 00:00:00+00:00,87.61000061035156,89.65006214380264,394.9936316024565,2005-09-02 00:00:00+00:00,89.65006214380264,stop,-819.8146329753871,14.003319185068541,-1.0173779133469854,5
GBPNZD,-1,2005-08-19 00:00:00+00:00,2005-08-22 00:00:00+00:00,2.5885000228881836,2.647986479103565,13354.73594377475,2005-09-05 00:00:00+00:00,2.603600025177002,max_hold,-215.52436834467767,13.867825027114149,-0.27129574234510256,10
GBPCHF,1,2005-08-25 00:00:00+00:00,2005-08-26 00:00:00+00:00,2.2641000747680664,2.225598283112049,20929.190022885112,2005-09-06 00:00:00+00:00,2.272200107574463,native,150.53890809325637,18.988217703419036,0.18681657295820533,7
NZDCHF,1,2005-08-25 00:00:00+00:00,2005-08-26 00:00:00+00:00,0.876800000667572,0.8560796007514,38889.75681214494,2005-09-06 00:00:00+00:00,0.8743000030517578,native,-110.8442699696349,13.619970659678167,-0.1375561103110521,7
EURAUD,-1,2005-08-30 00:00:00+00:00,2005-08-31 00:00:00+00:00,1.6341999769210815,1.665420850738883,23685.227636492968,2005-09-06 00:00:00+00:00,1.6318999528884888,native,39.00492871714968,15.471664064214675,0.05274689159058343,4
EURJPY,-1,2005-08-25 00:00:00+00:00,2005-08-26 00:00:00+00:00,135.33999633789062,138.33734863996506,268.84104121915396,2005-09-07 00:00:00+00:00,136.5399932861328,native,-337.22692892467194,14.618499899435047,-0.41849366365737367,8
GBPAUD,-1,2005-09-01 00:00:00+00:00,2005-09-02 00:00:00+00:00,2.4031999111175537,2.453276552259922,14548.643635041024,2005-09-07 00:00:00+00:00,2.3952999114990234,native,100.97194638654575,13.96233278041123,0.13859355371450788,3
USDCHF,1,2005-09-01 00:00:00+00:00,2005-09-02 00:00:00+00:00,1.2350000143051147,1.1983257848769426,19865.37189137233,2005-09-08 00:00:00+00:00,1.2430000305175781,native,149.07801871014493,9.84527848744802,0.20462369136334624,4
EURUSD,-1,2005-09-01 00:00:00+00:00,2005-09-02 00:00:00+00:00,1.2490007877349854,1.279677016660571,23749.568703097655,2005-09-08 00:00:00+00:00,1.2416036128997803,native,163.84955589250552,11.830156065022546,0.22489902431664002,4
USDJPY,1,2005-09-05 00:00:00+00:00,2005-09-06 00:00:00+00:00,109.33999633789062,106.59415870904922,264.7027668763197,2005-09-08 00:00:00+00:00,110.02999877929688,native,171.03198645621717,11.613568935432856,0.2353119629493332,2
GBPCAD,-1,2005-09-02 00:00:00+00:00,2005-09-05 00:00:00+00:00,2.185800075531006,2.247031895443797,11733.041646141117,2005-09-09 00:00:00+00:00,2.164599895477295,native,238.53391066843835,10.2086848074423,0.3320185499706558,4
GBPUSD,-1,2005-09-01 00:00:00+00:00,2005-09-02 00:00:00+00:00,1.8325086832046509,1.8754377737641335,16970.944339262784,2005-09-13 00:00:00+00:00,1.8212946653366089,native,177.91077440709782,12.401698650941139,0.24419937766461958,7
EURCHF,-1,2005-09-13 00:00:00+00:00,2005-09-14 00:00:00+00:00,1.5467000007629395,1.5616175965406,49698.07263492913,2005-09-29 00:00:00+00:00,1.555299997329712,max_hold,-458.2359382793506,30.83268424375172,-0.6180886453699674,10
NZDJPY,1,2005-09-22 00:00:00+00:00,2005-09-23 00:00:00+00:00,77.4260025024414,75.68459957838058,423.70580395869223,2005-09-29 00:00:00+00:00,77.94200134277344,native,205.46563848889738,13.166064995738786,0.2784681436230616,4
EURNZD,-1,2005-09-22 00:00:00+00:00,2005-09-23 00:00:00+00:00,1.7506999969482422,1.78817209135741,19690.453325039936,2005-09-29 00:00:00+00:00,1.7453999519348145,native,90.5923303848782,13.767958572631269,0.12278003394775565,4
NZDCHF,1,2005-09-26 00:00:00+00:00,2005-09-27 00:00:00+00:00,0.8824999928474426,0.862011631950736,35755.08202723618,2005-09-29 00:00:00+00:00,0.8901000022888184,native,259.06306933864363,12.675891645515094,0.3536392920291228,2
GBPNZD,-1,2005-09-26 00:00:00+00:00,2005-09-27 00:00:00+00:00,2.594899892807007,2.649514339864254,13413.356061217384,2005-09-29 00:00:00+00:00,2.5594000816345215,native,462.34431520182744,13.827292160701578,0.6311324756518455,2
EURGBP,-1,2005-09-27 00:00:00+00:00,2005-09-28 00:00:00+00:00,0.6797999739646912,0.6901043232064694,70939.25699434275,2005-10-04 00:00:00+00:00,0.6791999936103821,native,23.28087095486647,19.28128959102232,0.03184872262126785,4
GBPCHF,1,2005-09-28 00:00:00+00:00,2005-09-29 00:00:00+00:00,2.2811999320983887,2.2453626357018948,20818.738214221838,2005-10-04 00:00:00+00:00,2.2836999893188477,native,33.04094550568923,19.007091287621456,0.044285629658458454,3
GBPCAD,-1,2005-10-05 00:00:00+00:00,2005-10-06 00:00:00+00:00,2.0903000831604004,2.15009287558496,12422.153882379971,2005-10-10 00:00:00+00:00,2.0652999877929688,native,300.2307310174081,10.324300711002376,0.4042121863389287,2
GBPUSD,-1,2005-10-06 00:00:00+00:00,2005-10-07 00:00:00+00:00,1.777303695678711,1.8158151349052787,19116.82113012045,2005-10-10 00:00:00+00:00,1.7584891319274902,native,346.1560260656321,13.518623807702113,0.47018251068653316,1
AUDCAD,-1,2005-10-06 00:00:00+00:00,2005-10-07 00:00:00+00:00,0.895799994468689,0.9229176891967654,27148.926283750596,2005-10-10 00:00:00+00:00,0.8888599872589111,native,178.72342368985954,9.690320457096462,0.24275939674977193,1
CADJPY,1,2005-10-06 00:00:00+00:00,2005-10-07 00:00:00+00:00,95.97000122070312,93.17910301685333,263.7918839684858,2005-10-11 00:00:00+00:00,97.16999816894531,native,306.3597028715067,10.189752861733513,0.41612730509563345,2
NZDUSD,-1,2005-10-04 00:00:00+00:00,2005-10-05 00:00:00+00:00,0.6963788270950317,0.7088869456201792,59763.68622584924,2005-10-12 00:00:00+00:00,0.6931928396224976,native,173.79717061241183,16.609185015607355,0.2324948499124008,5
NZDCAD,-1,2005-10-04 00:00:00+00:00,2005-10-05 00:00:00+00:00,0.8167200088500977,0.8436283096671104,27780.69399090472,2005-10-12 00:00:00+00:00,0.813289999961853,native,86.23146545902401,9.056561851383343,0.11535499426703782,5
CADCHF,1,2005-10-05 00:00:00+00:00,2005-10-06 00:00:00+00:00,1.089900016784668,1.0568019598722458,22441.053579683583,2005-10-12 00:00:00+00:00,1.0966999530792236,native,142.78381330834867,9.813921416210022,0.1922353423168749,4
USDCAD,-1,2005-10-05 00:00:00+00:00,2005-10-06 00:00:00+00:00,1.1820000410079956,1.2117361081764102,24978.261730052564,2005-10-13 00:00:00+00:00,1.170799970626831,native,268.0045184779206,11.753770897817084,0.36082479630105163,5
EURCHF,1,2005-10-04 00:00:00+00:00,2005-10-05 00:00:00+00:00,1.5514999628067017,1.5382722383365035,56512.46157242081,2005-10-14 00:00:00+00:00,1.5500999689102173,native,-114.17291066753201,35.05580939083508,-0.15273329039922873,7
GBPCAD,-1,2005-10-14 00:00:00+00:00,2005-10-17 00:00:00+00:00,2.0917999744415283,2.158063640818,11488.959120751784,2005-10-19 00:00:00+00:00,2.055500030517578,native,407.51893978415217,9.52963204369377,0.5352931080124025,2
NZDCAD,-1,2005-10-14 00:00:00+00:00,2005-10-17 00:00:00+00:00,0.8245700001716614,0.851662764325738,28099.774163348517,2005-10-19 00:00:00+00:00,0.8169000148773193,native,206.29986726345862,9.22498734375693,0.2709834718074553,2
AUDNZD,1,2005-10-05 00:00:00+00:00,2005-10-06 00:00:00+00:00,1.089400053024292,1.0700238421559334,38333.36009818119,2005-10-20 00:00:00+00:00,1.0744999647140503,max_hold,-587.7603624104801,16.589911719284906,-0.7913243935029615,10
USDCAD,-1,2005-10-21 00:00:00+00:00,2005-10-24 00:00:00+00:00,1.1864999532699585,1.216391840018332,25606.570695896826,2005-10-26 00:00:00+00:00,1.176200032234192,native,251.64552732211106,12.100128842401288,0.3287641600341773,2
NZDCAD,-1,2005-10-21 00:00:00+00:00,2005-10-24 00:00:00+00:00,0.8297100067138672,0.8560826256871223,29023.613924434267,2005-10-27 00:00:00+00:00,0.8197799921035767,native,278.63007813348526,9.574832179578605,0.3640183259866095,3
AUDCAD,-1,2005-10-24 00:00:00+00:00,2005-10-25 00:00:00+00:00,0.8910499811172485,0.9168882258236408,29562.72379402082,2005-10-27 00:00:00+00:00,0.8815600275993347,native,270.0682386517414,10.48063601644104,0.3535623886211755,2
CADCHF,1,2005-10-24 00:00:00+00:00,2005-10-25 00:00:00+00:00,1.0846999883651733,1.049219629727304,21528.78158232918,2005-10-27 00:00:00+00:00,1.0958000421524048,native,229.58193175795657,9.38870177945501,0.30055935707893155,2
EURCAD,-1,2005-10-25 00:00:00+00:00,2005-10-26 00:00:00+00:00,1.4242000579833984,1.4663029219955206,18187.069178851525,2005-10-27 00:00:00+00:00,1.4107999801635742,native,233.39607394797184,10.312068363165142,0.30480296562485526,1
NZDUSD,-1,2005-10-20 00:00:00+00:00,2005-10-21 00:00:00+00:00,0.7030865550041199,0.7168514421209693,55552.43484207974,2005-11-01 00:00:00+00:00,0.7009181976318359,native,104.85835513039073,15.599176507755844,0.13712836187709893,7
USDCHF,1,2005-10-25 00:00:00+00:00,2005-10-26 00:00:00+00:00,1.2747999429702759,1.2370182126760483,20267.14219949937,2005-11-01 00:00:00+00:00,1.2896000146865845,native,289.56054631757064,10.39461171964435,0.3781508049926464,4
EURGBP,-1,2005-10-27 00:00:00+00:00,2005-10-28 00:00:00+00:00,0.6802999973297119,0.6911122382152826,71641.86753585617,2005-11-01 00:00:00+00:00,0.6776999831199646,native,166.81194266344667,19.4579309426142,0.21534982787561996,2
GBPAUD,-1,2005-10-20 00:00:00+00:00,2005-10-21 00:00:00+00:00,2.3605000972747803,2.414894111454487,14058.035726891547,2005-11-04 00:00:00+00:00,2.395699977874756,max_hold,-508.21374517291275,13.37256611613929,-0.6646157883396815,10
EURAUD,-1,2005-10-28 00:00:00+00:00,2005-10-31 00:00:00+00:00,1.6096999645233154,1.6427463414147496,23517.2569405678,2005-11-07 00:00:00+00:00,1.610200047492981,native,-26.9052228703313,15.14464318110492,-0.034619921446376,5
AUDCHF,1,2005-11-02 00:00:00+00:00,2005-11-03 00:00:00+00:00,0.9483000040054321,0.9332419009879231,51422.644637872996,2005-11-07 00:00:00+00:00,0.9595000147819519,native,556.3133496200782,19.620824481246217,0.7184471218043215,2
GBPNZD,-1,2005-11-02 00:00:00+00:00,2005-11-03 00:00:00+00:00,2.5636000633239746,2.6269780583679676,12217.60770204798,2005-11-09 00:00:00+00:00,2.5527000427246094,native,120.67038611095671,12.501789516329616,0.15583895595466052,4
EURNZD,-1,2005-11-02 00:00:00+00:00,2005-11-03 00:00:00+00:00,1.7425999641418457,1.7870740909129381,17410.74050481751,2005-11-09 00:00:00+00:00,1.7233999967575073,native,322.2165246478901,12.069125181785253,0.41612435669423103,4
NZDJPY,1,2005-11-02 00:00:00+00:00,2005-11-03 00:00:00+00:00,80.81500244140625,79.01858276128769,431.0392994240317,2005-11-10 00:00:00+00:00,80.91899871826172,native,30.88374020790713,13.942742110581763,0.039884597912446834,5
NZDCHF,1,2005-11-02 00:00:00+00:00,2005-11-03 00:00:00+00:00,0.8848000168800354,0.8609691485762596,32492.625552681282,2005-11-10 00:00:00+00:00,0.8995000123977661,native,466.0461314387249,11.59531854499237,0.6018721319358142,5
AUDNZD,-1,2005-11-04 00:00:00+00:00,2005-11-07 00:00:00+00:00,1.073099970817566,1.091243396513164,43441.81736102969,2005-11-10 00:00:00+00:00,1.0700000524520874,native,116.04605550775959,18.62003195945975,0.1472323036256975,3
AUDJPY,1,2005-11-07 00:00:00+00:00,2005-11-08 00:00:00+00:00,86.22000122070312,84.4776366353035,448.1525084470437,2005-11-10 00:00:00+00:00,86.6500015258789,native,177.21129032429508,15.494425073225617,0.2269480841954614,2
EURJPY,1,2005-11-07 00:00:00+00:00,2005-11-08 00:00:00+00:00,138.64999389648438,135.9782721400261,292.26286670332354,2005-11-15 00:00:00+00:00,138.88999938964844,native,53.92176664414855,16.22292681252527,0.0690556544897892,5
CHFJPY,1,2005-11-08 00:00:00+00:00,2005-11-09 00:00:00+00:00,89.45999908447266,87.60500836372375,422.8698570779894,2005-11-15 00:00:00+00:00,90.13999938964844,native,272.36214672548005,15.189485137191742,0.3472148395550611,4
GBPJPY,1,2005-11-08 00:00:00+00:00,2005-11-09 00:00:00+00:00,204.50999450683594,200.6262570619583,201.97546103397866,2005-11-15 00:00:00+00:00,206.42999267578125,native,371.19255668342305,16.59995867370128,0.4732065948311544,4
USDCAD,-1,2005-11-07 00:00:00+00:00,2005-11-08 00:00:00+00:00,1.1871999502182007,1.2168343309313059,26349.295675708978,2005-11-18 00:00:00+00:00,1.187999963760376,native,-33.59676233181608,12.51696896446801,-0.04302615726358479,8
EURGBP,-1,2005-11-16 00:00:00+00:00,2005-11-17 00:00:00+00:00,0.6793000102043152,0.6907058001961559,70218.53134920693,2005-11-25 00:00:00+00:00,0.6837499737739563,native,-331.6121800237761,19.14227360610285,-0.41405054536468944,6
EURCHF,-1,2005-11-16 00:00:00+00:00,2005-11-17 00:00:00+00:00,1.5468000173568726,1.5597500940784812,61845.02527063422,2005-11-28 00:00:00+00:00,1.544700026512146,native,91.6352071927655,38.23877966744926,0.11441560291920072,7
NZDUSD,-1,2005-11-22 00:00:00+00:00,2005-11-23 00:00:00+00:00,0.6920893788337708,0.7063045864924788,55989.929046435456,2005-12-01 00:00:00+00:00,0.7063045864924788,stop,-811.5676639709282,15.659195779516047,-1.0196746188856356,6
NZDCAD,-1,2005-11-28 00:00:00+00:00,2005-11-29 00:00:00+00:00,0.8217899799346924,0.8447125139646232,34612.66789578056,2005-12-08 00:00:00+00:00,0.8147900104522705,native,230.9583390372386,11.32927993842874,0.291095804487922,7
AUDCAD,-1,2005-12-05 00:00:00+00:00,2005-12-06 00:00:00+00:00,0.8687800168991089,0.8957351809367537,29246.338260089036,2005-12-08 00:00:00+00:00,0.8657000064849854,native,79.93358852220214,10.145437893851673,0.10139483497966184,2
GBPUSD,-1,2005-12-05 00:00:00+00:00,2005-12-06 00:00:00+00:00,1.741887092590332,1.7810350814834237,20137.428961012727,2005-12-08 00:00:00+00:00,1.7349063158035278,native,126.57216058222652,14.002736054729734,0.1605553256462325,2
USDCHF,1,2005-12-06 00:00:00+00:00,2005-12-07 00:00:00+00:00,1.304900050163269,1.2707818569615483,23104.497464155153,2005-12-08 00:00:00+00:00,1.3135000467300415,native,186.59923518897432,12.09936367976302,0.23671583367979984,1
EURNZD,-1,2005-12-08 00:00:00+00:00,2005-12-09 00:00:00+00:00,1.6866999864578247,1.732592317275703,17312.814796940864,2005-12-15 00:00:00+00:00,1.732592317275703,stop,-806.3649389280965,11.839514878228767,-1.0149013669290534,4
EURCHF,-1,2005-12-13 00:00:00+00:00,2005-12-14 00:00:00+00:00,1.5443999767303467,1.5577329848892987,59587.27545364989,2005-12-15 00:00:00+00:00,1.5379999876022339,native,344.6235519306204,36.73436314660122,0.4337737640521232,1
AUDNZD,-1,2005-12-07 00:00:00+00:00,2005-12-08 00:00:00+00:00,1.062000036239624,1.0818621194921434,40180.21626160046,2005-12-16 00:00:00+00:00,1.0818621194921434,stop,-815.2909695026135,17.228169010472676,-1.021587485345575,6
GBPNZD,-1,2005-12-08 00:00:00+00:00,2005-12-09 00:00:00+00:00,2.5,2.5669487304985523,11867.669754649763,2005-12-16 00:00:00+00:00,2.5669487304985523,stop,-806.5519988893273,12.026574839459737,-1.0151368030215542,5
AUDJPY,1,2005-12-14 00:00:00+00:00,2005-12-15 00:00:00+00:00,88.66999816894531,86.56594145298004,379.10231946227395,2005-12-16 00:00:00+00:00,86.56594145298004,stop,-810.9392515353737,13.286470232764579,-1.0166569597000177,1
EURAUD,-1,2005-12-13 00:00:00+00:00,2005-12-14 00:00:00+00:00,1.5856000185012817,1.6205347012728453,22741.80175009148,2005-12-19 00:00:00+00:00,1.6205347012728453,stop,-809.0602858294717,14.58265603623766,-1.018355024093042,3
GBPUSD,-1,2005-12-12 00:00:00+00:00,2005-12-13 00:00:00+00:00,1.7743079662322998,1.817071539349854,18720.62597443855,2005-12-20 00:00:00+00:00,1.7632019519805908,native,194.66665886108188,13.244880011946048,0.24316284889201367,5
GBPAUD,-1,2005-12-12 00:00:00+00:00,2005-12-13 00:00:00+00:00,2.3457000255584717,2.394929625093937,16261.778791996046,2005-12-20 00:00:00+00:00,2.394929625093937,stop,-815.9790718070244,15.418214142737392,-1.0192592655450599,5
EURUSD,-1,2005-12-14 00:00:00+00:00,2005-12-15 00:00:00+00:00,1.198006510734558,1.22853391058743,26129.076997940563,2005-12-21 00:00:00+00:00,1.1878036260604858,native,254.12415589658494,12.467803353356963,0.3185899452159958,4
NZDCHF,1,2005-12-08 00:00:00+00:00,2005-12-09 00:00:00+00:00,0.9101200103759766,0.885639033280313,32454.808521127467,2005-12-22 00:00:00+00:00,0.885639033280313,stop,-806.1816272322573,11.656203182389572,-1.014670648451972,9
CADJPY,1,2005-12-15 00:00:00+00:00,2005-12-16 00:00:00+00:00,100.44000244140625,97.32911813259125,245.19601114702397,2005-12-22 00:00:00+00:00,100.69000244140625,native,51.435747802906576,9.863254983849416,0.06743227269140863,4
GBPCAD,-1,2005-12-16 00:00:00+00:00,2005-12-19 00:00:00+00:00,2.0557000637054443,2.10632604919374,14687.45347274259,2005-12-22 00:00:00+00:00,2.033900022506714,native,308.17392861255234,12.013162197673033,0.4144535850336975,3
CHFJPY,1,2005-12-15 00:00:00+00:00,2005-12-16 00:00:00+00:00,90.1500015258789,87.92132186889648,342.2548508806717,2005-12-28 00:00:00+00:00,89.20999908447266,native,-333.99776146353406,12.277366052570613,-0.43787111282275115,8
EURJPY,1,2005-12-22 00:00:00+00:00,2005-12-23 00:00:00+00:00,138.4600067138672,135.08127737045288,220.11035421265152,2005-12-28 00:00:00+00:00,139.11000061035156,native,130.85118026504892,12.219206526188414,0.1759477704771675,3
AUDJPY,1,2005-12-16 00:00:00+00:00,2005-12-19 00:00:00+00:00,85.98999786376953,83.54195946455002,303.7398459959401,2005-12-29 00:00:00+00:00,85.87000274658203,native,-46.8874444384461,10.44014602365007,-0.06305747383651575,8
USDCAD,-1,2005-12-19 00:00:00+00:00,2005-12-20 00:00:00+00:00,1.169600009918213,1.1936773033812642,30885.058907568025,2005-12-29 00:00:00+00:00,1.1648999452590942,native,130.74154013918502,14.42023372707321,0.17581563619595977,7
NZDJPY,1,2005-12-22 00:00:00+00:00,2005-12-23 00:00:00+00:00,78.2699966430664,75.29882377386093,250.30294274546017,2005-12-29 00:00:00+00:00,80.25,native,487.66506255761624,7.935604328751998,0.6557340967259093,4
GBPJPY,1,2005-12-16 00:00:00+00:00,2005-12-19 00:00:00+00:00,204.8300018310547,199.27992916107178,133.9742469306032,2005-12-30 00:00:00+00:00,203.19000244140625,native,-230.65051775580315,10.93283456100489,-0.3101947475055729,9
NZDCAD,-1,2005-12-29 00:00:00+00:00,2005-12-30 00:00:00+00:00,0.7961199879646301,0.8213729606941342,29861.174079049357,2006-01-04 00:00:00+00:00,0.7921000123023987,native,110.55597026267459,9.485222780760314,0.14660973588477566,3
EURCHF,1,2006-01-03 00:00:00+00:00,2006-01-04 00:00:00+00:00,1.5501999855041504,1.5314976405352354,40373.0374771802,2006-01-12 00:00:00+00:00,1.5463999509811401,native,-178.42276526958247,25.003829057510895,-0.23629948638273354,6
NZDUSD,-1,2005-12-29 00:00:00+00:00,2005-12-30 00:00:00+00:00,0.6854009628295898,0.7010482787154615,48192.509193866856,2006-01-13 00:00:00+00:00,0.6948787569999695,max_hold,-470.0625113111972,13.303828617598803,-0.6233561197005388,10
GBPUSD,-1,2006-01-03 00:00:00+00:00,2006-01-04 00:00:00+00:00,1.74770188331604,1.7903383113443851,17709.515296149555,2006-01-13 00:00:00+00:00,1.7605013847351074,native,-239.0986820515725,12.42571588751073,-0.31665743818178027,7
USDCHF,1,2006-01-03 00:00:00+00:00,2006-01-04 00:00:00+00:00,1.288599967956543,1.2545082364231348,22148.199589135762,2006-01-13 00:00:00+00:00,1.2848000526428223,native,-95.56051824588373,11.399235455784165,-0.12655840943756383,7
EURUSD,-1,2006-01-03 00:00:00+00:00,2006-01-04 00:00:00+00:00,1.2030943632125854,1.2324565052986145,25715.78300141907,2006-01-13 00:00:00+00:00,1.2040069103240967,native,-35.84696230073634,12.380098802541763,-0.04747498878434478,7
CADCHF,1,2006-01-04 00:00:00+00:00,2006-01-05 00:00:00+00:00,1.1109000444412231,1.0822688434273005,26069.25323524653,2006-01-13 00:00:00+00:00,1.1062999963760376,native,-131.4799677730807,11.560149867452823,-0.17615356306207577,6
GBPCAD,-1,2006-01-05 00:00:00+00:00,2006-01-06 00:00:00+00:00,2.0390000343322754,2.0962770376354456,12985.36365469539,2006-01-13 00:00:00+00:00,2.0436999797821045,native,-71.63356969852283,10.603068875261044,-0.0963123965032341,5
EURCAD,-1,2006-01-05 00:00:00+00:00,2006-01-06 00:00:00+00:00,1.405900001525879,1.4439213760197163,19561.699881823206,2006-01-13 00:00:00+00:00,1.3976000547409058,native,151.392822698875,10.968245343873063,0.20354989467764223,5
GBPJPY,1,2006-01-12 00:00:00+00:00,2006-01-13 00:00:00+00:00,201.8000030517578,196.92545187473297,151.88349560324414,2006-01-16 00:00:00+00:00,202.42999267578125,native,83.40585333469657,12.279172955756616,0.11265521787240661,1
USDJPY,1,2006-01-03 00:00:00+00:00,2006-01-04 00:00:00+00:00,116.01000213623047,113.0423486828804,254.43350654328862,2006-01-17 00:00:00+00:00,115.12000274658203,native,-238.20710905157887,11.76144352194028,-0.31547665700930544,9
AUDCAD,-1,2006-01-05 00:00:00+00:00,2006-01-06 00:00:00+00:00,0.8679900169372559,0.8926335163414478,30180.888872314,2006-01-20 00:00:00+00:00,0.8689000010490417,native,-37.94830627663645,10.484176923255184,-0.051022060412786396,10
USDCAD,-1,2006-01-18 00:00:00+00:00,2006-01-19 00:00:00+00:00,1.172700047492981,1.2005337020382285,26589.95523789274,2006-01-23 00:00:00+00:00,1.1538000106811523,native,490.1788263394868,12.372306481561012,0.6623182295456569,2
NZDJPY,1,2006-01-19 00:00:00+00:00,2006-01-20 00:00:00+00:00,78.66000366210938,76.17716091871262,300.0871644436655,2006-01-26 00:00:00+00:00,79.48699951171875,native,238.67926236641787,9.49157714953949,0.32034507666259776,4
GBPUSD,-1,2006-01-23 00:00:00+00:00,2006-01-24 00:00:00+00:00,1.78670334815979,1.827925307676196,18103.80157704905,2006-01-30 00:00:00+00:00,1.7697862386703491,native,293.3867970958891,12.877196358162799,0.39313540069886993,4
EURGBP,1,2006-01-27 00:00:00+00:00,2006-01-30 00:00:00+00:00,0.6839500069618225,0.6734891347587109,71962.110494874,2006-02-06 00:00:00+00:00,0.6823499798774719,native,-134.8056919632428,19.66436612441484,-0.17907561103377448,5
EURAUD,1,2006-01-27 00:00:00+00:00,2006-01-30 00:00:00+00:00,1.613800048828125,1.5791302397847176,21713.025312904654,2006-02-07 00:00:00+00:00,1.611899971961975,native,-55.26435833182788,14.007941240650503,-0.07341306285019479,6
GBPCHF,-1,2006-01-27 00:00:00+00:00,2006-01-30 00:00:00+00:00,2.268899917602539,2.3051894260570407,20743.913968878656,2006-02-07 00:00:00+00:00,2.2736001014709473,native,-116.34605572402907,18.845845919858014,-0.15455386724939663,6
NZDCHF,-1,2006-01-30 00:00:00+00:00,2006-01-31 00:00:00+00:00,0.8772000074386597,0.9038191409781575,28200.098735713196,2006-02-08 00:00:00+00:00,0.8786799907684326,native,-51.638873890307536,9.903197863500782,-0.06879109444705506,6
EURNZD,1,2006-01-31 00:00:00+00:00,2006-02-01 00:00:00+00:00,1.764299988746643,1.7139019407331944,14828.747890116218,2006-02-08 00:00:00+00:00,1.7661999464035034,native,17.703414402595456,10.470578692882636,0.023688569634914065,5
GBPNZD,1,2006-01-31 00:00:00+00:00,2006-02-01 00:00:00+00:00,2.582900047302246,2.5101404786109924,10271.36308787988,2006-02-09 00:00:00+00:00,2.575900077819824,native,-82.49680999461945,10.597581836585789,-0.11038726111101552,6
AUDNZD,1,2006-02-02 00:00:00+00:00,2006-02-03 00:00:00+00:00,1.090399980545044,1.0669037066400051,31353.644103642164,2006-02-09 00:00:00+00:00,1.0937999486923218,native,92.90486580696702,13.696525446501752,0.1261105558015694,4
NZDJPY,1,2006-02-07 00:00:00+00:00,2006-02-08 00:00:00+00:00,79.86000061035156,77.2150326371193,283.01524557375615,2006-02-10 00:00:00+00:00,80.86000061035156,native,273.9180034509378,9.097242122818336,0.365923523290566,2
EURJPY,1,2006-02-07 00:00:00+00:00,2006-02-08 00:00:00+00:00,141.1699981689453,138.28043240308762,259.05839186077753,2006-02-10 00:00:00+00:00,142.4499969482422,native,316.8995973814827,14.694827966924036,0.4233420795357251,2
USDCAD,-1,2006-02-07 00:00:00+00:00,2006-02-08 00:00:00+00:00,1.152899980545044,1.177341414615512,30626.93695962493,2006-02-10 00:00:00+00:00,1.146399974822998,native,184.99116252943597,14.084102956865088,0.24712730495099983,2
GBPJPY,1,2006-02-07 00:00:00+00:00,2006-02-08 00:00:00+00:00,205.61000061035156,200.52750670909882,147.28325798768637,2006-02-20 00:00:00+00:00,205.75,native,8.5022780045676,12.117288219141848,0.011358083383462276,8
AUDJPY,1,2006-02-07 00:00:00+00:00,2006-02-08 00:00:00+00:00,87.19000244140625,84.95445793867111,334.8473982795677,2006-02-20 00:00:00+00:00,87.25,native,8.407870203565839,11.682156194677265,0.011231965221335459,8
CADJPY,1,2006-02-07 00:00:00+00:00,2006-02-08 00:00:00+00:00,102.06999969482422,98.86435866355896,233.51531041003474,2006-02-20 00:00:00+00:00,102.61000061035156,native,116.53929864987279,9.559182761197826,0.15568334401725847,8
EURAUD,1,2006-02-14 00:00:00+00:00,2006-02-15 00:00:00+00:00,1.607800006866455,1.5736562013626099,22083.757427277007,2006-02-20 00:00:00+00:00,1.6160000562667847,native,166.849178130912,14.238723717654953,0.22127848012876242,3
AUDCAD,-1,2006-02-15 00:00:00+00:00,2006-02-16 00:00:00+00:00,0.8553000092506409,0.8782571130432189,32917.58981466436,2006-02-20 00:00:00+00:00,0.8499000072479248,native,166.52883598476174,11.226214939011737,0.2203658634436244,2
GBPUSD,-1,2006-02-23 00:00:00+00:00,2006-02-24 00:00:00+00:00,1.7522954940795898,1.7863408429548144,22377.48514705635,2006-02-27 00:00:00+00:00,1.7406138181686401,native,245.7740239390331,15.632505250969917,0.32260189457164457,1
GBPCAD,-1,2006-02-23 00:00:00+00:00,2006-02-24 00:00:00+00:00,2.0195999145507812,2.069406261667609,15296.228952399633,2006-02-28 00:00:00+00:00,1.982300043106079,native,558.3045779138538,12.242795599383548,0.7328281146086855,2
AUDJPY,1,2006-02-23 00:00:00+00:00,2006-02-24 00:00:00+00:00,86.44000244140625,84.20861446857452,341.4239469144717,2006-03-02 00:00:00+00:00,86.43000030517578,native,-15.219360557553598,11.804391728170721,-0.019976865216861484,4
EURJPY,1,2006-02-23 00:00:00+00:00,2006-02-24 00:00:00+00:00,139.5500030517578,136.5734326839447,255.94869082212273,2006-03-03 00:00:00+00:00,139.42999267578125,native,-44.9974115506769,14.280912934405004,-0.05906340297650529,5
GBPJPY,1,2006-02-24 00:00:00+00:00,2006-02-27 00:00:00+00:00,203.6999969482422,198.75540971755981,154.58181453657258,2006-03-06 00:00:00+00:00,204.25999450683594,native,73.95279959598237,12.612639147490125,0.09675338667990542,5
USDJPY,1,2006-02-27 00:00:00+00:00,2006-02-28 00:00:00+00:00,116.20999908447266,113.24810844659805,256.6657664588035,2006-03-07 00:00:00+00:00,117.55999755859375,native,334.4982420058128,12.000151072692912,0.4400042520569443,5
NZDUSD,-1,2006-03-02 00:00:00+00:00,2006-03-03 00:00:00+00:00,0.6665777564048767,0.6799892093986273,57215.57761116608,2006-03-07 00:00:00+00:00,0.6510840654373169,native,871.4023215912649,15.078156446576505,1.1356083945779982,2
EURUSD,-1,2006-03-02 00:00:00+00:00,2006-03-03 00:00:00+00:00,1.2037025690078735,1.227016519755125,32913.51337065444,2006-03-08 00:00:00+00:00,1.189202070236206,native,461.51058043474364,15.75177976769221,0.6014389408226624,3
USDCHF,1,2006-03-03 00:00:00+00:00,2006-03-06 00:00:00+00:00,1.2909499406814575,1.2610304076224566,25649.26914567326,2006-03-08 00:00:00+00:00,1.313099980354309,native,554.7739336976271,13.358395458683118,0.722913343800915,2
USDCAD,-1,2006-03-07 00:00:00+00:00,2006-03-08 00:00:00+00:00,1.1495000123977661,1.1727404328994453,34113.447864072274,2006-03-16 00:00:00+00:00,1.1543999910354614,native,-182.873960322318,15.718794530231069,-0.23066530306517602,6
GBPCHF,1,2006-03-02 00:00:00+00:00,2006-03-03 00:00:00+00:00,2.2762999534606934,2.220130305737257,13661.18643685695,2006-03-17 00:00:00+00:00,2.2643001079559326,max_hold,-176.33812344885962,12.405996794843329,-0.22980321294873135,10
EURCAD,-1,2006-03-09 00:00:00+00:00,2006-03-10 00:00:00+00:00,1.3812999725341797,1.4151155538856983,23294.226187921973,2006-03-20 00:00:00+00:00,1.4151155538856983,stop,-800.7358678359195,13.028067157568307,-1.0165392130766624,6
EURUSD,-1,2006-03-14 00:00:00+00:00,2006-03-15 00:00:00+00:00,1.2017064094543457,1.2244175937958062,34571.49150833091,2006-03-22 00:00:00+00:00,1.2105951309204102,native,-323.97573112768583,16.679372443719892,-0.41262409010664486,5
USDCHF,1,2006-03-15 00:00:00+00:00,2006-03-16 00:00:00+00:00,1.295300006866455,1.2654300164431334,26152.183574720366,2006-03-22 00:00:00+00:00,1.2997000217437744,native,101.49701337823213,13.572983424923866,0.12993023488106287,4
USDJPY,1,2006-03-16 00:00:00+00:00,2006-03-17 00:00:00+00:00,116.87999725341797,113.96291041374207,264.40465161174217,2006-03-22 00:00:00+00:00,117.25,native,85.44943523428006,12.381012071129627,0.11078749618823604,3
GBPUSD,-1,2006-03-16 00:00:00+00:00,2006-03-17 00:00:00+00:00,1.756604790687561,1.7913510873913765,22197.799556607435,2006-03-22 00:00:00+00:00,1.7488020658493042,native,157.64085820183487,15.562463753152539,0.20438562208471667,3
GBPJPY,1,2006-03-17 00:00:00+00:00,2006-03-20 00:00:00+00:00,203.74000549316406,199.3238273859024,173.07964124012034,2006-03-22 00:00:00+00:00,204.98500061035156,native,201.3349127440616,14.148395484452497,0.26340652204539233,2
GBPCAD,-1,2006-03-08 00:00:00+00:00,2006-03-09 00:00:00+00:00,2.008500099182129,2.0579265113919973,15963.47346643329,2006-03-23 00:00:00+00:00,2.035599946975708,max_hold,-445.5192779536692,12.911576756488454,-0.5646508932169357,10
CADCHF,1,2006-03-14 00:00:00+00:00,2006-03-15 00:00:00+00:00,1.1253000497817993,1.0969101218506694,27656.270157135572,2006-03-23 00:00:00+00:00,1.1195000410079956,native,-172.82316911400105,12.416559551929007,-0.22011217524471388,6
CADJPY,1,2006-03-17 00:00:00+00:00,2006-03-20 00:00:00+00:00,100.1500015258789,97.28353297710419,266.6523317634325,2006-03-24 00:00:00+00:00,101.05999755859375,native,231.92194093288737,10.730623085998552,0.30342353948719525,4
CHFJPY,1,2006-03-22 00:00:00+00:00,2006-03-23 00:00:00+00:00,89.5199966430664,87.46623545885086,377.2031988369594,2006-03-29 00:00:00+00:00,89.93000030517578,native,141.1168703064922,13.537822576031914,0.18216025582478956,4
GBPCHF,-1,2006-03-21 00:00:00+00:00,2006-03-22 00:00:00+00:00,2.2727999687194824,2.313181670382619,19277.204821003426,2006-03-30 00:00:00+00:00,2.271699905395508,native,3.6850950358646024,17.52105097646779,0.004733910193936178,6
EURGBP,1,2006-03-23 00:00:00+00:00,2006-03-24 00:00:00+00:00,0.6902999877929688,0.6809426650870591,82934.1711460451,2006-03-30 00:00:00+00:00,0.6931999921798706,native,217.5615753236766,22.947884823923488,0.2803477525949321,4
USDCAD,-1,2006-03-21 00:00:00+00:00,2006-03-22 00:00:00+00:00,1.1628999710083008,1.1864392943680286,33070.038678883095,2006-03-31 00:00:00+00:00,1.1581000089645386,native,143.3838186221092,15.351111822277737,0.18419229735317955,7
GBPNZD,1,2006-03-31 00:00:00+00:00,2006-04-03 00:00:00+00:00,2.8220999240875244,2.719102840870619,7630.165930668049,2006-04-04 00:00:00+00:00,2.8689000606536865,native,348.40815273874114,8.684654839000956,0.44333232692670144,1
NZDCAD,-1,2006-03-31 00:00:00+00:00,2006-04-03 00:00:00+00:00,0.7188599705696106,0.747586521320045,27357.438146587472,2006-04-05 00:00:00+00:00,0.708079993724823,native,287.1050653905062,7.807484362415741,0.36532714780489317,2
CADCHF,1,2006-04-04 00:00:00+00:00,2006-04-05 00:00:00+00:00,1.1086000204086304,1.0794835966080427,27026.403077502266,2006-04-07 00:00:00+00:00,1.118899941444397,native,266.3295552142406,12.040262364832166,0.3384488806347538,2
USDCHF,1,2006-03-30 00:00:00+00:00,2006-03-31 00:00:00+00:00,1.2965999841690063,1.2671643970534205,26639.153943056546,2006-04-10 00:00:00+00:00,1.2998000383377075,native,71.413555646688,13.833179979462367,0.09107255627934767,6
AUDCAD,-1,2006-03-31 00:00:00+00:00,2006-04-03 00:00:00+00:00,0.8354899883270264,0.8583554597571492,34369.93799675149,2006-04-10 00:00:00+00:00,0.8343999981880188,native,25.984090435177006,11.478803059583658,0.03306348369046058,5
AUDJPY,-1,2006-03-31 00:00:00+00:00,2006-04-03 00:00:00+00:00,84.17900085449219,86.64738184213638,318.3806872819328,2006-04-11 00:00:00+00:00,86.64738184213638,stop,-796.762399545583,10.877564225767816,-1.0138411682436157,6
GBPAUD,1,2006-03-31 00:00:00+00:00,2006-04-03 00:00:00+00:00,2.4284000396728516,2.3680549524724483,13023.17838583824,2006-04-14 00:00:00+00:00,2.4056999683380127,native,-308.21814771272125,12.59106934786151,-0.3921925120075541,9
EURAUD,1,2006-04-06 00:00:00+00:00,2006-04-07 00:00:00+00:00,1.6730999946594238,1.6287873648107052,17599.994884445136,2006-04-17 00:00:00+00:00,1.6651999950408936,native,-150.7907654215451,11.750812548293768,-0.19334577175220583,6
AUDCHF,-1,2006-04-06 00:00:00+00:00,2006-04-11 00:00:00+00:00,0.9524000287055969,0.9671167046763003,52994.44386805267,2006-04-19 00:00:00+00:00,0.9427000284194946,native,493.96016596161115,20.085954720331817,0.6333617926515911,6
EURGBP,1,2006-04-12 00:00:00+00:00,2006-04-13 00:00:00+00:00,0.6915500164031982,0.6809794285800308,73297.61316284546,2006-04-19 00:00:00+00:00,0.6930000185966492,native,85.98485728683892,20.296842574004593,0.11097700582742473,4
GBPUSD,-1,2006-04-14 00:00:00+00:00,2006-04-17 00:00:00+00:00,1.7550016641616821,1.7857925100252032,25681.84533001027,2006-04-19 00:00:00+00:00,1.7857925100252032,stop,-808.9525667125092,18.18682566537381,-1.022999005547826,2
EURCHF,1,2006-04-07 00:00:00+00:00,2006-04-10 00:00:00+00:00,1.5742000341415405,1.558953085448593,51339.356040964514,2006-04-21 00:00:00+00:00,1.5736000537872314,native,-63.12381091944893,32.32120589199093,-0.08064173341539164,9
GBPNZD,1,2006-04-12 00:00:00+00:00,2006-04-13 00:00:00+00:00,2.804800033569336,2.6985359862446785,7291.26055964394,2006-04-21 00:00:00+00:00,2.8399999141693115,native,248.41995967757248,8.231541445205394,0.32062509821722235,6
EURNZD,1,2006-04-12 00:00:00+00:00,2006-04-13 00:00:00+00:00,1.9392000436782837,1.865426778793335,10502.43415924089,2006-04-21 00:00:00+00:00,1.9665000438690186,native,278.51258294741524,8.203871603041385,0.35946436984430924,6
AUDCAD,-1,2006-04-19 00:00:00+00:00,2006-04-20 00:00:00+00:00,0.8471199870109558,0.8696452300064266,34138.70354172149,2006-04-21 00:00:00+00:00,0.8402000069618225,native,224.71856400113785,11.520583410851195,0.29222841465738314,1
USDJPY,1,2006-04-17 00:00:00+00:00,2006-04-18 00:00:00+00:00,117.81999969482422,115.25605142116547,304.51615120174466,2006-04-24 00:00:00+00:00,115.25605142116547,stop,-794.9587445795494,14.195084404628457,-1.0181810259988897,4
NZDCHF,-1,2006-04-11 00:00:00+00:00,2006-04-12 00:00:00+00:00,0.7940999865531921,0.8225283762440085,27445.23599555023,2006-04-25 00:00:00+00:00,0.796999990940094,native,-88.32492766161596,8.73362287496358,-0.11320459644044271,9
NZDJPY,-1,2006-04-12 00:00:00+00:00,2006-04-13 00:00:00+00:00,73.86000061035156,76.7473708987236,268.3406628816077,2006-04-25 00:00:00+00:00,72.01899719238281,native,486.1870241508619,7.829053394178068,0.6275009567372635,8
NZDUSD,-1,2006-04-12 00:00:00+00:00,2006-04-13 00:00:00+00:00,0.6230141520500183,0.6429397184401751,38884.65913567022,2006-04-27 00:00:00+00:00,0.6305170655250549,max_hold,-301.4968598234916,9.748626822265678,-0.3891292004819463,10
GBPJPY,1,2006-04-24 00:00:00+00:00,2006-04-25 00:00:00+00:00,204.7899932861328,200.2866598367691,173.10779595246552,2006-05-01 00:00:00+00:00,207.3699951171875,native,432.3488090927438,14.269621434458506,0.5546046859414583,4
EURJPY,1,2006-04-24 00:00:00+00:00,2006-04-25 00:00:00+00:00,141.94000244140625,138.9220348596573,258.30699195469697,2006-05-01 00:00:00+00:00,143.5399932861328,native,398.54052646444893,14.748295791924072,0.5112363879955667,4
CHFJPY,1,2006-04-24 00:00:00+00:00,2006-04-25 00:00:00+00:00,90.36000061035156,88.28689175844193,376.0353090674783,2006-05-01 00:00:00+00:00,91.77999877929688,native,520.2712361417965,13.698214192807352,0.6673890605372274,4
GBPAUD,1,2006-04-26 00:00:00+00:00,2006-04-27 00:00:00+00:00,2.3710999488830566,2.3117556050419807,13206.22005055093,2006-05-01 00:00:00+00:00,2.4045000076293945,native,428.47500072564543,12.613524779820978,0.5467233548309661,2
AUDCHF,-1,2006-04-26 00:00:00+00:00,2006-04-27 00:00:00+00:00,0.9552000164985657,0.9691287223249674,56266.13651609203,2006-05-01 00:00:00+00:00,0.9387000203132629,native,907.0785502734242,21.312487603817218,1.1574094807417628,2
CADJPY,1,2006-04-24 00:00:00+00:00,2006-04-25 00:00:00+00:00,100.79000091552734,97.91159081459045,270.8308060775033,2006-05-02 00:00:00+00:00,101.83999633789062,native,273.3954175180109,10.975689098325095,0.3507038217327082,5
NZDUSD,-1,2006-04-28 00:00:00+00:00,2006-05-01 00:00:00+00:00,0.6388959884643555,0.6571710449643433,44258.24265070119,2006-05-09 00:00:00+00:00,0.6313928961753845,native,320.8295284173064,11.244150738574838,0.396662768842757,6
EURAUD,1,2006-05-03 00:00:00+00:00,2006-05-04 00:00:00+00:00,1.6420999765396118,1.6020251754671335,20128.295001786577,2006-05-09 00:00:00+00:00,1.652400016784668,native,194.05971503296132,13.262533549803003,0.24057861769431038,3
AUDCAD,-1,2006-05-08 00:00:00+00:00,2006-05-09 00:00:00+00:00,0.8549799919128418,0.8775889477692544,35687.39890111925,2006-05-10 00:00:00+00:00,0.8500999808311462,native,161.98492828522694,12.16997382912485,0.20076093367484504,1
EURGBP,1,2006-05-01 00:00:00+00:00,2006-05-02 00:00:00+00:00,0.6891000270843506,0.6788761797361076,79247.62630582416,2006-05-11 00:00:00+00:00,0.6857500076293945,native,-287.27181023910697,21.79072035550885,-0.35456216612249886,7
GBPCAD,-1,2006-05-04 00:00:00+00:00,2006-05-05 00:00:00+00:00,2.0529000759124756,2.0988611076027155,17522.283267661067,2006-05-12 00:00:00+00:00,2.0988611076027155,stop,-819.8918836537773,14.549667103446588,-1.0180664403336135,5
GBPJPY,1,2006-05-10 00:00:00+00:00,2006-05-11 00:00:00+00:00,206.38999938964844,201.4615125656128,164.7055915695571,2006-05-12 00:00:00+00:00,208.17999267578125,native,281.16550394001575,13.656399158024637,0.3463698592830773,1
EURCHF,1,2006-05-01 00:00:00+00:00,2006-05-02 00:00:00+00:00,1.5606000423431396,1.5424724388867617,44695.13226119736,2006-05-16 00:00:00+00:00,1.5507999658584595,max_hold,-465.82860162944274,27.812886976812205,-0.5749439803998754,10
EURJPY,1,2006-05-10 00:00:00+00:00,2006-05-11 00:00:00+00:00,141.5500030517578,138.49683094024658,265.8708085387844,2006-05-19 00:00:00+00:00,142.49000549316406,native,234.81561977927066,15.103589345840321,0.2892710949269448,6
CADJPY,1,2006-05-08 00:00:00+00:00,2006-05-09 00:00:00+00:00,100.38999938964844,97.56273007392883,285.38308038059387,2006-05-22 00:00:00+00:00,99.61000061035156,native,-234.01377754406894,11.415323215223756,-0.29003207255060054,9
AUDNZD,1,2006-05-17 00:00:00+00:00,2006-05-18 00:00:00+00:00,1.218400001525879,1.1811100682243705,21427.97385180943,2006-05-25 00:00:00+00:00,1.1811100682243705,stop,-809.3310435267925,10.283327806352354,-1.012869479011126,5
NZDCAD,-1,2006-05-23 00:00:00+00:00,2006-05-24 00:00:00+00:00,0.7016000151634216,0.7280079582706094,30257.659283784476,2006-05-29 00:00:00+00:00,0.7013800144195557,native,-1.8334707933395578,8.490178343415119,-0.002294584693880826,3
AUDCHF,-1,2006-05-26 00:00:00+00:00,2006-05-29 00:00:00+00:00,0.9280999898910522,0.9508062372915447,34439.445181243645,2006-05-31 00:00:00+00:00,0.9223999977111816,native,183.55852963598733,12.746038576183835,0.2347324103512837,2
GBPNZD,1,2006-05-24 00:00:00+00:00,2006-05-25 00:00:00+00:00,2.9449000358581543,2.8313139602541924,6934.269979055796,2006-06-01 00:00:00+00:00,2.9444000720977783,native,-11.634483081440756,8.167599387249776,-0.014771386132021974,5
EURNZD,1,2006-05-24 00:00:00+00:00,2006-05-25 00:00:00+00:00,2.00819993019104,1.9302804172039032,10108.334663607822,2006-06-01 00:00:00+00:00,2.015700101852417,native,67.67925955234622,8.134985635359502,0.08592702133640844,5
NZDCHF,-1,2006-05-24 00:00:00+00:00,2006-05-25 00:00:00+00:00,0.7720999717712402,0.8047704035416245,24108.543151036847,2006-06-01 00:00:00+00:00,0.7737500071525574,native,-47.23358737560453,7.453638184382756,-0.05996876291295037,5
AUDJPY,-1,2006-05-29 00:00:00+00:00,2006-05-30 00:00:00+00:00,85.44100189208984,87.86106699705124,323.4420260910544,2006-06-01 00:00:00+00:00,84.68000030517578,native,235.13503880372713,11.004856326264862,0.3003957971974502,2
NZDJPY,-1,2006-05-23 00:00:00+00:00,2006-05-24 00:00:00+00:00,69.97000122070312,72.78638827800751,283.71190772607457,2006-06-02 00:00:00+00:00,71.16000366210938,native,-345.62591543459206,8.008052584538591,-0.43255007837907133,7
NZDUSD,-1,2006-05-24 00:00:00+00:00,2006-05-25 00:00:00+00:00,0.6358087062835693,0.6581374662928283,35274.52996819837,2006-06-02 00:00:00+00:00,0.628495991230011,native,249.03303551736397,8.919550788275352,0.3161776162728315,6
USDJPY,-1,2006-05-24 00:00:00+00:00,2006-05-25 00:00:00+00:00,112.73999786376953,116.46462023258209,211.4674820981704,2006-06-05 00:00:00+00:00,111.62999725341797,native,225.23964261331517,9.489391585162085,0.28596902071113744,7
GBPCAD,1,2006-05-25 00:00:00+00:00,2006-05-26 00:00:00+00:00,2.0771000385284424,2.016976535320282,13031.720151763235,2006-06-05 00:00:00+00:00,2.076900005340576,native,-13.433529741760193,10.82675321642265,-0.01714526169692824,6
CADCHF,-1,2006-05-25 00:00:00+00:00,2006-05-26 00:00:00+00:00,1.0979000329971313,1.134018930606544,21692.596402726314,2006-06-05 00:00:00+00:00,1.0936000347137451,native,83.77026199683358,9.507865297079887,0.1069162827615671,6
AUDNZD,1,2006-06-07 00:00:00+00:00,2006-06-08 00:00:00+00:00,1.176900029182434,1.1419054130092263,22886.474889140416,2006-06-09 00:00:00+00:00,1.1850999593734741,native,176.85592572469528,10.811570685246949,0.22082054436834014,1
USDCAD,-1,2006-06-06 00:00:00+00:00,2006-06-07 00:00:00+00:00,1.1130000352859497,1.1424662247300148,27174.17261538328,2006-06-12 00:00:00+00:00,1.1061999797821045,native,172.72489720017288,12.060984855504095,0.21571216437393248,3
AUDCAD,-1,2006-06-08 00:00:00+00:00,2006-06-09 00:00:00+00:00,0.8325499892234802,0.8560772566124797,34010.40252055196,2006-06-13 00:00:00+00:00,0.8159300088882446,native,554.039127428449,11.213093656571699,0.6924001868245024,2
NZDCAD,-1,2006-06-08 00:00:00+00:00,2006-06-09 00:00:00+00:00,0.7021999955177307,0.7264929888769984,32938.379485592035,2006-06-13 00:00:00+00:00,0.6866999864578247,native,501.3955575105301,9.149622934768557,0.6266098557057258,2
GBPAUD,1,2006-06-09 00:00:00+00:00,2006-06-12 00:00:00+00:00,2.4581000804901123,2.3895311895757914,11732.008021182479,2006-06-15 00:00:00+00:00,2.5009000301361084,native,490.49354673805004,11.635805814982326,0.6097247464030225,3
NZDCHF,-1,2006-06-09 00:00:00+00:00,2006-06-12 00:00:00+00:00,0.7796000242233276,0.8068307572975755,29542.016956244584,2006-06-15 00:00:00+00:00,0.7663999795913696,native,380.82155067507915,9.134391665409597,0.4733932280136067,3
EURAUD,1,2006-06-09 00:00:00+00:00,2006-06-12 00:00:00+00:00,1.6862000226974487,1.6398328710347414,17349.583689381812,2006-06-15 00:00:00+00:00,1.7086000442504883,native,376.8513750043696,11.779673574046443,0.4684579656231075,3
GBPUSD,1,2006-06-08 00:00:00+00:00,2006-06-09 00:00:00+00:00,1.843385934829712,1.7924188673496246,15699.781715343,2006-06-16 00:00:00+00:00,1.8514060974121094,native,114.31331618724472,11.601485677957031,0.14286095975197802,5
EURUSD,1,2006-06-08 00:00:00+00:00,2006-06-09 00:00:00+00:00,1.2648941278457642,1.230622325092554,23347.81860967553,2006-06-16 00:00:00+00:00,1.2639508247375488,native,-33.832672513536444,11.808602648981743,-0.04228175883150084,5
USDJPY,-1,2006-06-08 00:00:00+00:00,2006-06-09 00:00:00+00:00,113.94000244140625,117.4427342414856,228.44222160840326,2006-06-21 00:00:00+00:00,114.91000366210938,native,-232.04503458216172,10.455800761876752,-0.28999400465111785,8
USDCHF,-1,2006-06-08 00:00:00+00:00,2006-06-09 00:00:00+00:00,1.2323999404907227,1.2716475566849113,20387.781773788563,2006-06-22 00:00:00+00:00,1.2337499856948853,native,-37.58029231052026,10.055865303303388,-0.046965277592391795,9
GBPAUD,1,2006-06-23 00:00:00+00:00,2006-06-26 00:00:00+00:00,2.4876999855041504,2.4277167227119207,13730.296411686784,2006-06-29 00:00:00+00:00,2.4934000968933105,native,64.58582283528173,13.678396117518922,0.0784200650933916,3
GBPUSD,1,2006-06-22 00:00:00+00:00,2006-06-23 00:00:00+00:00,1.8283874988555908,1.7857675468549132,19365.570642315863,2006-06-30 00:00:00+00:00,1.828187108039856,native,-18.043013269931222,14.162330771746426,-0.0218607880435703,5
GBPJPY,1,2006-06-29 00:00:00+00:00,2006-06-30 00:00:00+00:00,210.47999572753906,206.7108336687088,219.11924035613774,2006-07-05 00:00:00+00:00,212.27000427246094,native,373.69878082216525,18.526531772111447,0.45247684188223913,3
CADJPY,1,2006-06-30 00:00:00+00:00,2006-07-03 00:00:00+00:00,102.18000030517578,99.47832292318344,306.1561851231301,2006-07-05 00:00:00+00:00,103.7699966430664,native,474.1766400899823,12.610573078358826,0.5732758281297141,2
AUDJPY,-1,2006-07-05 00:00:00+00:00,2006-07-06 00:00:00+00:00,85.69999694824219,87.53641533851624,455.4178329108368,2006-07-11 00:00:00+00:00,85.43399810791016,native,105.55312078764001,15.587494633169353,0.12620873464799792,3
AUDCAD,-1,2006-06-30 00:00:00+00:00,2006-07-03 00:00:00+00:00,0.8303999900817871,0.8537192717194557,35470.013766123666,2006-07-12 00:00:00+00:00,0.8537192717194557,stop,-839.0823873841973,11.947146679976823,-1.0144440063632219,7
CHFJPY,1,2006-07-07 00:00:00+00:00,2006-07-10 00:00:00+00:00,93.1500015258789,91.34586262702942,460.32202425143265,2006-07-13 00:00:00+00:00,93.5199966430664,native,153.131239022068,17.185662284828027,0.18438775294177812,3
CADJPY,1,2006-07-07 00:00:00+00:00,2006-07-10 00:00:00+00:00,102.19999694824219,99.33296316862106,289.66692888386353,2006-07-17 00:00:00+00:00,103.01000213623047,native,222.74320514235006,11.888510042211928,0.26820862510835314,5
NZDCHF,-1,2006-07-10 00:00:00+00:00,2006-07-11 00:00:00+00:00,0.7511000037193298,0.7745993956923485,35283.9517554416,2006-07-17 00:00:00+00:00,0.7745993956923485,stop,-839.9179534586311,10.766540800429578,-1.0129850117072259,4
NZDJPY,-1,2006-07-11 00:00:00+00:00,2006-07-12 00:00:00+00:00,70.48999786376953,72.54441261291504,393.81610554760033,2006-07-17 00:00:00+00:00,72.54441261291504,stop,-820.3274665866792,11.26585089864496,-1.0139245895246982,3
AUDCHF,-1,2006-07-06 00:00:00+00:00,2006-07-07 00:00:00+00:00,0.9157000184059143,0.937475963961333,38272.35975832054,2006-07-18 00:00:00+00:00,0.937475963961333,stop,-847.6019059531145,14.185083578527674,-1.0170203950744734,7
EURAUD,1,2006-07-07 00:00:00+00:00,2006-07-10 00:00:00+00:00,1.7043999433517456,1.6658691028133035,21553.76987222933,2006-07-18 00:00:00+00:00,1.6658691028133035,stop,-845.0132706348546,14.528400685707865,-1.01749387762669,6
NZDCAD,-1,2006-07-10 00:00:00+00:00,2006-07-11 00:00:00+00:00,0.6858999729156494,0.7094415677711368,35220.69841691007,2006-07-18 00:00:00+00:00,0.7094415677711368,stop,-838.9803933768245,9.82898071862319,-1.011854265178313,5
EURCHF,1,2006-07-13 00:00:00+00:00,2006-07-14 00:00:00+00:00,1.5597000122070312,1.5453049219213426,55929.80141201072,2006-07-19 00:00:00+00:00,1.5661499500274658,native,325.7781078904194,34.96563352630332,0.4046357273478554,3
GBPAUD,1,2006-07-06 00:00:00+00:00,2006-07-07 00:00:00+00:00,2.463599920272827,2.409795332700014,15489.698183202963,2006-07-20 00:00:00+00:00,2.455199956893921,native,-145.3510425933933,15.238145104177747,-0.17440377814699778,9
GBPNZD,1,2006-07-12 00:00:00+00:00,2006-07-13 00:00:00+00:00,2.9637999534606934,2.8752650897949934,9032.91183119842,2006-07-21 00:00:00+00:00,2.9697999954223633,native,43.47831298728239,10.71953703597282,0.05436640180605011,6
AUDNZD,1,2006-07-17 00:00:00+00:00,2006-07-18 00:00:00+00:00,1.2032999992370605,1.158539175055921,17506.78331966371,2006-07-21 00:00:00+00:00,1.205399990081787,native,28.330366932889216,8.433717759016272,0.03615328529952902,3
EURUSD,1,2006-07-18 00:00:00+00:00,2006-07-19 00:00:00+00:00,1.2502031326293945,1.2238551285117865,29443.299181378232,2006-07-21 00:00:00+00:00,1.2635036706924438,native,376.8093571707758,14.802364292894156,0.4857216753595513,2
EURNZD,1,2006-07-18 00:00:00+00:00,2006-07-19 00:00:00+00:00,2.001199960708618,1.9356664083898067,11837.785998428693,2006-07-21 00:00:00+00:00,2.0288000106811523,native,317.1822296738002,9.541255446997173,0.40886002711873426,2
EURAUD,1,2006-07-18 00:00:00+00:00,2006-07-19 00:00:00+00:00,1.6734999418258667,1.6343437833711505,19812.264498931745,2006-07-21 00:00:00+00:00,1.682800054550171,native,170.95711251060234,13.299180653193144,0.22037025759327725,2
NZDJPY,-1,2006-07-17 00:00:00+00:00,2006-07-18 00:00:00+00:00,72.62999725341797,74.77425545454025,365.44948259432306,2006-07-24 00:00:00+00:00,72.45999908447266,native,51.5211300647879,10.604612818258872,0.06574775817760506,4
NZDCHF,-1,2006-07-17 00:00:00+00:00,2006-07-18 00:00:00+00:00,0.7748000025749207,0.7987229656428099,32755.894323165598,2006-07-24 00:00:00+00:00,0.7708399891853333,native,119.58801606129427,10.125764046351485,0.15261008349487365,4
USDCAD,-1,2006-07-10 00:00:00+00:00,2006-07-11 00:00:00+00:00,1.1229000091552734,1.1519332453608513,28558.69758325134,2006-07-25 00:00:00+00:00,1.141800045967102,max_hold,-552.6958124195337,12.935376798202514,-0.6665800769097523,10
NZDCAD,-1,2006-07-19 00:00:00+00:00,2006-07-20 00:00:00+00:00,0.7093999981880188,0.7325221667997539,34050.78925699664,2006-07-27 00:00:00+00:00,0.7053999900817871,native,126.56842180329818,9.635011248275298,0.16075689832532528,5
GBPAUD,1,2006-07-27 00:00:00+00:00,2006-07-28 00:00:00+00:00,2.4347000122070312,2.382299220189452,15217.910774228196,2006-08-02 00:00:00+00:00,2.4518001079559326,native,245.3552667721608,14.872464565379069,0.3076822907459109,3
EURAUD,1,2006-07-27 00:00:00+00:00,2006-07-28 00:00:00+00:00,1.6632000207901,1.626880499534309,21955.977112315497,2006-08-02 00:00:00+00:00,1.6753000020980835,native,251.00690663912928,14.660006018399544,0.31476960345623695,3
GBPJPY,1,2006-07-28 00:00:00+00:00,2006-07-31 00:00:00+00:00,213.75,210.00439882278442,212.7587108141815,2006-08-02 00:00:00+00:00,214.8800048828125,native,222.17942862988906,18.238953451028703,0.27880140795241815,2
GBPCHF,1,2006-07-28 00:00:00+00:00,2006-07-31 00:00:00+00:00,2.2946999073028564,2.2665532641112804,28312.76441259515,2006-08-02 00:00:00+00:00,2.300800085067749,native,146.69063420394045,26.02226172841435,0.18407444650341462,2
EURJPY,1,2006-07-31 00:00:00+00:00,2006-08-01 00:00:00+00:00,146.25999450683594,143.67465883493423,309.4387405671618,2006-08-04 00:00:00+00:00,147.22500610351562,native,280.4488473164244,18.16312579284398,0.3505597382992657,3
CHFJPY,1,2006-07-31 00:00:00+00:00,2006-08-01 00:00:00+00:00,93.05999755859375,91.3815358877182,476.6287059979797,2006-08-07 00:00:00+00:00,93.55799865722656,native,219.57212041647324,17.789498810456465,0.2744641163889918,4
AUDJPY,1,2006-08-01 00:00:00+00:00,2006-08-02 00:00:00+00:00,87.5999984741211,85.67426985502243,420.3842099757533,2006-08-08 00:00:00+00:00,87.81800079345703,native,76.89614137939435,14.748591407525623,0.09498675860570474,4
AUDCAD,1,2006-08-02 00:00:00+00:00,2006-08-03 00:00:00+00:00,0.8604000210762024,0.8379433434456587,35919.566696290596,2006-08-11 00:00:00+00:00,0.8658000230789185,native,181.56486057322854,12.400871523433928,0.22508948460879952,6
NZDJPY,-1,2006-08-08 00:00:00+00:00,2006-08-09 00:00:00+00:00,72.01000213623047,74.15063345432281,377.7191763236663,2006-08-14 00:00:00+00:00,74.15063345432281,stop,-819.5990332597266,11.041534977241469,-1.0136558438956977,3
CADCHF,-1,2006-08-11 00:00:00+00:00,2006-08-14 00:00:00+00:00,1.1021000146865845,1.1320154992863536,26647.1747447924,2006-08-17 00:00:00+00:00,1.0980000495910645,native,97.52719617410432,11.7252901737671,0.12234283120029206,3
EURAUD,1,2006-08-10 00:00:00+00:00,2006-08-11 00:00:00+00:00,1.6640000343322754,1.627813265658915,22173.97458543407,2006-08-18 00:00:00+00:00,1.6847000122070312,native,444.14998536864306,14.850797945240895,0.5535238044117954,5
NZDCHF,-1,2006-08-09 00:00:00+00:00,2006-08-10 00:00:00+00:00,0.7742000222206116,0.7970567275770009,35268.81918891554,2006-08-22 00:00:00+00:00,0.784500002861023,native,-374.2628567268718,10.994701870872458,-0.4642716647026007,8
AUDNZD,1,2006-08-08 00:00:00+00:00,2006-08-09 00:00:00+00:00,1.21589994430542,1.1794719947502017,22196.074941216702,2006-08-23 00:00:00+00:00,1.1952999830245972,native,-467.94211923235895,10.703834857054666,-0.578736973222496,10
NZDUSD,-1,2006-08-10 00:00:00+00:00,2006-08-11 00:00:00+00:00,0.6348400115966797,0.6530714360997081,44012.16639757293,2006-08-23 00:00:00+00:00,0.6377958059310913,native,-141.29320395603628,11.202291872908702,-0.1760872551337891,8
NZDCAD,-1,2006-08-10 00:00:00+00:00,2006-08-11 00:00:00+00:00,0.7152000069618225,0.7385933804325759,34300.503512041396,2006-08-23 00:00:00+00:00,0.7107800245285034,native,141.8252563615758,9.782366615646966,0.17675032770243107,8
GBPNZD,1,2006-08-10 00:00:00+00:00,2006-08-11 00:00:00+00:00,2.983099937438965,2.8933040779083967,8935.874026785401,2006-08-23 00:00:00+00:00,2.960400104522705,native,-213.46492089940656,10.622073530632646,-0.2660315636994377,8
GBPCHF,1,2006-08-16 00:00:00+00:00,2006-08-17 00:00:00+00:00,2.330399990081787,2.2981990817934275,24419.71959784925,2006-08-23 00:00:00+00:00,2.3297998905181885,native,-37.414417944706706,22.76015487083639,-0.047580631142398036,4
EURGBP,-1,2006-08-17 00:00:00+00:00,2006-08-18 00:00:00+00:00,0.6804999709129333,0.6899376600049436,83700.52394557149,2006-08-23 00:00:00+00:00,0.6781499981880188,native,173.9500054786734,22.743942854476842,0.2202067381996886,3
GBPJPY,1,2006-08-18 00:00:00+00:00,2006-08-21 00:00:00+00:00,217.82000732421875,213.79167485237122,194.74721724828348,2006-08-23 00:00:00+00:00,220.02000427246094,native,411.38965885320005,17.053624771681907,0.5243928997136668,2
EURNZD,1,2006-08-09 00:00:00+00:00,2006-08-10 00:00:00+00:00,2.035099983215332,1.976664450019598,13795.18529879113,2006-08-24 00:00:00+00:00,2.0065999031066895,max_hold,-404.3150858998987,11.151199770783066,-0.5015513418477131,10
GBPCAD,1,2006-08-16 00:00:00+00:00,2006-08-17 00:00:00+00:00,2.1221001148223877,2.070457113906741,15226.403138001255,2006-08-29 00:00:00+00:00,2.1054000854492188,native,-267.15530411539606,12.873924463063304,-0.33974651166925907,8
CADCHF,-1,2006-08-22 00:00:00+00:00,2006-08-23 00:00:00+00:00,1.1057000160217285,1.1326148323714733,29722.186183953774,2006-08-30 00:00:00+00:00,1.1088000535964966,native,-105.30385064922329,13.163956674714296,-0.13163521320944496,5
EURCAD,1,2006-08-23 00:00:00+00:00,2006-08-24 00:00:00+00:00,1.4217000007629395,1.387783182784915,23518.31446203847,2006-08-31 00:00:00+00:00,1.4230999946594238,native,19.544516527664314,13.380980174789748,0.024502118622635797,5
EURCHF,1,2006-08-29 00:00:00+00:00,2006-08-30 00:00:00+00:00,1.5760999917984009,1.5624026181176305,58242.220777858376,2006-09-04 00:00:00+00:00,1.5791000127792358,native,137.97471325101492,36.7531710529821,0.17295147486888102,3
AUDNZD,1,2006-08-29 00:00:00+00:00,2006-08-30 00:00:00+00:00,1.184000015258789,1.1548900455236435,27405.23158390933,2006-09-05 00:00:00+00:00,1.1833000183105469,native,-32.158859604319744,12.975281129712798,-0.04031117055883764,4
EURNZD,1,2006-08-29 00:00:00+00:00,2006-08-30 00:00:00+00:00,1.9889999628067017,1.93778214789927,15575.937072561483,2006-09-05 00:00:00+00:00,1.9737999439239502,native,-249.09940201516093,12.344864395677831,-0.3122464106093113,4
GBPNZD,1,2006-08-29 00:00:00+00:00,2006-08-30 00:00:00+00:00,2.9449000358581543,2.868259808048606,10409.226130886642,2006-09-06 00:00:00+00:00,2.9354000091552734,native,-111.12980077694984,12.241874577201534,-0.13930134365484548,5
NZDUSD,-1,2006-08-29 00:00:00+00:00,2006-08-30 00:00:00+00:00,0.6449116468429565,0.6620661211200058,46504.80388428888,2006-09-06 00:00:00+00:00,0.6452862024307251,native,-29.418713743421957,12.000079590480773,-0.036876394310120596,5
NZDCHF,-1,2006-08-29 00:00:00+00:00,2006-08-30 00:00:00+00:00,0.7918000221252441,0.8120634825900197,39369.65571004173,2006-09-06 00:00:00+00:00,0.7953000068664551,native,-150.28991059563418,12.496716343760088,-0.18838859007547895,5
NZDCAD,-1,2006-08-30 00:00:00+00:00,2006-08-31 00:00:00+00:00,0.720579981803894,0.7414790950715542,37586.049929190274,2006-09-06 00:00:00+00:00,0.7165499925613403,native,140.66816909047793,10.803207794245528,0.17907760964538186,4
EURAUD,1,2006-09-01 00:00:00+00:00,2006-09-04 00:00:00+00:00,1.6725000143051147,1.639648019336164,23480.911699119657,2006-09-08 00:00:00+00:00,1.6778000593185425,native,108.71626892279384,15.733620038862238,0.14093466783612132,4
AUDCHF,-1,2006-09-01 00:00:00+00:00,2006-09-04 00:00:00+00:00,0.9435999989509583,0.9636362260207534,38500.002536342945,2006-09-08 00:00:00+00:00,0.9416000247001648,native,62.48297258975227,14.516041138416405,0.08099999268374367,4
GBPAUD,1,2006-09-04 00:00:00+00:00,2006-09-05 00:00:00+00:00,2.4711999893188477,2.423479462042451,16459.260924224804,2006-09-08 00:00:00+00:00,2.4721999168395996,native,0.18512618771954692,16.27294178165006,0.00023569604449502122,3
CHFJPY,1,2006-09-04 00:00:00+00:00,2006-09-05 00:00:00+00:00,94.4739990234375,92.61187219619751,421.79973909079666,2006-09-12 00:00:00+00:00,94.45999908447266,native,-21.843632824117687,15.938462221459517,-0.027810532466890626,5
GBPJPY,1,2006-09-05 00:00:00+00:00,2006-09-06 00:00:00+00:00,220.08999633789062,215.78079617023468,182.94051840536162,2006-09-13 00:00:00+00:00,220.94000244140625,native,139.3641059030698,16.136451321800113,0.17678457117812618,5
EURGBP,-1,2006-09-05 00:00:00+00:00,2006-09-06 00:00:00+00:00,0.6765999794006348,0.6854626713320613,88948.96930672866,2006-09-13 00:00:00+00:00,0.6765999794006348,native,-24.073148320256124,24.073148320256124,-0.030536996417598838,5
GBPCAD,1,2006-09-06 00:00:00+00:00,2006-09-07 00:00:00+00:00,2.084700107574463,2.038827443495393,17176.294088957187,2006-09-13 00:00:00+00:00,2.0996999740600586,native,243.26762077408233,14.3744972776022,0.3087456713840786,4
GBPCHF,1,2006-09-06 00:00:00+00:00,2006-09-07 00:00:00+00:00,2.32669997215271,2.2489627487957478,10135.715360554917,2006-09-13 00:00:00+00:00,2.3445000648498535,native,170.947482176285,9.469190793454317,0.216959803314515,4
GBPUSD,1,2006-09-06 00:00:00+00:00,2006-09-07 00:00:00+00:00,1.8861163854599,1.850999896414578,22437.390248471143,2006-09-14 00:00:00+00:00,1.8776874542236328,native,-206.01320663958774,16.88998711393471,-0.2614638380378445,5
EURUSD,1,2006-09-08 00:00:00+00:00,2006-09-11 00:00:00+00:00,1.2672985792160034,1.2435535723343492,32981.77904255151,2006-09-15 00:00:00+00:00,1.2722970247268677,native,148.1055491822227,16.75207621333579,0.18911455416528558,4
AUDJPY,1,2006-09-08 00:00:00+00:00,2006-09-11 00:00:00+00:00,88.12999725341797,86.22337543964386,410.75401774846773,2006-09-15 00:00:00+00:00,88.65499877929688,native,201.12345659922,14.523029479616909,0.2568126112556766,4
USDCAD,-1,2006-09-08 00:00:00+00:00,2006-09-11 00:00:00+00:00,1.121000051498413,1.1435614665970206,34712.03233093837,2006-09-19 00:00:00+00:00,1.117300033569336,native,112.89595299533482,15.53918898384276,0.14415575875222159,6
GBPNZD,1,2006-09-13 00:00:00+00:00,2006-09-14 00:00:00+00:00,2.8691999912261963,2.7768264785408974,8668.777773170017,2006-09-21 00:00:00+00:00,2.8687000274658203,native,-14.282190762679601,9.948116029341836,-0.017835672978327517,5
EURNZD,1,2006-09-13 00:00:00+00:00,2006-09-14 00:00:00+00:00,1.9404000043869019,1.8754932843148708,12337.173295882134,2006-09-21 00:00:00+00:00,1.9285000562667847,native,-156.35798027243925,9.546258102546687,-0.19526064663540388,5
USDCHF,-1,2006-09-07 00:00:00+00:00,2006-09-08 00:00:00+00:00,1.2430000305175781,1.2705141389742494,28559.32768892689,2006-09-22 00:00:00+00:00,1.2424999475479126,native,0.08519173345088937,14.19684166887859,0.00010841616246176599,10
USDCAD,-1,2006-09-19 00:00:00+00:00,2006-09-20 00:00:00+00:00,1.1270999908447266,1.148819756694138,36773.737771837004,2006-09-22 00:00:00+00:00,1.118899941444397,native,285.02770385471683,16.51876250911278,0.35685695083502844,2
AUDCAD,-1,2006-09-19 00:00:00+00:00,2006-09-20 00:00:00+00:00,0.8468999862670898,0.8667681603692472,40200.824177659655,2006-09-25 00:00:00+00:00,0.8385999798774719,native,320.11539998439594,13.551697558085767,0.400787025292091,3
NZDCHF,1,2006-09-22 00:00:00+00:00,2006-09-25 00:00:00+00:00,0.8172199726104736,0.7888960186392069,28609.528287525427,2006-09-26 00:00:00+00:00,0.8268600106239319,native,266.3896696813945,9.40727055745981,0.32874019023816897,1
CADJPY,1,2006-09-21 00:00:00+00:00,2006-09-22 00:00:00+00:00,103.95999908447266,101.36904364824295,311.03388849637827,2006-09-27 00:00:00+00:00,105.19000244140625,native,369.5621793199308,13.010547650723513,0.45858502234890547,3
USDJPY,1,2006-09-21 00:00:00+00:00,2006-09-22 00:00:00+00:00,116.36000061035156,113.93473094701767,332.28261435619527,2006-09-27 00:00:00+00:00,117.13999938964844,native,243.66243548897228,15.51759809043432,0.3023576266108269,3
AUDJPY,1,2006-09-22 00:00:00+00:00,2006-09-25 00:00:00+00:00,87.46499633789062,85.51479399204254,415.5132743434037,2006-09-28 00:00:00+00:00,88.12999725341797,native,261.7242977030411,14.592410149086724,0.3229828525999263,3
EURCHF,1,2006-09-22 00:00:00+00:00,2006-09-25 00:00:00+00:00,1.580299973487854,1.5632311580702662,47474.586989824296,2006-09-29 00:00:00+00:00,1.5841000080108643,native,150.3593530885339,30.045716438451862,0.18555209891408544,4
EURCAD,1,2006-09-26 00:00:00+00:00,2006-09-27 00:00:00+00:00,1.4119999408721924,1.3806537436321378,26111.389884079286,2006-10-02 00:00:00+00:00,1.4170000553131104,native,115.78611325533355,14.773824376490651,0.14146259617146412,3
GBPCAD,1,2006-09-26 00:00:00+00:00,2006-09-27 00:00:00+00:00,2.1089000701904297,2.064812371507287,18565.105504844014,2006-10-03 00:00:00+00:00,2.104099988937378,native,-104.7569730126541,15.642958117924364,-0.12798765717918612,4
USDCHF,-1,2006-09-29 00:00:00+00:00,2006-10-02 00:00:00+00:00,1.250100016593933,1.277071986347437,30327.34247221049,2006-10-03 00:00:00+00:00,1.2430000305175781,native,200.20188949629653,15.121819789246983,0.24474912760404258,1
NZDUSD,1,2006-09-29 00:00:00+00:00,2006-10-02 00:00:00+00:00,0.6523157358169556,0.6299566570669413,36584.16221035445,2006-10-03 00:00:00+00:00,0.6594130992889404,native,250.053396429036,9.597700095902677,0.30569317194964085,1
GBPCHF,1,2006-09-28 00:00:00+00:00,2006-09-29 00:00:00+00:00,2.3397998809814453,2.287708230316639,15687.274711089643,2006-10-04 00:00:00+00:00,2.3482000827789307,native,117.06788457032427,14.708388655417462,0.14325907721283027,3
EURGBP,-1,2006-09-28 00:00:00+00:00,2006-09-29 00:00:00+00:00,0.6769499778747559,0.6864917143248022,85642.27679218363,2006-10-05 00:00:00+00:00,0.673799991607666,native,246.63573522499624,23.136260552689436,0.3018146946596272,4
CADJPY,1,2006-10-04 00:00:00+00:00,2006-10-05 00:00:00+00:00,104.62999725341797,102.20218646526337,342.8699542378574,2006-10-09 00:00:00+00:00,105.56999969482422,native,307.88434140154686,14.414252666888316,0.36986508437881593,2
USDCAD,-1,2006-10-04 00:00:00+00:00,2006-10-05 00:00:00+00:00,1.1260000467300415,1.1480213236063719,37800.867702066695,2006-10-10 00:00:00+00:00,1.1230000257492065,native,96.40056535962142,17.002830840345293,0.11580713419394052,3
EURCAD,1,2006-10-09 00:00:00+00:00,2006-10-10 00:00:00+00:00,1.4148000478744507,1.38602604996413,28924.956194059396,2006-10-12 00:00:00+00:00,1.424299955368042,native,258.3602394548766,16.4241686448686,0.3104221916183228,2
GBPUSD,1,2006-09-28 00:00:00+00:00,2006-09-29 00:00:00+00:00,1.8769121170043945,1.8420154517516494,23417.02360997516,2006-10-13 00:00:00+00:00,1.8593926429748535,max_hold,-427.752564339808,17.498627355699327,-0.523452165106232,10
AUDCHF,-1,2006-10-09 00:00:00+00:00,2006-10-10 00:00:00+00:00,0.9379000067710876,0.9570838403888047,43384.791886191866,2006-10-13 00:00:00+00:00,0.9570838403888047,stop,-848.72932505133,16.44269596734543,-1.0197560496501576,3
NZDUSD,1,2006-10-13 00:00:00+00:00,2006-10-16 00:00:00+00:00,0.656814455986023,0.6370519860647619,41069.43967225107,2006-10-17 00:00:00+00:00,0.6608948111534119,native,156.75438413796715,10.82351625046984,0.19313442748645418,1
GBPAUD,1,2006-10-10 00:00:00+00:00,2006-10-11 00:00:00+00:00,2.4921000003814697,2.4426082372665405,16659.922808713483,2006-10-18 00:00:00+00:00,2.4837000370025635,native,-156.52203039548056,16.579288906882333,-0.1898320608333514,5
EURUSD,1,2006-10-06 00:00:00+00:00,2006-10-09 00:00:00+00:00,1.2590969800949097,1.236963746137917,37562.596999216774,2006-10-20 00:00:00+00:00,1.2628973722457886,native,123.80606730419612,18.946531498254874,0.1489160276720182,9
AUDNZD,-1,2006-10-12 00:00:00+00:00,2006-10-13 00:00:00+00:00,1.1399999856948853,1.173518001101911,24408.49244268164,2006-10-20 00:00:00+00:00,1.134850025177002,native,114.59764052114322,11.105131859720142,0.14007364274690295,5
CHFJPY,1,2006-10-16 00:00:00+00:00,2006-10-17 00:00:00+00:00,93.69000244140625,92.0106942653656,483.9119975757586,2006-10-20 00:00:00+00:00,94.05000305175781,native,156.03868626710073,18.169928216616185,0.19201514876988507,3
EURAUD,1,2006-10-10 00:00:00+00:00,2006-10-11 00:00:00+00:00,1.6847000122070312,1.6534086661413312,26350.063414678712,2006-10-23 00:00:00+00:00,1.6534086661413312,stop,-842.1208282337674,17.59187507191374,-1.0213356668731322,8
EURJPY,1,2006-10-13 00:00:00+00:00,2006-10-16 00:00:00+00:00,149.72999572753906,147.41329795122147,350.34071966694074,2006-10-23 00:00:00+00:00,149.6199951171875,native,-59.51259123933586,20.974898244966724,-0.07332445788009433,5
CADJPY,1,2006-10-16 00:00:00+00:00,2006-10-17 00:00:00+00:00,104.66999816894531,102.37448644638062,354.01142413039054,2006-10-23 00:00:00+00:00,105.44999694824219,native,261.25150293691166,14.876975741941251,0.3214859558412202,4
EURCAD,1,2006-10-23 00:00:00+00:00,2006-10-24 00:00:00+00:00,1.4155000448226929,1.3887553056702018,30719.25369803355,2006-10-27 00:00:00+00:00,1.4248000383377075,native,268.23848041117174,17.45037976663003,0.3264916306940031,3
GBPCAD,1,2006-10-24 00:00:00+00:00,2006-10-25 00:00:00+00:00,2.1101999282836914,2.069039103575051,19950.62683568258,2006-10-27 00:00:00+00:00,2.1219000816345215,native,216.53878381683862,16.886609605833364,0.26369086201929265,2
NZDUSD,1,2006-10-25 00:00:00+00:00,2006-10-26 00:00:00+00:00,0.6565988063812256,0.6384899853728712,44662.39779625515,2006-10-30 00:00:00+00:00,0.6629101634025574,native,270.09385102006627,11.786486900842027,0.3339507980439513,2
AUDNZD,-1,2006-10-24 00:00:00+00:00,2006-10-25 00:00:00+00:00,1.1473000049591064,1.1760398605838418,28573.012499905104,2006-10-31 00:00:00+00:00,1.1546499729156494,native,-223.16545539459855,13.154729098394334,-0.2717605145307629,4
NZDCAD,1,2006-10-24 00:00:00+00:00,2006-10-25 00:00:00+00:00,0.7445999979972839,0.7230927119962871,38181.67731497924,2006-10-31 00:00:00+00:00,0.7492200136184692,native,164.99263490822636,11.407310730034247,0.20092035874084108,4
EURNZD,-1,2006-10-24 00:00:00+00:00,2006-10-25 00:00:00+00:00,1.8984999656677246,1.9486717525869608,16367.45080124272,2006-10-31 00:00:00+00:00,1.9091999530792236,native,-187.59598574882403,12.464468217197314,-0.2284456683533827,4
NZDCHF,1,2006-10-25 00:00:00+00:00,2006-10-26 00:00:00+00:00,0.8291000127792358,0.8067111475393176,36124.35730124845,2006-10-31 00:00:00+00:00,0.8313000202178955,native,67.47767796854765,11.99617681099862,0.08343109005497161,3
NZDJPY,1,2006-10-25 00:00:00+00:00,2006-10-26 00:00:00+00:00,78.0530014038086,75.94788897037506,384.199605993085,2006-10-31 00:00:00+00:00,78.29000091552734,native,79.04173504472432,12.013383978172968,0.0977291796805962,3
GBPNZD,-1,2006-10-24 00:00:00+00:00,2006-10-25 00:00:00+00:00,2.83240008354187,2.903588308021426,11535.394512428948,2006-11-01 00:00:00+00:00,2.8406999111175537,native,-108.830074780018,13.088289309371003,-0.1325282045392897,5
USDJPY,1,2006-10-27 00:00:00+00:00,2006-10-30 00:00:00+00:00,117.5199966430664,115.21103936433792,353.24799418098377,2006-11-06 00:00:00+00:00,117.8949966430664,native,115.83602298217767,16.63197483569124,0.14201951866487253,5
CADJPY,1,2006-10-27 00:00:00+00:00,2006-10-30 00:00:00+00:00,104.97000122070312,102.67215186357498,354.9556130954562,2006-11-06 00:00:00+00:00,104.4000015258789,native,-217.1880026782956,14.863411537742078,-0.2662810307714236,5
EURJPY,1,2006-10-31 00:00:00+00:00,2006-11-01 00:00:00+00:00,149.10000610351562,146.93609535694122,379.62047846853756,2006-11-06 00:00:00+00:00,149.9600067138672,native,303.7679821535861,22.70586103130837,0.3697881759008922,3
USDCHF,-1,2006-11-06 00:00:00+00:00,2006-11-07 00:00:00+00:00,1.2548999786376953,1.2784899258986115,35145.076605734626,2006-11-10 00:00:00+00:00,1.242050051689148,native,434.06056696548524,17.55110001930566,0.5235508501091198,3
AUDNZD,-1,2006-11-08 00:00:00+00:00,2006-11-09 00:00:00+00:00,1.1552000045776367,1.1814321372658014,31654.038214343447,2006-11-13 00:00:00+00:00,1.1519500017166138,native,88.2695918664538,14.606122893092184,0.1063037036642558,2
EURAUD,-1,2006-11-08 00:00:00+00:00,2006-11-09 00:00:00+00:00,1.6546000242233276,1.6817564936354756,30576.61575784402,2006-11-13 00:00:00+00:00,1.6817564936354756,stop,-850.7558288104431,20.40289825554942,-1.0245713569553068,2
GBPNZD,-1,2006-11-08 00:00:00+00:00,2006-11-09 00:00:00+00:00,2.854300022125244,2.9207508005201817,12495.759276435401,2006-11-15 00:00:00+00:00,2.8573999404907227,native,-53.01023923003547,14.274405558414841,-0.06384061196076073,4
EURNZD,-1,2006-11-08 00:00:00+00:00,2006-11-09 00:00:00+00:00,1.9108999967575073,1.9577096570283175,17738.922388050112,2006-11-17 00:00:00+00:00,1.9240000247955322,native,-245.98577941745634,13.605398769652215,-0.29624244145567513,6
NZDCHF,1,2006-11-08 00:00:00+00:00,2006-11-09 00:00:00+00:00,0.8338000178337097,0.8132653399370611,40436.61822864098,2006-11-17 00:00:00+00:00,0.829200029373169,native,-199.45719683966442,13.449219604623298,-0.24020773516915833,6
AUDCHF,1,2006-11-09 00:00:00+00:00,2006-11-10 00:00:00+00:00,0.9550999999046326,0.936381028033793,43882.491675125515,2006-11-17 00:00:00+00:00,0.9562000036239624,native,31.496382757396354,16.77452129870219,0.03834311646903085,5
NZDJPY,1,2006-11-09 00:00:00+00:00,2006-11-10 00:00:00+00:00,78.38999938964844,76.52947098016739,441.50636082904407,2006-11-17 00:00:00+00:00,78.52999877929688,native,47.954385575394724,13.856235466574262,0.05837878608096299,5
AUDJPY,1,2006-11-10 00:00:00+00:00,2006-11-13 00:00:00+00:00,90.04499816894531,88.43197989463806,504.5120175615968,2006-11-17 00:00:00+00:00,90.61000061035156,native,266.82199805774894,18.228523583346174,0.3278769063403991,4
NZDUSD,1,2006-11-10 00:00:00+00:00,2006-11-13 00:00:00+00:00,0.6651147603988647,0.6483675446361303,48592.38188984822,2006-11-20 00:00:00+00:00,0.6661781668663025,native,38.735314304084724,12.938138865784587,0.04759883035355101,5
EURGBP,-1,2006-11-14 00:00:00+00:00,2006-11-15 00:00:00+00:00,0.6757000088691711,0.6836762328166515,101950.22472020454,2006-11-21 00:00:00+00:00,0.6754999756813049,native,-7.157599958912492,27.55102841337159,-0.00880201076426177,4
GBPJPY,1,2006-11-14 00:00:00+00:00,2006-11-15 00:00:00+00:00,223.0399932861328,220.03880953788757,270.9523614939446,2006-11-21 00:00:00+00:00,223.9600067138672,native,225.0566697332088,24.223141117558647,0.276761937092331,4
GBPUSD,1,2006-11-15 00:00:00+00:00,2006-11-16 00:00:00+00:00,1.8892163038253784,1.8564592394977808,24506.856906791065,2006-11-21 00:00:00+00:00,1.8973891735076904,native,181.73178810317688,18.559559719094562,0.22638013323427908,3
GBPAUD,1,2006-11-17 00:00:00+00:00,2006-11-20 00:00:00+00:00,2.4607999324798584,2.416889812797308,18736.558743989714,2006-11-24 00:00:00+00:00,2.4718000888824463,native,187.62108661799064,18.483990012171947,0.228048487927369,4
EURJPY,1,2006-11-23 00:00:00+00:00,2006-11-24 00:00:00+00:00,150.5800018310547,148.5513157248497,406.5688393887078,2006-11-27 00:00:00+00:00,151.9499969482422,native,532.3974706663255,24.59985409679318,0.645486314233832,1
CADJPY,1,2006-11-13 00:00:00+00:00,2006-11-14 00:00:00+00:00,103.4800033569336,101.10714495182037,338.0242589610665,2006-11-28 00:00:00+00:00,102.45999908447266,max_hold,-358.70873167886947,13.922543343139315,-0.4472210691807311,10
EURCHF,1,2006-11-23 00:00:00+00:00,2006-11-24 00:00:00+00:00,1.5848000049591064,1.569664175156504,54493.24988722705,2006-11-29 00:00:00+00:00,1.5875999927520752,native,118.00555731992866,34.57487716350279,0.14307162683965732,3
AUDNZD,-1,2006-11-23 00:00:00+00:00,2006-11-24 00:00:00+00:00,1.1579999923706055,1.1821446428075433,34160.799214634026,2006-11-29 00:00:00+00:00,1.1536999940872192,native,131.0974741656564,15.79390381637159,0.15894445422260517,3
AUDJPY,1,2006-11-23 00:00:00+00:00,2006-11-24 00:00:00+00:00,90.06999969482422,88.40656232833862,495.8410651952253,2006-11-29 00:00:00+00:00,90.91999816894531,native,403.5156941564287,17.94845466609061,0.4892282035648181,3
GBPCHF,1,2006-11-23 00:00:00+00:00,2006-11-24 00:00:00+00:00,2.3443000316619873,2.3126801066100597,26084.8358852602,2006-11-29 00:00:00+00:00,2.3482000827789307,native,77.25157425424204,24.480619075351214,0.09366091441366771,3
NZDJPY,1,2006-11-23 00:00:00+00:00,2006-11-24 00:00:00+00:00,77.77999877929688,75.73689115047455,403.6990240006023,2006-11-29 00:00:00+00:00,78.80999755859375,native,403.1664561859874,12.643045737972868,0.48880478245042297,3
USDJPY,1,2006-11-23 00:00:00+00:00,2006-11-24 00:00:00+00:00,116.2699966430664,113.68360525369644,318.9001320811993,2006-11-30 00:00:00+00:00,116.4000015258789,native,26.61887567062527,14.839698629481813,0.03227310588868149,4
NZDCHF,1,2006-11-24 00:00:00+00:00,2006-11-27 00:00:00+00:00,0.8095999956130981,0.786285778041929,35205.89149800433,2006-11-30 00:00:00+00:00,0.8201000094413757,native,358.1873392554368,11.475008310448983,0.4363892460130497,3
USDCAD,1,2006-11-27 00:00:00+00:00,2006-11-28 00:00:00+00:00,1.1328999996185303,1.1117533477954566,38888.66090932316,2006-11-30 00:00:00+00:00,1.138700008392334,native,207.8866779889217,17.667896486630056,0.25279126061785007,2
GBPNZD,-1,2006-11-23 00:00:00+00:00,2006-11-24 00:00:00+00:00,2.8613998889923096,2.9291967004537582,12165.772075472381,2006-12-07 00:00:00+00:00,2.865799903869629,native,-67.4647395882848,13.935161462130196,-0.08179521597479605,9
EURGBP,-1,2006-12-07 00:00:00+00:00,2006-12-08 00:00:00+00:00,0.6765999794006348,0.6841440764255822,112731.17046262595,2006-12-08 00:00:00+00:00,0.6841440764255822,stop,-881.1345417286052,30.679654022670054,-1.0360744049639448,0
AUDJPY,1,2006-12-05 00:00:00+00:00,2006-12-06 00:00:00+00:00,90.38999938964844,88.5372542142868,457.7786102494658,2006-12-11 00:00:00+00:00,91.22000122070312,native,363.3296499873645,16.627434737362275,0.4283804602420301,3
GBPAUD,1,2006-12-07 00:00:00+00:00,2006-12-08 00:00:00+00:00,2.488800048828125,2.4428320936858654,18501.038061710267,2006-12-13 00:00:00+00:00,2.5020999908447266,native,227.59536714844938,18.467366319235744,0.26761603753301716,3
GBPUSD,1,2006-12-08 00:00:00+00:00,2006-12-11 00:00:00+00:00,1.953811764717102,1.9153154883533716,21910.96889600727,2006-12-13 00:00:00+00:00,1.9711813926696777,native,363.38529720639565,17.20008059770862,0.4308112598839213,2
EURUSD,1,2006-12-08 00:00:00+00:00,2006-12-11 00:00:00+00:00,1.3183915615081787,1.2915667556226254,31444.429369461486,2006-12-13 00:00:00+00:00,1.3284975290298462,native,301.1303985339006,16.645983411244217,0.3570049954664312,2
EURAUD,1,2006-12-08 00:00:00+00:00,2006-12-11 00:00:00+00:00,1.6792000532150269,1.644321951083839,24183.96250017142,2006-12-20 00:00:00+00:00,1.6819000244140625,native,49.03905858167985,16.256943647341032,0.05813823171578524,7
USDCHF,-1,2006-12-08 00:00:00+00:00,2006-12-11 00:00:00+00:00,1.2057000398635864,1.234495791606605,29292.19287432901,2006-12-20 00:00:00+00:00,1.2128000259399414,native,-222.1427956324594,14.168634078818869,-0.26336128180276835,7
EURUSD,1,2006-12-15 00:00:00+00:00,2006-12-18 00:00:00+00:00,1.308455228805542,1.2805640269070864,30363.162360711667,2006-12-20 00:00:00+00:00,1.3207945823669434,native,358.6953278303553,15.966467780700135,0.4235566341736246,2
GBPUSD,1,2006-12-18 00:00:00+00:00,2006-12-19 00:00:00+00:00,1.948216438293457,1.9089077319949865,21550.199554280058,2006-12-20 00:00:00+00:00,1.9714144468307495,native,483.0279476898362,16.893765550709205,0.5702065641661621,1
USDCAD,1,2006-12-20 00:00:00+00:00,2006-12-21 00:00:00+00:00,1.1470999717712402,1.126237818505615,40928.4664282012,2006-12-25 00:00:00+00:00,1.1577999591827393,native,419.0668716648306,18.867203888882646,0.4907934140326317,2
CADCHF,-1,2006-12-15 00:00:00+00:00,2006-12-18 00:00:00+00:00,1.0542000532150269,1.079947373829782,32891.38719905791,2006-12-27 00:00:00+00:00,1.0515999794006348,native,71.66749772799156,13.852536847310098,0.08462681769769381,7
CADJPY,-1,2006-12-18 00:00:00+00:00,2006-12-19 00:00:00+00:00,102.05999755859375,104.57500624656677,336.822082962805,2006-12-28 00:00:00+00:00,102.20999908447266,native,-64.28435554535686,13.760529151224562,-0.07588662660300391,7
EURUSD,1,2006-12-26 00:00:00+00:00,2006-12-27 00:00:00+00:00,1.3114066123962402,1.2855467479676008,33363.1372053786,2006-12-29 00:00:00+00:00,1.3148033618927002,native,95.8024987622272,17.523720740467148,0.1110410887700564,2
USDCHF,-1,2006-12-26 00:00:00+00:00,2006-12-27 00:00:00+00:00,1.222000002861023,1.2494395151734352,31442.47591656044,2007-01-01 00:00:00+00:00,1.2187999486923218,native,85.26866739230385,15.34895873877159,0.09883171929275791,3
GBPAUD,1,2006-12-28 00:00:00+00:00,2006-12-29 00:00:00+00:00,2.482300043106079,2.427871746942401,15883.980004184159,2007-01-01 00:00:00+00:00,2.427871746942401,stop,-880.1365820317253,15.59861410604784,-1.018042717248699,1
EURGBP,-1,2006-12-29 00:00:00+00:00,2007-01-01 00:00:00+00:00,0.6735000014305115,0.6828678378369659,92419.94771693306,2007-01-09 00:00:00+00:00,0.6718000173568726,native,132.2459277253437,24.86651147998382,0.1527486185492663,6
GBPAUD,1,2007-01-02 00:00:00+00:00,2007-01-03 00:00:00+00:00,2.478300094604492,2.413340535014868,13198.15986887923,2007-01-10 00:00:00+00:00,2.4828999042510986,native,47.61328093704883,13.095742145275906,0.05553562354218211,5
CHFJPY,1,2007-01-04 00:00:00+00:00,2007-01-05 00:00:00+00:00,96.37000274658203,94.44130742549896,444.19767946467266,2007-01-12 00:00:00+00:00,96.30000305175781,native,-48.210415899766744,17.116713895613522,-0.05627311623431484,5
GBPJPY,1,2007-01-05 00:00:00+00:00,2007-01-08 00:00:00+00:00,228.8699951171875,224.25656127929688,183.31722523513994,2007-01-12 00:00:00+00:00,233.91000366210938,native,906.9532725623649,16.967109054108434,1.072401321664583,4
GBPUSD,1,2007-01-05 00:00:00+00:00,2007-01-08 00:00:00+00:00,1.9297939538955688,1.8872009860351682,19855.904212636287,2007-01-12 00:00:00+00:00,1.9445037841796875,native,276.69144414990524,15.385536955691144,0.32716599562105536,4
GBPCAD,1,2007-01-05 00:00:00+00:00,2007-01-08 00:00:00+00:00,2.2641000747680664,2.212763510644436,16474.064916602412,2007-01-12 00:00:00+00:00,2.2904999256134033,native,419.9063013996131,15.00655521508834,0.4965063650126113,4
EURJPY,1,2007-01-05 00:00:00+00:00,2007-01-08 00:00:00+00:00,154.24000549316406,151.30620670318604,288.26853867996374,2007-01-15 00:00:00+00:00,155.44000244140625,native,328.06716602105183,17.854200669139633,0.3879137691865355,5
AUDNZD,-1,2007-01-02 00:00:00+00:00,2007-01-03 00:00:00+00:00,1.1265000104904175,1.1608393238857388,24966.913071496085,2007-01-16 00:00:00+00:00,1.125599980354309,native,11.22537722999769,11.245596939947482,0.013093160389185626,9
NZDUSD,1,2007-01-04 00:00:00+00:00,2007-01-05 00:00:00+00:00,0.6957973837852478,0.6796635179780424,53100.84986803696,2007-01-16 00:00:00+00:00,0.6964758634567261,native,21.24166863826666,14.78617853541607,0.02479412106249354,7
EURCAD,1,2007-01-12 00:00:00+00:00,2007-01-15 00:00:00+00:00,1.5125000476837158,1.4790955958887935,25846.269691429443,2007-01-17 00:00:00+00:00,1.5188000202178955,native,147.1612293528797,15.669559814126687,0.17044771623717644,2
CADCHF,-1,2007-01-12 00:00:00+00:00,2007-01-15 00:00:00+00:00,1.06659996509552,1.0904598236083984,36185.481549268436,2007-01-17 00:00:00+00:00,1.0613000392913818,native,176.38055012864783,15.399817269486093,0.20429064156561794,2
USDCHF,-1,2007-01-04 00:00:00+00:00,2007-01-05 00:00:00+00:00,1.232300043106079,1.2593384645879269,31685.355100874916,2007-01-19 00:00:00+00:00,1.2472000122070312,max_hold,-487.8235799007798,15.71276794504698,-0.5694070980567703,10
EURUSD,1,2007-01-10 00:00:00+00:00,2007-01-11 00:00:00+00:00,1.2938953638076782,1.2690727151930332,34310.011426654004,2007-01-19 00:00:00+00:00,1.2961931228637695,native,61.06294635544205,17.77319311474847,0.07169828596401262,6
GBPNZD,-1,2007-01-12 00:00:00+00:00,2007-01-15 00:00:00+00:00,2.824899911880493,2.8957172986119986,12191.645439548744,2007-01-23 00:00:00+00:00,2.8259999752044678,native,-27.190335574495055,13.778753567545177,-0.03149287772856219,6
CADJPY,-1,2007-01-10 00:00:00+00:00,2007-01-11 00:00:00+00:00,101.80000305175781,103.93823897838593,398.3028004544472,2007-01-25 00:00:00+00:00,102.55000305175781,native,-315.00573628161817,16.278635940782728,-0.36987031756961647,10
EURAUD,-1,2007-01-24 00:00:00+00:00,2007-01-25 00:00:00+00:00,1.660599946975708,1.6954380171373487,25062.577616708782,2007-02-05 00:00:00+00:00,1.673200011253357,native,-332.50081297643516,16.71072404233929,-0.3808139833159449,7
EURGBP,-1,2007-01-29 00:00:00+00:00,2007-01-30 00:00:00+00:00,0.6607499718666077,0.6698396094143391,95263.59749113441,2007-02-05 00:00:00+00:00,0.6592000126838684,native,122.50605090483117,25.148636807329126,0.14147639870966208,4
AUDCAD,1,2007-01-30 00:00:00+00:00,2007-01-31 00:00:00+00:00,0.909600019454956,0.8856170112267137,36054.077762590976,2007-02-05 00:00:00+00:00,0.9169800281524658,native,252.9082756534078,13.171131815207023,0.29248593926293937,3
AUDCHF,1,2007-01-24 00:00:00+00:00,2007-01-25 00:00:00+00:00,0.9736999869346619,0.951397015247494,39148.67712201891,2007-02-06 00:00:00+00:00,0.9679999947547913,native,-238.35015057798518,15.202997130198089,-0.2729830025167205,8
AUDJPY,1,2007-01-30 00:00:00+00:00,2007-01-31 00:00:00+00:00,93.86000061035156,91.42330026626587,354.85908053514095,2007-02-08 00:00:00+00:00,93.91999816894531,native,7.963590934989131,13.327087541942237,0.009209814777742487,6
NZDUSD,1,2007-01-30 00:00:00+00:00,2007-01-31 00:00:00+00:00,0.6877105832099915,0.6696965014562011,48000.51734304862,2007-02-08 00:00:00+00:00,0.6882786154747009,native,14.056203894535795,13.20963867906243,0.016255861884878937,6
NZDCAD,1,2007-01-30 00:00:00+00:00,2007-01-31 00:00:00+00:00,0.8101999759674072,0.7852950980886817,34719.51349661304,2007-02-08 00:00:00+00:00,0.8152400255203247,native,163.7011712621994,11.286897213917607,0.18931879833257853,6
CHFJPY,1,2007-02-05 00:00:00+00:00,2007-02-06 00:00:00+00:00,96.2699966430664,94.28667223453522,435.05682909400883,2007-02-08 00:00:00+00:00,97.18000030517578,native,379.07095924913096,16.832348452109585,0.43931979003122557,2
EURJPY,1,2007-02-05 00:00:00+00:00,2007-02-06 00:00:00+00:00,155.42999267578125,152.31060254573822,276.61138628672495,2007-02-08 00:00:00+00:00,157.05999755859375,native,433.59025240900513,17.28765787989112,0.5025042778935773,2
NZDJPY,1,2007-02-06 00:00:00+00:00,2007-02-07 00:00:00+00:00,81.66999816894531,79.05183547735214,324.4425853119739,2007-02-08 00:00:00+00:00,82.94000244140625,native,401.36217068123347,10.681298833245613,0.4725001529932023,1
GBPNZD,-1,2007-01-30 00:00:00+00:00,2007-01-31 00:00:00+00:00,2.8533999919891357,2.9245127011090517,12159.362993523548,2007-02-09 00:00:00+00:00,2.8582000732421875,native,-72.25581404765977,13.889883693396087,-0.0835631399737207,7
EURCHF,1,2007-02-05 00:00:00+00:00,2007-02-06 00:00:00+00:00,1.6138999462127686,1.5977645297534764,53476.08042328654,2007-02-09 00:00:00+00:00,1.6241999864578247,native,516.1736020240845,34.63217848362628,0.5982132709666339,3
NZDCHF,1,2007-01-30 00:00:00+00:00,2007-01-31 00:00:00+00:00,0.8601999878883362,0.8364905565977097,36470.09635291262,2007-02-13 00:00:00+00:00,0.8562999963760376,native,-154.75325019224968,12.52018396317894,-0.17897061541197892,9
EURNZD,-1,2007-01-30 00:00:00+00:00,2007-01-31 00:00:00+00:00,1.8847999572753906,1.9353827368468046,17094.45884485504,2007-02-14 00:00:00+00:00,1.8883999586105347,native,-74.44023680014753,12.90016213510449,-0.08608940345346662,10
GBPUSD,1,2007-02-12 00:00:00+00:00,2007-02-13 00:00:00+00:00,1.9471162557601929,1.9050898039713502,21163.57896695486,2007-02-15 00:00:00+00:00,1.9649066925048828,native,359.9508315856314,16.5584813172295,0.4046982657610956,2
EURCAD,1,2007-02-13 00:00:00+00:00,2007-02-14 00:00:00+00:00,1.521399974822998,1.4881152529269457,26264.997619433827,2007-02-15 00:00:00+00:00,1.5311000347137451,native,238.73726884207647,16.03478109676086,0.2730850483662224,1
EURGBP,-1,2007-02-08 00:00:00+00:00,2007-02-09 00:00:00+00:00,0.6654499769210815,0.6754667500499636,88256.32528657126,2007-02-19 00:00:00+00:00,0.6754667500499636,stop,-907.7124641519525,23.668876567552203,-1.0267734271250426,6
CADCHF,-1,2007-02-12 00:00:00+00:00,2007-02-13 00:00:00+00:00,1.0657999515533447,1.0904135834425688,36135.67209979643,2007-02-19 00:00:00+00:00,1.0592000484466553,native,223.13427391134437,15.357660642413483,0.25087330201736097,4
AUDCAD,1,2007-02-12 00:00:00+00:00,2007-02-13 00:00:00+00:00,0.9070000052452087,0.8834178252145648,37716.19629645438,2007-02-19 00:00:00+00:00,0.916100025177002,native,329.46605832606497,13.752079723095209,0.37042376550249073,4
CHFJPY,1,2007-02-15 00:00:00+00:00,2007-02-16 00:00:00+00:00,96.62000274658203,94.55595242977142,423.6111272440721,2007-02-20 00:00:00+00:00,97.04000091552734,native,161.5085912966906,16.40730649067946,0.1847174776252679,2
USDCAD,1,2007-02-09 00:00:00+00:00,2007-02-12 00:00:00+00:00,1.1736500263214111,1.1478434707969427,34249.69265396209,2007-02-21 00:00:00+00:00,1.1699999570846558,native,-141.06760784857767,16.05385832402423,-0.15960282764320696,7
GBPCAD,1,2007-02-09 00:00:00+00:00,2007-02-12 00:00:00+00:00,2.2929999828338623,2.2337229512631893,14910.776935863627,2007-02-21 00:00:00+00:00,2.289099931716919,native,-71.81732618794952,13.664533944741297,-0.08125358123088675,7
USDJPY,1,2007-02-15 00:00:00+00:00,2007-02-16 00:00:00+00:00,119.37000274658203,116.9157527089119,356.26145175601863,2007-02-21 00:00:00+00:00,120.0199966430664,native,214.51068345038902,17.057085743685715,0.24533600381566864,3
GBPJPY,1,2007-02-15 00:00:00+00:00,2007-02-16 00:00:00+00:00,232.9600067138672,226.6001558303833,137.48037452627503,2007-02-21 00:00:00+00:00,234.7899932861328,native,238.72595029619936,12.86128903693303,0.273031019764164,3
GBPCHF,1,2007-02-09 00:00:00+00:00,2007-02-12 00:00:00+00:00,2.4361000061035156,2.3888477981090546,18705.297227042985,2007-02-22 00:00:00+00:00,2.4185500144958496,native,-346.4393436672191,18.161534313716295,-0.39195886071518443,8
GBPAUD,1,2007-02-08 00:00:00+00:00,2007-02-09 00:00:00+00:00,2.5053000450134277,2.4541419818997383,17280.630535596618,2007-02-23 00:00:00+00:00,2.4779999256134033,max_hold,-488.9861900575859,17.222913128090347,-0.5531245256738,10
EURGBP,-1,2007-02-19 00:00:00+00:00,2007-02-20 00:00:00+00:00,0.6739000082015991,0.6852896427735686,76945.42559880615,2007-02-23 00:00:00+00:00,0.670799970626831,native,217.84000812808787,20.693702434731836,0.24856790278152213,3
GBPCHF,1,2007-02-27 00:00:00+00:00,2007-02-28 00:00:00+00:00,2.390399932861328,2.3450936395674944,19589.308868043605,2007-03-05 00:00:00+00:00,2.3450936395674944,stop,-906.0719822456703,18.553009246588687,-1.020904352257276,3
USDJPY,1,2007-02-27 00:00:00+00:00,2007-02-28 00:00:00+00:00,118.0999984741211,115.26052296161652,312.5644046200067,2007-03-05 00:00:00+00:00,115.26052296161652,stop,-902.1070114879568,14.58803848887513,-1.0164368750783768,3
EURJPY,1,2007-02-27 00:00:00+00:00,2007-02-28 00:00:00+00:00,156.25999450683594,152.67690408229828,247.6965043698561,2007-03-05 00:00:00+00:00,152.67690408229828,stop,-902.8234909693604,15.304517970278656,-1.0172441586443635,3
CHFJPY,1,2007-02-27 00:00:00+00:00,2007-02-28 00:00:00+00:00,96.93000030517578,94.83193171024323,423.01713830648686,2007-03-05 00:00:00+00:00,94.83193171024323,stop,-903.7426897425388,16.223716743457125,-1.018279853430777,3
AUDJPY,1,2007-02-27 00:00:00+00:00,2007-02-28 00:00:00+00:00,92.80000305175781,90.07200103998184,325.3366270141764,2007-03-05 00:00:00+00:00,90.07200103998184,stop,-899.4179651963875,11.898992197305848,-1.0134070285360741,3
GBPJPY,1,2007-02-27 00:00:00+00:00,2007-02-28 00:00:00+00:00,231.75,225.11087608337402,133.6801337261561,2007-03-05 00:00:00+00:00,224.52999877929688,stop_gap,-977.3698429372813,12.19911425067735,-1.1012382525576638,3
NZDJPY,1,2007-02-27 00:00:00+00:00,2007-02-28 00:00:00+00:00,82.33000183105469,79.28372800350189,291.3457631325495,2007-03-05 00:00:00+00:00,79.28372800350189,stop,-896.936068089351,9.417095090269315,-1.0106105845359534,3
AUDCHF,1,2007-02-27 00:00:00+00:00,2007-02-28 00:00:00+00:00,0.9569000005722046,0.934994884300977,40516.51504652542,2007-03-09 00:00:00+00:00,0.9542999863624573,native,-120.83054745591845,15.487032605511484,-0.1361441852308925,7
NZDCHF,1,2007-03-05 00:00:00+00:00,2007-03-06 00:00:00+00:00,0.8218500018119812,0.7926469957455993,27472.940425399032,2007-03-09 00:00:00+00:00,0.8436999917030334,native,591.1319594229772,9.151511149472348,0.736803596295491,3
EURNZD,-1,2007-02-27 00:00:00+00:00,2007-02-28 00:00:00+00:00,1.8961000442504883,1.9477516058832407,17182.810063119236,2007-03-12 00:00:00+00:00,1.8902000188827515,native,88.36716029604797,13.011854965358967,0.09956650278409249,8
EURGBP,-1,2007-02-27 00:00:00+00:00,2007-02-28 00:00:00+00:00,0.6740000247955322,0.6845661771949381,83996.41983670321,2007-03-12 00:00:00+00:00,0.6772000193595886,native,-291.4872801160942,22.69919323844509,-0.32842935079022345,8
AUDNZD,-1,2007-03-05 00:00:00+00:00,2007-03-06 00:00:00+00:00,1.1421500444412231,1.1703246552497149,28475.724167322653,2007-03-12 00:00:00+00:00,1.1259000301361084,native,449.81405140322687,12.916873664267934,0.5606609581076559,4
GBPUSD,1,2007-03-05 00:00:00+00:00,2007-03-06 00:00:00+00:00,1.9204179048538208,1.8835178473964334,21742.30885224969,2007-03-12 00:00:00+00:00,1.9376839399337769,native,358.626658983621,16.77680837856125,0.4470024126668759,4
NZDJPY,1,2007-03-05 00:00:00+00:00,2007-03-06 00:00:00+00:00,77.86000061035156,74.23841691017151,221.5308307976949,2007-03-12 00:00:00+00:00,82.01000213623047,native,912.2700589340396,7.0832269056160175,1.1370792079511665,4
NZDUSD,1,2007-03-05 00:00:00+00:00,2007-03-06 00:00:00+00:00,0.673582136631012,0.6523688570596278,37820.292859692265,2007-03-12 00:00:00+00:00,0.6942033767700195,native,769.5553314500931,10.34600973721431,0.9591955344696215,4
EURJPY,1,2007-03-05 00:00:00+00:00,2007-03-06 00:00:00+00:00,151.24000549316406,147.0705144405365,192.41975478006654,2007-03-12 00:00:00+00:00,155.13999938964844,native,738.6451561234664,11.790713081813275,0.9206682175486859,4
GBPCAD,1,2007-03-05 00:00:00+00:00,2007-03-06 00:00:00+00:00,2.2669999599456787,2.2133970130234957,14967.319745852568,2007-03-15 00:00:00+00:00,2.2792999744415283,native,170.48906488229832,13.609184955704375,0.21250239330140674,7
CADJPY,-1,2007-03-21 00:00:00+00:00,2007-03-22 00:00:00+00:00,101.45999908447266,104.85879385471344,252.67005555984852,2007-03-29 00:00:00+00:00,100.79100036621094,native,158.81538905900808,10.220554253647824,0.18493276613081677,5
GBPCAD,1,2007-03-30 00:00:00+00:00,2007-04-02 00:00:00+00:00,2.267899990081787,2.2175543066114187,17026.944730888245,2007-04-03 00:00:00+00:00,2.2869999408721924,native,309.7026005950998,15.51120587581602,0.36128163430177357,1
USDCAD,1,2007-03-20 00:00:00+00:00,2007-03-21 00:00:00+00:00,1.159999966621399,1.1378390821628273,38820.65719172486,2007-04-04 00:00:00+00:00,1.1588000059127808,native,-64.58673107879108,18.00346776598608,-0.07507465264914032,10
CADCHF,-1,2007-03-22 00:00:00+00:00,2007-03-23 00:00:00+00:00,1.04830002784729,1.0777508364990354,29129.979688798165,2007-04-06 00:00:00+00:00,1.054900050163269,max_hold,-204.51175112086827,12.25323511078526,-0.23838606316723518,10
EURGBP,1,2007-04-03 00:00:00+00:00,2007-04-04 00:00:00+00:00,0.675000011920929,0.6625369028188288,69195.21292236312,2007-04-06 00:00:00+00:00,0.6811000108718872,native,403.3236002735138,18.767125964234083,0.4676825741192856,2
USDCHF,-1,2007-04-03 00:00:00+00:00,2007-04-04 00:00:00+00:00,1.2228000164031982,1.2487125415354967,33280.71979058283,2007-04-06 00:00:00+00:00,1.2146999835968018,native,253.35057122630053,16.22435089790913,0.2937781157000366,2
GBPUSD,1,2007-04-09 00:00:00+00:00,2007-04-10 00:00:00+00:00,1.9620155096054077,1.9286160506308079,25990.567845830818,2007-04-11 00:00:00+00:00,1.9718031883239746,native,233.93889143576104,20.44843635234629,0.26949283776800637,1
EURCAD,1,2007-04-11 00:00:00+00:00,2007-04-12 00:00:00+00:00,1.531000018119812,1.5014243079349399,29311.296248800456,2007-04-16 00:00:00+00:00,1.542199969291687,native,310.26919171836226,18.015895052565654,0.3579055619704794,2
GBPCAD,1,2007-04-06 00:00:00+00:00,2007-04-09 00:00:00+00:00,2.2613000869750977,2.208087507635355,16328.113506278658,2007-04-18 00:00:00+00:00,2.26990008354187,native,125.62452995509345,14.797190140774052,0.14458529596070271,7
CADCHF,-1,2007-04-06 00:00:00+00:00,2007-04-09 00:00:00+00:00,1.061900019645691,1.0875228773802519,33909.60697757097,2007-04-20 00:00:00+00:00,1.0666999816894531,native,-177.2008243027811,14.435997891546357,-0.2039461053940389,9
EURGBP,1,2007-04-17 00:00:00+00:00,2007-04-18 00:00:00+00:00,0.6759999990463257,0.6643020319752395,74667.59691663586,2007-04-25 00:00:00+00:00,0.6808000206947327,native,338.14428224027677,20.261799394101786,0.38713236384912136,5
USDJPY,1,2007-04-19 00:00:00+00:00,2007-04-20 00:00:00+00:00,118.26000213623047,115.56229764223099,324.9414816846813,2007-04-27 00:00:00+00:00,119.54000091552734,native,400.47048283205794,15.454217067251985,0.4568472126683421,5
GBPCHF,1,2007-04-24 00:00:00+00:00,2007-04-25 00:00:00+00:00,2.4042999744415283,2.3609069427475333,20116.876131994195,2007-05-01 00:00:00+00:00,2.4123001098632812,native,141.55874386392028,19.37898945466253,0.16216464096159858,4
AUDCHF,1,2007-04-19 00:00:00+00:00,2007-04-20 00:00:00+00:00,1.0069999694824219,0.9825462475419044,35847.1441508943,2007-05-02 00:00:00+00:00,1.00409996509552,native,-118.37531314683059,14.418437851333916,-0.13503974494557333,8
AUDCAD,1,2007-04-23 00:00:00+00:00,2007-04-24 00:00:00+00:00,0.9340999722480774,0.9102556733414531,36745.31889413796,2007-05-03 00:00:00+00:00,0.9102556733414531,stop,-889.720654401334,13.554287270278198,-1.0154699926620794,7
GBPCAD,1,2007-04-23 00:00:00+00:00,2007-04-24 00:00:00+00:00,2.2446999549865723,2.195182431489229,17694.066771696846,2007-05-04 00:00:00+00:00,2.195182431489229,stop,-891.8782822120124,15.711915080956715,-1.0179325704231312,8
CADCHF,-1,2007-04-23 00:00:00+00:00,2007-04-24 00:00:00+00:00,1.07669997215271,1.1005063597112894,36803.835314161275,2007-05-08 00:00:00+00:00,1.0987000465393066,max_hold,-825.6997274296747,16.01261280607287,-0.9424006197970933,10
GBPAUD,-1,2007-04-24 00:00:00+00:00,2007-04-25 00:00:00+00:00,2.4168999195098877,2.4689379539340734,16774.8888527212,2007-05-09 00:00:00+00:00,2.4035298824310303,native,208.10845112461374,16.172434829980755,0.23840160866459084,10
NZDCAD,1,2007-04-24 00:00:00+00:00,2007-04-25 00:00:00+00:00,0.8328999876976013,0.8078418243676424,34836.24206951112,2007-05-09 00:00:00+00:00,0.812720000743866,max_hold,-714.4603537342556,11.465443254354609,-0.8184602630833466,10
EURAUD,-1,2007-04-24 00:00:00+00:00,2007-04-25 00:00:00+00:00,1.6461999416351318,1.6800166154280305,25813.66366561774,2007-05-09 00:00:00+00:00,1.635599970817566,native,256.68102571842815,16.943055831581535,0.29404461526797143,10
EURNZD,-1,2007-04-27 00:00:00+00:00,2007-04-30 00:00:00+00:00,1.8437999486923218,1.8925984222441912,17778.601459630925,2007-05-09 00:00:00+00:00,1.8410999774932861,native,34.8992384588811,13.102473441255468,0.040226488062418575,7
AUDCAD,1,2007-05-03 00:00:00+00:00,2007-05-04 00:00:00+00:00,0.9117000102996826,0.8892090171575546,37685.98761767694,2007-05-09 00:00:00+00:00,0.914900004863739,native,106.82751040688342,13.767445110779445,0.1260359888560932,3
AUDJPY,1,2007-05-04 00:00:00+00:00,2007-05-07 00:00:00+00:00,98.48999786376953,95.78858280181885,311.9642275329648,2007-05-09 00:00:00+00:00,99.26899719238281,native,230.6811773734629,12.338746426077595,0.273725996429478,2
GBPUSD,1,2007-04-26 00:00:00+00:00,2007-04-27 00:00:00+00:00,1.9906044006347656,1.95951883867383,28117.377420385084,2007-05-11 00:00:00+00:00,1.9796099662780762,max_hold,-331.4610634895507,22.32640315886472,-0.379226769163327,10
EURCAD,1,2007-05-01 00:00:00+00:00,2007-05-02 00:00:00+00:00,1.5119999647140503,1.480607284232974,27605.431668562527,2007-05-14 00:00:00+00:00,1.5038000345230103,native,-243.01310473673658,16.65049216099792,-0.28041855795633713,8
NZDUSD,1,2007-05-03 00:00:00+00:00,2007-05-04 00:00:00+00:00,0.7363227605819702,0.7161248452030122,41964.49352127249,2007-05-14 00:00:00+00:00,0.7380073666572571,native,58.31973731772245,12.37390341454948,0.06880611309456415,6
GBPNZD,-1,2007-05-09 00:00:00+00:00,2007-05-10 00:00:00+00:00,2.7183001041412354,2.7742701284587383,15205.79956312321,2007-05-14 00:00:00+00:00,2.686000108718872,native,474.7119151191143,16.43534116313898,0.5577831305323981,2
NZDCAD,1,2007-05-09 00:00:00+00:00,2007-05-10 00:00:00+00:00,0.8102999925613403,0.7884391229599714,38931.1581302232,2007-05-14 00:00:00+00:00,0.8195000290870667,native,345.4780763141935,12.690000472687066,0.40593428730030723,2
EURGBP,1,2007-05-09 00:00:00+00:00,2007-05-10 00:00:00+00:00,0.6784999966621399,0.6686297517735511,86225.71992099429,2007-05-14 00:00:00+00:00,0.682699978351593,native,338.67235526768985,23.474089560399715,0.39793761338093336,2
EURJPY,1,2007-05-08 00:00:00+00:00,2007-05-09 00:00:00+00:00,162.45700073242188,159.48173302412033,286.3269892415161,2007-05-15 00:00:00+00:00,162.9600067138672,native,125.38905383969424,18.635134398016,0.14718762238912825,4
CHFJPY,1,2007-05-10 00:00:00+00:00,2007-05-11 00:00:00+00:00,98.22200012207031,96.43490540981293,470.6357654129425,2007-05-16 00:00:00+00:00,98.94000244140625,native,319.35927313157487,18.558297997362065,0.3797056273341553,3
USDCHF,-1,2007-05-10 00:00:00+00:00,2007-05-11 00:00:00+00:00,1.2201000452041626,1.2432434521615505,36341.697197706104,2007-05-16 00:00:00+00:00,1.214709997177124,native,178.18646742089814,17.697025858830937,0.21185670837443993,3
AUDNZD,-1,2007-05-09 00:00:00+00:00,2007-05-10 00:00:00+00:00,1.1291999816894531,1.1496146698482335,41689.05078028529,2007-05-17 00:00:00+00:00,1.1243000030517578,native,185.48620318974332,18.789255059449694,0.21794497207803,5
GBPUSD,1,2007-05-21 00:00:00+00:00,2007-05-22 00:00:00+00:00,1.9716088771820068,1.9420985598117113,29205.097816143094,2007-05-24 00:00:00+00:00,1.986215591430664,native,403.47278825549387,23.117730148991527,0.4681464174573987,2
USDCHF,-1,2007-05-18 00:00:00+00:00,2007-05-21 00:00:00+00:00,1.2283999919891357,1.249728114809841,40602.51674103756,2007-05-28 00:00:00+00:00,1.226989984512329,native,37.310849656694444,19.939002525335308,0.04308534272947163,5
EURJPY,1,2007-05-24 00:00:00+00:00,2007-05-25 00:00:00+00:00,162.97000122070312,160.30060815811157,319.5590142295654,2007-05-28 00:00:00+00:00,163.74099731445312,native,225.49806276762527,20.880688925970304,0.264349939292152,1
AUDCAD,1,2007-05-17 00:00:00+00:00,2007-05-18 00:00:00+00:00,0.904699981212616,0.8802590891718864,35639.9024553741,2007-05-29 00:00:00+00:00,0.8802590891718864,stop,-883.7941616849971,12.723153431067779,-1.0146063332501118,7
NZDCAD,1,2007-05-17 00:00:00+00:00,2007-05-18 00:00:00+00:00,0.8015999794006348,0.7791588543914258,38815.835119517295,2007-05-29 00:00:00+00:00,0.7791588543914258,stop,-883.342703105168,12.271694851238614,-1.0140880533675865,7
GBPNZD,-1,2007-05-23 00:00:00+00:00,2007-05-24 00:00:00+00:00,2.7221999168395996,2.7758801728487015,16163.317933545139,2007-05-30 00:00:00+00:00,2.723400115966797,native,-37.00299301028751,17.603792933834725,-0.04264732145409989,4
EURGBP,1,2007-05-23 00:00:00+00:00,2007-05-24 00:00:00+00:00,0.6773999929428101,0.6682888544164598,95229.70615800461,2007-05-30 00:00:00+00:00,0.6789000034332275,native,117.0135482129825,25.83201002339856,0.1348624529841811,4
AUDUSD,1,2007-05-22 00:00:00+00:00,2007-05-23 00:00:00+00:00,0.8200082182884216,0.8014932996593416,46556.961251497676,2007-05-31 00:00:00+00:00,0.8229098320007324,native,119.79246276952817,15.297854401339652,0.13897064058448985,6
NZDUSD,1,2007-05-22 00:00:00+00:00,2007-05-23 00:00:00+00:00,0.7271140813827515,0.7095508985221386,49079.84822738634,2007-05-31 00:00:00+00:00,0.7307804822921753,native,165.63575139193333,14.310648783339408,0.1921532118336709,6
GBPAUD,-1,2007-05-22 00:00:00+00:00,2007-05-23 00:00:00+00:00,2.407949924468994,2.4559203051030636,17969.38731348122,2007-05-31 00:00:00+00:00,2.4013500213623047,native,101.31218046888138,17.284034686669372,0.11753175695084964,6
EURCHF,1,2007-05-24 00:00:00+00:00,2007-05-25 00:00:00+00:00,1.6482000350952148,1.6323735225014389,53898.71019396044,2007-06-04 00:00:00+00:00,1.6526999473571777,native,206.95661659909672,35.582850306690126,0.24261392032648077,6
GBPCHF,1,2007-05-30 00:00:00+00:00,2007-05-31 00:00:00+00:00,2.4221999645233154,2.3882308350875974,25427.876750269777,2007-06-04 00:00:00+00:00,2.437730073928833,native,370.1821674751674,24.71554040653902,0.42856922269310455,2
GBPUSD,1,2007-05-30 00:00:00+00:00,2007-05-31 00:00:00+00:00,1.9764018058776855,1.9493175130337477,31891.65179916193,2007-06-04 00:00:00+00:00,1.982199788093567,native,159.65796123731354,25.249268729307715,0.1848400445946153,2
EURGBP,1,2007-06-04 00:00:00+00:00,2007-06-05 00:00:00+00:00,0.6773499846458435,0.6692678120452911,107903.89869979535,2007-06-08 00:00:00+00:00,0.678600013256073,native,105.62050228692985,29.262458243119223,0.12111082737606993,3
USDJPY,1,2007-06-06 00:00:00+00:00,2007-06-07 00:00:00+00:00,121.01000213623047,119.22799718379974,489.2730816133797,2007-06-11 00:00:00+00:00,121.66999816894531,native,299.1709344599467,23.74735831904986,0.3431303778475772,2
EURCHF,1,2007-06-06 00:00:00+00:00,2007-06-07 00:00:00+00:00,1.6420199871063232,1.6257208245806396,53492.75173814583,2007-06-11 00:00:00+00:00,1.6506999731063843,native,429.0890059168672,35.22733027497916,0.49213829209805043,2
EURJPY,1,2007-06-07 00:00:00+00:00,2007-06-08 00:00:00+00:00,162.3000030517578,159.5226457118988,314.3875990066083,2007-06-14 00:00:00+00:00,163.14500427246094,native,245.19473004223875,20.463174892269834,0.2808109018041852,4
GBPJPY,1,2007-06-07 00:00:00+00:00,2007-06-08 00:00:00+00:00,239.0709991455078,234.7834175825119,203.65016801022364,2007-06-14 00:00:00+00:00,241.77999877929688,native,532.1031532577229,19.585077303054035,0.609394689247243,4
CHFJPY,1,2007-06-07 00:00:00+00:00,2007-06-08 00:00:00+00:00,98.7300033569336,97.11518639326096,540.7217816660651,2007-06-15 00:00:00+00:00,98.64199829101562,native,-68.9309241152189,21.344668076415328,-0.07894360111106793,5
AUDCAD,-1,2007-06-07 00:00:00+00:00,2007-06-08 00:00:00+00:00,0.8939999938011169,0.9163668844848871,39038.35888531614,2007-06-15 00:00:00+00:00,0.8921999931335449,native,56.32300882830474,13.946063226180467,0.06450430194269166,5
EURUSD,1,2007-06-08 00:00:00+00:00,2007-06-11 00:00:00+00:00,1.3362016677856445,1.3169359751045704,45649.206929503096,2007-06-18 00:00:00+00:00,1.338401436805725,native,75.99900907961145,24.41870211515657,0.08641518510246839,5
GBPUSD,1,2007-06-08 00:00:00+00:00,2007-06-11 00:00:00+00:00,1.9676132202148438,1.9389308029785752,30662.1155599988,2007-06-18 00:00:00+00:00,1.9764018058776855,native,245.29026030291965,24.18636890008417,0.27890894242719805,5
AUDUSD,1,2007-06-14 00:00:00+00:00,2007-06-15 00:00:00+00:00,0.8361903429031372,0.8179978956468403,48725.20086566229,2007-06-18 00:00:00+00:00,0.8425309658050537,native,292.5889179164454,16.359206592854818,0.3300753634504244,1
USDCAD,-1,2007-06-18 00:00:00+00:00,2007-06-19 00:00:00+00:00,1.0709999799728394,1.0942610171623528,38346.11221109159,2007-06-20 00:00:00+00:00,1.062399983406067,native,313.4149144870859,16.361518877373246,0.3513736944533745,1
EURCAD,-1,2007-06-15 00:00:00+00:00,2007-06-18 00:00:00+00:00,1.4289000034332275,1.4592697424814105,29455.238925671856,2007-06-29 00:00:00+00:00,1.4241000413894653,native,124.57686923813102,16.807159595040986,0.13926237654158288,9
GBPCAD,-1,2007-06-18 00:00:00+00:00,2007-06-19 00:00:00+00:00,2.123800039291382,2.1726519279181957,18258.666497611543,2007-06-29 00:00:00+00:00,2.119999885559082,native,53.888514135629194,15.49722550208671,0.06041514116016687,8
USDCHF,1,2007-06-20 00:00:00+00:00,2007-06-21 00:00:00+00:00,1.2381999492645264,1.2201727638021111,49739.16082197934,2007-06-29 00:00:00+00:00,1.2314000129699707,native,-362.7902908716256,24.567165937507152,-0.40460316460434076,6
CADCHF,1,2007-06-22 00:00:00+00:00,2007-06-25 00:00:00+00:00,1.1495000123977661,1.1200947482138872,30169.255605528986,2007-06-29 00:00:00+00:00,1.1620999574661255,native,366.183113313247,13.947850069711372,0.4127704821315944,4
GBPAUD,-1,2007-06-27 00:00:00+00:00,2007-06-28 00:00:00+00:00,2.3810999393463135,2.4296638313680887,18252.10490166864,2007-07-02 00:00:00+00:00,2.357800006866455,native,407.97383203681443,17.298979787357467,0.4602627911410706,2
AUDJPY,1,2007-06-27 00:00:00+00:00,2007-06-28 00:00:00+00:00,103.37000274658203,100.75330275297165,338.7446989640386,2007-07-02 00:00:00+00:00,104.8499984741211,native,487.2340228669233,14.106684326359767,0.5496815572313132,2
AUDUSD,1,2007-06-27 00:00:00+00:00,2007-06-28 00:00:00+00:00,0.8397011160850525,0.8223748225718737,51158.85004144349,2007-07-02 00:00:00+00:00,0.851716160774231,native,597.3696769300531,17.30619256487016,0.6739330154441263,2
EURAUD,-1,2007-06-27 00:00:00+00:00,2007-06-28 00:00:00+00:00,1.6023999452590942,1.6356436321511865,26663.5062017023,2007-07-03 00:00:00+00:00,1.5856000185012817,native,430.9442999341277,17.0006513609503,0.4861773249616607,3
AUDCHF,1,2007-06-27 00:00:00+00:00,2007-06-28 00:00:00+00:00,1.0313999652862549,1.006026117131114,34933.339483832395,2007-07-05 00:00:00+00:00,1.0435999631881714,native,411.68933302362717,14.497335386065014,0.4644544983545949,5
USDJPY,1,2007-07-02 00:00:00+00:00,2007-07-03 00:00:00+00:00,122.2300033569336,120.28582400083542,473.70784053926263,2007-07-06 00:00:00+00:00,122.94999694824219,native,317.83787164330624,23.228737697596117,0.3451109534431644,3
NZDCAD,1,2007-07-09 00:00:00+00:00,2007-07-10 00:00:00+00:00,0.8180000185966492,0.7951167244464159,40453.33836264855,2007-07-12 00:00:00+00:00,0.8241999745368958,native,237.52242108803372,13.286494396274085,0.25658525835800694,2
NZDUSD,1,2007-07-10 00:00:00+00:00,2007-07-11 00:00:00+00:00,0.774713397026062,0.7555752671323717,48347.21952206341,2007-07-13 00:00:00+00:00,0.7872155904769897,native,589.3433065519698,15.102984727336857,0.6369382860885474,2
NZDJPY,1,2007-07-10 00:00:00+00:00,2007-07-11 00:00:00+00:00,93.89800262451172,90.89134430885315,307.74210770582414,2007-07-13 00:00:00+00:00,96.29399871826172,native,725.6428704731436,11.706017472402806,0.7842453135433732,2
GBPNZD,-1,2007-07-10 00:00:00+00:00,2007-07-11 00:00:00+00:00,2.6166999340057373,2.6821944154798985,14127.531761237784,2007-07-13 00:00:00+00:00,2.577899932861328,native,533.4708735824859,14.677374921217208,0.5765536320175808,2
AUDCHF,1,2007-07-10 00:00:00+00:00,2007-07-11 00:00:00+00:00,1.0313999652862549,1.004152194596827,33957.83742304535,2007-07-13 00:00:00+00:00,1.0433000326156616,native,390.0100866492183,14.090465046069163,0.42150704586935583,2
EURNZD,-1,2007-07-10 00:00:00+00:00,2007-07-11 00:00:00+00:00,1.7755999565124512,1.8232252709567547,19428.225892221566,2007-07-16 00:00:00+00:00,1.7457000017166138,native,567.2205537361937,13.682522204548928,0.6130289142412938,3
NZDCHF,1,2007-07-10 00:00:00+00:00,2007-07-11 00:00:00+00:00,0.9298999905586243,0.9026169879361987,33913.98593538496,2007-07-16 00:00:00+00:00,0.9480299949645996,native,602.1230962093806,12.737618223334461,0.6507501631905156,3
AUDNZD,-1,2007-07-10 00:00:00+00:00,2007-07-11 00:00:00+00:00,1.1085000038146973,1.1322773369029164,38914.177791892595,2007-07-17 00:00:00+00:00,1.0983999967575073,native,375.85753052462036,17.17593979823893,0.4062115385791946,4
GBPCHF,1,2007-07-10 00:00:00+00:00,2007-07-11 00:00:00+00:00,2.435499906539917,2.398363459855318,24915.56004456769,2007-07-17 00:00:00+00:00,2.4490599632263184,native,313.5160976324856,24.340308945289276,0.33883545238770924,4
USDJPY,1,2007-07-10 00:00:00+00:00,2007-07-11 00:00:00+00:00,121.30999755859375,119.05898761749268,411.0489919735387,2007-07-25 00:00:00+00:00,120.22000122070312,max_hold,-467.8980284507101,19.85613250592,-0.5056851668499018,10
EURJPY,1,2007-07-23 00:00:00+00:00,2007-07-24 00:00:00+00:00,167.0399932861328,164.07216173410416,326.15276675996586,2007-07-26 00:00:00+00:00,164.07216173410416,stop,-989.5651010652108,21.598629093541003,-1.022313406217001,2
CHFJPY,1,2007-07-23 00:00:00+00:00,2007-07-24 00:00:00+00:00,100.33999633789062,98.55034172534943,540.8677546988897,2007-07-26 00:00:00+00:00,98.55034172534943,stop,-989.481146087583,21.514674115913554,-1.0222266728640816,2
GBPJPY,1,2007-07-24 00:00:00+00:00,2007-07-25 00:00:00+00:00,247.83999633789062,243.26555287837982,209.67506815939603,2007-07-26 00:00:00+00:00,243.26555287837982,stop,-979.741262065307,20.594517901075825,-1.0214717070420973,1
NZDUSD,1,2007-07-26 00:00:00+00:00,2007-07-27 00:00:00+00:00,0.781921923160553,0.7584861498326063,39887.13498028577,2007-07-30 00:00:00+00:00,0.7584861498326063,stop,-947.0743470456297,12.288492946440009,-1.013145784023745,1
CADJPY,1,2007-07-26 00:00:00+00:00,2007-07-27 00:00:00+00:00,112.43000030517578,108.2424908876419,223.23194072951065,2007-08-02 00:00:00+00:00,112.5999984741211,native,27.902244504152968,10.046776669972372,0.029848809095470413,4
EURCAD,-1,2007-07-30 00:00:00+00:00,2007-07-31 00:00:00+00:00,1.4607000350952148,1.498160501010716,24598.79049894575,2007-08-02 00:00:00+00:00,1.4437999725341797,native,401.431660919608,14.289437438372362,0.4356369351176814,2
CHFJPY,1,2007-07-26 00:00:00+00:00,2007-07-27 00:00:00+00:00,98.45999908447266,96.39259958267212,452.1554026133154,2007-08-03 00:00:00+00:00,99.01000213623047,native,230.8294257249061,17.857425581199784,0.2469329469553707,5
GBPJPY,1,2007-07-26 00:00:00+00:00,2007-07-27 00:00:00+00:00,242.58999633789062,236.97139608860016,166.37344046984606,2007-08-03 00:00:00+00:00,242.6699981689453,native,-2.8366950852404447,16.146874961696177,-0.003034593509092024,5
GBPNZD,-1,2007-07-26 00:00:00+00:00,2007-07-27 00:00:00+00:00,2.61899995803833,2.6948129534721375,12330.153277156222,2007-08-06 00:00:00+00:00,2.6948129534721375,stop,-947.8898796362008,13.104025537011168,-1.0140182112079978,6
EURJPY,1,2007-07-26 00:00:00+00:00,2007-07-27 00:00:00+00:00,162.85000610351562,159.20390057563782,256.3792646570149,2007-08-07 00:00:00+00:00,163.91000366210938,native,255.00649640589074,16.754898204605993,0.27279670021496943,7
AUDJPY,1,2007-07-26 00:00:00+00:00,2007-07-27 00:00:00+00:00,103.22000122070312,99.4588532447815,248.53737743996362,2007-08-09 00:00:00+00:00,103.2300033569336,native,-7.776203834520917,10.262108542038863,-0.008318700802350597,9
AUDNZD,-1,2007-07-26 00:00:00+00:00,2007-07-27 00:00:00+00:00,1.1140999794006348,1.1393666313961148,36996.82309577118,2007-08-09 00:00:00+00:00,1.1196000576019287,native,-220.0133812497797,16.527961023600277,-0.23536233489732955,9
NZDJPY,1,2007-07-26 00:00:00+00:00,2007-07-27 00:00:00+00:00,92.56500244140625,88.6489247083664,238.70462177306217,2007-08-09 00:00:00+00:00,92.1500015258789,native,-107.88110160799322,8.818465031564099,-0.1154072894181238,9
EURCHF,1,2007-07-27 00:00:00+00:00,2007-07-30 00:00:00+00:00,1.6466000080108643,1.6267552361823618,45225.38769066738,2007-08-09 00:00:00+00:00,1.6502000093460083,native,132.99164428409685,29.819811784712705,0.1481821689402908,8
EURNZD,-1,2007-08-03 00:00:00+00:00,2007-08-06 00:00:00+00:00,1.8249000310897827,1.8931034542620182,13140.353039051559,2007-08-09 00:00:00+00:00,1.791700005531311,native,426.75537648740317,9.504680256449593,0.4761741279339217,3
NZDCHF,1,2007-08-03 00:00:00+00:00,2007-08-06 00:00:00+00:00,0.8963000178337097,0.8520818408578634,20268.068931121994,2007-08-09 00:00:00+00:00,0.9204999804496765,native,483.12190491113637,7.364605519853999,0.5390679635962968,3
GBPNZD,-1,2007-08-13 00:00:00+00:00,2007-08-14 00:00:00+00:00,2.7321999073028564,2.8269846476614475,9833.138984407113,2007-08-16 00:00:00+00:00,2.8269846476614475,stop,-942.9643724207549,10.93284687378668,-1.0117301256171252,2
EURNZD,-1,2007-08-13 00:00:00+00:00,2007-08-14 00:00:00+00:00,1.8486000299453735,1.917558254674077,13515.886309628486,2007-08-16 00:00:00+00:00,1.917558254674077,stop,-942.2121189867646,10.180593439796388,-1.0109230140405625,2
NZDCHF,1,2007-08-13 00:00:00+00:00,2007-08-14 00:00:00+00:00,0.8866000175476074,0.8414772348478436,20655.453183117792,2007-08-16 00:00:00+00:00,0.8414772348478436,stop,-939.170369303701,7.1388437567330145,-1.007659444515617,2
NZDJPY,1,2007-08-13 00:00:00+00:00,2007-08-14 00:00:00+00:00,86.96600341796875,81.31193578243256,164.84265587646806,2007-08-16 00:00:00+00:00,81.31193578243256,stop,-937.5794020316108,5.547876484642593,-1.005952455826413,2
NZDUSD,1,2007-08-13 00:00:00+00:00,2007-08-14 00:00:00+00:00,0.7359976172447205,0.7036396991461515,28803.816200653182,2007-08-16 00:00:00+00:00,0.7036396991461515,stop,-940.324935278353,8.293409731384855,-1.0088982073074382,2
AUDCHF,1,2007-08-14 00:00:00+00:00,2007-08-15 00:00:00+00:00,1.0095000267028809,0.9696519616991282,23039.41641510004,2007-08-16 00:00:00+00:00,0.9696519616991282,stop,-927.1958643193469,9.119701361913426,-1.009933491065203,1
CADJPY,1,2007-08-14 00:00:00+00:00,2007-08-15 00:00:00+00:00,109.9020004272461,104.71913397312164,177.1367584103661,2007-08-16 00:00:00+00:00,104.71913397312164,stop,-925.679621364241,7.603458406807331,-1.0082819473085043,1
USDCHF,-1,2007-08-13 00:00:00+00:00,2007-08-14 00:00:00+00:00,1.204699993133545,1.2301287399604917,36652.67234322764,2007-08-20 00:00:00+00:00,1.2064000368118286,native,-79.98579578617446,17.674651876866825,-0.08581876641912335,4
USDCAD,-1,2007-08-14 00:00:00+00:00,2007-08-15 00:00:00+00:00,1.0683000087738037,1.0974367139860988,31509.264903775922,2007-08-20 00:00:00+00:00,1.0612000226974487,native,210.2955459721443,13.419796120845373,0.22906111111164382,3
GBPUSD,1,2007-08-14 00:00:00+00:00,2007-08-15 00:00:00+00:00,1.997004508972168,1.9588371496647596,24053.96075644232,2007-08-23 00:00:00+00:00,1.9950124025344849,native,-67.12281370037255,19.204763625687022,-0.07311246758019213,6
EURUSD,1,2007-08-16 00:00:00+00:00,2007-08-17 00:00:00+00:00,1.3426964282989502,1.3185140509158373,35462.07157930593,2007-08-23 00:00:00+00:00,1.3549033403396606,native,413.74989333240904,19.132495217556304,0.482474981766281,4
EURCHF,1,2007-08-16 00:00:00+00:00,2007-08-17 00:00:00+00:00,1.6337000131607056,1.606797163374722,31876.072778153328,2007-08-23 00:00:00+00:00,1.6344000101089478,native,1.4783148290475836,20.834838837605613,0.0017238673210159033,4
USDJPY,-1,2007-08-24 00:00:00+00:00,2007-08-27 00:00:00+00:00,116.69000244140625,121.04440498352051,200.0881640431325,2007-08-29 00:00:00+00:00,114.31999969482422,native,464.96502490017235,9.244473440607695,0.5336669551516648,2
AUDJPY,-1,2007-08-24 00:00:00+00:00,2007-08-27 00:00:00+00:00,96.76000213623047,104.08854103088379,118.88650966866518,2007-08-29 00:00:00+00:00,93.00499725341797,native,441.9073246194309,4.512099686942337,0.5072023136353166,2
GBPJPY,-1,2007-08-24 00:00:00+00:00,2007-08-27 00:00:00+00:00,235.17999267578125,247.05276012420654,73.38343094321688,2007-08-29 00:00:00+00:00,228.6999969482422,native,468.7160979473003,6.808221036902937,0.5379722762498315,2
GBPNZD,1,2007-08-24 00:00:00+00:00,2007-08-27 00:00:00+00:00,2.7750000953674316,2.6390889324247837,6410.5434115374965,2007-08-29 00:00:00+00:00,2.86899995803833,native,595.3539788589419,7.236221471415517,0.6833218158791504,2
NZDJPY,-1,2007-08-24 00:00:00+00:00,2007-08-27 00:00:00+00:00,84.70999908447266,92.201655626297,116.29796498175071,2007-08-29 00:00:00+00:00,79.6500015258789,native,584.6444721580034,3.8229467190766386,0.6710299024529884,2
CHFJPY,-1,2007-08-24 00:00:00+00:00,2007-08-27 00:00:00+00:00,97.1500015258789,100.92846584320068,230.58690965062596,2007-08-29 00:00:00+00:00,95.16000366210938,native,449.99862365972473,8.868833958238813,0.5164891603674602,2
NZDCHF,-1,2007-08-24 00:00:00+00:00,2007-08-27 00:00:00+00:00,0.8718000054359436,0.9260343667119741,16064.804482936825,2007-08-29 00:00:00+00:00,0.8364999890327454,native,561.5991606799743,5.48870108186831,0.6445794802741546,2
EURNZD,1,2007-08-24 00:00:00+00:00,2007-08-27 00:00:00+00:00,1.882599949836731,1.7865410931408405,9070.11014002278,2007-08-29 00:00:00+00:00,1.9496999979019165,native,601.6529498289368,6.9518765231186155,0.6905515051635598,2
NZDCAD,-1,2007-08-24 00:00:00+00:00,2007-08-27 00:00:00+00:00,0.7630299925804138,0.802907626144588,21848.44817218867,2007-08-29 00:00:00+00:00,0.7409999966621399,native,474.7490798000591,6.572144253876683,0.5448966746097689,2
AUDCAD,-1,2007-08-24 00:00:00+00:00,2007-08-27 00:00:00+00:00,0.871999979019165,0.9083458054810762,23971.51186173843,2007-08-31 00:00:00+00:00,0.8634499907493591,native,196.63587332022482,8.320271907151955,0.22569023941300315,4
EURCAD,-1,2007-08-29 00:00:00+00:00,2007-08-30 00:00:00+00:00,1.4494999647140503,1.4881581515073776,23762.55612540655,2007-09-03 00:00:00+00:00,1.438099980354309,native,257.16941702462583,13.723351152481554,0.2799527155421467,2
GBPCAD,-1,2007-08-29 00:00:00+00:00,2007-08-30 00:00:00+00:00,2.1391000747680664,2.196730274707079,15939.860253044808,2007-09-04 00:00:00+00:00,2.1231000423431396,native,241.45050605006537,13.587774847452769,0.26284122591166675,3
USDCHF,-1,2007-09-03 00:00:00+00:00,2007-09-04 00:00:00+00:00,1.2098000049591064,1.2328050546348095,40146.65890566959,2007-09-06 00:00:00+00:00,1.2037999629974365,native,221.5020431252097,19.37959492965728,0.23983090868548623,2
EURGBP,1,2007-08-31 00:00:00+00:00,2007-09-03 00:00:00+00:00,0.6758000254631042,0.665827963501215,92670.8435290131,2007-09-11 00:00:00+00:00,0.6807000041007996,native,428.94355323200546,25.14160039736364,0.46416464814119557,5
EURAUD,1,2007-09-04 00:00:00+00:00,2007-09-05 00:00:00+00:00,1.6504000425338745,1.5886596534401178,14972.673602079123,2007-09-11 00:00:00+00:00,1.6733499765396118,native,333.6687862230626,9.953084834098314,0.36094984707791766,3
AUDJPY,-1,2007-09-04 00:00:00+00:00,2007-09-05 00:00:00+00:00,95.88099670410156,102.60930871963501,137.39236406278533,2007-09-11 00:00:00+00:00,93.63999938964844,native,302.68817135249714,5.207747538570843,0.32743622919807547,3
EURCHF,1,2007-09-07 00:00:00+00:00,2007-09-11 00:00:00+00:00,1.6368000507354736,1.6130598969757557,39623.747548550615,2007-09-13 00:00:00+00:00,1.6468000411987305,native,370.2153893853629,26.0217082186397,0.39356402403440055,2
AUDCAD,-1,2007-09-06 00:00:00+00:00,2007-09-07 00:00:00+00:00,0.8721100091934204,0.9037526044994593,29304.386846317935,2007-09-14 00:00:00+00:00,0.8640000224113464,native,227.48306198563702,10.17512799478387,0.24532642473455804,4
EURCAD,-1,2007-09-07 00:00:00+00:00,2007-09-11 00:00:00+00:00,1.4526000022888184,1.490271169692278,24970.658574611927,2007-09-14 00:00:00+00:00,1.4348000288009644,native,430.0570045334132,14.420056068933366,0.4571797124623861,3
CADCHF,1,2007-09-07 00:00:00+00:00,2007-09-11 00:00:00+00:00,1.1259000301361084,1.0875061554834247,24500.62328557103,2007-09-14 00:00:00+00:00,1.1440999507904053,native,434.78611690002435,11.123282878186787,0.4622070790886205,3
GBPAUD,1,2007-09-04 00:00:00+00:00,2007-09-05 00:00:00+00:00,2.4398999214172363,2.354487221688032,10822.965400894693,2007-09-19 00:00:00+00:00,2.354487221688032,stop,-934.7965911998488,10.377897233664536,-1.0112264034699887,9
GBPNZD,1,2007-09-12 00:00:00+00:00,2007-09-13 00:00:00+00:00,2.8531999588012695,2.718913074582815,7032.493410655386,2007-09-19 00:00:00+00:00,2.718913074582815,stop,-952.2087980418631,7.837169638140114,-1.0082988194503337,4
USDJPY,-1,2007-09-18 00:00:00+00:00,2007-09-19 00:00:00+00:00,115.9000015258789,119.6662757396698,245.7021012638804,2007-09-21 00:00:00+00:00,114.66000366210938,native,293.34026514247677,11.329815548419978,0.3169938764310641,2
GBPUSD,1,2007-09-14 00:00:00+00:00,2007-09-17 00:00:00+00:00,2.006098508834839,1.966241450048983,23637.60460055471,2007-09-24 00:00:00+00:00,2.0213046073913574,native,340.396112710372,19.03963248567934,0.3613065883924109,5
AUDNZD,1,2007-09-19 00:00:00+00:00,2007-09-20 00:00:00+00:00,1.1628999710083008,1.1261675180867314,24734.186910144377,2007-09-26 00:00:00+00:00,1.1728999614715576,native,235.78681079492395,11.554822422931888,0.25952066139212754,4
NZDUSD,-1,2007-09-12 00:00:00+00:00,2007-09-13 00:00:00+00:00,0.711186945438385,0.7490742765367031,24925.789202545482,2007-09-27 00:00:00+00:00,0.7446016073226929,max_hold,-840.1441541205091,7.257335717920277,-0.8896329885943417,10
CHFJPY,-1,2007-09-13 00:00:00+00:00,2007-09-14 00:00:00+00:00,96.70999908447266,100.04397773742676,284.86556248013545,2007-09-28 00:00:00+00:00,98.4990005493164,max_hold,-520.7465728568739,11.121664296372774,-0.548306829484572,10
EURNZD,1,2007-09-14 00:00:00+00:00,2007-09-17 00:00:00+00:00,1.944599986076355,1.8535994738340378,10352.968053766794,2007-10-01 00:00:00+00:00,1.8787000179290771,max_hold,-690.1767655333036,7.91650056028694,-0.7325742076106515,10
EURJPY,-1,2007-09-14 00:00:00+00:00,2007-09-17 00:00:00+00:00,159.6999969482422,165.97796535491943,150.0685150181832,2007-10-01 00:00:00+00:00,163.8000030517578,max_hold,-624.9912604417539,9.709432921676454,-0.6633843679566855,10
NZDJPY,-1,2007-09-14 00:00:00+00:00,2007-09-17 00:00:00+00:00,82.06999969482422,88.47827053070068,147.01710028338223,2007-10-01 00:00:00+00:00,87.14800262451172,max_hold,-751.528853956523,4.9755880033470845,-0.7976951444581407,10
NZDCHF,-1,2007-09-19 00:00:00+00:00,2007-09-20 00:00:00+00:00,0.8700900077819824,0.9203903339803219,18062.454558399437,2007-10-04 00:00:00+00:00,0.8877999782562256,max_hold,-326.235898519909,6.350361598296111,-0.3590741817504766,10
NZDCAD,-1,2007-09-27 00:00:00+00:00,2007-09-28 00:00:00+00:00,0.7542999982833862,0.7876574331894517,27123.94657033486,2007-10-04 00:00:00+00:00,0.7513999938964844,native,70.49145881629455,8.168105227768086,0.07790959933772737,4
AUDCAD,-1,2007-09-25 00:00:00+00:00,2007-09-26 00:00:00+00:00,0.8773000240325928,0.9089831318706274,28904.64453797594,2007-10-09 00:00:00+00:00,0.8813400268554688,native,-126.94141863588294,10.166573108233468,-0.1386142690137691,9
GBPCHF,-1,2007-10-01 00:00:00+00:00,2007-10-02 00:00:00+00:00,2.3877999782562256,2.4430064111948013,16247.713317471404,2007-10-12 00:00:00+00:00,2.4038000106811523,native,-275.5344485009075,15.570508590450734,-0.30718073094095,8
EURGBP,1,2007-10-02 00:00:00+00:00,2007-10-03 00:00:00+00:00,0.6935999989509583,0.6817203275859356,75809.58191961552,2007-10-12 00:00:00+00:00,0.6977999806404114,native,297.3025658003252,21.096290147156665,0.3301187021958811,7
GBPJPY,-1,2007-09-28 00:00:00+00:00,2007-10-01 00:00:00+00:00,234.89999389648438,243.91449570655823,100.33520777853931,2007-10-15 00:00:00+00:00,239.2100067138672,max_hold,-441.9600166444967,9.513985084224604,-0.4886387412538326,10
EURNZD,1,2007-10-01 00:00:00+00:00,2007-10-02 00:00:00+00:00,1.8567999601364136,1.7717932686209679,10551.855150170244,2007-10-16 00:00:00+00:00,1.859529972076416,native,20.963855522150663,7.842835026990357,0.023371641904200963,10
USDJPY,-1,2007-10-08 00:00:00+00:00,2007-10-09 00:00:00+00:00,117.30999755859375,120.3667026758194,291.46800071833525,2007-10-17 00:00:00+00:00,116.95500183105469,native,89.81374476728483,13.656150202076573,0.10080878457154283,6
NZDUSD,1,2007-10-16 00:00:00+00:00,2007-10-17 00:00:00+00:00,0.7478871941566467,0.7142682494595647,26795.68803426961,2007-10-24 00:00:00+00:00,0.7571169137954712,native,239.25116397231605,8.065524113395835,0.2655859336955632,5
NZDJPY,1,2007-10-16 00:00:00+00:00,2007-10-17 00:00:00+00:00,87.47000122070312,82.42160749435425,178.44146137862444,2007-10-24 00:00:00+00:00,86.88999938964844,native,-109.71898499865428,6.222610662977797,-0.12179593441129041,5
EURAUD,-1,2007-10-17 00:00:00+00:00,2007-10-18 00:00:00+00:00,1.5954999923706055,1.6464911047369242,17678.13943509591,2007-10-24 00:00:00+00:00,1.586400032043457,native,149.6203530571457,11.250014460025374,0.16598148048749173,4
AUDJPY,1,2007-10-17 00:00:00+00:00,2007-10-18 00:00:00+00:00,103.74299621582031,98.54705953598022,173.48710153838286,2007-10-24 00:00:00+00:00,103.17900085449219,native,-105.0255800211618,7.179659503252454,-0.11651022674911021,4
CADJPY,1,2007-10-18 00:00:00+00:00,2007-10-19 00:00:00+00:00,118.4990005493164,114.04539024829865,202.4235336584046,2007-10-24 00:00:00+00:00,118.72000122070312,native,35.13199512513814,9.603741717841338,0.03896992760975355,3
EURCHF,1,2007-10-18 00:00:00+00:00,2007-10-19 00:00:00+00:00,1.6714999675750732,1.6509548458270729,43879.78546572638,2007-10-24 00:00:00+00:00,1.6728999614715576,native,32.08112155142938,29.350310279631337,0.03558576676461928,3
AUDCHF,1,2007-10-18 00:00:00+00:00,2007-10-19 00:00:00+00:00,1.0477999448776245,1.0088538257405162,23147.762977249033,2007-10-24 00:00:00+00:00,1.0541199445724487,native,136.56290627244607,9.730948679631158,0.1514814787107499,3
GBPNZD,-1,2007-10-16 00:00:00+00:00,2007-10-17 00:00:00+00:00,2.717089891433716,2.8340771198272705,7700.351282055027,2007-10-26 00:00:00+00:00,2.6919000148773193,native,185.64067376391856,8.330224471936976,0.20607444852042064,7
CHFJPY,1,2007-10-18 00:00:00+00:00,2007-10-19 00:00:00+00:00,98.71800231933594,96.32913380861282,377.3818151240966,2007-10-29 00:00:00+00:00,98.20600128173828,native,-208.08298849811985,14.863107584095506,-0.23081464544524713,6
EURJPY,1,2007-10-18 00:00:00+00:00,2007-10-19 00:00:00+00:00,165.02000427246094,160.51405835151672,200.07242663058307,2007-10-29 00:00:00+00:00,164.52000427246094,native,-113.22258715158065,13.18637383628912,-0.12559138783236867,6
NZDCAD,-1,2007-10-26 00:00:00+00:00,2007-10-29 00:00:00+00:00,0.7392500042915344,0.7685798704624176,30799.216964780062,2007-10-31 00:00:00+00:00,0.730400025844574,native,263.5195922934707,9.052814028091511,0.29171795026555997,2
AUDCAD,-1,2007-10-26 00:00:00+00:00,2007-10-29 00:00:00+00:00,0.884630024433136,0.9128552982583642,32004.540233638996,2007-11-02 00:00:00+00:00,0.8697500228881836,native,464.99798276012154,11.229625361917734,0.5147558753708797,4
USDJPY,-1,2007-10-31 00:00:00+00:00,2007-11-01 00:00:00+00:00,115.4000015258789,118.11644053459167,333.75682773462063,2007-11-06 00:00:00+00:00,114.30999755859375,native,348.4628102205737,15.33345611867124,0.3843494973086138,3
EURGBP,1,2007-11-01 00:00:00+00:00,2007-11-02 00:00:00+00:00,0.694100022315979,0.6832860086578876,84476.620776895,2007-11-07 00:00:00+00:00,0.6975100040435791,native,264.5520307653945,23.51170249322025,0.2895927285966546,3
AUDNZD,1,2007-11-05 00:00:00+00:00,2007-11-06 00:00:00+00:00,1.194000005722046,1.1647933702915907,31335.10206895036,2007-11-08 00:00:00+00:00,1.2015000581741333,native,220.0022613069674,15.012647801672777,0.24038895051865752,2
EURCAD,-1,2007-11-09 00:00:00+00:00,2007-11-12 00:00:00+00:00,1.3849999904632568,1.4330182150006294,19024.32565128174,2007-11-15 00:00:00+00:00,1.4330182150006294,stop,-924.2365200017406,10.72217920639711,-1.0117372861350615,3
CADCHF,1,2007-11-09 00:00:00+00:00,2007-11-12 00:00:00+00:00,1.187999963760376,1.1378792617470026,18226.287823175273,2007-11-15 00:00:00+00:00,1.1378792617470026,stop,-921.9927696365518,8.478428841208295,-1.0092811119241178,3
EURCHF,1,2007-11-07 00:00:00+00:00,2007-11-08 00:00:00+00:00,1.6582000255584717,1.6366384150460362,42616.835235540966,2007-11-16 00:00:00+00:00,1.6366384150460362,stop,-946.9707200115628,28.08311739019381,-1.0305620810533076,6
EURAUD,-1,2007-11-09 00:00:00+00:00,2007-11-12 00:00:00+00:00,1.6145000457763672,1.6694070771336555,16637.474622347865,2007-11-20 00:00:00+00:00,1.6694070771336555,stop,-924.441525079256,10.92718428391258,-1.0119616997740821,6
AUDCHF,1,2007-11-09 00:00:00+00:00,2007-11-12 00:00:00+00:00,1.0185600519180298,0.9738416569307446,20428.15581943593,2007-11-21 00:00:00+00:00,0.9738416569307446,stop,-921.654559307998,8.140218512654638,-1.0089108820180834,7
CADJPY,1,2007-11-09 00:00:00+00:00,2007-11-12 00:00:00+00:00,116.98999786376953,110.01377248764038,130.9467930782676,2007-11-21 00:00:00+00:00,110.01377248764038,stop,-919.4594239441819,5.94508314883853,-1.0065079253639986,7
AUDJPY,1,2007-11-09 00:00:00+00:00,2007-11-12 00:00:00+00:00,100.30000305175781,94.0538878440857,146.2532006571495,2007-11-21 00:00:00+00:00,94.0538878440857,stop,-919.199316516081,5.6849757207375085,-1.0062231926384297,7
GBPUSD,1,2007-11-12 00:00:00+00:00,2007-11-13 00:00:00+00:00,2.054400682449341,2.0087634967640042,19209.244506452153,2007-11-21 00:00:00+00:00,2.0664145946502686,native,214.9466273019236,15.831549644745957,0.24518928977478824,6
GBPAUD,-1,2007-11-09 00:00:00+00:00,2007-11-12 00:00:00+00:00,2.2980000972747803,2.382079839706421,10864.856556120618,2007-11-23 00:00:00+00:00,2.382079839706421,stop,-923.6840202326392,10.169679437295756,-1.0111324792432286,9
AUDNZD,1,2007-11-12 00:00:00+00:00,2007-11-13 00:00:00+00:00,1.1770000457763672,1.1452041789889336,27571.377886211958,2007-11-28 00:00:00+00:00,1.1542999744415283,max_hold,-638.7276755815225,12.855430764712235,-0.7285956848969518,10
GBPCAD,-1,2007-11-15 00:00:00+00:00,2007-11-16 00:00:00+00:00,2.013780117034912,2.0912998355925083,11216.001527709506,2007-12-03 00:00:00+00:00,2.054450035095215,max_hold,-465.27971821644894,9.125855120273076,-0.5351356385524926,10
NZDCAD,-1,2007-11-15 00:00:00+00:00,2007-11-16 00:00:00+00:00,0.7447999715805054,0.7769294129684567,27061.20132221347,2007-12-03 00:00:00+00:00,0.7626000046730042,max_hold,-489.8486899042707,8.158410846099205,-0.563393333521746,10
AUDNZD,1,2007-11-28 00:00:00+00:00,2007-11-29 00:00:00+00:00,1.1484899520874023,1.1170943239703774,26556.95435175092,2007-12-03 00:00:00+00:00,1.1553000211715698,native,168.61836476933397,12.236329031171998,0.20223551718249097,2
GBPCHF,-1,2007-11-28 00:00:00+00:00,2007-11-29 00:00:00+00:00,2.3089001178741455,2.3645828999578953,14973.610001999208,2007-12-05 00:00:00+00:00,2.2992000579833984,native,131.44493482339473,13.799978976686965,0.15765088465537402,4
NZDCHF,-1,2007-11-28 00:00:00+00:00,2007-11-29 00:00:00+00:00,0.8557999730110168,0.9013545606285334,18302.706848075566,2007-12-05 00:00:00+00:00,0.8507999777793884,native,85.26636724501923,6.247079721251396,0.10226577574547062,4
EURNZD,1,2007-11-28 00:00:00+00:00,2007-11-29 00:00:00+00:00,1.923799991607666,1.836208589375019,9518.882464443703,2007-12-05 00:00:00+00:00,1.9371000528335571,native,119.25142883316224,7.350290746000294,0.1430263804172037,4
EURGBP,1,2007-11-28 00:00:00+00:00,2007-11-29 00:00:00+00:00,0.7135999798774719,0.7006171913817525,64221.35452821108,2007-12-05 00:00:00+00:00,0.7168999910354614,native,193.55745736737714,18.373729156919026,0.23214667363645602,4
USDCHF,-1,2007-11-29 00:00:00+00:00,2007-11-30 00:00:00+00:00,1.1167999505996704,1.1441585663706064,30263.42810515835,2007-12-05 00:00:00+00:00,1.1169999837875366,native,-19.574178742761646,13.520488743126936,-0.02364129750419474,3
GBPCAD,-1,2007-12-04 00:00:00+00:00,2007-12-05 00:00:00+00:00,2.0827999114990234,2.1554906647652388,11476.4099560308,2007-12-06 00:00:00+00:00,2.0504000186920166,native,362.3475930188419,9.486859365822053,0.434350332088841,1
AUDUSD,1,2007-12-04 00:00:00+00:00,2007-12-05 00:00:00+00:00,0.872372031211853,0.8336043208837509,21518.65244130893,2007-12-07 00:00:00+00:00,0.8795848488807678,native,147.67016630093494,7.53995023897461,0.17701396948175724,2
USDCAD,-1,2007-11-27 00:00:00+00:00,2007-11-28 00:00:00+00:00,0.9958000183105469,1.0385210728272796,19485.22728480918,2007-12-10 00:00:00+00:00,1.0058000087738037,native,-202.65241331468746,7.800326292203756,-0.24344695107186978,8
GBPUSD,1,2007-12-05 00:00:00+00:00,2007-12-06 00:00:00+00:00,2.027616262435913,1.9745838325470686,15796.629321696433,2007-12-11 00:00:00+00:00,2.0446135997772217,native,255.6351363072563,12.865501129224768,0.30515085585905016,3
USDJPY,-1,2007-12-10 00:00:00+00:00,2007-12-11 00:00:00+00:00,111.79000091552734,115.15283334255219,249.60701926212258,2007-12-12 00:00:00+00:00,110.86000061035156,native,221.01960344387476,11.115000643916336,0.2633108619254029,1
AUDCAD,-1,2007-11-29 00:00:00+00:00,2007-11-30 00:00:00+00:00,0.8798999786376953,0.9155204547569156,23244.088559322092,2007-12-14 00:00:00+00:00,0.8948000073432922,max_hold,-354.5878434974102,8.25025672807395,-0.4282640313884456,10
NZDCAD,-1,2007-12-05 00:00:00+00:00,2007-12-06 00:00:00+00:00,0.7799999713897705,0.8147732689976692,24091.29115188204,2007-12-17 00:00:00+00:00,0.7821000218391418,native,-58.11952795849175,7.526601149046138,-0.06937709719739467,7
GBPCAD,-1,2007-12-12 00:00:00+00:00,2007-12-13 00:00:00+00:00,2.0685999393463135,2.145230483263731,10923.429447258988,2007-12-17 00:00:00+00:00,2.052799940109253,native,163.58621277134182,9.003964161434915,0.19542754749735725,2
AUDJPY,-1,2007-12-10 00:00:00+00:00,2007-12-11 00:00:00+00:00,99.0,105.03154850006104,139.16601655100442,2007-12-19 00:00:00+00:00,97.62000274658203,native,186.5761560982078,5.472564511297874,0.22227679224581973,5
NZDJPY,-1,2007-12-10 00:00:00+00:00,2007-12-11 00:00:00+00:00,87.37999725341797,92.71551358699799,157.32059015635502,2007-12-19 00:00:00+00:00,85.6449966430664,native,267.50724111182507,5.444078830318929,0.3186937318269508,5
USDCAD,-1,2007-12-13 00:00:00+00:00,2007-12-14 00:00:00+00:00,1.0194000005722046,1.0579938814043999,21619.543183520887,2007-12-19 00:00:00+00:00,1.0055999755859375,native,289.59432123803265,8.755914886235946,0.3470763940344978,2
GBPCHF,-1,2007-12-13 00:00:00+00:00,2007-12-14 00:00:00+00:00,2.3315000534057617,2.394697267562151,13202.829972956155,2007-12-20 00:00:00+00:00,2.3053998947143555,native,332.35191714648266,12.244040323327825,0.3983210183836443,3
EURGBP,1,2007-12-13 00:00:00+00:00,2007-12-14 00:00:00+00:00,0.7159000039100647,0.7015275601297617,58054.29376003545,2007-12-20 00:00:00+00:00,0.720300018787384,native,238.76424063325362,16.675515603169455,0.2861569636763011,4
AUDNZD,-1,2007-12-17 00:00:00+00:00,2007-12-19 00:00:00+00:00,1.1397000551223755,1.1721826428547502,26053.84406730732,2007-12-21 00:00:00+00:00,1.1282399892807007,native,286.76105718589446,11.817711254175958,0.33884239530042987,2
GBPNZD,-1,2007-12-17 00:00:00+00:00,2007-12-19 00:00:00+00:00,2.66759991645813,2.783384431153536,7309.235418123648,2007-12-21 00:00:00+00:00,2.6055099964141846,native,446.1213623459054,7.708480347765045,0.5271456051090792,2
AUDUSD,1,2007-12-19 00:00:00+00:00,2007-12-20 00:00:00+00:00,0.8585901856422424,0.821760524995625,23129.534294929617,2007-12-24 00:00:00+00:00,0.8685833811759949,native,223.1482147644609,7.989744049403667,0.2619562779293456,2
NZDUSD,1,2007-12-19 00:00:00+00:00,2007-12-20 00:00:00+00:00,0.7547739148139954,0.7193017201498151,24014.665770222437,2007-12-24 00:00:00+00:00,0.7648768424987793,native,235.31965064594706,7.298781004866338,0.27624446770462674,2
USDCHF,-1,2007-12-12 00:00:00+00:00,2007-12-13 00:00:00+00:00,1.1342999935150146,1.1631238162517548,29040.85095277899,2007-12-27 00:00:00+00:00,1.1511000394821167,native,-501.1616232755956,13.273992345149175,-0.5987105225881363,9
EURUSD,1,2007-12-14 00:00:00+00:00,2007-12-17 00:00:00+00:00,1.4420026540756226,1.4064239980652928,23586.857099315886,2007-12-27 00:00:00+00:00,1.4487924575805664,native,146.5131707631376,13.63695424040709,0.1745890705036512,7
USDJPY,-1,2007-12-14 00:00:00+00:00,2007-12-17 00:00:00+00:00,113.3499984741211,116.89939391613007,236.4314398923044,2007-12-28 00:00:00+00:00,113.83999633789062,native,-126.59387199568931,10.742971520505819,-0.15085269350232633,8
EURAUD,1,2007-12-21 00:00:00+00:00,2007-12-24 00:00:00+00:00,1.6557999849319458,1.5998637285083532,15362.158763801614,2007-12-28 00:00:00+00:00,1.6644999980926514,native,123.44958832538808,10.201395096534334,0.14366269174766005,4
AUDCHF,-1,2007-12-24 00:00:00+00:00,2007-12-25 00:00:00+00:00,1.0074000358581543,1.0480540515854955,21112.712553723304,2007-12-28 00:00:00+00:00,0.9998000264167786,native,151.98132715082383,8.475487590525235,0.17706908653748243,3
AUDJPY,-1,2007-12-24 00:00:00+00:00,2007-12-25 00:00:00+00:00,99.44999694824219,104.73261511325836,162.47938453891123,2007-12-31 00:00:00+00:00,98.5199966430664,native,144.67266866278294,6.433208543177605,0.16855397809256448,4
NZDJPY,-1,2007-12-26 00:00:00+00:00,2007-12-27 00:00:00+00:00,87.6989974975586,92.1634932756424,193.1062726158375,2007-12-31 00:00:00+00:00,87.02999877929688,native,122.4395958305073,6.7482530377860215,0.1420211711519388,2
GBPUSD,-1,2007-12-28 00:00:00+00:00,2007-12-31 00:00:00+00:00,1.998201608657837,2.0414987625554204,20067.867128301154,2008-01-01 00:00:00+00:00,1.9855058193206787,native,238.78851123845354,15.988902268539839,0.27482286433211983,1
CADCHF,1,2007-12-28 00:00:00+00:00,2007-12-31 00:00:00+00:00,1.1473000049591064,1.1044003488495946,20253.811108235448,2008-01-04 00:00:00+00:00,1.1044003488495946,stop,-878.0026341779895,9.121102727677671,-1.010497521696028,4
USDCAD,-1,2007-12-31 00:00:00+00:00,2008-01-01 00:00:00+00:00,0.9980999827384949,1.0326353712007403,25040.04444471087,2008-01-04 00:00:00+00:00,0.9887999892234802,native,222.92183823046514,9.950412721024527,0.2577823478185197,3
GBPCAD,-1,2007-12-31 00:00:00+00:00,2008-01-01 00:00:00+00:00,1.9793000221252441,2.0540950912982225,11561.82715748327,2008-01-04 00:00:00+00:00,1.9514100551605225,native,313.36973937007923,9.08923810395115,0.36237448870568684,3
EURCAD,-1,2007-12-28 00:00:00+00:00,2007-12-31 00:00:00+00:00,1.444700002670288,1.4937314540147781,17720.901740102236,2008-01-10 00:00:00+00:00,1.4937314540147781,stop,-879.2958624731002,10.414331022788307,-1.0119859044597312,8
EURCHF,1,2007-12-28 00:00:00+00:00,2007-12-31 00:00:00+00:00,1.6586999893188477,1.6291400035843253,29393.841365612283,2008-01-10 00:00:00+00:00,1.6291400035843253,stop,-888.2099808876942,19.328449437382336,-1.0222452068984822,8
AUDCAD,-1,2007-12-31 00:00:00+00:00,2008-01-01 00:00:00+00:00,0.8718900084495544,0.9028267944231629,27952.731183766024,2008-01-10 00:00:00+00:00,0.9028267944231629,stop,-874.6892983535841,9.92163634360275,-1.0114731815023492,7
NZDCAD,-1,2007-12-31 00:00:00+00:00,2008-01-01 00:00:00+00:00,0.7639999985694885,0.7963302563875914,26747.935846208067,2008-01-11 00:00:00+00:00,0.7963302563875914,stop,-873.1147847216794,8.34712271169789,-1.0096524454814797,8
NZDJPY,-1,2008-01-10 00:00:00+00:00,2008-01-11 00:00:00+00:00,86.0999984741211,90.51996064186096,188.67867764971993,2008-01-16 00:00:00+00:00,83.01000213623047,native,576.6349327171794,6.381490258500893,0.6914480762018193,3
EURAUD,1,2008-01-10 00:00:00+00:00,2008-01-11 00:00:00+00:00,1.6546499729156494,1.6027403101325035,16065.46011587108,2008-01-16 00:00:00+00:00,1.6734000444412231,native,290.5351953003406,10.69333096349418,0.348383336598635,3
EURJPY,-1,2008-01-10 00:00:00+00:00,2008-01-11 00:00:00+00:00,162.22000122070312,167.2512810230255,165.7535755984002,2008-01-16 00:00:00+00:00,157.99000549316406,native,690.5217258945136,10.615190711042246,0.8280107427683364,3
AUDJPY,-1,2008-01-10 00:00:00+00:00,2008-01-11 00:00:00+00:00,98.0199966430664,102.88855826854706,171.29342939941023,2008-01-16 00:00:00+00:00,94.31999969482422,native,627.1958505150791,6.589315516677458,0.7520761224036315,3
EURNZD,1,2008-01-10 00:00:00+00:00,2008-01-11 00:00:00+00:00,1.8825000524520874,1.817643629387021,12858.442967696446,2008-01-16 00:00:00+00:00,1.9012000560760498,native,230.72243168396224,9.730498410475182,0.2766613197933447,3
USDCHF,-1,2008-01-21 00:00:00+00:00,2008-01-22 00:00:00+00:00,1.1102999448776245,1.1429260335862637,25714.40739329292,2008-01-23 00:00:00+00:00,1.097100019454956,native,328.0758634870233,11.352396392557647,0.39105041194912216,1
USDCAD,-1,2008-01-09 00:00:00+00:00,2008-01-10 00:00:00+00:00,1.009600043296814,1.0435775378718972,24861.065007923404,2008-01-24 00:00:00+00:00,1.0234999656677246,native,-355.6758799663938,10.10900629809541,-0.4210593674318465,10
EURGBP,1,2008-01-17 00:00:00+00:00,2008-01-18 00:00:00+00:00,0.742900013923645,0.7239992888644338,44860.63279402142,2008-01-24 00:00:00+00:00,0.7473999857902527,native,188.50042528329453,13.371160208019077,0.22231485054151864,4
GBPCAD,-1,2008-01-11 00:00:00+00:00,2008-01-14 00:00:00+00:00,1.9955999851226807,2.0670521166175604,11698.19748907254,2008-01-25 00:00:00+00:00,1.9869999885559082,native,91.28661004103662,9.317848202413447,0.10921264920691615,8
AUDUSD,1,2008-01-17 00:00:00+00:00,2008-01-18 00:00:00+00:00,0.8729812502861023,0.8413603501394391,26814.495554817713,2008-01-25 00:00:00+00:00,0.8826904296875,native,250.93125780803217,9.415490091674302,0.2959449295244208,5
GBPNZD,-1,2008-01-17 00:00:00+00:00,2008-01-18 00:00:00+00:00,2.581700086593628,2.6913967691361904,7729.481573821057,2008-01-25 00:00:00+00:00,2.5515999794006348,native,224.72267426367992,7.935549654599415,0.26503488078150195,4
NZDUSD,1,2008-01-17 00:00:00+00:00,2008-01-18 00:00:00+00:00,0.7631840109825134,0.7325929533690214,27717.20079557086,2008-01-25 00:00:00+00:00,0.774713397026062,native,311.03706576653605,8.525242252152331,0.36683290599922097,5
EURUSD,1,2008-01-18 00:00:00+00:00,2008-01-21 00:00:00+00:00,1.460003137588501,1.425216761417687,24627.34984970629,2008-01-25 00:00:00+00:00,1.4774104356765747,native,414.2274776087002,14.468142344414977,0.4835173198504256,4
GBPAUD,-1,2008-01-17 00:00:00+00:00,2008-01-18 00:00:00+00:00,2.2569000720977783,2.3441654350608587,9716.323379996225,2008-01-29 00:00:00+00:00,2.2339000701904297,native,214.74864298884825,8.726813283481059,0.2532716432777765,6
EURGBP,1,2008-01-25 00:00:00+00:00,2008-01-28 00:00:00+00:00,0.739300012588501,0.7209843248128891,47591.7688091376,2008-01-31 00:00:00+00:00,0.7472000122070312,native,361.8259223343987,14.149033102969256,0.4150922262222927,3
EURNZD,1,2008-01-28 00:00:00+00:00,2008-01-29 00:00:00+00:00,1.8997000455856323,1.829390188679099,12468.080744363997,2008-01-31 00:00:00+00:00,1.9068399667739868,native,79.52906423864874,9.492049646150413,0.09072146447918404,2
GBPJPY,-1,2008-01-29 00:00:00+00:00,2008-01-30 00:00:00+00:00,212.9499969482422,222.83172130584717,88.02962676806406,2008-01-31 00:00:00+00:00,210.67999267578125,native,192.3692308917748,7.4583979748723275,0.22114341540546426,1
NZDCHF,-1,2008-01-29 00:00:00+00:00,2008-01-30 00:00:00+00:00,0.8501999974250793,0.8901679515838623,21764.549257863302,2008-01-31 00:00:00+00:00,0.8427000045776367,native,155.8649226653425,7.369041096445,0.17917886961618132,1
AUDCHF,-1,2008-01-29 00:00:00+00:00,2008-01-30 00:00:00+00:00,0.9714999794960022,1.013210886158049,20855.08507577873,2008-01-31 00:00:00+00:00,0.9587000012397766,native,258.89373853940026,8.050896962302227,0.2976185188363209,1
NZDCAD,1,2008-01-18 00:00:00+00:00,2008-01-22 00:00:00+00:00,0.7803999781608582,0.7469763765111566,25631.476372318844,2008-02-01 00:00:00+00:00,0.7879999876022339,native,186.75938109306173,8.040081332960476,0.21799952993061614,8
CADJPY,-1,2008-01-24 00:00:00+00:00,2008-01-25 00:00:00+00:00,106.66400146484375,113.02630996704102,137.1323188747452,2008-02-01 00:00:00+00:00,106.12000274658203,native,68.76389291672542,5.835912783393274,0.07881446133054651,5
CADCHF,-1,2008-01-25 00:00:00+00:00,2008-01-28 00:00:00+00:00,1.0849000215530396,1.1296564117074013,19476.011697791473,2008-02-01 00:00:00+00:00,1.0787999629974365,native,110.37676254421426,8.428049241923262,0.12662590837077653,4
EURCHF,-1,2008-01-29 00:00:00+00:00,2008-01-30 00:00:00+00:00,1.6155999898910522,1.6489365063607693,26094.043383778848,2008-02-01 00:00:00+00:00,1.6062999963760376,native,225.85995464568418,16.814479603969986,0.2596436111020781,2
GBPUSD,-1,2008-01-25 00:00:00+00:00,2008-01-28 00:00:00+00:00,1.9860973358154297,2.0300978096202016,19810.604359963367,2008-02-04 00:00:00+00:00,1.9654086828231812,native,394.19837469775524,15.65634447225271,0.45223039817273086,5
NZDJPY,-1,2008-02-04 00:00:00+00:00,2008-02-05 00:00:00+00:00,84.55999755859375,89.66286766529083,174.99191968712498,2008-02-06 00:00:00+00:00,83.27999877929688,native,218.11531495444726,5.874128631889501,0.24426073052368366,1
AUDJPY,-1,2008-02-04 00:00:00+00:00,2008-02-05 00:00:00+00:00,96.81999969482422,102.65490972995758,153.03766990548934,2008-02-07 00:00:00+00:00,94.91000366210938,native,286.4329597824651,5.8683825929433535,0.3207675903782258,2
EURAUD,1,2008-02-01 00:00:00+00:00,2008-02-04 00:00:00+00:00,1.63919997215271,1.5813954006880522,15464.010615702702,2008-02-14 00:00:00+00:00,1.6220999956130981,native,-274.52077420132855,10.086555464504269,-0.30710783045972145,8
EURNZD,1,2008-02-01 00:00:00+00:00,2008-02-04 00:00:00+00:00,1.8681000471115112,1.7986608743667603,12873.000518762432,2008-02-14 00:00:00+00:00,1.8543000221252441,native,-187.231420411616,9.583691604465216,-0.20945677238376786,8
NZDCHF,-1,2008-02-04 00:00:00+00:00,2008-02-05 00:00:00+00:00,0.8623999953269958,0.9029152654111385,22040.110655327055,2008-02-15 00:00:00+00:00,0.8623999953269958,native,-7.602956530464209,7.602956530464209,-0.00851432058614889,8
AUDCHF,-1,2008-02-04 00:00:00+00:00,2008-02-05 00:00:00+00:00,0.9872000217437744,1.030587018467486,20581.30553657228,2008-02-15 00:00:00+00:00,0.989300012588501,native,-51.35634341924953,8.135790219927632,-0.057512412474249736,8
USDCHF,-1,2008-02-05 00:00:00+00:00,2008-02-06 00:00:00+00:00,1.0990999937057495,1.1333155371248722,26264.3659121474,2008-02-15 00:00:00+00:00,1.0972000360488892,native,38.36429759049925,11.536885526867213,0.042691055144635094,7
EURUSD,1,2008-02-06 00:00:00+00:00,2008-02-07 00:00:00+00:00,1.4616036415100098,1.424619248136878,24348.175270366042,2008-02-15 00:00:00+00:00,1.4641932249069214,native,48.80406744343259,14.247562981801437,0.05419648237584449,5
EURCAD,1,2008-02-07 00:00:00+00:00,2008-02-08 00:00:00+00:00,1.4608999490737915,1.4118322767317295,18082.726024571435,2008-02-15 00:00:00+00:00,1.4642000198364258,native,49.095519195956975,10.578756266457177,0.055332781019751504,5
CADCHF,-1,2008-02-08 00:00:00+00:00,2008-02-11 00:00:00+00:00,1.1021000146865845,1.1474827453494072,19537.090488810183,2008-02-15 00:00:00+00:00,1.09660005569458,native,98.86195606497706,8.591240446558027,0.11150098074802414,4
GBPNZD,-1,2008-02-14 00:00:00+00:00,2008-02-15 00:00:00+00:00,2.5032999515533447,2.6038331240415573,8910.785101455416,2008-02-18 00:00:00+00:00,2.474299907684326,native,249.5422943162637,8.870864533340324,0.2785600335098798,1
USDJPY,-1,2008-02-07 00:00:00+00:00,2008-02-08 00:00:00+00:00,107.73999786376953,111.43138086795807,240.36445814974306,2008-02-22 00:00:00+00:00,107.4000015258789,native,71.38063365405125,10.34240187592578,0.08044907225170927,10
AUDJPY,-1,2008-02-12 00:00:00+00:00,2008-02-13 00:00:00+00:00,96.98999786376953,102.22196662425995,169.5952784975274,2008-02-22 00:00:00+00:00,98.69000244140625,native,-294.9500306210013,6.637280829630507,-0.3324065294179501,7
AUDCHF,-1,2008-02-18 00:00:00+00:00,2008-02-19 00:00:00+00:00,1.0098999738693237,1.0495113423094153,22556.26500503906,2008-02-22 00:00:00+00:00,1.0023000240325928,native,162.34893926314385,9.077543279162933,0.18170313525108622,3
USDCAD,-1,2008-02-19 00:00:00+00:00,2008-02-20 00:00:00+00:00,1.0154000520706177,1.0482450369745493,27143.117139762577,2008-02-26 00:00:00+00:00,0.9952999949455261,native,534.6628716804623,10.915333381817064,0.599723737834035,4
NZDJPY,-1,2008-02-18 00:00:00+00:00,2008-02-19 00:00:00+00:00,86.16000366210938,90.54852998256683,203.5955713839288,2008-02-28 00:00:00+00:00,86.75199890136719,native,-127.56843258547006,7.040823592210075,-0.1427763203446376,7
GBPJPY,-1,2008-02-25 00:00:00+00:00,2008-02-26 00:00:00+00:00,212.41000366210938,219.86029410362244,119.89950849047425,2008-02-28 00:00:00+00:00,210.9600067138672,native,163.7015501761886,10.152371230737316,0.1832576806079136,2
CHFJPY,-1,2008-02-14 00:00:00+00:00,2008-02-15 00:00:00+00:00,98.20999908447266,101.21772634983063,297.84266210832556,2008-02-29 00:00:00+00:00,99.8499984741211,max_hold,-500.25992745492374,11.798143386004005,-0.558432078767705,10
EURJPY,-1,2008-02-15 00:00:00+00:00,2008-02-18 00:00:00+00:00,158.16000366210938,163.84156966209412,157.63578805861826,2008-02-29 00:00:00+00:00,159.3699951171875,native,-200.74877488339973,10.010818317965313,-0.2241455005252785,9
CADJPY,-1,2008-02-25 00:00:00+00:00,2008-02-26 00:00:00+00:00,108.51000213623047,113.77575707435608,169.64066359811784,2008-02-29 00:00:00+00:00,107.44000244140625,native,174.18867786365067,7.326780416113376,0.1949976225582182,3
GBPUSD,-1,2008-02-26 00:00:00+00:00,2008-02-27 00:00:00+00:00,1.9868077039718628,2.0299944765865803,20570.23749058651,2008-03-12 00:00:00+00:00,2.0062191486358643,max_hold,-415.72552890677446,16.427502132886026,-0.46796851931546496,10
NZDCAD,1,2008-02-28 00:00:00+00:00,2008-02-29 00:00:00+00:00,0.79339998960495,0.7626005215570331,29151.577195617374,2008-03-12 00:00:00+00:00,0.7943000197410583,native,16.98050611395947,9.256791877186519,0.018912343983765435,8
NZDUSD,1,2008-02-29 00:00:00+00:00,2008-03-03 00:00:00+00:00,0.7959882616996765,0.7676902050152421,31650.94387622573,2008-03-12 00:00:00+00:00,0.8019246459007263,native,177.77707282362908,10.115090351511405,0.19848718525676334,7
GBPNZD,-1,2008-02-29 00:00:00+00:00,2008-03-03 00:00:00+00:00,2.492799997329712,2.587317578494549,9476.122779351213,2008-03-12 00:00:00+00:00,2.501699924468994,native,-93.8025011952033,9.465698896084914,-0.10473000897450602,7
AUDUSD,1,2008-03-10 00:00:00+00:00,2008-03-11 00:00:00+00:00,0.9156670570373535,0.8814525669440627,25716.454201198972,2008-03-13 00:00:00+00:00,0.9359790086746216,native,512.8278197676303,9.523554249142455,0.5828414326722955,2
GBPAUD,-1,2008-03-10 00:00:00+00:00,2008-03-11 00:00:00+00:00,2.1928000450134277,2.276065468788147,10567.115707980503,2008-03-14 00:00:00+00:00,2.148200035095215,native,462.11909535586153,9.174370026972133,0.5252097199494331,3
GBPCAD,-1,2008-03-04 00:00:00+00:00,2008-03-05 00:00:00+00:00,1.9713000059127808,2.0379899591207504,13512.204315437899,2008-03-18 00:00:00+00:00,1.9873000383377075,native,-226.89358969944448,10.697882520202821,-0.25178833731390576,9
CHFJPY,1,2008-03-14 00:00:00+00:00,2008-03-17 00:00:00+00:00,99.2699966430664,96.63093203306198,341.7041910672217,2008-03-19 00:00:00+00:00,99.87000274658203,native,191.41520575708896,13.609394480113368,0.2122638837693163,2
EURUSD,1,2008-03-20 00:00:00+00:00,2008-03-21 00:00:00+00:00,1.543805480003357,1.502662070095539,21889.29083196318,2008-03-26 00:00:00+00:00,1.5612071752548218,native,367.3174633189321,13.5933050095745,0.4078585794908709,3
AUDUSD,1,2008-03-21 00:00:00+00:00,2008-03-24 00:00:00+00:00,0.9000900387763977,0.8590348148718476,21944.49172616888,2008-03-26 00:00:00+00:00,0.9164223074913025,native,350.4308476531638,7.972488030631034,0.38896307770182276,2
AUDNZD,1,2008-03-17 00:00:00+00:00,2008-03-18 00:00:00+00:00,1.1483999490737915,1.1181850852444768,29799.52855328203,2008-03-27 00:00:00+00:00,1.1426000595092773,native,-186.4881187178903,13.654144034268107,-0.20711956875208962,7
GBPAUD,-1,2008-03-20 00:00:00+00:00,2008-03-21 00:00:00+00:00,2.2028000354766846,2.2986879013478756,9392.221394318052,2008-03-27 00:00:00+00:00,2.1821000576019287,native,186.18198456396027,8.236790493232036,0.20673103604963894,4
USDCHF,-1,2008-03-24 00:00:00+00:00,2008-03-25 00:00:00+00:00,1.0188000202178955,1.060846789740026,21500.24435225684,2008-03-27 00:00:00+00:00,0.9916999936103821,native,574.0119457006958,8.645248313504744,0.6349578554589276,2
GBPCAD,-1,2008-03-20 00:00:00+00:00,2008-03-21 00:00:00+00:00,2.028899908065796,2.1049991846084595,11834.541748711583,2008-04-02 00:00:00+00:00,2.023400068283081,native,55.496660870082906,9.591422649680748,0.06162187080472518,7
NZDCAD,1,2008-03-28 00:00:00+00:00,2008-03-31 00:00:00+00:00,0.8093500137329102,0.7758524222299457,27379.54936766588,2008-04-08 00:00:00+00:00,0.8053299784660339,native,-118.90859616107403,8.84184211187867,-0.12965025455432105,5
NZDUSD,1,2008-03-31 00:00:00+00:00,2008-04-02 00:00:00+00:00,0.787401556968689,0.7528277849778533,26439.846070273245,2008-04-08 00:00:00+00:00,0.7957981824874878,native,213.63357474482564,8.371911481943604,0.2337027493861336,4
GBPNZD,-1,2008-04-03 00:00:00+00:00,2008-04-04 00:00:00+00:00,2.5381999015808105,2.640231892466545,8880.781340419728,2008-04-08 00:00:00+00:00,2.4971001148223877,native,356.0547396536137,8.943479685817735,0.39294270754789035,2
AUDCAD,1,2008-04-03 00:00:00+00:00,2008-04-04 00:00:00+00:00,0.9193000197410583,0.8859164528548717,27142.80963065219,2008-04-08 00:00:00+00:00,0.9368000030517578,native,464.92276162708305,10.075953914822922,0.5130896696730274,2
EURCAD,1,2008-04-03 00:00:00+00:00,2008-04-04 00:00:00+00:00,1.573199987411499,1.5144660975784063,15427.614335758943,2008-04-10 00:00:00+00:00,1.611799955368042,native,585.6780288508747,9.827390155323412,0.6463554189219973,4
CADJPY,-1,2008-04-03 00:00:00+00:00,2008-04-04 00:00:00+00:00,101.79000091552734,107.53138482570648,157.82323825748747,2008-04-10 00:00:00+00:00,99.9000015258789,native,291.9195501170986,6.366273861892658,0.3221629868507512,4
CADCHF,-1,2008-04-03 00:00:00+00:00,2008-04-04 00:00:00+00:00,1.006100058555603,1.0555730182677507,18315.536528561788,2008-04-10 00:00:00+00:00,0.9833999872207642,native,408.4762335818012,7.287752152398481,0.4507951708457715,4
EURJPY,-1,2008-03-26 00:00:00+00:00,2008-03-27 00:00:00+00:00,156.82000732421875,163.4000861644745,139.16559887349942,2008-04-11 00:00:00+00:00,160.6999969482422,max_hold,-548.7986519599641,8.837572309778626,-0.5993079597697744,10
EURCHF,-1,2008-03-31 00:00:00+00:00,2008-04-02 00:00:00+00:00,1.580399990081787,1.6164513630792499,25356.182955105607,2008-04-14 00:00:00+00:00,1.5814000368118286,native,-41.39160384046195,16.034235989874468,-0.045280015702456426,8
EURNZD,1,2008-04-08 00:00:00+00:00,2008-04-09 00:00:00+00:00,1.96589994430542,1.8845687787979841,11283.785888935665,2008-04-14 00:00:00+00:00,1.9918999671936035,native,284.4468980191697,8.9317933585207,0.3099483789345067,3
NZDCHF,-1,2008-04-08 00:00:00+00:00,2008-04-09 00:00:00+00:00,0.8109999895095825,0.8550597261637449,20829.07269480459,2008-04-14 00:00:00+00:00,0.7932999730110168,native,361.9917142391422,6.683216108722768,0.39444531052183923,3
AUDJPY,-1,2008-04-08 00:00:00+00:00,2008-04-09 00:00:00+00:00,95.6500015258789,101.1576509475708,166.627064908859,2008-04-14 00:00:00+00:00,93.69000244140625,native,320.2790608435495,6.309833826180089,0.3489929980127058,3
NZDJPY,-1,2008-04-08 00:00:00+00:00,2008-04-09 00:00:00+00:00,82.0,87.1384562253952,178.59906116314386,2008-04-14 00:00:00+00:00,79.87999725341797,native,372.8481770967266,5.782323106110551,0.4062750864382009,3
AUDCHF,-1,2008-04-03 00:00:00+00:00,2008-04-04 00:00:00+00:00,0.9254000186920166,0.9746761489659548,18388.69642860633,2008-04-15 00:00:00+00:00,0.9261999726295471,native,-21.51981214364147,6.80970202952447,-0.023749306800046766,7
AUDCAD,1,2008-04-16 00:00:00+00:00,2008-04-17 00:00:00+00:00,0.9394999742507935,0.9086633827537298,30663.837090781744,2008-04-18 00:00:00+00:00,0.9467999935150146,native,212.27836249446352,11.56823898318352,0.22449819952789654,1
GBPNZD,-1,2008-04-18 00:00:00+00:00,2008-04-21 00:00:00+00:00,2.5285000801086426,2.6340407468378544,8871.835992483431,2008-04-22 00:00:00+00:00,2.4927000999450684,native,308.70209964881764,8.909452896572962,0.32969035733723123,1
NZDCAD,1,2008-04-15 00:00:00+00:00,2008-04-16 00:00:00+00:00,0.7978000044822693,0.7664355486631393,30204.19209440552,2008-04-23 00:00:00+00:00,0.80281001329422,native,141.65424206179264,9.669026489030184,0.14952871605490792,5
CADCHF,-1,2008-04-18 00:00:00+00:00,2008-04-21 00:00:00+00:00,1.0126999616622925,1.0635022912174463,18431.034441882777,2008-04-23 00:00:00+00:00,0.9957000017166138,native,305.92346948980946,7.403377779622547,0.32672281169671386,2
CADJPY,-1,2008-04-16 00:00:00+00:00,2008-04-17 00:00:00+00:00,101.7699966430664,107.27474641799927,171.77315168925685,2008-04-24 00:00:00+00:00,101.70999908447266,native,3.3154896989421143,6.990480034367181,0.003506346380381586,5
AUDJPY,-1,2008-04-17 00:00:00+00:00,2008-04-18 00:00:00+00:00,96.05000305175781,101.0205934047699,191.20882101412022,2008-04-30 00:00:00+00:00,96.9800033569336,native,-185.2060698845839,7.381807989150791,-0.19486745792088098,8
GBPJPY,-1,2008-04-17 00:00:00+00:00,2008-04-18 00:00:00+00:00,203.9199981689453,212.69128727912903,108.35587667953334,2008-04-30 00:00:00+00:00,204.60000610351562,native,-82.5359645402188,8.853108640813844,-0.08684150366682539,8
NZDCHF,-1,2008-04-18 00:00:00+00:00,2008-04-21 00:00:00+00:00,0.8047999739646912,0.8459529979154468,22752.628989776294,2008-04-30 00:00:00+00:00,0.8029000163078308,native,35.913151381720745,7.31588028110753,0.03835484023469596,7
EURCHF,-1,2008-04-17 00:00:00+00:00,2008-04-18 00:00:00+00:00,1.6002000570297241,1.633694994263351,28375.05604248265,2008-05-05 00:00:00+00:00,1.6282999515533447,max_hold,-815.6578556309262,18.32177373534006,-0.8582071470932159,10
AUDCHF,-1,2008-04-18 00:00:00+00:00,2008-04-21 00:00:00+00:00,0.9506000280380249,0.9962481493130326,20512.11440045758,2008-05-05 00:00:00+00:00,0.9962481493130326,stop,-944.3262802657495,7.986794506829444,-1.0085298063664976,9
GBPCHF,-1,2008-04-18 00:00:00+00:00,2008-04-21 00:00:00+00:00,2.0367000102996826,2.1172480043023825,11624.615825038862,2008-05-06 00:00:00+00:00,2.0780999660491943,max_hold,-490.8251745460695,9.566593784386939,-0.5241957452517843,10
EURGBP,1,2008-04-25 00:00:00+00:00,2008-04-28 00:00:00+00:00,0.786899983882904,0.7427012780681252,21226.1983095611,2008-05-07 00:00:00+00:00,0.7871999740600586,native,-0.3147805820711689,6.682431573273822,-0.00033552598793724935,6
EURJPY,1,2008-04-30 00:00:00+00:00,2008-05-02 00:00:00+00:00,161.55999755859375,156.70315504074097,191.06830639115103,2008-05-07 00:00:00+00:00,162.67999267578125,native,201.60517304770127,12.390397159673077,0.217249605121458,3
EURUSD,1,2008-04-30 00:00:00+00:00,2008-05-02 00:00:00+00:00,1.5477958917617798,1.5032316874712706,20823.63387990072,2008-05-07 00:00:00+00:00,1.553808331489563,native,112.2835094592594,12.917334157067964,0.12099663774948824,3
NZDCHF,-1,2008-05-05 00:00:00+00:00,2008-05-06 00:00:00+00:00,0.8260999917984009,0.8626511860638857,25102.568601979037,2008-05-08 00:00:00+00:00,0.8188999891281128,native,172.47981599104654,8.258744974292405,0.1879829869359714,2
EURAUD,1,2008-04-23 00:00:00+00:00,2008-04-24 00:00:00+00:00,1.6751999855041504,1.6210601832717657,17537.951475439804,2008-05-09 00:00:00+00:00,1.631700038909912,max_hold,-774.499202986435,11.599250432460906,-0.8156905784318735,10
CADCHF,-1,2008-04-30 00:00:00+00:00,2008-05-02 00:00:00+00:00,1.0286999940872192,1.0750934313982725,20002.585022377094,2008-05-09 00:00:00+00:00,1.033400058746338,native,-102.26290928098096,8.249466326290305,-0.11019844542683432,5
CADJPY,-1,2008-05-06 00:00:00+00:00,2008-05-07 00:00:00+00:00,104.4229965209961,109.08015537261963,196.17979417551913,2008-05-09 00:00:00+00:00,102.16000366210938,native,435.84799118584954,8.105482091216572,0.47704541108268134,2
USDJPY,-1,2008-05-07 00:00:00+00:00,2008-05-08 00:00:00+00:00,108.16999816894531,112.64093625545502,204.8035662405551,2008-05-09 00:00:00+00:00,103.88999938964844,native,867.8728847538299,8.686128751392683,0.9478070815991287,1
CHFJPY,1,2008-04-24 00:00:00+00:00,2008-04-25 00:00:00+00:00,100.69999694824219,97.85301965475082,329.34473817165286,2008-05-12 00:00:00+00:00,98.6500015258789,max_hold,-688.2861802417176,13.130974610395763,-0.7340646610831304,10
USDCHF,-1,2008-04-24 00:00:00+00:00,2008-04-25 00:00:00+00:00,1.0348000526428223,1.07976801879704,20851.220802157837,2008-05-12 00:00:00+00:00,1.0426000356674194,native,-171.3024338861143,8.66326558715581,-0.1826958998786886,10
NZDCAD,1,2008-05-07 00:00:00+00:00,2008-05-08 00:00:00+00:00,0.7831000089645386,0.753719387575984,31165.578578083252,2008-05-19 00:00:00+00:00,0.771399974822998,native,-374.32771168331004,9.689378278871924,-0.4088046328038854,7
GBPNZD,-1,2008-05-14 00:00:00+00:00,2008-05-15 00:00:00+00:00,2.5736000537872314,2.661649549379945,10476.011548546054,2008-05-19 00:00:00+00:00,2.531599998474121,native,429.29663755869154,10.696426941025571,0.46540885926493997,2
EURCAD,1,2008-05-05 00:00:00+00:00,2008-05-06 00:00:00+00:00,1.5694999694824219,1.5134626049548388,16373.519155811877,2008-05-20 00:00:00+00:00,1.5399999618530273,max_hold,-493.2016313546312,10.18269133814334,-0.537532552959995,10
CADCHF,-1,2008-05-14 00:00:00+00:00,2008-05-15 00:00:00+00:00,1.0499000549316406,1.0930791078135371,21362.384561696905,2008-05-21 00:00:00+00:00,1.044600009918213,native,104.27289660118296,8.948703169964336,0.11304428130484218,4
CADJPY,-1,2008-05-14 00:00:00+00:00,2008-05-15 00:00:00+00:00,104.58000183105469,109.33501088619232,193.9864933961142,2008-05-27 00:00:00+00:00,104.20600128173828,native,64.45072216730195,8.10033292280818,0.06987228517154334,8
GBPUSD,-1,2008-05-22 00:00:00+00:00,2008-05-23 00:00:00+00:00,1.9805903434753418,2.0281985197216272,19475.48720881101,2008-06-02 00:00:00+00:00,1.9746066331863403,native,101.12979556921835,15.405877625460516,0.1090709895461345,6
NZDJPY,-1,2008-05-22 00:00:00+00:00,2008-05-23 00:00:00+00:00,81.76300048828125,85.46906590461731,250.1824235029304,2008-06-03 00:00:00+00:00,81.94000244140625,native,-52.47390039909589,8.191122801531307,-0.05659440137953528,7
GBPCHF,-1,2008-05-28 00:00:00+00:00,2008-05-29 00:00:00+00:00,2.0539000034332275,2.1189119946211576,14317.616066493114,2008-06-03 00:00:00+00:00,2.0380001068115234,native,215.93136437430522,11.717250952185038,0.23198053657607604,3
GBPJPY,-1,2008-05-28 00:00:00+00:00,2008-05-29 00:00:00+00:00,207.2899932861328,214.0735981464386,137.21564694808274,2008-06-03 00:00:00+00:00,205.3509979248047,native,254.73634282070873,11.324160113261383,0.2736697082622016,3
CADJPY,-1,2008-05-29 00:00:00+00:00,2008-05-30 00:00:00+00:00,106.62999725341797,110.7305383682251,225.67001179588289,2008-06-03 00:00:00+00:00,104.29000091552734,native,518.5473374791454,9.519663694954698,0.5603680767787924,2
EURCHF,-1,2008-05-29 00:00:00+00:00,2008-05-30 00:00:00+00:00,1.6275999546051025,1.655789915472269,32826.19532919699,2008-06-03 00:00:00+00:00,1.611799955368042,native,497.3864263180806,21.26743483883232,0.537500542354918,2
CADCHF,-1,2008-05-29 00:00:00+00:00,2008-05-30 00:00:00+00:00,1.0606000423431396,1.1022410243749619,22222.55856119956,2008-06-03 00:00:00+00:00,1.0353000164031982,native,552.9160556914334,9.315252358782418,0.5975086252571589,2
AUDNZD,1,2008-05-22 00:00:00+00:00,2008-05-23 00:00:00+00:00,1.2168999910354614,1.1858049100264907,29817.977552522305,2008-06-05 00:00:00+00:00,1.2426999807357788,native,754.6354543900785,14.66805934929187,0.8138930301761206,9
AUDUSD,1,2008-06-03 00:00:00+00:00,2008-06-04 00:00:00+00:00,0.9514747858047485,0.9253199649974704,36161.147657862355,2008-06-05 00:00:00+00:00,0.9567546844482422,native,177.12644093814055,13.800753527780572,0.18727915536244114,1
EURNZD,1,2008-06-03 00:00:00+00:00,2008-06-04 00:00:00+00:00,1.978600025177002,1.9220990408211946,16739.324950888324,2008-06-05 00:00:00+00:00,2.004499912261963,native,420.2117452735461,13.334880832930757,0.4442978716864244,1
EURGBP,1,2008-05-28 00:00:00+00:00,2008-05-29 00:00:00+00:00,0.7900999784469604,0.7678892915137112,41908.507032873036,2008-06-06 00:00:00+00:00,0.7960000038146973,native,233.9670381656372,13.294216452290497,0.25135671796476794,6
EURUSD,1,2008-05-29 00:00:00+00:00,2008-05-30 00:00:00+00:00,1.5515903234481812,1.510995352640748,22795.167562445644,2008-06-06 00:00:00+00:00,1.5590895414352417,native,156.7642368517228,14.181693750628682,0.16940724127395201,5
USDCAD,-1,2008-06-02 00:00:00+00:00,2008-06-03 00:00:00+00:00,1.0010000467300415,1.0276192864403129,35745.42977085686,2008-06-10 00:00:00+00:00,1.0276192864403129,stop,-966.0189375982377,14.502773981128676,-1.015241752621414,5
GBPCAD,-1,2008-06-03 00:00:00+00:00,2008-06-04 00:00:00+00:00,1.9783999919891357,2.0426059793680906,14730.531774158522,2008-06-13 00:00:00+00:00,1.9907000064849854,native,-192.8791450821902,11.693390728467119,-0.20393478910716456,7
GBPNZD,-1,2008-06-05 00:00:00+00:00,2008-06-06 00:00:00+00:00,2.555500030517578,2.6399590261280537,11372.27854558489,2008-06-18 00:00:00+00:00,2.5871999263763428,native,-372.1968888491375,11.696843277233015,-0.3875068086422293,8
AUDUSD,1,2008-06-12 00:00:00+00:00,2008-06-13 00:00:00+00:00,0.9372949600219727,0.9091171640902758,33776.747429206735,2008-06-18 00:00:00+00:00,0.9444654583930969,native,229.48416314798584,12.711949275016838,0.24111702362776335,3
GBPAUD,-1,2008-06-09 00:00:00+00:00,2008-06-10 00:00:00+00:00,2.074700117111206,2.139562077820301,14633.27877380111,2008-06-19 00:00:00+00:00,2.069499969482422,native,63.966562884612664,12.128647032307052,0.06739400973508508,7
GBPCHF,-1,2008-06-16 00:00:00+00:00,2008-06-17 00:00:00+00:00,2.0522000789642334,2.117304053157568,14586.1730019565,2008-06-19 00:00:00+00:00,2.0290000438690186,native,326.49390734081567,11.905818209450388,0.3438161087397929,2
AUDCAD,1,2008-06-12 00:00:00+00:00,2008-06-13 00:00:00+00:00,0.9585999846458435,0.9252970991656184,28578.7337214908,2008-06-23 00:00:00+00:00,0.9684000015258789,native,269.0578289834232,11.014243897223622,0.28269673174089854,6
AUDNZD,1,2008-06-18 00:00:00+00:00,2008-06-19 00:00:00+00:00,1.2458000183105469,1.2184949768707156,35109.09908483358,2008-06-23 00:00:00+00:00,1.2520999908447266,native,203.64655614915688,17.53980378508784,0.21242936199640056,2
NZDJPY,-1,2008-06-16 00:00:00+00:00,2008-06-17 00:00:00+00:00,81.43699645996094,84.06489324569702,361.36039887612935,2008-06-26 00:00:00+00:00,81.58499908447266,native,-65.2642260953725,11.781938667103821,-0.06872683303275808,7
NZDUSD,-1,2008-06-18 00:00:00+00:00,2008-06-19 00:00:00+00:00,0.759013295173645,0.7812737342901528,43065.431028070256,2008-06-26 00:00:00+00:00,0.7574036121368408,native,56.26066425223006,13.061029546315869,0.058687056823300034,5
EURNZD,1,2008-06-19 00:00:00+00:00,2008-06-20 00:00:00+00:00,2.038100004196167,1.9814369305968285,16842.83164966629,2008-06-26 00:00:00+00:00,2.0687999725341797,native,503.2400333852156,13.834364982017526,0.5273026407627739,4
NZDCHF,-1,2008-06-19 00:00:00+00:00,2008-06-20 00:00:00+00:00,0.7937999963760376,0.8224686309695244,33289.57318403757,2008-06-26 00:00:00+00:00,0.7829999923706055,native,349.0293240023375,10.498199724394198,0.36571828956461017,4
CADJPY,-1,2008-06-17 00:00:00+00:00,2008-06-18 00:00:00+00:00,106.05999755859375,109.78999614715576,256.56132073966137,2008-06-27 00:00:00+00:00,105.54000091552734,native,122.55335050990128,10.857675015406167,0.12806349172258957,7
GBPJPY,-1,2008-06-13 00:00:00+00:00,2008-06-16 00:00:00+00:00,210.91000366210938,217.15251398086548,152.91769860018906,2008-06-30 00:00:00+00:00,211.9499969482422,native,-171.9659354997595,12.9325556246819,-0.1801463239677858,10
USDCAD,1,2008-06-19 00:00:00+00:00,2008-06-20 00:00:00+00:00,1.014799952507019,0.988761531189084,36652.245454256925,2008-07-02 00:00:00+00:00,1.0221999883651733,native,256.29580627874316,14.932124364630889,0.2685506845671709,7
GBPUSD,-1,2008-06-26 00:00:00+00:00,2008-06-27 00:00:00+00:00,1.9873998165130615,2.0312757464125752,22117.18336027854,2008-07-04 00:00:00+00:00,1.9831039905548096,native,77.44829825578189,17.563272146720823,0.07980970898755102,4
AUDJPY,1,2008-06-30 00:00:00+00:00,2008-07-02 00:00:00+00:00,101.1780014038086,98.28765046596527,336.59811534039613,2008-07-04 00:00:00+00:00,102.44999694824219,native,414.4431428825613,13.708160095167518,0.42599323446927645,2
EURUSD,1,2008-07-07 00:00:00+00:00,2008-07-08 00:00:00+00:00,1.5418059825897217,1.4981995057314634,22460.293745166422,2008-07-10 00:00:00+00:00,1.5734899044036865,native,697.6360987955404,13.994092144996145,0.7122992930047688,2
USDCHF,-1,2008-07-08 00:00:00+00:00,2008-07-09 00:00:00+00:00,1.033400058746338,1.0703744692727923,26638.684951963125,2008-07-14 00:00:00+00:00,1.0188000202178955,native,377.99224437331554,10.933582272384413,0.3837680793449611,3
CADCHF,-1,2008-07-08 00:00:00+00:00,2008-07-09 00:00:00+00:00,1.014299988746643,1.0515949930995703,26409.694552601988,2008-07-14 00:00:00+00:00,1.01010000705719,native,100.2274764366847,10.692757108293595,0.10175898236607898,3
EURCAD,1,2008-07-09 00:00:00+00:00,2008-07-10 00:00:00+00:00,1.5910999774932861,1.5462986687198281,22031.001512775303,2008-07-14 00:00:00+00:00,1.6044000387191772,native,278.9336558493612,14.08001313825006,0.2826024857146462,2
AUDNZD,1,2008-07-09 00:00:00+00:00,2008-07-10 00:00:00+00:00,1.261199951171875,1.2368381982669234,40515.052640639566,2008-07-14 00:00:00+00:00,1.2742999792099,native,510.2031429244821,20.545182629951114,0.5169138731962515,2
AUDCAD,1,2008-07-09 00:00:00+00:00,2008-07-10 00:00:00+00:00,0.9657999873161316,0.9392613591626287,37191.73785673192,2008-07-14 00:00:00+00:00,0.9757000207901001,native,353.7578978666417,14.441551870065974,0.3584108951423613,2
EURCHF,-1,2008-07-08 00:00:00+00:00,2008-07-09 00:00:00+00:00,1.6190999746322632,1.646334270015359,36165.785067827564,2008-07-15 00:00:00+00:00,1.6160999536514282,native,85.0974049402986,23.40070905155183,0.08639771883500655,4
GBPCAD,1,2008-07-10 00:00:00+00:00,2008-07-11 00:00:00+00:00,1.993899941444397,1.9395075477659702,18120.0680133929,2008-07-15 00:00:00+00:00,2.0067999362945557,native,219.25019328013317,14.498590777160498,0.22245490695163098,2
CADJPY,-1,2008-07-09 00:00:00+00:00,2008-07-10 00:00:00+00:00,105.60800170898438,109.01539313793182,289.66959679981903,2008-07-16 00:00:00+00:00,104.62000274658203,native,274.0139288203916,12.179332257334897,0.2776180492428596,4
NZDUSD,-1,2008-07-14 00:00:00+00:00,2008-07-15 00:00:00+00:00,0.7628929018974304,0.7830162979662418,49948.25674608384,2008-07-18 00:00:00+00:00,0.7634752988815308,native,-44.3376002463019,15.24788615631312,-0.0441113727136696,3
EURJPY,1,2008-07-15 00:00:00+00:00,2008-07-16 00:00:00+00:00,166.6300048828125,162.63109052181244,250.46878002724114,2008-07-18 00:00:00+00:00,168.36000061035156,native,416.52901172961015,16.780907599438322,0.4158623006931667,2
NZDCAD,-1,2008-07-15 00:00:00+00:00,2008-07-16 00:00:00+00:00,0.7720999717712402,0.7934602154418826,46891.000724383506,2008-07-18 00:00:00+00:00,0.7667999863624573,native,234.08950783214357,14.432111810320194,0.23371481590434906,2
GBPNZD,1,2008-07-16 00:00:00+00:00,2008-07-17 00:00:00+00:00,2.591399908065796,2.528009306639433,15779.298946949553,2008-07-18 00:00:00+00:00,2.615999937057495,native,371.7373877851481,16.433823778499843,0.37164103972165485,1
USDCAD,1,2008-07-09 00:00:00+00:00,2008-07-10 00:00:00+00:00,1.011299967765808,0.9854016387835145,38111.25042226391,2008-07-21 00:00:00+00:00,1.0068999528884888,native,-183.07329336685382,15.383224515649811,-0.1854812665610356,7
CHFJPY,1,2008-07-16 00:00:00+00:00,2008-07-17 00:00:00+00:00,103.30999755859375,100.95565462112427,424.85707345957707,2008-07-21 00:00:00+00:00,104.48200225830078,native,480.27810661229597,17.65638018610376,0.4801536266244583,2
EURNZD,1,2008-07-16 00:00:00+00:00,2008-07-17 00:00:00+00:00,2.0511999130249023,1.9949893616139889,17794.866359188654,2008-07-21 00:00:00+00:00,2.0834999084472656,native,560.0588157916683,14.715286151691684,0.5599136579890988,2
NZDCHF,-1,2008-07-16 00:00:00+00:00,2008-07-17 00:00:00+00:00,0.7842000126838684,0.8099764240905643,38805.21747389843,2008-07-22 00:00:00+00:00,0.7742999792098999,native,372.0773657325207,12.095586223701325,0.37198092955247547,3
NZDJPY,-1,2008-07-10 00:00:00+00:00,2008-07-11 00:00:00+00:00,81.197998046875,83.57460939884186,414.70553106996977,2008-07-24 00:00:00+00:00,80.36399841308594,native,332.46413033412296,13.400130708530536,0.33732365783475815,9
CADJPY,-1,2008-07-21 00:00:00+00:00,2008-07-22 00:00:00+00:00,106.27999877929688,109.74838399887085,297.3136333075442,2008-07-25 00:00:00+00:00,105.81400299072266,native,125.93521335321893,12.611687653796245,0.12212512780579872,3
CADCHF,-1,2008-07-22 00:00:00+00:00,2008-07-23 00:00:00+00:00,1.0218000411987305,1.054872639477253,31121.224891000034,2008-07-28 00:00:00+00:00,1.017699956893921,native,114.90529810087106,12.694347621167111,0.11163877340682854,3
EURCAD,1,2008-07-23 00:00:00+00:00,2008-07-24 00:00:00+00:00,1.585800051689148,1.5459437360987067,25680.57159613482,2008-07-28 00:00:00+00:00,1.5988999605178833,native,320.05616324403803,16.35698333513882,0.31269746442099505,2
GBPJPY,-1,2008-07-22 00:00:00+00:00,2008-07-23 00:00:00+00:00,213.6300048828125,219.01097893714905,191.27759367769383,2008-08-01 00:00:00+00:00,213.5709991455078,native,-5.0563205686276245,16.34279601344638,-0.004912579624812154,7
AUDUSD,1,2008-07-24 00:00:00+00:00,2008-07-25 00:00:00+00:00,0.9593246579170227,0.9330705534666777,39626.4282855729,2008-08-01 00:00:00+00:00,0.9330705534666777,stop,-1055.3541598299098,14.997772626371557,-1.0144159951443998,5
EURGBP,1,2008-07-23 00:00:00+00:00,2008-07-24 00:00:00+00:00,0.7853000164031982,0.7698601288720965,66291.47809637165,2008-08-04 00:00:00+00:00,0.7919999957084656,native,423.2392215204114,20.91230984086142,0.41350814829345056,7
AUDJPY,1,2008-07-28 00:00:00+00:00,2008-07-29 00:00:00+00:00,102.81800079345703,99.95828622579575,362.7721459286262,2008-08-04 00:00:00+00:00,99.95828622579575,stop,-1052.1371082109206,14.71231775708267,-1.0141815752741425,4
GBPCHF,-1,2008-07-22 00:00:00+00:00,2008-07-23 00:00:00+00:00,2.052799940109253,2.1063578203320503,19217.709223627662,2008-08-05 00:00:00+00:00,2.0560998916625977,native,-79.2102378434382,15.792728439200808,-0.07695845135305868,9
GBPAUD,-1,2008-07-23 00:00:00+00:00,2008-07-24 00:00:00+00:00,2.077899932861328,2.1272892244160175,20723.783108836436,2008-08-05 00:00:00+00:00,2.1272892244160175,stop,-1040.9624516838796,17.429485605409276,-1.0170287486412752,8
EURAUD,-1,2008-07-25 00:00:00+00:00,2008-07-28 00:00:00+00:00,1.6433000564575195,1.679214360192418,28845.157106880273,2008-08-05 00:00:00+00:00,1.679214360192418,stop,-1055.1214236849946,19.167690067628424,-1.0185024576345685,6
CHFJPY,1,2008-07-30 00:00:00+00:00,2008-07-31 00:00:00+00:00,103.1050033569336,100.8265066742897,445.587089955336,2008-08-05 00:00:00+00:00,103.12999725341797,native,-7.24217315266314,18.3791307537807,-0.007133257538402804,3
USDCHF,-1,2008-07-23 00:00:00+00:00,2008-07-24 00:00:00+00:00,1.0378999710083008,1.0740625467151403,28303.652217031813,2008-08-07 00:00:00+00:00,1.0585999488830566,max_hold,-597.7526955884712,11.867720921128008,-0.5840092262769813,10
AUDUSD,1,2008-08-01 00:00:00+00:00,2008-08-04 00:00:00+00:00,0.9305788278579712,0.9045071834698319,38202.422531654316,2008-08-08 00:00:00+00:00,0.9045071834698319,stop,-1010.0209212480642,14.020946237334584,-1.0140772556115611,4
AUDNZD,1,2008-08-01 00:00:00+00:00,2008-08-04 00:00:00+00:00,1.2770999670028687,1.2496743379160762,36316.39485310401,2008-08-13 00:00:00+00:00,1.2496743379160762,stop,-1014.3526416831523,18.352666672422764,-1.0184263726233778,7
EURGBP,1,2008-08-07 00:00:00+00:00,2008-08-08 00:00:00+00:00,0.7860000133514404,0.7714508343487978,67502.37015763186,2008-08-13 00:00:00+00:00,0.7926999926567078,native,430.9512846779451,21.31319843468353,0.43880409354411726,3
GBPAUD,-1,2008-08-07 00:00:00+00:00,2008-08-08 00:00:00+00:00,2.144700050354004,2.1987543515861034,18168.84214836204,2008-08-13 00:00:00+00:00,2.1987543515861034,stop,-997.8871740075198,15.783107481491612,-1.0160707077991447,3
GBPCHF,-1,2008-08-08 00:00:00+00:00,2008-08-11 00:00:00+00:00,2.0745999813079834,2.1215613316744566,20163.16071252134,2008-08-13 00:00:00+00:00,2.0615999698638916,native,245.44154714091925,16.67977287092029,0.2592082927527537,2
AUDCAD,1,2008-08-08 00:00:00+00:00,2008-08-11 00:00:00+00:00,0.9441999793052673,0.9179132580757141,36021.580875277374,2008-08-13 00:00:00+00:00,0.9179132580757141,stop,-960.3045072320708,13.41525251584872,-1.0141677101614899,2
USDCHF,-1,2008-08-07 00:00:00+00:00,2008-08-08 00:00:00+00:00,1.062000036239624,1.0922890016809106,32424.483709414933,2008-08-14 00:00:00+00:00,1.0922890016809106,stop,-996.0744084891132,13.97034196308511,-1.01422491000623,4
GBPCAD,1,2008-08-12 00:00:00+00:00,2008-08-13 00:00:00+00:00,2.0216000080108643,1.973617261275649,19584.87916835677,2008-08-15 00:00:00+00:00,1.973617261275649,stop,-955.3854664691164,15.64916949406173,-1.0166527243274899,2
CADCHF,-1,2008-08-12 00:00:00+00:00,2008-08-13 00:00:00+00:00,1.0188000202178955,1.0469860499724746,33340.49900456045,2008-08-22 00:00:00+00:00,1.0469860499724746,stop,-953.511164658418,13.774867683363375,-1.0146582267043465,7
NZDCAD,-1,2008-08-18 00:00:00+00:00,2008-08-19 00:00:00+00:00,0.754800021648407,0.7829694971442223,32119.16804745848,2008-08-22 00:00:00+00:00,0.7506999969482422,native,122.01830072477209,9.67108161855153,0.13485961770959545,3
CHFJPY,1,2008-08-08 00:00:00+00:00,2008-08-11 00:00:00+00:00,101.18000030517578,98.74257558584213,388.4793844936002,2008-08-25 00:00:00+00:00,100.1050033569336,max_hold,-433.2531676517133,15.639014866089664,-0.4575542129069329,10
EURNZD,1,2008-08-15 00:00:00+00:00,2008-08-18 00:00:00+00:00,2.083199977874756,2.0055914502590895,11716.855302950076,2008-08-25 00:00:00+00:00,2.083400011062622,native,-7.420129917114308,9.76388983513053,-0.008160015778902971,5
NZDUSD,-1,2008-08-18 00:00:00+00:00,2008-08-19 00:00:00+00:00,0.7101768255233765,0.7388769229874015,31525.332567005313,2008-08-25 00:00:00+00:00,0.7094210982322693,native,14.873894850550418,8.950659331565397,0.016439237077415843,4
EURUSD,1,2008-07-31 00:00:00+00:00,2008-08-08 00:00:00+00:00,1.533413052558899,1.4948159838095307,26093.889284311692,2008-08-26 00:00:00+00:00,1.4619027376174927,stop_gap,-1881.6141284873975,15.631887720082672,-1.8682604776981129,1
GBPNZD,1,2008-08-13 00:00:00+00:00,2008-08-14 00:00:00+00:00,2.6696999073028564,2.568781401962042,9151.061632235904,2008-08-26 00:00:00+00:00,2.6561999320983887,native,-133.2866326652363,9.74752753549522,-0.14432591052710944,8
AUDNZD,1,2008-08-13 00:00:00+00:00,2008-08-14 00:00:00+00:00,1.2430000305175781,1.2104225400835276,28348.146216985835,2008-08-26 00:00:00+00:00,1.2330000400543213,native,-297.5191942276366,14.038002406767891,-0.32216080298197125,8
NZDCHF,-1,2008-08-15 00:00:00+00:00,2008-08-18 00:00:00+00:00,0.7724000215530396,0.8014728566631675,31277.57870545591,2008-08-26 00:00:00+00:00,0.7651000022888184,native,218.70907148695187,9.617855601070811,0.24051728126841262,6
CADJPY,-1,2008-08-15 00:00:00+00:00,2008-08-18 00:00:00+00:00,104.14399719238281,107.44915819168091,275.12362893695,2008-08-29 00:00:00+00:00,104.1240005493164,native,-5.9583404590391735,11.45988946602576,-0.0065524664264563215,9
CADCHF,-1,2008-08-22 00:00:00+00:00,2008-08-25 00:00:00+00:00,1.0484000444412231,1.0767335230484605,31603.856864800822,2008-08-29 00:00:00+00:00,1.0444999933242798,native,110.02791462010906,13.228742645175439,0.12287482090183491,4
EURCAD,1,2008-08-26 00:00:00+00:00,2008-08-27 00:00:00+00:00,1.534500002861023,1.4940901882946491,22440.316659065633,2008-09-01 00:00:00+00:00,1.5607999563217163,native,576.2873815288773,13.89190224777072,0.6355112921064138,3
GBPNZD,1,2008-09-01 00:00:00+00:00,2008-09-02 00:00:00+00:00,2.5833001136779785,2.494550622999668,10301.54565134632,2008-09-05 00:00:00+00:00,2.634200096130371,native,513.5988295665987,10.749663319449944,0.5617664059746023,3
AUDNZD,1,2008-09-09 00:00:00+00:00,2008-09-10 00:00:00+00:00,1.202299952507019,1.165980157442391,25247.54607446751,2008-09-12 00:00:00+00:00,1.2297999858856201,native,682.0274487251695,12.28091105045555,0.7437710852402668,2
USDJPY,1,2008-08-29 00:00:00+00:00,2008-09-01 00:00:00+00:00,108.44000244140625,105.26134157180786,288.0093001001035,2008-09-15 00:00:00+00:00,106.31999969482422,max_hold,-622.9510828343383,12.370575580950494,-0.6804609978045748,10
EURGBP,1,2008-09-08 00:00:00+00:00,2008-09-09 00:00:00+00:00,0.8029000163078308,0.7857646835036576,53661.52702823005,2008-09-19 00:00:00+00:00,0.7857646835036576,stop,-936.5581591544047,17.050034745545833,-1.018542560193807,8
GBPUSD,-1,2008-09-12 00:00:00+00:00,2008-09-15 00:00:00+00:00,1.7978821992874146,1.861059732735157,14519.491727464187,2008-09-22 00:00:00+00:00,1.861059732735157,stop,-927.9308696787433,10.625195422654711,-1.0115830477460759,5
GBPCHF,-1,2008-09-12 00:00:00+00:00,2008-09-15 00:00:00+00:00,2.010699987411499,2.064881358295679,16930.278051047328,2008-09-23 00:00:00+00:00,1.9951000213623047,native,250.5479012066727,13.563861593085665,0.27313458123962947,6
NZDCAD,-1,2008-09-19 00:00:00+00:00,2008-09-22 00:00:00+00:00,0.7171300053596497,0.7545027630403638,24191.76089751913,2008-09-24 00:00:00+00:00,0.708899974822998,native,192.19929565930232,6.899635262654511,0.21258331024137767,2
GBPCAD,-1,2008-09-12 00:00:00+00:00,2008-09-15 00:00:00+00:00,1.9141000509262085,1.9697513114660978,16483.106857904655,2008-09-25 00:00:00+00:00,1.9191999435424805,native,-96.69901364329641,12.636938685446545,-0.10541634741518069,8
GBPJPY,-1,2008-09-19 00:00:00+00:00,2008-09-22 00:00:00+00:00,195.57000732421875,206.34766674041748,83.88767755398578,2008-09-29 00:00:00+00:00,194.75999450683594,native,61.4013185725549,6.548775466650039,0.06791333709399758,5
EURJPY,-1,2008-09-19 00:00:00+00:00,2008-09-22 00:00:00+00:00,154.41000366210938,162.85922741889954,107.00542960129015,2008-09-29 00:00:00+00:00,154.55999755859375,native,-22.662454873788487,6.612293542906496,-0.025065959054323038,5
AUDUSD,-1,2008-09-22 00:00:00+00:00,2008-09-23 00:00:00+00:00,0.8453800082206726,0.9036897625774145,15321.290592544752,2008-09-29 00:00:00+00:00,0.8298066258430481,native,233.4711126729532,5.133204243447438,0.2613344065485653,4
NZDUSD,-1,2008-09-19 00:00:00+00:00,2008-09-22 00:00:00+00:00,0.6836204528808594,0.7267257897183299,20974.498385240135,2008-09-30 00:00:00+00:00,0.6677796840667725,native,326.583191913984,5.6689879980442806,0.3612195131523088,6
NZDJPY,-1,2008-09-19 00:00:00+00:00,2008-09-22 00:00:00+00:00,72.9540023803711,79.23384833335876,143.97054078414473,2008-09-30 00:00:00+00:00,69.26699829101562,native,526.7248457423556,4.095126875504351,0.5825875215108759,6
USDCAD,1,2008-09-19 00:00:00+00:00,2008-09-22 00:00:00+00:00,1.0504000186920166,1.011010424233973,22953.087746455152,2008-09-30 00:00:00+00:00,1.047700047492981,native,-71.6042508283644,9.631574983997522,-0.07919835822619407,6
CHFJPY,-1,2008-09-19 00:00:00+00:00,2008-09-22 00:00:00+00:00,96.75299835205078,101.14143562316895,206.0215885602466,2008-09-30 00:00:00+00:00,95.05500030517578,native,341.92093727299886,7.903317716384693,0.3781839284945921,6
CADJPY,-1,2008-09-23 00:00:00+00:00,2008-09-24 00:00:00+00:00,102.06900024414062,108.17722773551941,147.4280000769292,2008-09-30 00:00:00+00:00,99.06700134277344,native,436.64807857021736,5.930615691485761,0.48488235011385544,4
EURGBP,1,2008-10-02 00:00:00+00:00,2008-10-03 00:00:00+00:00,0.7821999788284302,0.7597931888885796,41250.04145565521,2008-10-09 00:00:00+00:00,0.7885000109672546,native,246.91829895977543,12.958287938693845,0.2671463496973028,4
GBPCAD,-1,2008-10-07 00:00:00+00:00,2008-10-08 00:00:00+00:00,1.9287999868392944,2.0032811034470797,12385.47473735691,2008-10-10 00:00:00+00:00,2.0032811034470797,stop,-932.2241263576543,9.740138201796139,-1.0105585986606311,2
USDCHF,1,2008-10-29 00:00:00+00:00,2008-10-30 00:00:00+00:00,1.132599949836731,1.0787722393870354,17043.785588658706,2008-11-03 00:00:00+00:00,1.1555999517440796,native,384.20718334628475,7.799917701306658,0.4187873074798402,2
AUDNZD,-1,2008-10-29 00:00:00+00:00,2008-10-30 00:00:00+00:00,1.1510000228881836,1.2361710332334042,10771.598832917889,2008-11-06 00:00:00+00:00,1.134600043296814,native,171.73008762518722,4.923913401087074,0.18718645597266037,5
EURAUD,1,2008-10-31 00:00:00+00:00,2008-11-03 00:00:00+00:00,1.9023000001907349,1.6875111386179924,4291.168273299428,2008-11-07 00:00:00+00:00,1.906599998474121,native,15.18309004282082,3.2689261660881725,0.016473006364228864,4
EURNZD,1,2008-11-03 00:00:00+00:00,2008-11-04 00:00:00+00:00,2.134000062942505,1.9403617158532143,4684.968351859102,2008-11-07 00:00:00+00:00,2.1707000732421875,native,167.90490998646234,4.03347678045377,0.18508250463385512,3
AUDJPY,-1,2008-11-04 00:00:00+00:00,2008-11-05 00:00:00+00:00,69.58999633789062,83.11236381530762,66.51616022373078,2008-11-07 00:00:00+00:00,64.69999694824219,native,323.47749195382835,1.7864909419728283,0.3596368312806831,2
EURCAD,1,2008-10-30 00:00:00+00:00,2008-10-31 00:00:00+00:00,1.5503000020980835,1.4517652988433838,9335.520152451832,2008-11-11 00:00:00+00:00,1.5211999416351318,native,-277.39901081404724,5.73480992459522,-0.3015623883789496,7
GBPNZD,1,2008-11-03 00:00:00+00:00,2008-11-04 00:00:00+00:00,2.666800022125244,2.421078696846962,3691.9446319615613,2008-11-11 00:00:00+00:00,2.6821999549865723,native,52.90605710957672,3.949642350372097,0.05831863738190702,5
CADCHF,-1,2008-10-31 00:00:00+00:00,2008-11-03 00:00:00+00:00,0.9545000195503235,1.028573026880622,12443.063694297314,2008-11-12 00:00:00+00:00,0.982200026512146,native,-349.4926473644173,4.81969640598077,-0.37918464476257746,7
GBPAUD,1,2008-10-31 00:00:00+00:00,2008-11-03 00:00:00+00:00,2.400599956512451,2.1390939876437187,3524.5663883936672,2008-11-12 00:00:00+00:00,2.3422999382019043,native,-208.8256180905741,3.343333110485216,-0.22656690608553806,7
AUDCHF,-1,2008-11-03 00:00:00+00:00,2008-11-04 00:00:00+00:00,0.7944999933242798,0.8988442160189152,8694.199874146703,2008-11-12 00:00:00+00:00,0.7789000272750854,native,132.89333200938276,2.7358908522154843,0.14648904989984002,6
NZDCHF,-1,2008-11-03 00:00:00+00:00,2008-11-04 00:00:00+00:00,0.6952000260353088,0.7712401486933231,11930.405897681976,2008-11-12 00:00:00+00:00,0.6779999732971191,native,201.9270439539929,3.2765666741464967,0.2225852898008095,6
GBPAUD,1,2008-11-13 00:00:00+00:00,2008-11-14 00:00:00+00:00,2.236799955368042,1.9925436526536942,3781.163738938182,2008-11-20 00:00:00+00:00,2.3443000316619873,native,403.01101258467247,3.4643778310816247,0.43636072073516435,4
GBPCAD,-1,2008-11-19 00:00:00+00:00,2008-11-20 00:00:00+00:00,1.8759000301361084,2.0055190436542034,7156.518848151049,2008-11-25 00:00:00+00:00,1.8686000108718872,native,46.88320843218949,5.359517024075219,0.050541344808993215,3
EURCHF,-1,2008-11-21 00:00:00+00:00,2008-11-24 00:00:00+00:00,1.5410000085830688,1.6048285644501448,14514.930907316235,2008-12-01 00:00:00+00:00,1.5369000434875488,native,50.57560876479528,8.935101319086012,0.054589752780278916,5
EURUSD,-1,2008-11-24 00:00:00+00:00,2008-11-25 00:00:00+00:00,1.291605830192566,1.3709694556891918,11685.464784448717,2008-12-01 00:00:00+00:00,1.2675074338912964,native,275.6200757548008,5.980885585373517,0.2971962722324918,4
GBPUSD,-1,2008-11-25 00:00:00+00:00,2008-11-26 00:00:00+00:00,1.542400598526001,1.6575422324240208,8040.451439251547,2008-12-02 00:00:00+00:00,1.4863920211791992,native,445.46367434286316,4.870571995660628,0.48117103212145346,4
GBPCHF,-1,2008-11-26 00:00:00+00:00,2008-11-27 00:00:00+00:00,1.843000054359436,1.9492952041327953,8726.460742407568,2008-12-02 00:00:00+00:00,1.7899999618530273,native,456.1625801974161,6.340646403728824,0.4917768366159966,3
EURGBP,1,2008-11-28 00:00:00+00:00,2008-12-01 00:00:00+00:00,0.8253999948501587,0.7844060845673084,22693.885387704875,2008-12-02 00:00:00+00:00,0.847100019454956,native,484.86676656453216,7.591104727115008,0.5211877680006187,1
EURUSD,-1,2008-12-05 00:00:00+00:00,2008-12-09 00:00:00+00:00,1.2914056777954102,1.3599216118454933,13783.131790053929,2008-12-15 00:00:00+00:00,1.3599216118454933,stop,-951.672867421277,7.308718690337412,-1.007739301306767,4
GBPAUD,1,2008-12-03 00:00:00+00:00,2008-12-04 00:00:00+00:00,2.280600070953369,2.0824375972151756,4769.8178482863605,2008-12-16 00:00:00+00:00,2.2844998836517334,native,14.246457165094297,4.354939048537334,0.015072443591864427,8
GBPNZD,1,2008-12-04 00:00:00+00:00,2008-12-05 00:00:00+00:00,2.754699945449829,2.5432425886392593,4469.891558286519,2008-12-16 00:00:00+00:00,2.756700038909912,native,4.013128820123098,4.927072052886013,0.004245836970407936,7
NZDUSD,-1,2008-12-08 00:00:00+00:00,2008-12-09 00:00:00+00:00,0.5454049706459045,0.5934657584875822,19579.954148350676,2008-12-17 00:00:00+00:00,0.5934657584875822,stop,-945.4878296051248,4.459807331466475,-1.0047392928009635,6
EURCHF,-1,2008-12-11 00:00:00+00:00,2008-12-12 00:00:00+00:00,1.5800000429153442,1.6313242129981518,18166.03525778729,2008-12-18 00:00:00+00:00,1.5443999767303467,native,635.3604653129638,11.351592183262987,0.6814564390352282,4
USDCHF,1,2008-12-16 00:00:00+00:00,2008-12-17 00:00:00+00:00,1.1195000410079956,1.061833966523409,15786.911759396933,2008-12-18 00:00:00+00:00,1.061833966523409,stop,-917.2565348979155,6.887305498933994,-1.00756539794681,1
GBPUSD,-1,2008-12-15 00:00:00+00:00,2008-12-16 00:00:00+00:00,1.5297771692276,1.6247976087033749,9762.217888536576,2008-12-19 00:00:00+00:00,1.5059107542037964,native,227.06213429058738,5.927009390027287,0.24478183396581038,3
AUDCAD,-1,2008-12-05 00:00:00+00:00,2008-12-08 00:00:00+00:00,0.8238000273704529,0.8809078671038151,16536.506250984057,2008-12-22 00:00:00+00:00,0.8289099931716919,native,-89.96699133165555,5.466009917151833,-0.09526726681921953,10
AUDUSD,-1,2008-12-08 00:00:00+00:00,2008-12-09 00:00:00+00:00,0.6629980802536011,0.726743470877409,14762.29125062729,2008-12-22 00:00:00+00:00,0.6820816993713379,native,-285.68923542450045,3.971291892430584,-0.3035926972017628,9
EURUSD,-1,2008-12-16 00:00:00+00:00,2008-12-17 00:00:00+00:00,1.4063905477523804,1.4811727982014418,12173.60033874733,2008-12-22 00:00:00+00:00,1.3979953527450562,native,95.37185415535724,6.827894629654766,0.10476172862116724,3
AUDJPY,-1,2008-12-18 00:00:00+00:00,2008-12-19 00:00:00+00:00,61.94660186767578,69.39041638374329,120.87086379797769,2008-12-22 00:00:00+00:00,61.012001037597656,native,109.99358712893935,2.972422508910586,0.12225037412375225,1
NZDCAD,-1,2008-12-08 00:00:00+00:00,2008-12-09 00:00:00+00:00,0.6826000213623047,0.7295503299683332,20043.063617963686,2008-12-23 00:00:00+00:00,0.6990000009536743,max_hold,-334.2441337114994,5.538299428371843,-0.35519041495057474,10
EURJPY,-1,2008-12-08 00:00:00+00:00,2008-12-09 00:00:00+00:00,120.05999755859375,131.01504039764404,85.89907279223722,2008-12-23 00:00:00+00:00,125.80999755859375,max_hold,-498.1436694769637,4.22400092159966,-0.5293611430118493,10
USDCAD,1,2008-12-11 00:00:00+00:00,2008-12-12 00:00:00+00:00,1.236299991607666,1.152545165270567,11131.975601601449,2008-12-23 00:00:00+00:00,1.2187999486923218,native,-200.27607328757287,5.4660225269825276,-0.21480628269699034,7
CHFJPY,-1,2008-12-17 00:00:00+00:00,2008-12-18 00:00:00+00:00,81.30000305175781,87.00230073928833,157.0904961753351,2009-01-01 00:00:00+00:00,85.06800079345703,max_hold,-597.1436012854214,5.226966454348972,-0.6666209922327767,10
EURJPY,-1,2008-12-26 00:00:00+00:00,2008-12-29 00:00:00+00:00,127.80000305175781,135.90144085884094,112.11757898650608,2009-01-01 00:00:00+00:00,126.87000274658203,native,98.55878577490253,5.710596898117866,0.1085074433636386,3
NZDJPY,-1,2008-12-18 00:00:00+00:00,2008-12-19 00:00:00+00:00,52.439998626708984,58.068711161613464,159.8483285350925,2009-01-02 00:00:00+00:00,52.814998626708984,max_hold,-63.30809027684461,3.3649670761849224,-0.07036262679870622,10
NZDCAD,-1,2008-12-29 00:00:00+00:00,2008-12-30 00:00:00+00:00,0.7049999833106995,0.7498624688014388,20229.015188784273,2009-01-06 00:00:00+00:00,0.6980999708175659,native,133.90379146971108,5.67666605668864,0.14754850137927128,5
AUDJPY,-1,2008-12-29 00:00:00+00:00,2008-12-30 00:00:00+00:00,62.5,68.04169380664825,163.76290933108623,2009-01-06 00:00:00+00:00,68.04169380664825,stop,-911.7994779121371,4.275577513356913,-1.0047112561018814,5
AUDCAD,-1,2008-12-29 00:00:00+00:00,2008-12-30 00:00:00+00:00,0.8402000069618225,0.8919059671461582,17551.630356798094,2009-01-06 00:00:00+00:00,0.8475000262260437,native,-134.0516171502494,5.9243774271338605,-0.14771139040122802,5
AUDCHF,-1,2008-12-31 00:00:00+00:00,2009-01-01 00:00:00+00:00,0.7436299920082092,0.8053489737212658,14591.123626596884,2009-01-06 00:00:00+00:00,0.8053489737212658,stop,-905.069560999672,4.5202687167913895,-1.0050194572973707,3
USDJPY,-1,2009-01-02 00:00:00+00:00,2009-01-05 00:00:00+00:00,92.05000305175781,96.50107562541962,199.42927514116454,2009-01-09 00:00:00+00:00,91.37000274658203,native,128.2961041964265,7.315863760550223,0.14453062567947986,4
AUDUSD,-1,2008-12-31 00:00:00+00:00,2009-01-01 00:00:00+00:00,0.7055171132087708,0.7556070759892464,17978.637680958756,2009-01-12 00:00:00+00:00,0.6990073919296265,native,111.98563284338029,5.050287438382227,0.12435258547535825,7
CADJPY,-1,2009-01-02 00:00:00+00:00,2009-01-05 00:00:00+00:00,76.16200256347656,81.91849267482758,154.20406528897163,2009-01-12 00:00:00+00:00,75.66699981689453,native,71.64890597299139,4.682529879164435,0.08071532081498001,5
EURAUD,1,2008-12-31 00:00:00+00:00,2009-01-01 00:00:00+00:00,1.9816999435424805,1.8468848541378975,6679.8849910658955,2009-01-13 00:00:00+00:00,1.9673000574111938,native,-101.46535640865739,5.275773167217931,-0.11267051929100298,8
NZDUSD,-1,2009-01-01 00:00:00+00:00,2009-01-02 00:00:00+00:00,0.5830903649330139,0.6207579169422388,23894.679769348943,2009-01-13 00:00:00+00:00,0.572213351726532,native,254.38162494668143,5.521122469183699,0.28262926299385743,7
EURNZD,1,2009-01-02 00:00:00+00:00,2009-01-05 00:00:00+00:00,2.3617000579833984,2.216733243316412,6123.292279031104,2009-01-13 00:00:00+00:00,2.335400104522705,native,-166.79464539652287,5.752343431781874,-0.18790075201533588,6
CADCHF,-1,2009-01-06 00:00:00+00:00,2009-01-07 00:00:00+00:00,0.9423999786376953,1.0125379785895348,12320.782144377632,2009-01-13 00:00:00+00:00,0.9161999821662903,native,318.2245676655211,4.579881042122943,0.3682494011374622,4
NZDCHF,-1,2009-01-06 00:00:00+00:00,2009-01-07 00:00:00+00:00,0.6653000116348267,0.714303920045495,17634.410100661527,2009-01-13 00:00:00+00:00,0.6370999813079834,native,492.69748851651576,4.5934111181304385,0.5701494275540709,4
AUDCHF,-1,2009-01-06 00:00:00+00:00,2009-01-07 00:00:00+00:00,0.8033999800682068,0.8717957008630037,12634.635725846776,2009-01-13 00:00:00+00:00,0.7569000124931335,native,583.5673871689263,3.942764405810794,0.6753040546956941,4
EURGBP,1,2009-01-06 00:00:00+00:00,2009-01-07 00:00:00+00:00,0.9049000144004822,0.8487305846065283,15384.792415001528,2009-01-14 00:00:00+00:00,0.9093999862670898,native,63.648607263344346,5.582525777761546,0.07365415461133046,5
GBPCHF,-1,2009-01-09 00:00:00+00:00,2009-01-12 00:00:00+00:00,1.6816999912261963,1.8052165769040585,7173.973971980045,2009-01-14 00:00:00+00:00,1.622499942779541,native,419.95875783130754,4.740848864955069,0.47393803948343827,2
GBPAUD,-1,2009-01-12 00:00:00+00:00,2009-01-13 00:00:00+00:00,2.1819000244140625,2.355577740818262,5231.585590856912,2009-01-20 00:00:00+00:00,2.160599946975708,native,106.8895461549079,4.543632055723855,0.11764075361588813,5
GBPNZD,-1,2009-01-12 00:00:00+00:00,2009-01-13 00:00:00+00:00,2.5908000469207764,2.779748484492302,4808.771378430656,2009-01-21 00:00:00+00:00,2.6710000038146973,native,-390.72381595945956,5.060558696600344,-0.4300237564722402,6
USDJPY,-1,2009-01-16 00:00:00+00:00,2009-01-19 00:00:00+00:00,91.19599914550781,95.56096136569977,207.6483054197459,2009-01-21 00:00:00+00:00,89.80999755859375,native,280.28376313449996,7.51711769728376,0.3092352967751191,2
CHFJPY,-1,2009-01-16 00:00:00+00:00,2009-01-19 00:00:00+00:00,81.62000274658203,86.51780831813812,185.0577763861918,2009-01-21 00:00:00+00:00,78.2699966430664,native,614.0269028460847,5.91777755068758,0.6774519843962525,2
EURCHF,-1,2009-01-28 00:00:00+00:00,2009-01-29 00:00:00+00:00,1.5156999826431274,1.5645757149904966,18602.296951455668,2009-01-30 00:00:00+00:00,1.493399977684021,native,403.6360800645083,11.195234203723818,0.4439459814704741,1
AUDJPY,-1,2009-01-28 00:00:00+00:00,2009-01-29 00:00:00+00:00,60.15999984741211,66.27657079696655,148.64552284999803,2009-01-30 00:00:00+00:00,58.41999816894531,native,255.11818209463257,3.5252771609386357,0.28059605504756663,1
CADCHF,-1,2009-01-21 00:00:00+00:00,2009-01-22 00:00:00+00:00,0.9157999753952026,0.9767790697515011,15052.850058002397,2009-02-03 00:00:00+00:00,0.932699978351593,native,-259.9582490095366,5.565038527194977,-0.2832069437803314,8
USDCAD,1,2009-01-26 00:00:00+00:00,2009-01-27 00:00:00+00:00,1.2228000164031982,1.1512209102511406,12813.783278123652,2009-02-03 00:00:00+00:00,1.2454999685287476,native,284.5466147461085,6.325652214462766,0.3102342753678627,5
CADJPY,-1,2009-01-26 00:00:00+00:00,2009-01-27 00:00:00+00:00,72.93599700927734,79.2562427520752,145.1208055508689,2009-02-03 00:00:00+00:00,71.73999786376953,native,169.36526005027466,4.199099383969989,0.18465483685711348,5
USDJPY,-1,2009-01-28 00:00:00+00:00,2009-01-29 00:00:00+00:00,90.45500183105469,94.9196184873581,203.6459021766105,2009-02-03 00:00:00+00:00,89.36000061035156,native,215.66879379516374,7.323717679413919,0.23720697693488016,3
EURCAD,1,2009-01-23 00:00:00+00:00,2009-01-26 00:00:00+00:00,1.596500039100647,1.5015167035162449,9628.741277128174,2009-02-04 00:00:00+00:00,1.603700041770935,native,63.16418318408455,6.162779722751425,0.06906435338106856,7
GBPCHF,-1,2009-01-28 00:00:00+00:00,2009-01-29 00:00:00+00:00,1.639299988746643,1.7504315078258514,8181.305307251323,2009-02-11 00:00:00+00:00,1.6829999685287476,native,-362.95902657265464,5.4361500545476,-0.39920663499559533,9
EURGBP,1,2009-01-29 00:00:00+00:00,2009-01-30 00:00:00+00:00,0.9057999849319458,0.854767594486475,18011.371963642254,2009-02-11 00:00:00+00:00,0.8863999843597412,native,-355.87662245687756,6.455996056028161,-0.38717450610461285,8
GBPUSD,-1,2009-01-30 00:00:00+00:00,2009-02-02 00:00:00+00:00,1.4389524459838867,1.5408325344324112,8958.811848330035,2009-02-11 00:00:00+00:00,1.4557948112487793,native,-156.07428069422525,5.186699205203376,-0.17099822920885407,7
EURCHF,-1,2009-02-05 00:00:00+00:00,2009-02-09 00:00:00+00:00,1.5041999816894531,1.5506307743489742,19675.33019942298,2009-02-11 00:00:00+00:00,1.4931000471115112,native,206.60030445831973,11.794573554679797,0.22615324810804135,2
USDJPY,-1,2009-02-05 00:00:00+00:00,2009-02-06 00:00:00+00:00,91.1510009765625,95.50278103351593,209.92356347084535,2009-02-11 00:00:00+00:00,90.41999816894531,native,145.83150804947545,7.623206232717363,0.15963320726149466,3
EURAUD,1,2009-02-05 00:00:00+00:00,2009-02-06 00:00:00+00:00,1.9615999460220337,1.8426660038530827,7681.080441269624,2009-02-11 00:00:00+00:00,1.9625999927520752,native,1.6530202990075864,6.028419079469853,0.0018094644670986453,3
GBPJPY,-1,2009-02-05 00:00:00+00:00,2009-02-06 00:00:00+00:00,133.25,145.25563192367554,76.09271905092196,2009-02-11 00:00:00+00:00,131.6699981689453,native,116.19493883205853,4.031696598328063,0.12719179141329198,3
GBPCAD,-1,2009-02-03 00:00:00+00:00,2009-02-04 00:00:00+00:00,1.7785999774932861,1.8989026956260204,7705.696897485109,2009-02-12 00:00:00+00:00,1.7802000045776367,native,-17.81393053589525,5.484606796122795,-0.01921641602656137,6
NZDJPY,-1,2009-02-05 00:00:00+00:00,2009-02-06 00:00:00+00:00,47.02000045776367,51.83603012561798,189.6876140723679,2009-02-12 00:00:00+00:00,47.310001373291016,native,-58.58822834173911,3.5786465965549716,-0.06413310074793714,4
EURNZD,1,2009-02-05 00:00:00+00:00,2009-02-06 00:00:00+00:00,2.4760000705718994,2.317686729133129,5770.462354559967,2009-02-13 00:00:00+00:00,2.464200019836426,native,-73.79319628008724,5.701447729138997,-0.08077708825633786,5
GBPNZD,1,2009-02-11 00:00:00+00:00,2009-02-12 00:00:00+00:00,2.7346999645233154,2.537776492536068,4686.86547421669,2009-02-18 00:00:00+00:00,2.8052000999450684,native,325.23169736726135,5.192953268553537,0.3523813322433854,4
AUDNZD,1,2009-02-11 00:00:00+00:00,2009-02-12 00:00:00+00:00,1.2444000244140625,1.193233808502555,18038.344354332632,2009-02-20 00:00:00+00:00,1.2657999992370605,native,376.9641445463127,9.055970484974576,0.40843229162013805,6
EURGBP,1,2009-02-18 00:00:00+00:00,2009-02-19 00:00:00+00:00,0.8816999793052673,0.8337882775813341,19303.268963255792,2009-02-23 00:00:00+00:00,0.8895999789237976,native,145.65744154444815,6.838375901659878,0.15749262404334838,2
USDJPY,-1,2009-02-17 00:00:00+00:00,2009-02-18 00:00:00+00:00,92.27999877929688,96.2718106508255,232.627606697436,2009-02-24 00:00:00+00:00,96.2718106508255,stop,-937.378113293357,8.772471233240083,-1.0094469286378427,4
GBPUSD,-1,2009-02-20 00:00:00+00:00,2009-02-23 00:00:00+00:00,1.437504529953003,1.521937195211649,10978.326778351036,2009-02-26 00:00:00+00:00,1.4215044975280762,native,169.37615735186972,6.277427073188576,0.18272821984440046,3
NZDJPY,-1,2009-02-24 00:00:00+00:00,2009-02-25 00:00:00+00:00,49.569000244140625,54.26022136211395,192.47031447603288,2009-03-02 00:00:00+00:00,48.15299987792969,native,268.7763189638525,3.7617168189443593,0.29767430079906604,3
AUDJPY,-1,2009-02-24 00:00:00+00:00,2009-02-25 00:00:00+00:00,62.900001525878906,68.71297109127045,155.32866527095183,2009-03-02 00:00:00+00:00,61.64929962158203,native,190.40064210473832,3.8692153415329877,0.21087191843654832,3
USDCAD,1,2009-02-24 00:00:00+00:00,2009-02-25 00:00:00+00:00,1.2402000427246094,1.1830763444304466,15806.413639454413,2009-03-02 00:00:00+00:00,1.27839994430542,native,595.8414387352758,7.962006637464233,0.6599044303694281,3
CADJPY,-1,2009-02-24 00:00:00+00:00,2009-02-25 00:00:00+00:00,77.81500244140625,83.34724378585815,163.21066772664236,2009-03-02 00:00:00+00:00,75.9749984741211,native,295.2882423724605,5.020033747820833,0.32703670256838696,3
GBPJPY,-1,2009-02-18 00:00:00+00:00,2009-02-19 00:00:00+00:00,133.3800048828125,144.3695352077484,84.15759705087875,2009-03-03 00:00:00+00:00,136.2469940185547,native,-245.8171485005539,4.538232065515798,-0.2657906615803887,8
EURJPY,-1,2009-02-20 00:00:00+00:00,2009-02-23 00:00:00+00:00,119.51000213623047,127.1427013874054,121.44188569120648,2009-03-03 00:00:00+00:00,121.95800018310547,native,-303.1543648880402,5.864865907149755,-0.3270522740634127,6
CHFJPY,-1,2009-02-18 00:00:00+00:00,2009-02-19 00:00:00+00:00,79.685302734375,84.76802659034729,181.96000630206404,2009-03-04 00:00:00+00:00,84.76802659034729,stop,-930.8372506324336,5.984785768064377,-1.0064710707874278,9
USDJPY,-1,2009-02-24 00:00:00+00:00,2009-02-25 00:00:00+00:00,96.55999755859375,101.11558151245117,198.20089213554903,2009-03-11 00:00:00+00:00,98.8030014038086,max_hold,-452.3095873219739,7.744224136924897,-0.5009404871300825,10
USDCHF,1,2009-03-06 00:00:00+00:00,2009-03-09 00:00:00+00:00,1.153499960899353,1.0984531473368406,16700.840682861024,2009-03-13 00:00:00+00:00,1.186900019645691,native,549.9917304789373,7.817329441850765,0.5982540426764319,4
AUDCAD,-1,2009-03-03 00:00:00+00:00,2009-03-04 00:00:00+00:00,0.8245999813079834,0.86683817114681,21820.848556340483,2009-03-18 00:00:00+00:00,0.8409000039100647,max_hold,-362.948849254549,7.268524589606068,-0.39379345238500785,10
NZDCAD,-1,2009-03-04 00:00:00+00:00,2009-03-05 00:00:00+00:00,0.6427000164985657,0.6778530422598124,26119.690613802784,2009-03-18 00:00:00+00:00,0.6778530422598124,stop,-925.0846444895783,6.898487466775953,-1.0075131686684802,9
GBPCHF,-1,2009-03-12 00:00:00+00:00,2009-03-13 00:00:00+00:00,1.6521999835968018,1.7501107156276703,9323.20973535739,2009-03-19 00:00:00+00:00,1.6297999620437622,native,202.72034424658602,6.119754768927706,0.22207597791278164,4
NZDUSD,-1,2009-03-12 00:00:00+00:00,2009-03-13 00:00:00+00:00,0.5203996896743774,0.5560766123235226,25586.35168854832,2009-03-19 00:00:00+00:00,0.5560766123235226,stop,-918.3509103156234,5.508620249461243,-1.0060345804630304,4
AUDCHF,-1,2009-03-12 00:00:00+00:00,2009-03-13 00:00:00+00:00,0.7756999731063843,0.8272492028772831,17708.165458982097,2009-03-19 00:00:00+00:00,0.7742999792098999,native,19.30179243710414,5.489531123406225,0.02114471760034821,4
GBPNZD,1,2009-03-10 00:00:00+00:00,2009-03-11 00:00:00+00:00,2.7263998985290527,2.566657017916441,5742.185894927802,2009-03-20 00:00:00+00:00,2.566657017916441,stop,-923.3520592222079,6.078743353332673,-1.0066269706620372,7
EURCHF,-1,2009-03-12 00:00:00+00:00,2009-03-13 00:00:00+00:00,1.530400037765503,1.5789581518620253,18798.965055595905,2009-03-23 00:00:00+00:00,1.5789581518620253,stop,-924.53283325659,11.690543190427771,-1.0128067502104667,6
NZDJPY,-1,2009-03-13 00:00:00+00:00,2009-03-16 00:00:00+00:00,51.27000045776367,55.641846656799316,207.54010438508092,2009-03-24 00:00:00+00:00,55.641846656799316,stop,-911.7711156854086,4.437699182031643,-1.0048909244400293,6
AUDNZD,1,2009-03-12 00:00:00+00:00,2009-03-13 00:00:00+00:00,1.256600022315979,1.2138174837455153,21336.795818291463,2009-03-25 00:00:00+00:00,1.2403000593185425,native,-358.4441517661114,10.655169444102214,-0.39266821406809677,8
NZDCHF,-1,2009-03-12 00:00:00+00:00,2009-03-13 00:00:00+00:00,0.6169999837875366,0.6599901476874948,21233.747612370724,2009-03-27 00:00:00+00:00,0.6503000259399414,max_hold,-712.4665962566112,5.381905711141647,-0.780492538535843,10
GBPUSD,-1,2009-03-19 00:00:00+00:00,2009-03-20 00:00:00+00:00,1.449737548828125,1.532615376636386,10664.694303012117,2009-03-27 00:00:00+00:00,1.4466965198516846,native,26.25372761807906,6.177916782259954,0.02970326597361775,5
USDCAD,1,2009-03-18 00:00:00+00:00,2009-03-19 00:00:00+00:00,1.246999979019165,1.1901612654328346,15718.356503996507,2009-03-30 00:00:00+00:00,1.2388999462127686,native,-135.134055596618,7.814852251610759,-0.15125628729061313,7
AUDUSD,-1,2009-03-18 00:00:00+00:00,2009-03-19 00:00:00+00:00,0.6784260869026184,0.7190387938171625,21998.31607527115,2009-03-30 00:00:00+00:00,0.6912761330604553,native,-288.70560543466974,6.0262284727496525,-0.32314976269482804,7
USDCHF,1,2009-03-19 00:00:00+00:00,2009-03-20 00:00:00+00:00,1.1229000091552734,1.0615115258842707,14397.923698015184,2009-03-30 00:00:00+00:00,1.1454999446868896,native,318.8600974738723,6.532049890400126,0.3607558675636591,6
AUDCAD,-1,2009-03-20 00:00:00+00:00,2009-03-23 00:00:00+00:00,0.8551999926567078,0.8910260433331132,24464.80763705777,2009-03-30 00:00:00+00:00,0.8560000061988831,native,-27.945013176466848,8.372835760107101,-0.03188332289996688,5
GBPJPY,-1,2009-03-24 00:00:00+00:00,2009-03-25 00:00:00+00:00,144.56900024414062,153.9018280506134,91.84817185138279,2009-03-30 00:00:00+00:00,140.24099731445312,native,392.287301339075,5.231855520150726,0.45763631545988703,3
EURJPY,-1,2009-03-25 00:00:00+00:00,2009-03-26 00:00:00+00:00,132.74099731445312,139.51418161392212,126.81030592452191,2009-03-30 00:00:00+00:00,130.2449951171875,native,309.84893539270877,6.669866830824071,0.36074686450963045,2
NZDUSD,-1,2009-03-19 00:00:00+00:00,2009-03-20 00:00:00+00:00,0.5571961998939514,0.5942731238901615,23838.72778019897,2009-03-31 00:00:00+00:00,0.5623980760574341,native,-129.34405044130386,5.337940633734809,-0.14633886616989997,7
AUDJPY,-1,2009-03-23 00:00:00+00:00,2009-03-24 00:00:00+00:00,68.30940246582031,73.34043443202972,169.37380510930294,2009-03-31 00:00:00+00:00,66.2229995727539,native,348.82474402096176,4.557252968753572,0.4093586418236181,5
EURNZD,1,2009-03-27 00:00:00+00:00,2009-03-30 00:00:00+00:00,2.3331000804901123,2.210640151053667,7106.241624903792,2009-04-01 00:00:00+00:00,2.3650999069213867,native,220.7211897130856,6.677308862533214,0.25363550817585484,2
NZDCHF,-1,2009-03-27 00:00:00+00:00,2009-03-30 00:00:00+00:00,0.650600016117096,0.6889408668503165,22697.19714878508,2009-04-01 00:00:00+00:00,0.6370000243186951,native,302.83671267685395,5.844982393310957,0.3479962373070946,2
GBPCAD,-1,2009-04-01 00:00:00+00:00,2009-04-02 00:00:00+00:00,1.8188999891281128,1.9017174951732159,10618.43591552439,2009-04-09 00:00:00+00:00,1.8176000118255615,native,6.080937235390721,7.722788443386195,0.006914930546793452,5
AUDUSD,-1,2009-04-02 00:00:00+00:00,2009-04-03 00:00:00+00:00,0.7170000672340393,0.7598039880394936,20526.45152451143,2009-04-09 00:00:00+00:00,0.708014726638794,native,178.5870587419001,5.850099417628472,0.20326029655120192,4
NZDJPY,-1,2009-04-02 00:00:00+00:00,2009-04-03 00:00:00+00:00,58.0890007019043,62.878859877586365,183.43182403626093,2009-04-09 00:00:00+00:00,57.59000015258789,native,87.28873893031825,4.243842025886337,0.09934837991927925,4
AUDJPY,-1,2009-04-02 00:00:00+00:00,2009-04-03 00:00:00+00:00,71.3759994506836,77.0006353855133,156.2079067253947,2009-04-09 00:00:00+00:00,70.58999633789062,native,118.34465872337009,4.435242205663876,0.1346949246872795,4
GBPJPY,-1,2009-04-02 00:00:00+00:00,2009-04-03 00:00:00+00:00,146.6199951171875,156.35871410369873,90.21849862277774,2009-04-09 00:00:00+00:00,146.50999450683594,native,4.6349404004691905,5.289149513037962,0.005275294676632014,4
GBPUSD,-1,2009-04-02 00:00:00+00:00,2009-04-03 00:00:00+00:00,1.4730794429779053,1.5439209081232548,12402.518830877976,2009-04-10 00:00:00+00:00,1.467394471168518,native,63.214113300553976,7.293856618381297,0.07194765122517395,5
GBPCHF,-1,2009-04-02 00:00:00+00:00,2009-04-03 00:00:00+00:00,1.6705000400543213,1.7656008005142212,9238.754782015207,2009-04-14 00:00:00+00:00,1.681399941444397,native,-106.89499248763751,6.193476396581593,-0.12166339501831996,7
CADCHF,-1,2009-04-09 00:00:00+00:00,2009-04-10 00:00:00+00:00,0.9441999793052673,0.9847964951768517,21394.396407735137,2009-04-14 00:00:00+00:00,0.9272000193595886,native,355.6963873116957,8.007494681774187,0.4095346506714116,2
AUDCHF,-1,2009-04-02 00:00:00+00:00,2009-04-03 00:00:00+00:00,0.8130000233650208,0.8562777005136013,20301.750541179408,2009-04-15 00:00:00+00:00,0.8216999769210815,native,-183.26174113808773,6.637454323094871,-0.20858082389974295,8
NZDCHF,-1,2009-04-10 00:00:00+00:00,2009-04-13 00:00:00+00:00,0.6761000156402588,0.71299366094172,23566.962310270166,2009-04-15 00:00:00+00:00,0.6625999808311462,native,311.84499306137064,6.309818472320082,0.3586605417192046,2
EURGBP,1,2009-04-01 00:00:00+00:00,2009-04-02 00:00:00+00:00,0.9154000282287598,0.8764628106728196,22584.87986102446,2009-04-16 00:00:00+00:00,0.8813999891281128,max_hold,-776.0029008635044,8.116102505258327,-0.8824307760243791,10
NZDUSD,-1,2009-04-13 00:00:00+00:00,2009-04-14 00:00:00+00:00,0.592206597328186,0.6261984668672085,25879.865074859696,2009-04-16 00:00:00+00:00,0.580416738986969,native,299.0504763769125,6.0694667454936075,0.33994404634580516,2
EURAUD,1,2009-04-02 00:00:00+00:00,2009-04-03 00:00:00+00:00,1.8775999546051025,1.79267674125731,10345.965147055053,2009-04-17 00:00:00+00:00,1.8286000490188599,max_hold,-514.6201586173567,7.668843213101765,-0.5857190705120718,10
GBPUSD,-1,2009-04-14 00:00:00+00:00,2009-04-15 00:00:00+00:00,1.4910907745361328,1.552222603932023,14418.398807006579,2009-04-20 00:00:00+00:00,1.4815034866333008,native,129.66133055082997,8.572009909791994,0.14710453031531084,3
AUDUSD,-1,2009-04-13 00:00:00+00:00,2009-04-14 00:00:00+00:00,0.730620265007019,0.7691364539787173,22839.87644672067,2009-04-21 00:00:00+00:00,0.7001330256462097,native,689.7891345256324,6.535645676851756,0.7841141480760324,5
USDCAD,1,2009-04-14 00:00:00+00:00,2009-04-15 00:00:00+00:00,1.2136000394821167,1.1637992188334465,17698.967297145726,2009-04-21 00:00:00+00:00,1.2369999885559082,native,405.48031546098537,8.674617950925882,0.4600291475075451,4
GBPCHF,-1,2009-04-17 00:00:00+00:00,2009-04-20 00:00:00+00:00,1.7253999710083008,1.7981079686433077,12050.645109896157,2009-04-21 00:00:00+00:00,1.6992000341415405,native,307.47241322193065,8.253727861081858,0.3509244883047846,1
EURCAD,1,2009-04-09 00:00:00+00:00,2009-04-10 00:00:00+00:00,1.6101000308990479,1.548183498904109,14027.56138539193,2009-04-23 00:00:00+00:00,1.6096999645233154,native,-14.645144060712191,9.03318841689437,-0.016861835461040274,9
CADCHF,-1,2009-04-17 00:00:00+00:00,2009-04-20 00:00:00+00:00,0.9607999920845032,1.0027293507009745,20896.534196123965,2009-04-23 00:00:00+00:00,0.9391999840736389,native,443.4246231406919,7.940682894884667,0.5060894970927765,3
GBPNZD,-1,2009-04-15 00:00:00+00:00,2009-04-16 00:00:00+00:00,2.584399938583374,2.722651842981577,6308.146456162326,2009-04-27 00:00:00+00:00,2.591900110244751,native,-53.84275304813374,6.530571761809602,-0.06173825748221323,7
EURUSD,-1,2009-04-24 00:00:00+00:00,2009-04-27 00:00:00+00:00,1.3225064277648926,1.3731426447629929,17614.60530587155,2009-04-28 00:00:00+00:00,1.302592158317566,native,341.53398117286713,9.248015096568796,0.38291268344231943,1
USDJPY,1,2009-04-14 00:00:00+00:00,2009-04-15 00:00:00+00:00,98.9800033569336,94.92672026157379,217.45905116790053,2009-04-29 00:00:00+00:00,96.54000091552734,max_hold,-539.1041346782506,8.503518922686643,-0.6116292358406505,10
AUDNZD,1,2009-04-27 00:00:00+00:00,2009-04-28 00:00:00+00:00,1.253499984741211,1.2103234715759754,20832.4335442769,2009-04-30 00:00:00+00:00,1.2835999727249146,native,616.4852061022186,10.570793251820163,0.6853857762659137,2
AUDCAD,1,2009-04-27 00:00:00+00:00,2009-04-28 00:00:00+00:00,0.8616999983787537,0.8284812057390809,27077.198468499984,2009-04-30 00:00:00+00:00,0.8722000122070312,native,274.92112740803344,9.389830942233106,0.30564728635063515,2
EURAUD,-1,2009-04-28 00:00:00+00:00,2009-04-29 00:00:00+00:00,1.8587000370025635,1.9414501022547483,10868.368416180552,2009-04-30 00:00:00+00:00,1.8295999765396118,native,308.25301736917226,8.017160675316017,0.34274777154322994,1
USDCAD,1,2009-04-24 00:00:00+00:00,2009-04-27 00:00:00+00:00,1.2120000123977661,1.160957558080554,17474.41396647788,2009-05-08 00:00:00+00:00,1.160957558080554,stop,-900.2301851862856,8.293208582285157,-1.0092979759779228,9
USDCHF,1,2009-04-24 00:00:00+00:00,2009-04-27 00:00:00+00:00,1.1374000310897827,1.088982492685318,18421.774546922283,2009-05-11 00:00:00+00:00,1.1055999994277954,max_hold,-594.0770220363073,8.264008174186925,-0.66605268939317,10
NZDUSD,-1,2009-05-01 00:00:00+00:00,2009-05-04 00:00:00+00:00,0.5734931230545044,0.6086166417226195,25535.059380611583,2009-05-11 00:00:00+00:00,0.6086166417226195,stop,-902.9181834539365,6.03704860759693,-1.006731157979626,5
CADCHF,-1,2009-05-04 00:00:00+00:00,2009-05-05 00:00:00+00:00,0.9599000215530396,0.998307173140347,23146.5893515828,2009-05-11 00:00:00+00:00,0.9603999853134155,native,-20.46213499025177,8.889679138155895,-0.023017165429196112,4
GBPJPY,-1,2009-04-30 00:00:00+00:00,2009-05-01 00:00:00+00:00,145.93800354003906,155.13009762763977,98.36448436552989,2009-05-12 00:00:00+00:00,147.57000732421875,native,-166.3053635425915,5.774152829163013,-0.18393038302699116,7
CADJPY,-1,2009-04-30 00:00:00+00:00,2009-05-01 00:00:00+00:00,82.59200286865234,87.54955840110779,182.3833518852077,2009-05-12 00:00:00+00:00,83.69000244140625,native,-206.3222563447119,6.065413897328479,-0.22818826060746403,7
EURJPY,-1,2009-05-01 00:00:00+00:00,2009-05-04 00:00:00+00:00,132.05599975585938,139.1710069179535,126.05484638505493,2009-05-13 00:00:00+00:00,131.61000061035156,native,49.57307834022816,6.647275434624911,0.055272740627687965,7
NZDJPY,-1,2009-05-01 00:00:00+00:00,2009-05-04 00:00:00+00:00,56.9640007019043,61.49741208553314,197.83802063169833,2009-05-14 00:00:00+00:00,56.446998596191406,native,97.79527173285871,4.487401523799637,0.10903927837618496,8
AUDNZD,1,2009-05-08 00:00:00+00:00,2009-05-11 00:00:00+00:00,1.2688000202178955,1.224603882059455,19421.17767603746,2009-05-14 00:00:00+00:00,1.2716000080108643,native,44.511548354693815,9.867512063288263,0.05185764826570687,3
GBPUSD,-1,2009-05-01 00:00:00+00:00,2009-05-04 00:00:00+00:00,1.494009017944336,1.5557160638272762,14534.501239092599,2009-05-18 00:00:00+00:00,1.5168062448501587,max_hold,-340.09846234410907,8.752139633553098,-0.3792012666231154,10
EURUSD,-1,2009-05-04 00:00:00+00:00,2009-05-05 00:00:00+00:00,1.3419036865234375,1.3944734744727612,16910.750463980796,2009-05-18 00:00:00+00:00,1.348126769065857,native,-114.33508274660605,9.098086754995826,-0.12861167787199107,9
AUDJPY,1,2009-05-13 00:00:00+00:00,2009-05-14 00:00:00+00:00,71.84719848632812,66.18300426006317,154.461955142494,2009-05-19 00:00:00+00:00,73.8042984008789,native,297.7979562149958,4.499522995725775,0.34037844363339725,3
EURCAD,-1,2009-05-13 00:00:00+00:00,2009-05-14 00:00:00+00:00,1.5961999893188477,1.6541709750890732,15092.07585262539,2009-05-19 00:00:00+00:00,1.5760999917984009,native,293.7753688277043,9.575318388460722,0.33578068865996447,3
EURNZD,-1,2009-05-15 00:00:00+00:00,2009-05-18 00:00:00+00:00,2.304500102996826,2.4159789346158504,7859.569239433668,2009-05-19 00:00:00+00:00,2.2723000049591064,native,245.88456457530498,7.194335468705429,0.28063388862060595,1
GBPCAD,-1,2009-05-14 00:00:00+00:00,2009-05-15 00:00:00+00:00,1.7822999954223633,1.8481411579996347,13286.205449576408,2009-05-25 00:00:00+00:00,1.7853000164031982,native,-49.33886844821814,9.479973343805126,-0.0564015099041097,6
GBPNZD,-1,2009-05-15 00:00:00+00:00,2009-05-18 00:00:00+00:00,2.5931999683380127,2.7207414768636227,6869.72896878474,2009-05-26 00:00:00+00:00,2.5673000812530518,native,170.83495725899175,7.090247336818164,0.19497799079308636,6
EURCHF,-1,2009-05-21 00:00:00+00:00,2009-05-22 00:00:00+00:00,1.5194000005722046,1.5436955587938428,35896.018454776124,2009-05-27 00:00:00+00:00,1.5159000158309937,native,103.84447978102435,21.791037080918294,0.11907216584773879,3
GBPUSD,-1,2009-05-19 00:00:00+00:00,2009-05-20 00:00:00+00:00,1.548107385635376,1.610606487840414,14131.301347551771,2009-05-29 00:00:00+00:00,1.610606487840414,stop,-892.1209947341862,8.927347523355781,-1.0101080295941314,7
EURGBP,1,2009-05-18 00:00:00+00:00,2009-05-19 00:00:00+00:00,0.8838000297546387,0.8545940313488245,30343.047075640206,2009-06-02 00:00:00+00:00,0.8608999848365784,max_hold,-705.4450439181013,10.58790293512229,-0.7960345884409233,10
GBPCHF,-1,2009-05-18 00:00:00+00:00,2009-05-19 00:00:00+00:00,1.708799958229065,1.7720944471657276,14001.20293893977,2009-06-02 00:00:00+00:00,1.7591999769210815,max_hold,-715.3721240101356,9.711234176853434,-0.8072364519788575,10
AUDCAD,1,2009-05-25 00:00:00+00:00,2009-05-26 00:00:00+00:00,0.8769000172615051,0.8449231460690498,27433.930024258563,2009-06-02 00:00:00+00:00,0.8830999732017517,native,160.43241410199798,9.656743316212946,0.18288080490919675,5
GBPJPY,-1,2009-05-22 00:00:00+00:00,2009-05-25 00:00:00+00:00,150.77200317382812,159.72030019760132,97.7682349312489,2009-06-03 00:00:00+00:00,159.72030019760132,stop,-880.9304625469254,6.071256892072504,-1.0069396959565946,7
AUDNZD,1,2009-05-25 00:00:00+00:00,2009-05-26 00:00:00+00:00,1.2587000131607056,1.2167494790628552,20911.563238797982,2009-06-04 00:00:00+00:00,1.2632999420166016,native,85.64391085385358,10.547792310187187,0.09762757383035088,7
GBPCAD,-1,2009-06-03 00:00:00+00:00,2009-06-04 00:00:00+00:00,1.8108999729156494,1.874767705798149,13455.104179867654,2009-06-05 00:00:00+00:00,1.7690999507904053,native,552.7897980284563,9.633854387476646,0.6432672695003443,1
EURCAD,-1,2009-06-03 00:00:00+00:00,2009-06-04 00:00:00+00:00,1.5715999603271484,1.6220129895955324,17046.128989612676,2009-06-09 00:00:00+00:00,1.5520999431610107,native,321.75040961770463,10.649398295939966,0.37441267583730586,3
CADCHF,1,2009-06-03 00:00:00+00:00,2009-06-04 00:00:00+00:00,0.9635999798774719,0.930180580355227,25714.016767236826,2009-06-09 00:00:00+00:00,0.9768999814987183,native,332.01685498427537,9.979609708729953,0.3863594742441905,3
NZDUSD,1,2009-06-08 00:00:00+00:00,2009-06-09 00:00:00+00:00,0.6218132376670837,0.579076168127358,20243.147698721343,2009-06-11 00:00:00+00:00,0.6335127949714661,native,231.75351646451512,5.082350057750411,0.26788201018819957,2
USDJPY,-1,2009-05-28 00:00:00+00:00,2009-05-29 00:00:00+00:00,96.80000305175781,100.38025033473969,243.0254275018092,2009-06-12 00:00:00+00:00,97.65399932861328,max_hold,-216.99426367933918,9.451453411585502,-0.24939257172981807,10
USDCHF,-1,2009-06-05 00:00:00+00:00,2009-06-08 00:00:00+00:00,1.0886000394821167,1.1318002846091986,19952.247712994773,2009-06-12 00:00:00+00:00,1.070199966430664,native,358.50823296362535,8.614582496157276,0.415930812369532,4
GBPNZD,-1,2009-06-09 00:00:00+00:00,2009-06-10 00:00:00+00:00,2.5982000827789307,2.7294966615736485,6634.156394640889,2009-06-12 00:00:00+00:00,2.5685999393463135,native,189.51650895446224,6.8554718813225755,0.21757446911740408,2
GBPAUD,-1,2009-06-16 00:00:00+00:00,2009-06-17 00:00:00+00:00,2.06820011138916,2.1515632458031178,10353.471318141574,2009-06-19 00:00:00+00:00,2.0439999103546143,native,242.04097830851393,8.515108995917064,0.28043284594014706,2
NZDJPY,1,2009-06-16 00:00:00+00:00,2009-06-17 00:00:00+00:00,60.63999938964844,56.13169884681702,191.44638050311204,2009-06-19 00:00:00+00:00,61.79800033569336,native,217.0070273627883,4.688062376691542,0.25142807923536414,2
AUDCHF,1,2009-06-17 00:00:00+00:00,2009-06-18 00:00:00+00:00,0.8557999730110168,0.8199320826679468,23993.81324998934,2009-06-19 00:00:00+00:00,0.8684999942779541,native,296.4474322693667,8.27450628041886,0.34446300452311324,1
CADCHF,1,2009-06-12 00:00:00+00:00,2009-06-15 00:00:00+00:00,0.9646999835968018,0.9311808589845896,26075.290378720798,2009-06-23 00:00:00+00:00,0.9311808589845896,stop,-883.9080362027124,9.887128698752727,-1.0113122336249238,6
GBPCAD,-1,2009-06-11 00:00:00+00:00,2009-06-12 00:00:00+00:00,1.8274999856948853,1.8982763066887856,12368.053614965631,2009-06-24 00:00:00+00:00,1.8982763066887856,stop,-884.5814529108902,9.216120188313822,-1.010528312972653,8
CHFJPY,1,2009-06-15 00:00:00+00:00,2009-06-16 00:00:00+00:00,89.51100158691406,85.47754752635956,216.46919346646573,2009-06-24 00:00:00+00:00,89.14800262451172,native,-86.31292672983311,7.73483410943385,-0.0988559079286533,6
GBPCHF,1,2009-06-23 00:00:00+00:00,2009-06-24 00:00:00+00:00,1.753999948501587,1.6906806603074074,13447.746435998894,2009-06-25 00:00:00+00:00,1.8025000095367432,native,642.6511410041832,9.565381927068035,0.754726757145407,1
AUDCHF,1,2009-06-23 00:00:00+00:00,2009-06-24 00:00:00+00:00,0.8460000157356262,0.808333145454526,22606.1184746351,2009-06-25 00:00:00+00:00,0.8747000098228455,native,641.0157968295885,7.779669727416492,0.7528062159264497,1
EURJPY,1,2009-06-15 00:00:00+00:00,2009-06-16 00:00:00+00:00,134.8300018310547,128.3953173160553,135.68941031017394,2009-06-26 00:00:00+00:00,134.1580047607422,native,-98.48265099985764,7.29976479899002,-0.1127941346524474,8
AUDJPY,1,2009-06-16 00:00:00+00:00,2009-06-17 00:00:00+00:00,76.43900299072266,70.96471774578094,157.66402051168248,2009-06-26 00:00:00+00:00,77.05799865722656,native,92.75315457705364,4.840190883260806,0.10746540230396423,7
AUDNZD,1,2009-06-19 00:00:00+00:00,2009-06-22 00:00:00+00:00,1.2488000392913818,1.2108345497399569,22928.137821057237,2009-06-26 00:00:00+00:00,1.2508000135421753,native,34.39345035898012,11.46223490177795,0.03951099427270372,4
CADJPY,1,2009-06-15 00:00:00+00:00,2009-06-16 00:00:00+00:00,86.38600158691406,81.52890193462372,179.76129992732587,2009-06-30 00:00:00+00:00,83.04000091552734,max_hold,-607.5726779364475,6.091247690265846,-0.6958650457775633,10
USDCAD,-1,2009-06-16 00:00:00+00:00,2009-06-17 00:00:00+00:00,1.1348999738693237,1.190772220492363,15447.702093822505,2009-07-01 00:00:00+00:00,1.1620999574661255,max_hold,-427.27391769001247,7.096674129760155,-0.4950469196215092,10
GBPNZD,-1,2009-07-02 00:00:00+00:00,2009-07-03 00:00:00+00:00,2.6054000854492188,2.72068302705884,7520.825216743654,2009-07-07 00:00:00+00:00,2.558300018310547,native,346.4643154564309,7.767057190411654,0.39960228698809785,2
EURNZD,-1,2009-07-02 00:00:00+00:00,2009-07-03 00:00:00+00:00,2.2248001098632812,2.3193041011691093,9174.457526478616,2009-07-07 00:00:00+00:00,2.197200059890747,native,245.10159565380422,8.113890547897913,0.282693350507576,2
GBPJPY,1,2009-07-06 00:00:00+00:00,2009-07-07 00:00:00+00:00,154.88900756835938,147.1519696712494,113.83632256096861,2009-07-08 00:00:00+00:00,147.1519696712494,stop,-887.6325885441862,6.876646822335657,-1.0078076644125635,1
GBPUSD,1,2009-07-03 00:00:00+00:00,2009-07-06 00:00:00+00:00,1.629195213317871,1.561815071851015,12913.64436055019,2009-07-10 00:00:00+00:00,1.6342272758483887,native,56.553730434491335,8.428535484662907,0.06499508515930504,4
EURGBP,-1,2009-07-07 00:00:00+00:00,2009-07-08 00:00:00+00:00,0.8634999990463257,0.8901876686140895,32481.477339541947,2009-07-10 00:00:00+00:00,0.8582000136375427,native,160.96668396579062,11.184671989496032,0.18569045130235498,2
NZDUSD,1,2009-07-02 00:00:00+00:00,2009-07-03 00:00:00+00:00,0.6271951794624329,0.5896975621581078,23122.078591858124,2009-07-14 00:00:00+00:00,0.6344774961471558,native,162.54779976243364,5.834498952528966,0.18747810274308072,7
NZDCHF,1,2009-07-02 00:00:00+00:00,2009-07-03 00:00:00+00:00,0.6814000010490417,0.6475509032607079,25614.356392590293,2009-07-14 00:00:00+00:00,0.6858000159263611,native,105.69955950140424,7.003989698952694,0.12191092654015971,7
CADJPY,1,2009-07-08 00:00:00+00:00,2009-07-09 00:00:00+00:00,79.51599884033203,75.02617084980011,188.86594267653635,2009-07-14 00:00:00+00:00,80.80000305175781,native,236.44901922687626,6.055646564696587,0.2788394151596535,3
EURAUD,-1,2009-07-02 00:00:00+00:00,2009-07-03 00:00:00+00:00,1.7604999542236328,1.823127718642354,13844.065205987885,2009-07-15 00:00:00+00:00,1.7592999935150146,native,6.866666297027974,9.745667997705317,0.007919821562753499,8
NZDJPY,1,2009-07-02 00:00:00+00:00,2009-07-03 00:00:00+00:00,60.130001068115234,55.923028111457825,206.0918535133406,2009-07-15 00:00:00+00:00,59.73899841308594,native,-85.52326675999919,4.940804856374083,-0.09864015271808421,8
AUDCHF,1,2009-07-02 00:00:00+00:00,2009-07-03 00:00:00+00:00,0.861299991607666,0.8242384986951947,23394.169694288506,2009-07-15 00:00:00+00:00,0.8637999892234802,native,50.413912121438756,8.071456338235537,0.05814600142356446,8
EURCHF,1,2009-07-07 00:00:00+00:00,2009-07-08 00:00:00+00:00,1.5155999660491943,1.4914920534938574,35957.27885277238,2009-07-15 00:00:00+00:00,1.5210000276565552,native,172.33394649042307,21.8375745476009,0.1988036748357412,5
NZDCAD,1,2009-07-02 00:00:00+00:00,2009-07-03 00:00:00+00:00,0.7290999889373779,0.6956271771341562,25902.3012292793,2009-07-17 00:00:00+00:00,0.7228999733924866,max_hold,-168.11669835182423,7.522028081834069,-0.19390111519500847,10
AUDCAD,1,2009-07-14 00:00:00+00:00,2009-07-15 00:00:00+00:00,0.8999000191688538,0.8675539027899504,26952.933952826435,2009-07-21 00:00:00+00:00,0.9014000296592712,native,30.71961942771165,9.710064249057497,0.0352360842118041,4
GBPCAD,1,2009-07-14 00:00:00+00:00,2009-07-15 00:00:00+00:00,1.8497999906539917,1.7829657960683107,13044.561153098806,2009-07-27 00:00:00+00:00,1.7812000513076782,stop_gap,-904.3290643207098,9.472960418854667,-1.0372854761619097,8
AUDCAD,1,2009-07-22 00:00:00+00:00,2009-07-23 00:00:00+00:00,0.8873000144958496,0.8584977891296148,30019.354653930975,2009-07-30 00:00:00+00:00,0.89410001039505,native,193.43619271783,10.695295825544278,0.2237228482274259,5
NZDCAD,1,2009-07-22 00:00:00+00:00,2009-07-23 00:00:00+00:00,0.7135999798774719,0.6869611348956823,32457.271277433727,2009-07-31 00:00:00+00:00,0.716189980506897,native,74.78293691518357,9.281416122789338,0.08649183697428424,6
USDCHF,-1,2009-07-28 00:00:00+00:00,2009-07-29 00:00:00+00:00,1.0887000560760498,1.1181114222854376,29251.419758072512,2009-07-31 00:00:00+00:00,1.0680999755859375,native,589.9637088542813,12.617892612073774,0.6857457875364619,2
NZDUSD,1,2009-07-28 00:00:00+00:00,2009-07-29 00:00:00+00:00,0.6485925316810608,0.6249394938349724,36372.6733220218,2009-07-31 00:00:00+00:00,0.6645843386650085,native,572.1120205921319,9.552750663826512,0.6649958331876483,2
EURUSD,1,2009-07-28 00:00:00+00:00,2009-07-29 00:00:00+00:00,1.4027016162872314,1.369682659395039,26055.46327396622,2009-07-31 00:00:00+00:00,1.4260046482086182,native,592.4306419622721,14.740650437481959,0.6886132333836381,2
GBPNZD,-1,2009-07-31 00:00:00+00:00,2009-08-03 00:00:00+00:00,2.53629994392395,2.612974973395467,11494.33509705663,2009-08-04 00:00:00+00:00,2.512200117111206,native,265.4056548789016,11.605830287809788,0.30114271829676537,1
GBPCAD,-1,2009-07-30 00:00:00+00:00,2009-07-31 00:00:00+00:00,1.7999999523162842,1.846524071879685,18974.39228908046,2009-08-07 00:00:00+00:00,1.8034000396728516,native,-78.18905632514637,13.674465004494252,-0.08857271010469385,5
EURCAD,-1,2009-08-03 00:00:00+00:00,2009-08-04 00:00:00+00:00,1.5434000492095947,1.5783147048205137,25270.580889375702,2009-08-10 00:00:00+00:00,1.5383000373840332,native,113.30499111161305,15.575270263012078,0.1284180447949371,4
EURUSD,1,2009-08-06 00:00:00+00:00,2009-08-07 00:00:00+00:00,1.419103980064392,1.3899247869849205,30279.749858687897,2009-08-13 00:00:00+00:00,1.4282041788101196,native,258.308585920711,17.24315576426428,0.292356854787539,4
USDCHF,-1,2009-08-06 00:00:00+00:00,2009-08-07 00:00:00+00:00,1.0813000202178955,1.10738146584481,33876.13862220111,2009-08-13 00:00:00+00:00,1.0703999996185303,native,354.67235117987,14.57825762907433,0.4014225570607889,4
AUDUSD,1,2009-08-10 00:00:00+00:00,2009-08-11 00:00:00+00:00,0.8298066258430481,0.809829949401319,43958.56116015437,2009-08-13 00:00:00+00:00,0.8418925404548645,native,516.5823186313177,14.697098008617173,0.5882647602986192,2
GBPCHF,1,2009-08-11 00:00:00+00:00,2009-08-12 00:00:00+00:00,1.7762000560760498,1.7381079969927669,23303.64968370459,2009-08-18 00:00:00+00:00,1.7805999517440796,native,85.95634301716788,16.57728427544761,0.09683214179630703,4
AUDNZD,1,2009-08-06 00:00:00+00:00,2009-08-07 00:00:00+00:00,1.2452000379562378,1.2225287263281643,38971.6608381267,2009-08-20 00:00:00+00:00,1.2225287263281643,stop,-902.772965213193,19.234297688436246,-1.0217696161983736,9
USDCAD,-1,2009-08-07 00:00:00+00:00,2009-08-10 00:00:00+00:00,1.0881999731063843,1.114408421330154,33533.06750212565,2009-08-20 00:00:00+00:00,1.0879000425338745,native,-4.536669609247133,14.594261743168294,-0.0051620542148537365,8
CADJPY,1,2009-08-14 00:00:00+00:00,2009-08-17 00:00:00+00:00,85.18000030517578,82.44638031721115,317.31266266523005,2009-08-20 00:00:00+00:00,86.51599884033203,native,413.03298957571104,10.89626293156563,0.47616689263979384,3
CHFJPY,1,2009-08-14 00:00:00+00:00,2009-08-17 00:00:00+00:00,87.54000091552734,85.54506433010101,434.8069224017862,2009-08-20 00:00:00+00:00,88.55000305175781,native,423.842889935453,15.313030538146716,0.4886291336567443,3
GBPUSD,1,2009-08-07 00:00:00+00:00,2009-08-10 00:00:00+00:00,1.6477993726730347,1.6116634709760547,24320.678940940383,2009-08-24 00:00:00+00:00,1.6413085460662842,max_hold,-173.85997750284486,15.998667538752722,-0.19782675551986545,10
EURCHF,1,2009-08-13 00:00:00+00:00,2009-08-14 00:00:00+00:00,1.5225000381469727,1.5107112559489906,75604.20392839515,2009-08-24 00:00:00+00:00,1.517799973487854,native,-401.3165393812779,45.971892416628314,-0.4502691263864581,6
AUDCHF,1,2009-08-14 00:00:00+00:00,2009-08-17 00:00:00+00:00,0.8849999904632568,0.8669397314079106,48028.78156053786,2009-08-24 00:00:00+00:00,0.8883000016212463,native,141.46162746218934,17.033887592226023,0.16308465734331257,5
CADCHF,1,2009-08-14 00:00:00+00:00,2009-08-17 00:00:00+00:00,0.9729999899864197,0.9476102944463491,34163.94795782341,2009-08-24 00:00:00+00:00,0.9854000210762024,native,410.2526816150201,13.381335211708842,0.4729616024193109,5
AUDCAD,1,2009-08-20 00:00:00+00:00,2009-08-21 00:00:00+00:00,0.9010900259017944,0.8858296759426594,58263.33221944238,2009-08-25 00:00:00+00:00,0.906000018119812,native,265.0150902761794,21.057417517055523,0.2980648688525271,2
GBPJPY,1,2009-08-13 00:00:00+00:00,2009-08-14 00:00:00+00:00,156.8699951171875,152.46022355556488,202.1151166015763,2009-08-26 00:00:00+00:00,152.46022355556488,stop,-903.7855560067578,12.50406264308689,-1.0140293080650613,8
NZDJPY,1,2009-08-28 00:00:00+00:00,2009-08-31 00:00:00+00:00,63.74100112915039,62.078020453453064,524.3626548472016,2009-09-01 00:00:00+00:00,62.078020453453064,stop,-885.1999213057097,13.19495923746626,-1.0151317478815374,1
EURGBP,-1,2009-08-21 00:00:00+00:00,2009-08-24 00:00:00+00:00,0.8707000017166138,0.8832258633337915,71291.13299899927,2009-09-02 00:00:00+00:00,0.8773000240325928,native,-495.4464491884105,24.923380463588167,-0.5548218983673161,7
GBPCHF,1,2009-08-21 00:00:00+00:00,2009-08-24 00:00:00+00:00,1.742400050163269,1.7073283735662699,25461.653194922634,2009-09-03 00:00:00+00:00,1.7339999675750732,native,-231.5829679930449,17.702978323695312,-0.25933640687487675,8
GBPUSD,1,2009-08-24 00:00:00+00:00,2009-08-25 00:00:00+00:00,1.6347882747650146,1.609980009496212,35811.07466403857,2009-09-03 00:00:00+00:00,1.6328929662704468,native,-91.2768693905564,23.403835380199823,-0.10274175623155057,7
GBPJPY,1,2009-08-26 00:00:00+00:00,2009-08-27 00:00:00+00:00,152.19000244140625,148.5987423658371,243.39488896720675,2009-09-03 00:00:00+00:00,151.3300018310547,native,-224.09479661609294,14.775043547844351,-0.2563736938656939,5
EURJPY,1,2009-08-27 00:00:00+00:00,2009-08-28 00:00:00+00:00,133.83999633789062,131.40139269828796,359.0995795928605,2009-09-04 00:00:00+00:00,132.92999267578125,native,-345.9413306720004,19.159398180560316,-0.3950447888567394,5
CHFJPY,1,2009-08-28 00:00:00+00:00,2009-08-31 00:00:00+00:00,87.77960205078125,86.25959187746048,573.6836353951314,2009-09-04 00:00:00+00:00,87.68099975585938,native,-76.69829819169439,20.131775182610234,-0.0879562634710007,4
CADJPY,1,2009-08-28 00:00:00+00:00,2009-08-31 00:00:00+00:00,84.90499877929688,82.79634815454483,413.5369566832732,2009-09-04 00:00:00+00:00,85.46600341796875,native,217.90520981041922,14.090941151147295,0.24988987366951004,4
NZDCHF,1,2009-08-31 00:00:00+00:00,2009-09-01 00:00:00+00:00,0.7196999788284302,0.7081677820533514,73265.88639040795,2009-09-04 00:00:00+00:00,0.7284700274467468,native,621.3250938771912,21.220291830750696,0.7353685323327036,3
GBPCAD,-1,2009-09-01 00:00:00+00:00,2009-09-02 00:00:00+00:00,1.7958999872207642,1.8260560799390078,27707.50012234731,2009-09-04 00:00:00+00:00,1.7785999774932861,native,459.531929998778,19.808091641929,0.549975419212771,2
CADCHF,1,2009-08-28 00:00:00+00:00,2009-08-31 00:00:00+00:00,0.9668999910354614,0.9469504859298468,43710.606225656345,2009-09-07 00:00:00+00:00,0.9825999736785889,native,669.2129940044736,17.04276505890936,0.7674417269567105,5
GBPCHF,1,2009-09-08 00:00:00+00:00,2009-09-09 00:00:00+00:00,1.721500039100647,1.695438631810248,34017.593343765555,2009-09-16 00:00:00+00:00,1.695438631810248,stop,-909.7935612085694,23.247206037526716,-1.0262222115086599,5
AUDJPY,1,2009-09-10 00:00:00+00:00,2009-09-11 00:00:00+00:00,78.1760025024414,76.1418200135231,437.00430565627073,2009-09-16 00:00:00+00:00,79.24500274658203,native,453.39897801814544,13.75873141891233,0.5100407897240966,3
CADJPY,1,2009-09-10 00:00:00+00:00,2009-09-11 00:00:00+00:00,84.06300354003906,81.9908812046051,429.00290728332806,2009-09-16 00:00:00+00:00,85.1240005493164,native,440.65445827311873,14.516343325777964,0.4957041343045786,3
EURJPY,1,2009-09-10 00:00:00+00:00,2009-09-11 00:00:00+00:00,132.0800018310547,129.81309819221497,392.1412851067994,2009-09-16 00:00:00+00:00,133.60000610351562,native,575.2196088229283,20.836819947729413,0.6470801165702909,3
AUDCHF,1,2009-09-11 00:00:00+00:00,2009-09-14 00:00:00+00:00,0.8902999758720398,0.8768266378901899,65778.87472563352,2009-09-16 00:00:00+00:00,0.8999000191688538,native,607.9285771402587,23.551468241524937,0.68594755881993,2
EURCAD,-1,2009-09-11 00:00:00+00:00,2009-09-14 00:00:00+00:00,1.5849000215530396,1.6093041393905878,36316.04375719826,2009-09-16 00:00:00+00:00,1.569000005722046,native,554.5182363792403,22.90743427927016,0.6256827608841217,2
CADCHF,1,2009-09-11 00:00:00+00:00,2009-09-14 00:00:00+00:00,0.9535999894142151,0.9352681189775467,48345.36739205171,2009-09-16 00:00:00+00:00,0.96670001745224,native,614.7581464775086,18.56752186698364,0.693653606192658,2
EURAUD,-1,2009-09-11 00:00:00+00:00,2009-09-14 00:00:00+00:00,1.6972999572753906,1.7203417085111141,38463.26618916807,2009-09-16 00:00:00+00:00,1.6855000257492065,native,427.8412000632169,26.02270724235766,0.4827485296488097,2
GBPUSD,1,2009-09-16 00:00:00+00:00,2009-09-17 00:00:00+00:00,1.6454133987426758,1.6247577252797782,44251.60391979196,2009-09-21 00:00:00+00:00,1.6222178936004639,stop_gap,-1055.3578914135965,28.919585140937308,-1.1545995555903332,2
GBPJPY,1,2009-09-14 00:00:00+00:00,2009-09-15 00:00:00+00:00,149.9929962158203,147.19405907392502,322.08291430723665,2009-09-23 00:00:00+00:00,147.19405907392502,stop,-920.6336061968253,19.14377457242141,-1.0212357077150012,6
EURCAD,-1,2009-09-18 00:00:00+00:00,2009-09-21 00:00:00+00:00,1.583400011062622,1.60587477684021,40096.66295669743,2009-09-25 00:00:00+00:00,1.60587477684021,stop,-926.7389636640261,25.57585524936651,-1.0283809390448306,4
USDJPY,-1,2009-09-18 00:00:00+00:00,2009-09-21 00:00:00+00:00,92.01000213623047,93.4973774254322,605.8747344782817,2009-09-28 00:00:00+00:00,89.66600036621094,native,1398.1568700717573,22.014579955448465,1.5515025604315043,5
GBPJPY,1,2009-09-23 00:00:00+00:00,2009-09-24 00:00:00+00:00,146.36000061035156,143.40870130062103,300.54528613290245,2009-09-28 00:00:00+00:00,142.38800048828125,stop_gap,-1211.122283329644,17.356370122098447,-1.3654154659962219,2
CADCHF,1,2009-09-18 00:00:00+00:00,2009-09-21 00:00:00+00:00,0.9563000202178955,0.9390505887567997,52243.06148565728,2009-09-29 00:00:00+00:00,0.9549999833106995,native,-87.88834079664298,19.970432720376273,-0.09752767282191295,6
CADJPY,1,2009-09-23 00:00:00+00:00,2009-09-24 00:00:00+00:00,83.7300033569336,81.9030676484108,485.51193748574735,2009-09-30 00:00:00+00:00,84.05000305175781,native,139.07183263238335,16.291839196570976,0.15678914819289944,4
AUDJPY,1,2009-09-24 00:00:00+00:00,2009-09-25 00:00:00+00:00,77.77400207519531,76.0612074136734,507.26914267714614,2009-09-30 00:00:00+00:00,79.41259765625,native,815.2617932589502,15.9471823372212,0.9383251228027243,3
CHFJPY,1,2009-09-24 00:00:00+00:00,2009-09-25 00:00:00+00:00,87.40499877929688,86.08246910572052,656.9590814417751,2009-09-30 00:00:00+00:00,86.08246910572052,stop,-891.6427130408929,22.7948335086801,-1.0262357013761176,3
AUDNZD,-1,2009-09-28 00:00:00+00:00,2009-09-29 00:00:00+00:00,1.2182999849319458,1.231810329016298,65099.81345452714,2009-10-02 00:00:00+00:00,1.208400011062622,native,612.8909086877985,31.595543409869627,0.6968463431681872,3
USDCHF,-1,2009-09-30 00:00:00+00:00,2009-10-01 00:00:00+00:00,1.0405000448226929,1.0528402947820723,71046.4394890161,2009-10-05 00:00:00+00:00,1.031999945640564,native,574.4530331610698,29.448749032686848,0.6552216697920812,2
AUDCAD,1,2009-10-01 00:00:00+00:00,2009-10-02 00:00:00+00:00,0.9350699782371521,0.9227404766716063,71950.18553098128,2009-10-06 00:00:00+00:00,0.9424999952316284,native,507.57279966321937,27.018301587695674,0.572164491993418,2
GBPUSD,1,2009-09-23 00:00:00+00:00,2009-09-24 00:00:00+00:00,1.6041065454483032,1.5759888924658298,31545.986290523404,2009-10-07 00:00:00+00:00,1.5953034162521362,native,-297.88910149390347,20.185708557913216,-0.3358392392989987,9
EURJPY,1,2009-09-24 00:00:00+00:00,2009-09-25 00:00:00+00:00,131.8800048828125,129.7526449561119,408.4160224263244,2009-10-09 00:00:00+00:00,132.24000549316406,native,125.45584853464304,21.574168816191175,0.14439334144682311,10
CHFJPY,1,2009-09-30 00:00:00+00:00,2009-10-01 00:00:00+00:00,85.96040344238281,84.66451212763786,676.5465684064238,2009-10-09 00:00:00+00:00,87.0530014038086,native,715.7830763830661,23.41032506740043,0.8164228499862831,6
NZDCAD,1,2009-10-08 00:00:00+00:00,2009-10-09 00:00:00+00:00,0.7642099857330322,0.751121589448303,69480.71659391411,2009-10-15 00:00:00+00:00,0.7688999772071838,native,304.55965267493053,21.304315768471064,0.3349050094607711,4
AUDNZD,-1,2009-10-08 00:00:00+00:00,2009-10-09 00:00:00+00:00,1.2297999858856201,1.2473431094549596,51837.470638209095,2009-10-19 00:00:00+00:00,1.2264000177383423,native,150.78110989147555,25.464639113885248,0.16580446093628873,6
EURNZD,-1,2009-10-12 00:00:00+00:00,2009-10-13 00:00:00+00:00,2.0099000930786133,2.050258764065802,22499.259308161614,2009-10-19 00:00:00+00:00,1.9785000085830688,native,688.5314337410424,17.94720962239687,0.7582609567328498,4
GBPCAD,-1,2009-10-15 00:00:00+00:00,2009-10-16 00:00:00+00:00,1.6953999996185303,1.7339345952495933,23464.255361765114,2009-10-21 00:00:00+00:00,1.7339345952495933,stop,-920.2789486806043,16.093356530984195,-1.0177987314448615,3
USDJPY,-1,2009-10-09 00:00:00+00:00,2009-10-12 00:00:00+00:00,89.70999908447266,91.35587531328201,552.0841910252092,2009-10-22 00:00:00+00:00,91.35587531328201,stop,-928.654967667667,19.992721357831307,-1.0220023682496149,8
EURGBP,1,2009-10-16 00:00:00+00:00,2009-10-19 00:00:00+00:00,0.9121999740600586,0.8971969778649509,61153.460132890636,2009-10-23 00:00:00+00:00,0.9197999835014343,native,442.36024710912443,22.40662727363882,0.4821443234266919,4
EURCHF,1,2009-10-19 00:00:00+00:00,2009-10-20 00:00:00+00:00,1.5117000341415405,1.505846077343449,90190.8981125487,2009-10-23 00:00:00+00:00,1.5140000581741333,native,152.86311143095378,54.57812174903443,0.2895279334282401,3
GBPCHF,-1,2009-10-16 00:00:00+00:00,2009-10-19 00:00:00+00:00,1.658400058746338,1.690252305008471,28804.40902474629,2009-10-26 00:00:00+00:00,1.6424000263214111,native,441.8559592249518,19.015519151841758,0.4815946819471158,5
GBPCAD,-1,2009-10-21 00:00:00+00:00,2009-10-22 00:00:00+00:00,1.738800048828125,1.7778027430176735,22782.582532897886,2009-10-26 00:00:00+00:00,1.714400053024292,native,540.1603549385748,15.734563264612815,0.6078902054365232,2
AUDCHF,1,2009-10-23 00:00:00+00:00,2009-10-26 00:00:00+00:00,0.9291999936103821,0.9172865431755781,75890.33203012649,2009-10-27 00:00:00+00:00,0.9333000183105469,native,282.8830869650673,28.269148862158772,0.3128837206466244,1
USDCAD,-1,2009-10-19 00:00:00+00:00,2009-10-20 00:00:00+00:00,1.0491000413894653,1.0738157760351896,36775.92047072262,2009-10-28 00:00:00+00:00,1.0738157760351896,stop,-924.5583283601702,15.614436653529644,-1.017178658436454,6
AUDUSD,1,2009-10-26 00:00:00+00:00,2009-10-27 00:00:00+00:00,0.9159187078475952,0.8992249853909016,53635.24920137146,2009-10-28 00:00:00+00:00,0.8992249853909016,stop,-914.8431009279237,19.471136864628907,-1.0217464223206931,1
NZDUSD,1,2009-10-26 00:00:00+00:00,2009-10-27 00:00:00+00:00,0.7459902763366699,0.7314829090610147,61718.43223172639,2009-10-28 00:00:00+00:00,0.7314829090610147,stop,-913.6094297967269,18.237465733431982,-1.0203685914518346,1
CADJPY,1,2009-10-26 00:00:00+00:00,2009-10-27 00:00:00+00:00,86.19999694824219,84.37962692975998,491.86261857346994,2009-10-28 00:00:00+00:00,84.37962692975998,stop,-912.1523121584772,16.78034809518235,-1.0187412033977827,1
CHFJPY,1,2009-10-27 00:00:00+00:00,2009-10-28 00:00:00+00:00,89.80999755859375,88.21498227119446,567.4640697817433,2009-10-28 00:00:00+00:00,88.21498227119446,stop,-925.3184222671041,20.204555915404875,-1.0223226675300476,0
USDJPY,-1,2009-10-22 00:00:00+00:00,2009-10-23 00:00:00+00:00,91.3499984741211,92.81019181013107,620.8879983743245,2009-10-29 00:00:00+00:00,90.6500015258789,native,412.019380921402,22.600323140825413,0.454458277460357,4
EURCAD,-1,2009-10-19 00:00:00+00:00,2009-10-20 00:00:00+00:00,1.56659996509552,1.594253302551806,32869.22937036036,2009-10-30 00:00:00+00:00,1.594253302551806,stop,-929.722853918711,20.7789622120706,-1.022860555422245,8
CADCHF,1,2009-10-19 00:00:00+00:00,2009-10-20 00:00:00+00:00,0.9642000198364258,0.9444365259259939,45991.0527878306,2009-10-30 00:00:00+00:00,0.9444365259259939,stop,-926.4999325324288,17.556040825788422,-1.0193147684757802,8
EURUSD,1,2009-10-26 00:00:00+00:00,2009-10-27 00:00:00+00:00,1.4857738018035889,1.4685884094797075,52100.75785229857,2009-11-03 00:00:00+00:00,1.4685884094797075,stop,-926.1568660989053,30.78490203561048,-1.0343822492452246,5
EURGBP,1,2009-10-29 00:00:00+00:00,2009-10-30 00:00:00+00:00,0.8959000110626221,0.8759483629837632,44106.52978360055,2009-11-03 00:00:00+00:00,0.9009000062942505,native,204.68231590553455,15.850122696144977,0.23259407993840614,2
GBPCAD,-1,2009-10-28 00:00:00+00:00,2009-10-29 00:00:00+00:00,1.7692999839782715,1.8171096500009298,17844.681416970012,2009-11-04 00:00:00+00:00,1.7515000104904175,native,305.0693452744345,12.565510846832709,0.3575806925917047,4
USDCHF,-1,2009-10-27 00:00:00+00:00,2009-10-28 00:00:00+00:00,1.020300030708313,1.034686740487814,62913.19420659749,2009-11-05 00:00:00+00:00,1.0159000158309937,native,251.19822069442753,25.620769794282047,0.2775321758210913,6
GBPNZD,-1,2009-10-28 00:00:00+00:00,2009-10-29 00:00:00+00:00,2.2739999294281006,2.3491325210779905,11355.235325857733,2009-11-09 00:00:00+00:00,2.2678000926971436,native,60.08596345107001,10.314641610843601,0.07042851325014467,7
NZDCHF,1,2009-10-28 00:00:00+00:00,2009-10-29 00:00:00+00:00,0.7383000254631042,0.7237568590790033,58663.17116187056,2009-11-09 00:00:00+00:00,0.7444999814033508,native,346.31192639841544,17.39715012032594,0.405922326882479,7
NZDJPY,1,2009-10-28 00:00:00+00:00,2009-10-29 00:00:00+00:00,65.18699645996094,63.103878140449524,409.5534328679786,2009-11-09 00:00:00+00:00,65.81999969482422,native,248.51777485380927,10.730873000982868,0.2912949446744086,7
EURNZD,-1,2009-10-28 00:00:00+00:00,2009-10-29 00:00:00+00:00,2.0439999103546143,2.089908686466515,18583.554846824045,2009-11-09 00:00:00+00:00,2.0272998809814453,native,295.21406720582627,15.131844594031392,0.346029033232792,7
NZDCAD,1,2009-10-30 00:00:00+00:00,2009-11-02 00:00:00+00:00,0.7723399996757507,0.7524938518181443,41916.62536345266,2009-11-09 00:00:00+00:00,0.7865999937057495,native,584.6617267071952,13.069100733335144,0.7028167950475369,5
GBPCAD,-1,2009-11-06 00:00:00+00:00,2009-11-09 00:00:00+00:00,1.7853000164031982,1.8379842452704906,16596.978378101485,2009-11-11 00:00:00+00:00,1.7573000192642212,native,452.95605586365883,11.759291238846743,0.5180198651210923,2
AUDNZD,1,2009-11-17 00:00:00+00:00,2009-11-18 00:00:00+00:00,1.2472000122070312,1.224040037021041,37882.76533539571,2009-11-20 00:00:00+00:00,1.2578999996185303,native,386.36508902356866,18.98002317793695,0.4403703944943496,2
EURJPY,1,2009-11-16 00:00:00+00:00,2009-11-17 00:00:00+00:00,133.38999938964844,128.93722808361053,197.31408813929937,2009-11-26 00:00:00+00:00,128.93722808361053,stop,-888.9466814803053,10.352171536599332,-1.0117826499248928,7
CHFJPY,1,2009-11-17 00:00:00+00:00,2009-11-18 00:00:00+00:00,87.83999633789062,84.89035910367966,297.4480708910482,2009-11-26 00:00:00+00:00,84.89035910367966,stop,-887.6395673465433,10.275662202084032,-1.0117119728106345,6
CADJPY,1,2009-11-18 00:00:00+00:00,2009-11-19 00:00:00+00:00,84.66200256347656,81.3143779039383,262.906373116697,2009-11-26 00:00:00+00:00,81.3143779039383,stop,-888.8391074375689,8.727249642345008,-1.009916068696322,5
EURNZD,-1,2009-11-19 00:00:00+00:00,2009-11-20 00:00:00+00:00,2.0404999256134033,2.100263487547636,14687.6278636906,2009-11-26 00:00:00+00:00,2.100263487547636,stop,-889.9485559154542,12.163598416818935,-1.0138571506755831,4
AUDJPY,1,2009-11-19 00:00:00+00:00,2009-11-20 00:00:00+00:00,81.71080017089844,78.28301966190338,256.0796863145654,2009-11-26 00:00:00+00:00,78.28301966190338,stop,-885.9791909376459,8.194233439010597,-1.0093351262960364,4
AUDUSD,1,2009-11-19 00:00:00+00:00,2009-11-20 00:00:00+00:00,0.9192020893096924,0.8874797597527504,27670.885769060566,2009-11-26 00:00:00+00:00,0.9295408725738525,native,275.85201963072393,10.231271062926854,0.31425922405505885,4
NZDJPY,1,2009-11-19 00:00:00+00:00,2009-11-20 00:00:00+00:00,64.91999816894531,61.838613867759705,284.86708300580835,2009-11-26 00:00:00+00:00,61.838613867759705,stop,-885.0068287099875,7.221871211352221,-1.0082273809201878,4
USDCAD,-1,2009-11-19 00:00:00+00:00,2009-11-20 00:00:00+00:00,1.062600016593933,1.0980673748999834,24749.093234521948,2009-11-26 00:00:00+00:00,1.0467000007629395,native,383.07032167380805,10.440652557828802,0.43640565767430983,4
NZDCHF,1,2009-11-20 00:00:00+00:00,2009-11-23 00:00:00+00:00,0.7368000149726868,0.7150577087886631,39848.278650585286,2009-11-26 00:00:00+00:00,0.7150577087886631,stop,-877.9642815548061,11.57080622748935,-1.0133551400801097,3
GBPNZD,-1,2009-11-26 00:00:00+00:00,2009-11-27 00:00:00+00:00,2.3173999786376953,2.3959785774350166,10444.197137333642,2009-12-01 00:00:00+00:00,2.2918999195098877,native,256.6995571842179,9.628087360269047,0.31278489976097607,2
NZDUSD,1,2009-11-19 00:00:00+00:00,2009-11-20 00:00:00+00:00,0.7307804822921753,0.7006021803244948,29086.625166608177,2009-12-02 00:00:00+00:00,0.727219820022583,native,-112.0493104377613,8.481661657246157,-0.12765006905228893,8
NZDCHF,1,2009-11-26 00:00:00+00:00,2009-11-27 00:00:00+00:00,0.7123000025749207,0.6873416705057025,32882.420761876696,2009-12-02 00:00:00+00:00,0.7253999710083008,native,421.3036629015675,9.4550110921405,0.5133527514230579,3
NZDCAD,1,2009-11-26 00:00:00+00:00,2009-11-27 00:00:00+00:00,0.7522000074386597,0.7266477113589644,32118.06774839394,2009-12-02 00:00:00+00:00,0.7599999904632568,native,240.80659482398752,9.713788396346985,0.2934195424799653,3
AUDJPY,1,2009-11-26 00:00:00+00:00,2009-11-27 00:00:00+00:00,77.0,72.83296513557434,196.94828656726096,2009-12-02 00:00:00+00:00,80.2020034790039,native,624.4369657262018,6.1921330460260835,0.7608679028283348,3
EURNZD,-1,2009-11-26 00:00:00+00:00,2009-11-27 00:00:00+00:00,2.1105000972747803,2.178820140659809,12012.439336279935,2009-12-02 00:00:00+00:00,2.0755999088287354,native,409.1793420570686,10.05705447578391,0.4985794322883661,3
EURAUD,-1,2009-11-26 00:00:00+00:00,2009-11-27 00:00:00+00:00,1.6541999578475952,1.6952075362205505,20013.139258082138,2009-12-02 00:00:00+00:00,1.6301000118255615,native,469.1697453195461,13.145830531676765,0.5716769182244587,3
AUDCHF,1,2009-11-26 00:00:00+00:00,2009-11-27 00:00:00+00:00,0.909600019454956,0.8854587748646736,33995.363144824114,2009-12-02 00:00:00+00:00,0.9239000082015991,native,473.66721055578336,12.46609985324593,0.5771570181066933,3
AUDCAD,1,2009-11-26 00:00:00+00:00,2009-11-27 00:00:00+00:00,0.9592999815940857,0.9333365671336651,31609.49334555964,2009-12-03 00:00:00+00:00,0.9732999801635742,native,430.31516049393053,12.217701126161515,0.5243331379965367,4
GBPJPY,-1,2009-12-04 00:00:00+00:00,2009-12-07 00:00:00+00:00,148.375,155.2266457080841,124.62075837070434,2009-12-09 00:00:00+00:00,143.58450317382812,native,589.71850451018,7.276842939811305,0.6906523085327957,2
USDJPY,-1,2009-12-03 00:00:00+00:00,2009-12-04 00:00:00+00:00,88.2699966430664,91.2101411819458,292.2099305113963,2009-12-10 00:00:00+00:00,88.06099700927734,native,50.76663498597786,10.305133480431365,0.05909010008222604,4
NZDCAD,1,2009-12-07 00:00:00+00:00,2009-12-08 00:00:00+00:00,0.7508000135421753,0.7255363538861275,33863.2083511,2009-12-10 00:00:00+00:00,0.7610999941825867,native,338.5508334450242,10.239556993522664,0.39573049886591216,2
NZDUSD,1,2009-12-08 00:00:00+00:00,2009-12-09 00:00:00+00:00,0.7062146663665771,0.6730020511895418,25851.832866587007,2009-12-10 00:00:00+00:00,0.7223867774009705,native,410.6923184095747,7.386393151448708,0.4783239940895818,1
AUDUSD,1,2009-12-08 00:00:00+00:00,2009-12-09 00:00:00+00:00,0.9028530120849609,0.865619882941246,23060.295934431946,2009-12-11 00:00:00+00:00,0.9165903329849243,native,308.39530490476363,8.391380394648866,0.35918099119012376,2
AUDCAD,1,2009-12-09 00:00:00+00:00,2009-12-10 00:00:00+00:00,0.9587000012397766,0.9317296547815204,32198.060489618078,2009-12-14 00:00:00+00:00,0.9639000296592712,native,155.05003118017532,12.380798418445826,0.17854825931762108,2
EURUSD,1,2009-12-04 00:00:00+00:00,2009-12-07 00:00:00+00:00,1.4874753952026367,1.447849003598094,21547.692072243528,2009-12-17 00:00:00+00:00,1.447849003598094,stop,-866.5071774843232,12.649893255500302,-1.0148149971771048,8
USDCHF,-1,2009-12-04 00:00:00+00:00,2009-12-07 00:00:00+00:00,1.0152000188827515,1.0445459419861436,29096.28302440841,2009-12-17 00:00:00+00:00,1.0445459419861436,stop,-865.8434745159876,11.986190287164685,-1.0140376975269236,8
EURCHF,-1,2009-12-07 00:00:00+00:00,2009-12-08 00:00:00+00:00,1.5116000175476074,1.5220078420825303,82198.59662059238,2009-12-17 00:00:00+00:00,1.5090999603271484,native,155.84173519427557,49.65945979863187,0.18216268140593603,7
GBPUSD,1,2009-12-08 00:00:00+00:00,2009-12-09 00:00:00+00:00,1.6249066591262817,1.5698668416589499,15599.742443342997,2009-12-17 00:00:00+00:00,1.6327064037322998,native,111.5104220256029,10.16358495213272,0.12987365006595591,6
GBPCHF,-1,2009-12-14 00:00:00+00:00,2009-12-15 00:00:00+00:00,1.6821000576019287,1.7274461090564728,19154.310847550492,2009-12-21 00:00:00+00:00,1.6776000261306763,native,73.32445367245809,12.870547951671147,0.08441951022666853,4
AUDNZD,1,2009-12-09 00:00:00+00:00,2009-12-10 00:00:00+00:00,1.2585999965667725,1.2308628903701901,31307.982906879162,2009-12-23 00:00:00+00:00,1.2532999515533447,native,-181.6622228139927,15.728504127907058,-0.2091935965463735,9
EURGBP,1,2009-12-14 00:00:00+00:00,2009-12-15 00:00:00+00:00,0.8982999920845032,0.8754923571832478,38082.52670782399,2009-12-23 00:00:00+00:00,0.8924999833106995,native,-234.51862661226497,13.639637578271671,-0.2700047065618275,6
GBPAUD,-1,2009-12-16 00:00:00+00:00,2009-12-17 00:00:00+00:00,1.8148000240325928,1.8671216070652008,16380.412868166137,2009-12-24 00:00:00+00:00,1.8135000467300415,native,9.407554301297047,11.886610633737671,0.01097668027438724,5
GBPNZD,-1,2009-12-17 00:00:00+00:00,2009-12-18 00:00:00+00:00,2.2781999111175537,2.3531300127506256,11395.103800638311,2009-12-24 00:00:00+00:00,2.264699935913086,native,143.4802556983901,10.35336306256361,0.16804188117508415,4
EURUSD,1,2009-12-17 00:00:00+00:00,2009-12-18 00:00:00+00:00,1.4345967769622803,1.394380514509976,21231.11979672065,2009-12-25 00:00:00+00:00,1.4384970664978027,native,70.607714455029,12.199799915544318,0.08269467533872944,5
AUDUSD,1,2009-12-17 00:00:00+00:00,2009-12-18 00:00:00+00:00,0.8852691054344177,0.8483498562127352,23127.13026135367,2009-12-25 00:00:00+00:00,0.8845643997192383,native,-24.48405487379474,8.186234002919353,-0.028675350624097196,5
GBPJPY,-1,2009-12-16 00:00:00+00:00,2009-12-17 00:00:00+00:00,146.69200134277344,153.2687041759491,130.3159278638589,2009-12-28 00:00:00+00:00,145.88299560546875,native,97.80089686463046,7.625436439415173,0.11411352420079673,7
NZDUSD,1,2009-12-17 00:00:00+00:00,2009-12-18 00:00:00+00:00,0.7094210982322693,0.6775809498503804,26816.341295284503,2009-12-30 00:00:00+00:00,0.716794490814209,native,190.0782351821088,7.649176799305117,0.22261672210554906,8
AUDCHF,1,2009-12-17 00:00:00+00:00,2009-12-18 00:00:00+00:00,0.9257000088691711,0.9006737107411027,34117.56231512345,2009-12-30 00:00:00+00:00,0.9262999892234802,native,7.832722057483041,12.637145068506909,0.009173564284885746,8
AUDCAD,1,2009-12-21 00:00:00+00:00,2009-12-22 00:00:00+00:00,0.9348000288009644,0.9054088378325105,28980.68397422739,2009-12-30 00:00:00+00:00,0.9330999851226807,native,-60.09503258251799,10.826603999795221,-0.0705525571690538,6
NZDCHF,1,2009-12-23 00:00:00+00:00,2009-12-24 00:00:00+00:00,0.7318000197410583,0.7097932226024568,38682.64999117094,2009-12-30 00:00:00+00:00,0.7432000041007996,native,429.5702229608435,11.411381931848677,0.5046161095152678,4
NZDCAD,1,2009-12-23 00:00:00+00:00,2009-12-24 00:00:00+00:00,0.7387999892234802,0.7136545479297638,33854.2967369577,2009-12-30 00:00:00+00:00,0.748199999332428,native,308.1624637866345,10.068267772084884,0.3619984236868897,4
EURUSD,1,2009-12-31 00:00:00+00:00,2010-01-01 00:00:00+00:00,1.4327058792114258,1.3975523253902793,24533.326449859425,2010-01-05 00:00:00+00:00,1.442710041999817,native,231.3266880502954,14.108703494839737,0.26822550152743985,2
EURGBP,1,2009-12-31 00:00:00+00:00,2010-01-01 00:00:00+00:00,0.8859000205993652,0.8634297586977482,38381.110800707924,2010-01-05 00:00:00+00:00,0.8950999975204468,native,339.4339817656826,13.671351806303866,0.3935769398763059,2
EURJPY,-1,2009-12-24 00:00:00+00:00,2009-12-25 00:00:00+00:00,131.47999572753906,136.14800107479095,183.7635951590344,2010-01-06 00:00:00+00:00,131.52000427246094,native,-17.01807915729069,9.66596510536521,-0.019838997180325578,8
USDJPY,-1,2009-12-29 00:00:00+00:00,2009-12-30 00:00:00+00:00,91.98999786376953,94.71511059999466,319.50610112236745,2010-01-06 00:00:00+00:00,91.55000305175781,native,128.8525968814301,11.728430018503179,0.14798903783601,5
GBPJPY,-1,2009-12-30 00:00:00+00:00,2009-12-31 00:00:00+00:00,148.5749969482422,153.98318004608154,160.46738600922657,2010-01-06 00:00:00+00:00,146.41000366210938,native,337.9437189612833,9.467094391974644,0.38940920599602424,4
CADCHF,1,2009-12-31 00:00:00+00:00,2010-01-01 00:00:00+00:00,0.9776999950408936,0.9507405366748571,31990.019979532888,2010-01-06 00:00:00+00:00,0.9939000010490417,native,505.62421121590074,12.6143046533128,0.5862760962899108,3
AUDCHF,1,2010-01-12 00:00:00+00:00,2010-01-13 00:00:00+00:00,0.9376000165939331,0.9136584093794227,37030.841404279825,2010-01-15 00:00:00+00:00,0.9483000040054321,native,382.2622439495823,13.96729291342863,0.43116601633672863,2
CADCHF,1,2010-01-12 00:00:00+00:00,2010-01-13 00:00:00+00:00,0.9797999858856201,0.9530651178210974,33161.856553187536,2010-01-15 00:00:00+00:00,0.9948999881744385,native,487.64716639952536,13.096943455072562,0.5500330975457483,2
NZDCHF,1,2010-01-12 00:00:00+00:00,2010-01-13 00:00:00+00:00,0.751800000667572,0.7309761652722955,42575.14732013294,2010-01-15 00:00:00+00:00,0.7555999755859375,native,148.9489367503488,12.835555211871615,0.16800434966501598,2
EURNZD,-1,2010-01-13 00:00:00+00:00,2010-01-14 00:00:00+00:00,1.9621000289916992,2.0111722890287638,18193.285663090704,2010-01-15 00:00:00+00:00,1.9529000520706177,native,153.1324652499202,14.245342969158,0.17152209616006456,1
EURGBP,1,2010-01-13 00:00:00+00:00,2010-01-14 00:00:00+00:00,0.8917999863624573,0.8696530745364726,40311.9699939515,2010-01-20 00:00:00+00:00,0.8696530745364726,stop,-906.9871735751277,14.201528587342336,-1.015906985811288,4
NZDJPY,1,2010-01-12 00:00:00+00:00,2010-01-13 00:00:00+00:00,67.21499633789062,64.20013976097107,294.06966371513533,2010-01-21 00:00:00+00:00,64.20013976097107,stop,-894.3069007000321,7.7290409759342005,-1.008717836669573,6
GBPNZD,-1,2010-01-13 00:00:00+00:00,2010-01-14 00:00:00+00:00,2.1995999813079834,2.2721936777234077,12298.390756667555,2010-01-21 00:00:00+00:00,2.2721936777234077,stop,-903.7848181481767,10.99917316039125,-1.0123200605006835,5
GBPCHF,-1,2010-01-14 00:00:00+00:00,2010-01-15 00:00:00+00:00,1.6638000011444092,1.7088038083165884,20058.187100945583,2010-01-25 00:00:00+00:00,1.67739999294281,native,-286.1948629882662,13.403682924615945,-0.31704499449634926,6
CADJPY,1,2010-01-12 00:00:00+00:00,2010-01-13 00:00:00+00:00,87.58000183105469,83.81478440761566,235.46524941827306,2010-01-26 00:00:00+00:00,83.81478440761566,stop,-894.6493629422338,8.071503218136023,-1.0091041109696197,9
GBPCAD,-1,2010-01-12 00:00:00+00:00,2010-01-13 00:00:00+00:00,1.6785999536514282,1.7355749234557152,15560.830708108408,2010-01-27 00:00:00+00:00,1.7146999835968018,max_hold,-572.3069677106726,10.560513173070918,-0.6455236406295709,10
CHFJPY,1,2010-01-15 00:00:00+00:00,2010-01-18 00:00:00+00:00,88.4635009765625,85.30720436573029,282.3341349325096,2010-01-27 00:00:00+00:00,85.30720436573029,stop,-900.9425535636108,9.812280353885651,-1.0110110504029262,7
EURNZD,-1,2010-01-21 00:00:00+00:00,2010-01-22 00:00:00+00:00,1.9752999544143677,2.0291015692055225,15786.618621921203,2010-01-29 00:00:00+00:00,1.980299949645996,native,-91.42212725440422,12.489109421261814,-0.10763831596728518,5
EURCAD,-1,2010-01-26 00:00:00+00:00,2010-01-27 00:00:00+00:00,1.4952000379562378,1.5327456668019295,22218.592828726745,2010-01-29 00:00:00+00:00,1.4882999658584595,native,140.0520580715422,13.257834357852692,0.16788564450262725,2
NZDCAD,1,2010-01-15 00:00:00+00:00,2010-01-18 00:00:00+00:00,0.7566999793052673,0.7323664259165525,36621.46086822675,2010-02-01 00:00:00+00:00,0.750760018825531,max_hold,-228.57110773387018,11.04107746639284,-0.2564957275108491,10
NZDCHF,1,2010-01-21 00:00:00+00:00,2010-01-22 00:00:00+00:00,0.742900013923645,0.7205553632229567,38011.13677401595,2010-02-01 00:00:00+00:00,0.7452999949455261,native,79.91237206092163,11.313634816843562,0.0940869941655657,6
CADCHF,1,2010-01-25 00:00:00+00:00,2010-01-26 00:00:00+00:00,0.9833999872207642,0.9575739689171314,32802.79642247463,2010-02-01 00:00:00+00:00,0.9922000169754028,native,275.7045436031544,12.96104094997738,0.3254434986835423,4
GBPNZD,-1,2010-01-27 00:00:00+00:00,2010-01-28 00:00:00+00:00,2.2906999588012695,2.365150459110737,11167.212944645635,2010-02-01 00:00:00+00:00,2.270699977874756,native,213.1564210115184,10.187624883710857,0.25638109696827954,2
GBPAUD,-1,2010-01-20 00:00:00+00:00,2010-01-21 00:00:00+00:00,1.7884000539779663,1.8444741368293762,15359.883942161312,2010-02-02 00:00:00+00:00,1.7878999710083008,native,-3.305094289713657,10.986310665227533,-0.0038373705710340613,8
USDCAD,-1,2010-01-20 00:00:00+00:00,2010-01-21 00:00:00+00:00,1.045300006866455,1.075742319226265,28292.574971994447,2010-02-02 00:00:00+00:00,1.062000036239624,native,-484.411021966505,11.924188891613174,-0.5624240753929737,8
NZDUSD,1,2010-01-27 00:00:00+00:00,2010-01-28 00:00:00+00:00,0.7060152888298035,0.6793944397941232,31231.33261741142,2010-02-02 00:00:00+00:00,0.7089684009552002,native,83.3912617919985,8.83836525277751,0.10030166144817301,3
AUDJPY,1,2010-01-29 00:00:00+00:00,2010-02-01 00:00:00+00:00,79.94609832763672,75.7069878578186,196.75929114587865,2010-02-02 00:00:00+00:00,80.89739990234375,native,180.8479329658827,6.32949053943087,0.2168221096395423,1
USDCHF,-1,2010-01-20 00:00:00+00:00,2010-01-21 00:00:00+00:00,1.0434999465942383,1.0724198427051306,29781.96745445431,2010-02-04 00:00:00+00:00,1.0582000017166138,max_hold,-450.3151151251955,12.518551891924421,-0.5228371171894619,10
AUDNZD,1,2010-02-01 00:00:00+00:00,2010-02-02 00:00:00+00:00,1.257200002670288,1.2329879980534315,34856.1261169054,2010-02-09 00:00:00+00:00,1.2640999555587769,native,222.92907821735412,17.57654986451612,0.2641537947002632,5
AUDUSD,1,2010-01-29 00:00:00+00:00,2010-02-01 00:00:00+00:00,0.8858180046081543,0.8527402374893427,25215.860796605408,2010-02-10 00:00:00+00:00,0.877346932888031,native,-222.4973096177615,8.891944325071858,-0.2667563586117762,7
AUDCAD,1,2010-02-02 00:00:00+00:00,2010-02-03 00:00:00+00:00,0.9376000165939331,0.9099946850910783,30368.809452249174,2010-02-10 00:00:00+00:00,0.9358999729156494,native,-63.00749536433969,11.379192838041469,-0.07515735414990568,5
EURAUD,-1,2010-02-04 00:00:00+00:00,2010-02-05 00:00:00+00:00,1.5819000005722046,1.6277851173654199,18227.95706104221,2010-02-10 00:00:00+00:00,1.5705000162124634,native,196.30606297687962,11.492362429035932,0.23470582857874936,3
NZDUSD,1,2010-02-04 00:00:00+00:00,2010-02-05 00:00:00+00:00,0.688847541809082,0.6587878186255693,27824.339350749022,2010-02-10 00:00:00+00:00,0.6951202750205994,native,166.83305949677518,7.701598037196863,0.19946756034799687,3
AUDCHF,1,2010-02-04 00:00:00+00:00,2010-02-05 00:00:00+00:00,0.9251999855041504,0.895858102478087,28505.053268213735,2010-02-10 00:00:00+00:00,0.9343000054359436,native,248.79552363877417,10.601029258798068,0.29746284264892914,3
EURGBP,-1,2010-02-09 00:00:00+00:00,2010-02-10 00:00:00+00:00,0.878000020980835,0.899051362182945,40263.483227602606,2010-02-12 00:00:00+00:00,0.8716999888420105,native,239.57143495514848,14.089803399767652,0.28264670073674425,2
GBPJPY,-1,2010-02-16 00:00:00+00:00,2010-02-17 00:00:00+00:00,142.43899536132812,148.38800406455994,142.83820861853255,2010-02-23 00:00:00+00:00,141.4250030517578,native,136.72752004706808,8.109325004923832,0.16090403588881685,4
USDJPY,-1,2010-02-17 00:00:00+00:00,2010-02-18 00:00:00+00:00,91.06999969482422,93.80548685789108,310.4349557206175,2010-02-24 00:00:00+00:00,90.1500015258789,native,274.3481862286594,11.251404610927846,0.32307012097631627,4
CHFJPY,-1,2010-02-19 00:00:00+00:00,2010-02-22 00:00:00+00:00,85.21209716796875,88.57146167755127,252.71707082863773,2010-02-24 00:00:00+00:00,83.23999786376953,native,489.86901553414754,8.514144006273643,0.5770165397841166,2
EURNZD,-1,2010-02-25 00:00:00+00:00,2010-02-26 00:00:00+00:00,1.9592000246047974,2.014751238748431,15458.8015164418,2010-03-02 00:00:00+00:00,1.937399983406067,native,324.9551567188672,12.047353222561096,0.3784025519726155,2
AUDCHF,1,2010-02-25 00:00:00+00:00,2010-02-26 00:00:00+00:00,0.9585000276565552,0.9297583308070898,29878.374890025458,2010-03-02 00:00:00+00:00,0.9708999991416931,native,358.96152919587644,11.529467462700646,0.41800216398851087,2
EURCAD,-1,2010-02-25 00:00:00+00:00,2010-02-26 00:00:00+00:00,1.4362000226974487,1.4764443561434746,21338.536879869545,2010-03-02 00:00:00+00:00,1.4121500253677368,native,501.03583047133833,12.15592450948343,0.5834443090376883,2
CADCHF,1,2010-02-25 00:00:00+00:00,2010-02-26 00:00:00+00:00,1.0182000398635864,0.9888413846492767,29250.49486003788,2010-03-02 00:00:00+00:00,1.0356999635696411,native,499.8659101163166,12.015518298691081,0.582081964607106,2
NZDCHF,1,2010-02-25 00:00:00+00:00,2010-02-26 00:00:00+00:00,0.7462999820709229,0.7227774169296026,36507.71879191367,2010-03-02 00:00:00+00:00,0.7545999884605408,native,292.05541243146683,10.958886811790839,0.3400915821658823,2
EURAUD,-1,2010-02-25 00:00:00+00:00,2010-02-26 00:00:00+00:00,1.5256999731063843,1.5692315408959985,19727.182756065875,2010-03-02 00:00:00+00:00,1.5061999559402466,native,372.7182335831389,11.962168799681208,0.4340215190879486,2
EURNZD,-1,2010-03-04 00:00:00+00:00,2010-03-05 00:00:00+00:00,1.9788000583648682,2.0358440056443214,15466.16523304198,2010-03-08 00:00:00+00:00,1.948699951171875,native,453.38455855905386,12.148672820053847,0.5138951385582792,1
NZDCHF,1,2010-03-04 00:00:00+00:00,2010-03-05 00:00:00+00:00,0.7383999824523926,0.715089906938374,37848.4880342142,2010-03-08 00:00:00+00:00,0.7501999735832214,native,435.34357159426054,11.268251524749145,0.4934463267913628,1
USDJPY,-1,2010-03-05 00:00:00+00:00,2010-03-08 00:00:00+00:00,90.61000061035156,93.44956624507904,313.87035054618326,2010-03-16 00:00:00+00:00,90.34100341796875,native,73.07121205592192,11.359031013210544,0.08198683232743506,6
AUDCHF,1,2010-03-16 00:00:00+00:00,2010-03-17 00:00:00+00:00,0.9690999984741211,0.9431324517354369,34073.718718287506,2010-03-18 00:00:00+00:00,0.9728000164031982,native,112.83981919080179,13.233550977193621,0.12752987255312404,1
EURJPY,-1,2010-03-05 00:00:00+00:00,2010-03-08 00:00:00+00:00,123.57599639892578,128.60140180587769,177.34996263940994,2010-03-19 00:00:00+00:00,123.1510009765625,native,66.62151752471286,8.75140475333533,0.07475019276425489,9
EURUSD,-1,2010-03-12 00:00:00+00:00,2010-03-15 00:00:00+00:00,1.3773914575576782,1.4160004537552595,22902.04986830501,2010-03-19 00:00:00+00:00,1.3612295389175415,native,357.5970597375669,12.544006926332528,0.4044185547051297,4
GBPJPY,-1,2010-03-05 00:00:00+00:00,2010-03-08 00:00:00+00:00,137.2689971923828,143.48544645309448,143.37050360944735,2010-03-22 00:00:00+00:00,135.55999755859375,native,237.19701208935766,7.8231260753413565,0.2661380742371675,10
CHFJPY,-1,2010-03-05 00:00:00+00:00,2010-03-08 00:00:00+00:00,84.46600341796875,87.86045479774475,262.56244719864645,2010-03-22 00:00:00+00:00,85.16999816894531,native,-193.7505933733387,8.908008741930725,-0.2173906380543417,10
NZDJPY,-1,2010-03-12 00:00:00+00:00,2010-03-15 00:00:00+00:00,63.792999267578125,66.8570339679718,288.5819655268908,2010-03-22 00:00:00+00:00,63.875,native,-31.032468969653998,7.368536432704671,-0.0350956639823871,5
USDCHF,1,2010-03-12 00:00:00+00:00,2010-03-15 00:00:00+00:00,1.0579999685287476,1.0270599303767085,28578.670521902117,2010-03-22 00:00:00+00:00,1.0609999895095825,native,73.6249708427356,12.11164032734037,0.08326495838718007,5
NZDCAD,-1,2010-03-18 00:00:00+00:00,2010-03-19 00:00:00+00:00,0.724399983882904,0.7452945318073034,42501.064796881954,2010-03-22 00:00:00+00:00,0.7179999947547913,native,259.74564564224147,12.260706991020367,0.29249300604626177,1
AUDNZD,1,2010-03-16 00:00:00+00:00,2010-03-17 00:00:00+00:00,1.2897000312805176,1.2634412022307515,33695.747883540585,2010-03-23 00:00:00+00:00,1.2973999977111816,native,242.02127349410117,17.434854065280966,0.27352881620323855,4
EURGBP,1,2010-03-17 00:00:00+00:00,2010-03-18 00:00:00+00:00,0.8967999815940857,0.8733274452388287,37724.37136701639,2010-03-29 00:00:00+00:00,0.901199996471405,native,152.42211147430572,13.56568377808598,0.17213371493197516,7
AUDUSD,1,2010-03-25 00:00:00+00:00,2010-03-26 00:00:00+00:00,0.9088431000709534,0.8821858232840896,33865.55065059473,2010-03-30 00:00:00+00:00,0.9165903329849243,native,250.0004469727491,12.363861677288568,0.27692799554820063,2
USDCAD,-1,2010-03-24 00:00:00+00:00,2010-03-25 00:00:00+00:00,1.023300051689148,1.0510745635256171,32485.103050203732,2010-03-31 00:00:00+00:00,1.0191999673843384,native,119.92149643633277,13.270164719929058,0.13291266189412043,4
AUDNZD,1,2010-03-26 00:00:00+00:00,2010-03-29 00:00:00+00:00,1.2839000225067139,1.2573492964729667,33893.38345438328,2010-03-31 00:00:00+00:00,1.2933000326156616,native,301.1281411562613,17.47000594138408,0.33462625792720624,2
CHFJPY,-1,2010-03-25 00:00:00+00:00,2010-03-26 00:00:00+00:00,86.27999877929688,89.3303427696228,295.9546071182612,2010-04-01 00:00:00+00:00,89.3303427696228,stop,-913.157895160262,10.394537927802839,-1.011514133625969,4
NZDCAD,-1,2010-03-29 00:00:00+00:00,2010-03-30 00:00:00+00:00,0.7239999771118164,0.7444966724142432,44268.66189215103,2010-04-01 00:00:00+00:00,0.7175999879837036,native,270.55541453815766,12.763540287710061,0.298178269468155,2
GBPJPY,-1,2010-03-29 00:00:00+00:00,2010-03-30 00:00:00+00:00,138.5,144.00134658813477,164.93439555445536,2010-04-05 00:00:00+00:00,144.35299682617188,stop_gap,-974.6909313192621,9.330437612458189,-1.0742038028076235,4
GBPCAD,-1,2010-03-31 00:00:00+00:00,2010-04-01 00:00:00+00:00,1.5429999828338623,1.590833330526948,18733.669085703274,2010-04-06 00:00:00+00:00,1.5322999954223633,native,188.92769296182894,11.52233042638452,0.21083465620169337,3
EURJPY,-1,2010-03-26 00:00:00+00:00,2010-03-29 00:00:00+00:00,124.28199768066406,128.67726349830627,204.74164152756705,2010-04-07 00:00:00+00:00,125.67500305175781,native,-295.44152766270474,10.235321328252667,-0.32830705379596653,7
GBPUSD,-1,2010-03-31 00:00:00+00:00,2010-04-01 00:00:00+00:00,1.5191103219985962,1.5675201658159494,18510.576285363608,2010-04-08 00:00:00+00:00,1.5242043733596802,native,-105.5605280866649,11.266701765759498,-0.1178007167647877,5
GBPNZD,-1,2010-03-31 00:00:00+00:00,2010-04-01 00:00:00+00:00,2.1480000019073486,2.217298671603203,12930.899119370313,2010-04-08 00:00:00+00:00,2.154400110244751,native,-93.88593562827182,11.126780364281265,-0.10477240604616007,5
GBPJPY,-1,2010-04-05 00:00:00+00:00,2010-04-06 00:00:00+00:00,144.32000732421875,149.64071106910706,166.0109557630311,2010-04-08 00:00:00+00:00,142.11000061035156,native,357.37522293652125,9.51010387528612,0.4045932296735052,2
EURGBP,1,2010-04-01 00:00:00+00:00,2010-04-02 00:00:00+00:00,0.8880000114440918,0.8651210437528789,38756.018949289966,2010-04-12 00:00:00+00:00,0.883899986743927,native,-172.63499295334805,13.734357981204344,-0.19469430439001836,6
GBPCHF,-1,2010-04-05 00:00:00+00:00,2010-04-06 00:00:00+00:00,1.624500036239624,1.669698929414153,19542.40584188928,2010-04-13 00:00:00+00:00,1.6277999877929688,native,-77.20054591188182,12.711553397846236,-0.08740062600420977,5
EURCHF,-1,2010-04-09 00:00:00+00:00,2010-04-12 00:00:00+00:00,1.4426000118255615,1.4597732140682638,51973.16986754208,2010-04-14 00:00:00+00:00,1.434999942779541,native,365.0880812835679,29.911598250304475,0.40904130492521107,2
EURUSD,-1,2010-04-09 00:00:00+00:00,2010-04-12 00:00:00+00:00,1.3636983633041382,1.3996061962097883,24856.575435082166,2010-04-19 00:00:00+00:00,1.34890878200531,native,354.1331183809763,13.48522482662544,0.39676746595098594,5
GBPUSD,-1,2010-04-09 00:00:00+00:00,2010-04-12 00:00:00+00:00,1.5424957275390625,1.5869998587295413,20055.346176953775,2010-04-19 00:00:00+00:00,1.5294963121414185,native,248.38580313604686,12.321972761727674,0.2782891533529722,5
USDCHF,1,2010-04-13 00:00:00+00:00,2010-04-14 00:00:00+00:00,1.0539000034332275,1.0251275589689612,31392.42850520066,2010-04-19 00:00:00+00:00,1.0618000030517578,native,234.7167809774176,13.283392238406496,0.2598618141923638,3
NZDCHF,1,2010-04-13 00:00:00+00:00,2010-04-14 00:00:00+00:00,0.7473000288009644,0.7227524714544415,36795.38835631974,2010-04-20 00:00:00+00:00,0.7537000179290771,native,224.4441095166772,11.045975928457192,0.24848863912037375,4
EURNZD,-1,2010-04-13 00:00:00+00:00,2010-04-14 00:00:00+00:00,1.9191399812698364,1.9715131968259811,17246.160965542695,2010-04-20 00:00:00+00:00,1.9002000093460083,native,313.46801402914014,13.173790452059038,0.347049607947405,4
NZDCAD,-1,2010-04-09 00:00:00+00:00,2010-04-12 00:00:00+00:00,0.7200999855995178,0.7422788953408599,40242.99515795809,2010-04-21 00:00:00+00:00,0.7099000215530396,native,398.9676070610276,11.509496672744081,0.4469996118234736,7
GBPCAD,-1,2010-04-09 00:00:00+00:00,2010-04-12 00:00:00+00:00,1.5462000370025635,1.5929373586550355,19097.066878722395,2010-04-21 00:00:00+00:00,1.5329999923706055,native,240.32139735984194,11.760737778780676,0.2692538678116094,7
GBPAUD,-1,2010-04-12 00:00:00+00:00,2010-04-13 00:00:00+00:00,1.6588000059127808,1.7053033830597997,19343.527918463475,2010-04-21 00:00:00+00:00,1.6490000486373901,native,176.76884261549054,12.796904540777248,0.19651040042941065,6
AUDCHF,1,2010-04-13 00:00:00+00:00,2010-04-14 00:00:00+00:00,0.9778000116348267,0.9500243403017521,32518.994588216654,2010-04-21 00:00:00+00:00,0.9950000047683716,native,546.4957890157011,12.830694611409868,0.605041474200222,5
CADJPY,1,2010-04-16 00:00:00+00:00,2010-04-19 00:00:00+00:00,90.49500274658203,86.85358822345734,249.44256694278116,2010-04-21 00:00:00+00:00,93.29000091552734,native,688.0227572462788,9.168760615813,0.7574642081248267,2
AUDCAD,-1,2010-04-19 00:00:00+00:00,2010-04-20 00:00:00+00:00,0.9383999705314636,0.9606438400223851,41034.12338491232,2010-04-21 00:00:00+00:00,0.929099977016449,native,366.2908367201958,15.326244653799666,0.4013012901891139,1
GBPJPY,-1,2010-04-23 00:00:00+00:00,2010-04-26 00:00:00+00:00,144.71600341796875,150.13468611240387,172.4702424332111,2010-04-28 00:00:00+00:00,142.00999450683594,native,456.81567245470666,9.890340474799089,0.4888021426809097,2
GBPCHF,-1,2010-04-21 00:00:00+00:00,2010-04-22 00:00:00+00:00,1.6489499807357788,1.689098752103746,23282.56460095828,2010-04-29 00:00:00+00:00,1.6492999792099,native,-23.50720563646986,15.358343552508668,-0.02514768028283381,5
AUDUSD,1,2010-04-27 00:00:00+00:00,2010-04-28 00:00:00+00:00,0.9165903329849243,0.8906146138906479,36003.059711371694,2010-04-30 00:00:00+00:00,0.9308386445045471,native,499.6801912693906,13.302619157814359,0.5342999619665202,2
AUDNZD,1,2010-04-23 00:00:00+00:00,2010-04-26 00:00:00+00:00,1.2906999588012695,1.2620941493660212,32670.339921452956,2010-05-04 00:00:00+00:00,1.2620941493660212,stop,-951.2416482305322,16.68013025266155,-1.0178480816209432,6
NZDCAD,-1,2010-04-26 00:00:00+00:00,2010-04-27 00:00:00+00:00,0.7228999733924866,0.7449156944639981,42207.64820814571,2010-05-05 00:00:00+00:00,0.7449156944639981,stop,-941.6224195036766,12.390609468658191,-1.0133342502213643,6
AUDCAD,-1,2010-04-28 00:00:00+00:00,2010-04-29 00:00:00+00:00,0.9340000152587891,0.9564723195508122,41889.98914974782,2010-05-05 00:00:00+00:00,0.9315000176429749,native,89.0957177734308,15.629155227421817,0.09464528343846004,4
USDCAD,-1,2010-04-27 00:00:00+00:00,2010-04-28 00:00:00+00:00,1.0160000324249268,1.0445306226611137,32779.040246103206,2010-05-06 00:00:00+00:00,1.0445306226611137,stop,-948.7138090513312,13.508443454278945,-1.0144443605128963,6
AUDUSD,1,2010-05-05 00:00:00+00:00,2010-05-06 00:00:00+00:00,0.9062896370887756,0.8784761745482683,32972.59826225268,2010-05-06 00:00:00+00:00,0.8784761745482683,stop,-928.8517998502238,11.769673219862318,-1.0128338268494095,0
GBPAUD,-1,2010-05-06 00:00:00+00:00,2010-05-07 00:00:00+00:00,1.6765999794006348,1.72602166980505,18209.21343789954,2010-05-10 00:00:00+00:00,1.649999976158142,native,472.25018276871356,12.114953722655379,0.5247631766367915,1
NZDCAD,-1,2010-05-05 00:00:00+00:00,2010-05-06 00:00:00+00:00,0.7465000152587891,0.7694020667113364,40043.667202937744,2010-05-11 00:00:00+00:00,0.7382000088691711,native,320.4721269156421,11.890566732474735,0.3494475768415138,3
AUDNZD,1,2010-05-04 00:00:00+00:00,2010-05-05 00:00:00+00:00,1.2621999979019165,1.232208444736898,30886.567349657944,2010-05-14 00:00:00+00:00,1.2563999891281128,native,-194.70054324594543,15.558181625250127,-0.21018347187708294,7
AUDCHF,1,2010-05-19 00:00:00+00:00,2010-05-20 00:00:00+00:00,0.9764000177383423,0.937155949883163,23252.06224672995,2010-05-20 00:00:00+00:00,0.937155949883163,stop,-921.4043330778705,8.898824494347362,-1.009752077560782,0
EURAUD,-1,2010-05-19 00:00:00+00:00,2010-05-20 00:00:00+00:00,1.4611999988555908,1.518296740949154,15981.743881082077,2010-05-20 00:00:00+00:00,1.518296740949154,stop,-922.029019341539,9.523510758015695,-1.0104366611142972,0
GBPAUD,-1,2010-05-19 00:00:00+00:00,2010-05-20 00:00:00+00:00,1.7000000476837158,1.7734235357493162,12427.978193684328,2010-05-20 00:00:00+00:00,1.7734235357493162,stop,-921.1390350939902,8.63352651046692,-1.0094613417993155,0
EURCHF,-1,2010-05-19 00:00:00+00:00,2010-05-20 00:00:00+00:00,1.4278000593185425,1.4537648148834705,35144.005353783956,2010-05-21 00:00:00+00:00,1.4537648148834705,stop,-932.7594548567696,20.25394627324627,-1.0221959715122009,1
USDCAD,-1,2010-05-18 00:00:00+00:00,2010-05-19 00:00:00+00:00,1.0403900146484375,1.0815922180190682,22165.39536648706,2010-05-25 00:00:00+00:00,1.0815922180190682,stop,-922.6700427099834,9.40691502954724,-1.0103003337640921,4
EURGBP,-1,2010-05-20 00:00:00+00:00,2010-05-21 00:00:00+00:00,0.8702999949455261,0.9041836597025394,25244.468582023215,2010-05-25 00:00:00+00:00,0.8570299744606018,native,326.27350978578437,8.721105428692024,0.3814390970908168,2
EURNZD,-1,2010-05-19 00:00:00+00:00,2010-05-20 00:00:00+00:00,1.816349983215332,1.8969404511153698,11322.747371505156,2010-05-27 00:00:00+00:00,1.8221999406814575,native,-74.47726684036786,8.239676317378532,-0.08161842985033423,5
EURCAD,-1,2010-05-20 00:00:00+00:00,2010-05-21 00:00:00+00:00,1.3372999429702759,1.3971181437373161,14299.579382761052,2010-05-27 00:00:00+00:00,1.3020000457763672,native,497.2255061868008,7.548175940800594,0.5812952705076798,4
CADJPY,1,2010-05-19 00:00:00+00:00,2010-05-20 00:00:00+00:00,87.66000366210938,81.18282651901245,140.88012237800683,2010-05-28 00:00:00+00:00,86.5250015258789,native,-164.80708082090712,4.907840969459508,-0.18060940922618227,6
USDJPY,1,2010-05-19 00:00:00+00:00,2010-05-20 00:00:00+00:00,91.54199981689453,87.94183480739594,253.4621347010453,2010-05-28 00:00:00+00:00,90.87999725341797,native,-177.03999667510763,9.247413758773849,-0.19401526348035503,6
GBPNZD,-1,2010-05-19 00:00:00+00:00,2010-05-20 00:00:00+00:00,2.1136999130249023,2.211839582771063,9298.0291348415,2010-05-28 00:00:00+00:00,2.137700080871582,native,-231.06018808093683,7.905928201422897,-0.2532151158622704,6
NZDCHF,1,2010-05-20 00:00:00+00:00,2010-05-21 00:00:00+00:00,0.7674999833106995,0.7287492910400033,22073.802047894696,2010-05-28 00:00:00+00:00,0.7843999862670898,native,366.1960533228777,6.851266545318785,0.4281116540212145,5
GBPAUD,-1,2010-05-20 00:00:00+00:00,2010-05-21 00:00:00+00:00,1.7628999948501587,1.847536088898778,10106.505032130372,2010-05-28 00:00:00+00:00,1.718000054359436,native,446.7455277391068,7.035946772735926,0.522280251443171,5
GBPCAD,-1,2010-05-21 00:00:00+00:00,2010-05-24 00:00:00+00:00,1.5368000268936157,1.6017101723700762,13284.768669423838,2010-05-28 00:00:00+00:00,1.527999997138977,native,108.76332770695785,8.143031867463524,0.12612927747637198,4
AUDNZD,-1,2010-05-28 00:00:00+00:00,2010-05-31 00:00:00+00:00,1.246899962425232,1.286520847119391,22161.072614370954,2010-06-02 00:00:00+00:00,1.230299949645996,native,356.8946071737865,10.979481426344766,0.4064667642112432,2
CHFJPY,-1,2010-06-02 00:00:00+00:00,2010-06-03 00:00:00+00:00,79.73999786376953,84.53666484355927,183.79642625581252,2010-06-07 00:00:00+00:00,78.70500183105469,native,184.4042470615299,5.8243249404024,0.2091675400863163,2
GBPJPY,-1,2010-06-02 00:00:00+00:00,2010-06-03 00:00:00+00:00,135.02000427246094,143.73734951019287,101.13288217709626,2010-06-07 00:00:00+00:00,131.97000122070312,native,303.0553055196064,5.400293753600489,0.3437520218527943,2
NZDCHF,1,2010-06-07 00:00:00+00:00,2010-06-08 00:00:00+00:00,0.7653999924659729,0.7251496631652117,22024.28799343167,2010-06-11 00:00:00+00:00,0.7815999984741211,native,349.979283153519,6.814314665260163,0.3947944348783166,3
USDCHF,1,2010-06-09 00:00:00+00:00,2010-06-10 00:00:00+00:00,1.1480000019073486,1.1085725519806147,22527.225318620487,2010-06-18 00:00:00+00:00,1.1085725519806147,stop,-898.3579119120127,10.166863673849804,-1.0114467081085956,6
EURJPY,-1,2010-06-11 00:00:00+00:00,2010-06-14 00:00:00+00:00,111.3479995727539,118.49027585983276,124.6303682773097,2010-06-22 00:00:00+00:00,112.09300231933594,native,-98.41947354493823,5.569506870812443,-0.1105657237579964,6
EURUSD,-1,2010-06-11 00:00:00+00:00,2010-06-14 00:00:00+00:00,1.2147272825241089,1.2655804734677076,17504.201948392838,2010-06-23 00:00:00+00:00,1.2275059223175049,native,-232.2297602138961,8.549868644523652,-0.2608899498377366,7
NZDJPY,-1,2010-06-11 00:00:00+00:00,2010-06-14 00:00:00+00:00,63.37799835205078,68.42517006397247,176.36501684584354,2010-06-23 00:00:00+00:00,63.874000549316406,native,-91.96599606230873,4.4885601859813775,-0.10331580275230169,7
CHFJPY,-1,2010-06-11 00:00:00+00:00,2010-06-14 00:00:00+00:00,80.02100372314453,84.30786681175232,207.64472893068753,2010-06-24 00:00:00+00:00,81.37000274658203,native,-286.8149349074933,6.7023983580514415,-0.32221164897991456,8
AUDJPY,-1,2010-06-11 00:00:00+00:00,2010-06-14 00:00:00+00:00,78.2750015258789,84.80223655700684,136.3739040729952,2010-06-24 00:00:00+00:00,78.66000366210938,native,-56.784612262832525,4.280367868640344,-0.06379257607276827,8
GBPUSD,-1,2010-06-10 00:00:00+00:00,2010-06-11 00:00:00+00:00,1.4706963300704956,1.5293949767947197,15143.211886140998,2010-06-25 00:00:00+00:00,1.4928938150405884,max_hold,-345.11687294376435,8.975654702219298,-0.3882577243422172,10
AUDUSD,-1,2010-06-10 00:00:00+00:00,2010-06-11 00:00:00+00:00,0.8476731181144714,0.9000488705933094,16971.327431215606,2010-06-25 00:00:00+00:00,0.8673027157783508,native,-338.96141257944555,5.821083282723423,-0.38133280927520297,10
AUDCAD,-1,2010-06-11 00:00:00+00:00,2010-06-14 00:00:00+00:00,0.8809000253677368,0.9138827221468091,26988.227492717822,2010-06-28 00:00:00+00:00,0.9039999842643738,max_hold,-633.0612032772104,9.634257502341127,-0.7111892352430972,10
NZDUSD,-1,2010-06-11 00:00:00+00:00,2010-06-14 00:00:00+00:00,0.6918978691101074,0.7313493974506855,22562.992143484877,2010-06-28 00:00:00+00:00,0.7125044465065002,max_hold,-471.2835475816342,6.337503682709897,-0.5294461010280365,10
NZDCAD,-1,2010-06-18 00:00:00+00:00,2010-06-21 00:00:00+00:00,0.7250000238418579,0.7525637447834015,30917.09113594686,2010-06-29 00:00:00+00:00,0.7301999926567078,native,-169.76602005901802,8.998110306223506,-0.19921145007217114,6
EURAUD,-1,2010-06-24 00:00:00+00:00,2010-06-25 00:00:00+00:00,1.4227999448776245,1.4774892590939999,15545.068646547263,2010-06-29 00:00:00+00:00,1.4110000133514404,native,174.62042262283805,8.810322976250717,0.2053997512218717,2
CADCHF,1,2010-06-23 00:00:00+00:00,2010-06-24 00:00:00+00:00,1.062999963760376,1.0197501815855503,19601.626894463327,2010-06-30 00:00:00+00:00,1.0197501815855503,stop,-855.9311517104354,8.165058252692022,-1.00963126305204,4
USDCHF,1,2010-06-24 00:00:00+00:00,2010-06-25 00:00:00+00:00,1.101699948310852,1.0649318555369973,23121.92663772533,2010-07-01 00:00:00+00:00,1.0649318555369973,stop,-860.1684840500544,10.019340323906494,-1.0117853913020396,4
GBPNZD,-1,2010-06-25 00:00:00+00:00,2010-06-28 00:00:00+00:00,2.111299991607666,2.2020259965211153,9342.181718980997,2010-07-01 00:00:00+00:00,2.2020259965211153,stop,-855.6379995774665,8.05917503886047,-1.009508466711928,3
GBPAUD,-1,2010-06-25 00:00:00+00:00,2010-06-28 00:00:00+00:00,1.7237999439239502,1.7994547504931688,11203.238273607021,2010-07-01 00:00:00+00:00,1.7994547504931688,stop,-855.473196906638,7.894372368031895,-1.0093140273676957,3
GBPUSD,-1,2010-06-28 00:00:00+00:00,2010-06-29 00:00:00+00:00,1.5097074508666992,1.5620669703930616,16124.676618725707,2010-07-01 00:00:00+00:00,1.4945895671844482,native,234.0823219592719,9.68866357653534,0.2772566366146961,2
NZDCHF,1,2010-06-28 00:00:00+00:00,2010-06-29 00:00:00+00:00,0.765999972820282,0.730282043106854,23637.43719326051,2010-07-01 00:00:00+00:00,0.730282043106854,stop,-851.3539747094247,7.07365443497658,-1.0083783244321947,2
GBPCAD,-1,2010-06-23 00:00:00+00:00,2010-06-24 00:00:00+00:00,1.554800033569336,1.6168831419199705,13655.34226588186,2010-07-02 00:00:00+00:00,1.6168831419199705,stop,-856.4281773217925,8.662083864049105,-1.0102175398743767,6
USDCAD,-1,2010-06-23 00:00:00+00:00,2010-06-24 00:00:00+00:00,1.0388000011444092,1.0810254532843828,20077.13477282549,2010-07-07 00:00:00+00:00,1.0541000366210938,native,-315.58476151926135,8.403887224853912,-0.3722545215651416,9
GBPCAD,-1,2010-07-02 00:00:00+00:00,2010-07-05 00:00:00+00:00,1.6139999628067017,1.674253799021244,13070.81250416924,2010-07-07 00:00:00+00:00,1.5957000255584717,native,230.80437126116578,8.390677348511076,0.2930601329296798,2
EURNZD,-1,2010-06-29 00:00:00+00:00,2010-06-30 00:00:00+00:00,1.7592999935150146,1.832617785781622,11208.365925503951,2010-07-08 00:00:00+00:00,1.7948999404907227,native,-406.98458731882073,7.96735468654766,-0.49525205055917876,6
EURAUD,-1,2010-06-30 00:00:00+00:00,2010-07-01 00:00:00+00:00,1.4528000354766846,1.5115128755569458,13832.270329992409,2010-07-08 00:00:00+00:00,1.4625999927520752,native,-143.6209785176845,8.06532026210554,-0.17684440519045963,5
EURCAD,-1,2010-07-01 00:00:00+00:00,2010-07-02 00:00:00+00:00,1.3238999843597412,1.3732307758182287,16125.715974412122,2010-07-08 00:00:00+00:00,1.3236000537872314,native,-3.701971507145367,8.538566731480667,-0.00465367427386229,4
EURUSD,-1,2010-07-02 00:00:00+00:00,2010-07-05 00:00:00+00:00,1.2555242776870728,1.3016477338969707,17075.18604488698,2010-07-13 00:00:00+00:00,1.2590177059173584,native,-68.23819140413262,8.587254437544964,-0.08664434444851783,6
EURGBP,-1,2010-07-05 00:00:00+00:00,2010-07-06 00:00:00+00:00,0.8285999894142151,0.8535046298056841,31611.910580709522,2010-07-15 00:00:00+00:00,0.8343999981880188,native,-193.86348010557415,10.514121380760573,-0.24624361865609837,7
GBPAUD,1,2010-07-07 00:00:00+00:00,2010-07-08 00:00:00+00:00,1.7568999528884888,1.6739973369985819,9598.63724928536,2010-07-15 00:00:00+00:00,1.7304999828338623,native,-260.09859333159164,6.694857385235986,-0.32685880597248995,5
CHFJPY,-1,2010-07-01 00:00:00+00:00,2010-07-02 00:00:00+00:00,82.55000305175781,85.8717029094696,239.4841093200138,2010-07-16 00:00:00+00:00,83.80899810791016,max_hold,-309.47737710496284,7.968067444018046,-0.38903781549801936,10
USDCAD,1,2010-07-08 00:00:00+00:00,2010-07-09 00:00:00+00:00,1.0431350469589233,1.0031778998672962,19572.932876011986,2010-07-16 00:00:00+00:00,1.038100004196167,native,-106.69772881437233,8.147174791092391,-0.13642840317119798,5
AUDCHF,-1,2010-07-13 00:00:00+00:00,2010-07-14 00:00:00+00:00,0.9318000078201294,0.9766974793747067,17223.25984791904,2010-07-16 00:00:00+00:00,0.920199990272522,native,193.41062102176411,6.37949544109906,0.2501169255007639,2
NZDJPY,-1,2010-07-07 00:00:00+00:00,2010-07-08 00:00:00+00:00,61.632999420166016,65.7853479385376,191.63905279707234,2010-07-19 00:00:00+00:00,61.209999084472656,native,76.3550804898828,4.708303175236226,0.09595334645673813,7
NZDUSD,-1,2010-07-07 00:00:00+00:00,2010-07-08 00:00:00+00:00,0.7036802172660828,0.7395446123555303,22187.80311111935,2010-07-19 00:00:00+00:00,0.7084159851074219,native,-111.34254694604743,6.266262502444533,-0.13992114098950273,7
AUDUSD,-1,2010-07-08 00:00:00+00:00,2010-07-09 00:00:00+00:00,0.8774238228797913,0.9231430953368545,17106.102435812743,2010-07-19 00:00:00+00:00,0.8653513789176941,native,200.55004484133482,5.962418224908403,0.25643209726812793,6
NZDCHF,-1,2010-07-08 00:00:00+00:00,2010-07-09 00:00:00+00:00,0.7437000274658203,0.7803562916815281,21335.468157342188,2010-07-19 00:00:00+00:00,0.7426000237464905,native,17.12691284374038,6.342181482979264,0.02189922312769078,6
GBPNZD,-1,2010-07-16 00:00:00+00:00,2010-07-19 00:00:00+00:00,2.160599946975708,2.2484338879585266,8980.90811688795,2010-07-21 00:00:00+00:00,2.1326000690460205,native,243.75296399633962,7.711366974262603,0.3090062636696709,2
EURAUD,-1,2010-07-19 00:00:00+00:00,2010-07-20 00:00:00+00:00,1.4915000200271606,1.55050640553236,13329.52055089589,2010-07-21 00:00:00+00:00,1.4601000547409058,native,410.6777998096226,7.868682770929357,0.5221408667471494,1
AUDCAD,-1,2010-07-07 00:00:00+00:00,2010-07-08 00:00:00+00:00,0.9045000076293945,0.9342996934428811,26703.37338200793,2010-07-22 00:00:00+00:00,0.9176999926567078,max_hold,-362.21590621812635,9.73177739686695,-0.4551868470113716,10
EURUSD,-1,2010-07-15 00:00:00+00:00,2010-07-16 00:00:00+00:00,1.2922067642211914,1.3355906372889876,17942.872839875115,2010-07-22 00:00:00+00:00,1.2769924402236938,native,263.7689179066266,9.219762925132578,0.3388467445872353,4
EURCAD,-1,2010-07-15 00:00:00+00:00,2010-07-16 00:00:00+00:00,1.3416500091552734,1.3914597481489182,15628.094695619095,2010-07-22 00:00:00+00:00,1.3377000093460083,native,53.35634390450356,8.374627162369361,0.0685434189085089,4
EURCHF,-1,2010-07-16 00:00:00+00:00,2010-07-19 00:00:00+00:00,1.3538999557495117,1.389791871421039,21977.889414707966,2010-07-22 00:00:00+00:00,1.3406000137329102,native,280.4607703914535,11.843884471443731,0.3555408448936109,3
GBPCAD,-1,2010-07-16 00:00:00+00:00,2010-07-19 00:00:00+00:00,1.6168999671936035,1.677396984770894,13039.1312679679,2010-07-22 00:00:00+00:00,1.5906000137329102,native,334.5639428567663,8.36460265866107,0.4241275767309853,3
EURNZD,-1,2010-07-19 00:00:00+00:00,2010-07-20 00:00:00+00:00,1.8350000381469727,1.907890247181058,10790.568975564904,2010-07-22 00:00:00+00:00,1.7943999767303467,native,430.26510488818394,7.832658240090001,0.5470444102445139,2
EURGBP,-1,2010-07-19 00:00:00+00:00,2010-07-20 00:00:00+00:00,0.8496999740600586,0.8737896420061588,32649.9655364892,2010-07-26 00:00:00+00:00,0.8355000019073486,native,452.6242571776009,11.004344227485655,0.5754721147893899,4
AUDNZD,-1,2010-07-21 00:00:00+00:00,2010-07-22 00:00:00+00:00,1.2317999601364136,1.2616892736405134,27238.274504517638,2010-07-27 00:00:00+00:00,1.2288000583648682,native,68.30764818999083,13.404499749951817,0.08390228726735954,3
AUDCAD,-1,2010-07-26 00:00:00+00:00,2010-07-27 00:00:00+00:00,0.9300000071525574,0.9580487972125411,29102.96818295506,2010-07-29 00:00:00+00:00,0.9262999892234802,native,96.87673611978525,10.804767946510285,0.11867741612680002,2
AUDCHF,-1,2010-07-26 00:00:00+00:00,2010-07-27 00:00:00+00:00,0.9453999996185303,0.9881951473653316,19074.66354633874,2010-07-30 00:00:00+00:00,0.9380000233650208,native,133.9670129342748,7.185044352315577,0.16411431245584965,3
CADCHF,-1,2010-07-28 00:00:00+00:00,2010-07-29 00:00:00+00:00,1.017699956893921,1.0597083875909448,19419.802937798988,2010-07-30 00:00:00+00:00,1.0048999786376953,native,240.71735691000703,7.8556984340057845,0.29507072898101455,1
EURJPY,-1,2010-07-28 00:00:00+00:00,2010-07-29 00:00:00+00:00,113.64399719238281,118.67925453186035,162.01663407873343,2010-08-02 00:00:00+00:00,112.77999877929688,native,132.64522399715307,7.336890740397648,0.1625961810278701,2
EURCAD,-1,2010-07-28 00:00:00+00:00,2010-07-29 00:00:00+00:00,1.3485499620437622,1.397430019453168,16689.739928689414,2010-08-05 00:00:00+00:00,1.3389999866485596,native,150.41570373350743,8.970901937807486,0.18437919026932148,5
GBPUSD,-1,2010-07-26 00:00:00+00:00,2010-07-27 00:00:00+00:00,1.5489946603775024,1.5966830290853977,17117.44533947427,2010-08-06 00:00:00+00:00,1.5966830290853977,stop,-827.0722378670897,10.769193180996982,-1.0131926412024328,8
USDCHF,-1,2010-08-04 00:00:00+00:00,2010-08-05 00:00:00+00:00,1.0530999898910522,1.0893484801054,22100.439351645713,2010-08-09 00:00:00+00:00,1.0382000207901,native,320.0521336465571,9.243729810430969,0.3995120627971364,2
AUDNZD,-1,2010-07-28 00:00:00+00:00,2010-07-29 00:00:00+00:00,1.2342000007629395,1.26316430978477,28165.541434029026,2010-08-10 00:00:00+00:00,1.26316430978477,stop,-829.8633694553087,14.067923592919371,-1.0172444252591382,8
EURUSD,-1,2010-07-29 00:00:00+00:00,2010-07-30 00:00:00+00:00,1.307651162147522,1.3488227911293507,19930.378269317018,2010-08-11 00:00:00+00:00,1.3185653686523438,native,-227.99256192573336,10.468297775194955,-0.27784787956849144,8
AUDJPY,-1,2010-08-02 00:00:00+00:00,2010-08-03 00:00:00+00:00,79.01699829101562,83.5677832365036,178.1960196899923,2010-08-11 00:00:00+00:00,77.94259643554688,native,185.86021918558808,5.593915006485549,0.22919341366758356,6
EURCHF,-1,2010-07-28 00:00:00+00:00,2010-07-29 00:00:00+00:00,1.3731199502944946,1.4144195960834622,19753.085777803768,2010-08-12 00:00:00+00:00,1.3609999418258667,native,228.60610595734497,10.801460951170618,0.28022478810933066,10
EURNZD,-1,2010-07-28 00:00:00+00:00,2010-07-29 00:00:00+00:00,1.7970999479293823,1.8696426376700401,11245.72922204679,2010-08-12 00:00:00+00:00,1.8032000064849854,native,-76.69720643603976,8.097599681098277,-0.09401524220935313,10
GBPCHF,-1,2010-07-28 00:00:00+00:00,2010-07-29 00:00:00+00:00,1.6477999687194824,1.7049637716263533,14271.189185776411,2010-08-12 00:00:00+00:00,1.6562000513076782,native,-129.30956966341196,9.430401871123333,-0.15850734435850758,10
GBPNZD,-1,2010-08-02 00:00:00+00:00,2010-08-03 00:00:00+00:00,2.1666998863220215,2.2517597526311874,9533.659044367801,2010-08-13 00:00:00+00:00,2.184000015258789,native,-173.22914859995055,8.2956178932072,-0.21361741683252253,8
NZDUSD,1,2010-08-11 00:00:00+00:00,2010-08-12 00:00:00+00:00,0.7120478749275208,0.6842022789642215,29003.5240646411,2010-08-19 00:00:00+00:00,0.7137249112129211,native,40.36947519817961,8.270487062706941,0.049985704382366734,5
AUDCAD,1,2010-08-13 00:00:00+00:00,2010-08-16 00:00:00+00:00,0.9307000041007996,0.905460218898952,31941.82624577259,2010-08-24 00:00:00+00:00,0.9370999932289124,native,192.49515210970043,11.932188595312034,0.23876705290684153,6
CHFJPY,-1,2010-08-19 00:00:00+00:00,2010-08-20 00:00:00+00:00,82.64399719238281,85.52588039636612,279.81804774996397,2010-08-24 00:00:00+00:00,81.77400207519531,native,234.23891052940562,9.201424714001742,0.29047378331534673,2
GBPUSD,1,2010-08-11 00:00:00+00:00,2010-08-12 00:00:00+00:00,1.563159465789795,1.5176882361993194,17761.129837249628,2010-08-26 00:00:00+00:00,1.547173261642456,max_hold,-294.9816521474583,11.048604681794194,-0.36524789064213253,10
EURCAD,-1,2010-08-26 00:00:00+00:00,2010-08-27 00:00:00+00:00,1.3438999652862549,1.3863294161856174,19095.394108763456,2010-09-06 00:00:00+00:00,1.3393000364303589,native,77.59010207452472,10.247352301082705,0.09576576574583287,6
CHFJPY,-1,2010-08-27 00:00:00+00:00,2010-08-30 00:00:00+00:00,83.11299896240234,85.92977279424667,288.0454076768,2010-09-08 00:00:00+00:00,82.81400299072266,native,76.56551437176111,9.558902184435414,0.09436702666149756,7
EURGBP,-1,2010-09-01 00:00:00+00:00,2010-09-02 00:00:00+00:00,0.828499972820282,0.8487282935529947,40028.12986739948,2010-09-08 00:00:00+00:00,0.82600998878479,native,86.42401641841616,13.245387922006792,0.10673560458626277,4
EURUSD,-1,2010-09-03 00:00:00+00:00,2010-09-06 00:00:00+00:00,1.28940749168396,1.3259256137534976,22146.494102432815,2010-09-08 00:00:00+00:00,1.2678931951522827,native,465.13919234094766,11.327048915833249,0.5751346236894793,2
USDCHF,-1,2010-09-10 00:00:00+00:00,2010-09-13 00:00:00+00:00,1.0195200443267822,1.050877409055829,25963.572045168192,2010-09-14 00:00:00+00:00,1.0079200267791748,native,290.64997405183647,10.527917270684089,0.3569984158463597,1
GBPCAD,1,2010-09-03 00:00:00+00:00,2010-09-06 00:00:00+00:00,1.6050000190734863,1.5556169468909502,16377.036488445598,2010-09-15 00:00:00+00:00,1.5949000120162964,native,-175.88916002286481,10.480975913707116,-0.21748316961142802,7
NZDCHF,-1,2010-09-10 00:00:00+00:00,2010-09-13 00:00:00+00:00,0.7429999709129333,0.7758926739916205,24751.665934586894,2010-09-15 00:00:00+00:00,0.729200005531311,native,334.28425263360856,7.287880401170926,0.4105933572569281,2
GBPNZD,-1,2010-09-15 00:00:00+00:00,2010-09-16 00:00:00+00:00,2.1477999687194824,2.2216077614575624,11067.810681306844,2010-09-21 00:00:00+00:00,2.131200075149536,native,174.25264688383913,9.471832478169196,0.21331207691094595,3
EURUSD,-1,2010-09-14 00:00:00+00:00,2010-09-15 00:00:00+00:00,1.299106240272522,1.3366635981947184,22005.58329556262,2010-09-22 00:00:00+00:00,1.3366635981947184,stop,-838.0718986638159,11.600330545664498,-1.014035970495728,5
EURGBP,-1,2010-09-14 00:00:00+00:00,2010-09-15 00:00:00+00:00,0.8360999822616577,0.8561107409186661,41301.361047033286,2010-09-22 00:00:00+00:00,0.8561107409186661,stop,-840.4496893272976,13.978121209146371,-1.016913009168572,5
GBPJPY,-1,2010-09-15 00:00:00+00:00,2010-09-16 00:00:00+00:00,133.947998046875,139.6473252773285,143.3310711596401,2010-09-22 00:00:00+00:00,132.8800048828125,native,145.42765550119142,7.648948695059939,0.17802584804309077,4
EURCAD,-1,2010-09-16 00:00:00+00:00,2010-09-17 00:00:00+00:00,1.3413000106811523,1.3796187359839678,21077.12517138997,2010-09-22 00:00:00+00:00,1.3796187359839678,stop,-819.1183986164774,11.469829000928451,-1.0142015097066144,3
NZDJPY,-1,2010-09-10 00:00:00+00:00,2010-09-13 00:00:00+00:00,61.43000030517578,64.47409081459045,267.45236246138103,2010-09-23 00:00:00+00:00,61.7599983215332,native,-94.84824031522747,6.589491232865521,-0.11649982646243794,8
AUDCHF,-1,2010-09-10 00:00:00+00:00,2010-09-13 00:00:00+00:00,0.9469000101089478,0.9869739534333348,20316.173821450986,2010-09-23 00:00:00+00:00,0.9401000142097473,native,130.48257457428184,7.6673240990281695,0.1602686274806457,8
AUDJPY,-1,2010-09-10 00:00:00+00:00,2010-09-13 00:00:00+00:00,78.31900024414062,81.99265921115875,221.6180667826279,2010-09-24 00:00:00+00:00,80.26000213623047,native,-437.1898813343452,7.028794387971118,-0.5369898812809926,9
EURNZD,-1,2010-09-15 00:00:00+00:00,2010-09-16 00:00:00+00:00,1.7884999513626099,1.8443168886005878,14635.175580260777,2010-09-29 00:00:00+00:00,1.8443168886005878,stop,-827.5240592909618,10.633382460757904,-1.013016897808185,9
EURJPY,-1,2010-09-15 00:00:00+00:00,2010-09-16 00:00:00+00:00,111.53399658203125,116.1177909374237,178.21276730471106,2010-09-30 00:00:00+00:00,114.1240005493164,max_hold,-469.6148015667112,8.043027226643204,-0.5748808437733264,10
EURCHF,-1,2010-09-30 00:00:00+00:00,2010-10-01 00:00:00+00:00,1.3401000499725342,1.3815859081223607,18756.566067197185,2010-10-05 00:00:00+00:00,1.3286000490188599,native,205.6893977163694,10.01112994405355,0.26433732898259676,2
EURGBP,-1,2010-09-22 00:00:00+00:00,2010-09-23 00:00:00+00:00,0.8557999730110168,0.8780208621174097,35400.83622331647,2010-10-07 00:00:00+00:00,0.8776000142097473,max_hold,-784.0124499492292,12.272761811420228,-0.9966622438074765,10
EURNZD,-1,2010-09-29 00:00:00+00:00,2010-09-30 00:00:00+00:00,1.850000023841858,1.9005865696817636,15430.909278653366,2010-10-11 00:00:00+00:00,1.8476999998092651,native,24.079687464734583,11.411774720926978,0.03084780749413304,7
EURAUD,-1,2010-09-30 00:00:00+00:00,2010-10-01 00:00:00+00:00,1.4113999605178833,1.4458597358316183,22580.885457237542,2010-10-11 00:00:00+00:00,1.412500023841858,native,-37.59363633228309,12.75323241790444,-0.04831265745899925,6
AUDCHF,-1,2010-10-08 00:00:00+00:00,2010-10-11 00:00:00+00:00,0.9509999752044678,0.9849632875993848,22874.121299744424,2010-10-13 00:00:00+00:00,0.9440000057220459,native,151.4488591500819,8.669291885345288,0.19494475124362354,2
GBPCAD,1,2010-10-01 00:00:00+00:00,2010-10-04 00:00:00+00:00,1.6126999855041504,1.5645933263003826,16108.756519222392,2010-10-15 00:00:00+00:00,1.607100009918213,native,-100.58203806082737,10.373394833370444,-0.12979358135376276,9
EURCAD,1,2010-10-13 00:00:00+00:00,2010-10-14 00:00:00+00:00,1.4007999897003174,1.3633757950738072,20727.15852264824,2010-10-15 00:00:00+00:00,1.4127000570297241,native,234.99140967239038,11.663172294410359,0.30294218574926096,1
USDCAD,-1,2010-10-19 00:00:00+00:00,2010-10-20 00:00:00+00:00,1.0331300497055054,1.063943208195269,25235.07233804659,2010-10-26 00:00:00+00:00,1.0198999643325806,native,323.50048924100315,10.36167218328638,0.41603912089621947,4
AUDUSD,1,2010-10-19 00:00:00+00:00,2010-10-20 00:00:00+00:00,0.9708738327026367,0.936724609695375,22769.838226993725,2010-10-26 00:00:00+00:00,0.9888262748718262,native,399.8497930873256,8.924410884578545,0.5142284538638071,4
EURAUD,-1,2010-10-21 00:00:00+00:00,2010-10-22 00:00:00+00:00,1.4213000535964966,1.456101349554956,22569.185471440534,2010-10-26 00:00:00+00:00,1.4075000286102295,native,298.6865806821856,12.768742743389968,0.38028080866939107,2
GBPUSD,1,2010-10-19 00:00:00+00:00,2010-10-20 00:00:00+00:00,1.5698094367980957,1.5270773181691766,18196.436507284645,2010-10-27 00:00:00+00:00,1.5850121974945068,native,265.154767435645,11.481302312042665,0.3410033678903787,5
CHFJPY,1,2010-10-18 00:00:00+00:00,2010-10-19 00:00:00+00:00,84.6709976196289,82.26137095689774,323.6718820796464,2010-10-28 00:00:00+00:00,82.26137095689774,stop,-790.7346598189309,10.806262783435521,-1.0138554549680587,7
EURUSD,1,2010-10-19 00:00:00+00:00,2010-10-20 00:00:00+00:00,1.3740037679672241,1.3315757615491748,18326.863529512775,2010-11-01 00:00:00+00:00,1.3937671184539795,native,352.0553153934155,10.14491186328,0.4527621712930418,8
NZDCHF,-1,2010-10-22 00:00:00+00:00,2010-10-25 00:00:00+00:00,0.7299000024795532,0.7530552879907191,33763.223990485654,2010-11-01 00:00:00+00:00,0.7538999915122986,stop_gap,-820.3365797926265,10.019574310845632,-1.0492960244358656,5
USDCHF,-1,2010-10-19 00:00:00+00:00,2010-10-20 00:00:00+00:00,0.9707499742507935,1.0036961399018764,23601.29830244213,2010-11-03 00:00:00+00:00,0.9794600009918213,native,-214.77343681286555,9.205497475619847,-0.276210252581463,10
GBPAUD,-1,2010-10-29 00:00:00+00:00,2010-11-01 00:00:00+00:00,1.6294000148773193,1.68444599583745,13866.39137789087,2010-11-03 00:00:00+00:00,1.6043000221252441,native,339.07837302014326,8.967950062355548,0.4442332086403538,2
EURGBP,1,2010-10-29 00:00:00+00:00,2010-11-01 00:00:00+00:00,0.8705000281333923,0.8466450646519661,31997.077520886054,2010-11-03 00:00:00+00:00,0.8751000165939331,native,136.0153673767839,11.170819990320481,0.1781963931701293,2
CADCHF,-1,2010-10-22 00:00:00+00:00,2010-10-25 00:00:00+00:00,0.95169997215271,0.9813097575679421,26403.335259395688,2010-11-04 00:00:00+00:00,0.9632999897003174,native,-316.39162952725883,10.112477202907087,-0.40469788524078926,8
GBPCHF,-1,2010-10-26 00:00:00+00:00,2010-10-27 00:00:00+00:00,1.559499979019165,1.6106464248150587,15250.040255840584,2010-11-04 00:00:00+00:00,1.5653599500656128,native,-98.89564229886972,9.530847942481202,-0.12679166521450366,6
AUDNZD,1,2010-10-27 00:00:00+00:00,2010-10-28 00:00:00+00:00,1.3020999431610107,1.2755497004836798,29200.745912218747,2010-11-04 00:00:00+00:00,1.2755497004836798,stop,-790.340748787446,15.053858458957961,-1.0194171456357008,5
NZDJPY,-1,2010-10-29 00:00:00+00:00,2010-11-01 00:00:00+00:00,62.20000076293945,64.18842297792435,383.8667210720637,2010-11-04 00:00:00+00:00,64.18842297792435,stop,-772.9923777336757,9.703261960574391,-1.0127124332838762,3
EURCAD,1,2010-11-01 00:00:00+00:00,2010-11-02 00:00:00+00:00,1.4082000255584717,1.371370772831142,20523.131459762993,2010-11-04 00:00:00+00:00,1.4249999523162842,native,333.1578782454316,11.629227119544243,0.44077154870403823,2
EURCHF,-1,2010-10-22 00:00:00+00:00,2010-10-25 00:00:00+00:00,1.3624000549316406,1.3998037781566381,20901.584758670553,2010-11-05 00:00:00+00:00,1.3629800081253052,native,-23.514893310956417,11.39295247751513,-0.030078000511031065,9
EURJPY,-1,2010-11-03 00:00:00+00:00,2010-11-04 00:00:00+00:00,114.5199966430664,118.13182997703552,212.18406587012007,2010-11-09 00:00:00+00:00,112.41699981689453,native,436.591934168061,9.630482921045513,0.5696855963779298,3
GBPJPY,-1,2010-11-04 00:00:00+00:00,2010-11-05 00:00:00+00:00,131.427001953125,135.3856556415558,193.13864698003945,2010-11-10 00:00:00+00:00,130.46400451660156,native,175.8757670062224,10.11625492916075,0.2300325582636309,3
GBPNZD,-1,2010-11-11 00:00:00+00:00,2010-11-12 00:00:00+00:00,2.0697999000549316,2.138011319562793,11035.511654956359,2010-11-17 00:00:00+00:00,2.0669000148773193,native,22.87159665071741,9.130120024858368,0.03038413816306814,3
CADJPY,-1,2010-11-03 00:00:00+00:00,2010-11-04 00:00:00+00:00,80.31999969482422,82.78492349386215,310.9116323782163,2010-11-18 00:00:00+00:00,81.23200225830078,native,-293.59788507185885,10.045679328242977,-0.38310026631888394,10
EURGBP,1,2010-11-08 00:00:00+00:00,2010-11-09 00:00:00+00:00,0.8600000143051147,0.8347976179793477,30571.960284940993,2010-11-18 00:00:00+00:00,0.8511999845504761,native,-279.4971078460333,10.46294768092084,-0.36275398720964847,7
EURCAD,1,2010-11-08 00:00:00+00:00,2010-11-09 00:00:00+00:00,1.391700029373169,1.3522508228197694,19531.10662729655,2010-11-18 00:00:00+00:00,1.386199951171875,native,-118.27370595193953,10.851092143998054,-0.15350519633914167,7
AUDCAD,1,2010-11-10 00:00:00+00:00,2010-11-11 00:00:00+00:00,1.0045000314712524,0.9808771125972271,32259.037644635166,2010-11-18 00:00:00+00:00,1.00409996509552,native,-25.86485685555727,12.959100580452315,-0.033941037486581865,5
GBPAUD,-1,2010-11-11 00:00:00+00:00,2010-11-12 00:00:00+00:00,1.6159000396728516,1.6660622544586658,15006.273510734098,2010-11-18 00:00:00+00:00,1.6212999820709229,native,-90.74867435471543,9.71566178704829,-0.12055652702420597,4
EURUSD,1,2010-11-09 00:00:00+00:00,2010-11-10 00:00:00+00:00,1.3770312070846558,1.328474411740899,15841.607354542552,2010-11-19 00:00:00+00:00,1.3659336566925049,native,-184.49363038155676,8.690594471852815,-0.2398457987694146,7
AUDUSD,1,2010-11-11 00:00:00+00:00,2010-11-12 00:00:00+00:00,0.9964129328727722,0.9623257666826248,22083.03004072232,2010-11-19 00:00:00+00:00,0.9907857179641724,native,-133.0426293728741,8.776673500663023,-0.1767426076183657,5
USDCHF,-1,2010-11-11 00:00:00+00:00,2010-11-12 00:00:00+00:00,0.9763699769973755,1.008904275484383,23137.056890306845,2010-11-23 00:00:00+00:00,0.9878000020980835,native,-273.5461635224293,9.089022509712889,-0.36339677344659793,7
EURCHF,-1,2010-11-18 00:00:00+00:00,2010-11-19 00:00:00+00:00,1.359410047531128,1.3966340851038694,20247.271059731385,2010-11-23 00:00:00+00:00,1.3432300090789795,native,316.6574071369115,10.944217160614524,0.42014546139075853,2
USDJPY,-1,2010-11-10 00:00:00+00:00,2010-11-11 00:00:00+00:00,82.19999694824219,84.49958115816116,331.3871377035575,2010-11-24 00:00:00+00:00,83.25,native,-358.9231060863699,10.965600184348062,-0.4709951679419571,9
EURJPY,-1,2010-11-18 00:00:00+00:00,2010-11-19 00:00:00+00:00,114.09300231933594,117.79076325893402,203.82204014379641,2010-11-24 00:00:00+00:00,111.47699737548828,native,524.0042371746799,9.195227506606921,0.6952561255049998,3
USDCAD,-1,2010-11-17 00:00:00+00:00,2010-11-18 00:00:00+00:00,1.0232199430465698,1.0513414908200502,26712.20673165901,2010-11-25 00:00:00+00:00,1.0096999406814575,native,350.28834294879005,10.860755240608654,0.4663121138991185,5
GBPCAD,1,2010-11-23 00:00:00+00:00,2010-11-24 00:00:00+00:00,1.6138999462127686,1.5741282012313604,19205.489294699357,2010-12-01 00:00:00+00:00,1.596500039100647,native,-346.50519028054225,12.331460509927954,-0.4536383082416489,5
CADCHF,-1,2010-11-25 00:00:00+00:00,2010-11-26 00:00:00+00:00,0.9909999966621399,1.0205043181777,25633.48827860019,2010-12-01 00:00:00+00:00,0.9771999716758728,native,343.6524125662005,10.090366163666744,0.4543871644541684,3
USDJPY,-1,2010-11-26 00:00:00+00:00,2010-11-29 00:00:00+00:00,84.1729965209961,86.10424369573593,386.42777129637193,2010-12-01 00:00:00+00:00,83.66600036621094,native,182.9458642487099,12.971529900748425,0.24514125462552008,2
NZDCAD,1,2010-11-23 00:00:00+00:00,2010-11-24 00:00:00+00:00,0.7763000130653381,0.7545412937179208,35104.81523640819,2010-12-02 00:00:00+00:00,0.7545412937179208,stop,-774.583802718124,10.747980246177594,-1.0140710607305568,6
NZDJPY,1,2010-11-23 00:00:00+00:00,2010-11-24 00:00:00+00:00,63.26900100708008,60.728953182697296,300.7171027016212,2010-12-03 00:00:00+00:00,63.29100036621094,native,-0.9961678470533677,7.611751386177854,-0.0013041648712278798,7
AUDUSD,1,2010-11-23 00:00:00+00:00,2010-11-24 00:00:00+00:00,0.9746588468551636,0.9407132314518094,22501.75209362891,2010-12-03 00:00:00+00:00,0.9772304892539978,native,49.08227374096772,8.784185991065254,0.06425762224940737,7
NZDUSD,1,2010-11-23 00:00:00+00:00,2010-11-24 00:00:00+00:00,0.7604562640190125,0.7308880276978016,25832.985578649703,2010-12-03 00:00:00+00:00,0.7563723921775818,native,-113.3354449448938,7.836842560161846,-0.14837670820165846,7
EURUSD,1,2010-11-25 00:00:00+00:00,2010-11-26 00:00:00+00:00,1.3342229127883911,1.2879487499594688,16343.86520471983,2010-12-03 00:00:00+00:00,1.321300745010376,native,-219.87847245885487,8.680304142201521,-0.29072967909354214,5
GBPUSD,1,2010-11-23 00:00:00+00:00,2010-11-24 00:00:00+00:00,1.5801283121109009,1.5368879735469818,17664.8899578532,2010-12-06 00:00:00+00:00,1.5768393278121948,native,-69.25304290169844,11.153497191949002,-0.09066482726298414,8
AUDCAD,1,2010-11-23 00:00:00+00:00,2010-11-24 00:00:00+00:00,0.995199978351593,0.9708879664540291,31418.042475887523,2010-12-06 00:00:00+00:00,0.9939000010490417,native,-53.341467637564705,12.49872552831923,-0.06983368162145051,8
GBPNZD,-1,2010-12-08 00:00:00+00:00,2010-12-09 00:00:00+00:00,2.1131999492645264,2.176590086892247,11938.520662599643,2010-12-15 00:00:00+00:00,2.099600076675415,native,152.30343988241123,10.05892003141686,0.2012507475349683,4
GBPJPY,-1,2010-12-08 00:00:00+00:00,2010-12-09 00:00:00+00:00,132.7830047607422,136.84410059452057,186.3498175982416,2010-12-16 00:00:00+00:00,131.1199951171875,native,300.06588856235663,9.835655178176195,0.3965011192757225,5
NZDCAD,1,2010-12-08 00:00:00+00:00,2010-12-09 00:00:00+00:00,0.7547000050544739,0.7322530783712864,33714.39121955185,2010-12-21 00:00:00+00:00,0.7534999847412109,native,-50.62756321141508,10.169608898659167,-0.06689825883143302,8
EURNZD,-1,2010-12-08 00:00:00+00:00,2010-12-09 00:00:00+00:00,1.7719999551773071,1.820064352825284,15745.219016708823,2010-12-21 00:00:00+00:00,1.7706999778747559,native,9.312310074143205,11.156117271276884,0.012305102006531683,8
NZDUSD,1,2010-12-15 00:00:00+00:00,2010-12-16 00:00:00+00:00,0.740411639213562,0.7134233834221959,27974.977052808834,2010-12-22 00:00:00+00:00,0.7428869009017944,native,60.94634040356047,8.299048524438389,0.08072407483651886,4
USDCAD,-1,2010-12-20 00:00:00+00:00,2010-12-21 00:00:00+00:00,1.017699956893921,1.0425490643829107,30635.35948116053,2010-12-24 00:00:00+00:00,1.0090999603271484,native,251.0456375477299,12.418348812090773,0.3297758918286757,3
EURUSD,1,2010-12-20 00:00:00+00:00,2010-12-21 00:00:00+00:00,1.3119227886199951,1.2674673283472657,17124.135843852397,2010-12-28 00:00:00+00:00,1.3188958168029785,native,110.3969828124595,9.010099035959463,0.1450185066659527,5
EURGBP,-1,2010-12-15 00:00:00+00:00,2010-12-16 00:00:00+00:00,0.8497999906539917,0.8727308590896428,32924.86887609521,2010-12-30 00:00:00+00:00,0.8526999950408936,max_hold,-106.69318193695611,11.210917758111616,-0.14131625207019016,10
GBPUSD,1,2010-12-15 00:00:00+00:00,2010-12-16 00:00:00+00:00,1.555984377861023,1.515019105747342,18430.143326367946,2010-12-30 00:00:00+00:00,1.5503394603729248,native,-115.48663708252275,11.449998711353013,-0.1529632767568574,10
AUDNZD,1,2010-12-29 00:00:00+00:00,2010-12-30 00:00:00+00:00,1.326300024986267,1.3004392692819238,29504.56687326903,2011-01-06 00:00:00+00:00,1.3177000284194946,native,-269.34118909194956,15.602015277727437,-0.35299805936917883,5
EURAUD,-1,2011-01-04 00:00:00+00:00,2011-01-05 00:00:00+00:00,1.3223999738693237,1.3583941962569952,20987.53209766503,2011-01-07 00:00:00+00:00,1.3076900243759155,native,297.68571749635214,11.039819651583944,0.3940613396503699,2
EURJPY,-1,2011-01-04 00:00:00+00:00,2011-01-05 00:00:00+00:00,109.26000213623047,112.49920082092285,233.21505447063652,2011-01-07 00:00:00+00:00,108.15699768066406,native,247.09626069524631,10.140983491027885,0.3270935681130183,2
EURCHF,-1,2011-01-04 00:00:00+00:00,2011-01-05 00:00:00+00:00,1.2615000009536743,1.297945356927812,20727.74095629121,2011-01-10 00:00:00+00:00,1.2466000318527222,native,298.4452502267841,10.397449554495296,0.39506677077343333,3
AUDCAD,1,2011-01-04 00:00:00+00:00,2011-01-05 00:00:00+00:00,1.0038000345230103,0.9814098561182618,33739.342493650656,2011-01-11 00:00:00+00:00,0.9814098561182618,stop,-768.8258329761741,13.395935284425729,-1.0177328635328806,4
NZDCHF,-1,2010-12-29 00:00:00+00:00,2010-12-30 00:00:00+00:00,0.7239000201225281,0.7476800829172134,32086.138823930993,2011-01-13 00:00:00+00:00,0.7372999787330627,max_hold,-439.32978541510647,9.376853202561659,-0.5757847962186994,10
NZDJPY,-1,2010-12-29 00:00:00+00:00,2010-12-30 00:00:00+00:00,62.54899978637695,64.23732161521912,451.93421244534704,2011-01-13 00:00:00+00:00,63.310001373291016,max_hold,-355.2986505653167,11.375997713650513,-0.46565374783144703,10
GBPAUD,-1,2011-01-04 00:00:00+00:00,2011-01-05 00:00:00+00:00,1.5480999946594238,1.593427175655961,16666.156621331902,2011-01-14 00:00:00+00:00,1.593427175655961,stop,-765.9013344618772,10.471436770129166,-1.0138615598907657,7
GBPJPY,-1,2011-01-04 00:00:00+00:00,2011-01-05 00:00:00+00:00,127.9280014038086,131.51289427280426,210.72593388359394,2011-01-14 00:00:00+00:00,131.51289427280426,stop,-766.3640826975583,10.934185005810063,-1.0144741226673977,7
USDCHF,-1,2011-01-06 00:00:00+00:00,2011-01-07 00:00:00+00:00,0.9657700061798096,0.9977306528016925,23658.31404605748,2011-01-14 00:00:00+00:00,0.963699996471405,native,39.84333830678854,9.12960145303396,0.052693417871001784,5
NZDCAD,1,2011-01-07 00:00:00+00:00,2011-01-10 00:00:00+00:00,0.7526999711990356,0.732168803922832,36587.200701258436,2011-01-14 00:00:00+00:00,0.7627999782562256,native,358.4414051228417,11.089580162693332,0.4771724342557893,4
CADCHF,-1,2011-01-05 00:00:00+00:00,2011-01-06 00:00:00+00:00,0.9689000248908997,1.0011585615575314,23206.714402256053,2011-01-19 00:00:00+00:00,0.9710999727249146,native,-60.05776626085494,9.004205177009526,-0.08022520861012998,9
CADJPY,-1,2011-01-07 00:00:00+00:00,2011-01-10 00:00:00+00:00,83.68699645996094,86.00522434711456,324.0311023468386,2011-01-19 00:00:00+00:00,83.25700378417969,native,128.51199104860527,10.819009685859957,0.17108062495934404,7
AUDCAD,1,2011-01-11 00:00:00+00:00,2011-01-12 00:00:00+00:00,0.9717000126838684,0.9470059284940362,29604.07474417351,2011-01-19 00:00:00+00:00,0.9891999959945679,native,506.4606878671825,11.610126084553384,0.6927895433355619,5
AUDNZD,1,2011-01-10 00:00:00+00:00,2011-01-11 00:00:00+00:00,1.3021999597549438,1.276196625083685,28936.3104133412,2011-01-20 00:00:00+00:00,1.3027000427246094,native,-0.6046829708251344,15.075239013492325,-0.0008036288843169229,7
GBPCHF,-1,2011-01-13 00:00:00+00:00,2011-01-14 00:00:00+00:00,1.526900053024292,1.5775094646960497,14702.655458164823,2011-01-20 00:00:00+00:00,1.526900053024292,native,-8.979794159467906,8.979794159467906,-0.012068111464543027,4
EURCAD,-1,2011-01-14 00:00:00+00:00,2011-01-17 00:00:00+00:00,1.3207999467849731,1.3638058435171843,17115.747568795472,2011-01-25 00:00:00+00:00,1.3638058435171843,stop,-745.2678794439192,9.18980700570768,-1.0124848264740003,6
GBPAUD,-1,2011-01-14 00:00:00+00:00,2011-01-17 00:00:00+00:00,1.6025999784469604,1.6472231522202492,16495.42177743586,2011-01-25 00:00:00+00:00,1.6021499633789062,native,-3.1495520425706234,10.572740396326141,-0.004278828782574563,6
NZDJPY,1,2011-01-19 00:00:00+00:00,2011-01-20 00:00:00+00:00,62.810001373291016,61.103194296360016,434.270388304316,2011-01-25 00:00:00+00:00,63.095001220703125,native,112.8316315291376,10.93536287318995,0.15222508179453378,3
GBPCAD,-1,2011-01-13 00:00:00+00:00,2011-01-14 00:00:00+00:00,1.566499948501587,1.6103639649227262,16963.62539185264,2011-01-26 00:00:00+00:00,1.57669997215271,native,-183.69339340282448,10.664013197136088,-0.2468689490558207,8
EURCHF,-1,2011-01-14 00:00:00+00:00,2011-01-17 00:00:00+00:00,1.2896000146865845,1.327592228539288,19374.445387468026,2011-01-26 00:00:00+00:00,1.2893999814987183,native,-6.1178068420794425,9.993338916074478,-0.008311355916111722,7
GBPNZD,-1,2011-01-19 00:00:00+00:00,2011-01-20 00:00:00+00:00,2.0873000621795654,2.146838452666998,12449.375369255868,2011-01-26 00:00:00+00:00,2.0601999759674072,native,327.05238883057393,10.326756963778939,0.44123776255043495,4
NZDUSD,1,2011-01-20 00:00:00+00:00,2011-01-21 00:00:00+00:00,0.7552869915962219,0.7305591311305761,29489.519249490342,2011-01-26 00:00:00+00:00,0.7675186395645142,native,351.72405701927397,8.981361194669363,0.48233395924529304,3
EURNZD,-1,2011-01-20 00:00:00+00:00,2011-01-21 00:00:00+00:00,1.7821999788284302,1.8416904136538506,12257.64644922008,2011-01-27 00:00:00+00:00,1.7711999416351318,native,126.12330286017638,8.71126398354582,0.1729581778886068,4
EURAUD,-1,2011-01-14 00:00:00+00:00,2011-01-17 00:00:00+00:00,1.3501299619674683,1.3909085607156157,18050.597495620186,2011-01-31 00:00:00+00:00,1.375,max_hold,-458.7570910393421,9.838044813345903,-0.6232451532209601,10
USDCAD,-1,2011-01-19 00:00:00+00:00,2011-01-20 00:00:00+00:00,0.9952700138092041,1.0159550379030406,35833.44977974851,2011-02-02 00:00:00+00:00,0.9904000163078308,native,160.27812943229046,14.230681460670098,0.21623680374066617,9
AUDNZD,1,2011-01-26 00:00:00+00:00,2011-01-27 00:00:00+00:00,1.2914999723434448,1.2641287222504616,27165.864414375515,2011-02-02 00:00:00+00:00,1.292099952697754,native,2.261839903517515,14.03714505293199,0.0030418913647713335,4
AUDJPY,1,2011-01-28 00:00:00+00:00,2011-01-31 00:00:00+00:00,81.01000213623047,79.03855741024017,374.0377894104935,2011-02-02 00:00:00+00:00,82.29100036621094,native,466.92559698374333,12.21614919690613,0.6332097537519932,2
EURCAD,1,2011-02-03 00:00:00+00:00,2011-02-04 00:00:00+00:00,1.3499599695205688,1.3111432194709778,19256.806412288577,2011-02-09 00:00:00+00:00,1.3550000190734863,native,86.6374803782051,10.417778170668408,0.11590505514889354,3
CADCHF,-1,2011-02-03 00:00:00+00:00,2011-02-04 00:00:00+00:00,0.9544000029563904,0.98482137452811,24571.102571655498,2011-02-14 00:00:00+00:00,0.9860000014305115,stop_gap,-785.9823572793529,9.535553507566268,-1.0515002060175114,6
EURCHF,-1,2011-02-08 00:00:00+00:00,2011-02-09 00:00:00+00:00,1.312399983406067,1.3503051763400435,19515.409808188542,2011-02-15 00:00:00+00:00,1.3086999654769897,native,61.97699825345066,10.230367930134978,0.08378266125256634,4
NZDCHF,-1,2011-02-08 00:00:00+00:00,2011-02-09 00:00:00+00:00,0.7465000152587891,0.7698989585042,31614.05052384519,2011-02-15 00:00:00+00:00,0.7329999804496765,native,417.43618500608164,9.354597522871234,0.5643047496412256,4
CHFJPY,1,2011-02-02 00:00:00+00:00,2011-02-03 00:00:00+00:00,86.68000030517578,84.41541266441345,330.6637438644457,2011-02-16 00:00:00+00:00,86.62999725341797,native,-27.995662827258442,11.46146652837251,-0.037386520064655315,9
USDCHF,-1,2011-02-04 00:00:00+00:00,2011-02-07 00:00:00+00:00,0.9542999863624573,0.9837621888145804,25191.9711989472,2011-02-17 00:00:00+00:00,0.9591000080108643,native,-130.56247063105548,9.640463510063691,-0.17591019054680893,8
GBPCHF,-1,2011-02-04 00:00:00+00:00,2011-02-07 00:00:00+00:00,1.5366499423980713,1.586079377681017,15015.566157752957,2011-02-17 00:00:00+00:00,1.5432000160217285,native,-107.60220199549877,9.249138161321039,-0.14497522729768364,8
NZDUSD,1,2011-02-10 00:00:00+00:00,2011-02-11 00:00:00+00:00,0.761904776096344,0.7391904597170651,32403.791675752396,2011-02-18 00:00:00+00:00,0.7590709328651428,native,-101.68434170899738,9.857076003413566,-0.13815244626319198,5
AUDUSD,1,2011-02-10 00:00:00+00:00,2011-02-11 00:00:00+00:00,1.0015724897384644,0.9742581527680159,26946.653576383644,2011-02-18 00:00:00+00:00,1.0119102001190186,native,267.7153762926522,10.851324105126942,0.3637289037376759,5
USDJPY,-1,2011-02-14 00:00:00+00:00,2011-02-15 00:00:00+00:00,83.4000015258789,85.09669774770737,431.33846182270975,2011-02-18 00:00:00+00:00,83.28700256347656,native,34.3610954402415,14.379703189947666,0.04695098660538338,3
NZDJPY,1,2011-02-15 00:00:00+00:00,2011-02-16 00:00:00+00:00,62.941001892089844,61.49148151278496,502.3042335333821,2011-02-18 00:00:00+00:00,63.172000885009766,native,103.36235304591565,12.669419039708863,0.14196171044051242,2
CADJPY,-1,2011-02-04 00:00:00+00:00,2011-02-07 00:00:00+00:00,83.19999694824219,85.44087314605713,331.214618797398,2011-02-21 00:00:00+00:00,84.30999755859375,native,-378.74478081753904,11.096351795067179,-0.5102926303416266,10
EURNZD,-1,2011-02-10 00:00:00+00:00,2011-02-11 00:00:00+00:00,1.7853000164031982,1.8393032997846603,13629.356030302846,2011-02-23 00:00:00+00:00,1.8393032997846603,stop,-745.9101778242721,9.880201812988137,-1.013423640524169,8
AUDCHF,1,2011-02-17 00:00:00+00:00,2011-02-18 00:00:00+00:00,0.9603000283241272,0.9292918117716908,23903.536123748083,2011-02-24 00:00:00+00:00,0.9292918117716908,stop,-750.2396098559396,9.033585361774001,-1.0121876847505915,4
GBPAUD,-1,2011-02-23 00:00:00+00:00,2011-02-24 00:00:00+00:00,1.618499994277954,1.6602379521355033,17439.369145800938,2011-02-25 00:00:00+00:00,1.59660005569458,native,370.7072499033976,11.213863322430813,0.5092946484331828,1
EURAUD,-1,2011-02-22 00:00:00+00:00,2011-02-23 00:00:00+00:00,1.3667999505996704,1.4031385239213705,20136.246793177215,2011-02-28 00:00:00+00:00,1.3539199829101562,native,248.39719047695155,10.957017607254116,0.33946912537278073,3
AUDJPY,1,2011-02-22 00:00:00+00:00,2011-02-23 00:00:00+00:00,82.75810241699219,81.00961631536484,418.48916032943606,2011-03-01 00:00:00+00:00,83.37999725341797,native,246.35084914307757,13.905398765959621,0.33667251683831817,4
CADJPY,1,2011-02-23 00:00:00+00:00,2011-02-24 00:00:00+00:00,83.37000274658203,81.25876647233963,344.76655377232845,2011-03-01 00:00:00+00:00,84.25599670410156,native,293.90271576646467,11.558367630650881,0.4037770514033516,3
GBPJPY,1,2011-02-24 00:00:00+00:00,2011-02-25 00:00:00+00:00,132.40199279785156,128.88346028327942,208.8221314263215,2011-03-03 00:00:00+00:00,133.5800018310547,native,234.8857717450504,11.10858540788652,0.31968231915404705,4
EURJPY,1,2011-02-25 00:00:00+00:00,2011-02-28 00:00:00+00:00,112.08999633789062,109.2046645283699,254.53519649019637,2011-03-03 00:00:00+00:00,113.46399688720703,native,338.2492138009495,11.48228599693973,0.46056739342298625,3
NZDUSD,1,2011-02-23 00:00:00+00:00,2011-02-24 00:00:00+00:00,0.745489776134491,0.7228361014276743,32130.930804381027,2011-03-10 00:00:00+00:00,0.7363770008087158,max_hold,-302.3247052026067,9.522751774254663,-0.4153475673565888,10
EURCHF,-1,2011-03-03 00:00:00+00:00,2011-03-04 00:00:00+00:00,1.3007400035858154,1.334727168083191,21853.21521392249,2011-03-11 00:00:00+00:00,1.2862000465393066,native,306.43821900636544,11.306591532179947,0.4125842577296084,5
AUDCAD,1,2011-03-01 00:00:00+00:00,2011-03-02 00:00:00+00:00,0.9873999953269958,0.9659070842899382,34590.71457250947,2011-03-14 00:00:00+00:00,0.9825999736785889,native,-179.66492010905728,13.628741327144937,-0.2416620825933106,8
USDJPY,-1,2011-03-08 00:00:00+00:00,2011-03-09 00:00:00+00:00,82.80999755859375,84.39460122585297,467.770899076822,2011-03-14 00:00:00+00:00,81.30000305175781,native,690.9783115571086,15.353176506600391,0.9322031352286558,3
GBPUSD,1,2011-03-08 00:00:00+00:00,2011-03-09 00:00:00+00:00,1.6160310506820679,1.581199174746871,21280.263041051836,2011-03-15 00:00:00+00:00,1.6176518201828003,native,20.727676887830587,13.76272441666961,0.027963837732185096,4
EURUSD,1,2011-03-10 00:00:00+00:00,2011-03-11 00:00:00+00:00,1.3803004026412964,1.3464197413995862,21819.815139811133,2011-03-15 00:00:00+00:00,1.3990318775177002,native,396.58841578611185,12.128903313035815,0.5364596721033347,2
AUDJPY,1,2011-03-11 00:00:00+00:00,2011-03-14 00:00:00+00:00,82.04000091552734,80.0509158372879,378.84034872271883,2011-03-15 00:00:00+00:00,80.0509158372879,stop,-765.8270005648706,12.281315885484343,-1.0162980375777877,1
CADJPY,1,2011-03-11 00:00:00+00:00,2011-03-14 00:00:00+00:00,83.47000122070312,81.25869566202164,340.7695882285463,2011-03-15 00:00:00+00:00,81.25869566202164,stop,-764.7725907206164,11.226906041230228,-1.0148987729204593,1
EURAUD,-1,2011-03-03 00:00:00+00:00,2011-03-04 00:00:00+00:00,1.3779000043869019,1.4151001395657659,19965.755949567854,2011-03-16 00:00:00+00:00,1.4151001395657659,stop,-753.8816921203858,11.15287184825337,-1.015016075240176,8
EURJPY,1,2011-03-11 00:00:00+00:00,2011-03-14 00:00:00+00:00,113.26000213623047,110.17008197307587,243.87221833915166,2011-03-16 00:00:00+00:00,110.17008197307587,stop,-764.4433627304742,10.897678051087956,-1.014461867770797,2
AUDJPY,1,2011-03-15 00:00:00+00:00,2011-03-16 00:00:00+00:00,80.5,77.85216474533081,276.13189101833126,2011-03-16 00:00:00+00:00,77.85216474533081,stop,-739.8969725164029,8.745216539594907,-1.0119608774349607,0
AUDUSD,1,2011-03-10 00:00:00+00:00,2011-03-11 00:00:00+00:00,1.0019336938858032,0.977642385289073,30433.509259694256,2011-03-17 00:00:00+00:00,0.977642385289073,stop,-751.3188544958477,12.04908938716757,-1.0162986367843627,4
AUDCAD,1,2011-03-16 00:00:00+00:00,2011-03-17 00:00:00+00:00,0.972000002861023,0.9498300869017839,31830.091958811427,2011-03-21 00:00:00+00:00,0.98089998960495,native,270.85519922208834,12.432197269310812,0.3838267479713936,2
USDCAD,-1,2011-03-15 00:00:00+00:00,2011-03-16 00:00:00+00:00,0.9837999939918518,1.0051463823765516,34251.777996359626,2011-03-22 00:00:00+00:00,0.9786999821662903,native,161.2406501276961,13.44382270024595,0.22052966269947744,4
GBPAUD,-1,2011-03-16 00:00:00+00:00,2011-03-17 00:00:00+00:00,1.6330000162124634,1.6770732030272484,16011.332846595315,2011-03-22 00:00:00+00:00,1.6205999851226807,native,188.12213057242909,10.418894514211992,0.2665863745885107,3
GBPCAD,-1,2011-03-15 00:00:00+00:00,2011-03-16 00:00:00+00:00,1.5807000398635864,1.6199635062366724,18621.68126036861,2011-03-25 00:00:00+00:00,1.5740000009536743,native,113.01682528601667,11.749163726434174,0.1545736905671899,7
NZDCHF,-1,2011-03-23 00:00:00+00:00,2011-03-24 00:00:00+00:00,0.6746000051498413,0.7031824318692088,24958.893724513364,2011-03-30 00:00:00+00:00,0.7031824318692088,stop,-720.2633359615966,6.8775850842118995,-1.0096407659891626,4
GBPNZD,1,2011-03-23 00:00:00+00:00,2011-03-24 00:00:00+00:00,2.1844000816345215,2.1134315468370914,10052.141458375132,2011-03-30 00:00:00+00:00,2.1134315468370914,stop,-722.0262331761197,8.640482298735082,-1.0121119356366568,4
GBPUSD,1,2011-03-25 00:00:00+00:00,2011-03-28 00:00:00+00:00,1.6008708477020264,1.5627167290076613,18127.358086682863,2011-03-31 00:00:00+00:00,1.6070969104766846,native,101.23167332978777,11.63039605660775,0.14636609137160414,3
AUDCHF,-1,2011-03-23 00:00:00+00:00,2011-03-24 00:00:00+00:00,0.9199000000953674,0.9574640579521656,18991.179110546476,2011-04-01 00:00:00+00:00,0.9574640579521656,stop,-720.5164222938013,7.1306714164166145,-1.0099955338435715,6
NZDJPY,-1,2011-03-24 00:00:00+00:00,2011-03-25 00:00:00+00:00,60.790000915527344,63.45440149307251,265.3010446786048,2011-04-01 00:00:00+00:00,63.45440149307251,stop,-713.4606906159047,6.592433950894101,-1.009326255477926,5
EURAUD,1,2011-03-23 00:00:00+00:00,2011-03-24 00:00:00+00:00,1.3914999961853027,1.3515991140156984,17878.946832429378,2011-04-05 00:00:00+00:00,1.3716000318527222,native,-365.6706679682441,9.880263698795194,-0.5125847657014597,8
EURNZD,1,2011-03-23 00:00:00+00:00,2011-03-24 00:00:00+00:00,1.8954499959945679,1.8358008358627558,11959.694810470965,2011-04-06 00:00:00+00:00,1.8358008358627558,stop,-722.3106751194506,8.924924242065902,-1.0125106567254663,9
USDJPY,-1,2011-03-30 00:00:00+00:00,2011-03-31 00:00:00+00:00,83.14600372314453,85.42314839363098,297.90464796714866,2011-04-06 00:00:00+00:00,85.42314839363098,stop,-688.4154882154285,10.043506783893749,-1.014805308973256,4
NZDCAD,-1,2011-03-23 00:00:00+00:00,2011-03-24 00:00:00+00:00,0.7289999723434448,0.750890129711479,32589.338618420872,2011-04-07 00:00:00+00:00,0.7459999918937683,max_hold,-563.633248304604,9.613854659337044,-0.790082010485068,10
USDCHF,-1,2011-03-25 00:00:00+00:00,2011-03-28 00:00:00+00:00,0.9222000241279602,0.9473888333886862,27457.962180568036,2011-04-07 00:00:00+00:00,0.917900025844574,native,107.96411072560515,10.10507951612144,0.15610020436823138,8
EURCAD,1,2011-03-25 00:00:00+00:00,2011-03-28 00:00:00+00:00,1.3760000467300415,1.3415475832298398,20075.004855618135,2011-04-07 00:00:00+00:00,1.3758000135421753,native,-15.064147132029966,11.048479914331006,-0.021780538274607308,8
AUDCAD,1,2011-04-05 00:00:00+00:00,2011-04-06 00:00:00+00:00,0.9941999912261963,0.9732447150163352,31539.004052502292,2011-04-08 00:00:00+00:00,1.002500057220459,native,249.18102884516946,12.594786183918117,0.37702800504511963,2
CADCHF,-1,2011-03-31 00:00:00+00:00,2011-04-01 00:00:00+00:00,0.9477999806404114,0.9792230064049363,21610.101833815577,2011-04-11 00:00:00+00:00,0.9506000280380249,native,-68.71423290371006,8.204923501771477,-0.10119099997489642,6
GBPCHF,-1,2011-04-01 00:00:00+00:00,2011-04-04 00:00:00+00:00,1.4915000200271606,1.5389887876808643,14001.718184786087,2011-04-11 00:00:00+00:00,1.4881000518798828,native,39.261491733391324,8.343904102042156,0.059046555036846346,5
AUDNZD,1,2011-04-05 00:00:00+00:00,2011-04-06 00:00:00+00:00,1.3443000316619873,1.3170719249173999,24273.02593984034,2011-04-11 00:00:00+00:00,1.351199984550476,native,154.39714708309114,13.085588362873036,0.23361348421739708,3
NZDCHF,-1,2011-03-30 00:00:00+00:00,2011-03-31 00:00:00+00:00,0.6996999979019165,0.7283398965373635,23686.256367958205,2011-04-12 00:00:00+00:00,0.7091000080108643,native,-229.32488892418147,6.673839622246232,-0.3380518287919978,8
EURAUD,-1,2011-04-12 00:00:00+00:00,2011-04-13 00:00:00+00:00,1.3848299980163574,1.418014807626605,20154.596982129216,2011-04-18 00:00:00+00:00,1.3633999824523926,native,420.83543347835746,11.077893534110501,0.6292146862708877,2
EURNZD,1,2011-04-07 00:00:00+00:00,2011-04-08 00:00:00+00:00,1.837499976158142,1.782193748280406,12003.001677526134,2011-04-21 00:00:00+00:00,1.8223999738693237,native,-190.03130985128672,8.785957047951499,-0.28626038850133056,8
AUDNZD,1,2011-04-14 00:00:00+00:00,2011-04-18 00:00:00+00:00,1.3249000310897827,1.2969801519066095,23881.49099966345,2011-04-21 00:00:00+00:00,1.3413000106811523,native,378.92139854578704,12.734566460170981,0.5682954241642294,3
EURUSD,1,2011-04-18 00:00:00+00:00,2011-04-19 00:00:00+00:00,1.4222726821899414,1.3865165393799543,18387.00202458304,2011-04-21 00:00:00+00:00,1.4513999223709106,native,524.9949793783879,10.567644799609841,0.798534277362883,2
AUDJPY,1,2011-04-18 00:00:00+00:00,2011-04-19 00:00:00+00:00,86.30999755859375,82.43518149852753,169.67212379812327,2011-04-21 00:00:00+00:00,88.02860260009766,native,285.68328725234613,5.916080109783401,0.4345334837502949,2
CHFJPY,1,2011-04-18 00:00:00+00:00,2011-04-19 00:00:00+00:00,91.88500213623047,89.00815165042877,228.5305661462974,2011-04-21 00:00:00+00:00,92.75499725341797,native,190.38129995662007,8.439176718753671,0.28957609073570545,2
EURGBP,1,2011-04-18 00:00:00+00:00,2011-04-19 00:00:00+00:00,0.8743000030517578,0.8541278592310846,32591.88889803239,2011-04-21 00:00:00+00:00,0.885200023651123,native,343.78317448349907,11.469085877277063,0.5229052840290837,2
EURJPY,1,2011-04-14 00:00:00+00:00,2011-04-18 00:00:00+00:00,119.83300018310547,115.33302021026611,148.17140241713787,2011-04-27 00:00:00+00:00,119.62999725341797,native,-37.17554241802074,7.096313631436233,-0.05575481017452105,7
CADJPY,1,2011-04-12 00:00:00+00:00,2011-04-13 00:00:00+00:00,86.8489990234375,83.2951865196228,188.1997046567044,2011-04-28 00:00:00+00:00,86.41000366210938,native,-89.14025597452337,6.521458626907016,-0.13327860188370008,10
GBPJPY,1,2011-04-12 00:00:00+00:00,2011-04-13 00:00:00+00:00,135.84500122070312,130.7805528640747,132.0630434996657,2011-04-28 00:00:00+00:00,136.68600463867188,native,103.8672161542117,7.198254816362859,0.15529770695904063,10
USDJPY,1,2011-04-12 00:00:00+00:00,2011-04-13 00:00:00+00:00,83.58000183105469,81.20396447181702,281.4881933665453,2011-04-28 00:00:00+00:00,82.18900299072266,native,-400.88215407671356,9.33240353669045,-0.5993814178718607,10
AUDUSD,1,2011-05-04 00:00:00+00:00,2011-05-05 00:00:00+00:00,1.074702501296997,1.046097376383841,23642.080848920537,2011-05-10 00:00:00+00:00,1.079901933670044,native,112.73753408228228,10.187866449786707,0.16670129917385326,3
AUDNZD,1,2011-05-05 00:00:00+00:00,2011-05-06 00:00:00+00:00,1.3464000225067139,1.3171798028051853,22590.960274293408,2011-05-10 00:00:00+00:00,1.3616000413894653,native,331.1477583754955,12.23526437325252,0.5016532736475431,2
AUDJPY,1,2011-05-03 00:00:00+00:00,2011-05-04 00:00:00+00:00,87.85199737548828,84.51282024383545,204.65123957310254,2011-05-11 00:00:00+00:00,87.87300109863281,native,-2.8940297751635047,7.192467752342088,-0.004234958492092122,5
NZDJPY,1,2011-05-03 00:00:00+00:00,2011-05-04 00:00:00+00:00,64.66999816894531,62.094180047512054,265.3008508095535,2011-05-11 00:00:00+00:00,64.41200256347656,native,-75.29556655968744,6.849112923702187,-0.11018324751023699,5
CADJPY,1,2011-05-03 00:00:00+00:00,2011-05-04 00:00:00+00:00,84.98400115966797,81.83948338031769,217.32004303951055,2011-05-11 00:00:00+00:00,84.63999938964844,native,-82.13101848629462,7.372539019982282,-0.12018585889741148,5
GBPJPY,1,2011-05-03 00:00:00+00:00,2011-05-04 00:00:00+00:00,133.5399932861328,129.0047447681427,150.67900610874506,2011-05-11 00:00:00+00:00,132.60299682617188,native,-149.20612756091293,8.020432246586328,-0.21833975669810413,5
NZDUSD,1,2011-05-04 00:00:00+00:00,2011-05-05 00:00:00+00:00,0.7933988571166992,0.7683688933029771,27019.00334029039,2011-05-11 00:00:00+00:00,0.7957348227500916,native,54.52810161053327,8.587361640897758,0.08062891790169409,4
USDCAD,-1,2011-05-04 00:00:00+00:00,2011-05-05 00:00:00+00:00,0.9581000208854675,0.979106071870774,32194.755518938782,2011-05-11 00:00:00+00:00,0.9564999938011169,native,39.18446492646932,12.32801587787824,0.057940784884537404,4
EURNZD,1,2011-05-10 00:00:00+00:00,2011-05-11 00:00:00+00:00,1.8105000257492065,1.7534218467772007,12006.287072203462,2011-05-17 00:00:00+00:00,1.8142999410629272,native,36.91879631042083,8.704077796172012,0.053872694885139856,4
EURCAD,1,2011-05-11 00:00:00+00:00,2011-05-12 00:00:00+00:00,1.3640999794006348,1.324860004708171,17351.427385847634,2011-05-17 00:00:00+00:00,1.3796000480651855,native,259.42689354958094,9.52142235902427,0.3810228925027583,3
AUDNZD,1,2011-05-12 00:00:00+00:00,2011-05-13 00:00:00+00:00,1.3417999744415283,1.3094197241589427,21027.00022108079,2011-05-17 00:00:00+00:00,1.3547999858856201,native,262.01096191657797,11.34028159239308,0.38482381523554304,2
NZDCHF,-1,2011-05-12 00:00:00+00:00,2011-05-13 00:00:00+00:00,0.7020999789237976,0.7269734106957912,27372.963091373516,2011-05-17 00:00:00+00:00,0.6899999976158142,native,323.59116149427484,7.621180255464147,0.47526860873239135,2
EURJPY,1,2011-05-05 00:00:00+00:00,2011-05-06 00:00:00+00:00,116.90499877929688,112.24818933010101,141.75216522920974,2011-05-18 00:00:00+00:00,116.19300079345703,native,-107.53568536164113,6.608429230007054,-0.16290500911206335,8
EURUSD,1,2011-05-11 00:00:00+00:00,2011-05-12 00:00:00+00:00,1.4212822914123535,1.3771282276138663,15420.31498179141,2011-05-18 00:00:00+00:00,1.4268999099731445,native,77.84147432077592,8.783973334179286,0.11432655765394964,4
CHFJPY,1,2011-05-11 00:00:00+00:00,2011-05-12 00:00:00+00:00,91.44499969482422,88.72817820310593,250.61255352045973,2011-05-18 00:00:00+00:00,92.63300323486328,native,288.50214908830407,9.22645167223113,0.4237260132703971,4
AUDCAD,1,2011-05-13 00:00:00+00:00,2011-05-16 00:00:00+00:00,1.0226999521255493,0.9989628409966826,28253.92287125788,2011-05-18 00:00:00+00:00,1.0333000421524048,native,287.8761129948371,11.618013052327193,0.4292388392456562,2
GBPUSD,1,2011-05-05 00:00:00+00:00,2011-05-06 00:00:00+00:00,1.6386995315551758,1.6021594516932964,18065.44553209977,2011-05-20 00:00:00+00:00,1.6229023933410645,max_hold,-297.16679835440095,11.78445838432096,-0.4501757703121927,10
USDCAD,-1,2011-05-13 00:00:00+00:00,2011-05-16 00:00:00+00:00,0.9692000150680542,0.9940396258607507,26999.879853941606,2011-05-20 00:00:00+00:00,0.9666000008583069,native,59.746797711464424,10.453273570253998,0.08908570367828315,4
NZDCHF,-1,2011-05-24 00:00:00+00:00,2011-05-25 00:00:00+00:00,0.7013999819755554,0.7250663163140416,29401.516434085726,2011-05-26 00:00:00+00:00,0.6955999732017517,native,162.3142698527187,8.214783428112526,0.23326843539899778,1
USDJPY,-1,2011-05-18 00:00:00+00:00,2011-05-19 00:00:00+00:00,81.66999816894531,83.85620701313019,318.2486568776475,2011-05-27 00:00:00+00:00,81.2770004272461,native,114.69947076262864,10.371532689096366,0.16485540388267808,6
AUDUSD,1,2011-05-23 00:00:00+00:00,2011-05-24 00:00:00+00:00,1.0506409406661987,1.0159679157659411,20089.093807010962,2011-05-27 00:00:00+00:00,1.0630042552947998,native,239.87554401627816,8.492243323279713,0.3443768065739245,3
AUDNZD,1,2011-05-23 00:00:00+00:00,2011-05-24 00:00:00+00:00,1.3293999433517456,1.2979551777243614,22151.529384830268,2011-05-31 00:00:00+00:00,1.2979551777243614,stop,-708.1896366278819,11.639986833780334,-1.016710921952543,5
EURGBP,1,2011-05-25 00:00:00+00:00,2011-05-26 00:00:00+00:00,0.8651999831199646,0.8424743763171136,30645.87155663448,2011-05-31 00:00:00+00:00,0.8686400055885315,native,94.79547920489429,10.62700751874343,0.13611317390377192,3
CADJPY,1,2011-05-26 00:00:00+00:00,2011-05-27 00:00:00+00:00,82.97000122070312,79.77871930599213,218.89192324843614,2011-06-01 00:00:00+00:00,84.16200256347656,native,253.6026972854593,7.3167691489368,0.3630437463628223,3
GBPAUD,-1,2011-05-25 00:00:00+00:00,2011-05-26 00:00:00+00:00,1.544700026512146,1.5853746701031923,17122.363360549698,2011-06-02 00:00:00+00:00,1.5356999635696411,native,143.55360238418388,10.54874558520281,0.2061230831862552,5
EURAUD,-1,2011-05-31 00:00:00+00:00,2011-06-01 00:00:00+00:00,1.3503799438476562,1.3819671627134085,22153.969237596633,2011-06-09 00:00:00+00:00,1.3819671627134085,stop,-711.8887418021446,12.106466749037999,-1.0173003335189066,6
EURNZD,-1,2011-06-02 00:00:00+00:00,2011-06-03 00:00:00+00:00,1.776900053024292,1.8292489051818848,13352.470123602732,2011-06-09 00:00:00+00:00,1.7740999460220337,native,27.905420811308886,9.48292427923588,0.039922690112812936,4
CHFJPY,1,2011-06-09 00:00:00+00:00,2011-06-10 00:00:00+00:00,95.4280014038086,92.62220960855484,247.445977058362,2011-06-14 00:00:00+00:00,95.8010025024414,native,82.83385175234287,9.463769542695871,0.11930867372904534,2
NZDCHF,-1,2011-06-09 00:00:00+00:00,2011-06-10 00:00:00+00:00,0.6940000057220459,0.7210183972492814,25696.640434684632,2011-06-14 00:00:00+00:00,0.6830999851226807,native,273.0165414110752,7.077368661468888,0.39323586640923125,2
AUDJPY,1,2011-06-08 00:00:00+00:00,2011-06-09 00:00:00+00:00,85.02899932861328,81.771160364151,213.712950873728,2011-06-15 00:00:00+00:00,86.06999969482422,native,215.16204572900298,7.3132143945679875,0.3090332509950882,4
AUDUSD,1,2011-06-09 00:00:00+00:00,2011-06-10 00:00:00+00:00,1.0624960660934448,1.0315147247165442,22409.678256105115,2011-06-15 00:00:00+00:00,1.0690728425979614,native,137.8298907436304,9.553554684898304,0.19852151164003615,3
EURJPY,1,2011-06-10 00:00:00+00:00,2011-06-13 00:00:00+00:00,115.12799835205078,110.77113389968872,158.54687356101851,2011-06-15 00:00:00+00:00,116.3740005493164,native,190.20896919683668,7.340783629787623,0.27535899053158214,2
AUDCAD,1,2011-06-09 00:00:00+00:00,2011-06-10 00:00:00+00:00,1.0339000225067139,1.0087954122573137,27655.55351394034,2011-06-20 00:00:00+00:00,1.0394999980926514,native,143.4022194485558,11.468205045098152,0.206547543670451,6
EURCAD,1,2011-06-10 00:00:00+00:00,2011-06-13 00:00:00+00:00,1.4038000106811523,1.366626082919538,18582.035287764986,2011-06-20 00:00:00+00:00,1.4012000560760498,native,-58.73697026313556,10.424522044533095,-0.08503149408166578,5
EURGBP,1,2011-06-10 00:00:00+00:00,2011-06-13 00:00:00+00:00,0.8831999897956848,0.8623010064475238,33052.67179477074,2011-06-20 00:00:00+00:00,0.883400022983551,native,-5.066538776402387,11.678170083005973,-0.007334654137763345,5
NZDCAD,1,2011-06-14 00:00:00+00:00,2011-06-15 00:00:00+00:00,0.7926999926567078,0.7704418781213462,31736.350888912606,2011-06-20 00:00:00+00:00,0.7950000166893005,native,62.91680883070907,10.077560920586949,0.08906792296238722,3
USDJPY,-1,2011-06-15 00:00:00+00:00,2011-06-16 00:00:00+00:00,80.88999938964844,82.69470673799515,383.6302126687677,2011-06-20 00:00:00+00:00,80.05500030517578,native,307.9822034622914,12.348672892180034,0.44484225393615456,2
EURUSD,1,2011-06-10 00:00:00+00:00,2011-06-13 00:00:00+00:00,1.4333628416061401,1.3919401466846466,16676.05738256099,2011-06-21 00:00:00+00:00,1.432479977607727,native,-24.280882559056018,9.558191860522161,-0.03515059956903839,6
NZDUSD,1,2011-06-15 00:00:00+00:00,2011-06-16 00:00:00+00:00,0.8063865900039673,0.7792511619627476,25514.256226194255,2011-06-22 00:00:00+00:00,0.8124796748161316,native,147.1996933701804,8.26083373531241,0.2126117763993437,4
AUDNZD,-1,2011-06-15 00:00:00+00:00,2011-06-16 00:00:00+00:00,1.3109999895095825,1.3457145355641842,19943.80864903637,2011-06-22 00:00:00+00:00,1.3039000034332275,native,131.17055069852267,10.430213019123592,0.18945965957387442,4
CHFJPY,1,2011-06-17 00:00:00+00:00,2011-06-20 00:00:00+00:00,94.30000305175781,91.64919573068619,266.93345736191276,2011-06-22 00:00:00+00:00,95.26000213623047,native,246.1358931700827,10.119981512474366,0.3478514172287303,2
GBPUSD,1,2011-06-10 00:00:00+00:00,2011-06-13 00:00:00+00:00,1.622955083847046,1.5864267889410257,18910.470341644654,2011-06-27 00:00:00+00:00,1.5965259075164795,max_hold,-511.9645351138066,12.176379960533737,-0.7411534701658697,10
AUDCAD,1,2011-06-22 00:00:00+00:00,2011-06-23 00:00:00+00:00,1.0271999835968018,1.0034702932462096,29874.800814667942,2011-06-27 00:00:00+00:00,1.0351999998092651,native,226.67613312057156,12.322757740886143,0.3197486399392831,2
EURJPY,1,2011-06-24 00:00:00+00:00,2011-06-27 00:00:00+00:00,114.05400085449219,110.16542935371399,182.45603649259962,2011-06-28 00:00:00+00:00,115.7300033569336,native,297.41167801557435,8.385095731563112,0.4191888206949284,1
AUDUSD,1,2011-06-24 00:00:00+00:00,2011-06-27 00:00:00+00:00,1.0475152730941772,1.0160321071743965,22535.641601542313,2011-06-29 00:00:00+00:00,1.0538184642791748,native,132.5754766929707,9.47098079813506,0.18685936644721848,2
AUDJPY,1,2011-06-24 00:00:00+00:00,2011-06-27 00:00:00+00:00,84.29499816894531,81.49210351705551,253.1287942526512,2011-06-29 00:00:00+00:00,85.41480255126953,native,274.8630456507312,8.591687445833141,0.3874075043983735,2
EURUSD,1,2011-06-24 00:00:00+00:00,2011-06-27 00:00:00+00:00,1.4175951480865479,1.3744240580126643,16434.45515125595,2011-06-29 00:00:00+00:00,1.435811996459961,native,290.0051392410227,9.37883834906458,0.40874962652793617,2
USDCAD,-1,2011-06-24 00:00:00+00:00,2011-06-27 00:00:00+00:00,0.9886000156402588,1.0128831127658486,29217.580442092636,2011-06-30 00:00:00+00:00,0.9674000144004822,native,607.9828239511465,11.429917644490192,0.8569253388950898,3
USDJPY,-1,2011-06-27 00:00:00+00:00,2011-06-28 00:00:00+00:00,80.8499984741211,82.43416154384613,451.784576594793,2011-07-01 00:00:00+00:00,80.61900329589844,native,89.77021786919107,14.589840919570431,0.12542987629622054,3
EURCHF,-1,2011-06-30 00:00:00+00:00,2011-07-01 00:00:00+00:00,1.2192000150680542,1.2600513827055693,17722.04496087492,2011-07-06 00:00:00+00:00,1.2127000093460083,native,106.57374533743788,8.619648314603767,0.14720745142545943,3
AUDCHF,-1,2011-06-30 00:00:00+00:00,2011-07-01 00:00:00+00:00,0.9009000062942505,0.9338690489530563,21959.07783788512,2011-07-06 00:00:00+00:00,0.8984000086784363,native,46.99544842369282,7.9021938164986185,0.06491355041660735,3
USDCHF,-1,2011-06-30 00:00:00+00:00,2011-07-01 00:00:00+00:00,0.8410000205039978,0.8656681962311268,29348.330496489947,2011-07-06 00:00:00+00:00,0.8405799865722656,native,2.4569814874232314,9.870313160792817,0.0033937625239492566,3
CHFJPY,1,2011-07-01 00:00:00+00:00,2011-07-04 00:00:00+00:00,95.36499786376953,92.62749725580215,260.1993439593179,2011-07-06 00:00:00+00:00,96.44200134277344,native,270.25398760664984,9.981611072069578,0.37941254739439145,2
CADCHF,-1,2011-06-30 00:00:00+00:00,2011-07-01 00:00:00+00:00,0.871999979019165,0.9052356975153089,21782.883197463336,2011-07-07 00:00:00+00:00,0.8694999814033508,native,46.870178013963596,7.5869780452541375,0.06474051776492683,4
GBPCHF,-1,2011-07-01 00:00:00+00:00,2011-07-04 00:00:00+00:00,1.3617000579833984,1.4037334667518735,16945.945692978516,2011-07-07 00:00:00+00:00,1.3436000347137451,native,297.5532376783815,9.168773690811108,0.41773826500321976,3
EURJPY,1,2011-07-06 00:00:00+00:00,2011-07-07 00:00:00+00:00,116.01000213623047,112.408047914505,203.4844305538398,2011-07-11 00:00:00+00:00,112.408047914505,stop,-742.2375070573637,9.295903368558477,-1.0126830068340689,2
NZDCHF,-1,2011-06-29 00:00:00+00:00,2011-06-30 00:00:00+00:00,0.6877999901771545,0.7130157081410289,28788.59477526251,2011-07-12 00:00:00+00:00,0.6898999810218811,native,-68.38819469914219,7.932409238547974,-0.0942083363388545,8
EURCAD,1,2011-07-06 00:00:00+00:00,2011-07-07 00:00:00+00:00,1.3824000358581543,1.3496028361842036,22347.688551926814,2011-07-12 00:00:00+00:00,1.3496028361842036,stop,-745.1523935502796,12.210789861474435,-1.0166599764565403,3
EURUSD,1,2011-07-06 00:00:00+00:00,2011-07-07 00:00:00+00:00,1.4331985712051392,1.3916386561468244,17635.7820428742,2011-07-12 00:00:00+00:00,1.3916386561468244,stop,-742.9052464184405,9.963642729635263,-1.0135940471648621,3
EURUSD,1,2011-07-12 00:00:00+00:00,2011-07-13 00:00:00+00:00,1.3969016075134277,1.3514539645984769,15451.311209545729,2011-07-14 00:00:00+00:00,1.4229203462600708,native,393.3096403415951,8.71398931265272,0.5600900887978625,1
AUDUSD,1,2011-07-12 00:00:00+00:00,2011-07-13 00:00:00+00:00,1.0588958263397217,1.0297822998836637,24120.254737230243,2011-07-14 00:00:00+00:00,1.0775281190872192,native,439.1094294502054,10.30621795808326,0.6253109868325147,1
CHFJPY,1,2011-07-12 00:00:00+00:00,2011-07-13 00:00:00+00:00,95.42500305175781,92.75225526094437,262.735480254757,2011-07-14 00:00:00+00:00,97.28900146484375,native,479.6119569505414,10.126561305697344,0.6829883532059877,1
NZDUSD,1,2011-07-12 00:00:00+00:00,2011-07-13 00:00:00+00:00,0.8177283406257629,0.7928522909060121,28228.986608820942,2011-07-14 00:00:00+00:00,0.8492568731307983,native,880.6070612251727,9.411460655247296,1.2540228779779303,1
EURGBP,1,2011-07-06 00:00:00+00:00,2011-07-07 00:00:00+00:00,0.8949999809265137,0.8747060089372098,36116.222298676206,2011-07-15 00:00:00+00:00,0.8747060089372098,stop,-745.7246226754487,12.783018986643413,-1.0174407059475246,6
AUDCAD,1,2011-07-05 00:00:00+00:00,2011-07-06 00:00:00+00:00,1.0292999744415283,1.007826767861843,34022.39400761302,2011-07-20 00:00:00+00:00,1.0202000141143799,max_hold,-323.54821492974065,13.945779225849495,-0.4428709931872238,10
AUDJPY,1,2011-07-12 00:00:00+00:00,2011-07-13 00:00:00+00:00,83.98699951171875,80.98910754919052,234.2398202458903,2011-07-20 00:00:00+00:00,84.94000244140625,native,215.31734882937138,7.913886114435432,0.3066212994952847,5
NZDJPY,1,2011-07-12 00:00:00+00:00,2011-07-13 00:00:00+00:00,64.82499694824219,62.35193461179733,283.9498479559939,2011-07-20 00:00:00+00:00,67.77999877929688,native,831.5416869626541,7.530633675007988,1.1841516441995599,5
GBPAUD,-1,2011-07-15 00:00:00+00:00,2011-07-18 00:00:00+00:00,1.513200044631958,1.5520741660147905,18711.95721914713,2011-07-20 00:00:00+00:00,1.5012999773025513,native,211.392111683318,11.281439089511325,0.2906089429974579,2
EURAUD,-1,2011-07-18 00:00:00+00:00,2011-07-19 00:00:00+00:00,1.3291000127792358,1.3609938500449061,22779.150758765703,2011-07-20 00:00:00+00:00,1.318600058555603,native,227.11756840248435,12.0624718177862,0.3126125629322672,1
CADCHF,-1,2011-07-19 00:00:00+00:00,2011-07-20 00:00:00+00:00,0.8669999837875366,0.9029035894200206,20537.455319686946,2011-07-25 00:00:00+00:00,0.8562999963760376,native,212.6720741158686,7.0784392690053615,0.28842026401095705,3
NZDCHF,-1,2011-07-19 00:00:00+00:00,2011-07-20 00:00:00+00:00,0.7056999802589417,0.734261142089963,25817.181417736207,2011-07-26 00:00:00+00:00,0.6947000026702881,native,276.75754091396584,7.230876083335723,0.3753312857330773,4
GBPCHF,-1,2011-07-21 00:00:00+00:00,2011-07-22 00:00:00+00:00,1.3341000080108643,1.3757074400782585,17727.70297772789,2011-07-26 00:00:00+00:00,1.3129500150680542,native,365.5555695559116,9.385223315266167,0.49559854847071017,2
EURCHF,-1,2011-07-21 00:00:00+00:00,2011-07-22 00:00:00+00:00,1.1780600547790527,1.2235545609146357,16213.038892180628,2011-07-26 00:00:00+00:00,1.158959984779358,native,302.09213838979144,7.578039358633205,0.40955859453126037,2
EURJPY,-1,2011-07-21 00:00:00+00:00,2011-07-22 00:00:00+00:00,113.2020034790039,117.2886049747467,180.49330186100912,2011-07-28 00:00:00+00:00,112.04000091552734,native,201.60274483464943,8.130934618192175,0.27332103797280927,4
USDCAD,-1,2011-08-01 00:00:00+00:00,2011-08-02 00:00:00+00:00,0.9556999802589417,0.9800435276702046,30879.470652672622,2011-08-04 00:00:00+00:00,0.9800435276702046,stop,-763.67080483688,11.954946968839927,-1.015903544994708,2
GBPCAD,-1,2011-07-29 00:00:00+00:00,2011-08-01 00:00:00+00:00,1.565500020980835,1.6056316932663321,18699.632612972164,2011-08-05 00:00:00+00:00,1.6056316932663321,stop,-762.3073274877477,11.85979960475333,-1.0158036360492915,4
AUDUSD,1,2011-08-02 00:00:00+00:00,2011-08-03 00:00:00+00:00,1.07369863986969,1.0390124889090657,21534.818881632364,2011-08-05 00:00:00+00:00,1.0390124889090657,stop,-756.0593489394929,9.099370301491915,-1.0121818712671644,2
GBPAUD,-1,2011-08-03 00:00:00+00:00,2011-08-04 00:00:00+00:00,1.5263999700546265,1.569990144111216,17173.226099524738,2011-08-05 00:00:00+00:00,1.569990144111216,stop,-759.2189162960314,10.635001504580647,-1.0142068261078565,1
NZDJPY,1,2011-08-02 00:00:00+00:00,2011-08-03 00:00:00+00:00,66.69000244140625,64.00009673833847,277.6900237752235,2011-08-08 00:00:00+00:00,64.00009673833847,stop,-754.2182459876828,7.258267349681926,-1.0097170766269385,3
EURAUD,-1,2011-08-03 00:00:00+00:00,2011-08-04 00:00:00+00:00,1.3325999975204468,1.3712452147156,19370.674280628333,2011-08-08 00:00:00+00:00,1.3761999607086182,stop_gap,-855.0549419019005,10.49425633644697,-1.1422299157204197,2
AUDCAD,1,2011-08-04 00:00:00+00:00,2011-08-05 00:00:00+00:00,1.0225000381469727,0.9950818354263902,26052.89854091539,2011-08-09 00:00:00+00:00,0.9950818354263902,stop,-724.8364248236252,10.512771170039361,-1.0147170979377054,2
EURNZD,-1,2011-08-04 00:00:00+00:00,2011-08-05 00:00:00+00:00,1.697700023651123,1.7543915789574385,12600.177394921644,2011-08-09 00:00:00+00:00,1.7543915789574385,stop,-723.0230469688632,8.699393315277447,-1.0121785037787594,2
AUDUSD,1,2011-08-05 00:00:00+00:00,2011-08-08 00:00:00+00:00,1.0383137464523315,0.99870715290308,17936.129947270965,2011-08-09 00:00:00+00:00,0.99870715290308,stop,-717.696262979349,7.307254311229086,-1.0102862716371825,1
GBPNZD,-1,2011-08-05 00:00:00+00:00,2011-08-08 00:00:00+00:00,1.9601999521255493,2.026372043415904,10735.477673677007,2011-08-09 00:00:00+00:00,2.026372043415904,stop,-718.9485595986482,8.559550930528253,-1.012049103837595,1
EURGBP,1,2011-07-28 00:00:00+00:00,2011-07-29 00:00:00+00:00,0.8756999969482422,0.8552365875802934,36684.577910538486,2011-08-10 00:00:00+00:00,0.881600022315979,native,203.5467783831169,12.89316189377782,0.2711456954272012,8
EURUSD,1,2011-08-02 00:00:00+00:00,2011-08-03 00:00:00+00:00,1.4175951480865479,1.3703875318169594,15822.870071904026,2011-08-10 00:00:00+00:00,1.4380005598068237,native,313.83543444085615,9.036743972776726,0.4201502669702605,5
USDJPY,-1,2011-08-04 00:00:00+00:00,2011-08-05 00:00:00+00:00,79.28600311279297,81.69354391098022,296.7026162927049,2011-08-10 00:00:00+00:00,77.05000305175781,native,654.1500077298236,9.277060409954931,0.9157613700512519,3
AUDCHF,-1,2011-08-16 00:00:00+00:00,2011-08-17 00:00:00+00:00,0.8328999876976013,0.9000456761568785,10162.275822741976,2011-08-22 00:00:00+00:00,0.8196300268173218,native,131.49430945982454,3.3586931625720897,0.19270715922771633,3
NZDCHF,-1,2011-08-16 00:00:00+00:00,2011-08-17 00:00:00+00:00,0.6632999777793884,0.7206821795552969,11891.370238734171,2011-08-22 00:00:00+00:00,0.640999972820282,native,262.0756325713541,3.1019827229886743,0.3840763213488175,3
CADCHF,-1,2011-08-16 00:00:00+00:00,2011-08-17 00:00:00+00:00,0.8091999888420105,0.8659171983599663,12030.792985593815,2011-08-22 00:00:00+00:00,0.7943000197410583,native,175.40016841416752,3.8582753311321616,0.25705194636946954,3
GBPNZD,-1,2011-08-18 00:00:00+00:00,2011-08-19 00:00:00+00:00,2.0055999755859375,2.0969147589057684,7514.4765965995875,2011-08-24 00:00:00+00:00,1.9773000478744507,native,206.67326267085,5.985881802577808,0.30119271717991164,3
EURGBP,1,2011-08-18 00:00:00+00:00,2011-08-19 00:00:00+00:00,0.8676000237464905,0.8446512138471007,29900.583306443208,2011-08-24 00:00:00+00:00,0.875,native,210.8426549977946,10.42095143596837,0.3072689293987196,3
GBPJPY,-1,2011-08-17 00:00:00+00:00,2011-08-18 00:00:00+00:00,126.56999969482422,131.13500320911407,150.16284557918917,2011-08-25 00:00:00+00:00,126.06700134277344,native,67.94432567070844,7.587338194879646,0.09911732826204608,5
CHFJPY,1,2011-08-12 00:00:00+00:00,2011-08-15 00:00:00+00:00,98.12999725341797,92.10701894760132,114.07255410791959,2011-08-26 00:00:00+00:00,97.49600219726562,native,-76.78454682854255,4.46311148145079,-0.11175870505666927,9
GBPCHF,-1,2011-08-16 00:00:00+00:00,2011-08-17 00:00:00+00:00,1.307800054550171,1.3954787459224463,7782.426901581724,2011-08-26 00:00:00+00:00,1.2920000553131104,native,118.9157882447237,4.046550862747026,0.17427312127880998,7
USDJPY,-1,2011-08-25 00:00:00+00:00,2011-08-26 00:00:00+00:00,77.41000366210938,79.40140277147293,348.27545195757455,2011-08-29 00:00:00+00:00,76.697998046875,native,237.23967065298785,10.734406789095042,0.3420630308056541,1
EURCHF,-1,2011-08-15 00:00:00+00:00,2011-08-16 00:00:00+00:00,1.1324000358581543,1.213407201692462,8478.61782081821,2011-08-30 00:00:00+00:00,1.1862000226974487,max_hold,-460.0812319305909,3.9317047551639357,-0.6698630459680163,10
USDCHF,-1,2011-08-15 00:00:00+00:00,2011-08-16 00:00:00+00:00,0.7841500043869019,0.8326579164713621,14159.108696759718,2011-08-30 00:00:00+00:00,0.8165000081062317,max_hold,-462.5799745050443,4.532755502472016,-0.6735011324532868,10
GBPUSD,1,2011-08-25 00:00:00+00:00,2011-08-26 00:00:00+00:00,1.62839937210083,1.584975654259324,15971.81124317683,2011-08-30 00:00:00+00:00,1.641497015953064,native,198.7478617592866,10.445233578948498,0.28656377650669496,2
EURJPY,-1,2011-08-24 00:00:00+00:00,2011-08-25 00:00:00+00:00,111.05999755859375,115.32266354560852,162.75795986788933,2011-08-31 00:00:00+00:00,110.69000244140625,native,53.001334914377246,7.218315520140893,0.07639470654738205,4
USDCHF,-1,2011-08-30 00:00:00+00:00,2011-08-31 00:00:00+00:00,0.8194000124931335,0.862894264049828,15690.779557671965,2011-09-01 00:00:00+00:00,0.806410014629364,native,198.7211475873911,5.102045347646358,0.29118413135208204,1
NZDCHF,-1,2011-08-26 00:00:00+00:00,2011-08-29 00:00:00+00:00,0.6786999702453613,0.728590901941061,13877.938196466705,2011-09-02 00:00:00+00:00,0.6769000291824341,native,21.21688422634906,3.762586602237849,0.030643265440830854,4
AUDCHF,-1,2011-08-26 00:00:00+00:00,2011-08-29 00:00:00+00:00,0.8546000123023987,0.9137878101319075,11698.074468515977,2011-09-02 00:00:00+00:00,0.8522999882698059,native,22.91236374924596,3.9934886634007225,0.03309202410470198,4
CHFJPY,1,2011-08-29 00:00:00+00:00,2011-08-30 00:00:00+00:00,94.19000244140625,88.94483399391174,130.03111850056843,2011-09-02 00:00:00+00:00,96.62000274658203,native,311.0134099595908,4.962247679138676,0.4560079105334946,3
CADCHF,-1,2011-08-30 00:00:00+00:00,2011-08-31 00:00:00+00:00,0.8367000222206116,0.886370699852705,13739.669876399494,2011-09-02 00:00:00+00:00,0.814300000667572,native,303.2320623069146,4.53683905608233,0.44432294062769273,2
CADJPY,-1,2011-08-24 00:00:00+00:00,2011-08-25 00:00:00+00:00,77.99600219726562,81.02052116394043,229.3861692682723,2011-09-05 00:00:00+00:00,77.9020004272461,native,14.41053680549504,7.152169123722361,0.02077096232056247,7
AUDJPY,-1,2011-08-26 00:00:00+00:00,2011-08-29 00:00:00+00:00,81.0999984741211,84.90909218788147,181.77112947781333,2011-09-05 00:00:00+00:00,81.55989837646484,native,-89.5098993300146,5.913374634255124,-0.12927796444990414,5
GBPCAD,1,2011-08-24 00:00:00+00:00,2011-08-25 00:00:00+00:00,1.6160999536514282,1.5709477420896292,15365.422769938928,2011-09-08 00:00:00+00:00,1.572700023651123,max_hold,-676.6577245964498,9.799451956005072,-0.9753163460330634,10
EURCAD,1,2011-08-30 00:00:00+00:00,2011-08-31 00:00:00+00:00,1.4122999906539917,1.3750270390883088,18309.757734087318,2011-09-08 00:00:00+00:00,1.3750270390883088,stop,-692.6657697300752,10.207056528050945,-1.0149562989388188,6
EURGBP,1,2011-09-02 00:00:00+00:00,2011-09-05 00:00:00+00:00,0.8752300143241882,0.855882522650063,35844.98241083788,2011-09-08 00:00:00+00:00,0.8809999823570251,native,194.23399598005125,12.590406668084793,0.28007362012448994,3
AUDUSD,1,2011-09-05 00:00:00+00:00,2011-09-06 00:00:00+00:00,1.0515689849853516,1.014026379212737,18370.97972234392,2011-09-08 00:00:00+00:00,1.0648607015609741,native,236.40567831484273,7.77617737106185,0.34276871233323375,2
AUDCAD,1,2011-09-06 00:00:00+00:00,2011-09-07 00:00:00+00:00,1.0382000207901,1.0129370484501123,26964.254111548562,2011-09-08 00:00:00+00:00,1.0473999977111816,native,236.82318574564107,11.24732977478379,0.3476573064793034,1
EURUSD,1,2011-09-01 00:00:00+00:00,2011-09-02 00:00:00+00:00,1.4262080192565918,1.3814149415120482,15378.708371943883,2011-09-09 00:00:00+00:00,1.3814149415120482,stop,-697.4952026615521,8.635522946406912,-1.0125359680653363,5
NZDCAD,1,2011-09-05 00:00:00+00:00,2011-09-06 00:00:00+00:00,0.8202000260353088,0.7922595022246242,24684.377932417563,2011-09-09 00:00:00+00:00,0.8255000114440918,native,122.7022265289901,8.124616337707055,0.17790809631801488,3
GBPUSD,1,2011-09-01 00:00:00+00:00,2011-09-02 00:00:00+00:00,1.6189088821411133,1.5777632817626,16742.000927877452,2011-09-13 00:00:00+00:00,1.5777632817626,stop,-699.5634173819843,10.7037376668392,-1.0155383425420768,7
AUDNZD,-1,2011-09-05 00:00:00+00:00,2011-09-06 00:00:00+00:00,1.2694000005722046,1.3017013994976878,21351.844573782175,2011-09-13 00:00:00+00:00,1.2553999423980713,native,288.1452389655638,10.781827192439085,0.4177868028772181,5
GBPCHF,-1,2011-09-08 00:00:00+00:00,2011-09-09 00:00:00+00:00,1.3964999914169312,1.4892203751951456,7421.962516941814,2011-09-15 00:00:00+00:00,1.3813999891281128,native,107.94815708706172,4.123493906283743,0.1568632667386209,4
USDCHF,-1,2011-09-08 00:00:00+00:00,2011-09-09 00:00:00+00:00,0.8744999766349792,0.929678900167346,12471.55922776753,2011-09-16 00:00:00+00:00,0.8705999851226807,native,44.28615162713535,4.352823506287102,0.06435376576101796,5
EURCAD,1,2011-09-08 00:00:00+00:00,2011-09-09 00:00:00+00:00,1.3736000061035156,1.3357666321098804,18189.422203637983,2011-09-16 00:00:00+00:00,1.3653000593185425,native,-160.93503827231092,9.963801932706701,-0.23386036887817716,5
NZDUSD,1,2011-09-05 00:00:00+00:00,2011-09-06 00:00:00+00:00,0.8279516100883484,0.7927909679710865,19615.52485510643,2011-09-19 00:00:00+00:00,0.8259684443473816,native,-45.38933887095837,6.488501987228608,-0.06581079333354735,9
EURNZD,-1,2011-09-15 00:00:00+00:00,2011-09-16 00:00:00+00:00,1.684499979019165,1.7399687431752682,12277.274285061194,2011-09-19 00:00:00+00:00,1.6586999893188477,native,308.5444735023315,8.209076600218737,0.45307210443563883,1
NZDCAD,1,2011-09-14 00:00:00+00:00,2011-09-15 00:00:00+00:00,0.8101999759674072,0.7832740731537342,25204.705707204434,2011-09-20 00:00:00+00:00,0.8126999735832214,native,54.830761051177774,8.180943124132103,0.08079274596502677,3
AUDCAD,1,2011-09-12 00:00:00+00:00,2011-09-13 00:00:00+00:00,1.0271999835968018,0.9998744037002325,24902.488026576746,2011-09-21 00:00:00+00:00,1.017799973487854,native,-244.26875657690192,10.18511738913012,-0.35896804889385764,6
CADCHF,-1,2011-09-08 00:00:00+00:00,2011-09-09 00:00:00+00:00,0.8842999935150146,0.9439684208482504,11533.188383114188,2011-09-23 00:00:00+00:00,0.8823000192642212,native,18.99117364677963,4.074906148998972,0.0275967428979046,10
EURAUD,-1,2011-09-15 00:00:00+00:00,2011-09-16 00:00:00+00:00,1.3421000242233276,1.383680796250701,16377.888110146969,2011-09-23 00:00:00+00:00,1.383680796250701,stop,-689.9337384559508,8.928506658101648,-1.0131107754261013,5
GBPNZD,-1,2011-09-21 00:00:00+00:00,2011-09-22 00:00:00+00:00,1.937999963760376,2.0098473969846964,9492.036094655596,2011-09-26 00:00:00+00:00,2.0098473969846964,stop,-689.4730514024836,7.494621928876612,-1.0109895292944404,2
EURCHF,-1,2011-09-20 00:00:00+00:00,2011-09-21 00:00:00+00:00,1.215000033378601,1.267953746020794,12942.439937624,2011-09-28 00:00:00+00:00,1.2177000045776367,native,-41.241229902334325,6.297014825500846,-0.060175406928652635,5
EURNZD,-1,2011-09-21 00:00:00+00:00,2011-09-22 00:00:00+00:00,1.6972999572753906,1.756286209449172,11561.650458218759,2011-09-29 00:00:00+00:00,1.756286209449172,stop,-689.9642606910088,7.9858312174018025,-1.011709800299059,5
NZDUSD,1,2011-09-21 00:00:00+00:00,2011-09-22 00:00:00+00:00,0.7998719811439514,0.7619667686522007,17991.67936657855,2011-09-30 00:00:00+00:00,0.7619667686522007,stop,-687.598449875333,5.620020401726055,-1.0082407597642993,6
GBPCHF,-1,2011-09-26 00:00:00+00:00,2011-09-27 00:00:00+00:00,1.402649998664856,1.4662674479186535,10434.976961265887,2011-09-30 00:00:00+00:00,1.3997000455856323,native,24.934200788682713,5.8484916298312575,0.037560183540852964,3
NZDCHF,1,2011-09-23 00:00:00+00:00,2011-09-26 00:00:00+00:00,0.7002999782562256,0.6560264304280281,14947.672981392723,2011-10-05 00:00:00+00:00,0.6977999806404114,native,-41.54881501162939,4.179668196177108,-0.06278280697945827,7
GBPNZD,-1,2011-09-26 00:00:00+00:00,2011-09-27 00:00:00+00:00,1.9954999685287476,2.076471069827676,8198.562285167605,2011-10-06 00:00:00+00:00,2.019200086593628,native,-200.889847812385,6.582953691637323,-0.3026148549646709,7
NZDCAD,1,2011-09-23 00:00:00+00:00,2011-09-26 00:00:00+00:00,0.7962999939918518,0.7674735309556127,22957.60370705147,2011-10-10 00:00:00+00:00,0.7985000014305115,max_hold,43.18434167193118,7.322557257382822,0.06525418804278692,10
GBPCHF,-1,2011-09-30 00:00:00+00:00,2011-10-03 00:00:00+00:00,1.4163999557495117,1.4718826282769442,11783.999340815499,2011-10-11 00:00:00+00:00,1.4154000282287598,native,5.109159416500034,6.673985828904258,0.007814467187786042,6
CADCHF,-1,2011-10-05 00:00:00+00:00,2011-10-06 00:00:00+00:00,0.8859999775886536,0.9242906011641026,17081.26027754304,2011-10-11 00:00:00+00:00,0.879800021648407,native,99.87064324764025,6.032417877010706,0.15269523957682404,3
EURCHF,-1,2011-10-05 00:00:00+00:00,2011-10-06 00:00:00+00:00,1.232100009918213,1.2700402420014143,17239.01177112886,2011-10-20 00:00:00+00:00,1.2425999641418457,max_hold,-189.54111085408695,8.532276396566726,-0.28979512287466935,10
AUDCHF,-1,2011-10-05 00:00:00+00:00,2011-10-06 00:00:00+00:00,0.8902900218963623,0.9352688761427999,14541.324327608292,2011-10-20 00:00:00+00:00,0.9240000247955322,max_hold,-495.46452124010534,5.276435998659686,-0.7575306547788947,10
GBPAUD,1,2011-10-06 00:00:00+00:00,2011-10-07 00:00:00+00:00,1.5845999717712402,1.523194596171379,10643.242406452542,2011-10-21 00:00:00+00:00,1.5434999465942383,max_hold,-444.09615601068793,6.658625140553639,-0.6795112765464365,10
EURAUD,1,2011-10-10 00:00:00+00:00,2011-10-11 00:00:00+00:00,1.3653000593185425,1.3195421323180199,14272.750694273433,2011-10-25 00:00:00+00:00,1.3301000595092773,max_hold,-510.0949764995826,7.694154783468893,-0.7810467426249995,10
AUDNZD,-1,2011-10-10 00:00:00+00:00,2011-10-11 00:00:00+00:00,1.2728999853134155,1.3034063940867782,21408.337153584718,2011-10-25 00:00:00+00:00,1.3000999689102173,max_hold,-593.3231495155416,11.016730103235517,-0.9084839776960605,10
NZDUSD,-1,2011-10-10 00:00:00+00:00,2011-10-11 00:00:00+00:00,0.7836990356445312,0.823211494833231,16528.748090475765,2011-10-25 00:00:00+00:00,0.8047642111778259,max_hold,-353.4320416430224,5.251061771541194,-0.5411677385237135,10
AUDJPY,-1,2011-10-10 00:00:00+00:00,2011-10-11 00:00:00+00:00,76.53500366210938,80.8443329334259,151.55293161566613,2011-10-25 00:00:00+00:00,79.6771011352539,max_hold,-480.9289639644093,4.734880487178813,-0.7363883551962898,10
CADJPY,-1,2011-10-10 00:00:00+00:00,2011-10-11 00:00:00+00:00,74.64399719238281,77.7661281824112,209.1813208513988,2011-10-25 00:00:00+00:00,75.8489990234375,max_hold,-258.3599393938356,6.296064745461971,-0.39559532711554296,10
EURUSD,-1,2011-10-11 00:00:00+00:00,2011-10-12 00:00:00+00:00,1.3644053936004639,1.4138356670737267,13194.850943957044,2011-10-26 00:00:00+00:00,1.390395164489746,max_hold,-350.2009895005389,7.269836548866,-0.536932716248401,10
EURJPY,-1,2011-10-11 00:00:00+00:00,2011-10-12 00:00:00+00:00,104.61000061035156,108.73258376121521,158.20786791458664,2011-10-26 00:00:00+00:00,105.81900024414062,max_hold,-197.9315590858008,6.658304714517188,-0.3034712431932074,10
USDCAD,1,2011-10-24 00:00:00+00:00,2011-10-25 00:00:00+00:00,1.0033999681472778,0.968119191005826,17470.068582087362,2011-10-26 00:00:00+00:00,1.0164999961853027,native,221.80083007039318,7.057558181169201,0.3598573805292298,1
GBPNZD,-1,2011-10-25 00:00:00+00:00,2011-10-26 00:00:00+00:00,2.0060999393463135,2.0773855447769165,8678.011660061557,2011-10-28 00:00:00+00:00,1.9566999673843384,native,421.815687933314,6.877844759419889,0.6818685439650025,2
CHFJPY,-1,2011-10-25 00:00:00+00:00,2011-10-26 00:00:00+00:00,86.62999725341797,90.49475109577179,160.06642087832245,2011-10-31 00:00:00+00:00,90.49475109577179,stop,-624.2876600247662,5.670344903445672,-1.0091661593764694,3
USDCHF,1,2011-10-21 00:00:00+00:00,2011-10-24 00:00:00+00:00,0.8834999799728394,0.8463573390617967,16866.80147355729,2011-11-01 00:00:00+00:00,0.8772600293159485,native,-111.18768683842228,5.939677903850575,-0.17748072019264421,6
NZDCHF,1,2011-10-25 00:00:00+00:00,2011-10-26 00:00:00+00:00,0.6996999979019165,0.6705984408035874,21257.18953907246,2011-11-01 00:00:00+00:00,0.7085000276565552,native,181.07702547338693,5.986874970444623,0.29271250746978345,4
GBPUSD,-1,2011-10-21 00:00:00+00:00,2011-10-24 00:00:00+00:00,1.5941334962844849,1.6376965660601854,14380.932144493467,2011-11-02 00:00:00+00:00,1.5940066576004028,native,-7.34562693495017,9.169685444030705,-0.011725283579071002,7
AUDJPY,-1,2011-10-27 00:00:00+00:00,2011-10-28 00:00:00+00:00,81.19000244140625,85.33893096446991,148.80364911630627,2011-11-03 00:00:00+00:00,80.06999969482422,native,161.861280356817,4.799215354874888,0.262176304100695,4
NZDJPY,-1,2011-10-27 00:00:00+00:00,2011-10-28 00:00:00+00:00,62.369998931884766,65.56568431854248,193.19038937068112,2011-11-03 00:00:00+00:00,61.071998596191406,native,245.99162874244618,4.769561513428739,0.3984472130779646,4
USDJPY,-1,2011-10-31 00:00:00+00:00,2011-11-01 00:00:00+00:00,78.3239974975586,80.56695240736008,272.800361244907,2011-11-09 00:00:00+00:00,77.71700286865234,native,157.07474578555946,8.5136082537838,0.2567088737793525,6
EURJPY,-1,2011-10-27 00:00:00+00:00,2011-10-28 00:00:00+00:00,107.62999725341797,111.94467377662659,143.0873672299046,2011-11-10 00:00:00+00:00,105.19000244140625,native,343.04206301534253,6.0903706900403,0.5556455505243529,9
GBPJPY,-1,2011-10-31 00:00:00+00:00,2011-11-01 00:00:00+00:00,125.86699676513672,130.5541226863861,130.54458530245358,2011-11-10 00:00:00+00:00,123.71199798583984,native,274.8071846966103,6.5162372739938945,0.4491202104904306,7
CADJPY,-1,2011-10-31 00:00:00+00:00,2011-11-01 00:00:00+00:00,78.38999938964844,82.08371126651764,165.65420640456458,2011-11-10 00:00:00+00:00,75.94999694824219,native,399.0832541343851,5.113413921967336,0.6522258699237418,7
EURAUD,-1,2011-11-10 00:00:00+00:00,2011-11-11 00:00:00+00:00,1.3401999473571777,1.3789982376620173,16244.499420917167,2011-11-16 00:00:00+00:00,1.3312000036239624,native,137.5204697711533,8.679110991350257,0.21819682456376477,3
GBPAUD,-1,2011-11-02 00:00:00+00:00,2011-11-03 00:00:00+00:00,1.5514800548553467,1.6088254041969776,10973.31037679971,2011-11-17 00:00:00+00:00,1.5622999668121338,max_hold,-125.56394707603833,6.833694924567078,-0.1995395981102444,10
GBPCAD,1,2011-11-16 00:00:00+00:00,2011-11-17 00:00:00+00:00,1.6096999645233154,1.5668677994981408,14646.189266396683,2011-11-18 00:00:00+00:00,1.6207000017166138,native,151.64601680810813,9.462609862342292,0.24173322067574243,1
EURCHF,-1,2011-11-04 00:00:00+00:00,2011-11-07 00:00:00+00:00,1.2278000116348267,1.2543665878474712,23625.6864710671,2011-11-21 00:00:00+00:00,1.2402000427246094,max_hold,-304.6208858576655,11.661639098974518,-0.48533281057563515,10
EURNZD,-1,2011-11-10 00:00:00+00:00,2011-11-11 00:00:00+00:00,1.7497999668121338,1.8001703210175037,12512.49498504324,2011-11-21 00:00:00+00:00,1.8001703210175037,stop,-639.1426014742474,8.88379708470417,-1.0140954747840594,6
AUDCAD,1,2011-11-09 00:00:00+00:00,2011-11-10 00:00:00+00:00,1.0377000570297241,1.0059721088036895,19912.93508525183,2011-11-24 00:00:00+00:00,1.0159000158309937,max_hold,-442.2814462345241,8.17864098838878,-0.7000377413335975,10
NZDCAD,1,2011-11-10 00:00:00+00:00,2011-11-11 00:00:00+00:00,0.7896999716758728,0.7657123254612088,26274.30798125817,2011-11-25 00:00:00+00:00,0.7767000198364258,max_hold,-349.79595353092157,8.231215159766863,-0.5550036764178603,10
EURAUD,-1,2011-11-17 00:00:00+00:00,2011-11-18 00:00:00+00:00,1.3473000526428223,1.381984904408455,18042.483402488582,2011-11-28 00:00:00+00:00,1.3544000387191772,native,-137.85045675191492,9.749075811380152,-0.22027847044737187,6
NZDCHF,1,2011-11-17 00:00:00+00:00,2011-11-18 00:00:00+00:00,0.6987000107765198,0.6746590165421367,26030.57328653203,2011-11-28 00:00:00+00:00,0.6951000094413757,native,-100.96638130069053,7.256282714610352,-0.1613394729590788,6
AUDCHF,1,2011-11-18 00:00:00+00:00,2011-11-21 00:00:00+00:00,0.9159799814224243,0.8850695509463549,20045.275047274758,2011-11-28 00:00:00+00:00,0.9115200042724609,native,-96.72801664800544,7.326547972428933,-0.15611161257809697,5
GBPCHF,1,2011-11-22 00:00:00+00:00,2011-11-23 00:00:00+00:00,1.4289000034332275,1.387564642354846,14703.767009459054,2011-11-28 00:00:00+00:00,1.436400055885315,native,101.8528829173334,8.426140896881812,0.167580305566667,3
EURCHF,1,2011-11-22 00:00:00+00:00,2011-11-23 00:00:00+00:00,1.2347099781036377,1.2108898665755987,25515.645375251566,2011-11-28 00:00:00+00:00,1.234879970550537,native,-8.2651692788724,12.60263627042913,-0.013598825616333651,3
EURGBP,-1,2011-11-21 00:00:00+00:00,2011-11-22 00:00:00+00:00,0.8621000051498413,0.882132463157177,30541.85494702542,2011-11-29 00:00:00+00:00,0.859000027179718,native,84.16595999513382,10.513117507346033,0.13756464447090072,5
EURNZD,1,2011-11-25 00:00:00+00:00,2011-11-28 00:00:00+00:00,1.773800015449524,1.7287094974890351,13656.522360664456,2011-11-30 00:00:00+00:00,1.7287094974890351,stop,-625.3460866777345,9.56641989637708,-1.0155354592112145,2
USDJPY,-1,2011-11-23 00:00:00+00:00,2011-11-24 00:00:00+00:00,77.25299835205078,78.71664699912071,411.204854579296,2011-12-01 00:00:00+00:00,77.56300354003906,native,-140.20785655446548,12.732218308916964,-0.2329578133722746,5
GBPCAD,1,2011-11-25 00:00:00+00:00,2011-11-28 00:00:00+00:00,1.611899971961975,1.5745015488937497,16465.39121871529,2011-12-06 00:00:00+00:00,1.5745015488937497,stop,-626.2727363055172,10.493069524159779,-1.017040298811759,6
EURUSD,-1,2011-11-30 00:00:00+00:00,2011-12-01 00:00:00+00:00,1.3442305326461792,1.3911969680339098,12490.541506413367,2011-12-06 00:00:00+00:00,1.3384730815887451,native,65.21199723542264,6.701684168601295,0.1111625843325337,3
GBPNZD,1,2011-11-28 00:00:00+00:00,2011-11-29 00:00:00+00:00,2.0520999431610107,1.9950629975646734,10710.758881659554,2011-12-07 00:00:00+00:00,1.9950629975646734,stop,-619.5786089112829,8.669637282580204,-1.0141913733227172,6
GBPAUD,1,2011-11-28 00:00:00+00:00,2011-11-29 00:00:00+00:00,1.5642999410629272,1.5168125089257956,12864.64532056718,2011-12-07 00:00:00+00:00,1.5168125089257956,stop,-618.8364554010805,7.927483772377741,-1.0129765384706053,6
GBPJPY,-1,2011-11-29 00:00:00+00:00,2011-11-30 00:00:00+00:00,121.57599639892578,125.0112566947937,176.04450930141033,2011-12-07 00:00:00+00:00,121.3030014038086,native,39.507767159586045,8.55150279756014,0.06532814873638013,5
AUDJPY,-1,2011-11-28 00:00:00+00:00,2011-11-29 00:00:00+00:00,77.29000091552734,80.8710925579071,170.5929455697292,2011-12-09 00:00:00+00:00,79.03299713134766,native,-302.6763787131,5.333520139421487,-0.4954525023689784,8
NZDJPY,-1,2011-11-28 00:00:00+00:00,2011-11-29 00:00:00+00:00,58.900001525878906,61.43512123823166,240.97835248251067,2011-12-09 00:00:00+00:00,59.95899963378906,native,-260.92410858172025,5.728489255434722,-0.4271079992262813,8
CADJPY,-1,2011-11-28 00:00:00+00:00,2011-11-29 00:00:00+00:00,75.41600036621094,78.08582007884979,228.82030900314206,2011-12-09 00:00:00+00:00,75.94000244140625,native,-126.82898223086296,6.926665466383881,-0.20760700549663377,8
NZDUSD,-1,2011-11-29 00:00:00+00:00,2011-11-30 00:00:00+00:00,0.7633588314056396,0.795000096783042,19112.974967827766,2011-12-09 00:00:00+00:00,0.7726184129714966,native,-182.84956960536965,5.871418924586655,-0.30235127769462733,7
USDCAD,1,2011-12-01 00:00:00+00:00,2011-12-02 00:00:00+00:00,1.0140999555587769,0.9806002294644713,17399.33620701844,2011-12-09 00:00:00+00:00,1.0225000381469727,native,139.06876351680077,7.087097601939595,0.2385918788396693,5
AUDUSD,-1,2011-12-07 00:00:00+00:00,2011-12-08 00:00:00+00:00,1.0278654098510742,1.0715668369084597,13186.618146096695,2011-12-09 00:00:00+00:00,1.0179048776626587,native,125.9503761813256,5.395358319214809,0.21855986804208075,1
USDJPY,-1,2011-12-14 00:00:00+00:00,2011-12-15 00:00:00+00:00,78.0999984741211,79.3291245996952,476.8059930352453,2011-12-16 00:00:00+00:00,77.81500244140625,native,121.01957502158248,14.86824136812384,0.20649876953285395,1
AUDCHF,1,2011-12-15 00:00:00+00:00,2011-12-16 00:00:00+00:00,0.9337400197982788,0.903294307179749,19291.3567600879,2011-12-21 00:00:00+00:00,0.9386399984359741,native,87.3030858321464,7.224150184443372,0.14864170501610008,3
NZDCHF,1,2011-12-15 00:00:00+00:00,2011-12-16 00:00:00+00:00,0.7098000049591064,0.6879538958892226,26885.295777857787,2011-12-21 00:00:00+00:00,0.7150999903678894,native,134.82990376781348,7.661771565646893,0.229560577294336,3
GBPUSD,-1,2011-12-20 00:00:00+00:00,2011-12-21 00:00:00+00:00,1.567103385925293,1.6047737710177898,15671.673396291138,2011-12-26 00:00:00+00:00,1.5596973896026611,native,106.26391543655056,9.800440105868788,0.17999912002165333,3
AUDNZD,1,2011-12-16 00:00:00+00:00,2011-12-19 00:00:00+00:00,1.3075000047683716,1.2836188087239861,24612.64456218591,2011-12-27 00:00:00+00:00,1.3114999532699585,native,85.55720772149138,12.892103015115445,0.1455600675744423,6
GBPNZD,1,2011-12-22 00:00:00+00:00,2011-12-23 00:00:00+00:00,2.025099992752075,1.9645725823938847,9671.404338354698,2011-12-28 00:00:00+00:00,2.02839994430542,native,24.07455839402284,7.84060737535567,0.04112602127205304,3
NZDJPY,-1,2011-12-22 00:00:00+00:00,2011-12-23 00:00:00+00:00,60.459999084472656,62.71626490354538,259.4486226663486,2011-12-28 00:00:00+00:00,60.06700134277344,native,95.70860994385667,6.254112850991082,0.16349684443004875,3
GBPJPY,-1,2011-12-20 00:00:00+00:00,2011-12-21 00:00:00+00:00,121.97000122070312,124.83565866947174,206.01135426559955,2011-12-29 00:00:00+00:00,120.32499694824219,native,328.90645380146196,9.983104140913078,0.5571305368383057,6
AUDJPY,-1,2011-12-21 00:00:00+00:00,2011-12-22 00:00:00+00:00,78.58999633789062,81.65238130092621,192.44110086708412,2011-12-29 00:00:00+00:00,78.53500366210938,native,4.535389472222265,6.047461594748119,0.007695856682201239,5
CADJPY,-1,2011-12-21 00:00:00+00:00,2011-12-22 00:00:00+00:00,75.94999694824219,78.06315100193024,278.88583538754676,2011-12-29 00:00:00+00:00,75.98999786376953,native,-19.630471219495433,8.474782476385482,-0.03330988309484469,5
USDCAD,1,2011-12-22 00:00:00+00:00,2011-12-23 00:00:00+00:00,1.0210000276565552,0.9913893174380064,19769.3690832475,2011-12-29 00:00:00+00:00,1.024899959564209,native,69.00996289098592,8.089230390955727,0.11788815210595573,4
NZDUSD,-1,2011-12-22 00:00:00+00:00,2011-12-23 00:00:00+00:00,0.774113655090332,0.8051614202558994,18854.33801775797,2011-12-29 00:00:00+00:00,0.7675186395645142,native,118.5313606796291,5.813291276502865,0.20248443111322448,4
AUDUSD,-1,2011-12-23 00:00:00+00:00,2011-12-26 00:00:00+00:00,1.015702724456787,1.055775142274797,14663.09466328756,2011-12-29 00:00:00+00:00,1.007932424545288,native,108.00209241369043,5.934550750754692,0.18380655030973148,3
EURGBP,-1,2011-12-29 00:00:00+00:00,2011-12-30 00:00:00+00:00,0.8400999903678894,0.855246159248054,39527.87163858564,2012-01-02 00:00:00+00:00,0.8341599702835083,native,221.56036486318652,13.235986562850378,0.37007167532585317,1
EURCHF,1,2011-12-29 00:00:00+00:00,2011-12-30 00:00:00+00:00,1.2178000211715698,1.2008084896951914,35234.95337331965,2012-01-05 00:00:00+00:00,1.2182999849319458,native,0.4490257596368714,17.16717402556022,0.0007500065060638978,4
GBPCHF,1,2011-12-29 00:00:00+00:00,2011-12-30 00:00:00+00:00,1.4492000341415405,1.417471893131733,18869.552399128046,2012-01-05 00:00:00+00:00,1.4706000089645386,native,392.78888228090926,11.019063981673298,0.6560742026437139,4
USDCAD,1,2012-01-03 00:00:00+00:00,2012-01-04 00:00:00+00:00,1.011199951171875,0.9864602331072092,24233.55017920871,2012-01-06 00:00:00+00:00,1.019700050354004,native,196.14439663918526,9.843183419186486,0.3271629515206066,2
AUDUSD,-1,2012-01-03 00:00:00+00:00,2012-01-04 00:00:00+00:00,1.0370001792907715,1.070686592720449,17797.418546534016,2012-01-06 00:00:00+00:00,1.0251994132995605,native,202.682805660121,7.340365855164413,0.3380688210238445,2
NZDUSD,-1,2012-01-02 00:00:00+00:00,2012-01-03 00:00:00+00:00,0.7810059189796448,0.8058313755318522,24230.33658649613,2012-01-09 00:00:00+00:00,0.7802137732505798,native,11.628181915158052,7.565775725640847,0.019331035850626635,4
AUDJPY,-1,2012-01-03 00:00:00+00:00,2012-01-04 00:00:00+00:00,79.56300354003906,81.88632673025131,258.04898847705465,2012-01-09 00:00:00+00:00,78.44999694824219,native,279.0552061930326,8.155018988445065,0.46545568703268775,3
NZDJPY,-1,2012-01-03 00:00:00+00:00,2012-01-04 00:00:00+00:00,60.60900115966797,62.451560735702515,325.37954644041,2012-01-09 00:00:00+00:00,59.96699905395508,native,201.04776111842705,7.84659285222149,0.3353416159275283,3
AUDNZD,1,2012-01-06 00:00:00+00:00,2012-01-09 00:00:00+00:00,1.3071000576019287,1.289109116885811,34120.87877345577,2012-01-18 00:00:00+00:00,1.289109116885811,stop,-631.5836948977249,17.716987702645973,-1.0288612943086612,7
EURGBP,-1,2012-01-12 00:00:00+00:00,2012-01-13 00:00:00+00:00,0.8355000019073486,0.8508267449215055,40072.80814724746,2012-01-23 00:00:00+00:00,0.829200029373169,native,239.1157496998668,13.341840995244205,0.3893216270679314,6
GBPJPY,-1,2012-01-18 00:00:00+00:00,2012-01-19 00:00:00+00:00,118.48500061035156,120.79050892591476,262.6658980534242,2012-01-24 00:00:00+00:00,120.79050892591476,stop,-618.1483154959525,12.569903318906812,-1.0207568550432935,3
NZDJPY,-1,2012-01-11 00:00:00+00:00,2012-01-12 00:00:00+00:00,61.32899856567383,63.064524590969086,350.72684555830693,2012-01-25 00:00:00+00:00,63.064524590969086,stop,-617.4211978330748,8.725629596922715,-1.0143349648859894,9
AUDJPY,-1,2012-01-18 00:00:00+00:00,2012-01-19 00:00:00+00:00,79.98100280761719,82.07599258422852,289.0603185455999,2012-01-25 00:00:00+00:00,82.07599258422852,stop,-614.9472615191477,9.368849342101948,-1.0154709103787585,4
NZDUSD,-1,2012-01-11 00:00:00+00:00,2012-01-12 00:00:00+00:00,0.798084557056427,0.8220211435109377,25429.50597374955,2012-01-26 00:00:00+00:00,0.8177952170372009,max_hold,-509.45055060127174,8.218204873634999,-0.8369545914019587,10
GBPCHF,1,2012-01-12 00:00:00+00:00,2012-01-13 00:00:00+00:00,1.4478000402450562,1.4162824666127563,19487.084871883682,2012-01-30 00:00:00+00:00,1.4357000589370728,max_hold,-247.03156492904805,11.238202232169433,-0.4022099377227593,10
USDJPY,-1,2012-01-24 00:00:00+00:00,2012-01-25 00:00:00+00:00,77.66999816894531,78.70285356044769,564.1286774613924,2012-01-30 00:00:00+00:00,76.7300033569336,native,512.8577363885748,17.420293732166208,0.8801956393761514,3
CADJPY,-1,2012-01-24 00:00:00+00:00,2012-01-25 00:00:00+00:00,76.94999694824219,78.71067547798157,330.93113602251617,2012-01-30 00:00:00+00:00,76.61499786376953,native,100.69773995375283,10.163887637286168,0.1728231930875508,3
GBPJPY,-1,2012-01-25 00:00:00+00:00,2012-01-26 00:00:00+00:00,121.77300262451172,124.30353933572769,226.44159423264767,2012-01-30 00:00:00+00:00,120.62999725341797,native,247.84593409912088,10.97802434782694,0.43252673089742427,2
GBPUSD,-1,2012-01-18 00:00:00+00:00,2012-01-19 00:00:00+00:00,1.5429003238677979,1.5755611974745989,18541.402764283226,2012-01-31 00:00:00+00:00,1.5755611974745989,stop,-617.1425423914715,11.564130214425758,-1.0190960080179425,8
CHFJPY,-1,2012-01-19 00:00:00+00:00,2012-01-20 00:00:00+00:00,82.64199829101562,84.87356954813004,268.2891458614071,2012-01-31 00:00:00+00:00,83.21379852294922,native,-162.3072578414947,8.899462012676343,-0.27109660485529835,7
AUDCHF,1,2012-01-19 00:00:00+00:00,2012-01-20 00:00:00+00:00,0.971019983291626,0.9471751982346177,25108.481584912624,2012-02-02 00:00:00+00:00,0.9799900054931641,native,215.4262575884997,9.797379675076698,0.35981956571503737,7
CADCHF,1,2012-01-25 00:00:00+00:00,2012-01-26 00:00:00+00:00,0.9172000288963318,0.8959471322596073,26961.913801520306,2012-02-03 00:00:00+00:00,0.9174000024795532,native,-4.501195067847121,9.892865581244614,-0.007855231496551028,4
USDCHF,1,2012-01-19 00:00:00+00:00,2012-01-20 00:00:00+00:00,0.9323599934577942,0.9049229705706239,21821.111895491027,2012-02-06 00:00:00+00:00,0.9190999865531921,native,-297.4282774790736,8.080183078768663,-0.49678490835745304,9
EURUSD,-1,2012-01-27 00:00:00+00:00,2012-01-30 00:00:00+00:00,1.3206549882888794,1.473216935992241,3785.8873917779374,2012-02-06 00:00:00+00:00,1.312508225440979,native,28.848954867400344,1.9937718822706691,0.04994777741020227,5
GBPCAD,-1,2012-02-01 00:00:00+00:00,2012-02-02 00:00:00+00:00,1.5808500051498413,1.6107013542205095,19519.58767551319,2012-02-06 00:00:00+00:00,1.5694999694824219,native,209.24930982271846,12.298706507677045,0.35911159817652477,2
USDCAD,1,2012-02-01 00:00:00+00:00,2012-02-02 00:00:00+00:00,0.9976999759674072,0.9753933595493436,26121.66787184295,2012-02-13 00:00:00+00:00,1.0,native,49.64381282068346,10.436651055961851,0.08519822109194032,7
GBPUSD,-1,2012-02-01 00:00:00+00:00,2012-02-02 00:00:00+00:00,1.584786057472229,1.7738922089338303,3081.2642577392526,2012-02-13 00:00:00+00:00,1.5782828330993652,native,18.088902596706856,1.949250223457041,0.03104399592173764,7
USDJPY,-1,2012-02-07 00:00:00+00:00,2012-02-08 00:00:00+00:00,76.76699829101562,77.91506019234657,509.7368397875278,2012-02-14 00:00:00+00:00,77.91506019234657,stop,-600.9788741975257,15.76942873262772,-1.026946640822074,4
EURUSD,-1,2012-02-07 00:00:00+00:00,2012-02-08 00:00:00+00:00,1.3248542547225952,1.430871170014143,5519.96295926518,2012-02-14 00:00:00+00:00,1.3154432773590088,native,49.0333775417742,2.9148689157059446,0.08378774116132294,4
CHFJPY,-1,2012-02-07 00:00:00+00:00,2012-02-08 00:00:00+00:00,84.1520004272461,86.52541297674179,246.56878366520954,2012-02-14 00:00:00+00:00,84.37000274658203,native,-62.06301978353578,8.310453068679077,-0.10605266245187159,4
EURJPY,-1,2012-02-07 00:00:00+00:00,2012-02-08 00:00:00+00:00,101.69999694824219,104.67457711696625,196.73682075138768,2012-02-14 00:00:00+00:00,101.96499633789062,native,-60.14881807598508,8.013680655493298,-0.10278169387406604,4
GBPJPY,-1,2012-02-07 00:00:00+00:00,2012-02-08 00:00:00+00:00,122.01000213623047,124.55604845285416,229.85027477463342,2012-02-14 00:00:00+00:00,121.83999633789062,native,27.866081631079865,11.209797830614136,0.04761727932969826,4
EURGBP,-1,2012-02-08 00:00:00+00:00,2012-02-09 00:00:00+00:00,0.8378000259399414,0.8554376401007175,33064.9741251243,2012-02-16 00:00:00+00:00,0.8321999907493591,native,174.12131720823072,11.043701468157776,0.2985684537172507,5
GBPCHF,1,2012-02-09 00:00:00+00:00,2012-02-10 00:00:00+00:00,1.4419000148773193,1.4109768215566874,18532.276245148296,2012-02-16 00:00:00+00:00,1.4495999813079834,native,131.98068963300466,10.717215338430256,0.23030177891348041,4
AUDCAD,1,2012-02-14 00:00:00+00:00,2012-02-15 00:00:00+00:00,1.0681999921798706,1.050328355282545,32410.33697407892,2012-02-17 00:00:00+00:00,1.0713000297546387,native,86.60487909715008,13.868383333389339,0.1495183449469617,2
AUDUSD,1,2012-02-15 00:00:00+00:00,2012-02-16 00:00:00+00:00,1.0686043500900269,1.039501809515059,20000.74366602906,2012-02-17 00:00:00+00:00,1.0752341747283936,native,124.02575018344592,8.575672959250221,0.21307613737120826,1
CADJPY,-1,2012-02-09 00:00:00+00:00,2012-02-10 00:00:00+00:00,77.98999786376953,79.8199235200882,313.16964108419523,2012-02-20 00:00:00+00:00,80.41000366210938,stop_gap,-767.7935616128793,9.921214325119095,-1.3397734438989042,6
EURCHF,1,2012-02-15 00:00:00+00:00,2012-02-16 00:00:00+00:00,1.2067999839782715,1.19773910054937,64240.143760542145,2012-02-20 00:00:00+00:00,1.2094800472259521,native,141.123213004294,31.044435314057317,0.24244956451295677,2
GBPUSD,-1,2012-02-17 00:00:00+00:00,2012-02-20 00:00:00+00:00,1.5867977142333984,1.6815751679241657,6113.3841122018,2012-02-23 00:00:00+00:00,1.5671523809432983,native,116.24320673410094,3.8562616805061154,0.20062306519759407,3
CHFJPY,-1,2012-02-17 00:00:00+00:00,2012-02-20 00:00:00+00:00,87.1969985961914,89.761998295784,225.89124656821943,2012-02-24 00:00:00+00:00,89.761998295784,stop,-587.4056772679565,7.994697679878,-1.0137979740832002,4
EURJPY,-1,2012-02-17 00:00:00+00:00,2012-02-20 00:00:00+00:00,105.48200225830078,108.72424471378326,178.70686339583312,2012-02-24 00:00:00+00:00,108.72424471378326,stop,-587.0670048913134,7.656025303234863,-1.0132134625903668,4
GBPAUD,-1,2012-02-20 00:00:00+00:00,2012-02-21 00:00:00+00:00,1.4754999876022339,1.5087960110977292,17421.793446789226,2012-02-24 00:00:00+00:00,1.4672000408172607,native,134.3465360929474,10.253422414197045,0.23160143373675046,3
CADCHF,1,2012-02-21 00:00:00+00:00,2012-02-22 00:00:00+00:00,0.9143999814987183,0.8962329928763211,31692.751293356952,2012-02-24 00:00:00+00:00,0.8962329928763211,stop,-587.2386402669632,11.476788108083856,-1.019933220766625,2
AUDCAD,1,2012-02-21 00:00:00+00:00,2012-02-22 00:00:00+00:00,1.062999963760376,1.0455714305862784,33035.58861824255,2012-02-24 00:00:00+00:00,1.0693999528884888,native,197.33839071436176,14.089017283197322,0.34274308027602174,2
AUDCHF,1,2012-02-20 00:00:00+00:00,2012-02-21 00:00:00+00:00,0.9798200130462646,0.9569994490593672,25419.02313505547,2012-02-27 00:00:00+00:00,0.9562600255012512,stop_gap,-608.7145211265467,9.842652658231678,-1.049369488259463,4
EURAUD,-1,2012-02-21 00:00:00+00:00,2012-02-22 00:00:00+00:00,1.2408000230789185,1.268262549303472,20965.363763370922,2012-03-01 00:00:00+00:00,1.2400000095367432,native,6.370399905733944,10.402175021593958,0.011064296604312115,6
EURGBP,-1,2012-02-21 00:00:00+00:00,2012-02-22 00:00:00+00:00,0.8388000130653381,0.8554146927781403,34653.80387171926,2012-03-01 00:00:00+00:00,0.8367400169372559,native,59.773934683279336,11.612767115784902,0.1038171154604125,6
USDCHF,1,2012-02-23 00:00:00+00:00,2012-02-24 00:00:00+00:00,0.9008499979972839,0.8772861352190375,23923.771675485543,2012-03-01 00:00:00+00:00,0.9046000242233276,native,81.07613638833101,8.638634820621242,0.14381921391632632,4
EURCAD,-1,2012-02-24 00:00:00+00:00,2012-02-27 00:00:00+00:00,1.345900058746338,1.3718528226017952,21094.86877510397,2012-03-01 00:00:00+00:00,1.3166999816894531,native,604.7383540471923,11.233439690715906,1.1046051668508299,3
EURUSD,-1,2012-02-24 00:00:00+00:00,2012-02-27 00:00:00+00:00,1.346982717514038,1.4068095460534096,9150.91374970425,2012-03-01 00:00:00+00:00,1.3326226472854614,native,126.5035965860958,4.904167515305003,0.23106939634146262,3
CADCHF,1,2012-02-24 00:00:00+00:00,2012-02-27 00:00:00+00:00,0.8942999839782715,0.8753277249634266,28856.35007690775,2012-03-01 00:00:00+00:00,0.9146999716758728,native,578.2289593647016,10.440227201893318,1.0561835409685032,3
EURNZD,-1,2012-02-21 00:00:00+00:00,2012-02-22 00:00:00+00:00,1.5849000215530396,1.6243667658418417,14588.53175082495,2012-03-02 00:00:00+00:00,1.5879600048065186,native,-53.89813669746502,9.25747384709394,-0.09361185791550501,7
NZDCHF,1,2012-02-24 00:00:00+00:00,2012-02-27 00:00:00+00:00,0.7470999956130981,0.7278703171759844,28470.062547978032,2012-03-02 00:00:00+00:00,0.7587000131607056,native,321.6791810511188,8.574044086907213,0.5875739203233675,4
NZDJPY,1,2012-03-05 00:00:00+00:00,2012-03-06 00:00:00+00:00,66.97699737548828,64.77884840965271,261.98490063442915,2012-03-09 00:00:00+00:00,67.22000122070312,native,56.63182077386267,7.031517468532368,0.09833930677825374,3
GBPNZD,-1,2012-03-05 00:00:00+00:00,2012-03-06 00:00:00+00:00,1.9312000274658203,1.9786858391016722,12127.450675378446,2012-03-09 00:00:00+00:00,1.9191999435424805,native,136.19131873492947,9.339107145776353,0.23649177601209018,3
NZDUSD,1,2012-03-05 00:00:00+00:00,2012-03-06 00:00:00+00:00,0.82182776927948,0.7565958984196186,8828.228146810032,2012-03-09 00:00:00+00:00,0.8242664337158203,native,18.62266698248755,2.9064190350367873,0.032337652867154856,3
AUDJPY,1,2012-03-06 00:00:00+00:00,2012-03-07 00:00:00+00:00,85.16000366210938,82.324154317379,201.13700524293859,2012-03-09 00:00:00+00:00,86.81999969482422,native,326.968322168046,6.91830856737683,0.5732321553203009,2
CADJPY,1,2012-03-06 00:00:00+00:00,2012-03-07 00:00:00+00:00,80.5,77.95949745178223,224.52024105205635,2012-03-09 00:00:00+00:00,82.3499984741211,native,408.0494791730571,7.312624182547335,0.715381480605576,2
GBPJPY,1,2012-03-06 00:00:00+00:00,2012-03-07 00:00:00+00:00,126.73999786376953,122.90887320041656,148.88428193824782,2012-03-09 00:00:00+00:00,129.0800018310547,native,340.7722950099003,7.617515392001337,0.597432912909448,2
NZDCHF,1,2012-03-07 00:00:00+00:00,2012-03-08 00:00:00+00:00,0.746399998664856,0.7263309257104993,28757.421070575685,2012-03-12 00:00:00+00:00,0.7522000074386597,native,158.17412024292946,8.61917427837722,0.27406790463577363,2
NZDCAD,1,2012-03-02 00:00:00+00:00,2012-03-05 00:00:00+00:00,0.8199999928474426,0.8033939492888749,34759.93341925497,2012-03-14 00:00:00+00:00,0.8033939492888749,stop,-588.5107815214393,11.28581306837605,-1.0195518449221306,7
AUDCAD,1,2012-03-07 00:00:00+00:00,2012-03-08 00:00:00+00:00,1.0543999671936035,1.0368428570218384,32871.855094505874,2012-03-14 00:00:00+00:00,1.0368428570218384,stop,-590.8833876615441,13.748606217007046,-1.023822175788115,4
AUDUSD,1,2012-03-06 00:00:00+00:00,2012-03-07 00:00:00+00:00,1.056602120399475,1.0282674096524715,20130.582931027027,2012-03-19 00:00:00+00:00,1.0601980686187744,native,63.866049493594744,8.522484350689112,0.11196825723132442,8
AUDJPY,1,2012-03-22 00:00:00+00:00,2012-03-23 00:00:00+00:00,85.80000305175781,82.72963762283325,184.3126710296023,2012-03-27 00:00:00+00:00,87.38700103759766,native,286.1197258264758,6.384111862264753,0.505594731623105,2
GBPAUD,-1,2012-03-14 00:00:00+00:00,2012-03-15 00:00:00+00:00,1.4986000061035156,1.5324487881734967,17056.047135833458,2012-03-28 00:00:00+00:00,1.5324487881734967,stop,-587.665964697392,10.33954222123998,-1.0179093521770468,9
GBPNZD,-1,2012-03-14 00:00:00+00:00,2012-03-15 00:00:00+00:00,1.9365999698638916,1.9874087870121002,11362.721174793322,2012-03-29 00:00:00+00:00,1.9407999515533447,max_hold,-56.534783714539174,8.81156283804592,-0.09792516246192506,10
GBPCAD,-1,2012-03-16 00:00:00+00:00,2012-03-19 00:00:00+00:00,1.569000005722046,1.599688190035522,19023.11087973231,2012-04-02 00:00:00+00:00,1.5947999954223633,max_hold,-502.8331284097026,12.037063644613461,-0.8613331251708778,10
EURNZD,-1,2012-03-21 00:00:00+00:00,2012-03-22 00:00:00+00:00,1.6259000301361084,1.6718284785747528,12475.88754655222,2012-04-02 00:00:00+00:00,1.625100016593933,native,1.8690567885298641,8.111822199368003,0.0032618896984821896,7
NZDCHF,1,2012-03-20 00:00:00+00:00,2012-03-21 00:00:00+00:00,0.7439000010490417,0.7222219882532954,26625.897053269113,2012-04-03 00:00:00+00:00,0.7441999912261963,native,0.06310813405056237,7.9243994398582105,0.00010933560754971377,9
EURAUD,-1,2012-03-20 00:00:00+00:00,2012-03-21 00:00:00+00:00,1.2621999979019165,1.2922514146193862,19206.96592927855,2012-04-03 00:00:00+00:00,1.2781000137329102,native,-315.1493534956079,9.758291154723207,-0.5460000767212471,9
EURCAD,-1,2012-03-20 00:00:00+00:00,2012-03-21 00:00:00+00:00,1.312150001525879,1.3419872354716063,19344.840680234905,2012-04-03 00:00:00+00:00,1.3198000192642212,native,-158.17130511530758,10.182930766105088,-0.2740337042425864,9
CADCHF,1,2012-03-20 00:00:00+00:00,2012-03-21 00:00:00+00:00,0.9192000031471252,0.8957966356538236,24662.969428830867,2012-04-03 00:00:00+00:00,0.9114000201225281,native,-201.400349363103,9.029606482063308,-0.34892854763693093,9
AUDCHF,1,2012-03-20 00:00:00+00:00,2012-03-21 00:00:00+00:00,0.9550999999046326,0.9305703239515424,23530.540644842004,2012-04-04 00:00:00+00:00,0.9383000135421753,max_hold,-404.22330712926316,8.910545194670902,-0.7003217815840127,10
EURCHF,1,2012-03-30 00:00:00+00:00,2012-04-02 00:00:00+00:00,1.203760027885437,1.1979736110661179,69515.70637826534,2012-04-12 00:00:00+00:00,1.203179955482483,native,-73.78816947267438,33.46402663078224,-0.1834400169866409,8
USDJPY,1,2012-03-29 00:00:00+00:00,2012-03-30 00:00:00+00:00,82.29199981689453,80.20471853017807,267.24321249033994,2012-04-13 00:00:00+00:00,80.91999816894531,max_hold,-375.3815876717302,8.723459731740547,-0.6729538833532384,10
AUDJPY,1,2012-04-06 00:00:00+00:00,2012-04-09 00:00:00+00:00,83.66999816894531,80.39574229717255,169.94835592087242,2012-04-13 00:00:00+00:00,84.44000244140625,native,125.1469565132666,5.714003643517222,0.224900649545196,4
NZDJPY,1,2012-04-06 00:00:00+00:00,2012-04-09 00:00:00+00:00,66.53700256347656,63.907051742076874,211.58357705559428,2012-04-13 00:00:00+00:00,67.25499725341797,native,146.25424682418904,5.661637980535993,0.26283240140975095,4
USDCHF,1,2012-04-12 00:00:00+00:00,2012-04-13 00:00:00+00:00,0.9111999869346619,0.890163566917181,26599.62966522019,2012-04-16 00:00:00+00:00,0.9215999841690063,native,266.8857148565207,9.750360096356768,0.47695554812967994,1
GBPJPY,1,2012-04-06 00:00:00+00:00,2012-04-09 00:00:00+00:00,129.06900024414062,124.72363245487213,128.0569169878527,2012-04-18 00:00:00+00:00,129.19000244140625,native,8.880797996938178,6.614370333653741,0.015959614949000712,7
EURJPY,1,2012-04-06 00:00:00+00:00,2012-04-09 00:00:00+00:00,106.38999938964844,102.52560102939606,143.9950932583728,2012-04-18 00:00:00+00:00,106.47000122070312,native,5.389711995787339,6.1301591277729734,0.009685810685980283,7
CHFJPY,1,2012-04-06 00:00:00+00:00,2012-04-09 00:00:00+00:00,88.54000091552734,85.39463949203491,176.91270647498084,2012-04-18 00:00:00+00:00,88.58999633789062,native,2.57751603924625,6.2673094424016185,0.00463203459029538,7
AUDCAD,-1,2012-04-11 00:00:00+00:00,2012-04-12 00:00:00+00:00,1.0348000526428223,1.0561067373491824,26075.121967948286,2012-04-18 00:00:00+00:00,1.0290000438690186,native,140.4731683453,10.762767846801939,0.25284312546724996,4
USDJPY,1,2012-04-16 00:00:00+00:00,2012-04-17 00:00:00+00:00,80.38999938964844,78.2319546341896,258.44313303690876,2012-04-19 00:00:00+00:00,81.30999755859375,native,229.40915840577338,8.358050764672459,0.41132519022615677,2
AUDCHF,1,2012-04-23 00:00:00+00:00,2012-04-24 00:00:00+00:00,0.9415000081062317,0.9205580046400428,26981.877189750205,2012-04-27 00:00:00+00:00,0.944100022315979,native,59.9778584090392,10.175405689968269,0.10614525048913105,3
EURAUD,-1,2012-04-23 00:00:00+00:00,2012-04-24 00:00:00+00:00,1.2752000093460083,1.3017646884545684,21270.897469638603,2012-04-27 00:00:00+00:00,1.2722599506378174,native,51.70033541328202,10.837351923365123,0.09149618206421088,3
NZDCHF,1,2012-04-20 00:00:00+00:00,2012-04-23 00:00:00+00:00,0.7444000244140625,0.7266776761971414,31891.483180992363,2012-04-30 00:00:00+00:00,0.7465000152587891,native,57.4624199968816,9.50940270795352,0.10166885419120951,5
EURNZD,-1,2012-04-23 00:00:00+00:00,2012-04-24 00:00:00+00:00,1.6176999807357788,1.654435076750815,15381.872566788685,2012-04-30 00:00:00+00:00,1.607800006866455,native,142.35729051778029,9.922845954695209,0.2519354752200771,4
AUDNZD,-1,2012-04-17 00:00:00+00:00,2012-04-18 00:00:00+00:00,1.2649999856948853,1.2853029612451792,27850.483100814527,2012-05-02 00:00:00+00:00,1.267799973487854,native,-92.08895320275566,14.10794049219252,-0.1628602554642504,10
AUDCAD,-1,2012-04-30 00:00:00+00:00,2012-05-01 00:00:00+00:00,1.0293999910354614,1.0488929101265967,28967.967593733552,2012-05-02 00:00:00+00:00,1.0184999704360962,native,303.886743549617,11.864699943823254,0.5381667341881918,1
EURUSD,-1,2012-04-20 00:00:00+00:00,2012-04-23 00:00:00+00:00,1.320899248123169,1.3516547363251448,18376.94678673055,2012-05-03 00:00:00+00:00,1.3149243593215942,native,100.11253552852654,9.687678034644115,0.17713014484796166,8
AUDJPY,1,2012-04-30 00:00:00+00:00,2012-05-01 00:00:00+00:00,83.28099822998047,80.25312578678131,186.4907650940087,2012-05-09 00:00:00+00:00,80.25312578678131,stop,-570.7697693206493,6.099520781372881,-1.0108019163346245,6
USDJPY,1,2012-04-27 00:00:00+00:00,2012-04-30 00:00:00+00:00,80.3499984741211,78.34998536109924,283.64022216588404,2012-05-14 00:00:00+00:00,80.0199966430664,native,-102.69926888425626,9.09747620875616,-0.18103672806977703,10
EURJPY,1,2012-04-30 00:00:00+00:00,2012-05-01 00:00:00+00:00,105.83000183105469,102.48322975635529,168.7208557786217,2012-05-14 00:00:00+00:00,102.48322975635529,stop,-571.699605879964,7.029357340687604,-1.0124486058170616,9
CHFJPY,1,2012-04-30 00:00:00+00:00,2012-05-01 00:00:00+00:00,88.08000183105469,85.30619180202484,203.57206969100642,2012-05-14 00:00:00+00:00,85.30619180202484,stop,-571.7295657980227,7.0593172587463195,-1.0125016631866257,9
NZDJPY,1,2012-05-02 00:00:00+00:00,2012-05-03 00:00:00+00:00,64.63400268554688,62.09883004426956,224.39999636924665,2012-05-14 00:00:00+00:00,62.09883004426956,stop,-574.5805009389295,5.687769440887031,-1.009997964688193,7
GBPJPY,1,2012-04-30 00:00:00+00:00,2012-05-01 00:00:00+00:00,129.73300170898438,125.82819426059723,144.60898674338208,2012-05-15 00:00:00+00:00,128.57400512695312,max_hold,-175.07202427203433,7.470702905452158,-0.3100429405036326,10
CADJPY,1,2012-04-30 00:00:00+00:00,2012-05-01 00:00:00+00:00,80.88999938964844,78.0981211066246,202.25460829463236,2012-05-15 00:00:00+00:00,79.66799926757812,max_hold,-253.64987505072148,6.494719025397494,-0.44919999894961443,10
GBPUSD,1,2012-05-04 00:00:00+00:00,2012-05-07 00:00:00+00:00,1.6123831272125244,1.5872434191405773,21989.834782125934,2012-05-17 00:00:00+00:00,1.5872434191405773,stop,-566.8898787967562,14.071851823761783,-1.0254547629367543,8
EURNZD,-1,2012-05-03 00:00:00+00:00,2012-05-04 00:00:00+00:00,1.642199993133545,1.6799225443974137,15071.989806231511,2012-05-18 00:00:00+00:00,1.6601999998092651,max_hold,-281.25066493450083,9.95474780594661,-0.4946772169193671,10
NZDCHF,1,2012-05-03 00:00:00+00:00,2012-05-04 00:00:00+00:00,0.7310000061988831,0.7132720910012722,32071.109421298384,2012-05-18 00:00:00+00:00,0.722599983215332,max_hold,-278.72176910994654,9.323712863060294,-0.49022927312993336,10
GBPJPY,1,2012-05-16 00:00:00+00:00,2012-05-17 00:00:00+00:00,127.91999816894531,124.67976665496826,164.69697505672625,2012-05-18 00:00:00+00:00,124.67976665496826,stop,-541.9768122688045,8.320483433307803,-1.0155914639885637,1
CADCHF,1,2012-05-18 00:00:00+00:00,2012-05-21 00:00:00+00:00,0.9203000068664551,0.9010717519558966,27420.412669568348,2012-05-23 00:00:00+00:00,0.9277999997138977,native,195.51776592867475,10.13513296701305,0.3708278717592403,2
EURGBP,-1,2012-05-18 00:00:00+00:00,2012-05-21 00:00:00+00:00,0.8076000213623047,0.820617372635752,40503.37687657258,2012-05-23 00:00:00+00:00,0.8033999800682068,native,157.06566739079508,13.050188041219796,0.2978978758698629,2
EURCAD,-1,2012-05-18 00:00:00+00:00,2012-05-21 00:00:00+00:00,1.3040000200271606,1.3301645861938596,20151.172436951107,2012-05-23 00:00:00+00:00,1.294100046157837,native,189.02512807362297,10.470952488429592,0.3585136400245618,2
USDJPY,1,2012-05-18 00:00:00+00:00,2012-05-21 00:00:00+00:00,79.16100311279297,77.49373716115952,316.23430205997613,2012-05-23 00:00:00+00:00,80.00199890136719,native,255.88515606400364,10.066560171143703,0.4853234046905556,2
GBPCHF,1,2012-05-18 00:00:00+00:00,2012-05-21 00:00:00+00:00,1.4866000413894653,1.4622434880584478,21647.015380116645,2012-05-23 00:00:00+00:00,1.4943000078201294,native,153.7757739086007,12.905517842366113,0.29165811452376716,2
EURCHF,-1,2012-05-24 00:00:00+00:00,2012-05-25 00:00:00+00:00,1.2015999555587769,1.2053534678416327,66919.4970011992,2012-05-30 00:00:00+00:00,1.2009999752044678,native,7.994227748606576,32.156155772358474,0.031826289393555224,3
GBPJPY,1,2012-05-18 00:00:00+00:00,2012-05-21 00:00:00+00:00,125.1500015258789,121.62515258789062,149.57993770481403,2012-05-31 00:00:00+00:00,121.62515258789062,stop,-534.6292069990537,7.382522435886706,-1.0140020272332357,8
GBPCAD,1,2012-05-29 00:00:00+00:00,2012-05-30 00:00:00+00:00,1.600100040435791,1.5713599137961864,18637.576601011937,2012-06-04 00:00:00+00:00,1.6025999784469604,native,34.654672794553825,11.938113386397932,0.06469693160052362,3
USDJPY,1,2012-05-30 00:00:00+00:00,2012-05-31 00:00:00+00:00,78.96600341796875,77.42400056123734,345.326382804881,2012-06-06 00:00:00+00:00,78.7300033569336,native,-92.38836573947185,10.891318320470207,-0.17350114574835482,4
GBPAUD,1,2012-05-29 00:00:00+00:00,2012-05-30 00:00:00+00:00,1.590000033378601,1.5539497528225183,14858.311877354723,2012-06-07 00:00:00+00:00,1.5539497528225183,stop,-544.9890690584377,9.342757290023787,-1.0174420267343558,6
AUDNZD,1,2012-05-29 00:00:00+00:00,2012-05-30 00:00:00+00:00,1.2901999950408936,1.2707877783104777,27593.258369567982,2012-06-08 00:00:00+00:00,1.2898000478744507,native,-25.27396705336667,14.238121555531915,-0.04718405876804364,7
GBPNZD,1,2012-05-29 00:00:00+00:00,2012-05-30 00:00:00+00:00,2.0525999069213867,1.9990502912551165,10002.804037038233,2012-06-11 00:00:00+00:00,1.9990502912551165,stop,-543.7518843602113,8.105572591797337,-1.0151323222315058,8
EURCAD,-1,2012-06-01 00:00:00+00:00,2012-06-04 00:00:00+00:00,1.2943999767303467,1.3194366823881865,21009.16184234857,2012-06-12 00:00:00+00:00,1.2862000465393066,native,161.43041177167228,10.843248707848128,0.3069018061479693,6
CADCHF,1,2012-06-01 00:00:00+00:00,2012-06-04 00:00:00+00:00,0.927299976348877,0.908662292174995,28222.401252077896,2012-06-12 00:00:00+00:00,0.9332000017166138,native,156.01132794361757,10.501555382089283,0.2965993693503133,6
EURGBP,-1,2012-06-01 00:00:00+00:00,2012-06-04 00:00:00+00:00,0.8077700138092041,0.8210890255868435,39492.43456994872,2012-06-12 00:00:00+00:00,0.8057000041007996,native,69.005751145748,12.743971822576961,0.1311895907890118,6
GBPCHF,1,2012-06-01 00:00:00+00:00,2012-06-04 00:00:00+00:00,1.4865000247955322,1.4615898746997118,21115.89850488518,2012-06-12 00:00:00+00:00,1.4901000261306763,native,63.44654589735397,12.570716912998776,0.12062076356027035,6
EURJPY,-1,2012-06-06 00:00:00+00:00,2012-06-07 00:00:00+00:00,99.7030029296875,103.21387577056885,146.7195221030109,2012-06-12 00:00:00+00:00,98.96199798583984,native,102.89028443871246,5.829606798584079,0.19974290595170283,3
NZDCAD,-1,2012-06-04 00:00:00+00:00,2012-06-05 00:00:00+00:00,0.7875000238418579,0.8064503250643611,27260.59524507139,2012-06-15 00:00:00+00:00,0.8064503250643611,stop,-525.2868984592953,8.69040706045455,-1.0168224275718998,8
EURCHF,-1,2012-06-13 00:00:00+00:00,2012-06-14 00:00:00+00:00,1.201069951057434,1.2041670541511849,64964.10709902117,2012-06-15 00:00:00+00:00,1.2008999586105347,native,-20.164958565661017,31.208366092059222,-0.10022318458190717,1
AUDCAD,-1,2012-06-05 00:00:00+00:00,2012-06-06 00:00:00+00:00,1.0132999420166016,1.033001035451889,26616.058468468185,2012-06-18 00:00:00+00:00,1.033001035451889,stop,-535.2583480584432,10.892893292076991,-1.0207734761950145,8
AUDUSD,-1,2012-06-07 00:00:00+00:00,2012-06-08 00:00:00+00:00,0.991276741027832,1.0215979907661676,17124.7177566664,2012-06-22 00:00:00+00:00,1.004500150680542,native,-233.28258127859272,6.835423195156574,-0.44927452359684317,10
GBPUSD,-1,2012-06-15 00:00:00+00:00,2012-06-18 00:00:00+00:00,1.5715856552124023,1.6033693822100759,16102.589538304781,2012-06-22 00:00:00+00:00,1.559989333152771,native,176.6455209510195,10.085293329213192,0.3451453966604134,4
USDCHF,1,2012-06-15 00:00:00+00:00,2012-06-18 00:00:00+00:00,0.9455000162124634,0.9222199395298958,21984.47697658638,2012-06-22 00:00:00+00:00,0.9569299817085266,native,242.91702759360658,8.364785697772255,0.47463243558613444,4
EURUSD,-1,2012-06-15 00:00:00+00:00,2012-06-18 00:00:00+00:00,1.27048659324646,1.3012772351503372,16621.94349305284,2012-06-22 00:00:00+00:00,1.255020022392273,native,248.68870111829887,8.395765651295626,0.48590963377009905,4
NZDUSD,-1,2012-06-15 00:00:00+00:00,2012-06-18 00:00:00+00:00,0.7918910384178162,0.816294907592237,20972.096931970176,2012-06-22 00:00:00+00:00,0.787587583065033,native,83.62748705063265,6.624995750342589,0.16339866436696993,4
CADJPY,-1,2012-06-08 00:00:00+00:00,2012-06-11 00:00:00+00:00,77.8499984741211,80.72249501943588,177.6222186595352,2012-06-25 00:00:00+00:00,78.45500183105469,max_hold,-113.01468674336854,5.5526481883569305,-0.22150221835163336,10
AUDCAD,-1,2012-06-18 00:00:00+00:00,2012-06-19 00:00:00+00:00,1.0333000421524048,1.051220437977463,28751.709179924717,2012-06-25 00:00:00+00:00,1.0302000045776367,native,77.26554814930194,11.865830647268645,0.1499597214066184,4
NZDJPY,-1,2012-06-15 00:00:00+00:00,2012-06-18 00:00:00+00:00,62.5880012512207,65.12589490413666,201.6634185018081,2012-06-26 00:00:00+00:00,62.689998626708984,native,-25.621937362869808,5.05279794369048,-0.05006237173015016,6
AUDJPY,-1,2012-06-19 00:00:00+00:00,2012-06-20 00:00:00+00:00,80.45999908447266,83.51147282123566,166.26934528307893,2012-06-26 00:00:00+00:00,79.74299621582031,native,113.88822810872105,5.3273694281935775,0.2244693314381569,4
GBPNZD,1,2012-06-14 00:00:00+00:00,2012-06-15 00:00:00+00:00,1.98580002784729,1.9346213284879923,10111.239531632666,2012-06-27 00:00:00+00:00,1.9799000024795532,native,-67.67619831934358,8.019628583447528,-0.13078029448957113,8
EURCHF,-1,2012-06-29 00:00:00+00:00,2012-07-02 00:00:00+00:00,1.2015999555587769,1.2044478482566774,64854.86122904755,2012-07-09 00:00:00+00:00,1.2008999586105347,native,14.235445231753985,31.16275970724987,0.0770734675397491,5
AUDNZD,-1,2012-06-29 00:00:00+00:00,2012-07-02 00:00:00+00:00,1.2771899700164795,1.294712900184095,29648.617601873422,2012-07-16 00:00:00+00:00,1.2841999530792236,max_hold,-223.02464129474177,15.188334071831296,-0.429281003542739,10
GBPNZD,-1,2012-07-16 00:00:00+00:00,2012-07-17 00:00:00+00:00,1.961300015449524,2.0042616138234735,12011.319522374404,2012-07-19 00:00:00+00:00,1.9556000232696533,native,59.054999767009896,9.409427580451343,0.11444202167087057,2
NZDJPY,1,2012-07-10 00:00:00+00:00,2012-07-11 00:00:00+00:00,63.025001525878906,60.75016963481903,227.74527936167453,2012-07-20 00:00:00+00:00,63.207000732421875,native,35.69971161399147,5.749748523740049,0.06890742419576125,7
NZDCAD,1,2012-07-11 00:00:00+00:00,2012-07-12 00:00:00+00:00,0.8097000122070312,0.7951595783233643,35532.27362363781,2012-07-20 00:00:00+00:00,0.8090000152587891,native,-36.37570155875395,11.503218458101113,-0.07040621771853017,6
EURCHF,-1,2012-07-16 00:00:00+00:00,2012-07-17 00:00:00+00:00,1.200950026512146,1.2032985661062412,64452.159607351845,2012-07-26 00:00:00+00:00,1.2008399963378906,native,-23.86842842648325,30.960110779215164,-0.15768430357560523,7
GBPNZD,-1,2012-07-23 00:00:00+00:00,2012-07-24 00:00:00+00:00,1.964900016784668,2.0042337039485574,13166.93281211886,2012-07-30 00:00:00+00:00,1.944200038909912,native,262.2610463314212,10.294171557836126,0.5063892886681358,4
GBPUSD,-1,2012-07-27 00:00:00+00:00,2012-07-30 00:00:00+00:00,1.5728216171264648,1.6048393696546555,16255.40949399632,2012-08-02 00:00:00+00:00,1.5544847249984741,native,287.9065613468443,10.167129040882529,0.5531753312157494,3
CADJPY,-1,2012-07-27 00:00:00+00:00,2012-07-30 00:00:00+00:00,78.1500015258789,80.3118587732315,240.74747722613472,2012-08-03 00:00:00+00:00,77.65299987792969,native,112.1500570145606,7.501835906445369,0.2154818724681862,4
EURCHF,-1,2012-08-01 00:00:00+00:00,2012-08-02 00:00:00+00:00,1.201300024986267,1.2034120601019822,65394.32525526038,2012-08-07 00:00:00+00:00,1.2009999752044678,native,-11.797804490882594,31.419357514637,-0.08542008458876654,3
AUDCAD,1,2012-08-09 00:00:00+00:00,2012-08-10 00:00:00+00:00,1.047700047492981,1.031500696670264,32365.06660032775,2012-08-17 00:00:00+00:00,1.031500696670264,stop,-537.7517623713671,13.45869411205889,-1.0256701736621137,5
NZDUSD,1,2012-08-13 00:00:00+00:00,2012-08-14 00:00:00+00:00,0.8093889355659485,0.7889884617179632,25602.832698100145,2012-08-17 00:00:00+00:00,0.8119518756866455,native,57.31634361803401,8.302183507420427,0.10973627255562948,3
AUDUSD,1,2012-08-14 00:00:00+00:00,2012-08-15 00:00:00+00:00,1.0488007068634033,1.024995582178235,21776.016572866014,2012-08-17 00:00:00+00:00,1.0525429248809814,native,72.33882282002861,9.151778750030438,0.13954765350584286,2
NZDCAD,1,2012-08-09 00:00:00+00:00,2012-08-10 00:00:00+00:00,0.8044999837875366,0.7888081055134535,33411.7470899093,2012-08-22 00:00:00+00:00,0.8014000058174133,native,-114.30686478292353,10.731184860873714,-0.21802093467005154,8
GBPAUD,-1,2012-08-14 00:00:00+00:00,2012-08-15 00:00:00+00:00,1.4945000410079956,1.5248728338629007,17067.2743905949,2012-08-24 00:00:00+00:00,1.5248728338629007,stop,-528.6872827319543,10.306493068588189,-1.0198820891400726,7
GBPJPY,-1,2012-08-14 00:00:00+00:00,2012-08-15 00:00:00+00:00,123.54000091552734,126.89618253707886,154.45552360295872,2012-08-27 00:00:00+00:00,124.41300201416016,native,-142.49938397457544,7.659542179286168,-0.2748932576516075,8
NZDCHF,1,2012-08-14 00:00:00+00:00,2012-08-15 00:00:00+00:00,0.7839000225067139,0.7653298112563789,27914.64150166925,2012-08-29 00:00:00+00:00,0.7688000202178955,max_hold,-430.1797635772065,8.6686130104568,-0.8298528266384314,10
GBPNZD,-1,2012-08-14 00:00:00+00:00,2012-08-15 00:00:00+00:00,1.9465999603271484,1.988744300790131,12300.128177796118,2012-08-29 00:00:00+00:00,1.9644999504089355,max_hold,-229.7935784309048,9.621406043644157,-0.44329107677800256,10
AUDNZD,1,2012-08-17 00:00:00+00:00,2012-08-20 00:00:00+00:00,1.291200041770935,1.2744611743837595,30797.492337485084,2012-08-29 00:00:00+00:00,1.2882000207901,native,-108.2809339019656,15.887810732406406,-0.21004413930902316,7
CHFJPY,-1,2012-08-16 00:00:00+00:00,2012-08-17 00:00:00+00:00,81.54399871826172,84.16904681921005,198.6060604369199,2012-08-31 00:00:00+00:00,81.79869842529297,native,-57.073075324078694,6.488169916164466,-0.10947161172252245,10
EURJPY,-1,2012-08-16 00:00:00+00:00,2012-08-17 00:00:00+00:00,97.95500183105469,101.13908362388611,163.7365167441756,2012-08-31 00:00:00+00:00,98.24700164794922,native,-54.23611943382376,6.425086525576145,-0.10403005925792475,10
AUDCHF,1,2012-08-21 00:00:00+00:00,2012-08-22 00:00:00+00:00,1.0075000524520874,0.9835083018988371,21269.533907269804,2012-08-31 00:00:00+00:00,0.9835083018988371,stop,-518.7629158276216,8.469563940504887,-1.01659744127409,7
GBPCHF,1,2012-08-21 00:00:00+00:00,2012-08-22 00:00:00+00:00,1.5185699462890625,1.4901648694649339,17964.864346138613,2012-09-05 00:00:00+00:00,1.5198999643325806,native,12.976453776890398,10.917139952828347,0.02542940002824288,10
USDCHF,1,2012-08-22 00:00:00+00:00,2012-08-23 00:00:00+00:00,0.9581000208854675,0.9337898502126336,21020.837014524444,2012-09-05 00:00:00+00:00,0.9581900238990784,native,-6.164465460864849,8.056404140794339,-0.012063057857252125,9
AUDJPY,1,2012-08-24 00:00:00+00:00,2012-08-27 00:00:00+00:00,81.9000015258789,79.74498462677002,233.9044170468728,2012-09-05 00:00:00+00:00,79.74498462677002,stop,-511.6298667631406,7.5618952509170345,-1.015001737222524,7
EURCHF,-1,2012-09-05 00:00:00+00:00,2012-09-06 00:00:00+00:00,1.2038999795913696,1.2064173436374404,59576.00513060129,2012-09-06 00:00:00+00:00,1.2064173436374404,stop,-178.69390876731205,28.71941544301135,-1.19149533234901,0
NZDJPY,1,2012-08-27 00:00:00+00:00,2012-08-28 00:00:00+00:00,63.625999450683594,61.996572852134705,307.6980587349235,2012-09-07 00:00:00+00:00,63.167999267578125,native,-148.72862069476176,7.802853452969503,-0.2966436065788934,8
NZDUSD,1,2012-08-29 00:00:00+00:00,2012-08-30 00:00:00+00:00,0.8010895252227783,0.7835161346010864,28176.073930077,2012-09-07 00:00:00+00:00,0.8010253310203552,native,-10.837001920151717,9.028261326796244,-0.02188633838235891,6
NZDCHF,1,2012-08-29 00:00:00+00:00,2012-08-30 00:00:00+00:00,0.7671999931335449,0.7493603499606252,27755.5525387717,2012-09-07 00:00:00+00:00,0.7633000016212463,native,-116.74239392336833,8.495974603001283,-0.23577217719434612,6
EURCHF,-1,2012-09-06 00:00:00+00:00,2012-09-07 00:00:00+00:00,1.204800009727478,1.2078232623171061,60726.20208986998,2012-09-07 00:00:00+00:00,1.2078232623171061,stop,-212.89253740345933,29.301889676980558,-1.1596044789854207,0
USDJPY,-1,2012-09-06 00:00:00+00:00,2012-09-07 00:00:00+00:00,78.88999938964844,80.00060138106346,439.1788083348136,2012-09-10 00:00:00+00:00,78.24299621582031,native,270.3481865186603,13.801896352017854,0.554272889356809,1
GBPCAD,-1,2012-09-05 00:00:00+00:00,2012-09-06 00:00:00+00:00,1.5753999948501587,1.601372690871358,18409.987499263232,2012-09-11 00:00:00+00:00,1.5618000030517578,native,238.82451644983007,11.551162548812584,0.49946881864832754,3
EURNZD,-1,2012-08-29 00:00:00+00:00,2012-08-30 00:00:00+00:00,1.5635000467300415,1.5977732464671135,14447.123617213083,2012-09-12 00:00:00+00:00,1.5724999904632568,native,-139.08453570190738,9.061236040183282,-0.28089422098050226,9
AUDCHF,1,2012-08-31 00:00:00+00:00,2012-09-03 00:00:00+00:00,0.980400025844574,0.9585306025110185,22278.78334265363,2012-09-13 00:00:00+00:00,0.9799000024795532,native,-19.874532139088146,8.734619923526202,-0.040791353163702526,8
EURJPY,-1,2012-09-07 00:00:00+00:00,2012-09-10 00:00:00+00:00,100.12100219726562,102.64048409461975,193.12609663697233,2012-09-14 00:00:00+00:00,102.64048409461975,stop,-494.4094112626879,7.831706879172559,-1.0160954906248636,4
NZDJPY,-1,2012-09-07 00:00:00+00:00,2012-09-10 00:00:00+00:00,63.45000076293945,65.08759307861328,297.1299387071811,2012-09-14 00:00:00+00:00,65.08759307861328,stop,-494.21617785945716,7.638473475941822,-1.0156983630921184,4
EURUSD,-1,2012-09-07 00:00:00+00:00,2012-09-10 00:00:00+00:00,1.2795906066894531,1.3085238048806787,16817.280314731266,2012-09-14 00:00:00+00:00,1.3085238048806787,stop,-495.2827134927095,8.705009109194133,-1.017890275347127,4
EURAUD,-1,2012-08-31 00:00:00+00:00,2012-09-03 00:00:00+00:00,1.2237000465393066,1.249032437801361,19233.24723816627,2012-09-17 00:00:00+00:00,1.2443000078201294,max_hold,-405.6976794565769,9.493531045860566,-0.8326715418804866,10
CHFJPY,-1,2012-09-06 00:00:00+00:00,2012-09-07 00:00:00+00:00,82.7030029296875,84.80624103546143,231.90567809936255,2012-09-17 00:00:00+00:00,84.80624103546143,stop,-495.5221280858509,7.769268961929884,-1.0159286999893444,6
GBPNZD,1,2012-09-07 00:00:00+00:00,2012-09-10 00:00:00+00:00,1.9728000164031982,1.933907832019031,12510.937919485916,2012-09-18 00:00:00+00:00,1.965090036392212,native,-106.31242087478418,9.853339596856898,-0.21849011970139487,6
EURGBP,-1,2012-09-13 00:00:00+00:00,2012-09-14 00:00:00+00:00,0.8041999936103821,0.8170296824537218,37081.731649809044,2012-09-19 00:00:00+00:00,0.8030999898910522,native,28.86974940019223,11.920293333788539,0.06068297775075933,3
AUDCAD,-1,2012-09-14 00:00:00+00:00,2012-09-17 00:00:00+00:00,1.0233999490737915,1.0415147743187845,25410.983896572427,2012-09-19 00:00:00+00:00,1.0185999870300293,native,111.5939126995731,10.377845498627224,0.242429170425218,2
AUDJPY,-1,2012-09-13 00:00:00+00:00,2012-09-14 00:00:00+00:00,81.78299713134766,83.8610251545906,228.94160883202372,2012-09-20 00:00:00+00:00,82.07499694824219,native,-74.35369041540423,7.502782556913904,-0.15628827526763286,4
GBPCHF,1,2012-09-11 00:00:00+00:00,2012-09-12 00:00:00+00:00,1.5091999769210815,1.4833667669445276,18831.103004905268,2012-09-21 00:00:00+00:00,1.5119999647140503,native,41.34835308200291,11.37850545986899,0.08499709508166321,7
EURCAD,-1,2012-09-14 00:00:00+00:00,2012-09-17 00:00:00+00:00,1.2740000486373901,1.3030333379283547,15854.749628144753,2012-09-21 00:00:00+00:00,1.2661000490188599,native,117.19798579848337,8.054530215753177,0.2546035871071442,4
USDJPY,-1,2012-09-18 00:00:00+00:00,2012-09-19 00:00:00+00:00,78.76599884033203,80.06697455048561,357.24838925115546,2012-09-21 00:00:00+00:00,78.2030029296875,native,189.91399762380598,11.215384608940251,0.4086180134967869,2
NZDCAD,-1,2012-09-13 00:00:00+00:00,2012-09-14 00:00:00+00:00,0.8047999739646912,0.8207954936660826,29742.520888388866,2012-09-25 00:00:00+00:00,0.8033000230789185,native,35.04653100111453,9.565789550537527,0.07366630833892064,7
NZDUSD,1,2012-09-24 00:00:00+00:00,2012-09-25 00:00:00+00:00,0.82182776927948,0.8023623330518603,24083.79681359865,2012-09-28 00:00:00+00:00,0.8308407664299011,native,209.10668540943593,7.960506642850468,0.44604515109502946,3
NZDJPY,1,2012-09-24 00:00:00+00:00,2012-09-25 00:00:00+00:00,63.959999084472656,62.083842515945435,249.87339482123386,2012-09-28 00:00:00+00:00,64.46299743652344,native,119.26800779365149,6.41789802276336,0.2544104051621194,3
GBPUSD,1,2012-09-25 00:00:00+00:00,2012-09-26 00:00:00+00:00,1.6193808317184448,1.5966772469691932,20442.50944734515,2012-09-28 00:00:00+00:00,1.6233766078948975,native,68.4256723176608,13.258019918948904,0.14743154992914964,2
AUDUSD,1,2012-09-25 00:00:00+00:00,2012-09-26 00:00:00+00:00,1.036301612854004,1.0122508369386196,19297.43337005189,2012-09-28 00:00:00+00:00,1.0437977313995361,native,136.62773246665415,8.028115699764264,0.2943812998628734,2
CADJPY,1,2012-09-21 00:00:00+00:00,2012-09-24 00:00:00+00:00,79.87999725341797,77.90059888362885,236.62774034802504,2012-10-02 00:00:00+00:00,79.47599792480469,native,-103.13905804186669,7.541609809986721,-0.22020353977322996,6
EURUSD,1,2012-09-24 00:00:00+00:00,2012-09-25 00:00:00+00:00,1.2941633462905884,1.2649544700980186,16049.970834321566,2012-10-03 00:00:00+00:00,1.2914891242980957,native,-51.22111433213673,8.299929348127977,-0.10925968070699828,6
GBPJPY,1,2012-09-24 00:00:00+00:00,2012-09-25 00:00:00+00:00,126.3010025024414,123.45109033584595,164.4968629170386,2012-10-03 00:00:00+00:00,126.11900329589844,native,-38.242758347974046,8.30445981826552,-0.08157556939039426,6
USDCHF,-1,2012-09-25 00:00:00+00:00,2012-09-26 00:00:00+00:00,0.9373999834060669,0.957825337536633,22722.653558825394,2012-10-03 00:00:00+00:00,0.9368000030517578,native,5.115786334619305,8.51735939844728,0.011022592586563736,5
USDCAD,-1,2012-09-21 00:00:00+00:00,2012-09-24 00:00:00+00:00,0.9775999784469604,0.9934523059055209,29546.485506065743,2012-10-05 00:00:00+00:00,0.9810400009155273,native,-113.21475956041917,11.57418555236693,-0.24171532378800287,9
USDJPY,-1,2012-10-02 00:00:00+00:00,2012-10-03 00:00:00+00:00,78.20099639892578,79.38260397315025,399.46751704942284,2012-10-09 00:00:00+00:00,78.28900146484375,native,-47.65769934796366,12.5025341779419,-0.10096674064485849,4
EURCAD,-1,2012-10-03 00:00:00+00:00,2012-10-04 00:00:00+00:00,1.274899959564209,1.299147411249578,19381.335502569964,2012-10-09 00:00:00+00:00,1.2662999629974365,native,156.8290491259125,9.850369655654413,0.3337157523709068,3
CADCHF,1,2012-10-03 00:00:00+00:00,2012-10-04 00:00:00+00:00,0.9495000243186951,0.9311678535304964,25635.152630097702,2012-10-09 00:00:00+00:00,0.9549999833106995,native,131.2278585433906,9.764429675920354,0.27923910646598915,3
EURGBP,-1,2012-10-03 00:00:00+00:00,2012-10-04 00:00:00+00:00,0.8025000095367432,0.8155136867426336,36111.852842314125,2012-10-10 00:00:00+00:00,0.803600013256073,native,-51.32302197306348,11.599849534626308,-0.10921000278423264,4
EURJPY,-1,2012-10-03 00:00:00+00:00,2012-10-04 00:00:00+00:00,101.37999725341797,104.13125330209732,170.81216283816084,2012-10-10 00:00:00+00:00,100.552001953125,native,134.5331797567338,6.898488306140678,0.2862724830099785,4
CHFJPY,-1,2012-10-03 00:00:00+00:00,2012-10-04 00:00:00+00:00,83.66999816894531,85.81224828958511,219.37120771693012,2012-10-10 00:00:00+00:00,82.98899841308594,native,142.07970182638726,7.312037071418385,0.3023306897280217,4
EURNZD,-1,2012-10-04 00:00:00+00:00,2012-10-05 00:00:00+00:00,1.583799958229065,1.6224311999976635,12074.62325834004,2012-10-10 00:00:00+00:00,1.5757499933242798,native,89.57021840195728,7.630075066182632,0.19202217104251257,3
GBPCAD,1,2012-10-01 00:00:00+00:00,2012-10-02 00:00:00+00:00,1.583400011062622,1.5594941303133965,19705.40094674944,2012-10-15 00:00:00+00:00,1.5739699602127075,native,-198.26638119004298,12.443448244241427,-0.42088074268067033,9
EURUSD,1,2012-10-09 00:00:00+00:00,2012-10-10 00:00:00+00:00,1.2858428955078125,1.2576048895716667,16737.808199546977,2012-10-15 00:00:00+00:00,1.2941633462905884,native,130.62937941010202,8.636729925771132,0.2763810430546793,3
GBPUSD,1,2012-10-09 00:00:00+00:00,2012-10-10 00:00:00+00:00,1.5997439622879028,1.5762738371267915,20138.04034074851,2012-10-15 00:00:00+00:00,1.605909824371338,native,111.25726231686346,12.911117054843402,0.23539419956981616,3
GBPCHF,1,2012-10-02 00:00:00+00:00,2012-10-03 00:00:00+00:00,1.5109000205993652,1.4867782276123762,19567.941904519266,2012-10-17 00:00:00+00:00,1.4882800579071045,max_hold,-454.3636721520326,11.737556307481228,-0.9626066652875469,10
NZDUSD,1,2012-10-05 00:00:00+00:00,2012-10-08 00:00:00+00:00,0.8187325596809387,0.7989091714844108,23304.023574136572,2012-10-17 00:00:00+00:00,0.8177283406257629,native,-31.02956921519359,7.627224679780028,-0.06716870103317324,7
EURCAD,-1,2012-10-15 00:00:00+00:00,2012-10-16 00:00:00+00:00,1.2718000411987305,1.2947405991144478,20705.3183650707,2012-10-22 00:00:00+00:00,1.2947405991144478,stop,-485.6197633281861,10.628208210915354,-1.0223755729894848,4
CADCHF,1,2012-10-15 00:00:00+00:00,2012-10-16 00:00:00+00:00,0.9495999813079834,0.9318662616424263,26784.65454936737,2012-10-22 00:00:00+00:00,0.9318662616424263,stop,-485.07043979001537,10.078884672744564,-1.0212190818218994,4
NZDCAD,-1,2012-10-16 00:00:00+00:00,2012-10-17 00:00:00+00:00,0.8055800199508667,0.8210708191618323,29709.209102071483,2012-10-24 00:00:00+00:00,0.805079996585846,native,5.285011662595915,9.57028704472702,0.011483678749607939,5
AUDCAD,-1,2012-10-16 00:00:00+00:00,2012-10-17 00:00:00+00:00,1.0159300565719604,1.0343133360147476,25034.673184895353,2012-10-24 00:00:00+00:00,1.0190099477767944,native,-87.29288135000051,10.188811591948122,-0.18967666876607486,5
GBPCHF,1,2012-10-17 00:00:00+00:00,2012-10-18 00:00:00+00:00,1.4880000352859497,1.4656763533130288,20766.765345263353,2012-10-24 00:00:00+00:00,1.487720012664795,native,-18.174380058684786,12.359215993797786,-0.03920350736973094,4
AUDNZD,-1,2012-10-11 00:00:00+00:00,2012-10-12 00:00:00+00:00,1.256100058555603,1.2759698028676212,23865.640833251768,2012-10-25 00:00:00+00:00,1.26010000705719,native,-107.47147969648077,12.01014540610389,-0.22663545358184264,9
USDJPY,-1,2012-10-15 00:00:00+00:00,2012-10-16 00:00:00+00:00,78.77400207519531,80.03002825379372,378.1701076066046,2012-10-25 00:00:00+00:00,80.03002825379372,stop,-487.002542564846,12.010987447575255,-1.025286738928674,7
NZDCHF,1,2012-10-15 00:00:00+00:00,2012-10-16 00:00:00+00:00,0.7605999708175659,0.7432002630084753,27298.823654332155,2012-10-25 00:00:00+00:00,0.7651000022888184,native,114.51560266961518,8.329962903050099,0.24108976556718445,7
GBPAUD,1,2012-10-17 00:00:00+00:00,2012-10-18 00:00:00+00:00,1.5540000200271606,1.5249122260138392,15937.63573001178,2012-10-26 00:00:00+00:00,1.5568000078201294,native,34.70942595826745,9.915759534548123,0.07487084742149602,6
CHFJPY,-1,2012-10-15 00:00:00+00:00,2012-10-16 00:00:00+00:00,84.51899719238281,86.84922564029694,203.83905086321207,2012-10-29 00:00:00+00:00,85.08000183105469,native,-121.2688328743919,6.914179797657667,-0.2553073450841707,9
USDCHF,-1,2012-10-25 00:00:00+00:00,2012-10-26 00:00:00+00:00,0.9351999759674072,0.9531407314352691,25310.19790837515,2012-10-31 00:00:00+00:00,0.9320999979972839,native,69.00870955635354,9.45234637907002,0.15197342052927987,3
EURUSD,1,2012-10-26 00:00:00+00:00,2012-10-29 00:00:00+00:00,1.2923235893249512,1.2665737429633737,17661.547294103846,2012-10-31 00:00:00+00:00,1.2962435483932495,native,60.08892229034777,9.143620185354607,0.13212683264127514,2
USDCAD,-1,2012-10-26 00:00:00+00:00,2012-10-29 00:00:00+00:00,0.9979900121688843,1.0162108936347067,24959.392342459378,2012-11-02 00:00:00+00:00,0.9962000250816345,native,34.722235689570844,9.954754309031877,0.07634916468827695,4
EURAUD,1,2012-10-24 00:00:00+00:00,2012-10-25 00:00:00+00:00,1.2529000043869019,1.226756725460291,17426.62032878736,2012-11-06 00:00:00+00:00,1.226756725460291,stop,-464.23140327899046,8.642407275353897,-1.018969745431,8
AUDCHF,-1,2012-10-24 00:00:00+00:00,2012-10-25 00:00:00+00:00,0.9646000266075134,0.9835162009112537,24084.626663307583,2012-11-06 00:00:00+00:00,0.9835162009112537,stop,-464.97292641094066,9.383930407304137,-1.0205973596588562,8
EURCHF,1,2012-10-29 00:00:00+00:00,2012-10-30 00:00:00+00:00,1.208299994468689,1.2017146467696875,56331.68500766489,2012-11-07 00:00:00+00:00,1.207900047302246,native,-49.75142173347735,27.221723933709413,-0.13411397775260675,6
GBPCAD,1,2012-11-05 00:00:00+00:00,2012-11-06 00:00:00+00:00,1.5920300483703613,1.5644941022619605,16365.729967963982,2012-11-09 00:00:00+00:00,1.5978000164031982,native,83.98895925243784,10.440779496755427,0.18637463915999244,3
NZDCAD,1,2012-11-08 00:00:00+00:00,2012-11-09 00:00:00+00:00,0.8131999969482422,0.798274980392307,29924.8126945677,2012-11-14 00:00:00+00:00,0.817550003528595,native,120.41315447400689,9.759977663187108,0.26960483193951784,3
GBPJPY,1,2012-11-08 00:00:00+00:00,2012-11-09 00:00:00+00:00,126.9520034790039,124.08419972658157,155.73880343884406,2012-11-15 00:00:00+00:00,126.98699951171875,native,-2.459391034329231,7.909631294445638,-0.0055065720135005864,4
GBPAUD,1,2012-11-05 00:00:00+00:00,2012-11-06 00:00:00+00:00,1.5393999814987183,1.5120147503912449,16455.79899084789,2012-11-16 00:00:00+00:00,1.5338000059127808,native,-102.2664648461471,10.114392250303979,-0.22693310708354197,8
AUDNZD,-1,2012-11-07 00:00:00+00:00,2012-11-08 00:00:00+00:00,1.2690000534057617,1.2877137251198292,23933.590239967285,2012-11-16 00:00:00+00:00,1.274999976158142,native,-155.7771034825379,12.177410855609427,-0.34780575708188827,6
NZDJPY,1,2012-11-08 00:00:00+00:00,2012-11-09 00:00:00+00:00,64.625,62.636483550071716,224.60378686622826,2012-11-16 00:00:00+00:00,65.71199798583984,native,238.28902727231255,5.854836663279119,0.5335286948624128,5
GBPUSD,1,2012-11-09 00:00:00+00:00,2012-11-12 00:00:00+00:00,1.5894461870193481,1.566232759039849,19209.264226110852,2012-11-19 00:00:00+00:00,1.5905836820602417,native,9.633235996000149,12.21720680041491,0.021603404181430065,5
NZDUSD,1,2012-11-08 00:00:00+00:00,2012-11-09 00:00:00+00:00,0.8134048581123352,0.795837489888072,25423.746983502053,2012-11-20 00:00:00+00:00,0.8184645771980286,native,120.33937071557608,8.297647126688211,0.26943963023976586,7
CADCHF,1,2012-11-14 00:00:00+00:00,2012-11-15 00:00:00+00:00,0.9413999915122986,0.9245255007408559,26308.251263819107,2012-11-20 00:00:00+00:00,0.9452000260353088,native,90.04563358334715,9.926629459193599,0.20283364789254107,3
EURNZD,-1,2012-11-15 00:00:00+00:00,2012-11-16 00:00:00+00:00,1.576799988746643,1.611454838886857,12809.745227936713,2012-11-20 00:00:00+00:00,1.5598499774932861,native,209.08938837881263,8.035937387349957,0.4710071229298979,2
CHFJPY,-1,2012-11-14 00:00:00+00:00,2012-11-15 00:00:00+00:00,84.79000091552734,87.12177592515945,190.3864400854657,2012-11-21 00:00:00+00:00,87.12177592515945,stop,-450.4842774044031,6.545934240293073,-1.0147451427458098,4
GBPCHF,1,2012-11-13 00:00:00+00:00,2012-11-14 00:00:00+00:00,1.503600001335144,1.4825472771190107,21111.526785278154,2012-11-28 00:00:00+00:00,1.490399956703186,max_hold,-291.31467787629816,12.641582061849576,-0.6554422354989665,10
EURGBP,-1,2012-11-14 00:00:00+00:00,2012-11-15 00:00:00+00:00,0.8035699725151062,0.8148713931441307,39281.64057746685,2012-11-29 00:00:00+00:00,0.8085799813270569,max_hold,-209.46694444974997,12.665579008761526,-0.47183792000664526,10
AUDCHF,1,2012-11-22 00:00:00+00:00,2012-11-23 00:00:00+00:00,0.9706599712371826,0.9518455532379448,23693.85623900772,2012-11-29 00:00:00+00:00,0.9732199907302856,native,51.44513136569155,9.211602472949,0.11540317116359895,4
CADCHF,-1,2012-12-06 00:00:00+00:00,2012-12-07 00:00:00+00:00,0.9402999877929688,0.9558378946967423,28689.98351479587,2012-12-13 00:00:00+00:00,0.9405999779701233,native,-19.39931103930912,10.792597802144645,-0.043517455375083,4
USDCHF,-1,2012-12-06 00:00:00+00:00,2012-12-07 00:00:00+00:00,0.9327399730682373,0.948859631549567,27654.574285182018,2012-12-13 00:00:00+00:00,0.9265999794006348,native,159.51506002387015,10.283850967391444,0.3578317545492417,4
EURNZD,-1,2012-12-17 00:00:00+00:00,2012-12-18 00:00:00+00:00,1.558500051498413,1.5876781297847629,15326.007628910405,2012-12-19 00:00:00+00:00,1.5876781297847629,stop,-456.82712057519313,9.643670161651485,-1.0215653556783761,1
NZDCHF,1,2012-12-17 00:00:00+00:00,2012-12-18 00:00:00+00:00,0.7746000289916992,0.7589094485156238,28500.121528033673,2012-12-19 00:00:00+00:00,0.7589094485156238,stop,-455.9244917082117,8.741041294670026,-1.0195468801150547,1
GBPAUD,-1,2012-12-17 00:00:00+00:00,2012-12-18 00:00:00+00:00,1.536460041999817,1.557820530142635,20935.076362657608,2012-12-21 00:00:00+00:00,1.557820530142635,stop,-460.1392504265997,12.955800013058022,-1.0289720024322835,3
GBPNZD,-1,2012-12-18 00:00:00+00:00,2012-12-19 00:00:00+00:00,1.934209942817688,1.968624047935009,12801.554295336127,2012-12-21 00:00:00+00:00,1.968624047935009,stop,-450.5465034324506,9.992468247660806,-1.0226815951043768,2
AUDCAD,1,2012-12-21 00:00:00+00:00,2012-12-24 00:00:00+00:00,1.0326900482177734,1.0194863784126937,31315.875597569946,2012-12-25 00:00:00+00:00,1.0194863784126937,stop,-426.33762138339154,12.853140336125069,-1.0310849401253728,1
EURNZD,-1,2012-12-19 00:00:00+00:00,2012-12-20 00:00:00+00:00,1.5814000368118286,1.6138352109119296,13366.786626430216,2012-12-26 00:00:00+00:00,1.6138352109119296,stop,-442.09605694268015,8.542005555514475,-1.0197022851664843,4
NZDUSD,1,2012-12-19 00:00:00+00:00,2012-12-20 00:00:00+00:00,0.8353520631790161,0.8203525091521442,28904.462800057074,2012-12-26 00:00:00+00:00,0.8203525091521442,stop,-443.12550163093175,9.571450243766087,-1.0220767173392615,4
NZDCHF,1,2012-12-19 00:00:00+00:00,2012-12-20 00:00:00+00:00,0.762499988079071,0.7455294323153794,25547.42799376967,2012-12-26 00:00:00+00:00,0.7455294323153794,stop,-441.25930599316837,7.705254606002686,-1.0177723044712639,4
AUDNZD,-1,2012-12-19 00:00:00+00:00,2012-12-20 00:00:00+00:00,1.253999948501587,1.2690202938392758,28864.45295630424,2012-12-26 00:00:00+00:00,1.2690202938392758,stop,-448.1191712057359,14.565119818570231,-1.0335947035253592,4
NZDCAD,1,2012-12-20 00:00:00+00:00,2012-12-21 00:00:00+00:00,0.8234400153160095,0.8102888050489128,32715.836644618506,2012-12-26 00:00:00+00:00,0.8102888050489128,stop,-440.9426078191001,10.689761041732819,-1.0248452999714008,3
AUDCAD,1,2012-12-25 00:00:00+00:00,2012-12-26 00:00:00+00:00,1.027899980545044,1.0105327973142266,23513.697769829527,2012-12-28 00:00:00+00:00,1.0311000347137451,native,65.56216575654852,9.68294081337391,0.16054728787002012,2
AUDUSD,1,2012-12-19 00:00:00+00:00,2012-12-20 00:00:00+00:00,1.0476360321044922,1.032499074935913,28642.087478923822,2012-12-31 00:00:00+00:00,1.0392417907714844,native,-252.38310201133586,11.954507432127965,-0.5821260375813134,7
NZDUSD,1,2012-12-26 00:00:00+00:00,2012-12-27 00:00:00+00:00,0.8198065161705017,0.8043508538976312,25811.149490557906,2012-12-31 00:00:00+00:00,0.8233163356781006,native,82.11029808342774,8.482177912083221,0.2058271513096618,2
NZDCAD,1,2012-12-26 00:00:00+00:00,2012-12-27 00:00:00+00:00,0.814300000667572,0.8004812961444259,28868.727074411177,2012-12-31 00:00:00+00:00,0.8180699944496155,native,99.41003279134054,9.424888774699198,0.2491926632668184,2
GBPUSD,1,2012-12-27 00:00:00+00:00,2012-12-28 00:00:00+00:00,1.6116034984588623,1.5915889483876526,20002.053600284395,2012-12-31 00:00:00+00:00,1.616292119026184,native,80.86913166755423,12.912908231411798,0.20200511275247515,1
GBPNZD,-1,2012-12-21 00:00:00+00:00,2012-12-24 00:00:00+00:00,1.9615000486373901,1.9996400522068143,10841.228168597923,2013-01-01 00:00:00+00:00,1.959779977798462,native,10.145382135061157,8.502298295911354,0.024536306923454793,6
USDCAD,-1,2012-12-21 00:00:00+00:00,2012-12-24 00:00:00+00:00,0.9935700297355652,1.0049061828758568,36474.84961875095,2013-01-03 00:00:00+00:00,0.9855999946594238,native,276.2678450564769,14.437985801949377,0.6681456202582269,8
GBPCHF,-1,2012-12-31 00:00:00+00:00,2013-01-01 00:00:00+00:00,1.4881000518798828,1.5093752946704626,18953.347457624324,2013-01-07 00:00:00+00:00,1.4855999946594238,native,36.11213911993901,11.272314043362622,0.08955560366130134,4
EURGBP,1,2013-01-02 00:00:00+00:00,2013-01-03 00:00:00+00:00,0.8111000061035156,0.7999214585870504,36016.05460850543,2013-01-07 00:00:00+00:00,0.813289999961853,native,67.17411456137924,11.700823832792157,0.1668477818229201,2
EURNZD,1,2012-12-31 00:00:00+00:00,2013-01-01 00:00:00+00:00,1.5923999547958374,1.5556810665875673,10981.734157309156,2013-01-09 00:00:00+00:00,1.5556810665875673,stop,-410.1513466316764,6.914277776500567,-1.0171469299589218,6
NZDCHF,-1,2012-12-31 00:00:00+00:00,2013-01-01 00:00:00+00:00,0.7573800086975098,0.775594680570066,22138.03639596316,2013-01-09 00:00:00+00:00,0.775594680570066,stop,-410.024478748195,6.787409893019182,-1.0168323063955633,6
AUDCHF,-1,2013-01-02 00:00:00+00:00,2013-01-03 00:00:00+00:00,0.9625999927520752,0.9830278432928026,19708.739154621173,2013-01-11 00:00:00+00:00,0.9670000076293945,native,-94.32474210959434,7.6059966160550605,-0.23428479995258555,6
EURAUD,1,2013-01-02 00:00:00+00:00,2013-01-03 00:00:00+00:00,1.2563999891281128,1.2320408904924989,16527.999817208183,2013-01-11 00:00:00+00:00,1.2546000480651855,native,-38.04978719019514,8.300361631148116,-0.09450846703334453,6
CADCHF,-1,2013-01-02 00:00:00+00:00,2013-01-03 00:00:00+00:00,0.9307000041007996,0.948378317989409,22774.071120899887,2013-01-11 00:00:00+00:00,0.9294000267982483,native,21.133365464721606,8.472410079136598,0.05249127842273277,6
EURCAD,1,2013-01-02 00:00:00+00:00,2013-01-03 00:00:00+00:00,1.299299955368042,1.2761180908419192,17367.333733794338,2013-01-11 00:00:00+00:00,1.304900050163269,native,88.21311312847058,9.045602121122268,0.21910467073936865,6
USDCHF,-1,2013-01-02 00:00:00+00:00,2013-01-03 00:00:00+00:00,0.9178100228309631,0.9343037558719516,24409.706207579995,2013-01-11 00:00:00+00:00,0.9140999913215637,native,81.61750211646688,8.943277048837379,0.20272242179860872,6
GBPCAD,1,2013-01-03 00:00:00+00:00,2013-01-04 00:00:00+00:00,1.5892000198364258,1.5640090620145202,15541.650239949244,2013-01-11 00:00:00+00:00,1.589400053024292,native,-6.771292274816982,9.880138117015692,-0.017295365654062863,5
GBPCHF,-1,2013-01-15 00:00:00+00:00,2013-01-16 00:00:00+00:00,1.496899962425232,1.5209526857361197,16609.319965472823,2013-01-21 00:00:00+00:00,1.4808299541473389,native,257.0202955442999,9.891613791022905,0.6433559349836204,3
USDCHF,-1,2013-01-17 00:00:00+00:00,2013-01-18 00:00:00+00:00,0.9331700205802917,0.9528228370472789,20353.617332460944,2013-01-23 00:00:00+00:00,0.9292700290679932,native,71.79745642613288,7.581478415038151,0.17949099093732643,3
AUDUSD,1,2013-01-18 00:00:00+00:00,2013-01-21 00:00:00+00:00,1.0504422187805176,1.0330476895906031,22978.336313131753,2013-01-23 00:00:00+00:00,1.0562005043029785,native,122.63439232562015,9.68142899652485,0.3068181334243104,2
USDCAD,-1,2013-01-18 00:00:00+00:00,2013-01-21 00:00:00+00:00,0.9920200109481812,1.0049345609731972,30949.38197306216,2013-01-25 00:00:00+00:00,1.0049345609731972,stop,-412.0582437002913,12.360901965849514,-1.0309256546771384,4
GBPJPY,1,2013-01-22 00:00:00+00:00,2013-01-23 00:00:00+00:00,140.20799255371094,135.1589082479477,79.53723671715716,2013-01-25 00:00:00+00:00,142.85000610351562,native,205.6357269119752,4.502730208776916,0.5120536306201408,2
CADJPY,1,2013-01-23 00:00:00+00:00,2013-01-24 00:00:00+00:00,88.55999755859375,85.38460433483124,125.65111076027281,2013-01-25 00:00:00+00:00,90.30000305175781,native,214.13883139558598,4.4947915494547495,0.5366999842062559,1
AUDJPY,1,2013-01-23 00:00:00+00:00,2013-01-24 00:00:00+00:00,93.30999755859375,90.22769093513489,129.4458126358201,2013-01-25 00:00:00+00:00,94.55999755859375,native,156.94346895720872,4.863796837566378,0.3933502240656441,1
GBPUSD,1,2013-01-16 00:00:00+00:00,2013-01-17 00:00:00+00:00,1.600256085395813,1.5730483187362552,14727.851702428872,2013-01-28 00:00:00+00:00,1.5730483187362552,stop,-410.05914385040046,9.347191334144304,-1.02332646000562,7
GBPUSD,-1,2013-01-31 00:00:00+00:00,2013-02-01 00:00:00+00:00,1.5870496034622192,1.6126650488004088,15603.112816440893,2013-02-04 00:00:00+00:00,1.5703518390655518,native,250.68404348064198,9.853058182910805,0.627210805670007,1
NZDCHF,1,2013-01-25 00:00:00+00:00,2013-01-28 00:00:00+00:00,0.7742000222206116,0.7545577110722661,20479.624679265948,2013-02-11 00:00:00+00:00,0.765999972820282,max_hold,-174.24247763607875,6.3085435658889555,-0.4331511365990366,10
AUDUSD,1,2013-01-25 00:00:00+00:00,2013-01-28 00:00:00+00:00,1.041135311126709,1.0235261004418135,22844.133524765275,2013-02-11 00:00:00+00:00,1.032002329826355,max_hold,-218.10685092150098,9.471806617029738,-0.5421940255808386,10
AUDCAD,1,2013-01-31 00:00:00+00:00,2013-02-01 00:00:00+00:00,1.0394999980926514,1.0230553564615548,24304.614987739005,2013-02-11 00:00:00+00:00,1.035730004310608,native,-101.71578062261945,10.087533243883183,-0.2544926108094842,6
EURCAD,1,2013-02-07 00:00:00+00:00,2013-02-08 00:00:00+00:00,1.3351000547409058,1.3038944192230701,12677.76039833504,2013-02-12 00:00:00+00:00,1.347000002861023,native,144.0640866405356,6.800604378927573,0.36414986972792024,2
NZDCAD,1,2013-02-07 00:00:00+00:00,2013-02-08 00:00:00+00:00,0.8309999704360962,0.8132135886698961,22242.723414646163,2013-02-12 00:00:00+00:00,0.8398000001907349,native,188.30399954751422,7.432628325570308,0.47597481442803746,2
GBPAUD,-1,2013-02-07 00:00:00+00:00,2013-02-08 00:00:00+00:00,1.5276000499725342,1.5593917397782207,12444.05605964773,2013-02-13 00:00:00+00:00,1.5160000324249268,native,136.77632264562365,7.574946009700492,0.3457286353228683,3
EURUSD,1,2013-02-08 00:00:00+00:00,2013-02-11 00:00:00+00:00,1.3367197513580322,1.3077471749857068,13886.177437205855,2013-02-13 00:00:00+00:00,1.3451708555221558,native,109.90529019646588,7.448241766862797,0.27317991817626675,2
GBPCHF,-1,2013-02-08 00:00:00+00:00,2013-02-11 00:00:00+00:00,1.4493900537490845,1.484582264907658,11432.027800307591,2013-02-14 00:00:00+00:00,1.4247000217437744,native,275.6857967464643,6.571335528724502,0.685242932919163,3
CADCHF,-1,2013-02-07 00:00:00+00:00,2013-02-08 00:00:00+00:00,0.9200000166893005,0.9434979474171996,16836.272723503153,2013-02-19 00:00:00+00:00,0.9129999876022339,native,111.68222118742197,6.172177594886945,0.2822984356802311,7
EURCAD,1,2013-02-14 00:00:00+00:00,2013-02-15 00:00:00+00:00,1.3358999490737915,1.3040099842473865,12695.373019432698,2013-02-19 00:00:00+00:00,1.3489999771118164,native,159.4925812911985,6.817161216554722,0.3939498874073864,2
EURNZD,1,2013-02-13 00:00:00+00:00,2013-02-14 00:00:00+00:00,1.5893000364303589,1.5446391580626369,9148.085681717164,2013-02-21 00:00:00+00:00,1.5901000499725342,native,1.5015075489791032,5.817084881374525,0.0036751074070531325,5
USDCHF,-1,2013-02-07 00:00:00+00:00,2013-02-08 00:00:00+00:00,0.9185000061988831,0.9387103840708733,19574.971466574345,2013-02-22 00:00:00+00:00,0.9305999875068665,max_hold,-244.09600477298451,7.2392159231265705,-0.616999908943147,10
GBPJPY,1,2013-02-14 00:00:00+00:00,2013-02-15 00:00:00+00:00,143.89999389648438,138.66738283634186,77.37150619346312,2013-02-27 00:00:00+00:00,138.66738283634186,stop,-409.2275317555913,4.372532707790898,-1.0108002438356323,8
AUDCHF,-1,2013-02-14 00:00:00+00:00,2013-02-15 00:00:00+00:00,0.9545999765396118,0.9799776496365666,15953.196240690038,2013-02-27 00:00:00+00:00,0.9534000158309937,native,13.055469004598375,6.087739661104673,0.03224727133246277,8
CADJPY,1,2013-02-20 00:00:00+00:00,2013-02-21 00:00:00+00:00,92.05000305175781,88.95047664642334,131.6604408952088,2013-02-27 00:00:00+00:00,88.95047664642334,stop,-412.8511336845397,4.766120591861364,-1.0116792345686534,4
EURAUD,1,2013-02-21 00:00:00+00:00,2013-02-22 00:00:00+00:00,1.2807999849319458,1.2465202836319804,11801.142593534843,2013-02-28 00:00:00+00:00,1.2860300540924072,native,55.662486475875355,6.058305460779,0.13759463979522246,4
NZDJPY,1,2013-02-21 00:00:00+00:00,2013-02-22 00:00:00+00:00,77.75700378417969,74.97284471988678,145.30047808436333,2013-03-04 00:00:00+00:00,77.02999877929688,native,-110.13229987394129,4.4981250947437434,-0.2722410565963864,6
NZDUSD,1,2013-02-20 00:00:00+00:00,2013-02-21 00:00:00+00:00,0.8345852494239807,0.8151069455780089,20950.74685761572,2013-03-05 00:00:00+00:00,0.8278145790100098,native,-148.81630549578642,6.965703596332867,-0.3646698622132184,8
AUDNZD,-1,2013-02-20 00:00:00+00:00,2013-02-21 00:00:00+00:00,1.2273999452590942,1.2497154814191163,18287.035998882122,2013-03-05 00:00:00+00:00,1.2323999404907227,native,-100.43158260717843,8.996489812150607,-0.24610456004266407,8
EURJPY,1,2013-02-21 00:00:00+00:00,2013-02-22 00:00:00+00:00,122.87000274658203,117.33684623241425,73.11191036596188,2013-03-07 00:00:00+00:00,121.88999938964844,native,-75.22889185794199,3.5789742674713443,-0.18596172993230425,9
CHFJPY,1,2013-02-21 00:00:00+00:00,2013-02-22 00:00:00+00:00,100.05999755859375,96.19299924373627,104.61334869228729,2013-03-08 00:00:00+00:00,100.66999816894531,native,59.614399146006804,4.199807407209277,0.14736355302163004,10
EURUSD,1,2013-02-22 00:00:00+00:00,2013-02-25 00:00:00+00:00,1.3194352388381958,1.290455342270434,14147.209046538803,2013-03-08 00:00:00+00:00,1.311131477355957,native,-124.91808501080195,7.443035448973158,-0.3046896597726376,9
EURAUD,1,2013-03-06 00:00:00+00:00,2013-03-07 00:00:00+00:00,1.267899990081787,1.2352463444694877,11951.400163492171,2013-03-08 00:00:00+00:00,1.2757999897003174,native,88.33590146164222,6.080155270848575,0.22635327492467894,1
AUDNZD,-1,2013-03-08 00:00:00+00:00,2013-03-11 00:00:00+00:00,1.2446999549865723,1.2661279775202274,18303.96448174208,2013-03-14 00:00:00+00:00,1.2661279775202274,stop,-401.4093844292672,9.191621059274073,-1.0234349943263619,3
CADCHF,-1,2013-03-01 00:00:00+00:00,2013-03-04 00:00:00+00:00,0.9169999957084656,0.9377155494876206,18867.4105025448,2013-03-18 00:00:00+00:00,0.9235600233078003,native,-130.7160539113419,6.945320286670311,-0.33444143839926677,10
USDCHF,-1,2013-03-01 00:00:00+00:00,2013-03-04 00:00:00+00:00,0.9422199726104736,0.9614638136699796,20310.334913402967,2013-03-18 00:00:00+00:00,0.9452000260353088,native,-68.19270957718663,7.666826458950084,-0.174473350418046,10
NZDCAD,1,2013-03-08 00:00:00+00:00,2013-03-11 00:00:00+00:00,0.8436099886894226,0.8227834864519536,18832.62772105602,2013-03-19 00:00:00+00:00,0.8446000218391418,native,12.286239611518026,6.358686128648904,0.03132504633638425,6
NZDCHF,1,2013-03-14 00:00:00+00:00,2013-03-15 00:00:00+00:00,0.7774099707603455,0.7576785823330283,19536.6244285291,2013-03-19 00:00:00+00:00,0.7820000052452087,native,83.58065843850655,6.093121406264418,0.21681963767634707,2
AUDCHF,-1,2013-03-06 00:00:00+00:00,2013-03-07 00:00:00+00:00,0.9703999757766724,0.993792962282896,16682.64056005092,2013-03-21 00:00:00+00:00,0.9803199768066406,max_hold,-172.0004434987488,6.508631960453398,-0.4407365864868054,10
AUDNZD,-1,2013-03-14 00:00:00+00:00,2013-03-15 00:00:00+00:00,1.2632999420166016,1.2860787934623659,16922.921951343636,2013-03-21 00:00:00+00:00,1.2553000450134277,native,126.8572184020657,8.524414201432856,0.32908494195223026,4
GBPNZD,-1,2013-03-14 00:00:00+00:00,2013-03-15 00:00:00+00:00,1.8361999988555908,1.8857758101075888,7775.661465194584,2013-03-22 00:00:00+00:00,1.8235000371932983,native,93.05928479804088,5.6913177088953155,0.24140848839060364,5
EURAUD,1,2013-03-12 00:00:00+00:00,2013-03-13 00:00:00+00:00,1.2613999843597412,1.2303802957758307,12633.595373958842,2013-03-25 00:00:00+00:00,1.2303802957758307,stop,-398.1862229593437,6.2960287640085255,-1.0160657981681225,8
GBPCAD,-1,2013-03-22 00:00:00+00:00,2013-03-25 00:00:00+00:00,1.5578999519348145,1.5910974517464638,11638.19013532266,2013-03-27 00:00:00+00:00,1.541100025177002,native,188.30739167431906,7.213350192597579,0.4873899195478683,2
GBPUSD,-1,2013-03-14 00:00:00+00:00,2013-03-15 00:00:00+00:00,1.5089784860610962,1.5414195638149977,11882.611548303468,2013-03-28 00:00:00+00:00,1.5128592252731323,native,-53.29478131405446,7.181464737159805,-0.13825393805739342,9
EURGBP,1,2013-03-14 00:00:00+00:00,2013-03-15 00:00:00+00:00,0.8622000217437744,0.8413455155678093,18484.48109513107,2013-03-29 00:00:00+00:00,0.842989981174469,max_hold,-361.3915422145366,6.3039104745097525,-0.9374989944581755,10
CADCHF,-1,2013-03-27 00:00:00+00:00,2013-03-28 00:00:00+00:00,0.9384999871253967,0.9600539631210268,17912.212453576692,2013-04-02 00:00:00+00:00,0.930400013923645,native,138.39321408339842,6.695226774656028,0.35845791064759247,3
USDJPY,1,2013-03-25 00:00:00+00:00,2013-03-26 00:00:00+00:00,93.94200134277344,91.00642210245132,131.04372726207487,2013-04-05 00:00:00+00:00,96.42900085449219,native,320.916300576476,4.989385138109267,0.834222179269323,8
EURCAD,1,2013-03-27 00:00:00+00:00,2013-03-28 00:00:00+00:00,1.298200011253357,1.2662948723882437,12100.853059604658,2013-04-05 00:00:00+00:00,1.3092999458312988,native,128.00808253217835,6.310594766721375,0.3315589576728649,6
AUDJPY,1,2013-04-01 00:00:00+00:00,2013-04-02 00:00:00+00:00,97.22090148925781,94.22970414161682,129.1348719016416,2013-04-05 00:00:00+00:00,100.51300048828125,native,420.01791410591784,5.1068684204962524,1.0873746666006694,3
CADJPY,1,2013-04-01 00:00:00+00:00,2013-04-02 00:00:00+00:00,91.61599731445312,88.55659711360931,126.25608320664071,2013-04-05 00:00:00+00:00,95.16999816894531,native,443.9976539637203,4.716573637517435,1.1494552606833144,3
NZDJPY,1,2013-04-01 00:00:00+00:00,2013-04-02 00:00:00+00:00,78.06999969482422,75.46772050857544,148.4344525219678,2013-04-05 00:00:00+00:00,81.08799743652344,native,443.2499364679219,4.724906033736902,1.1475195121464075,3
GBPJPY,1,2013-04-02 00:00:00+00:00,2013-04-03 00:00:00+00:00,140.96200561523438,136.66476023197174,89.96116159117648,2013-04-05 00:00:00+00:00,146.79299926757812,native,519.385607297034,5.177354898586494,1.3435217532268935,2
EURJPY,1,2013-04-02 00:00:00+00:00,2013-04-03 00:00:00+00:00,119.62000274658203,115.02699339389801,84.16816876166773,2013-04-05 00:00:00+00:00,124.63999938964844,native,418.41214122031323,4.111783416305514,1.0823284389208065,2
USDCAD,1,2013-03-26 00:00:00+00:00,2013-03-27 00:00:00+00:00,1.016700029373169,1.001522044185549,25499.37421258076,2013-04-08 00:00:00+00:00,1.0168999433517456,native,-5.273423990589214,10.371105340641325,-0.013625393187035534,8
EURCHF,1,2013-03-28 00:00:00+00:00,2013-03-29 00:00:00+00:00,1.2163399457931519,1.2014805246144533,25969.6897927307,2013-04-09 00:00:00+00:00,1.2171000242233276,native,7.0998648196987855,12.639136230111975,0.018398457980610936,7
AUDCAD,1,2013-03-27 00:00:00+00:00,2013-03-28 00:00:00+00:00,1.0615999698638916,1.0440649529919028,22017.623368800854,2013-04-10 00:00:00+00:00,1.065369963645935,native,73.64013861319738,9.366164582556552,0.19073832775629126,9
NZDCHF,1,2013-04-05 00:00:00+00:00,2013-04-08 00:00:00+00:00,0.7850499749183655,0.7641674424521625,19677.628620498872,2013-04-10 00:00:00+00:00,0.7943000197410583,native,175.80337421257966,6.215572531339005,0.4278300459113553,2
GBPAUD,-1,2013-04-05 00:00:00+00:00,2013-04-08 00:00:00+00:00,1.4827799797058105,1.5177484583109617,11751.118004456748,2013-04-11 00:00:00+00:00,1.4536000490188599,native,335.99565921953143,6.9011496446947405,0.8176693931715346,3
EURNZD,-1,2013-04-05 00:00:00+00:00,2013-04-08 00:00:00+00:00,1.545199990272522,1.5866192122921348,9920.966606540189,2013-04-11 00:00:00+00:00,1.5221999883651733,native,222.09593632177308,6.0863145513933326,0.5404862964596643,3
GBPUSD,-1,2013-04-05 00:00:00+00:00,2013-04-08 00:00:00+00:00,1.5349195003509521,1.566476340405643,13021.542011598547,2013-04-16 00:00:00+00:00,1.5297536849975586,native,59.28552752140793,7.981354126967036,0.14427555827621844,6
USDCAD,1,2013-04-11 00:00:00+00:00,2013-04-12 00:00:00+00:00,1.0100699663162231,0.9951611002907157,28297.238991716324,2013-04-16 00:00:00+00:00,1.0228999853134155,native,351.5486265149651,11.505487316848372,0.8332910756332055,2
GBPCAD,-1,2013-04-05 00:00:00+00:00,2013-04-08 00:00:00+00:00,1.5607000589370728,1.5966343227773905,11435.289737712887,2013-04-22 00:00:00+00:00,1.5613000392913818,native,-14.001144325342082,7.140195136882095,-0.03407278299607284,10
AUDJPY,1,2013-04-15 00:00:00+00:00,2013-04-16 00:00:00+00:00,100.04000091552734,95.83165752887726,101.13449543270102,2013-04-22 00:00:00+00:00,102.54299926757812,native,249.0418495021857,4.097625901352229,0.5851427808447777,4
CHFJPY,1,2013-04-15 00:00:00+00:00,2013-04-16 00:00:00+00:00,104.05999755859375,100.01486229896545,105.21494528603462,2013-04-22 00:00:00+00:00,106.91000366210938,native,295.423796819175,4.439439427086187,0.6941206963570092,4
NZDJPY,1,2013-04-15 00:00:00+00:00,2013-04-16 00:00:00+00:00,81.65699768066406,77.94753658771515,114.73598842306609,2013-04-22 00:00:00+00:00,83.80999755859375,native,243.22956521896913,3.797003850034203,0.5714863765282336,4
GBPJPY,1,2013-04-15 00:00:00+00:00,2013-04-16 00:00:00+00:00,148.07000732421875,142.57196414470673,77.41093896868509,2013-04-22 00:00:00+00:00,151.97500610351562,native,297.64426893247764,4.6453532444625285,0.6993378645950519,4
CADJPY,1,2013-04-15 00:00:00+00:00,2013-04-16 00:00:00+00:00,94.58399963378906,90.7382698059082,110.67045894145062,2013-04-22 00:00:00+00:00,97.2699966430664,native,293.01400776854524,4.24651396354219,0.6884587135651475,4
USDJPY,1,2013-04-15 00:00:00+00:00,2013-04-16 00:00:00+00:00,96.8010025024414,93.51937520503998,129.69440050471937,2013-04-22 00:00:00+00:00,99.81400299072266,native,385.6693189945298,5.0999730535336045,0.9061594196078686,4
NZDCHF,1,2013-04-16 00:00:00+00:00,2013-04-17 00:00:00+00:00,0.7831000089645386,0.7610562406480312,19643.746478982033,2013-04-24 00:00:00+00:00,0.7955999970436096,native,239.34428027869092,6.202316536878296,0.5527298192816387,5
EURNZD,-1,2013-04-16 00:00:00+00:00,2013-04-17 00:00:00+00:00,1.5509999990463257,1.5921967206522822,10511.083876836377,2013-04-24 00:00:00+00:00,1.542799949645996,native,79.68756888929474,6.503838151771415,0.18402652237975559,5
GBPAUD,-1,2013-04-15 00:00:00+00:00,2013-04-16 00:00:00+00:00,1.4797799587249756,1.5158681813627481,11793.561830083801,2013-04-30 00:00:00+00:00,1.4970999956130981,max_hold,-211.28652949985025,7.021603560444623,-0.49643378281086636,10
GBPCHF,-1,2013-04-23 00:00:00+00:00,2013-04-24 00:00:00+00:00,1.4399000406265259,1.4688288383185863,15428.76750123157,2013-05-01 00:00:00+00:00,1.443600058555603,native,-65.9844869021315,8.89777052401185,-0.14783600737362557,5
AUDCHF,-1,2013-04-23 00:00:00+00:00,2013-04-24 00:00:00+00:00,0.9699000120162964,0.9954589353874326,17463.008406097983,2013-05-01 00:00:00+00:00,0.9638000130653381,native,99.77068899919834,6.753643958574493,0.22353284850777147,5
CADCHF,-1,2013-04-23 00:00:00+00:00,2013-04-24 00:00:00+00:00,0.9204000234603882,0.9418881149031222,20771.30464892403,2013-05-01 00:00:00+00:00,0.9228000044822693,native,-57.507870818988856,7.657133861860444,-0.12884443622403788,5
USDCAD,1,2013-04-25 00:00:00+00:00,2013-04-26 00:00:00+00:00,1.0202000141143799,1.005153242032975,29177.59780184018,2013-05-01 00:00:00+00:00,1.005153242032975,stop,-450.84765255009347,11.818988542902982,-1.0269207673936966,3
EURGBP,1,2013-04-25 00:00:00+00:00,2013-04-26 00:00:00+00:00,0.8424999713897705,0.8246583375148475,24606.97641734818,2013-05-01 00:00:00+00:00,0.8474000096321106,native,112.25845967723026,8.316665796136514,0.2556973356878394,3
AUDCAD,1,2013-04-22 00:00:00+00:00,2013-04-23 00:00:00+00:00,1.0525000095367432,1.0342678823508322,24291.113137823842,2013-05-02 00:00:00+00:00,1.0342678823508322,stop,-453.01664720700035,10.137982990843849,-1.0228911072263707,7
EURCAD,1,2013-04-25 00:00:00+00:00,2013-04-26 00:00:00+00:00,1.326799988746643,1.2973831938579679,14924.422108820781,2013-05-02 00:00:00+00:00,1.327839970588684,native,7.597334536116445,7.923793460012651,0.01730487131927225,4
USDJPY,1,2013-04-30 00:00:00+00:00,2013-05-01 00:00:00+00:00,97.26000213623047,94.12515068054199,140.1335434604634,2013-05-03 00:00:00+00:00,97.94000244140625,native,89.82003865348614,5.470813664992582,0.20446273557784453,2
CHFJPY,1,2013-04-26 00:00:00+00:00,2013-04-29 00:00:00+00:00,103.8499984741211,99.73338913917542,105.89608178090273,2013-05-06 00:00:00+00:00,105.9352035522461,native,216.3719613010372,4.443086182041476,0.4963424681508401,5
EURCHF,1,2013-05-01 00:00:00+00:00,2013-05-02 00:00:00+00:00,1.2217700481414795,1.2085404573008418,32989.463832067966,2013-05-06 00:00:00+00:00,1.2273000478744507,native,166.27302431125526,16.15870187094335,0.38097820064744053,2
NZDCHF,1,2013-05-01 00:00:00+00:00,2013-05-02 00:00:00+00:00,0.7885000109672546,0.7655977527610958,19056.509826306465,2013-05-06 00:00:00+00:00,0.7980999946594238,native,176.89517184267544,6.047011719528538,0.405316524138548,2
EURNZD,-1,2013-05-01 00:00:00+00:00,2013-05-02 00:00:00+00:00,1.5489000082015991,1.590158887207508,10578.016637043613,2013-05-07 00:00:00+00:00,1.5347000360488892,native,143.68386716290797,6.523674514014018,0.3292200968890724,3
GBPUSD,-1,2013-04-26 00:00:00+00:00,2013-04-29 00:00:00+00:00,1.5491867065429688,1.5796991726383567,14287.03918688919,2013-05-08 00:00:00+00:00,1.5479875802993774,native,8.282073551267821,8.849890080948438,0.01899850980286584,7
NZDCAD,1,2013-05-01 00:00:00+00:00,2013-05-02 00:00:00+00:00,0.8565999865531921,0.8381608780473471,23669.100293646352,2013-05-10 00:00:00+00:00,0.8381608780473471,stop,-444.4598015258699,8.022692975595394,-1.0183822429816856,6
USDCAD,1,2013-05-08 00:00:00+00:00,2013-05-09 00:00:00+00:00,1.0026999711990356,0.9881051010452211,30293.443392690737,2013-05-13 00:00:00+00:00,1.0120699405670166,native,271.64177298590107,12.206863654276283,0.6143950094193955,2
CADCHF,-1,2013-05-06 00:00:00+00:00,2013-05-07 00:00:00+00:00,0.9316999912261963,0.9533303012140095,20514.998124302547,2013-05-15 00:00:00+00:00,0.9533303012140095,stop,-451.48004741080405,7.734278582732861,-1.01742952637759,6
NZDUSD,1,2013-05-09 00:00:00+00:00,2013-05-10 00:00:00+00:00,0.8399831652641296,0.8185698292218149,20605.592830793248,2013-05-15 00:00:00+00:00,0.8185698292218149,stop,-448.0695771754219,6.835093538534051,-1.01549084169985,3
EURNZD,-1,2013-05-08 00:00:00+00:00,2013-05-09 00:00:00+00:00,1.556399941444397,1.6023617694154382,9619.479736681084,2013-05-16 00:00:00+00:00,1.5599000453948975,native,-39.66461594348088,5.995436915364024,-0.08971279276503802,5
GBPNZD,-1,2013-05-08 00:00:00+00:00,2013-05-09 00:00:00+00:00,1.8384000062942505,1.8860604017972946,9276.651361401595,2013-05-16 00:00:00+00:00,1.8452999591827393,native,-70.84293741655364,6.834480059947426,-0.16023142067917592,5
NZDCAD,1,2013-05-10 00:00:00+00:00,2013-05-13 00:00:00+00:00,0.8371000289916992,0.8162845559418201,20875.863318092524,2013-05-21 00:00:00+00:00,0.8374999761581421,native,1.3574982171227532,6.991744163997025,0.0031239821097066352,6
GBPCHF,-1,2013-05-10 00:00:00+00:00,2013-05-13 00:00:00+00:00,1.470900058746338,1.501810360699892,14058.127641187579,2013-05-22 00:00:00+00:00,1.4693299531936646,native,13.805918509158573,8.266825760460605,0.03177127003679818,7
CADCHF,1,2013-05-23 00:00:00+00:00,2013-05-24 00:00:00+00:00,0.9397000074386597,0.9154487028717995,17780.747032936746,2013-05-29 00:00:00+00:00,0.9383000135421753,native,-31.57138598122613,6.678448660182026,-0.07321642824555177,3
NZDCHF,1,2013-05-24 00:00:00+00:00,2013-05-27 00:00:00+00:00,0.7778000235557556,0.7520866692066193,16447.09452086537,2013-05-29 00:00:00+00:00,0.7870000004768372,native,146.16560723050478,5.147282780303291,0.3456187316367581,2
NZDJPY,1,2013-05-24 00:00:00+00:00,2013-05-27 00:00:00+00:00,81.77999877929688,78.3845739364624,124.55288778405368,2013-05-29 00:00:00+00:00,82.59100341796875,native,96.91839315451936,4.094576598325693,0.22917027301444995,2
AUDJPY,1,2013-05-16 00:00:00+00:00,2013-05-17 00:00:00+00:00,100.35600280761719,96.95268332958221,126.68845154098658,2013-05-31 00:00:00+00:00,97.74700164794922,max_hold,-335.5497895629918,5.019472576018575,-0.778246584739778,10
CHFJPY,1,2013-05-20 00:00:00+00:00,2013-05-21 00:00:00+00:00,105.66000366210938,102.64454698562622,143.2491074748179,2013-05-31 00:00:00+00:00,106.01100158691406,native,44.215802937740705,6.064336516044021,0.10236052341991161,8
EURJPY,1,2013-05-24 00:00:00+00:00,2013-05-27 00:00:00+00:00,130.75999450683594,126.42697811126709,97.60174687112617,2013-05-31 00:00:00+00:00,131.85499572753906,native,101.74769560635681,5.126336360283748,0.24058949412754096,4
CADJPY,1,2013-05-23 00:00:00+00:00,2013-05-24 00:00:00+00:00,99.22000122070312,96.07675981521606,137.18523526996722,2013-06-03 00:00:00+00:00,96.07675981521606,stop,-436.5646781440799,5.358366422035028,-1.0124264563768468,6
GBPCAD,-1,2013-05-20 00:00:00+00:00,2013-05-21 00:00:00+00:00,1.563420057296753,1.5923987859860063,14906.156932114973,2013-06-04 00:00:00+00:00,1.5753999948501587,max_hold,-187.932378063798,9.357548855794235,-0.4350674489219629,10
GBPJPY,1,2013-05-21 00:00:00+00:00,2013-05-22 00:00:00+00:00,155.25999450683594,150.97313392162323,101.29161844441424,2013-06-05 00:00:00+00:00,153.43499755859375,max_hold,-191.11053761396664,6.2536430703985975,-0.44012066852919507,10
GBPNZD,-1,2013-05-30 00:00:00+00:00,2013-05-31 00:00:00+00:00,1.8831199407577515,1.9340966250747442,8423.084007864414,2013-06-05 00:00:00+00:00,1.9340966250747442,stop,-435.8114416064582,6.430547162043763,-1.01497632345837,3
AUDNZD,-1,2013-05-31 00:00:00+00:00,2013-06-03 00:00:00+00:00,1.205199956893921,1.2283533243462443,18301.042557047887,2013-06-06 00:00:00+00:00,1.1965999603271484,native,148.59781465925315,8.791088499715375,0.35068922911744493,3
AUDCAD,-1,2013-06-03 00:00:00+00:00,2013-06-04 00:00:00+00:00,1.0025999546051025,1.025294676888734,18679.34172759281,2013-06-06 00:00:00+00:00,0.9836000204086304,native,347.48608204315656,7.420181614523565,0.8196925244988128,2
NZDJPY,1,2013-05-31 00:00:00+00:00,2013-06-03 00:00:00+00:00,80.14399719238281,76.76286387443542,125.3221104399327,2013-06-07 00:00:00+00:00,76.76286387443542,stop,-427.6635428782184,3.932779794279795,-1.0092813176122895,4
USDJPY,1,2013-06-03 00:00:00+00:00,2013-06-04 00:00:00+00:00,99.72599792480469,96.141557097435,118.26739326028975,2013-06-07 00:00:00+00:00,96.141557097435,stop,-428.5554219801188,4.632949031349332,-1.010928764873263,3
CADJPY,1,2013-06-05 00:00:00+00:00,2013-06-06 00:00:00+00:00,95.69000244140625,92.39162707328796,127.909173984678,2013-06-11 00:00:00+00:00,96.95500183105469,native,156.87681434730044,4.928212673753048,0.3718407554970444,3
AUDJPY,1,2013-06-05 00:00:00+00:00,2013-06-06 00:00:00+00:00,94.12999725341797,90.30770778656006,110.3769017196472,2013-06-11 00:00:00+00:00,90.30770778656006,stop,-425.9640013159372,4.0715324885189865,-1.0096506403630174,3
GBPUSD,-1,2013-06-05 00:00:00+00:00,2013-06-06 00:00:00+00:00,1.5403099060058594,1.5725201880559325,13098.068131522621,2013-06-13 00:00:00+00:00,1.5725201880559325,stop,-430.0468809581933,8.154412130775064,-1.0193281765693494,5
EURCHF,1,2013-06-03 00:00:00+00:00,2013-06-04 00:00:00+00:00,1.238700032234192,1.2128852931782603,16421.722180893514,2013-06-18 00:00:00+00:00,1.2326300144195557,max_hold,-107.79684527371906,8.116699088688488,-0.2542843377089522,10
EURGBP,1,2013-06-06 00:00:00+00:00,2013-06-07 00:00:00+00:00,0.8487600088119507,0.8346186666749418,29110.613594358805,2013-06-19 00:00:00+00:00,0.8561999797821045,native,206.65563378103354,9.926486284360788,0.5020017833990779,8
USDCAD,1,2013-06-07 00:00:00+00:00,2013-06-10 00:00:00+00:00,1.0214999914169312,0.998651479370892,18099.89757049954,2013-06-19 00:00:00+00:00,1.0217399597167969,native,-3.053085117758095,7.396486765494593,-0.007382524079517222,7
AUDUSD,-1,2013-06-13 00:00:00+00:00,2013-06-14 00:00:00+00:00,0.9632055163383484,0.9998715231195092,11076.488493515491,2013-06-19 00:00:00+00:00,0.9489466547966003,native,153.70212949351742,4.235986304285385,0.37845493212123754,3
USDCHF,1,2013-06-05 00:00:00+00:00,2013-06-06 00:00:00+00:00,0.9422000050544739,0.9100327640771866,13115.593877799742,2013-06-20 00:00:00+00:00,0.928879976272583,native,-179.6081529734776,4.908065029593361,-0.4257202160367294,10
USDJPY,1,2013-06-13 00:00:00+00:00,2013-06-14 00:00:00+00:00,95.51399993896484,90.88474535942078,87.73131726419084,2013-06-20 00:00:00+00:00,96.61699676513672,native,93.39618341265377,3.371181085626548,0.22996588512008423,4
NZDUSD,-1,2013-06-13 00:00:00+00:00,2013-06-14 00:00:00+00:00,0.8098477721214294,0.8473377535119653,10833.043579936657,2013-06-20 00:00:00+00:00,0.786596417427063,native,248.4240688009735,3.4588698956630948,0.611685175769275,4
CADJPY,1,2013-06-14 00:00:00+00:00,2013-06-17 00:00:00+00:00,92.70899963378906,88.3410816192627,92.38118750855193,2013-06-20 00:00:00+00:00,93.97699737548828,native,113.68988231734893,3.4492548189870034,0.2817499179711159,3
GBPJPY,1,2013-06-14 00:00:00+00:00,2013-06-17 00:00:00+00:00,148.197998046875,142.0732524394989,65.88248377793626,2013-06-21 00:00:00+00:00,150.72000122070312,native,162.21714114009933,3.938692047535876,0.4020117294356408,4
NZDJPY,1,2013-06-07 00:00:00+00:00,2013-06-10 00:00:00+00:00,77.03500366210938,73.34996497631073,112.22561360492318,2013-06-24 00:00:00+00:00,76.38600158691406,native,-76.2782094104536,3.4435532907911592,-0.18444481434197244,10
EURGBP,1,2013-06-25 00:00:00+00:00,2013-06-26 00:00:00+00:00,0.8483999967575073,0.8341914135962725,29133.85242879151,2013-06-28 00:00:00+00:00,0.8540599942207336,native,154.97768721235352,9.91984362861636,0.37438676359679746,2
AUDNZD,-1,2013-06-25 00:00:00+00:00,2013-06-26 00:00:00+00:00,1.1966999769210815,1.2235433934256434,15420.941852587186,2013-06-28 00:00:00+00:00,1.1894999742507935,native,103.67133237785147,7.359490139133574,0.250443630337115,2
GBPCHF,-1,2013-06-25 00:00:00+00:00,2013-06-26 00:00:00+00:00,1.4469000101089478,1.4809223115444183,12167.041839505197,2013-07-01 00:00:00+00:00,1.436900019645691,native,114.65283923734067,7.017463123758205,0.2769721641311879,3
EURAUD,1,2013-06-26 00:00:00+00:00,2013-06-27 00:00:00+00:00,1.401170015335083,1.3517431672662497,8375.967292306601,2013-07-01 00:00:00+00:00,1.4249000549316406,native,194.027821411043,4.734214094864139,0.4686688811361029,2
GBPAUD,1,2013-06-27 00:00:00+00:00,2013-06-28 00:00:00+00:00,1.6431000232696533,1.5886885020881891,7660.698237066256,2013-07-01 00:00:00+00:00,1.6649999618530273,native,162.700349752699,5.068471144813646,0.39032760204440897,1
AUDCHF,-1,2013-06-27 00:00:00+00:00,2013-06-28 00:00:00+00:00,0.877020001411438,0.9120907727628946,11885.40281061207,2013-07-01 00:00:00+00:00,0.8628299832344055,native,164.51831834442748,4.135763579510615,0.39468901443276594,1
EURUSD,1,2013-06-20 00:00:00+00:00,2013-06-21 00:00:00+00:00,1.3236967325210571,1.2927721505984664,13421.181150531724,2013-07-02 00:00:00+00:00,1.3069161176681519,native,-232.27685807800611,7.061186319861189,-0.5596433758187805,7
GBPNZD,1,2013-06-27 00:00:00+00:00,2013-06-28 00:00:00+00:00,1.9555000066757202,1.8786922805011272,5426.931184545575,2013-07-04 00:00:00+00:00,1.9639999866485596,native,41.87463503429521,4.254171348319542,0.10045968496235581,4
GBPCAD,1,2013-07-01 00:00:00+00:00,2013-07-02 00:00:00+00:00,1.5969200134277344,1.562278725206852,12175.185251753423,2013-07-04 00:00:00+00:00,1.6039999723434448,native,78.4054526130172,7.794358760560808,0.18589882909360733,2
EURCAD,1,2013-07-04 00:00:00+00:00,2013-07-05 00:00:00+00:00,1.3580000400543213,1.3265765476971865,13447.5690236184,2013-07-11 00:00:00+00:00,1.367419958114624,native,119.34494360400521,7.330054708745365,0.282426725833161,4
AUDJPY,-1,2013-07-09 00:00:00+00:00,2013-07-10 00:00:00+00:00,92.67990112304688,96.80091857910156,100.75564923635903,2013-07-11 00:00:00+00:00,91.45500183105469,native,119.70499707498647,3.710526338842894,0.28829586966583354,1
NZDCHF,-1,2013-06-27 00:00:00+00:00,2013-06-28 00:00:00+00:00,0.7369999885559082,0.7694271048530936,12854.372882583939,2013-07-12 00:00:00+00:00,0.7432500123977661,native,-84.14567408262216,3.8055370943407523,-0.20187036621004825,10
EURNZD,1,2013-07-04 00:00:00+00:00,2013-07-05 00:00:00+00:00,1.6507899761199951,1.58940183930099,6883.570740737865,2013-07-12 00:00:00+00:00,1.6683000326156616,native,115.96227438823531,4.569438174001631,0.2744217265232911,5
GBPAUD,1,2013-07-09 00:00:00+00:00,2013-07-10 00:00:00+00:00,1.6205999851226807,1.5540470983833075,6238.884737264354,2013-07-12 00:00:00+00:00,1.6539900302886963,native,204.23068522923265,4.085957933589658,0.49186637525021126,2
GBPNZD,1,2013-07-09 00:00:00+00:00,2013-07-10 00:00:00+00:00,1.8956999778747559,1.814871609210968,5137.00568455467,2013-07-12 00:00:00+00:00,1.933419942855835,native,189.8336323690795,3.934042159926914,0.4571927110226205,2
AUDCHF,-1,2013-07-09 00:00:00+00:00,2013-07-10 00:00:00+00:00,0.8913999795913696,0.9295471357181668,10884.580436848933,2013-07-12 00:00:00+00:00,0.8686000108718872,native,244.33672119183586,3.8313722930101353,0.5884572010237158,2
CHFJPY,1,2013-07-09 00:00:00+00:00,2013-07-10 00:00:00+00:00,103.91680145263672,100.52796518802643,122.52459454452506,2013-07-15 00:00:00+00:00,104.75700378417969,native,97.83191533192604,5.113534675740825,0.23561704023119207,3
CADCHF,-1,2013-07-04 00:00:00+00:00,2013-07-05 00:00:00+00:00,0.9085000157356262,0.9356230748817325,15579.716880733175,2013-07-16 00:00:00+00:00,0.9083999991416931,native,-4.103127349624668,5.661357566477706,-0.009709944871029292,7
GBPJPY,1,2013-07-09 00:00:00+00:00,2013-07-10 00:00:00+00:00,150.2830047607422,145.16251933574677,81.08914582049218,2013-07-16 00:00:00+00:00,150.8800048828125,native,43.5260197124663,4.8842102409449,0.10482746763058728,4
AUDJPY,-1,2013-07-19 00:00:00+00:00,2013-07-22 00:00:00+00:00,92.49299621582031,96.42040002346039,110.32312022418051,2013-07-25 00:00:00+00:00,91.72200012207031,native,80.99406010553838,4.064634637616416,0.1869308913573531,3
EURGBP,1,2013-07-22 00:00:00+00:00,2013-07-23 00:00:00+00:00,0.8583899736404419,0.8422886813059449,26846.620253602607,2013-07-25 00:00:00+00:00,0.8615599870681763,native,75.86917800313729,9.2349686900686,0.17551531745920196,2
USDCAD,1,2013-07-11 00:00:00+00:00,2013-07-12 00:00:00+00:00,1.0372999906539917,1.0120799280703068,17173.558317369498,2013-07-26 00:00:00+00:00,1.028689980506897,max_hold,-154.9605912248408,7.09607985056641,-0.357778975027766,10
NZDCHF,-1,2013-07-25 00:00:00+00:00,2013-07-26 00:00:00+00:00,0.7491999864578247,0.7771217012777925,15423.654901170297,2013-07-30 00:00:00+00:00,0.746999979019165,native,29.3167811277623,4.615374386132,0.06807488214172892,2
GBPUSD,-1,2013-07-18 00:00:00+00:00,2013-07-19 00:00:00+00:00,1.5222090482711792,1.5622535068541765,10849.070865766193,2013-07-31 00:00:00+00:00,1.5242043733596802,native,-28.25757430492719,6.6101510195388915,-0.06504290143987744,8
NZDUSD,-1,2013-07-19 00:00:00+00:00,2013-07-22 00:00:00+00:00,0.7940288782119751,0.8275914518162608,12909.720438835862,2013-07-31 00:00:00+00:00,0.799424409866333,native,-73.76901257293713,4.114207296286949,-0.17025578489141557,7
EURNZD,1,2013-07-22 00:00:00+00:00,2013-07-23 00:00:00+00:00,1.653480052947998,1.5852041989564896,6331.158903559727,2013-07-31 00:00:00+00:00,1.6586999893188477,native,28.854258997361637,4.193987632958115,0.06675127583117539,6
GBPNZD,1,2013-07-25 00:00:00+00:00,2013-07-26 00:00:00+00:00,1.9074000120162964,1.839057169854641,6301.3898750862745,2013-08-02 00:00:00+00:00,1.9132599830627441,native,32.110868578556946,4.815093641827648,0.07456287866077403,5
GBPJPY,1,2013-07-29 00:00:00+00:00,2013-07-30 00:00:00+00:00,150.41200256347656,145.8990821838379,95.79419631612328,2013-08-05 00:00:00+00:00,151.17999267578125,native,67.79084302709265,5.778152559864156,0.15681014813593852,4
NZDJPY,1,2013-07-29 00:00:00+00:00,2013-07-30 00:00:00+00:00,78.6510009765625,75.40988540649414,133.38357471684432,2013-08-09 00:00:00+00:00,77.34700012207031,native,-178.0938096130311,4.16151420704357,-0.41195706411781946,8
CADJPY,1,2013-08-06 00:00:00+00:00,2013-08-07 00:00:00+00:00,93.7770004272461,90.68010187149048,139.64271740561676,2013-08-13 00:00:00+00:00,94.19999694824219,native,53.818459900364225,5.249923744652335,0.12444744785221476,4
GBPUSD,-1,2013-08-07 00:00:00+00:00,2013-08-08 00:00:00+00:00,1.5493067502975464,1.5874552112072706,11295.712720566424,2013-08-14 00:00:00+00:00,1.5450935363769531,native,40.60056274117013,6.990691336142707,0.09421962977127991,4
USDJPY,1,2013-08-07 00:00:00+00:00,2013-08-08 00:00:00+00:00,96.55999755859375,93.16004693508148,126.74126859020491,2013-08-14 00:00:00+00:00,98.11900329589844,native,192.65559217816946,4.934772707234385,0.44708588607781125,4
EURJPY,1,2013-08-07 00:00:00+00:00,2013-08-08 00:00:00+00:00,128.81399536132812,125.12477779388428,116.80364394083999,2013-08-14 00:00:00+00:00,130.17100524902344,native,152.4536213871006,6.050078359461947,0.3537912480660734,4
CHFJPY,1,2013-08-07 00:00:00+00:00,2013-08-08 00:00:00+00:00,104.80000305175781,102.05805212259293,157.15600545019458,2013-08-14 00:00:00+00:00,105.18000030517578,native,53.11892671881444,6.599923710398827,0.12327035073874454,4
CADCHF,-1,2013-08-14 00:00:00+00:00,2013-08-15 00:00:00+00:00,0.9035000205039978,0.9249368859454989,20211.9611189306,2013-08-19 00:00:00+00:00,0.8968999981880188,native,126.12147139937693,7.277923035264994,0.2910846424477832,2
AUDCHF,-1,2013-08-14 00:00:00+00:00,2013-08-15 00:00:00+00:00,0.8533999919891357,0.8827417101711035,14766.725252021732,2013-08-20 00:00:00+00:00,0.8425599932670593,native,155.06252783302892,5.008755028140212,0.3578797485512815,3
NZDCAD,-1,2013-08-07 00:00:00+00:00,2013-08-08 00:00:00+00:00,0.8289899826049805,0.8549234010279179,16616.16868784531,2013-08-21 00:00:00+00:00,0.82669997215271,native,32.54895525525074,5.5022447166049515,0.07553467997826314,9
AUDUSD,-1,2013-08-08 00:00:00+00:00,2013-08-09 00:00:00+00:00,0.9107467532157898,0.9447683757171035,12762.913585112352,2013-08-21 00:00:00+00:00,0.9058791995048523,native,57.48707937337907,4.63708801020919,0.13239311323907166,8
EURNZD,1,2013-08-09 00:00:00+00:00,2013-08-12 00:00:00+00:00,1.6612999439239502,1.6037892922759056,7450.994404941927,2013-08-21 00:00:00+00:00,1.6861000061035156,native,179.7968328824024,4.988291659751507,0.4195845725629228,7
NZDUSD,-1,2013-08-09 00:00:00+00:00,2013-08-12 00:00:00+00:00,0.8032128214836121,0.8316333824768662,15077.518834193828,2013-08-21 00:00:00+00:00,0.7956715226173401,native,108.88263392812428,4.821441762375951,0.2540949842322205,7
NZDCHF,-1,2013-08-13 00:00:00+00:00,2013-08-14 00:00:00+00:00,0.7436000108718872,0.7679030625149608,18081.6417282008,2013-08-21 00:00:00+00:00,0.7290999889373779,native,256.85843491691537,5.325766753934504,0.5845143294420818,5
EURGBP,1,2013-08-14 00:00:00+00:00,2013-08-15 00:00:00+00:00,0.8547999858856201,0.8380189295858145,25819.65539442153,2013-08-21 00:00:00+00:00,0.856719970703125,native,40.73517525453804,8.83817109595934,0.09401558507406989,4
AUDJPY,-1,2013-08-14 00:00:00+00:00,2013-08-15 00:00:00+00:00,89.42900085449219,92.7066330909729,132.1933211398343,2013-08-21 00:00:00+00:00,88.1094970703125,native,169.73570675312052,4.693880734171502,0.391745013459286,4
AUDCAD,-1,2013-08-07 00:00:00+00:00,2013-08-08 00:00:00+00:00,0.938510000705719,0.967591536231339,14817.445068826586,2013-08-22 00:00:00+00:00,0.9402099847793579,native,-30.75698666595105,5.567566036926362,-0.0713761509913146,10
EURCHF,1,2013-08-20 00:00:00+00:00,2013-08-21 00:00:00+00:00,1.2306599617004395,1.2154638268984854,29555.472664090106,2013-08-23 00:00:00+00:00,1.2335000038146973,native,69.37290457266587,14.56588250014557,0.15446099628261808,2
AUDNZD,-1,2013-08-21 00:00:00+00:00,2013-08-22 00:00:00+00:00,1.143090009689331,1.1697366777807474,16844.458895555326,2013-08-29 00:00:00+00:00,1.1445399522781372,native,-32.130276110580674,7.706777772520363,-0.07158375578724213,5
EURCHF,1,2013-08-27 00:00:00+00:00,2013-08-28 00:00:00+00:00,1.22816002368927,1.2141537042334676,31867.703467257677,2013-08-30 00:00:00+00:00,1.2324999570846558,native,122.6205939915913,15.68311652021029,0.2747189517826481,2
USDJPY,1,2013-08-27 00:00:00+00:00,2013-08-28 00:00:00+00:00,96.91000366210938,93.89409708976746,147.9983628069068,2013-08-30 00:00:00+00:00,98.28600311279297,native,197.86792803854868,5.777737885826287,0.4433029396830532,2
CADJPY,1,2013-08-20 00:00:00+00:00,2013-08-21 00:00:00+00:00,93.5780029296875,90.59697526693344,150.6624552165502,2013-09-03 00:00:00+00:00,94.34100341796875,native,109.29305912024128,5.662467775638475,0.24334450031286647,9
GBPUSD,1,2013-08-27 00:00:00+00:00,2013-08-28 00:00:00+00:00,1.5546056032180786,1.5261363852769136,15678.310377462,2013-09-03 00:00:00+00:00,1.5547263622283936,native,-7.856517079573963,9.74981432416675,-0.017601726321037382,4
GBPJPY,1,2013-08-27 00:00:00+00:00,2013-08-28 00:00:00+00:00,150.58799743652344,146.05126404762268,98.38559968659384,2013-09-03 00:00:00+00:00,154.75999450683594,native,404.456064593319,6.008369060088928,0.9061426183829373,4
EURCAD,1,2013-08-29 00:00:00+00:00,2013-08-30 00:00:00+00:00,1.3946000337600708,1.3683367623016238,17260.245224131817,2013-09-06 00:00:00+00:00,1.3683367623016238,stop,-462.8482990884973,9.537793327760387,-1.0210403094712182,5
AUDNZD,-1,2013-09-03 00:00:00+00:00,2013-09-04 00:00:00+00:00,1.1603000164031982,1.1863024709746242,17309.965940458595,2013-09-09 00:00:00+00:00,1.1516000032424927,native,142.5931493737924,8.003782119562494,0.3168021362809632,3
EURUSD,1,2013-08-29 00:00:00+00:00,2013-08-30 00:00:00+00:00,1.3237143754959106,1.2991138389334083,18426.854414700047,2013-09-10 00:00:00+00:00,1.3255919218063354,native,24.83359623098779,9.763676288067305,0.05478275026808065,7
USDCHF,-1,2013-08-30 00:00:00+00:00,2013-09-02 00:00:00+00:00,0.9324100017547607,0.9534901333972812,21468.13530101028,2013-09-10 00:00:00+00:00,0.9326000213623047,native,-12.087024147401785,8.007657502803493,-0.026708638338467282,6
AUDCHF,-1,2013-09-02 00:00:00+00:00,2013-09-03 00:00:00+00:00,0.8409000039100647,0.8678882988169789,16856.831567260073,2013-09-10 00:00:00+00:00,0.8678882988169789,stop,-460.6980928540309,5.760951320634799,-1.0126631808983921,5
AUDJPY,-1,2013-09-02 00:00:00+00:00,2013-09-03 00:00:00+00:00,89.56999969482422,92.89252030849457,136.92530293463926,2013-09-10 00:00:00+00:00,92.89252030849457,stop,-459.9338886985305,4.996747165134421,-1.0109833792604679,5
AUDUSD,-1,2013-09-03 00:00:00+00:00,2013-09-04 00:00:00+00:00,0.9053051471710205,0.9329039910808206,16308.712222539081,2013-09-11 00:00:00+00:00,0.9329039910808206,stop,-456.0973677678226,5.995764768118167,-1.0133209140517594,5
EURGBP,1,2013-08-30 00:00:00+00:00,2013-09-02 00:00:00+00:00,0.8511000275611877,0.8359633721411228,29897.695739630934,2013-09-13 00:00:00+00:00,0.8359633721411228,stop,-462.63897990829,10.08786164355341,-1.0222910986989366,9
AUDCAD,-1,2013-09-02 00:00:00+00:00,2013-09-03 00:00:00+00:00,0.9492999911308289,0.973292856477201,18961.351008548278,2013-09-13 00:00:00+00:00,0.9559999704360962,native,-134.26607162675217,7.2254122695688014,-0.2951310398051901,8
EURAUD,1,2013-09-03 00:00:00+00:00,2013-09-04 00:00:00+00:00,1.4550000429153442,1.4131448166444898,10753.77301957459,2013-09-13 00:00:00+00:00,1.4354699850082397,native,-216.2385015121844,6.2166917200347305,-0.4804215316521021,7
GBPAUD,1,2013-09-10 00:00:00+00:00,2013-09-11 00:00:00+00:00,1.6908999681472778,1.645532595925033,9508.94071539809,2013-09-13 00:00:00+00:00,1.7055000066757202,native,132.3716676082123,6.459233201274291,0.3068451587912798,2
AUDJPY,-1,2013-09-10 00:00:00+00:00,2013-09-11 00:00:00+00:00,93.2760009765625,96.5468590259552,131.89066794103783,2013-09-13 00:00:00+00:00,92.21299743652344,native,135.3073933401565,4.892853579283202,0.3136503403279531,2
USDCAD,1,2013-09-06 00:00:00+00:00,2013-09-09 00:00:00+00:00,1.0412100553512573,1.0234994334168732,24627.83853876856,2013-09-18 00:00:00+00:00,1.0234994334168732,stop,-446.3442038049537,10.16986638376898,-1.0233160585372738,7
NZDUSD,-1,2013-09-10 00:00:00+00:00,2013-09-11 00:00:00+00:00,0.80560702085495,0.831020213663578,16975.26383730341,2013-09-18 00:00:00+00:00,0.831020213663578,stop,-436.952088696577,5.5564358218536505,-1.0128801386495827,5
USDJPY,1,2013-09-13 00:00:00+00:00,2013-09-16 00:00:00+00:00,99.01699829101562,96.32334804534912,159.1772252001632,2013-09-20 00:00:00+00:00,99.39399719238281,native,53.69313668108903,6.316502342049896,0.1252266150043707,4
EURAUD,1,2013-09-18 00:00:00+00:00,2013-09-19 00:00:00+00:00,1.4236799478530884,1.387785573489964,11599.507632126317,2013-09-20 00:00:00+00:00,1.432800054550171,native,99.16199492083646,6.6267523177785606,0.23816575294273354,1
USDCAD,1,2013-09-18 00:00:00+00:00,2013-09-19 00:00:00+00:00,1.0220500230789185,1.0052216439507902,24741.36494105532,2013-09-23 00:00:00+00:00,1.0299400091171265,native,185.0552171027415,10.15380684839404,0.4444627717750202,2
GBPNZD,1,2013-09-09 00:00:00+00:00,2013-09-10 00:00:00+00:00,1.9571800231933594,1.898706866428256,7493.311993936777,2013-09-24 00:00:00+00:00,1.9182000160217285,max_hold,-297.8972416087058,5.80788634578272,-0.6798860430808762,10
NZDCHF,-1,2013-09-10 00:00:00+00:00,2013-09-11 00:00:00+00:00,0.7526000142097473,0.7776352753862739,17231.521965475105,2013-09-24 00:00:00+00:00,0.7608000040054321,native,-146.51394141229966,5.2156371312850585,-0.33962776499012864,9
AUDUSD,-1,2013-09-11 00:00:00+00:00,2013-09-12 00:00:00+00:00,0.9334278702735901,0.9600489735603333,16026.30855631881,2013-09-25 00:00:00+00:00,0.9383503198623657,native,-84.88823492746434,5.999538964821362,-0.19897016174534515,9
EURNZD,1,2013-09-13 00:00:00+00:00,2013-09-16 00:00:00+00:00,1.629699945449829,1.5799696557223797,8621.863538596415,2013-09-25 00:00:00+00:00,1.6327999830245972,native,21.102335098574237,5.625765835597414,0.049216234260590366,7
AUDCAD,-1,2013-09-18 00:00:00+00:00,2013-09-19 00:00:00+00:00,0.9708399772644043,0.9924760973080993,19243.610616626793,2013-09-25 00:00:00+00:00,0.9670400023460388,native,65.66687613209746,7.458361549876008,0.15771769224574092,4
AUDJPY,-1,2013-09-18 00:00:00+00:00,2013-09-19 00:00:00+00:00,93.26000213623047,96.29409623146057,137.22615591586796,2013-09-25 00:00:00+00:00,92.61250305175781,native,83.75249644574652,5.101313875479972,0.20115545671261464,4
GBPCHF,1,2013-09-20 00:00:00+00:00,2013-09-23 00:00:00+00:00,1.458400011062622,1.4320942601189017,16107.054577247636,2013-09-26 00:00:00+00:00,1.4625999927520752,native,58.23959299914543,9.409741296316778,0.13745213723135843,3
NZDUSD,1,2013-09-24 00:00:00+00:00,2013-09-25 00:00:00+00:00,0.8248783946037292,0.8000819198787212,17183.66176725318,2013-10-01 00:00:00+00:00,0.8300132751464844,native,82.54863071906702,5.6874197428865045,0.1937332730591821,4
EURCHF,1,2013-09-19 00:00:00+00:00,2013-09-20 00:00:00+00:00,1.232200026512146,1.2205071088392287,35915.288037611244,2013-10-04 00:00:00+00:00,1.2244999408721924,max_hold,-294.1974110633279,17.646617390119733,-0.7005459084350857,10
USDCAD,1,2013-10-04 00:00:00+00:00,2013-10-07 00:00:00+00:00,1.029829978942871,1.0157879036851227,30028.84810538791,2013-10-09 00:00:00+00:00,1.0356500148773193,native,162.36417804361685,12.404796999828813,0.3850527672325837,1
GBPCAD,1,2013-10-04 00:00:00+00:00,2013-10-07 00:00:00+00:00,1.6518399715423584,1.6214889576658607,13893.023367033838,2013-10-09 00:00:00+00:00,1.6694999933242798,native,236.12240453020928,9.228690748351111,0.5599731810642639,2
CADJPY,1,2013-09-25 00:00:00+00:00,2013-09-26 00:00:00+00:00,95.3499984741211,93.02313762903214,183.08640618611395,2013-10-10 00:00:00+00:00,93.79100036621094,max_hold,-292.35718997624764,6.925829148025668,-0.6862577584080556,10
NZDJPY,1,2013-09-25 00:00:00+00:00,2013-09-26 00:00:00+00:00,81.12200164794922,78.43507695198059,158.5517414990091,2013-10-10 00:00:00+00:00,80.84200286865234,native,-49.530229070368335,5.135934995252111,-0.11626361567516098,10
GBPCHF,1,2013-10-03 00:00:00+00:00,2013-10-04 00:00:00+00:00,1.4520000219345093,1.4257603147998452,16075.464450277557,2013-10-11 00:00:00+00:00,1.4551000595092773,native,40.48794702517899,9.346596802529717,0.09598497214750085,5
GBPJPY,1,2013-10-04 00:00:00+00:00,2013-10-07 00:00:00+00:00,155.97000122070312,152.060812830925,107.8657007428805,2013-10-11 00:00:00+00:00,156.91400146484375,native,95.07535739549603,6.749890440182764,0.22547479315867405,4
AUDNZD,-1,2013-10-10 00:00:00+00:00,2013-10-11 00:00:00+00:00,1.142199993133545,1.1642891773954034,19211.650717631783,2013-10-14 00:00:00+00:00,1.1351799964904785,native,126.1152777631433,8.750445782396127,0.29718257439124185,1
EURGBP,-1,2013-10-03 00:00:00+00:00,2013-10-04 00:00:00+00:00,0.8431000113487244,0.8564914427697659,31498.908963996375,2013-10-16 00:00:00+00:00,0.8458999991416931,native,-98.8368921051491,10.640331514125318,-0.2343130989071517,8
USDCHF,-1,2013-10-15 00:00:00+00:00,2013-10-16 00:00:00+00:00,0.9132999777793884,0.9321319782175124,21948.4929785205,2013-10-18 00:00:00+00:00,0.9030799865722656,native,216.34004467129657,7.973360578779518,0.5234024524711834,2
CADCHF,-1,2013-10-16 00:00:00+00:00,2013-10-17 00:00:00+00:00,0.8848999738693237,0.9041990544646978,21305.168667066147,2013-10-18 00:00:00+00:00,0.8763700127601624,native,174.22742932752126,7.504830826676509,0.423735580118549,1
GBPAUD,1,2013-10-04 00:00:00+00:00,2013-10-07 00:00:00+00:00,1.6985000371932983,1.6529204826802015,9251.23883951498,2013-10-21 00:00:00+00:00,1.6733800172805786,max_hold,-238.63011741036934,6.2388135444269235,-0.5659203166674819,10
GBPNZD,1,2013-10-04 00:00:00+00:00,2013-10-07 00:00:00+00:00,1.9285999536514282,1.8741556089371443,7744.924605341488,2013-10-21 00:00:00+00:00,1.90339994430542,max_hold,-201.10788249820556,5.935710059470413,-0.4769349224766619,10
AUDUSD,-1,2013-10-04 00:00:00+00:00,2013-10-07 00:00:00+00:00,0.9441978931427002,0.9679533326998353,17750.34909310701,2013-10-22 00:00:00+00:00,0.9651577472686768,max_hold,-378.8230735087222,6.778345832038967,-0.8983931954923017,10
NZDCHF,-1,2013-10-14 00:00:00+00:00,2013-10-15 00:00:00+00:00,0.7616999745368958,0.7840979425236583,18674.171940163174,2013-10-22 00:00:00+00:00,0.7627000212669373,native,-24.368426110437948,5.69338152544496,-0.05826094268790358,5
AUDCHF,-1,2013-10-09 00:00:00+00:00,2013-10-10 00:00:00+00:00,0.8601999878883362,0.8854605183005333,16703.39199877227,2013-10-23 00:00:00+00:00,0.8682399988174438,native,-140.06961635215845,5.774162128859875,-0.33196844205614007,9
EURAUD,1,2013-10-09 00:00:00+00:00,2013-10-10 00:00:00+00:00,1.430299997329712,1.3943204348906875,11727.117090067572,2013-10-23 00:00:00+00:00,1.4199800491333008,native,-127.70835443161602,6.685113568870998,-0.3026719467241806,9
AUDJPY,-1,2013-10-11 00:00:00+00:00,2013-10-14 00:00:00+00:00,92.87560272216797,95.70588451623917,150.53536140863588,2013-10-24 00:00:00+00:00,93.8499984741211,native,-152.30277784736884,5.6217611720656375,-0.35747001387344257,8
USDCAD,1,2013-10-18 00:00:00+00:00,2013-10-21 00:00:00+00:00,1.0293999910354614,1.0161138628609478,31099.10137903875,2013-10-24 00:00:00+00:00,1.037909984588623,native,251.79485574197312,12.858296502766308,0.6093973693230028,3
AUDCAD,-1,2013-10-10 00:00:00+00:00,2013-10-11 00:00:00+00:00,0.9838200211524963,1.0033127684146166,21770.645613453395,2013-10-25 00:00:00+00:00,1.0016000270843506,max_hold,-395.7269834003,8.644775252801988,-0.9325052901509009,10
AUDUSD,-1,2013-10-22 00:00:00+00:00,2013-10-23 00:00:00+00:00,0.9703086018562317,0.9914989401586354,19514.338176429348,2013-10-25 00:00:00+00:00,0.9618158936500549,native,158.18875380821538,7.540826160854525,0.3825461958838089,2
EURCHF,1,2013-10-22 00:00:00+00:00,2013-10-23 00:00:00+00:00,1.2330299615859985,1.2217894138302654,36787.83602828784,2013-10-29 00:00:00+00:00,1.2346999645233154,native,43.279305448011314,18.156488776761663,0.10466188816243331,4
USDJPY,1,2013-10-23 00:00:00+00:00,2013-10-24 00:00:00+00:00,97.4000015258789,95.2673270702362,194.35006502617702,2013-10-30 00:00:00+00:00,98.18499755859375,native,144.96163854537846,7.602391458042407,0.3497388131247495,4
AUDNZD,-1,2013-10-21 00:00:00+00:00,2013-10-22 00:00:00+00:00,1.1414999961853027,1.1623302437365055,19879.411358538066,2013-10-31 00:00:00+00:00,1.1471999883651733,native,-122.4120909779296,9.099601693831726,-0.29561493024239854,7
GBPCHF,1,2013-10-22 00:00:00+00:00,2013-10-23 00:00:00+00:00,1.452620029449463,1.4297848446294665,18108.69633706408,2013-11-01 00:00:00+00:00,1.4556200504302979,native,43.79358165039713,10.532887296364315,0.10590555688173293,7
EURGBP,-1,2013-10-23 00:00:00+00:00,2013-10-24 00:00:00+00:00,0.852400004863739,0.8644482516683638,34402.13550196553,2013-11-01 00:00:00+00:00,0.8464099764823914,native,194.38122980166912,11.688538234072222,0.46897000673239364,6
EURUSD,1,2013-10-30 00:00:00+00:00,2013-10-31 00:00:00+00:00,1.372457504272461,1.3519263355992734,20206.6409543749,2013-11-01 00:00:00+00:00,1.3519263355992734,stop,-425.8760829676473,11.010129214837868,-1.0265390040210387,1
NZDJPY,1,2013-10-25 00:00:00+00:00,2013-10-28 00:00:00+00:00,80.9520034790039,78.09221416711807,144.46858397207995,2013-11-04 00:00:00+00:00,81.56999969482422,native,84.5851734670987,4.6958647325657665,0.2047324999614938,5
NZDUSD,1,2013-10-25 00:00:00+00:00,2013-10-28 00:00:00+00:00,0.8295313119888306,0.8050349373370409,16865.74924736674,2013-11-05 00:00:00+00:00,0.8293936848640442,native,-7.916987179704934,5.595802603421848,-0.019162514079309176,6
NZDCAD,1,2013-10-31 00:00:00+00:00,2013-11-01 00:00:00+00:00,0.8614000082015991,0.8409034609794617,20317.125827690445,2013-11-05 00:00:00+00:00,0.8639000058174133,native,43.78213863435533,7.010627495068073,0.1051366159214831,2
GBPUSD,1,2013-10-29 00:00:00+00:00,2013-10-30 00:00:00+00:00,1.6048272848129272,1.5754196709021926,14118.76460539437,2013-11-06 00:00:00+00:00,1.6044925451278687,native,-13.78843706189781,9.062326244471677,-0.0332092108530527,5
GBPCAD,1,2013-10-31 00:00:00+00:00,2013-11-01 00:00:00+00:00,1.6734299659729004,1.6431472953408957,13751.45983674418,2013-11-06 00:00:00+00:00,1.6768499612808228,native,37.81568014645196,9.214247972295958,0.09080900941297099,3
USDCHF,-1,2013-10-29 00:00:00+00:00,2013-10-30 00:00:00+00:00,0.8994500041007996,0.9177159816026688,22730.73961519416,2013-11-07 00:00:00+00:00,0.9177159816026688,stop,-423.4602837837062,8.261105371722635,-1.0198967286094327,6
EURCAD,1,2013-10-31 00:00:00+00:00,2013-11-01 00:00:00+00:00,1.4163999557495117,1.3898486094549298,15683.985449368463,2013-11-07 00:00:00+00:00,1.3898486094549298,stop,-425.2335612781611,8.802632332795518,-1.0211382770129218,4
GBPNZD,1,2013-11-05 00:00:00+00:00,2013-11-06 00:00:00+00:00,1.9179799556732178,1.8717412818223238,8930.501289907706,2013-11-08 00:00:00+00:00,1.9336299896240234,native,132.88328686782972,6.879361516939673,0.3218023079495939,2
AUDCHF,-1,2013-11-01 00:00:00+00:00,2013-11-04 00:00:00+00:00,0.8639000058174133,0.8859729529358447,18516.01204060241,2013-11-11 00:00:00+00:00,0.8644999861717224,native,-17.509858477041455,6.40061501252959,-0.04284250524558476,5
EURAUD,1,2013-11-04 00:00:00+00:00,2013-11-05 00:00:00+00:00,1.4205000400543213,1.3887524837628007,13006.466610480804,2013-11-11 00:00:00+00:00,1.424299955368042,native,42.023312419771635,7.400159230791383,0.10177020508186899,4
CADCHF,-1,2013-11-01 00:00:00+00:00,2013-11-04 00:00:00+00:00,0.8755999803543091,0.8954210467636585,20619.62490694612,2013-11-13 00:00:00+00:00,0.8738999962806702,native,27.83822728763186,7.214806658584854,0.06811359441665035,7
EURJPY,1,2013-11-05 00:00:00+00:00,2013-11-06 00:00:00+00:00,132.64999389648438,129.96695125102997,153.90531983105873,2013-11-13 00:00:00+00:00,133.80999755859375,native,170.32881258072774,8.201922041414996,0.41248381411057444,5
EURCAD,1,2013-11-07 00:00:00+00:00,2013-11-08 00:00:00+00:00,1.4016300439834595,1.3742351261898875,14866.90538236879,2013-11-13 00:00:00+00:00,1.4098999500274658,native,114.58816059719169,8.359750080130464,0.2813514573499725,3
EURUSD,1,2013-11-01 00:00:00+00:00,2013-11-04 00:00:00+00:00,1.3493638038635254,1.3263559993356466,17763.665982176866,2013-11-14 00:00:00+00:00,1.348435878753662,native,-26.067914197853,9.584562489766897,-0.0637820546766448,8
USDCHF,-1,2013-11-08 00:00:00+00:00,2013-11-11 00:00:00+00:00,0.9228000044822693,0.942733583971858,20435.211708159717,2013-11-14 00:00:00+00:00,0.9138500094413757,native,175.38857707397455,7.506466373664836,0.4305631631585051,3
GBPUSD,1,2013-11-12 00:00:00+00:00,2013-11-13 00:00:00+00:00,1.5892188549041748,1.5604157857596874,14410.31109892141,2013-11-14 00:00:00+00:00,1.6043895483016968,native,209.41023332097936,9.204178123665251,0.5045285849220714,1
NZDCAD,1,2013-11-12 00:00:00+00:00,2013-11-13 00:00:00+00:00,0.8614000082015991,0.8409586041234434,20304.925502615206,2013-11-18 00:00:00+00:00,0.8708000183105469,native,183.83206648722253,7.034438498791442,0.4429035338780968,3
AUDCAD,-1,2013-11-19 00:00:00+00:00,2013-11-20 00:00:00+00:00,0.9866999983787537,1.0063171414658427,21374.494325042215,2013-11-22 00:00:00+00:00,0.9707099795341492,native,333.4108373583807,8.36772969293607,0.7951482425230421,2
AUDJPY,-1,2013-11-15 00:00:00+00:00,2013-11-18 00:00:00+00:00,93.98999786376953,96.20551735162735,189.72758247671706,2013-11-25 00:00:00+00:00,92.79000091552734,native,220.58505644474837,7.087463524680032,0.5247712578734676,5
AUDJPY,-1,2013-12-02 00:00:00+00:00,2013-12-03 00:00:00+00:00,93.83799743652344,96.15678089857101,183.6522293738927,2013-12-05 00:00:00+00:00,92.43000030517578,native,251.74010551478784,6.841706609254855,0.5911477092340894,2
AUDCAD,-1,2013-12-03 00:00:00+00:00,2013-12-04 00:00:00+00:00,0.9714000225067139,0.9923123652115464,20395.441644179537,2013-12-05 00:00:00+00:00,0.9642500281333923,native,137.9316054670147,7.895687530276691,0.3233910451185705,1
CADJPY,1,2013-12-05 00:00:00+00:00,2013-12-06 00:00:00+00:00,95.52400207519531,93.65191066265106,229.55421218781473,2013-12-09 00:00:00+00:00,96.74600219726562,native,271.6879974436415,8.82727787162251,0.6322053043378537,1
GBPJPY,1,2013-12-05 00:00:00+00:00,2013-12-06 00:00:00+00:00,166.13499450683594,162.54845476150513,119.82202899316547,2013-12-09 00:00:00+00:00,168.33999633789062,native,256.1922989205206,8.015494410097116,0.5961475362622896,1
GBPNZD,1,2013-12-06 00:00:00+00:00,2013-12-09 00:00:00+00:00,1.9694000482559204,1.910518715158105,7353.20201225799,2013-12-13 00:00:00+00:00,1.9873000383377075,native,125.80336008106669,5.818883007728326,0.29056152713198524,4
USDCAD,1,2013-12-10 00:00:00+00:00,2013-12-11 00:00:00+00:00,1.0605000257492065,1.0463366587646306,30724.64160416537,2013-12-13 00:00:00+00:00,1.0643999576568604,native,106.76665205634255,13.057358086969668,0.24534786924301571,2
GBPCHF,1,2013-12-05 00:00:00+00:00,2013-12-06 00:00:00+00:00,1.4641900062561035,1.4383511412888765,16631.785873537498,2013-12-19 00:00:00+00:00,1.465000033378601,native,3.728665348716479,9.743532304420643,0.008676430441312749,9
EURGBP,-1,2013-12-05 00:00:00+00:00,2013-12-06 00:00:00+00:00,0.8368499875068665,0.8506005387753248,31253.03567544528,2013-12-19 00:00:00+00:00,0.8349999785423279,native,47.36831884203215,10.45007732658549,0.11022386970080074,9
GBPUSD,1,2013-12-17 00:00:00+00:00,2013-12-18 00:00:00+00:00,1.627657175064087,1.6014319071546197,16410.99372270596,2013-12-19 00:00:00+00:00,1.6382699012756348,native,163.4459614887835,10.71942174972532,0.3797688866577623,1
EURUSD,1,2013-12-19 00:00:00+00:00,2013-12-20 00:00:00+00:00,1.3655978441238403,1.3452116446569562,21558.525541060702,2013-12-27 00:00:00+00:00,1.3695628643035889,native,73.6867824176222,11.793206398307685,0.16766185593422236,5
AUDNZD,-1,2013-12-23 00:00:00+00:00,2013-12-24 00:00:00+00:00,1.0896999835968018,1.1103667868301272,21307.065869803257,2013-12-30 00:00:00+00:00,1.0856000185012817,native,78.08837426788186,9.269852086257405,0.17733294567737973,4
NZDCAD,1,2013-12-23 00:00:00+00:00,2013-12-24 00:00:00+00:00,0.8697999715805054,0.8488640575669706,21033.184294034134,2013-12-30 00:00:00+00:00,0.8723000288009644,native,45.255782190212464,7.328382073332078,0.10277254764189833,4
CADCHF,-1,2013-12-24 00:00:00+00:00,2013-12-25 00:00:00+00:00,0.8419600129127502,0.8597278972156346,24753.020830816287,2013-12-30 00:00:00+00:00,0.8321999907493591,native,233.30192843069534,8.288103488953533,0.5304621530616709,3
NZDUSD,1,2013-12-25 00:00:00+00:00,2013-12-26 00:00:00+00:00,0.8175946474075317,0.7973383939824998,21704.92377372306,2013-12-31 00:00:00+00:00,0.8219628930091858,native,87.6951435213267,7.117294287475545,0.19946107549078249,3
AUDJPY,-1,2013-12-23 00:00:00+00:00,2013-12-24 00:00:00+00:00,93.00900268554688,95.3702517747879,186.48982854759706,2014-01-03 00:00:00+00:00,93.35600280761719,native,-71.66302885522626,6.95103558433843,-0.1627414595604827,8
EURCHF,-1,2013-12-26 00:00:00+00:00,2013-12-27 00:00:00+00:00,1.2273000478744507,1.2361573851667345,49627.84888666525,2014-01-07 00:00:00+00:00,1.2361573851667345,stop,-464.0218153248239,24.451218645140045,-1.0556252370605164,7
EURCAD,1,2014-01-03 00:00:00+00:00,2014-01-06 00:00:00+00:00,1.445199966430664,1.4123676186427474,13469.046477378079,2014-01-08 00:00:00+00:00,1.4668999910354614,native,284.4339980274872,7.844641934776394,0.6431950815614862,2
CADCHF,-1,2014-01-03 00:00:00+00:00,2014-01-06 00:00:00+00:00,0.8511000275611877,0.8709942540153861,22228.580705814136,2014-01-09 00:00:00+00:00,0.84170001745224,native,201.42317485833652,7.525708483877357,0.4554813991288811,3
EURAUD,1,2014-01-03 00:00:00+00:00,2014-01-06 00:00:00+00:00,1.5164400339126587,1.4765655882656574,11090.321411155412,2014-01-10 00:00:00+00:00,1.529129981994629,native,133.9803328486069,6.755270071317904,0.30297183779650333,4
EURNZD,1,2014-01-03 00:00:00+00:00,2014-01-06 00:00:00+00:00,1.6441999673843384,1.5994281405583024,9877.202912339691,2014-01-10 00:00:00+00:00,1.649880051612854,native,49.59608513280547,6.507259351423811,0.11215240879552829,4
AUDCAD,-1,2014-01-03 00:00:00+00:00,2014-01-06 00:00:00+00:00,0.9528300166130066,0.9722282942384481,22796.890881533862,2014-01-10 00:00:00+00:00,0.9722282942384481,stop,-450.99748716750497,8.777068850614102,-1.0198477240920263,4
NZDCHF,-1,2014-01-03 00:00:00+00:00,2014-01-06 00:00:00+00:00,0.7479000091552734,0.7689700671471655,20988.096876005766,2014-01-10 00:00:00+00:00,0.7475000023841858,native,2.1182608005317256,6.2771200621140615,0.004790056525643735,4
GBPNZD,1,2014-01-07 00:00:00+00:00,2014-01-08 00:00:00+00:00,1.979699969291687,1.928097352385521,8545.012826214686,2014-01-10 00:00:00+00:00,1.9974000453948975,native,144.45050319958224,6.796874127327097,0.32759300039012496,2
EURUSD,1,2014-01-03 00:00:00+00:00,2014-01-06 00:00:00+00:00,1.3595823049545288,1.3374621118418872,19991.70694690564,2014-01-13 00:00:00+00:00,1.3672221899032593,native,141.83164573055436,10.902695272540393,0.3207261353294618,5
USDCHF,-1,2014-01-08 00:00:00+00:00,2014-01-09 00:00:00+00:00,0.9115200042724609,0.9285186240449548,25893.422889483034,2014-01-13 00:00:00+00:00,0.9020500183105469,native,235.81844416242237,9.391907106886224,0.5357653785593998,2
CADJPY,1,2014-01-09 00:00:00+00:00,2014-01-10 00:00:00+00:00,96.62000274658203,94.56593382358551,216.9370001093746,2014-01-13 00:00:00+00:00,94.56593382358551,stop,-453.8986108812859,8.295060708526666,-1.0186153380180896,1
USDJPY,1,2014-01-10 00:00:00+00:00,2014-01-13 00:00:00+00:00,103.91899871826172,102.11287051439285,244.60949272462673,2014-01-16 00:00:00+00:00,104.59200286865234,native,154.4224497634834,10.20075406513578,0.34953329930895527,3
EURAUD,1,2014-01-13 00:00:00+00:00,2014-01-14 00:00:00+00:00,1.5106799602508545,1.4717353973537683,11179.932557614737,2014-01-16 00:00:00+00:00,1.5268000364303589,native,173.429600208871,6.79176430159996,0.398324670408069,2
AUDUSD,-1,2014-01-13 00:00:00+00:00,2014-01-14 00:00:00+00:00,0.9048954844474792,0.9265164821408689,20137.719491470347,2014-01-16 00:00:00+00:00,0.8906305432319641,native,280.03182486334936,7.231559897008531,0.6431634750245953,2
GBPAUD,1,2014-01-13 00:00:00+00:00,2014-01-14 00:00:00+00:00,1.8109999895095825,1.7569942530244589,8062.061829212206,2014-01-17 00:00:00+00:00,1.8530999422073364,native,333.5043816166184,5.908040039582804,0.765976642551768,3
CHFJPY,1,2014-01-03 00:00:00+00:00,2014-01-06 00:00:00+00:00,115.86000061035156,113.27341288328171,170.96671946937914,2014-01-20 00:00:00+00:00,114.36000061035156,max_hold,-264.3220708770568,7.871991672988015,-0.5977156637929055,10
EURJPY,1,2014-01-03 00:00:00+00:00,2014-01-06 00:00:00+00:00,142.6219940185547,139.74293732643127,153.59906580746647,2014-01-20 00:00:00+00:00,141.02000427246094,max_hold,-254.777557625393,8.713429192252601,-0.5761325055841765,10
GBPNZD,1,2014-01-13 00:00:00+00:00,2014-01-14 00:00:00+00:00,1.9563000202178955,1.9028643257915974,8148.066406729979,2014-01-20 00:00:00+00:00,1.9890799522399902,native,260.6636193210485,6.42944360307387,0.5986795225750635,4
GBPCHF,1,2014-01-13 00:00:00+00:00,2014-01-14 00:00:00+00:00,1.473620057106018,1.4454275453463197,15443.731668407618,2014-01-20 00:00:00+00:00,1.4961999654769897,native,339.54502527207035,9.173020706447245,0.779850499091901,4
EURGBP,-1,2014-01-13 00:00:00+00:00,2014-01-14 00:00:00+00:00,0.8339300155639648,0.8470759927295148,33120.21473886322,2014-01-20 00:00:00+00:00,0.823930025100708,native,320.2200954188918,10.981736110758895,0.7354659401402817,4
GBPJPY,1,2014-01-13 00:00:00+00:00,2014-01-14 00:00:00+00:00,168.97500610351562,164.76947116851807,103.52965637068498,2014-01-22 00:00:00+00:00,171.67999267578125,native,272.99275132106186,7.053578992915343,0.6269964732824878,6
NZDJPY,1,2014-01-17 00:00:00+00:00,2014-01-20 00:00:00+00:00,86.0199966430664,83.89598947763443,215.65681633398688,2014-01-23 00:00:00+00:00,86.91100311279297,native,184.69286882365492,7.45874977056042,0.403209689549806,3
EURUSD,1,2014-01-17 00:00:00+00:00,2014-01-20 00:00:00+00:00,1.3528321981430054,1.3314873967319727,21459.868112470514,2014-01-24 00:00:00+00:00,1.3690004348754883,native,335.28619402452546,11.682033865759045,0.7319754306921574,4
EURJPY,1,2014-01-24 00:00:00+00:00,2014-01-27 00:00:00+00:00,139.69500732421875,136.50345611572266,145.24732913977644,2014-02-04 00:00:00+00:00,136.50345611572266,stop,-471.58770667231573,8.023417825432336,-1.017308101634383,6
NZDJPY,1,2014-01-24 00:00:00+00:00,2014-01-27 00:00:00+00:00,84.01499938964844,81.48802787065506,183.44658234673923,2014-02-04 00:00:00+00:00,81.48802787065506,stop,-469.6364817906717,6.072192943788378,-1.0130989230401957,6
NZDUSD,1,2014-01-24 00:00:00+00:00,2014-01-27 00:00:00+00:00,0.8235197067260742,0.8038965300656855,23623.30507795066,2014-02-05 00:00:00+00:00,0.8223007917404175,native,-36.570744518018735,7.775943947763753,-0.07889034034305899,7
NZDCAD,1,2014-01-31 00:00:00+00:00,2014-02-03 00:00:00+00:00,0.9010000228881836,0.8755667414516211,17822.981102813425,2014-02-05 00:00:00+00:00,0.9111999869346619,native,175.33400514384041,6.459761305918176,0.3867972785600293,2
USDJPY,1,2014-01-24 00:00:00+00:00,2014-01-27 00:00:00+00:00,102.072998046875,99.85226827859879,208.74412342691903,2014-02-07 00:00:00+00:00,102.02999877929688,native,-17.496904650852542,8.521060232257298,-0.03774428935062299,9
EURUSD,1,2014-01-30 00:00:00+00:00,2014-01-31 00:00:00+00:00,1.3558586835861206,1.3336679958738387,20855.424539978045,2014-02-07 00:00:00+00:00,1.3589726686477661,native,53.619688390710685,11.323792081056077,0.1158602574437448,5
CHFJPY,1,2014-01-31 00:00:00+00:00,2014-02-03 00:00:00+00:00,112.75,110.13849651813507,173.57698259803993,2014-02-07 00:00:00+00:00,113.23999786376953,native,77.20701828729455,7.845332385306122,0.1703232897392641,4
AUDNZD,-1,2014-01-30 00:00:00+00:00,2014-01-31 00:00:00+00:00,1.075260043144226,1.0994631573557854,19121.349799385927,2014-02-10 00:00:00+00:00,1.0794999599456787,native,-89.31331623143099,8.240383950561593,-0.19298627280946484,6
GBPUSD,1,2014-01-31 00:00:00+00:00,2014-02-03 00:00:00+00:00,1.643790602684021,1.6153175849467516,15920.226602221099,2014-02-10 00:00:00+00:00,1.641012191772461,native,-54.69189227239107,10.45896096627126,-0.12065357814021477,5
GBPCAD,1,2014-02-03 00:00:00+00:00,2014-02-04 00:00:00+00:00,1.8116899728775024,1.7575341388583183,8176.773282871263,2014-02-11 00:00:00+00:00,1.8138999938964844,native,12.141715387602671,5.929125434992729,0.0274190777876512,5
EURAUD,1,2014-02-04 00:00:00+00:00,2014-02-05 00:00:00+00:00,1.5164999961853027,1.4643303100019693,8620.34142135763,2014-02-11 00:00:00+00:00,1.5252000093460083,native,69.75298530578166,5.24409850980506,0.15510296786459,4
GBPAUD,1,2014-02-04 00:00:00+00:00,2014-02-05 00:00:00+00:00,1.8321499824523926,1.767014928162098,6904.431287354092,2014-02-13 00:00:00+00:00,1.840499997138977,native,52.5805907666018,5.071511885318204,0.11691837480821649,6
GBPNZD,1,2014-02-05 00:00:00+00:00,2014-02-06 00:00:00+00:00,1.984339952468872,1.9224033765494823,7238.374155372272,2014-02-13 00:00:00+00:00,1.9955999851226807,native,75.74267047313667,5.761658876839326,0.16894774228251186,5
EURAUD,1,2014-02-12 00:00:00+00:00,2014-02-13 00:00:00+00:00,1.5059000253677368,1.458281472325325,9518.361617852655,2014-02-14 00:00:00+00:00,1.52252995967865,native,152.52459010600214,5.765138346403924,0.33651270964978075,1
CADJPY,-1,2014-02-07 00:00:00+00:00,2014-02-10 00:00:00+00:00,92.81800079345703,95.54449254274368,166.95082901732135,2014-02-17 00:00:00+00:00,92.54000091552734,native,40.223175677013664,6.189134410061802,0.08836567271876987,5
USDJPY,1,2014-02-14 00:00:00+00:00,2014-02-17 00:00:00+00:00,101.56300354003906,99.24413084983826,196.32587331893393,2014-02-19 00:00:00+00:00,102.302001953125,native,137.07971378188003,8.00479504852294,0.3011055393156754,2
AUDUSD,-1,2014-02-05 00:00:00+00:00,2014-02-06 00:00:00+00:00,0.8928571343421936,0.9198474744334817,16610.39130632783,2014-02-20 00:00:00+00:00,0.8993614912033081,native,-113.99380319447006,5.953890535359964,-0.2542687703456826,10
USDCAD,1,2014-02-07 00:00:00+00:00,2014-02-10 00:00:00+00:00,1.1038000583648682,1.0812103473581374,20150.3267446257,2014-02-20 00:00:00+00:00,1.1072399616241455,native,60.40453887469691,8.910635769644475,0.132701797485871,8
AUDJPY,-1,2014-02-07 00:00:00+00:00,2014-02-10 00:00:00+00:00,91.63999938964844,95.16983616352081,128.95498772679252,2014-02-20 00:00:00+00:00,91.99199676513672,native,-50.127869598031836,4.736052362077347,-0.11012514164862995,8
GBPCHF,1,2014-02-21 00:00:00+00:00,2014-02-24 00:00:00+00:00,1.4757000207901,1.4431473910808563,14118.558552246186,2014-02-27 00:00:00+00:00,1.4845000505447388,native,115.88498374567388,8.358751606700853,0.2521452126505445,3
EURJPY,1,2014-02-28 00:00:00+00:00,2014-03-03 00:00:00+00:00,139.57000732421875,136.12009286880493,133.55550242527275,2014-03-05 00:00:00+00:00,140.447998046875,native,109.78090300999195,7.47958907909183,0.23826304454944336,2
USDJPY,1,2014-02-28 00:00:00+00:00,2014-03-03 00:00:00+00:00,101.3290023803711,99.29428684711456,226.44691647857644,2014-03-05 00:00:00+00:00,102.19200134277344,native,186.20611321387548,9.217340746346192,0.4041325424697795,2
GBPJPY,1,2014-02-28 00:00:00+00:00,2014-03-03 00:00:00+00:00,169.57000732421875,165.06223499774933,102.21347154368739,2014-03-05 00:00:00+00:00,170.3000030517578,native,67.66753879700381,6.947858726823524,0.14686228086021727,2
AUDCAD,1,2014-02-28 00:00:00+00:00,2014-03-03 00:00:00+00:00,0.9850299954414368,0.9598130565136671,18271.649058467054,2014-03-07 00:00:00+00:00,1.0001599788665771,native,269.19520849959974,7.254538904988651,0.5842479720666813,4
EURCAD,1,2014-03-05 00:00:00+00:00,2014-03-06 00:00:00+00:00,1.5142600536346436,1.481303259730339,14115.997957661331,2014-03-10 00:00:00+00:00,1.5384700298309326,native,333.1295082171476,8.618466324698277,0.7160717831995671,2
CADCHF,-1,2014-03-05 00:00:00+00:00,2014-03-06 00:00:00+00:00,0.8042200207710266,0.8241945318877697,23290.584321449125,2014-03-10 00:00:00+00:00,0.7915099859237671,native,288.59104148361627,7.433096855038334,0.6203350246471984,2
GBPCAD,1,2014-03-06 00:00:00+00:00,2014-03-07 00:00:00+00:00,1.8393700122833252,1.7967058848589659,10947.861174738255,2014-03-10 00:00:00+00:00,1.8547999858856201,native,160.8365568686334,8.088652059167337,0.34434407755573,1
USDCAD,1,2014-03-06 00:00:00+00:00,2014-03-07 00:00:00+00:00,1.0986000299453735,1.0783061292022467,23015.828750488978,2014-03-10 00:00:00+00:00,1.108839988708496,native,225.51992501483502,10.161212289262732,0.48282835731865537,1
CADJPY,-1,2014-03-05 00:00:00+00:00,2014-03-06 00:00:00+00:00,92.7699966430664,95.15208846330643,195.29811214302904,2014-03-12 00:00:00+00:00,92.55699920654297,native,34.359194760618465,7.238802483713538,0.07385611077569151,4
AUDUSD,-1,2014-03-06 00:00:00+00:00,2014-03-07 00:00:00+00:00,0.9104151725769043,0.9322777199558914,21364.433708770746,2014-03-12 00:00:00+00:00,0.8965393900871277,native,288.727322966395,7.720912193759309,0.6181526490473384,3
GBPAUD,1,2014-03-06 00:00:00+00:00,2014-03-07 00:00:00+00:00,1.8388899564743042,1.7904993798583746,9652.312017077133,2014-03-12 00:00:00+00:00,1.8540199995040894,native,138.91087232607455,7.129023829214807,0.29740213994168396,3
GBPUSD,1,2014-03-11 00:00:00+00:00,2014-03-12 00:00:00+00:00,1.6620959043502808,1.637246453203261,19336.40347267229,2014-03-17 00:00:00+00:00,1.6641981601715088,native,27.786353941969494,12.863712820069672,0.05782811861001627,3
GBPNZD,1,2014-03-06 00:00:00+00:00,2014-03-07 00:00:00+00:00,1.9746999740600586,1.927289068698883,9851.761754495377,2014-03-18 00:00:00+00:00,1.927289068698883,stop,-474.76923746681155,7.688293283582514,-1.0164603017513951,7
GBPCHF,1,2014-03-10 00:00:00+00:00,2014-03-11 00:00:00+00:00,1.4601000547409058,1.4320697719231248,17054.79289803775,2014-03-20 00:00:00+00:00,1.4575999975204468,native,-52.59011215415415,9.952154025982258,-0.11000949405173961,7
USDJPY,1,2014-03-13 00:00:00+00:00,2014-03-14 00:00:00+00:00,101.76000213623047,99.73685193061829,236.17412205211144,2014-03-20 00:00:00+00:00,102.43199920654297,native,149.06334477320706,9.644973329438615,0.3119682702219155,4
AUDUSD,-1,2014-03-17 00:00:00+00:00,2014-03-18 00:00:00+00:00,0.9085127711296082,0.9305271455086768,21680.132997877532,2014-03-20 00:00:00+00:00,0.9030161499977112,native,111.31263959056213,7.854837587908377,0.23322558521368855,2
EURGBP,-1,2014-03-10 00:00:00+00:00,2014-03-11 00:00:00+00:00,0.833899974822998,0.8477684119716287,34470.406665677074,2014-03-21 00:00:00+00:00,0.8346700072288513,native,-38.04658734180571,11.50325716629375,-0.07958693473782129,8
GBPJPY,1,2014-03-13 00:00:00+00:00,2014-03-14 00:00:00+00:00,169.14199829101562,164.71260690689087,107.87390008083966,2014-03-26 00:00:00+00:00,169.10000610351562,native,-11.827357875590604,7.297496837039718,-0.02475296917131001,8
GBPUSD,1,2014-03-18 00:00:00+00:00,2014-03-19 00:00:00+00:00,1.6596132516860962,1.635407698340714,19454.18116500092,2014-03-26 00:00:00+00:00,1.6534665822982788,native,-132.4690708928533,12.89065106088864,-0.281310873478267,5
AUDCHF,-1,2014-03-18 00:00:00+00:00,2014-03-19 00:00:00+00:00,0.7971000075340271,0.8196450122632086,20887.075679813137,2014-03-27 00:00:00+00:00,0.8196450122632086,stop,-477.6530350968528,6.75381511669317,-1.014342379069937,6
EURCHF,-1,2014-03-19 00:00:00+00:00,2014-03-20 00:00:00+00:00,1.2184900045394897,1.2274594672489911,53424.1065178106,2014-03-28 00:00:00+00:00,1.2181400060653687,native,-7.3366004836931005,26.03495624620959,-0.015310563458210986,6
EURAUD,1,2014-03-24 00:00:00+00:00,2014-03-25 00:00:00+00:00,1.5156999826431274,1.479225222952664,13001.413050299174,2014-03-28 00:00:00+00:00,1.479225222952664,stop,-482.01106857665957,7.787651930540612,-1.0164219050708583,3
AUDNZD,-1,2014-03-21 00:00:00+00:00,2014-03-24 00:00:00+00:00,1.0646400451660156,1.0816772105172276,27915.591097796892,2014-03-31 00:00:00+00:00,1.0667999982833862,native,-72.19644975541031,11.90008174048079,-0.1517999662940702,5
CADJPY,-1,2014-03-25 00:00:00+00:00,2014-03-26 00:00:00+00:00,91.5999984741211,93.82035398483276,212.06313242518627,2014-03-31 00:00:00+00:00,93.82035398483276,stop,-478.7197088506065,7.86416415156557,-1.0167018616221077,3
CHFJPY,1,2014-03-26 00:00:00+00:00,2014-03-27 00:00:00+00:00,115.1500015258789,112.70131921768188,189.71678659320227,2014-03-31 00:00:00+00:00,115.94300079345703,native,141.6768284548449,8.768444360839972,0.3049724599285061,2
USDCHF,-1,2014-03-19 00:00:00+00:00,2014-03-20 00:00:00+00:00,0.8817499876022339,0.8975221351720393,30381.755501533447,2014-04-01 00:00:00+00:00,0.8844000101089478,native,-91.24408335444048,10.731747481898996,-0.19041493829322326,8
GBPAUD,1,2014-03-18 00:00:00+00:00,2014-03-19 00:00:00+00:00,1.8174899816513062,1.769486453384161,9809.679350225077,2014-04-02 00:00:00+00:00,1.7997000217437744,max_hold,-181.61049716267516,7.09669481642906,-0.385667441051032,10
EURUSD,1,2014-03-20 00:00:00+00:00,2014-03-21 00:00:00+00:00,1.378207802772522,1.3562379907816648,21741.82295899965,2014-04-02 00:00:00+00:00,1.3793483972549438,native,12.807743564730448,11.9908597400978,0.026813303757971734,8
GBPNZD,-1,2014-04-02 00:00:00+00:00,2014-04-03 00:00:00+00:00,1.9387799501419067,1.9813222913071513,10784.528467722048,2014-04-07 00:00:00+00:00,1.9249000549316406,native,141.35453162313695,8.333593400976827,0.30809680074587514,2
CADJPY,-1,2014-03-31 00:00:00+00:00,2014-04-01 00:00:00+00:00,93.38500213623047,95.60445177555084,208.0028115987737,2014-04-08 00:00:00+00:00,93.86100006103516,native,-106.79844565808894,7.789538983532282,-0.23133984035851576,5
EURCHF,-1,2014-04-03 00:00:00+00:00,2014-04-04 00:00:00+00:00,1.2225799560546875,1.2311578155495226,53185.29409368811,2014-04-08 00:00:00+00:00,1.2198799848556519,native,117.61817221132478,25.980590053873698,0.2578124778314616,2
GBPCAD,1,2014-03-26 00:00:00+00:00,2014-03-27 00:00:00+00:00,1.8400599956512451,1.8013401152566075,11997.871226975738,2014-04-09 00:00:00+00:00,1.8300399780273438,native,-129.02555851846057,8.806677374864552,-0.27773943279345564,9
NZDUSD,1,2014-04-02 00:00:00+00:00,2014-04-03 00:00:00+00:00,0.8576329350471497,0.839637806173414,25495.737907704137,2014-04-09 00:00:00+00:00,0.8667764663696289,native,224.32806011999367,8.793018028820633,0.4889461755974272,4
NZDCAD,1,2014-04-02 00:00:00+00:00,2014-04-03 00:00:00+00:00,0.9455100297927856,0.9234785786829889,20824.73310966379,2014-04-09 00:00:00+00:00,0.9468500018119812,native,20.02298115305191,7.881578521112841,0.043642155393343623,4
USDCHF,-1,2014-04-03 00:00:00+00:00,2014-04-04 00:00:00+00:00,0.8909000158309937,0.9064935618080199,29256.718170407108,2014-04-09 00:00:00+00:00,0.8837500214576721,native,198.8012831018533,10.384087198411393,0.43576133201998335,3
AUDNZD,-1,2014-04-02 00:00:00+00:00,2014-04-03 00:00:00+00:00,1.0783100128173828,1.0972686386667192,24200.018135606762,2014-04-10 00:00:00+00:00,1.0748000144958496,native,74.52096269526541,10.421060341787399,0.16242613470734985,5
NZDJPY,1,2014-04-08 00:00:00+00:00,2014-04-09 00:00:00+00:00,88.322998046875,86.19750618934631,217.64748310693074,2014-04-10 00:00:00+00:00,89.0250015258789,native,145.06942118929751,7.719869148211783,0.3135904175442647,1
CADCHF,-1,2014-03-27 00:00:00+00:00,2014-03-28 00:00:00+00:00,0.8036100268363953,0.8229163982905447,23770.882781485307,2014-04-11 00:00:00+00:00,0.8012999892234802,native,47.28160774410732,7.6300255733182,0.10302586451456468,10
EURCAD,1,2014-04-03 00:00:00+00:00,2014-04-04 00:00:00+00:00,1.5140700340270996,1.480567972175777,13617.549330299817,2014-04-11 00:00:00+00:00,1.5176000595092773,native,39.81351273038544,8.256783410385255,0.08726900082882608,5
USDCAD,1,2014-04-07 00:00:00+00:00,2014-04-08 00:00:00+00:00,1.0974600315093994,1.0789955887012184,24947.34918273929,2014-04-14 00:00:00+00:00,1.0974500179290771,native,-11.201249770478016,10.951437485609048,-0.02431676898536166,4
GBPAUD,1,2014-04-14 00:00:00+00:00,2014-04-15 00:00:00+00:00,1.776610016822815,1.737662266008556,12058.334245972284,2014-04-16 00:00:00+00:00,1.7898000478744507,native,150.44881021171324,8.600992923663854,0.3203458165838029,1
USDJPY,1,2014-04-08 00:00:00+00:00,2014-04-09 00:00:00+00:00,101.94300079345703,100.0852016210556,249.0085903943091,2014-04-17 00:00:00+00:00,102.18900299072266,native,51.090535871683166,10.166124503332872,0.11044024540261514,6
GBPCHF,1,2014-04-11 00:00:00+00:00,2014-04-14 00:00:00+00:00,1.4668999910354614,1.4428584463894367,19453.61185730837,2014-04-17 00:00:00+00:00,1.4808000326156616,native,258.93733127528435,11.46868242637753,0.553645856430896,3
GBPNZD,-1,2014-04-17 00:00:00+00:00,2014-04-18 00:00:00+00:00,1.9564000368118286,2.0004682168364525,10743.095144319166,2014-04-24 00:00:00+00:00,1.9474999904632568,native,87.2260508261717,8.387993885385287,0.18424328707425577,4
USDCHF,-1,2014-04-17 00:00:00+00:00,2014-04-18 00:00:00+00:00,0.8829799890518188,0.8970350506715477,33683.854518074644,2014-04-25 00:00:00+00:00,0.8816999793052673,native,31.227417419538654,11.888244665020132,0.06596013436033478,5
EURCHF,-1,2014-04-18 00:00:00+00:00,2014-04-21 00:00:00+00:00,1.2199000120162964,1.22748186532408,58226.58304063857,2014-04-25 00:00:00+00:00,1.219499945640564,native,-5.113086792416304,28.407584840767477,-0.011582077921344096,4
EURJPY,1,2014-04-25 00:00:00+00:00,2014-04-28 00:00:00+00:00,141.25999450683594,138.8464949131012,196.62818916066072,2014-04-29 00:00:00+00:00,142.0,native,134.36656013348372,11.139379956307572,0.28313801918037534,1
USDJPY,1,2014-04-25 00:00:00+00:00,2014-04-28 00:00:00+00:00,102.09600067138672,100.5527554154396,307.5091615070649,2014-04-29 00:00:00+00:00,102.50700378417969,native,113.80376292336794,12.583459668391498,0.23980796990996106,1
AUDJPY,1,2014-04-25 00:00:00+00:00,2014-04-28 00:00:00+00:00,94.66999816894531,92.39335399866104,208.44805738649828,2014-04-30 00:00:00+00:00,95.11299896240234,native,84.43067540139216,7.9119794154033585,0.17791282419869164,2
NZDCHF,1,2014-04-28 00:00:00+00:00,2014-04-29 00:00:00+00:00,0.7508999705314636,0.7314744307659566,24582.782354303432,2014-05-01 00:00:00+00:00,0.7572600245475769,native,148.93286985682715,7.414953782899078,0.31187921109173644,2
NZDJPY,1,2014-04-28 00:00:00+00:00,2014-04-29 00:00:00+00:00,87.48100280761719,85.47132480144501,237.61707830991296,2014-05-01 00:00:00+00:00,87.97200012207031,native,108.33122133099457,8.338125987370589,0.2268556019755373,2
EURNZD,-1,2014-04-28 00:00:00+00:00,2014-04-29 00:00:00+00:00,1.6226999759674072,1.6590624628588557,13132.595072385659,2014-05-02 00:00:00+00:00,1.6069999933242798,native,197.698646315275,8.482868380400824,0.41399925957235395,3
CADCHF,-1,2014-04-29 00:00:00+00:00,2014-04-30 00:00:00+00:00,0.806190013885498,0.8222440546378493,29960.380680499282,2014-05-05 00:00:00+00:00,0.7994899749755859,native,191.11435957165662,9.621356743467587,0.3973393995032456,3
GBPCAD,1,2014-04-29 00:00:00+00:00,2014-04-30 00:00:00+00:00,1.8423999547958374,1.813401254825294,16586.439146902238,2014-05-05 00:00:00+00:00,1.8526099920272827,native,157.09074970093783,12.257411526036032,0.3266020632546038,3
AUDCAD,1,2014-04-29 00:00:00+00:00,2014-04-30 00:00:00+00:00,1.0155400037765503,0.9960252121090889,24647.21020838154,2014-05-12 00:00:00+00:00,1.0197800397872925,native,94.47206665686012,10.032992191010063,0.1964136777550357,8
USDJPY,1,2014-05-06 00:00:00+00:00,2014-05-07 00:00:00+00:00,101.72200012207031,100.19420439004898,317.9358580713838,2014-05-13 00:00:00+00:00,102.1780014038086,native,132.01373440193393,12.965424389177356,0.2717780084931589,4
CADJPY,-1,2014-04-29 00:00:00+00:00,2014-04-30 00:00:00+00:00,93.6449966430664,95.4833687543869,261.636460561406,2014-05-14 00:00:00+00:00,93.72699737548828,max_hold,-31.259050458971824,9.804669064669518,-0.06498963430192999,10
EURCAD,1,2014-04-29 00:00:00+00:00,2014-04-30 00:00:00+00:00,1.5125999450683594,1.4864857625216246,18418.542167265106,2014-05-14 00:00:00+00:00,1.4946999549865723,max_hold,-340.76973811877787,11.07801600375478,-0.7084828341338002,10
USDCAD,1,2014-04-29 00:00:00+00:00,2014-04-30 00:00:00+00:00,1.0950000286102295,1.080374957062304,32887.714143793026,2014-05-14 00:00:00+00:00,1.0903799533843994,max_hold,-166.318143778601,14.374430428681382,-0.34578642611470495,10
NZDJPY,1,2014-05-08 00:00:00+00:00,2014-05-09 00:00:00+00:00,87.83000183105469,85.95295637845993,254.74525777284526,2014-05-14 00:00:00+00:00,88.19000244140625,native,82.74039601007735,8.968052272313077,0.17303609193271463,3
AUDNZD,-1,2014-05-08 00:00:00+00:00,2014-05-09 00:00:00+00:00,1.0835700035095215,1.1025132974609733,25242.095112817085,2014-05-15 00:00:00+00:00,1.0814000368118286,native,43.844829839970856,10.929675934838192,0.0916932764745216,4
NZDCAD,1,2014-05-08 00:00:00+00:00,2014-05-09 00:00:00+00:00,0.9359999895095825,0.9158912212587893,23779.100823529378,2014-05-15 00:00:00+00:00,0.9426000118255615,native,148.00831232144242,8.934283767766164,0.3095317544109868,4
GBPAUD,1,2014-05-13 00:00:00+00:00,2014-05-14 00:00:00+00:00,1.7970999479293823,1.7646491080522537,14785.046872217568,2014-05-20 00:00:00+00:00,1.801300048828125,native,51.458186132544135,10.64050252340946,0.10725210541759136,4
EURJPY,1,2014-05-08 00:00:00+00:00,2014-05-09 00:00:00+00:00,140.63999938964844,138.1376058459282,191.08442350027704,2014-05-21 00:00:00+00:00,138.1376058459282,stop,-488.822439268844,10.654011596245596,-1.022280876318209,8
AUDCHF,-1,2014-05-08 00:00:00+00:00,2014-05-09 00:00:00+00:00,0.8241000175476074,0.8428435665555298,25511.093308449166,2014-05-21 00:00:00+00:00,0.8232300281524658,native,13.78934253568537,8.40503810113328,0.02883783566138524,8
GBPCAD,1,2014-05-14 00:00:00+00:00,2014-05-15 00:00:00+00:00,1.8255000114440918,1.7952585071325302,15837.930387456383,2014-05-21 00:00:00+00:00,1.836899995803833,native,168.95119143451035,11.600967273162478,0.3527438400018133,4
GBPUSD,1,2014-05-14 00:00:00+00:00,2014-05-15 00:00:00+00:00,1.6770645380020142,1.657212216872722,24126.28916181298,2014-05-21 00:00:00+00:00,1.6839836835861206,native,150.71538285866694,16.21792425616652,0.3146703047519928,4
EURCAD,1,2014-05-14 00:00:00+00:00,2014-05-15 00:00:00+00:00,1.493399977684021,1.4657764825969934,17338.965926994635,2014-05-21 00:00:00+00:00,1.4949899911880493,native,17.206071600439316,10.363118369369078,0.03592360442179974,4
CADCHF,-1,2014-05-14 00:00:00+00:00,2014-05-15 00:00:00+00:00,0.8166000247001648,0.8330523539334536,29112.15994446346,2014-05-21 00:00:00+00:00,0.817110002040863,native,-24.35870743073106,9.512165520271695,-0.05085719682496231,4
GBPJPY,1,2014-05-15 00:00:00+00:00,2014-05-16 00:00:00+00:00,170.39700317382812,167.56634086370468,169.0404182404278,2014-05-22 00:00:00+00:00,171.38600158691406,native,155.62567697272107,11.555028414445198,0.3252390116762604,4
CHFJPY,1,2014-05-15 00:00:00+00:00,2014-05-16 00:00:00+00:00,113.94000244140625,111.88710242509842,233.08311997642474,2014-05-26 00:00:00+00:00,113.83999633789062,native,-33.92806918084813,10.618334556740948,-0.07090559799072917,6
EURUSD,1,2014-05-12 00:00:00+00:00,2014-05-13 00:00:00+00:00,1.3756482601165771,1.3580487836152315,27422.950310444478,2014-05-27 00:00:00+00:00,1.3652995824813843,max_hold,-298.82424786691894,15.032975298216778,-0.6191585984321354,10
AUDUSD,1,2014-05-20 00:00:00+00:00,2014-05-21 00:00:00+00:00,0.92336106300354,0.9066334064118564,28912.918926458628,2014-05-27 00:00:00+00:00,0.9258401393890381,native,60.984173657705846,10.693160888697285,0.1260927454756673,4
EURJPY,1,2014-05-21 00:00:00+00:00,2014-05-22 00:00:00+00:00,138.78199768066406,136.41977494955063,204.45854377170213,2014-05-27 00:00:00+00:00,139.11000061035156,native,55.69952269748037,11.36347865927788,0.1153255052714227,3
CADJPY,-1,2014-05-26 00:00:00+00:00,2014-05-27 00:00:00+00:00,93.84600067138672,95.38681155443192,312.96321080101217,2014-05-29 00:00:00+00:00,93.54399871826172,native,82.78626574197995,11.729235176196816,0.17167840398704598,2
AUDCAD,1,2014-05-22 00:00:00+00:00,2014-05-23 00:00:00+00:00,1.0049999952316284,0.9882420925423503,28775.14797559135,2014-05-30 00:00:00+00:00,1.0090399980545044,native,104.66081928294949,11.590859767113496,0.21704355799522954,5
USDCHF,-1,2014-05-21 00:00:00+00:00,2014-05-22 00:00:00+00:00,0.8931999802589417,0.9056586273945868,38766.37763389513,2014-06-02 00:00:00+00:00,0.8955000042915344,native,-103.031884029491,13.868283814965228,-0.2133268564849871,7
EURCAD,1,2014-05-23 00:00:00+00:00,2014-05-26 00:00:00+00:00,1.4813200235366821,1.4564151428639889,19232.525586637475,2014-06-03 00:00:00+00:00,1.482100009918213,native,3.602297716544083,11.398810323475072,0.007520709587062939,6
GBPCAD,1,2014-05-27 00:00:00+00:00,2014-05-28 00:00:00+00:00,1.8246999979019165,1.7966802651062608,17166.091151694673,2014-06-03 00:00:00+00:00,1.8249000310897827,native,-9.096085416704364,12.529873352979806,-0.018911201680491554,4
CADCHF,-1,2014-05-27 00:00:00+00:00,2014-05-28 00:00:00+00:00,0.8257499933242798,0.8400441906414926,33649.26875867006,2014-06-03 00:00:00+00:00,0.8241199851036072,native,43.74520103205792,11.10338366419623,0.0909483894853999,4
USDCAD,1,2014-05-27 00:00:00+00:00,2014-05-28 00:00:00+00:00,1.0854099988937378,1.0726008149795234,37550.34594222667,2014-06-03 00:00:00+00:00,1.0901199579238892,native,160.52221045866236,16.338380497235867,0.3337334421472417,4
NZDUSD,1,2014-05-21 00:00:00+00:00,2014-05-22 00:00:00+00:00,0.856531023979187,0.8406675988808274,30445.923038260487,2014-06-04 00:00:00+00:00,0.8406675988808274,stop,-493.3111753983133,10.334555730447537,-1.0213976314993352,9
NZDCAD,1,2014-05-22 00:00:00+00:00,2014-05-23 00:00:00+00:00,0.932699978351593,0.9159828089177608,28845.2618461018,2014-06-05 00:00:00+00:00,0.9218000173568726,native,-325.1109365989689,10.698707593961071,-0.674208695346008,9
NZDUSD,1,2014-06-04 00:00:00+00:00,2014-06-05 00:00:00+00:00,0.8423889875411987,0.8270353805273771,30938.579044426944,2014-06-06 00:00:00+00:00,0.8483923077583313,native,175.2721229164697,10.462074150292619,0.36897935143010874,1
EURNZD,-1,2014-05-30 00:00:00+00:00,2014-06-02 00:00:00+00:00,1.6051100492477417,1.6349253980442882,15978.069638081319,2014-06-09 00:00:00+00:00,1.6021000146865845,native,37.84553668210213,10.249005149099581,0.07944205397472048,5
NZDCHF,1,2014-06-02 00:00:00+00:00,2014-06-03 00:00:00+00:00,0.758400022983551,0.742891542147845,30913.383382789845,2014-06-09 00:00:00+00:00,0.7599999904632568,native,40.072631751318866,9.387776348822886,0.08358571614776979,4
AUDNZD,-1,2014-05-29 00:00:00+00:00,2014-05-30 00:00:00+00:00,1.097000002861023,1.114168875850737,27518.430440978274,2014-06-12 00:00:00+00:00,1.0894399881362915,native,196.00625997416725,12.033479361126552,0.414862800301406,9
GBPJPY,1,2014-06-11 00:00:00+00:00,2014-06-12 00:00:00+00:00,171.25999450683594,168.88018918037415,201.91483339182201,2014-06-13 00:00:00+00:00,172.44000244140625,native,224.38147998567786,13.879625524114813,0.46695749556660454,1
CHFJPY,1,2014-06-10 00:00:00+00:00,2014-06-11 00:00:00+00:00,113.69999694824219,111.86056518554688,261.2279128958074,2014-06-17 00:00:00+00:00,113.54000091552734,native,-53.667715771388,11.872286073680048,-0.11168885764295018,4
USDJPY,1,2014-06-11 00:00:00+00:00,2014-06-12 00:00:00+00:00,102.0009994506836,100.7816316485405,394.07141565733497,2014-06-18 00:00:00+00:00,102.16600036621094,native,48.9308686369458,16.091275729670897,0.10182941959409994,4
CADCHF,-1,2014-06-10 00:00:00+00:00,2014-06-11 00:00:00+00:00,0.8253200054168701,0.8405202752910554,31611.99927767112,2014-06-20 00:00:00+00:00,0.8263000249862671,native,-41.422580161498885,10.442202241618226,-0.08620528361163914,7
USDCAD,1,2014-06-11 00:00:00+00:00,2014-06-12 00:00:00+00:00,1.086840033531189,1.074583338573575,39204.53251543167,2014-06-23 00:00:00+00:00,1.074583338573575,stop,-497.4655145717623,16.947518574259036,-1.035269269237415,7
AUDJPY,1,2014-06-17 00:00:00+00:00,2014-06-18 00:00:00+00:00,95.37300109863281,93.80303728580475,307.8583770968338,2014-06-23 00:00:00+00:00,95.78269958496094,native,114.35933434295406,11.76977675705186,0.23660885885150515,3
EURCAD,1,2014-06-10 00:00:00+00:00,2014-06-11 00:00:00+00:00,1.4752999544143677,1.4507652493193746,19584.947869669406,2014-06-25 00:00:00+00:00,1.4619499444961548,max_hold,-272.9644255378398,11.505177230070863,-0.5680712217258018,10
NZDCHF,1,2014-06-24 00:00:00+00:00,2014-06-25 00:00:00+00:00,0.774399995803833,0.7592627857811749,31117.23708255654,2014-06-26 00:00:00+00:00,0.7797999978065491,native,158.3606606298195,9.672481934976425,0.33620211362439206,1
NZDUSD,1,2014-06-24 00:00:00+00:00,2014-06-25 00:00:00+00:00,0.8668516278266907,0.8517625383101404,31216.47283799738,2014-06-26 00:00:00+00:00,0.8735913038253784,native,199.52281484953855,10.86609790040027,0.42358999894240057,1
EURNZD,-1,2014-06-24 00:00:00+00:00,2014-06-25 00:00:00+00:00,1.569000005722046,1.5973607953637838,16608.428714209775,2014-06-26 00:00:00+00:00,1.5586999654769897,native,160.67824776128785,10.38923640221903,0.34112238668343003,1
EURJPY,-1,2014-06-19 00:00:00+00:00,2014-06-20 00:00:00+00:00,138.6699981689453,140.5392585992813,258.8443152320797,2014-06-27 00:00:00+00:00,138.35000610351562,native,68.48711639354771,14.341010662298586,0.14154692427081214,5
NZDCAD,1,2014-06-23 00:00:00+00:00,2014-06-24 00:00:00+00:00,0.933899998664856,0.9171929056756198,28333.988748642936,2014-06-27 00:00:00+00:00,0.9379000067710876,native,102.72907261770285,10.607112058746363,0.21701250525632423,3
CADJPY,-1,2014-06-19 00:00:00+00:00,2014-06-20 00:00:00+00:00,94.19000244140625,95.37000739574432,410.0384784843207,2014-07-01 00:00:00+00:00,94.88999938964844,native,-302.531698853418,15.50601525252365,-0.6252625854628518,7
GBPCAD,1,2014-06-20 00:00:00+00:00,2014-06-23 00:00:00+00:00,1.829699993133545,1.8013794980943203,16718.64175090847,2014-07-01 00:00:00+00:00,1.825600028038025,native,-80.76817793243957,12.222330309211127,-0.1705840626395562,6
AUDCAD,1,2014-06-17 00:00:00+00:00,2014-06-18 00:00:00+00:00,1.013800024986267,0.9982415824197233,31065.22452043683,2014-07-02 00:00:00+00:00,1.0091999769210815,native,-155.47051580260924,12.568989852819186,-0.32166767619329645,10
EURUSD,-1,2014-06-25 00:00:00+00:00,2014-06-26 00:00:00+00:00,1.36286199092865,1.3794314698316157,28825.308211130578,2014-07-04 00:00:00+00:00,1.3609145879745483,native,40.43175048621501,15.702739877028703,0.08465248946784089,6
AUDNZD,-1,2014-07-01 00:00:00+00:00,2014-07-02 00:00:00+00:00,1.0825999975204468,1.0979710123501718,31107.961269882548,2014-07-04 00:00:00+00:00,1.0684000253677368,native,428.34953867920774,13.38264508070442,0.895827133124863,2
EURJPY,-1,2014-07-02 00:00:00+00:00,2014-07-03 00:00:00+00:00,139.02999877929688,140.70933163166046,286.4143342783663,2014-07-07 00:00:00+00:00,138.7570037841797,native,62.27724390573493,15.912435882080196,0.12947855709394265,2
AUDCAD,1,2014-07-03 00:00:00+00:00,2014-07-04 00:00:00+00:00,0.9941999912261963,0.9772308045066893,28545.127973959636,2014-07-09 00:00:00+00:00,1.00409996509552,native,271.18767544199,11.40834559671227,0.5598567589063225,3
GBPNZD,-1,2014-07-03 00:00:00+00:00,2014-07-04 00:00:00+00:00,1.9599000215530396,1.992137648165226,15025.535606248239,2014-07-09 00:00:00+00:00,1.9479000568389893,native,168.56253924068932,11.743357843995819,0.34799102407033644,3
NZDUSD,1,2014-07-04 00:00:00+00:00,2014-07-07 00:00:00+00:00,0.8735913038253784,0.8594425856135786,34285.42189194114,2014-07-09 00:00:00+00:00,0.8794301152229309,native,188.1654963250255,12.020615787536128,0.38789429767325,2
USDCHF,-1,2014-07-04 00:00:00+00:00,2014-07-07 00:00:00+00:00,0.8948100209236145,0.9063105599489063,42180.17712517097,2014-07-10 00:00:00+00:00,0.8907899856567383,native,154.5024146958198,15.063384910453149,0.3184994422874202,3
GBPUSD,1,2014-07-14 00:00:00+00:00,2014-07-15 00:00:00+00:00,1.7089343070983887,1.6910603358410299,27647.73237870703,2014-07-16 00:00:00+00:00,1.7142956256866455,native,129.2993925146284,18.928909010483977,0.26164709198435254,1
GBPCHF,1,2014-07-14 00:00:00+00:00,2014-07-15 00:00:00+00:00,1.5234999656677246,1.5048196651041508,26454.32669492412,2014-07-16 00:00:00+00:00,1.5348000526428223,native,282.75513895719433,16.181053563095926,0.5721763916517348,1
AUDNZD,-1,2014-07-15 00:00:00+00:00,2014-07-16 00:00:00+00:00,1.0730299949645996,1.08888675365597,31275.41763479054,2014-07-23 00:00:00+00:00,1.08888675365597,stop,-509.4497202476581,13.522969840951358,-1.0272680790658324,5
CADJPY,1,2014-07-11 00:00:00+00:00,2014-07-14 00:00:00+00:00,94.46399688720703,93.088797301054,358.375629163731,2014-07-24 00:00:00+00:00,94.5790023803711,native,27.66548520965265,13.54968076030341,0.05613504693271229,8
USDCAD,-1,2014-07-11 00:00:00+00:00,2014-07-14 00:00:00+00:00,1.072700023651123,1.0852930885739625,39135.66871393313,2014-07-24 00:00:00+00:00,1.0730400085449219,native,-30.100530380702402,16.794994209249726,-0.061075910030694736,8
NZDUSD,1,2014-07-15 00:00:00+00:00,2014-07-16 00:00:00+00:00,0.8726003170013428,0.8583456864580512,34790.57201100852,2014-07-24 00:00:00+00:00,0.8583456864580512,stop,-507.97087072281107,12.04412031610429,-1.024286087222008,6
AUDJPY,1,2014-07-17 00:00:00+00:00,2014-07-18 00:00:00+00:00,94.5979995727539,93.13102105259895,332.5992713591069,2014-07-24 00:00:00+00:00,95.84500122070312,native,402.0835988316466,12.668240659869127,0.8240836734697609,4
GBPCAD,1,2014-07-23 00:00:00+00:00,2014-07-24 00:00:00+00:00,1.8286199569702148,1.8020132537931204,18231.288769363415,2014-07-28 00:00:00+00:00,1.8357000350952148,native,115.71789362278881,13.36105518373926,0.23855695628052068,2
NZDCHF,1,2014-07-15 00:00:00+00:00,2014-07-16 00:00:00+00:00,0.7809000015258789,0.767361506819725,36630.86341358801,2014-07-30 00:00:00+00:00,0.7712000012397766,max_hold,-366.69033823308547,11.37095264110766,-0.7394042324443373,10
EURNZD,-1,2014-07-15 00:00:00+00:00,2014-07-16 00:00:00+00:00,1.5555000305175781,1.5810972563922405,19374.23816295669,2014-07-30 00:00:00+00:00,1.5756399631500244,max_hold,-402.3285417986927,12.132690391774968,-0.8112660619108474,10
USDJPY,-1,2014-07-24 00:00:00+00:00,2014-07-25 00:00:00+00:00,101.76000213623047,102.71572372317314,502.52877243228284,2014-07-30 00:00:00+00:00,102.71572372317314,stop,-500.8285829749998,20.55098710166522,-1.0427898100561934,3
NZDCAD,1,2014-07-17 00:00:00+00:00,2014-07-18 00:00:00+00:00,0.932200014591217,0.9169814526103437,32060.584141669235,2014-07-31 00:00:00+00:00,0.9254999756813049,native,-226.71895059331706,11.911789369622063,-0.4646680098194664,9
NZDJPY,1,2014-07-17 00:00:00+00:00,2014-07-18 00:00:00+00:00,87.66999816894531,86.14749336242676,320.4692588253265,2014-07-31 00:00:00+00:00,87.26200103759766,native,-141.96260391195347,11.212065626110686,-0.29095706581177627,9
NZDUSD,1,2014-07-24 00:00:00+00:00,2014-07-25 00:00:00+00:00,0.8581480979919434,0.8434068392962217,32580.501148977608,2014-08-05 00:00:00+00:00,0.8521517515182495,native,-206.50845841826282,11.144485242412614,-0.42997728853612,7
EURCHF,-1,2014-07-30 00:00:00+00:00,2014-07-31 00:00:00+00:00,1.2173000574111938,1.2215596826281399,57769.97706738843,2014-08-06 00:00:00+00:00,1.2157000303268433,native,64.32265611541763,28.110871854716088,0.2613908525035131,4
EURCAD,-1,2014-07-29 00:00:00+00:00,2014-07-30 00:00:00+00:00,1.4550199508666992,1.473227887880057,25999.059920236825,2014-08-07 00:00:00+00:00,1.4606000185012817,native,-160.2371884481325,15.16067565764744,-0.33848928760763053,6
AUDUSD,1,2014-07-31 00:00:00+00:00,2014-08-01 00:00:00+00:00,0.930059552192688,0.9154071835801005,32020.952877259795,2014-08-07 00:00:00+00:00,0.934841513633728,native,141.1797801345006,11.943181829915847,0.30090569958000646,4
AUDCHF,1,2014-07-31 00:00:00+00:00,2014-08-01 00:00:00+00:00,0.8446999788284302,0.8308645552024245,33911.705023762865,2014-08-07 00:00:00+00:00,0.8484100103378296,native,114.33024487054013,11.483249305078509,0.24367952891800998,4
GBPUSD,1,2014-07-24 00:00:00+00:00,2014-07-25 00:00:00+00:00,1.6991198062896729,1.6805443954654038,25855.557135018764,2014-08-08 00:00:00+00:00,1.6830201148986816,max_hold,-433.75591301012565,17.48942239418267,-0.9031358463044397,10
NZDCAD,1,2014-08-07 00:00:00+00:00,2014-08-08 00:00:00+00:00,0.9239000082015991,0.909305437002331,32208.845221264786,2014-08-11 00:00:00+00:00,0.9283000230789185,native,129.78795332957367,11.931444825267198,0.2761009430181347,1
CADCHF,1,2014-07-30 00:00:00+00:00,2014-07-31 00:00:00+00:00,0.8328999876976013,0.8213672845158726,40651.583179092966,2014-08-14 00:00:00+00:00,0.8309999704360962,native,-90.76674325774037,13.528033509952262,-0.19360571567204563,10
AUDJPY,1,2014-08-07 00:00:00+00:00,2014-08-08 00:00:00+00:00,94.59600067138672,93.20901000499725,338.9166893614545,2014-08-14 00:00:00+00:00,95.28959655761719,native,222.2001419218992,12.871079594055317,0.4726915491733893,4
NZDCHF,1,2014-08-12 00:00:00+00:00,2014-08-13 00:00:00+00:00,0.7642999887466431,0.7508179042488337,35293.83721580314,2014-08-14 00:00:00+00:00,0.7689999938011169,native,155.0580053086461,10.823207997406888,0.32586541485318254,1
GBPJPY,1,2014-08-08 00:00:00+00:00,2014-08-11 00:00:00+00:00,171.35000610351562,169.0162535905838,201.16442842428745,2014-08-19 00:00:00+00:00,171.58900451660156,native,34.28055315158706,13.797426011157304,0.07302000105736675,6
EURGBP,-1,2014-08-08 00:00:00+00:00,2014-08-11 00:00:00+00:00,0.79899001121521,0.8087904788553715,47902.611139067834,2014-08-19 00:00:00+00:00,0.7989000082015991,native,-10.9972414862799,15.30862084862419,-0.023424901617116967,6
GBPUSD,1,2014-08-08 00:00:00+00:00,2014-08-11 00:00:00+00:00,1.6777961254119873,1.6606275108642876,27344.54717026516,2014-08-20 00:00:00+00:00,1.6606275108642876,stop,-487.72552686697173,18.25753651929695,-1.038889843172856,7
GBPCHF,1,2014-08-08 00:00:00+00:00,2014-08-11 00:00:00+00:00,1.5196199417114258,1.4993513696826994,23162.361397848104,2014-08-25 00:00:00+00:00,1.516700029373169,max_hold,-81.69773292669356,14.065668097953019,-0.1740219452793587,10
CADJPY,-1,2014-08-14 00:00:00+00:00,2014-08-15 00:00:00+00:00,93.94999694824219,95.19044235348701,377.9376319206215,2014-08-25 00:00:00+00:00,95.19044235348701,stop,-483.10765693107004,14.296657946024318,-1.0304955685275643,6
EURNZD,-1,2014-08-20 00:00:00+00:00,2014-08-21 00:00:00+00:00,1.583400011062622,1.608127293176949,18819.698095903095,2014-08-25 00:00:00+00:00,1.5787999629974365,native,74.66918604729858,11.902329766136582,0.1604546772277374,2
GBPCAD,1,2014-08-13 00:00:00+00:00,2014-08-14 00:00:00+00:00,1.8210999965667725,1.7932750396430492,16868.536849058888,2014-08-26 00:00:00+00:00,1.8210999965667725,native,-12.287716959163047,12.287716959163047,-0.026179375609586296,8
EURJPY,-1,2014-08-20 00:00:00+00:00,2014-08-21 00:00:00+00:00,137.5,139.10173708200455,290.5345636010795,2014-08-26 00:00:00+00:00,137.23599243164062,native,60.73926332734595,15.964060333327241,0.13052102759050277,3
CHFJPY,-1,2014-08-14 00:00:00+00:00,2014-08-15 00:00:00+00:00,113.02799987792969,114.42893785238266,334.6407960481644,2014-08-27 00:00:00+00:00,113.4259033203125,native,-148.31086759618404,15.156142886894749,-0.3163553498473164,8
NZDCHF,1,2014-08-25 00:00:00+00:00,2014-08-26 00:00:00+00:00,0.7613000273704529,0.7482792409136891,35640.38770694014,2014-08-29 00:00:00+00:00,0.765999972820282,native,156.62116520305688,10.886712830321509,0.3374976975763401,3
GBPUSD,-1,2014-09-01 00:00:00+00:00,2014-09-02 00:00:00+00:00,1.661598801612854,1.677573333028704,29152.525193766745,2014-09-03 00:00:00+00:00,1.6469309329986572,native,408.3150100257144,19.290399288517698,0.8767808145769814,1
AUDCAD,1,2014-08-27 00:00:00+00:00,2014-08-28 00:00:00+00:00,1.0146299600601196,1.0011653839610517,34590.240600800964,2014-09-04 00:00:00+00:00,1.0169800519943237,native,67.23546961332971,14.05477582479187,0.14436176211501886,5
EURJPY,-1,2014-09-02 00:00:00+00:00,2014-09-03 00:00:00+00:00,138.14300537109375,139.8855221271515,269.5629625375053,2014-09-05 00:00:00+00:00,136.50999450683594,native,425.39199116188627,14.807255263381563,0.9056327629540085,2
CHFJPY,-1,2014-09-02 00:00:00+00:00,2014-09-03 00:00:00+00:00,114.41000366210938,115.85078629851341,326.01585219440767,2014-09-05 00:00:00+00:00,113.15280151367188,native,395.0300134320653,14.83781637142646,0.8409940242107072,2
AUDUSD,1,2014-09-02 00:00:00+00:00,2014-09-03 00:00:00+00:00,0.9279019832611084,0.914398024789989,34783.72508614732,2014-09-08 00:00:00+00:00,0.9365049004554749,native,286.27130332934894,12.970203298383655,0.6094535787580005,3
AUDUSD,1,2014-09-09 00:00:00+00:00,2014-09-10 00:00:00+00:00,0.920810341835022,0.9038341813720763,28378.21358830062,2014-09-12 00:00:00+00:00,0.9038341813720763,stop,-492.1091379271962,10.356030400458796,-1.021496551321953,2
EURCHF,-1,2014-09-10 00:00:00+00:00,2014-09-11 00:00:00+00:00,1.2102999687194824,1.2163781714625657,59519.286832386744,2014-09-17 00:00:00+00:00,1.2085700035095215,native,74.1724124042461,28.79388313746909,0.20502626651163527,4
AUDCAD,1,2014-09-10 00:00:00+00:00,2014-09-11 00:00:00+00:00,1.0025999546051025,0.9868714096955955,30533.10246048325,2014-09-17 00:00:00+00:00,0.9868714096955955,stop,-492.3902198779687,12.148946601678123,-1.025297589519526,4
GBPCAD,-1,2014-09-11 00:00:00+00:00,2014-09-12 00:00:00+00:00,1.7927000522613525,1.8240131884813309,15297.732868236977,2014-09-17 00:00:00+00:00,1.784909963607788,native,108.22483077621384,10.945864465899033,0.22592967375388373,3
EURCAD,-1,2014-09-12 00:00:00+00:00,2014-09-15 00:00:00+00:00,1.4368000030517578,1.4633612763136625,17460.209109109055,2014-09-17 00:00:00+00:00,1.422029972076416,native,247.90467554286033,9.98315383462539,0.5345476039614375,2
EURJPY,-1,2014-09-11 00:00:00+00:00,2014-09-12 00:00:00+00:00,138.41299438476562,140.54731911420822,224.43632243583005,2014-09-18 00:00:00+00:00,140.54731911420822,stop,-491.54175853339547,12.521765373451185,-1.026140381512782,4
AUDCHF,1,2014-09-11 00:00:00+00:00,2014-09-12 00:00:00+00:00,0.8514299988746643,0.8317282698117197,24313.601696050795,2014-09-22 00:00:00+00:00,0.8317282698117197,stop,-487.2047211071953,8.184727947251037,-1.017086401536727,6
NZDCHF,1,2014-09-11 00:00:00+00:00,2014-09-12 00:00:00+00:00,0.765500009059906,0.7501518600620329,31210.277749214347,2014-09-22 00:00:00+00:00,0.7656000256538391,native,-6.435665792866935,9.557211469049543,-0.013435067188767781,6
EURNZD,-1,2014-09-11 00:00:00+00:00,2014-09-12 00:00:00+00:00,1.5786999464035034,1.6084569543600082,16097.720370949846,2014-09-22 00:00:00+00:00,1.5759999752044678,native,33.306685933233474,10.156695438460503,0.0695308889165977,6
EURAUD,-1,2014-09-11 00:00:00+00:00,2014-09-12 00:00:00+00:00,1.4204000234603882,1.452047019265592,15136.349627258332,2014-09-23 00:00:00+00:00,1.452047019265592,stop,-487.71566570484123,8.695672544896938,-1.018153047198582,7
AUDNZD,1,2014-09-19 00:00:00+00:00,2014-09-22 00:00:00+00:00,1.0972000360488892,1.0801147446036339,27425.302119364474,2014-09-26 00:00:00+00:00,1.1078699827194214,native,280.53156874503867,12.094942291814721,0.5986981667567175,4
GBPUSD,-1,2014-09-18 00:00:00+00:00,2014-09-19 00:00:00+00:00,1.6430072784423828,1.6687317108735442,18001.819265741677,2014-09-29 00:00:00+00:00,1.624510645866394,native,321.20878323358414,11.7642534241956,0.6936257598248373,6
EURAUD,-1,2014-09-23 00:00:00+00:00,2014-09-24 00:00:00+00:00,1.4509999752044678,1.48495133779943,13605.374072515857,2014-10-01 00:00:00+00:00,1.444700002670288,native,77.83406669393796,7.879416280152388,0.1685008229818035,5
AUDCHF,1,2014-09-23 00:00:00+00:00,2014-09-24 00:00:00+00:00,0.8319900035858154,0.8109381189569831,21942.02545378965,2014-10-02 00:00:00+00:00,0.8355000019073486,native,69.69885088494632,7.3176216288941704,0.1508891187862622,6
CHFJPY,1,2014-09-25 00:00:00+00:00,2014-09-26 00:00:00+00:00,114.71299743652344,112.67378813028336,228.3783633483856,2014-10-07 00:00:00+00:00,112.67378813028336,stop,-476.0973282708663,10.38604438695953,-1.0223014660506886,7
AUDJPY,1,2014-09-23 00:00:00+00:00,2014-09-24 00:00:00+00:00,96.08300018310547,94.25481241941452,252.66605408380207,2014-10-08 00:00:00+00:00,95.17739868164062,max_hold,-238.47976000421846,9.6650020567299,-0.5162782510546053,10
GBPJPY,1,2014-10-01 00:00:00+00:00,2014-10-02 00:00:00+00:00,176.41200256347656,172.90657925605774,132.79865091157583,2014-10-10 00:00:00+00:00,172.90657925605774,stop,-474.7932933800097,9.277807280795816,-1.0199301796778861,6
GBPAUD,1,2014-10-02 00:00:00+00:00,2014-10-03 00:00:00+00:00,1.8365999460220337,1.7914483128115535,10271.746455555021,2014-10-10 00:00:00+00:00,1.839400053024292,native,21.210201183456626,7.551787992164872,0.04573272007289754,5
EURCHF,-1,2014-10-03 00:00:00+00:00,2014-10-06 00:00:00+00:00,1.210800051689148,1.2168157848063856,57382.11515673258,2014-10-10 00:00:00+00:00,1.2107000350952148,native,-22.050995655726034,27.79015936637965,-0.06387973268339121,4
EURGBP,-1,2014-10-06 00:00:00+00:00,2014-10-07 00:00:00+00:00,0.7865200042724609,0.7990539236925542,36881.469765680224,2014-10-13 00:00:00+00:00,0.7853999733924866,native,29.71344121033907,11.594943826063698,0.06427733077251416,4
CADJPY,1,2014-10-02 00:00:00+00:00,2014-10-03 00:00:00+00:00,97.25,95.18097597360611,224.15695636005012,2014-10-14 00:00:00+00:00,95.18097597360611,stop,-472.413076768998,8.626948376727496,-1.0186011349814044,7
CADCHF,1,2014-10-09 00:00:00+00:00,2014-10-10 00:00:00+00:00,0.8531000018119812,0.8361504315398633,26947.410186333545,2014-10-15 00:00:00+00:00,0.8361504315398633,stop,-465.85120747183964,9.104184866994771,-1.0199326638520232,3
EURCAD,-1,2014-10-09 00:00:00+00:00,2014-10-10 00:00:00+00:00,1.4184999465942383,1.4442216604948044,17757.25460482602,2014-10-15 00:00:00+00:00,1.4442216604948044,stop,-466.91383789280815,10.16681528796337,-1.0222591824025073,3
USDJPY,1,2014-10-10 00:00:00+00:00,2014-10-13 00:00:00+00:00,107.33999633789062,105.08799344301224,202.44133003736437,2014-10-20 00:00:00+00:00,107.1259994506836,native,-52.0051707570926,8.683356287045351,-0.11407182777117107,5
GBPCHF,1,2014-10-13 00:00:00+00:00,2014-10-14 00:00:00+00:00,1.5261499881744385,1.5015623373910785,18384.06091903341,2014-10-20 00:00:00+00:00,1.5234999656677246,native,-59.931165306869715,11.21299010663235,-0.13258495194215597,4
GBPJPY,1,2014-10-13 00:00:00+00:00,2014-10-14 00:00:00+00:00,172.0229949951172,168.45817077159882,126.80032492908701,2014-10-20 00:00:00+00:00,172.36500549316406,native,34.6333402087841,8.733702072718529,0.07661889642335436,4
EURGBP,-1,2014-10-14 00:00:00+00:00,2014-10-15 00:00:00+00:00,0.7954000234603882,0.8081343346275389,35024.825522230974,2014-10-20 00:00:00+00:00,0.7922800183296204,native,98.15599204384372,11.121643289764688,0.22007229803203124,3
EURAUD,-1,2014-10-10 00:00:00+00:00,2014-10-13 00:00:00+00:00,1.4562000036239624,1.4906241307035089,13243.573620144276,2014-10-22 00:00:00+00:00,1.4499000310897827,native,75.73672010984853,7.697429951447064,0.1661262902621229,7
AUDCHF,1,2014-10-10 00:00:00+00:00,2014-10-13 00:00:00+00:00,0.8294000029563904,0.8082096395082772,21514.423874960434,2014-10-22 00:00:00+00:00,0.832319974899292,native,55.67132448956163,7.150189593015403,0.12211342923242206,7
CADCHF,1,2014-10-15 00:00:00+00:00,2014-10-16 00:00:00+00:00,0.8355000019073486,0.8169455737806857,23059.123013759414,2014-10-22 00:00:00+00:00,0.8450999855995178,native,213.61657251804493,7.750632369768674,0.4992804753359935,4
EURCAD,-1,2014-10-15 00:00:00+00:00,2014-10-16 00:00:00+00:00,1.444599986076355,1.4738477179780602,14628.445106806168,2014-10-22 00:00:00+00:00,1.42739999294281,native,243.20657658353886,8.402578807966064,0.5684404244956768,4
CHFJPY,-1,2014-10-20 00:00:00+00:00,2014-10-21 00:00:00+00:00,113.31999969482422,115.62010890245438,190.82522533569872,2014-10-22 00:00:00+00:00,112.70999908447266,native,107.77705883531326,8.626445089937407,0.24555121501279534,1
GBPCAD,-1,2014-10-20 00:00:00+00:00,2014-10-21 00:00:00+00:00,1.8243000507354736,1.860973590053618,11968.271020560704,2014-10-22 00:00:00+00:00,1.8086999654769897,native,178.0099025550425,8.69614576234644,0.40556448959598235,1
AUDNZD,1,2014-10-10 00:00:00+00:00,2014-10-13 00:00:00+00:00,1.1074999570846558,1.0863309437409043,21536.12234467912,2014-10-23 00:00:00+00:00,1.1159000396728516,native,171.32852345452784,9.576682870265767,0.37580412746031633,8
NZDCAD,-1,2014-10-14 00:00:00+00:00,2014-10-15 00:00:00+00:00,0.8857100009918213,0.9088393654674292,19283.583310108657,2014-10-23 00:00:00+00:00,0.8830999732017517,native,43.50888943208295,6.821798899422582,0.09754983962530893,6
NZDJPY,-1,2014-10-20 00:00:00+00:00,2014-10-21 00:00:00+00:00,85.11900329589844,87.57433408498764,178.761598963843,2014-10-23 00:00:00+00:00,84.09100341796875,native,177.71725164117564,6.049650272170702,0.4048977355738262,2
NZDCHF,-1,2014-10-21 00:00:00+00:00,2014-10-22 00:00:00+00:00,0.7560399770736694,0.7750935894437134,23574.437168968816,2014-10-23 00:00:00+00:00,0.7487000226974487,native,165.940613549265,7.0946797160476756,0.36943159331472364,1
AUDUSD,-1,2014-10-28 00:00:00+00:00,2014-10-29 00:00:00+00:00,0.886289119720459,0.9108781339600682,18633.722191450837,2014-10-30 00:00:00+00:00,0.8769621849060059,native,167.22432523746605,6.57118699282456,0.3649713024718005,1
NZDJPY,-1,2014-10-28 00:00:00+00:00,2014-10-29 00:00:00+00:00,85.70999908447266,88.05090129375458,195.7300302788201,2014-10-30 00:00:00+00:00,84.68000030517578,native,194.93160431097627,6.670087947948805,0.4254431370392217,1
CHFJPY,-1,2014-10-28 00:00:00+00:00,2014-10-29 00:00:00+00:00,114.18000030517578,116.42838990688324,203.78357022935677,2014-10-31 00:00:00+00:00,116.42838990688324,stop,-467.583700518959,9.398840216451608,-1.0205132055438195,2
AUDCAD,-1,2014-11-04 00:00:00+00:00,2014-11-05 00:00:00+00:00,0.9963300228118896,1.0201664036139846,19177.85197292308,2014-11-06 00:00:00+00:00,0.9771999716758728,native,359.303675701298,7.569613219682003,0.7859978950945722,1
CADCHF,1,2014-11-04 00:00:00+00:00,2014-11-05 00:00:00+00:00,0.8420100212097168,0.8226817939430475,23650.931680687805,2014-11-07 00:00:00+00:00,0.8511000275611877,native,206.97839317738425,8.008726018273332,0.45277739241033066,2
EURCAD,-1,2014-11-04 00:00:00+00:00,2014-11-05 00:00:00+00:00,1.4298399686813354,1.4603840820491314,14966.241680951061,2014-11-07 00:00:00+00:00,1.4142999649047852,native,224.0622351186451,8.513217124098798,0.49014930011417074,2
GBPCAD,-1,2014-11-04 00:00:00+00:00,2014-11-05 00:00:00+00:00,1.8232300281524658,1.861746066249907,11868.577485470178,2014-11-07 00:00:00+00:00,1.8099000453948975,native,149.58391607964373,8.62401715853777,0.32722360256716504,2
EURAUD,-1,2014-11-05 00:00:00+00:00,2014-11-06 00:00:00+00:00,1.454300045967102,1.4896369455382228,13136.741387741866,2014-11-12 00:00:00+00:00,1.4329700469970703,native,272.62081616454094,7.585864105566349,0.5872769032741918,4
AUDNZD,1,2014-11-04 00:00:00+00:00,2014-11-05 00:00:00+00:00,1.117900013923645,1.0961435898207128,21011.292132846065,2014-11-18 00:00:00+00:00,1.0961435898207128,stop,-466.43456598342857,9.303983390626396,-1.020353010157087,9
AUDCAD,-1,2014-11-13 00:00:00+00:00,2014-11-14 00:00:00+00:00,0.9907500147819519,1.0154738519340754,18767.18393277325,2014-11-18 00:00:00+00:00,0.983299970626831,native,132.40687713270427,7.409471833730995,0.2853616173989862,2
NZDCAD,-1,2014-11-04 00:00:00+00:00,2014-11-05 00:00:00+00:00,0.8909800052642822,0.9171040141955018,17498.485159622913,2014-11-19 00:00:00+00:00,0.894599974155426,max_hold,-69.59296087421549,6.248988954239111,-0.15223868960919368,10
NZDCHF,-1,2014-11-11 00:00:00+00:00,2014-11-12 00:00:00+00:00,0.7542600035667419,0.774023809004575,23722.34827347856,2014-11-19 00:00:00+00:00,0.7573999762535095,native,-81.65955054718582,7.172024902475116,-0.17417215999010802,5
NZDUSD,-1,2014-11-12 00:00:00+00:00,2014-11-13 00:00:00+00:00,0.7861635684967041,0.8136399304494262,16948.857519431447,2014-11-20 00:00:00+00:00,0.7840062379837036,native,31.24177062089729,5.322516866269936,0.06708663086023264,5
GBPNZD,1,2014-11-12 00:00:00+00:00,2014-11-13 00:00:00+00:00,2.005539894104004,1.942959263920784,7441.486966903099,2014-11-20 00:00:00+00:00,1.9987000226974487,native,-56.85831375781974,5.959499830646232,-0.12209399885468418,5
AUDUSD,-1,2014-11-14 00:00:00+00:00,2014-11-17 00:00:00+00:00,0.8751968741416931,0.9017943097278476,17192.47319570739,2014-11-20 00:00:00+00:00,0.8603630661964417,native,249.06213193824573,5.967713550761379,0.5446651392484251,3
EURGBP,-1,2014-11-13 00:00:00+00:00,2014-11-14 00:00:00+00:00,0.7942600250244141,0.8080080086365342,33750.17111227688,2014-11-24 00:00:00+00:00,0.7907800078392029,native,106.75210100875032,10.69907446579121,0.23007077022189387,6
GBPCHF,1,2014-11-13 00:00:00+00:00,2014-11-14 00:00:00+00:00,1.5128999948501587,1.4857132975012064,17067.052809035475,2014-11-24 00:00:00+00:00,1.5200899839401245,native,112.35908346737774,10.35284002745783,0.24215486749667559,6
AUDCHF,1,2014-11-18 00:00:00+00:00,2014-11-19 00:00:00+00:00,0.8345000147819519,0.8154296679422259,23953.16184771292,2014-11-24 00:00:00+00:00,0.8428999781608582,native,193.16987562694058,8.035806702862327,0.42288079226321873,3
EURAUD,-1,2014-11-19 00:00:00+00:00,2014-11-20 00:00:00+00:00,1.457260012626648,1.4913303731009364,13506.239189204582,2014-11-24 00:00:00+00:00,1.4255199432373047,native,420.90186593167203,7.7871031227486345,0.9146810589717218,2
EURCHF,-1,2014-11-20 00:00:00+00:00,2014-11-21 00:00:00+00:00,1.2021000385284424,1.2064346926053986,57596.588521692334,2014-11-27 00:00:00+00:00,1.202049970626831,native,-24.81042743709559,27.69416776434783,-0.09937634989369373,4
GBPUSD,-1,2014-11-26 00:00:00+00:00,2014-11-27 00:00:00+00:00,1.579005479812622,1.607508946210146,16633.15848453493,2014-12-01 00:00:00+00:00,1.5616704225540161,native,277.88888271435576,10.447872006524811,0.5861365016145537,2
CADJPY,1,2014-11-27 00:00:00+00:00,2014-11-28 00:00:00+00:00,103.91999816894531,101.35267674922943,185.09910503598388,2014-12-02 00:00:00+00:00,104.48999786376953,native,97.79113263350513,7.715300749241694,0.20578556761939973,2
AUDJPY,1,2014-11-25 00:00:00+00:00,2014-11-26 00:00:00+00:00,100.78199768066406,97.95405173301697,167.8456170619245,2014-12-03 00:00:00+00:00,100.7699966430664,native,-8.780245332427578,6.765923771465609,-0.018498032646602196,5
CADCHF,1,2014-11-28 00:00:00+00:00,2014-12-01 00:00:00+00:00,0.8450000286102295,0.8230099491775036,21665.010236196034,2014-12-04 00:00:00+00:00,0.8597000241279602,native,311.0890845452284,7.386468818443361,0.6529787921463236,3
EURCAD,-1,2014-11-28 00:00:00+00:00,2014-12-01 00:00:00+00:00,1.4240200519561768,1.459308939985931,13500.433779695086,2014-12-04 00:00:00+00:00,1.3990999460220337,native,328.8095710299175,7.622668916967552,0.690174252983315,3
GBPCAD,-1,2014-11-28 00:00:00+00:00,2014-12-01 00:00:00+00:00,1.788349986076355,1.8262373702600598,12574.510124393179,2014-12-08 00:00:00+00:00,1.781440019607544,native,77.91177120759579,8.977672113685955,0.16353750994345825,5
NZDJPY,1,2014-12-09 00:00:00+00:00,2014-12-10 00:00:00+00:00,91.83699798583984,89.37673085927963,197.36415958756413,2014-12-12 00:00:00+00:00,92.66999816894531,native,157.12136742807488,7.28301364682302,0.3235822546584876,2
AUDJPY,1,2014-12-09 00:00:00+00:00,2014-12-10 00:00:00+00:00,99.06800079345703,96.25669330358505,172.71983073490804,2014-12-16 00:00:00+00:00,96.25669330358505,stop,-492.31584341502514,6.74728962055776,-1.0138956478293975,4
CADJPY,1,2014-12-10 00:00:00+00:00,2014-12-11 00:00:00+00:00,102.5999984741211,99.53566908836365,157.95840520278787,2014-12-16 00:00:00+00:00,99.53566908836365,stop,-490.422388326839,6.385805536554198,-1.0131928159225951,3
EURUSD,-1,2014-12-10 00:00:00+00:00,2014-12-11 00:00:00+00:00,1.2480031251907349,1.2766837934032083,16876.754028337957,2014-12-18 00:00:00+00:00,1.2338062524795532,native,231.22015143580316,8.37697728243279,0.4776914796458316,5
NZDCAD,-1,2014-12-10 00:00:00+00:00,2014-12-11 00:00:00+00:00,0.8965100049972534,0.9225476691499352,18589.86197655637,2014-12-18 00:00:00+00:00,0.8953999876976013,native,13.97279650440045,6.6622718877218965,0.028867232356390608,5
CADCHF,1,2014-12-10 00:00:00+00:00,2014-12-11 00:00:00+00:00,0.8406000137329102,0.8185665565542877,21968.253954259682,2014-12-18 00:00:00+00:00,0.8361999988555908,native,-104.02791792888193,7.367273701410005,-0.21491747034738776,5
USDJPY,1,2014-12-10 00:00:00+00:00,2014-12-11 00:00:00+00:00,117.65699768066406,114.05718350410461,134.46154691598738,2014-12-18 00:00:00+00:00,118.74400329589844,native,139.80308767401937,6.3573688567592885,0.2888275238786877,5
EURCAD,-1,2014-12-10 00:00:00+00:00,2014-12-11 00:00:00+00:00,1.430999994277954,1.4670680779963732,13420.080383785382,2014-12-18 00:00:00+00:00,1.4357399940490723,native,-71.30555416408221,7.694376216552133,-0.14731439048063913,5
GBPCAD,-1,2014-12-12 00:00:00+00:00,2014-12-15 00:00:00+00:00,1.8183499574661255,1.8560054982081056,12792.494087212293,2014-12-18 00:00:00+00:00,1.812000036239624,native,71.94308357848543,9.288246165798398,0.14934989956180858,3
GBPJPY,1,2014-12-10 00:00:00+00:00,2014-12-11 00:00:00+00:00,185.2899932861328,180.352064371109,98.02421037645728,2014-12-19 00:00:00+00:00,186.25,native,86.81991718989914,7.283982893029481,0.17936643691147416,6
NZDJPY,1,2014-12-16 00:00:00+00:00,2014-12-17 00:00:00+00:00,90.79499816894531,88.14423877000809,174.35910366240302,2014-12-19 00:00:00+00:00,92.47100067138672,native,285.835475003709,6.390819057919057,0.6184451532382034,2
CADJPY,1,2014-12-16 00:00:00+00:00,2014-12-17 00:00:00+00:00,100.18699645996094,96.70073449611664,132.57294994370838,2014-12-19 00:00:00+00:00,102.60099792480469,native,314.65445483701785,5.3768405257513106,0.68079905944578,2
CHFJPY,1,2014-12-10 00:00:00+00:00,2014-12-11 00:00:00+00:00,121.97000122070312,118.79228234291077,152.3220276573229,2014-12-23 00:00:00+00:00,122.04900360107422,native,4.599908847605049,7.433893920275037,0.009503225605569612,8
EURCHF,-1,2014-12-18 00:00:00+00:00,2014-12-19 00:00:00+00:00,1.2041000127792358,1.2100493472535163,60551.28858877057,2014-12-24 00:00:00+00:00,1.2022000551223755,native,85.90397041845773,29.14091396853774,0.23846325154741094,3
NZDCHF,-1,2014-12-18 00:00:00+00:00,2014-12-19 00:00:00+00:00,0.7620999813079834,0.7841275543905795,22066.22493549345,2015-01-02 00:00:00+00:00,0.7749999761581421,max_hold,-291.43778671226585,6.783598681956988,-0.5995855645162775,10
NZDUSD,-1,2014-12-29 00:00:00+00:00,2014-12-30 00:00:00+00:00,0.7782101631164551,0.7986987810581923,23655.65220135622,2015-01-05 00:00:00+00:00,0.7665184736251831,native,269.26622757653416,7.308312675247066,0.5555642550557772,4
NZDCAD,-1,2014-12-29 00:00:00+00:00,2014-12-30 00:00:00+00:00,0.9053000211715698,0.9275180394761264,21814.349663075132,2015-01-05 00:00:00+00:00,0.9035000205039978,native,31.374284640245598,7.891559315939142,0.06473307562906926,4
GBPNZD,1,2014-12-24 00:00:00+00:00,2014-12-25 00:00:00+00:00,2.0092999935150146,1.9575937874615192,9434.96910054546,2015-01-06 00:00:00+00:00,1.9575937874615192,stop,-495.33196047089774,7.48550404973191,-1.015343975448024,8
EURJPY,1,2014-12-30 00:00:00+00:00,2014-12-31 00:00:00+00:00,145.2729949951172,142.00064635276794,146.1377895647944,2015-01-06 00:00:00+00:00,142.00064635276794,stop,-486.6101042676362,8.396306989361891,-1.0175576427053108,4
GBPJPY,1,2014-12-30 00:00:00+00:00,2014-12-31 00:00:00+00:00,185.9340057373047,181.44733560085297,106.5854593126985,2015-01-06 00:00:00+00:00,181.44733560085297,stop,-486.045299080163,7.83150180188856,-1.0163765701584964,4
EURAUD,1,2014-12-29 00:00:00+00:00,2014-12-30 00:00:00+00:00,1.4937000274658203,1.4567687334492803,13123.602435894516,2015-01-08 00:00:00+00:00,1.4567687334492803,stop,-492.41577591975675,7.744155803555218,-1.0159781499104457,7
AUDCHF,-1,2014-12-29 00:00:00+00:00,2014-12-30 00:00:00+00:00,0.8047999739646912,0.8259227848611772,22945.41301777363,2015-01-08 00:00:00+00:00,0.8259227848611772,stop,-492.1551415599501,7.483521443748562,-1.0154403953793587,7
GBPAUD,1,2014-12-30 00:00:00+00:00,2014-12-31 00:00:00+00:00,1.9012999534606934,1.855629175901413,10470.892391914189,2015-01-08 00:00:00+00:00,1.855629175901413,stop,-486.08147740579403,7.867680127519695,-1.016452223194517,6
AUDCAD,-1,2014-12-29 00:00:00+00:00,2014-12-30 00:00:00+00:00,0.9469000101089478,0.9680326459929347,22934.745233719605,2015-01-09 00:00:00+00:00,0.9680326459929347,stop,-493.45531863768696,8.783698521485334,-1.01812298916817,8
AUDJPY,1,2015-01-05 00:00:00+00:00,2015-01-06 00:00:00+00:00,96.6500015258789,94.26690870523453,196.61296933130782,2015-01-09 00:00:00+00:00,97.16000366210938,native,92.65192224835732,7.621112121225311,0.19774308877547192,3
CADJPY,1,2015-01-02 00:00:00+00:00,2015-01-05 00:00:00+00:00,102.08399963378906,99.07662999629974,158.74099737995036,2015-01-12 00:00:00+00:00,99.07662999629974,stop,-483.77934354144605,6.386487796211819,-1.0133778453517956,5
GBPCHF,1,2015-01-06 00:00:00+00:00,2015-01-07 00:00:00+00:00,1.5310499668121338,1.5046058278530836,17215.89129621449,2015-01-12 00:00:00+00:00,1.5366899967193604,native,86.53536624276894,10.562775547442241,0.1900792429772047,3
CHFJPY,1,2015-01-05 00:00:00+00:00,2015-01-06 00:00:00+00:00,118.62999725341797,115.87918019294739,170.33010387788528,2015-01-13 00:00:00+00:00,115.87918019294739,stop,-476.5357501699645,7.988794510951369,-1.0170501470865714,5
EURJPY,1,2015-01-06 00:00:00+00:00,2015-01-07 00:00:00+00:00,140.8979949951172,137.58085560798645,137.24458595476426,2015-01-14 00:00:00+00:00,137.58085560798645,stop,-462.90336465063484,7.643942909636323,-1.0167903014075017,5
NZDUSD,-1,2015-01-09 00:00:00+00:00,2015-01-12 00:00:00+00:00,0.7846214175224304,0.8041904540732503,22758.323885894657,2015-01-14 00:00:00+00:00,0.7743534445762634,native,226.5859229921504,7.095930968322007,0.5087720056064857,2
GBPAUD,1,2015-01-08 00:00:00+00:00,2015-01-09 00:00:00+00:00,1.8592400550842285,1.8115201760083437,9548.772473632087,2015-01-15 00:00:00+00:00,1.8726500272750854,native,120.9217794696158,7.12699385861064,0.2653735596070402,4
AUDCHF,-1,2015-01-08 00:00:00+00:00,2015-01-09 00:00:00+00:00,0.8263099789619446,0.8460874175652862,23039.70078753635,2015-01-16 00:00:00+00:00,0.7020999789237976,native,2854.718414076709,7.0428216220757065,6.264932508784785,5
AUDNZD,-1,2015-01-13 00:00:00+00:00,2015-01-14 00:00:00+00:00,1.0550999641418457,1.07459783134982,22690.849445559452,2015-01-16 00:00:00+00:00,1.048200011253357,native,147.02065955804346,9.545132616108289,0.3323077762453856,2
NZDJPY,1,2015-01-14 00:00:00+00:00,2015-01-15 00:00:00+00:00,90.49099731445312,87.72308510541916,160.56086820271884,2015-01-19 00:00:00+00:00,91.58000183105469,native,169.00481512276116,5.846695539467843,0.38028312940598186,2
GBPCAD,-1,2015-01-12 00:00:00+00:00,2015-01-13 00:00:00+00:00,1.815500020980835,1.8524485537782311,12126.534369911144,2015-01-20 00:00:00+00:00,1.8040000200271606,native,130.67675848890687,8.77839832983565,0.29165166055611613,5
GBPJPY,1,2015-01-06 00:00:00+00:00,2015-01-07 00:00:00+00:00,179.61599731445312,174.70079064369202,92.62264076283545,2015-01-21 00:00:00+00:00,179.65499877929688,native,-3.0429070140924805,6.655325681539493,-0.006683896848209809,10
AUDUSD,-1,2015-01-09 00:00:00+00:00,2015-01-12 00:00:00+00:00,0.8222332000732422,0.8417740734294057,22791.124216461718,2015-01-21 00:00:00+00:00,0.8165265321731567,native,122.59154164922957,7.469835323712646,0.27526486946600953,7
AUDCAD,-1,2015-01-09 00:00:00+00:00,2015-01-12 00:00:00+00:00,0.9736700057983398,0.9947241325862706,21153.025078853956,2015-01-21 00:00:00+00:00,0.9947241325862706,stop,-453.68597007333335,8.327498114863758,-1.018698416307752,7
CADJPY,1,2015-01-12 00:00:00+00:00,2015-01-13 00:00:00+00:00,98.81500244140625,95.62474942207336,140.4458048218092,2015-01-21 00:00:00+00:00,95.62474942207336,stop,-453.51930237337774,5.461649487963854,-1.0121896132178343,6
USDJPY,1,2015-01-14 00:00:00+00:00,2015-01-15 00:00:00+00:00,117.43900299072266,114.2705180644989,140.26211193659145,2015-01-21 00:00:00+00:00,118.62799835205078,native,160.14874922931835,6.622251233375115,0.3603558128396597,4
AUDNZD,-1,2015-01-20 00:00:00+00:00,2015-01-21 00:00:00+00:00,1.0673999786376953,1.0907580531202257,20381.81354163148,2015-01-26 00:00:00+00:00,1.0618000030517578,native,105.4582668263387,8.67939140392792,0.22151378930953305,3
EURNZD,-1,2015-01-21 00:00:00+00:00,2015-01-22 00:00:00+00:00,1.5339000225067139,1.582592325285077,9672.15779287434,2015-01-26 00:00:00+00:00,1.5015000104904175,native,307.5062550959145,5.871773616728848,0.652935478414555,2
EURCAD,-1,2015-01-21 00:00:00+00:00,2015-01-22 00:00:00+00:00,1.4338200092315674,1.4774435153231025,10796.00605193286,2015-01-26 00:00:00+00:00,1.3875000476837158,native,493.97878751412344,6.091797681779392,1.0488771223582865,2
NZDJPY,1,2015-01-21 00:00:00+00:00,2015-01-22 00:00:00+00:00,89.15899658203125,86.17060428857803,157.59632254523336,2015-01-28 00:00:00+00:00,86.17060428857803,stop,-476.4858958368491,5.526260066106314,-1.0117340418294285,4
EURNZD,-1,2015-01-29 00:00:00+00:00,2015-01-30 00:00:00+00:00,1.5571999549865723,1.6148209739476442,8211.210635457483,2015-02-05 00:00:00+00:00,1.5377299785614014,native,154.78945317720078,5.0826243172689685,0.3271547566903806,4
CHFJPY,1,2015-01-27 00:00:00+00:00,2015-01-28 00:00:00+00:00,130.98739624023438,119.93960762023926,43.263917963380756,2015-02-09 00:00:00+00:00,128.39999389648438,native,-114.18558569178118,2.2444229535220876,-0.2388966618170606,8
EURCAD,-1,2015-01-29 00:00:00+00:00,2015-01-30 00:00:00+00:00,1.429900050163269,1.4780528265982866,9825.774519098684,2015-02-09 00:00:00+00:00,1.4157999753952026,native,132.951914013427,5.592241360026181,0.28100009521184677,6
GBPCHF,-1,2015-01-26 00:00:00+00:00,2015-01-27 00:00:00+00:00,1.3595999479293823,1.4674884304404259,4438.473664520035,2015-02-10 00:00:00+00:00,1.407099962234497,max_hold,-213.28354749535518,2.4559849377784646,-0.44539837032399393,10
CADCHF,-1,2015-02-03 00:00:00+00:00,2015-02-04 00:00:00+00:00,0.7430999875068665,0.7971318643540144,8716.08651712445,2015-02-11 00:00:00+00:00,0.7358599901199341,native,60.526294984185576,2.5781486240719267,0.12852052892872184,5
AUDCHF,-1,2015-02-02 00:00:00+00:00,2015-02-03 00:00:00+00:00,0.7230700254440308,0.7790135238319635,8443.196557728512,2015-02-12 00:00:00+00:00,0.7167400121688843,native,51.01422646442132,2.431319830671265,0.10800274279820862,7
EURUSD,-1,2015-02-03 00:00:00+00:00,2015-02-04 00:00:00+00:00,1.1456853151321411,1.1816219566389918,13104.911687214199,2015-02-12 00:00:00+00:00,1.130825161933899,native,188.7743015700438,5.966693751393664,0.40084021485655336,6
USDCHF,-1,2015-01-29 00:00:00+00:00,2015-01-30 00:00:00+00:00,0.9222000241279602,0.9912679903209209,6850.3294623908105,2015-02-13 00:00:00+00:00,0.9302999973297119,max_hold,-58.02553216374997,2.5380470952142202,-0.12263967904279387,10
EURCHF,-1,2015-01-29 00:00:00+00:00,2015-01-30 00:00:00+00:00,1.0456000566482544,1.1192580480128527,6423.448629994173,2015-02-13 00:00:00+00:00,1.0608400106430054,max_hold,-100.59918352163875,2.7061219128813754,-0.21262108452955153,10
AUDJPY,-1,2015-02-10 00:00:00+00:00,2015-02-11 00:00:00+00:00,92.88099670410156,96.46923232078552,132.70428573485552,2015-02-13 00:00:00+00:00,92.18000030517578,native,88.11354893705237,4.911677485099277,0.18504476028180714,2
GBPCAD,1,2015-02-17 00:00:00+00:00,2015-02-18 00:00:00+00:00,1.9019999504089355,1.8489333055913448,8866.676128122625,2015-02-19 00:00:00+00:00,1.9224799871444702,native,174.8077678330819,6.782084992957738,0.3715166243464622,1
NZDJPY,-1,2015-02-05 00:00:00+00:00,2015-02-06 00:00:00+00:00,87.00299835205078,90.517138838768,134.65197505813114,2015-02-20 00:00:00+00:00,89.44000244140625,max_hold,-332.89909356486066,4.7516797084044775,-0.7035269929756512,10
GBPUSD,-1,2015-02-05 00:00:00+00:00,2015-02-06 00:00:00+00:00,1.5321444272994995,1.5648980773985386,14446.816026226608,2015-02-20 00:00:00+00:00,1.5423054695129395,max_hold,-155.67790990050938,8.883202408220138,-0.3289994293832483,10
CADCHF,-1,2015-02-13 00:00:00+00:00,2015-02-16 00:00:00+00:00,0.7479000091552734,0.7899436159059405,11271.568864549208,2015-02-23 00:00:00+00:00,0.7501000165939331,native,-28.1744974372387,3.3769620898657338,-0.05945273579008177,5
NZDUSD,-1,2015-02-17 00:00:00+00:00,2015-02-18 00:00:00+00:00,0.7540341019630432,0.7792752757668495,18641.159736111,2015-02-25 00:00:00+00:00,0.7482229471206665,native,102.72590294468554,5.600762723333635,0.218321995458427,5
GBPNZD,1,2015-02-17 00:00:00+00:00,2015-02-18 00:00:00+00:00,2.035799980163574,1.9707850385457277,7237.178732996594,2015-02-25 00:00:00+00:00,2.0645999908447266,native,202.49575931831828,5.935065493392225,0.43036154444950303,5
EURCAD,-1,2015-02-20 00:00:00+00:00,2015-02-23 00:00:00+00:00,1.426300048828125,1.4685991806909442,11120.163596723109,2015-02-25 00:00:00+00:00,1.4164999723434448,native,102.6559735084035,6.322480261639155,0.21824363938212019,2
GBPCHF,-1,2015-02-12 00:00:00+00:00,2015-02-13 00:00:00+00:00,1.4315999746322632,1.502401016652584,6706.938809371475,2015-02-27 00:00:00+00:00,1.4685499668121338,max_hold,-251.71156219620065,3.8902256390539676,-0.530077257300646,10
EURCHF,-1,2015-02-13 00:00:00+00:00,2015-02-16 00:00:00+00:00,1.061900019645691,1.1124454159289598,9375.678966850544,2015-02-27 00:00:00+00:00,1.0673799514770508,native,-55.37077069901378,3.9926890879583246,-0.11684126072505027,9
AUDCAD,-1,2015-02-20 00:00:00+00:00,2015-02-23 00:00:00+00:00,0.983299970626831,1.011886803433299,16454.193071975664,2015-02-27 00:00:00+00:00,0.9754999876022339,native,121.89633210443871,6.44609454041578,0.25914808692186364,4
GBPUSD,-1,2015-02-25 00:00:00+00:00,2015-02-26 00:00:00+00:00,1.5528432130813599,1.581010241061449,16636.056430781664,2015-02-27 00:00:00+00:00,1.5417585372924805,native,174.10889807071388,10.296393870002984,0.3715605155859077,1
NZDCHF,-1,2015-02-13 00:00:00+00:00,2015-02-16 00:00:00+00:00,0.6965000033378601,0.7404183959588408,10790.408767778523,2015-03-02 00:00:00+00:00,0.7203699946403503,max_hold,-260.624684726985,3.0577212897972843,-0.5499601388086163,10
AUDCHF,-1,2015-02-17 00:00:00+00:00,2015-02-18 00:00:00+00:00,0.7313399910926819,0.7705873027443886,11988.712933494204,2015-03-04 00:00:00+00:00,0.7509999871253967,max_hold,-239.25231840359288,3.554269693739719,-0.5084797706772519,10
EURAUD,1,2015-02-19 00:00:00+00:00,2015-02-20 00:00:00+00:00,1.457200050354004,1.4100504759699106,9921.905824468386,2015-03-06 00:00:00+00:00,1.416700005531311,max_hold,-407.5405437581928,5.702913140685705,-0.8711600342192534,10
NZDCHF,-1,2015-03-03 00:00:00+00:00,2015-03-04 00:00:00+00:00,0.7261999845504761,0.7567227939143777,15414.895979923227,2015-03-09 00:00:00+00:00,0.7246400117874146,native,19.57390834869465,4.472909525412156,0.04160183122906453,3
CADJPY,-1,2015-03-04 00:00:00+00:00,2015-03-05 00:00:00+00:00,96.25800323486328,99.09386295080185,164.13430309033663,2015-03-09 00:00:00+00:00,95.72899627685547,native,80.52585790909913,6.302330473452152,0.17300205484356782,2
GBPNZD,1,2015-03-04 00:00:00+00:00,2015-03-05 00:00:00+00:00,2.0111799240112305,1.9538439568132162,8118.147837814052,2015-03-09 00:00:00+00:00,2.0445001125335693,native,263.9132943842735,6.584922023908357,0.5669923104769009,2
GBPAUD,1,2015-03-04 00:00:00+00:00,2015-03-05 00:00:00+00:00,1.9507999420166016,1.8927720598876476,8021.3483770293815,2015-03-10 00:00:00+00:00,1.9656000137329102,native,112.43356955576053,6.282961685769857,0.24155270209602894,3
GBPCAD,1,2015-03-03 00:00:00+00:00,2015-03-04 00:00:00+00:00,1.9183800220489502,1.8694388438016176,9613.702575401601,2015-03-11 00:00:00+00:00,1.9110100269317627,native,-78.21586443402333,7.362923395220629,-0.16623778622303748,5
NZDCAD,1,2015-03-09 00:00:00+00:00,2015-03-10 00:00:00+00:00,0.9257000088691711,0.9011076614260674,19068.14302997355,2015-03-13 00:00:00+00:00,0.9396299719810486,native,258.5048532449445,7.1136757745899635,0.5512648659129543,3
GBPCHF,-1,2015-03-03 00:00:00+00:00,2015-03-04 00:00:00+00:00,1.4761600494384766,1.5257481317967176,9488.28647900671,2015-03-16 00:00:00+00:00,1.4848699569702148,native,-88.2611180615392,5.619020194748148,-0.18758768419029404,8
CADCHF,-1,2015-03-03 00:00:00+00:00,2015-03-04 00:00:00+00:00,0.7694299817085266,0.7997091822326183,15538.915269087465,2015-03-16 00:00:00+00:00,0.7849799990653992,native,-246.4611711382161,4.830768996933982,-0.5238216028989134,8
CHFJPY,1,2015-03-03 00:00:00+00:00,2015-03-04 00:00:00+00:00,124.46399688720703,119.73240888118744,99.43932792985902,2015-03-18 00:00:00+00:00,120.58000183105469,max_hold,-391.09526017584193,4.873402109157836,-0.8312228053018085,10
GBPJPY,1,2015-03-04 00:00:00+00:00,2015-03-05 00:00:00+00:00,182.58299255371094,178.26275098323822,107.73977578448383,2015-03-18 00:00:00+00:00,178.26275098323822,stop,-473.2373460378281,7.775487900291251,-1.0167048873379303,9
AUDCHF,-1,2015-03-06 00:00:00+00:00,2015-03-09 00:00:00+00:00,0.7598000168800354,0.7881298018619418,16429.14456803798,2015-03-19 00:00:00+00:00,0.7628999948501587,native,-55.93331795418217,5.003331725293698,-0.12017450801845894,8
AUDCAD,-1,2015-03-12 00:00:00+00:00,2015-03-13 00:00:00+00:00,0.9775000214576721,1.0017638709396124,19052.29654516122,2015-03-20 00:00:00+00:00,0.9728999733924866,native,80.20956004319693,7.431919816713229,0.17350783804313574,5
NZDCHF,-1,2015-03-11 00:00:00+00:00,2015-03-12 00:00:00+00:00,0.7368000149726868,0.7660101177170873,15776.700094757329,2015-03-25 00:00:00+00:00,0.7311999797821045,native,83.71803659063343,4.632039131270335,0.1816643795492485,9
GBPAUD,1,2015-03-12 00:00:00+00:00,2015-03-13 00:00:00+00:00,1.9323999881744385,1.871647920459509,7609.322168691858,2015-03-27 00:00:00+00:00,1.8968000411987305,max_hold,-276.7189890608825,5.827523334372954,-0.5985934034743297,10
EURCAD,-1,2015-03-18 00:00:00+00:00,2015-03-19 00:00:00+00:00,1.3614000082015991,1.3993577025830746,12192.784272746048,2015-03-27 00:00:00+00:00,1.358199954032898,native,32.38567101053638,6.631899129538704,0.06997617267160858,6
GBPCAD,1,2015-03-18 00:00:00+00:00,2015-03-19 00:00:00+00:00,1.878000020980835,1.8321927608922124,10103.419811374088,2015-03-30 00:00:00+00:00,1.8761999607086182,native,-25.77281631015491,7.586051694172292,-0.05568768495691516,7
EURGBP,-1,2015-03-18 00:00:00+00:00,2015-03-19 00:00:00+00:00,0.724839985370636,0.744140088558197,23979.663454982823,2015-03-30 00:00:00+00:00,0.7310000061988831,native,-154.69733694547773,6.982110608428419,-0.3342567013174718,7
USDCAD,1,2015-03-18 00:00:00+00:00,2015-03-19 00:00:00+00:00,1.2556999921798706,1.220929779112339,13310.530429746681,2015-03-30 00:00:00+00:00,1.2608000040054321,native,61.184672641068204,6.699189955136376,0.13220257860935777,7
EURUSD,-1,2015-03-18 00:00:00+00:00,2015-03-19 00:00:00+00:00,1.0843987464904785,1.1222910983487964,12213.809816150597,2015-03-31 00:00:00+00:00,1.0829074382781982,native,12.92034177122849,5.294213110826313,0.027917163317861655,8
USDJPY,1,2015-03-18 00:00:00+00:00,2015-03-19 00:00:00+00:00,120.0790023803711,117.755251288414,199.16503995889272,2015-03-31 00:00:00+00:00,120.02899932861328,native,-19.523083752375257,9.564223950963951,-0.04218380033855166,8
USDCHF,1,2015-03-23 00:00:00+00:00,2015-03-24 00:00:00+00:00,0.9663000106811523,0.9296059468761086,12397.950824892998,2015-03-31 00:00:00+00:00,0.9674699902534485,native,9.710392127808824,4.794957075648094,0.0213447487383931,5
GBPCHF,-1,2015-03-31 00:00:00+00:00,2015-04-01 00:00:00+00:00,1.441100001335144,1.4878674615174532,9868.79273930651,2015-04-03 00:00:00+00:00,1.423699975013733,native,166.0628299832529,5.654423441231451,0.3598028685018601,2
GBPNZD,-1,2015-03-31 00:00:00+00:00,2015-04-01 00:00:00+00:00,1.9901000261306763,2.0507717560976744,7607.140454607588,2015-04-03 00:00:00+00:00,1.9752800464630127,native,106.70462623272104,6.033040633624445,0.231193401948068,2
NZDJPY,1,2015-03-31 00:00:00+00:00,2015-04-01 00:00:00+00:00,89.33999633789062,86.49742233753204,162.36635226550206,2015-04-06 00:00:00+00:00,90.46600341796875,native,176.9867733582521,5.838888859162129,0.38347141709923727,3
NZDCAD,1,2015-04-01 00:00:00+00:00,2015-04-02 00:00:00+00:00,0.9381499886512756,0.9123259456828237,17843.492772033343,2015-04-06 00:00:00+00:00,0.9498500227928162,native,202.03177172556144,6.737702911560305,0.43844544996628904,2
EURNZD,-1,2015-03-25 00:00:00+00:00,2015-03-26 00:00:00+00:00,1.445180058479309,1.4947019182145596,9135.328960328978,2015-04-08 00:00:00+00:00,1.4407999515533447,native,34.74084229718334,5.272875352916364,0.07679257088260863,9
EURAUD,-1,2015-04-02 00:00:00+00:00,2015-04-03 00:00:00+00:00,1.4337199926376343,1.4767589224502444,10810.614791085309,2015-04-08 00:00:00+00:00,1.4163000583648682,native,182.15810532524776,6.162093783651472,0.39150439697105766,3
USDCHF,1,2015-04-03 00:00:00+00:00,2015-04-06 00:00:00+00:00,0.9523400068283081,0.9182757651433349,13717.058892199333,2015-04-08 00:00:00+00:00,0.9656999707221985,native,177.9974380642205,5.2619734659305974,0.38093775926045464,2
GBPUSD,-1,2015-04-03 00:00:00+00:00,2015-04-06 00:00:00+00:00,1.4922699928283691,1.531404442153871,11939.894833435132,2015-04-08 00:00:00+00:00,1.482206106185913,native,113.0587617651785,7.102986361359383,0.24196051269035593,2
EURUSD,-1,2015-04-03 00:00:00+00:00,2015-04-06 00:00:00+00:00,1.1001462936401367,1.139636054635048,11832.464860222944,2015-04-08 00:00:00+00:00,1.0824971199035645,native,203.66801775133044,5.16521029863058,0.435876151696173,2
USDCAD,1,2015-04-03 00:00:00+00:00,2015-04-06 00:00:00+00:00,1.2475999593734741,1.2124364813789725,13288.25349369461,2015-04-09 00:00:00+00:00,1.254140019416809,native,80.25722471712322,6.648751002695093,0.1717609403859685,3
GBPCAD,1,2015-04-06 00:00:00+00:00,2015-04-07 00:00:00+00:00,1.8573100566864014,1.8132460955530405,10654.867819063962,2015-04-09 00:00:00+00:00,1.8656599521636963,native,81.03348194584996,7.933550667727436,0.17259686328487892,2
GBPJPY,-1,2015-04-07 00:00:00+00:00,2015-04-08 00:00:00+00:00,178.2729949951172,182.25531899929047,119.41346945417217,2015-04-10 00:00:00+00:00,177.39999389648438,native,95.75366090611182,8.494429118936278,0.20135641901918971,2
CADJPY,-1,2015-04-06 00:00:00+00:00,2015-04-07 00:00:00+00:00,95.74199676513672,97.95639830827713,212.019217072304,2015-04-13 00:00:00+00:00,95.55799865722656,native,30.899279730819675,8.111855051076962,0.06581376773202628,4
NZDUSD,-1,2015-04-03 00:00:00+00:00,2015-04-06 00:00:00+00:00,0.7615566253662109,0.7901688329875469,16330.833869751978,2015-04-14 00:00:00+00:00,0.7462129592895508,native,245.6502347307105,4.924626920175637,0.5257235778099197,6
AUDCHF,-1,2015-04-08 00:00:00+00:00,2015-04-09 00:00:00+00:00,0.7419999837875366,0.7669256962835789,19139.358428849107,2015-04-14 00:00:00+00:00,0.7414299845695496,native,5.231039763521534,5.678379573696513,0.010965111804087463,3
AUDJPY,-1,2015-04-08 00:00:00+00:00,2015-04-09 00:00:00+00:00,92.23899841308594,94.95825552940369,175.43841025309297,2015-04-14 00:00:00+00:00,91.05599975585938,native,201.1120071381511,6.4313966172206705,0.4215635405397325,3
GBPAUD,1,2015-04-09 00:00:00+00:00,2015-04-10 00:00:00+00:00,1.9103200435638428,1.8527015503495932,8240.46119504565,2015-04-14 00:00:00+00:00,1.9333000183105469,native,183.03094976966912,6.334640393674974,0.38548822600651006,2
AUDCAD,-1,2015-04-09 00:00:00+00:00,2015-04-10 00:00:00+00:00,0.9688000082969666,0.9937082165852189,19062.1080390178,2015-04-14 00:00:00+00:00,0.955269992351532,native,250.5752596761084,7.3353660453989455,0.5277457853724726,2
NZDCHF,-1,2015-04-09 00:00:00+00:00,2015-04-10 00:00:00+00:00,0.739799976348877,0.7637314386665821,19840.114705307944,2015-04-14 00:00:00+00:00,0.7289599776268005,native,209.23874485909957,5.828073192288052,0.44068542871610805,2
CHFJPY,1,2015-04-09 00:00:00+00:00,2015-04-10 00:00:00+00:00,123.3499984741211,119.87295866012573,136.55378794856054,2015-04-16 00:00:00+00:00,123.44280242919922,native,5.932633242169354,6.740098360356665,0.012494937424239367,4
GBPCHF,-1,2015-04-09 00:00:00+00:00,2015-04-10 00:00:00+00:00,1.4376800060272217,1.4784524329006672,11645.197351699888,2015-04-16 00:00:00+00:00,1.4305000305175781,native,76.93212727701719,6.680104513153998,0.16202958736893852,4
CADCHF,-1,2015-04-10 00:00:00+00:00,2015-04-13 00:00:00+00:00,0.7786300182342529,0.7999299010261893,22465.24210319966,2015-04-20 00:00:00+00:00,0.7789300084114075,native,-13.737544576130695,6.998192617772175,-0.02870918063057007,5
NZDCAD,1,2015-04-15 00:00:00+00:00,2015-04-16 00:00:00+00:00,0.9336599707603455,0.9066656045615673,18090.17585413271,2015-04-20 00:00:00+00:00,0.9402999877929688,native,113.33902275582525,6.780053038766541,0.23209380041662958,2
USDJPY,1,2015-04-15 00:00:00+00:00,2015-04-16 00:00:00+00:00,119.14099884033203,116.81068974733353,209.55710685503732,2015-04-22 00:00:00+00:00,119.64099884033203,native,94.77086050691342,10.00769292060524,0.1940702209087408,4
USDCHF,1,2015-04-15 00:00:00+00:00,2015-04-16 00:00:00+00:00,0.9649699926376343,0.9327530581504107,15157.644244532716,2015-04-23 00:00:00+00:00,0.969760000705719,native,66.74004843480444,5.8651897896651395,0.13666918158095342,5
NZDUSD,-1,2015-04-16 00:00:00+00:00,2015-04-17 00:00:00+00:00,0.7652280330657959,0.7931912746280432,17297.536576156297,2015-04-24 00:00:00+00:00,0.7578628659248352,native,122.13010390345184,5.269144106820244,0.2524939372799647,5
NZDCHF,-1,2015-04-22 00:00:00+00:00,2015-04-23 00:00:00+00:00,0.7404999732971191,0.7644949145615101,20225.058742708945,2015-04-24 00:00:00+00:00,0.7243300080299377,native,321.1132429122229,5.925254484084194,0.661681105862002,1
GBPUSD,-1,2015-04-16 00:00:00+00:00,2015-04-17 00:00:00+00:00,1.4930944442749023,1.5326621541753411,12224.493025448064,2015-04-28 00:00:00+00:00,1.5326621541753411,stop,-491.09286179775796,7.3976680868916915,-1.0152940698668875,7
GBPJPY,-1,2015-04-16 00:00:00+00:00,2015-04-17 00:00:00+00:00,177.67999267578125,181.81975877285004,116.84118918055604,2015-04-28 00:00:00+00:00,181.81975877285004,stop,-492.0960694047407,8.400875693874482,-1.0173681190202113,7
CADJPY,-1,2015-04-15 00:00:00+00:00,2015-04-16 00:00:00+00:00,96.78199768066406,99.24373805522919,198.3689411979598,2015-04-29 00:00:00+00:00,99.24373805522919,stop,-496.1099151358488,7.7770835290960445,-1.0159257846815404,9
GBPNZD,-1,2015-04-22 00:00:00+00:00,2015-04-23 00:00:00+00:00,1.9673000574111938,2.022222762927413,8836.037701326362,2015-04-29 00:00:00+00:00,2.022222762927413,stop,-492.34941141032044,7.050314810162762,-1.0145277723769834,4
USDCAD,1,2015-04-15 00:00:00+00:00,2015-04-16 00:00:00+00:00,1.2304699420928955,1.1940713180229068,13416.24426977698,2015-04-30 00:00:00+00:00,1.2019000053405762,max_hold,-389.8279041150414,6.52665387384641,-0.7982832176824927,10
EURNZD,-1,2015-04-23 00:00:00+00:00,2015-04-24 00:00:00+00:00,1.426300048828125,1.4694691523909569,11301.012509313156,2015-04-30 00:00:00+00:00,1.4694691523909569,stop,-494.39960417281026,6.545024793412122,-1.013415933907473,4
EURUSD,-1,2015-04-24 00:00:00+00:00,2015-04-27 00:00:00+00:00,1.0867438316345215,1.1231209924444556,13316.297213115837,2015-04-30 00:00:00+00:00,1.1231209924444556,stop,-490.2945284740417,5.885443359649121,-1.0121497377743427,3
AUDUSD,-1,2015-04-16 00:00:00+00:00,2015-04-17 00:00:00+00:00,0.7788161635398865,0.8077005036175251,16745.93196211979,2015-05-01 00:00:00+00:00,0.789889395236969,max_hold,-190.68547191130742,5.253887311175266,-0.3942265178373709,10
GBPCHF,-1,2015-04-22 00:00:00+00:00,2015-04-23 00:00:00+00:00,1.457800030708313,1.4989790106192231,11785.117009942749,2015-05-01 00:00:00+00:00,1.4330999851226807,native,284.2790083874741,6.813918990122722,0.5857810376714839,6
GBPAUD,1,2015-04-28 00:00:00+00:00,2015-04-29 00:00:00+00:00,1.916949987411499,1.8629131708294153,8714.152576818477,2015-05-01 00:00:00+00:00,1.943809986114502,native,227.33347661675808,6.728650294355847,0.4827791190968741,2
NZDUSD,-1,2015-04-28 00:00:00+00:00,2015-04-29 00:00:00+00:00,0.772320032119751,0.7992208646610379,17504.479229002507,2015-05-04 00:00:00+00:00,0.7526153922080994,native,339.58081995633603,5.338640092143397,0.721154365650646,3
GBPUSD,-1,2015-04-29 00:00:00+00:00,2015-04-30 00:00:00+00:00,1.5425671339035034,1.5823119366541505,11610.521526881013,2015-05-04 00:00:00+00:00,1.5156108140945435,native,305.8755232477659,7.101408179652825,0.6628460174942357,2
AUDJPY,-1,2015-04-29 00:00:00+00:00,2015-04-30 00:00:00+00:00,95.10099792480469,97.95280712842941,161.81232858478128,2015-05-04 00:00:00+00:00,94.01000213623047,native,170.4164707692095,6.120098256174563,0.36930015767653745,2
AUDNZD,-1,2015-04-24 00:00:00+00:00,2015-04-27 00:00:00+00:00,1.0290000438690186,1.0515181901864707,21511.943225049657,2015-05-05 00:00:00+00:00,1.0515181901864707,stop,-493.36028314032905,8.951198025936453,-1.0184785923736805,6
EURGBP,-1,2015-04-30 00:00:00+00:00,2015-05-01 00:00:00+00:00,0.730239987373352,0.7489110063761473,25080.694994759833,2015-05-08 00:00:00+00:00,0.7301999926567078,native,-6.322674649900207,7.325769939457416,-0.013501849005883627,5
EURAUD,-1,2015-05-01 00:00:00+00:00,2015-05-04 00:00:00+00:00,1.4292000532150269,1.4779374729841948,9638.84728283495,2015-05-11 00:00:00+00:00,1.4128600358963013,native,152.02009490055727,5.4788366335168766,0.3236036165968864,5
EURJPY,-1,2015-04-30 00:00:00+00:00,2015-05-01 00:00:00+00:00,133.95700073242188,138.19327878952026,110.5409339374712,2015-05-12 00:00:00+00:00,133.85899353027344,native,4.912881632248662,5.9209260258381535,0.010491285675034297,7
EURUSD,-1,2015-04-30 00:00:00+00:00,2015-05-01 00:00:00+00:00,1.1215037107467651,1.1603161497041583,12065.259113567541,2015-05-12 00:00:00+00:00,1.1146035194396973,native,77.85675342537586,5.3958426275842974,0.1662603545248575,7
EURCAD,-1,2015-05-01 00:00:00+00:00,2015-05-04 00:00:00+00:00,1.3604999780654907,1.4015294471755624,11449.637450929471,2015-05-12 00:00:00+00:00,1.3476999998092651,native,140.35352883530715,6.201581578256235,0.2987691170891006,6
EURNZD,-1,2015-05-01 00:00:00+00:00,2015-05-04 00:00:00+00:00,1.4860999584197998,1.534150592982769,9776.614822824133,2015-05-14 00:00:00+00:00,1.506600022315979,native,-206.27292355461276,5.851694998385383,-0.43909105642875823,8
NZDJPY,1,2015-05-06 00:00:00+00:00,2015-05-07 00:00:00+00:00,89.37999725341797,86.73611128330231,173.57302804626605,2015-05-14 00:00:00+00:00,89.70999908447266,native,51.06237848554195,6.217038591432475,0.11126948556493145,5
GBPCHF,-1,2015-05-11 00:00:00+00:00,2015-05-12 00:00:00+00:00,1.4558000564575195,1.5080684199929237,8857.343043385337,2015-05-15 00:00:00+00:00,1.4392199516296387,native,141.72723909001172,5.1284370658184315,0.30613357189622,3
AUDCHF,-1,2015-05-13 00:00:00+00:00,2015-05-14 00:00:00+00:00,0.7436000108718872,0.7724839625880122,16095.773301994197,2015-05-15 00:00:00+00:00,0.737500011920929,native,93.41631021613613,4.767890040890322,0.20093438056675672,1
GBPUSD,-1,2015-05-07 00:00:00+00:00,2015-05-08 00:00:00+00:00,1.5396933555603027,1.5831262348219752,10704.038793401483,2015-05-19 00:00:00+00:00,1.5663915872573853,native,-292.42843854549653,6.649530744704151,-0.629003859519721,7
USDCAD,1,2015-05-12 00:00:00+00:00,2015-05-13 00:00:00+00:00,1.2007800340652466,1.167083626613021,13756.853183552725,2015-05-19 00:00:00+00:00,1.2145800590515137,native,183.19936682815165,6.645550837283903,0.39520393936725556,4
AUDUSD,-1,2015-05-13 00:00:00+00:00,2015-05-14 00:00:00+00:00,0.8112273812294006,0.8419200163334608,15147.267001098706,2015-05-19 00:00:00+00:00,0.799360454082489,native,174.87231318281866,4.879200794038157,0.3761426655191961,3
AUDNZD,-1,2015-05-05 00:00:00+00:00,2015-05-06 00:00:00+00:00,1.0577000379562378,1.0848286738619208,17341.129654979293,2015-05-20 00:00:00+00:00,1.076200008392334,native,-328.21123342052726,7.400847474899381,-0.6976668679976289,10
EURJPY,-1,2015-05-14 00:00:00+00:00,2015-05-15 00:00:00+00:00,135.89999389648438,139.8847894668579,117.07271042329901,2015-05-20 00:00:00+00:00,134.45599365234375,native,162.72276078514668,6.330261648301798,0.3488081187815031,3
EURCAD,-1,2015-05-14 00:00:00+00:00,2015-05-15 00:00:00+00:00,1.3664100170135498,1.4069549925625324,11506.008120359847,2015-05-20 00:00:00+00:00,1.3627599477767944,native,35.71735592263899,6.2803703553439805,0.07656276028695731,3
EURUSD,-1,2015-05-14 00:00:00+00:00,2015-05-15 00:00:00+00:00,1.140393853187561,1.178984560072422,12088.682886744326,2015-05-20 00:00:00+00:00,1.1146780252456665,native,305.41831939460315,5.452169765038828,0.6546864674334117,3
EURNZD,-1,2015-05-15 00:00:00+00:00,2015-05-18 00:00:00+00:00,1.535249948501587,1.5853779092431068,9293.947438767129,2015-05-20 00:00:00+00:00,1.5142300128936768,native,189.68983541083034,5.668341295356239,0.4071587855104168,2
AUDCAD,-1,2015-05-13 00:00:00+00:00,2015-05-14 00:00:00+00:00,0.9696999788284302,0.9963598400354385,17438.558110958158,2015-05-21 00:00:00+00:00,0.9613999724388123,native,138.00502400302767,6.735119743648456,0.2968427456510573,5
EURCHF,-1,2015-05-15 00:00:00+00:00,2015-05-18 00:00:00+00:00,1.0476000308990479,1.0684087774716318,22388.981033489377,2015-05-21 00:00:00+00:00,1.0392999649047852,native,176.48530723728942,9.344712884968216,0.3788159929578642,3
CADJPY,1,2015-05-19 00:00:00+00:00,2015-05-20 00:00:00+00:00,98.6500015258789,96.34309935569763,207.7615384548633,2015-05-21 00:00:00+00:00,99.28199768066406,native,123.07996208280237,8.22453133291963,0.256798819907173,1
CADCHF,-1,2015-05-21 00:00:00+00:00,2015-05-22 00:00:00+00:00,0.7682999968528748,0.7918022694066167,20535.02175253067,2015-05-27 00:00:00+00:00,0.7659000158309937,native,42.98269636335003,6.300966126639214,0.08906121799745144,3
GBPCHF,-1,2015-05-21 00:00:00+00:00,2015-05-22 00:00:00+00:00,1.467710018157959,1.5163437481969595,9923.558767505006,2015-05-28 00:00:00+00:00,1.4575999975204468,native,94.52148676628968,5.80589717075113,0.1958508760635518,4
USDCHF,-1,2015-05-19 00:00:00+00:00,2015-05-20 00:00:00+00:00,0.9372199773788452,0.9725337596610188,13572.195130841801,2015-05-29 00:00:00+00:00,0.9428200125694275,native,-81.10802426563626,5.103253919472763,-0.16922693640744996,7
EURJPY,-1,2015-05-28 00:00:00+00:00,2015-05-29 00:00:00+00:00,135.69000244140625,139.37715256214142,131.06391114395197,2015-06-03 00:00:00+00:00,139.37715256214142,stop,-490.46259123084684,7.210275432400928,-1.0149203122192758,3
EURCAD,-1,2015-05-28 00:00:00+00:00,2015-05-29 00:00:00+00:00,1.361799955368042,1.3990868013352156,12960.396709978884,2015-06-03 00:00:00+00:00,1.3990868013352156,stop,-490.40875332608607,7.156437527640235,-1.0148089047764128,3
EURNZD,-1,2015-05-28 00:00:00+00:00,2015-05-29 00:00:00+00:00,1.5259000062942505,1.5751884523779154,9804.576005056988,2015-06-03 00:00:00+00:00,1.5751884523779154,stop,-489.3332872967371,6.080971498291255,-1.012583429607045,3
EURGBP,-1,2015-05-29 00:00:00+00:00,2015-06-01 00:00:00+00:00,0.71670001745224,0.7360293818637729,24834.169131939598,2015-06-04 00:00:00+00:00,0.7360293818637729,stop,-487.2441705300126,7.215465521110977,-1.0150313209310622,3
GBPAUD,1,2015-06-02 00:00:00+00:00,2015-06-03 00:00:00+00:00,1.9754999876022339,1.9190152138471603,8333.142822056418,2015-06-05 00:00:00+00:00,1.9977999925613403,native,179.207111014885,6.6220152419154,0.3807281774080238,2
EURUSD,-1,2015-06-02 00:00:00+00:00,2015-06-03 00:00:00+00:00,1.1148271560668945,1.152379635721445,12534.343705197472,2015-06-08 00:00:00+00:00,1.1105434894561768,native,48.11423750872625,5.578712108488668,0.102219414454779,3
AUDCAD,-1,2015-06-03 00:00:00+00:00,2015-06-04 00:00:00+00:00,0.9677600264549255,0.9918873962014914,18965.24438796254,2015-06-08 00:00:00+00:00,0.9491000175476074,native,346.62088537044013,7.270743838405733,0.7575063958689083,2
EURAUD,-1,2015-05-28 00:00:00+00:00,2015-05-29 00:00:00+00:00,1.4311000108718872,1.4766628462821245,10606.282761978111,2015-06-12 00:00:00+00:00,1.4507999420166016,native,-215.05628927075293,6.113249158413343,-0.4450186418981348,10
EURCHF,-1,2015-06-02 00:00:00+00:00,2015-06-03 00:00:00+00:00,1.0406999588012695,1.0601312988437712,24223.531981995624,2015-06-15 00:00:00+00:00,1.0430999994277954,native,-68.23285986118702,10.09539898644858,-0.14496172739556684,8
EURJPY,1,2015-06-12 00:00:00+00:00,2015-06-15 00:00:00+00:00,138.3699951171875,134.1432045698166,110.44999513563667,2015-06-18 00:00:00+00:00,140.38999938964844,native,216.95165405981783,6.157808007458026,0.4647148354160457,3
USDCAD,1,2015-06-09 00:00:00+00:00,2015-06-10 00:00:00+00:00,1.2338999509811401,1.2024872433394194,14737.403365329197,2015-06-23 00:00:00+00:00,1.2313300371170044,native,-45.14007497450186,7.266217744581611,-0.09750703112543226,9
USDJPY,1,2015-06-10 00:00:00+00:00,2015-06-11 00:00:00+00:00,122.91999816894531,120.05186593532562,160.95358699029435,2015-06-23 00:00:00+00:00,123.41400146484375,native,71.58193429213645,7.9296681677448415,0.15506136389339542,8
NZDCAD,-1,2015-06-24 00:00:00+00:00,2015-06-25 00:00:00+00:00,0.8529000282287598,0.8775577461346984,18977.440400859345,2015-06-29 00:00:00+00:00,0.842710018157959,native,186.94464108309788,6.4356677196804615,0.3995052623726758,2
GBPCHF,-1,2015-06-16 00:00:00+00:00,2015-06-17 00:00:00+00:00,1.4570000171661377,1.500009836629033,10859.661832556445,2015-06-30 00:00:00+00:00,1.4564000368118286,native,0.18787588014354917,6.327707873830482,0.0004022417143232551,9
USDCHF,-1,2015-06-23 00:00:00+00:00,2015-06-24 00:00:00+00:00,0.9333999752998352,0.9643508261069655,15110.396372649142,2015-06-30 00:00:00+00:00,0.9258000254631042,native,109.21960465574337,5.618649789511521,0.23353509348160423,4
NZDCHF,-1,2015-06-25 00:00:00+00:00,2015-06-26 00:00:00+00:00,0.6445000171661377,0.6677438714541495,20125.93694687952,2015-06-30 00:00:00+00:00,0.6327000260353088,native,232.3449079651943,5.140969507604822,0.49667111913288686,2
EURNZD,1,2015-06-26 00:00:00+00:00,2015-06-29 00:00:00+00:00,1.6083500385284424,1.5548384375870228,8709.385211044697,2015-06-30 00:00:00+00:00,1.6404999494552612,native,274.3468615547908,5.659097207649602,0.5886600358622432,1
USDJPY,1,2015-06-26 00:00:00+00:00,2015-06-29 00:00:00+00:00,122.46600341796875,119.98604172468185,187.92755836515647,2015-07-02 00:00:00+00:00,123.31800079345703,native,150.87586894970119,9.237917559332917,0.3237310385959736,3
CADJPY,1,2015-06-29 00:00:00+00:00,2015-06-30 00:00:00+00:00,98.83699798583984,96.69622665643692,223.89569945714726,2015-07-07 00:00:00+00:00,96.69622665643692,stop,-488.0653037941534,8.755809619678814,-1.0182675488929323,5
CHFJPY,1,2015-06-25 00:00:00+00:00,2015-06-26 00:00:00+00:00,131.9499053955078,128.16078341007233,123.45982726370721,2015-07-08 00:00:00+00:00,128.16078341007233,stop,-474.22698994485654,6.422644141876166,-1.0137293383430455,8
GBPJPY,1,2015-06-26 00:00:00+00:00,2015-06-29 00:00:00+00:00,192.1790008544922,188.1725194454193,116.32479931221567,2015-07-08 00:00:00+00:00,188.1725194454193,stop,-474.90200871192206,8.848862853396668,-1.0189868106932225,7
GBPUSD,1,2015-06-24 00:00:00+00:00,2015-06-25 00:00:00+00:00,1.5705490112304688,1.5324407778680325,12279.245997333652,2015-07-09 00:00:00+00:00,1.5368773937225342,max_hold,-421.0934451570609,7.631370649005612,-0.8998869735779528,10
USDJPY,1,2015-07-08 00:00:00+00:00,2015-07-09 00:00:00+00:00,120.9010009765625,118.2524248957634,173.67323080967765,2015-07-13 00:00:00+00:00,122.5,native,269.24887881752824,8.454447644381823,0.5853404908702642,2
CHFJPY,1,2015-07-08 00:00:00+00:00,2015-07-09 00:00:00+00:00,127.80000305175781,123.67912113666534,111.62337928513354,2015-07-13 00:00:00+00:00,130.2852020263672,native,271.6446391949838,5.761668546863405,0.5905488154564466,2
GBPJPY,1,2015-07-08 00:00:00+00:00,2015-07-09 00:00:00+00:00,185.75999450683594,180.8298261165619,93.3004166561632,2015-07-13 00:00:00+00:00,190.03399658203125,native,391.753827215934,7.012347189094758,0.8516632586547702,2
NZDCHF,-1,2015-07-09 00:00:00+00:00,2015-07-10 00:00:00+00:00,0.6388999819755554,0.6624883702024817,19596.54563163719,2015-07-13 00:00:00+00:00,0.6305000185966492,native,159.63509465161493,4.975171007202697,0.3453429416382503,1
GBPNZD,1,2015-07-08 00:00:00+00:00,2015-07-09 00:00:00+00:00,2.288559913635254,2.212735926732421,6066.50723321999,2015-07-14 00:00:00+00:00,2.3162100315093994,native,162.15266604698223,5.586974035906811,0.3525159382527524,3
EURGBP,-1,2015-07-08 00:00:00+00:00,2015-07-09 00:00:00+00:00,0.7203999757766724,0.7401604047045112,23278.177142682234,2015-07-14 00:00:00+00:00,0.7095999717712402,native,244.74684796151746,6.657558418609323,0.5320736738214348,3
AUDNZD,1,2015-07-08 00:00:00+00:00,2015-07-09 00:00:00+00:00,1.1049000024795532,1.0759799974039197,15905.487007855842,2015-07-15 00:00:00+00:00,1.1106699705123901,native,84.72620769794729,7.047943884083774,0.18419270758450357,4
NZDCAD,-1,2015-07-08 00:00:00+00:00,2015-07-09 00:00:00+00:00,0.8545299768447876,0.8798060724511743,18198.48967818378,2015-07-16 00:00:00+00:00,0.8489999771118164,native,94.43730860412407,6.20033445671123,0.2053044039313042,5
AUDCAD,-1,2015-07-16 00:00:00+00:00,2015-07-17 00:00:00+00:00,0.9611999988555908,0.9869858371093869,18488.151194315622,2015-07-24 00:00:00+00:00,0.9577999711036682,native,55.76447482511543,7.095752317298784,0.11697225927827719,5
EURCHF,-1,2015-07-21 00:00:00+00:00,2015-07-22 00:00:00+00:00,1.047700047492981,1.0668874490074813,24850.048590542185,2015-07-27 00:00:00+00:00,1.0668874490074813,stop,-487.317380368975,10.509520407397888,-1.0220414160291837,3
USDJPY,1,2015-07-27 00:00:00+00:00,2015-07-28 00:00:00+00:00,123.2699966430664,121.06079071760178,211.5426345683901,2015-07-30 00:00:00+00:00,123.95899963378906,native,135.2936132401498,10.459894642820943,0.28949641321135616,2
EURUSD,-1,2015-07-27 00:00:00+00:00,2015-07-28 00:00:00+00:00,1.1091023683547974,1.1425050096586347,13991.146314623871,2015-07-30 00:00:00+00:00,1.0983941555023193,native,143.6430914162942,6.177081370861702,0.3073623266590945,2
NZDCAD,-1,2015-07-21 00:00:00+00:00,2015-07-22 00:00:00+00:00,0.8572999835014343,0.8807474886998534,20335.121196336277,2015-07-31 00:00:00+00:00,0.8589000105857849,native,-39.51657165307277,6.979826975383041,-0.08287734949725274,7
EURJPY,-1,2015-07-23 00:00:00+00:00,2015-07-24 00:00:00+00:00,136.10000610351562,139.8190051317215,127.68479992384783,2015-07-31 00:00:00+00:00,135.75,native,37.74823657179331,6.942222727724841,0.0794934604856682,5
AUDNZD,1,2015-07-23 00:00:00+00:00,2015-07-24 00:00:00+00:00,1.1114000082015991,1.0825781133025885,16475.65673587101,2015-07-31 00:00:00+00:00,1.103700041770935,native,-134.16104940114263,7.299045611791638,-0.2825277959409284,5
EURCHF,-1,2015-07-27 00:00:00+00:00,2015-07-28 00:00:00+00:00,1.0669300556182861,1.0864738053642213,23912.567846612244,2015-07-31 00:00:00+00:00,1.059499979019165,native,167.5025302871407,10.169680494868416,0.35841589680867114,3
USDCAD,1,2015-07-28 00:00:00+00:00,2015-07-29 00:00:00+00:00,1.2928199768066406,1.2646569889038801,16619.606241196543,2015-07-31 00:00:00+00:00,1.3004000186920166,native,117.35765238232875,8.619659044397032,0.2507332641926141,2
NZDUSD,-1,2015-07-28 00:00:00+00:00,2015-07-29 00:00:00+00:00,0.6714112758636475,0.694566504098475,20213.9130209678,2015-07-31 00:00:00+00:00,0.6608075499534607,native,208.95692215270537,5.385871093992575,0.446434042462823,2
CADCHF,-1,2015-07-28 00:00:00+00:00,2015-07-29 00:00:00+00:00,0.7436400055885315,0.7640642435289919,22916.780096467548,2015-08-03 00:00:00+00:00,0.7368000149726868,native,149.96517712577295,6.785383679442267,0.3203988629004856,3
CHFJPY,1,2015-07-24 00:00:00+00:00,2015-07-27 00:00:00+00:00,128.52000427246094,125.09509122371674,138.5047316831429,2015-08-10 00:00:00+00:00,126.37000274658203,max_hold,-304.8460788663831,7.060694406177392,-0.6426380745898757,10
EURCHF,-1,2015-08-05 00:00:00+00:00,2015-08-06 00:00:00+00:00,1.0673999786376953,1.0868069496937096,24765.40851272778,2015-08-11 00:00:00+00:00,1.0868069496937096,stop,-491.2915291170933,10.669962920215148,-1.0222003415382412,3
GBPAUD,1,2015-08-04 00:00:00+00:00,2015-08-05 00:00:00+00:00,2.110300064086914,2.041668588295579,6968.0428421662355,2015-08-12 00:00:00+00:00,2.130350112915039,native,133.79979279950206,5.909806422397889,0.27978297962155874,5
EURAUD,1,2015-08-04 00:00:00+00:00,2015-08-05 00:00:00+00:00,1.475600004196167,1.4284943286329508,10152.21749645291,2015-08-12 00:00:00+00:00,1.509529948234558,native,338.4030338137718,6.06113770645057,0.7076199980015554,5
AUDJPY,-1,2015-08-10 00:00:00+00:00,2015-08-11 00:00:00+00:00,92.37470245361328,95.05437552928925,175.1722515933576,2015-08-12 00:00:00+00:00,91.48799896240234,native,148.88431837289474,6.441528678216136,0.3171771059099565,1
AUDCHF,-1,2015-08-04 00:00:00+00:00,2015-08-05 00:00:00+00:00,0.7211700081825256,0.7459417367354035,19305.357016741527,2015-08-13 00:00:00+00:00,0.7200999855995178,native,15.09232162344593,5.5648463574958384,0.03155890323045625,6
NZDCHF,-1,2015-08-07 00:00:00+00:00,2015-08-10 00:00:00+00:00,0.6497799754142761,0.6711068800650537,22152.90824271618,2015-08-13 00:00:00+00:00,0.6444000005722046,native,113.44811897301432,5.733970051517828,0.24012574401824976,3
CADCHF,-1,2015-08-06 00:00:00+00:00,2015-08-07 00:00:00+00:00,0.7477999925613403,0.7677944274619222,23939.50986968757,2015-08-14 00:00:00+00:00,0.7465000152587891,native,23.966257507699098,7.15456195709684,0.050069797219330824,5
NZDJPY,-1,2015-08-07 00:00:00+00:00,2015-08-10 00:00:00+00:00,82.09500122070312,84.41693234443665,203.47415002997923,2015-08-14 00:00:00+00:00,81.46099853515625,native,122.3472739518492,6.655883606525395,0.2589618096116753,4
EURGBP,-1,2015-08-07 00:00:00+00:00,2015-08-10 00:00:00+00:00,0.7075899839401245,0.7266677222214639,24764.621196840464,2015-08-17 00:00:00+00:00,0.7088900208473206,native,-39.21063969891406,7.015718150291969,-0.08299374301104896,5
EURUSD,-1,2015-08-10 00:00:00+00:00,2015-08-11 00:00:00+00:00,1.1017948389053345,1.1322139585390687,15431.227854460845,2015-08-18 00:00:00+00:00,1.107714056968689,native,-98.15988969960168,6.819087043738052,-0.20911584290148016,5
EURJPY,1,2015-08-18 00:00:00+00:00,2015-08-19 00:00:00+00:00,137.1820068359375,134.17775678634644,159.74341854003043,2015-08-21 00:00:00+00:00,138.69000244140625,native,232.07862559262713,8.813747568293977,0.48358864263347107,2
USDJPY,1,2015-08-19 00:00:00+00:00,2015-08-20 00:00:00+00:00,123.9219970703125,122.01161086559296,251.68178493232497,2015-08-24 00:00:00+00:00,121.74400329589844,stop_gap,-560.5272922098935,12.365931493870633,-1.1657993388903587,2
USDCHF,1,2015-08-19 00:00:00+00:00,2015-08-20 00:00:00+00:00,0.965399980545044,0.9401636905968189,19052.301701253917,2015-08-24 00:00:00+00:00,0.9401636905968189,stop,-488.07048470861344,7.261074794708755,-1.015101773478204,2
EURUSD,-1,2015-08-20 00:00:00+00:00,2015-08-21 00:00:00+00:00,1.1235954761505127,1.154682295396924,15433.968690617934,2015-08-24 00:00:00+00:00,1.154682295396924,stop,-486.8255684989301,7.032573558918788,-1.0146575161227565,1
GBPJPY,1,2015-08-21 00:00:00+00:00,2015-08-24 00:00:00+00:00,190.81399536132812,186.49590921401978,108.50354499154795,2015-08-24 00:00:00+00:00,186.49590921401978,stop,-476.71554700322105,8.187892441369586,-1.0174757932891423,0
NZDUSD,-1,2015-08-20 00:00:00+00:00,2015-08-21 00:00:00+00:00,0.6623832583427429,0.684258695691824,21932.95554660839,2015-08-25 00:00:00+00:00,0.6464123725891113,native,344.5475759957982,5.741151278564729,0.7181171455804124,2
NZDCAD,-1,2015-08-21 00:00:00+00:00,2015-08-24 00:00:00+00:00,0.8756999969482422,0.899846114218235,19403.85070290809,2015-08-25 00:00:00+00:00,0.8584700226783752,native,327.59793311658717,6.729915230858816,0.6992072504726402,1
GBPCHF,1,2015-08-21 00:00:00+00:00,2015-08-24 00:00:00+00:00,1.4846999645233154,1.441869366914034,10939.08749151611,2015-08-28 00:00:00+00:00,1.4874999523162842,native,24.12668045594519,6.502630986517057,0.05149467746681358,4
EURGBP,-1,2015-08-21 00:00:00+00:00,2015-08-24 00:00:00+00:00,0.7257000207901001,0.745433708652854,23742.528908961252,2015-08-31 00:00:00+00:00,0.7272400259971619,native,-43.4629123613817,6.899294212766816,-0.0927648815138276,5
AUDNZD,1,2015-08-20 00:00:00+00:00,2015-08-21 00:00:00+00:00,1.1074999570846558,1.0808862382546067,18028.032760242673,2015-09-01 00:00:00+00:00,1.1187000274658203,native,193.88843449819262,8.026801250465544,0.404108514594788,7
GBPJPY,1,2015-08-24 00:00:00+00:00,2015-08-25 00:00:00+00:00,187.3000030517578,181.7489959001541,83.8628851538076,2015-09-04 00:00:00+00:00,181.7489959001541,stop,-471.713378005952,6.189902763046371,-1.0132966500987228,8
GBPCAD,1,2015-08-27 00:00:00+00:00,2015-08-28 00:00:00+00:00,2.032399892807007,1.973982011899352,7982.519268582388,2015-09-08 00:00:00+00:00,2.030600070953369,native,-20.853707726471924,6.48659509979335,-0.04471955856323185,7
GBPUSD,1,2015-08-26 00:00:00+00:00,2015-08-27 00:00:00+00:00,1.5480595827102661,1.5137080010026693,13506.42917928712,2015-09-09 00:00:00+00:00,1.5398118495941162,native,-119.73864658597233,8.341223363032604,-0.25807566819114575,9
CHFJPY,-1,2015-09-10 00:00:00+00:00,2015-09-11 00:00:00+00:00,123.94879913330078,127.55714237689972,128.7162719401045,2015-09-16 00:00:00+00:00,123.55999755859375,native,43.6734073042187,6.371681916512387,0.09403202313708851,3
USDCHF,1,2015-09-14 00:00:00+00:00,2015-09-15 00:00:00+00:00,0.9682599902153015,0.9405042650178075,16741.45574829974,2015-09-16 00:00:00+00:00,0.9739999771118164,native,89.59248476488423,6.503251858940209,0.1928083256687035,1
USDJPY,-1,2015-09-11 00:00:00+00:00,2015-09-14 00:00:00+00:00,120.79000091552734,123.96348440647125,146.06756091159866,2015-09-18 00:00:00+00:00,120.072998046875,native,97.69440603620899,7.036454154458207,0.2107558683599545,4
GBPAUD,1,2015-09-14 00:00:00+00:00,2015-09-15 00:00:00+00:00,2.1533000469207764,2.0742775313556194,5880.2385855797775,2015-09-18 00:00:00+00:00,2.164900064468384,native,63.13246139379458,5.078409383049086,0.1358647905415901,3
AUDCAD,-1,2015-09-14 00:00:00+00:00,2015-09-15 00:00:00+00:00,0.9490000009536743,0.978385254740715,15813.075787037804,2015-09-22 00:00:00+00:00,0.9445499777793884,native,64.37998384500735,5.988569864049949,0.13854953263445285,5
AUDUSD,-1,2015-09-14 00:00:00+00:00,2015-09-15 00:00:00+00:00,0.7164863348007202,0.7431791005656123,17408.13407080421,2015-09-22 00:00:00+00:00,0.7131141424179077,native,53.72624175752321,4.977335355021511,0.11562204960521633,5
USDCAD,1,2015-09-16 00:00:00+00:00,2015-09-17 00:00:00+00:00,1.3169699907302856,1.285565053112805,14825.808038731426,2015-09-22 00:00:00+00:00,1.3249399662017822,native,110.3276364383887,7.8336899754176095,0.23695616182240067,3
NZDUSD,-1,2015-09-17 00:00:00+00:00,2015-09-18 00:00:00+00:00,0.6371862292289734,0.6601124107837677,20428.019559129578,2015-09-22 00:00:00+00:00,0.6329914927482605,native,80.50071580377298,5.189443069624318,0.1718864926066751,2
AUDCHF,-1,2015-09-16 00:00:00+00:00,2015-09-17 00:00:00+00:00,0.6985999941825867,0.7297561038285494,14944.214212747169,2015-09-23 00:00:00+00:00,0.6901400089263916,native,122.2771062868075,4.150725618454349,0.26262063359484766,4
EURCHF,1,2015-09-21 00:00:00+00:00,2015-09-22 00:00:00+00:00,1.0872999429702759,1.0653328648768365,21462.95380363594,2015-09-24 00:00:00+00:00,1.0953400135040283,native,163.1944823327476,9.36918011115559,0.34613354175348626,2
NZDCHF,-1,2015-09-25 00:00:00+00:00,2015-09-28 00:00:00+00:00,0.6244000196456909,0.6508183227851987,17700.955371496995,2015-09-29 00:00:00+00:00,0.6144000291824341,native,172.62379602980184,4.385588875702988,0.36914673898593614,1
GBPUSD,1,2015-09-22 00:00:00+00:00,2015-09-23 00:00:00+00:00,1.535508632659912,1.5020784847438335,14092.07031053105,2015-10-05 00:00:00+00:00,1.518741250038147,native,-244.8952756480732,8.608140818582452,-0.5198371434649415,8
GBPNZD,1,2015-09-24 00:00:00+00:00,2015-09-25 00:00:00+00:00,2.405100107192993,2.3093764148652554,4915.686212820598,2015-10-07 00:00:00+00:00,2.3093764148652554,stop,-475.1826120637712,4.634977448029627,-1.009850176915276,8
GBPCAD,1,2015-09-23 00:00:00+00:00,2015-09-24 00:00:00+00:00,2.0311999320983887,1.977110119536519,8723.813221132279,2015-10-08 00:00:00+00:00,2.00108003616333,native,-269.7957178370782,7.035371459685686,-0.5717592733998922,10
AUDNZD,1,2015-09-23 00:00:00+00:00,2015-09-24 00:00:00+00:00,1.1134999990463257,1.0825563371181488,15249.307695096266,2015-10-08 00:00:00+00:00,1.0892000198364258,max_hold,-377.27579002579336,6.717930069587486,-0.7995343043464442,10
GBPCHF,1,2015-09-25 00:00:00+00:00,2015-09-28 00:00:00+00:00,1.4884999990463257,1.4435134278610349,10394.862123121888,2015-10-08 00:00:00+00:00,1.490399956703186,native,13.556747019115068,6.193050863718014,0.028990377158081213,8
USDJPY,-1,2015-10-05 00:00:00+00:00,2015-10-06 00:00:00+00:00,120.44999694824219,123.41087532043457,153.84506854830428,2015-10-08 00:00:00+00:00,119.93000030517578,native,72.60266376642072,7.396255431018657,0.15938535268717874,2
NZDJPY,-1,2015-10-02 00:00:00+00:00,2015-10-05 00:00:00+00:00,77.37799835205078,80.83001852035522,134.03005740203693,2015-10-09 00:00:00+00:00,80.83001852035522,stop,-466.91538722740796,4.2409259165742,-1.0091661119668438,4
NZDUSD,-1,2015-10-02 00:00:00+00:00,2015-10-05 00:00:00+00:00,0.6452028751373291,0.6681823320686817,20134.26438636032,2015-10-09 00:00:00+00:00,0.6681823320686817,stop,-467.96327031143784,5.288809000604091,-1.0114309507933936,4
NZDCAD,-1,2015-09-25 00:00:00+00:00,2015-09-28 00:00:00+00:00,0.8496999740600586,0.8764872346073389,17457.14923098338,2015-10-12 00:00:00+00:00,0.8644999861717224,max_hold,-264.35102895717915,5.985008903502396,-0.5653005120468586,10
EURNZD,1,2015-10-02 00:00:00+00:00,2015-10-05 00:00:00+00:00,1.739300012588501,1.6624274160712957,6018.717752135252,2015-10-14 00:00:00+00:00,1.7115999460220337,native,-170.87288094727123,4.153998568346407,-0.36931556685268496,7
CADJPY,-1,2015-10-02 00:00:00+00:00,2015-10-05 00:00:00+00:00,91.10099792480469,94.24864566326141,146.990546514484,2015-10-14 00:00:00+00:00,91.96199798583984,native,-131.9405754836586,5.381705963096879,-0.2851693501946249,7
GBPUSD,-1,2015-10-07 00:00:00+00:00,2015-10-08 00:00:00+00:00,1.5317922830581665,1.5622338214889169,14818.415323713009,2015-10-14 00:00:00+00:00,1.525622844696045,native,82.36009052795234,9.061209436012994,0.18257800436775554,4
AUDCHF,-1,2015-10-08 00:00:00+00:00,2015-10-09 00:00:00+00:00,0.702269971370697,0.7312682382762432,15386.925400076281,2015-10-14 00:00:00+00:00,0.6923400163650513,native,148.49972492928697,4.291751968698252,0.3328141312559873,3
AUDCAD,-1,2015-10-08 00:00:00+00:00,2015-10-09 00:00:00+00:00,0.9444199800491333,0.9694002140313387,17861.889121014054,2015-10-14 00:00:00+00:00,0.9405699968338013,native,62.03407691776476,6.7338963922611645,0.13902933104747606,3
AUDUSD,-1,2015-10-08 00:00:00+00:00,2015-10-09 00:00:00+00:00,0.7271140813827515,0.7513207970187068,18432.66043677514,2015-10-14 00:00:00+00:00,0.7226477861404419,native,76.98110996822865,5.344593643648002,0.17252827403820203,3
NZDCHF,-1,2015-10-08 00:00:00+00:00,2015-10-09 00:00:00+00:00,0.6445299983024597,0.6720343809574842,16222.65713808446,2015-10-14 00:00:00+00:00,0.637220025062561,native,114.42851132629224,4.158678233156495,0.2564545194013695,3
GBPJPY,-1,2015-10-09 00:00:00+00:00,2015-10-12 00:00:00+00:00,184.05299377441406,188.9194039106369,91.36923498841904,2015-10-14 00:00:00+00:00,182.6820068359375,native,118.56436845786918,6.701659289849042,0.26665239920811135,2
GBPAUD,1,2015-10-09 00:00:00+00:00,2015-10-12 00:00:00+00:00,2.0957000255584717,2.027066107839346,6478.432035691065,2015-10-15 00:00:00+00:00,2.1129000186920166,native,105.97596065960713,5.453025870416639,0.2383409496109294,3
USDCAD,1,2015-10-15 00:00:00+00:00,2015-10-16 00:00:00+00:00,1.2854700088500977,1.2564889416098595,15588.823418240407,2015-10-20 00:00:00+00:00,1.301900029182434,native,248.0578747907851,8.06681092810702,0.5490669543955393,2
NZDUSD,-1,2015-10-12 00:00:00+00:00,2015-10-13 00:00:00+00:00,0.6709157824516296,0.6938210036605597,19231.80125389616,2015-10-21 00:00:00+00:00,0.6757213473320007,native,-97.59932022022333,5.179651528223189,-0.22156050186274912,6
GBPNZD,1,2015-10-15 00:00:00+00:00,2015-10-16 00:00:00+00:00,2.262049913406372,2.178003391250968,5375.365072749485,2015-10-21 00:00:00+00:00,2.2865099906921387,native,126.59181111070284,4.890034007959978,0.28020630361601034,3
EURCHF,1,2015-10-15 00:00:00+00:00,2015-10-16 00:00:00+00:00,1.0814900398254395,1.0637936922721565,25529.60368346811,2015-10-21 00:00:00+00:00,1.0854400396347046,native,89.77775645263286,11.064173227680708,0.19871975178972542,3
EURCAD,1,2015-10-15 00:00:00+00:00,2015-10-16 00:00:00+00:00,1.4609999656677246,1.414843431673944,9788.012673159132,2015-10-22 00:00:00+00:00,1.4902000427246094,native,280.033447673377,5.7772766166343015,0.6198437053150773,4
USDJPY,-1,2015-10-21 00:00:00+00:00,2015-10-22 00:00:00+00:00,119.86100006103516,122.07329481840134,208.29937372697248,2015-10-28 00:00:00+00:00,120.47200012207031,native,-137.28317274557804,10.012242684813046,-0.29791087235428826,4
AUDCHF,-1,2015-10-23 00:00:00+00:00,2015-10-26 00:00:00+00:00,0.7067999839782715,0.7339666318148375,16848.376475204557,2015-10-29 00:00:00+00:00,0.7050600051879883,native,24.55830799201213,4.757509725550275,0.05365427494841784,3
AUDCAD,-1,2015-10-27 00:00:00+00:00,2015-10-28 00:00:00+00:00,0.9545000195503235,0.9780372893437743,19480.750358152607,2015-10-29 00:00:00+00:00,0.9361799955368042,native,349.52144128651815,7.366373076212108,0.7622756661222507,1
NZDCHF,-1,2015-10-26 00:00:00+00:00,2015-10-27 00:00:00+00:00,0.6664800047874451,0.6937724929302931,16763.73043973856,2015-11-04 00:00:00+00:00,0.6601099967956543,native,102.33737743524256,4.447719438118286,0.22367656475739398,6
AUDCHF,-1,2015-11-03 00:00:00+00:00,2015-11-04 00:00:00+00:00,0.7124000191688538,0.7360112145543098,19660.330789636613,2015-11-10 00:00:00+00:00,0.707260012626648,native,95.4720317138774,5.58219716678512,0.20566830508030665,4
CHFJPY,-1,2015-11-09 00:00:00+00:00,2015-11-10 00:00:00+00:00,122.6520004272461,125.3404101729393,173.11934620820182,2015-11-12 00:00:00+00:00,122.30999755859375,native,50.72578083499058,8.48153218743269,0.1089902569816875,2
CADJPY,-1,2015-11-03 00:00:00+00:00,2015-11-04 00:00:00+00:00,92.63999938964844,95.30035662651062,174.4893148877719,2015-11-13 00:00:00+00:00,92.25,native,61.598460441785,6.452265864620065,0.1326969870358038,7
EURCAD,1,2015-11-04 00:00:00+00:00,2015-11-05 00:00:00+00:00,1.4292500019073486,1.3864499144256115,10878.282778938774,2015-11-13 00:00:00+00:00,1.4361799955368042,native,69.15223879837164,6.234191559090261,0.14852557562363017,6
EURCHF,1,2015-11-04 00:00:00+00:00,2015-11-05 00:00:00+00:00,1.0789400339126587,1.061575151514262,26812.243464006493,2015-11-13 00:00:00+00:00,1.0815000534057617,native,57.05461679956468,11.585249122116188,0.12254223361949239,6
EURAUD,1,2015-11-03 00:00:00+00:00,2015-11-04 00:00:00+00:00,1.524399995803833,1.470244038850069,8571.613128600527,2015-11-18 00:00:00+00:00,1.4960999488830566,max_hold,-247.75516512230072,5.178111396163063,-0.5337205459113366,10
AUDJPY,-1,2015-11-03 00:00:00+00:00,2015-11-04 00:00:00+00:00,87.01000213623047,89.86535292863846,162.5733387474025,2015-11-18 00:00:00+00:00,87.78900146484375,max_hold,-132.32805325967524,5.683531525029174,-0.28506449417623525,10
AUDCHF,-1,2015-11-12 00:00:00+00:00,2015-11-13 00:00:00+00:00,0.7138100266456604,0.7351000341586769,21890.63646707379,2015-11-20 00:00:00+00:00,0.7351000341586769,stop,-472.3953275316239,6.343512682910706,-1.013611174725218,5
GBPUSD,-1,2015-11-19 00:00:00+00:00,2015-11-20 00:00:00+00:00,1.5288182497024536,1.5545586636289954,17818.94081030688,2015-11-23 00:00:00+00:00,1.5190180540084839,native,163.76726406120497,10.86184293906594,0.3570505299353703,1
NZDJPY,-1,2015-11-19 00:00:00+00:00,2015-11-20 00:00:00+00:00,80.60700225830078,82.87879627943039,201.89634620210137,2015-11-24 00:00:00+00:00,80.01799774169922,native,112.43193967664791,6.485920121742507,0.24512764424156036,2
AUDCAD,-1,2015-11-12 00:00:00+00:00,2015-11-13 00:00:00+00:00,0.9476000070571899,0.9697641520760953,21027.285936415945,2015-11-27 00:00:00+00:00,0.9595000147819519,native,-258.24509256783966,8.020227493711346,-0.5541124062603847,10
AUDJPY,-1,2015-11-19 00:00:00+00:00,2015-11-20 00:00:00+00:00,88.36599731445312,90.70975267887115,195.69743461845366,2015-11-30 00:00:00+00:00,88.22000122070312,native,21.659575630616636,6.91148538057362,0.04722288670705659,6
AUDUSD,-1,2015-11-19 00:00:00+00:00,2015-11-20 00:00:00+00:00,0.7192174792289734,0.7389626041986048,23229.374992322926,2015-11-30 00:00:00+00:00,0.7185972929000854,native,7.7266330965926135,6.67990770225745,0.016845848024447146,6
USDJPY,1,2015-11-24 00:00:00+00:00,2015-11-25 00:00:00+00:00,122.51499938964844,120.66666233539581,243.22487634441214,2015-11-30 00:00:00+00:00,122.81999969482422,native,62.249346548331886,11.934314963055467,0.13846679358077002,3
GBPAUD,1,2015-11-19 00:00:00+00:00,2015-11-20 00:00:00+00:00,2.1257100105285645,2.0704518891870975,8300.443465233295,2015-12-01 00:00:00+00:00,2.0704518891870975,stop,-465.6329131137586,6.966000923911159,-1.0151874938845118,7
NZDCHF,-1,2015-11-19 00:00:00+00:00,2015-11-20 00:00:00+00:00,0.6647999882698059,0.685784918256104,21856.966522610735,2015-12-01 00:00:00+00:00,0.685784918256104,stop,-464.5708500074234,5.903937817576033,-1.012871950560786,7
GBPNZD,1,2015-11-20 00:00:00+00:00,2015-11-23 00:00:00+00:00,2.3217198848724365,2.252962177619338,6590.859502471519,2015-12-02 00:00:00+00:00,2.252962177619338,stop,-459.202605565711,6.030217348471984,-1.0133066742486112,7
GBPCAD,1,2015-11-24 00:00:00+00:00,2015-11-25 00:00:00+00:00,2.0062499046325684,1.9661367312073708,11207.329489942369,2015-12-02 00:00:00+00:00,2.0139999389648438,native,77.84593539435872,9.011252925817095,0.17315968223029446,5
CHFJPY,-1,2015-12-02 00:00:00+00:00,2015-12-03 00:00:00+00:00,120.97000122070312,123.3654665350914,184.06405212956332,2015-12-03 00:00:00+00:00,123.3654665350914,stop,-449.91372775694504,8.994675254820761,-1.0203998334927418,0
CADCHF,1,2015-12-02 00:00:00+00:00,2015-12-03 00:00:00+00:00,0.7628999948501587,0.7454207022674382,25225.222955418863,2015-12-03 00:00:00+00:00,0.7454207022674382,stop,-448.5285976767371,7.609545174612839,-1.0172583723280504,0
NZDCAD,-1,2015-11-20 00:00:00+00:00,2015-11-23 00:00:00+00:00,0.8735799789428711,0.8966917316429317,19607.876308578303,2015-12-04 00:00:00+00:00,0.8966917316429317,stop,-460.1146419639873,6.942253746748349,-1.0153192337557433,9
EURNZD,1,2015-11-20 00:00:00+00:00,2015-11-23 00:00:00+00:00,1.6261099576950073,1.5773117691278458,9286.664147246616,2015-12-04 00:00:00+00:00,1.6346900463104248,native,73.62401042728861,6.056390897707773,0.16246358414933965,9
GBPAUD,1,2015-12-01 00:00:00+00:00,2015-12-02 00:00:00+00:00,2.058500051498413,2.00321121327579,7975.085101619956,2015-12-08 00:00:00+00:00,2.0739998817443848,native,117.0210575422771,6.59140773001002,0.26539407828105066,4
AUDJPY,-1,2015-12-01 00:00:00+00:00,2015-12-02 00:00:00+00:00,89.9800033569336,92.29058909416199,190.83178039695954,2015-12-08 00:00:00+00:00,89.45500183105469,native,93.33859559347981,6.848380301112295,0.21168421364359924,4
EURGBP,-1,2015-12-02 00:00:00+00:00,2015-12-03 00:00:00+00:00,0.7098199725151062,0.7249929271638393,29059.538020759763,2015-12-08 00:00:00+00:00,0.7249929271638393,stop,-449.25805250430363,8.339000002179377,-1.0189127685793056,3
GBPCHF,1,2015-12-02 00:00:00+00:00,2015-12-03 00:00:00+00:00,1.5224800109863281,1.4883491303771734,12918.478651378817,2015-12-08 00:00:00+00:00,1.4883491303771734,stop,-448.698118899255,7.7790663971307215,-1.0176428447647843,3
NZDUSD,-1,2015-12-04 00:00:00+00:00,2015-12-07 00:00:00+00:00,0.6730833649635315,0.6936306045390666,20735.414885881888,2015-12-08 00:00:00+00:00,0.663702130317688,native,188.9800321517573,5.543760371617038,0.443557272658604,1
NZDJPY,-1,2015-12-01 00:00:00+00:00,2015-12-02 00:00:00+00:00,81.98200225830078,84.18008631467819,200.5988755142526,2015-12-09 00:00:00+00:00,81.60199737548828,native,69.66559890638044,6.562953275732399,0.1579958154366927,5
EURJPY,-1,2015-12-03 00:00:00+00:00,2015-12-04 00:00:00+00:00,133.8979949951172,136.91981279850006,142.73878425644028,2015-12-11 00:00:00+00:00,133.22000122070312,native,89.15038748672598,7.625619606572522,0.2066869069576937,5
CHFJPY,-1,2015-12-04 00:00:00+00:00,2015-12-07 00:00:00+00:00,123.55699920654297,126.41444730758667,149.10350854761336,2015-12-11 00:00:00+00:00,123.125,native,57.0563670698947,7.356230315447027,0.13391767520183134,4
EURUSD,-1,2015-12-03 00:00:00+00:00,2015-12-04 00:00:00+00:00,1.0918341875076294,1.1208794685080647,14850.281513643238,2015-12-16 00:00:00+00:00,1.0936013460159302,native,-32.73366790804525,6.4908665805487935,-0.07588997382991249,8
USDCHF,1,2015-12-09 00:00:00+00:00,2015-12-10 00:00:00+00:00,0.9833599925041199,0.9566049966961145,16018.377696295043,2015-12-16 00:00:00+00:00,0.9905999898910522,native,109.64908535299637,6.323927311075557,0.25584774670027016,4
GBPNZD,1,2015-12-02 00:00:00+00:00,2015-12-03 00:00:00+00:00,2.2493999004364014,2.186607711017132,7021.877347803002,2015-12-17 00:00:00+00:00,2.212899923324585,max_hold,-262.56510688710614,6.266744410314519,-0.5954950356468008,10
USDJPY,1,2015-12-09 00:00:00+00:00,2015-12-10 00:00:00+00:00,121.69100189208984,119.72127842903137,217.57959234031716,2015-12-17 00:00:00+00:00,122.48100280761719,native,161.26270810022072,10.625369048696054,0.37627947703712794,5
EURCHF,1,2015-12-18 00:00:00+00:00,2015-12-21 00:00:00+00:00,1.0781500339508057,1.0614039776846766,25660.84087654544,2015-12-22 00:00:00+00:00,1.0831999778747559,native,118.49339572156839,11.092411746395069,0.27574694890551055,1
GBPCHF,1,2015-12-08 00:00:00+00:00,2015-12-09 00:00:00+00:00,1.4901200532913208,1.4517299951985478,11214.452556211085,2015-12-23 00:00:00+00:00,1.4640400409698486,max_hold,-299.09891848865897,6.62585764410879,-0.6947331070943409,10
EURAUD,1,2015-12-23 00:00:00+00:00,2015-12-24 00:00:00+00:00,1.5078999996185303,1.459771290421486,8918.80603463246,2015-12-29 00:00:00+00:00,1.5123100280761719,native,33.9448549367426,5.3873334841721965,0.079079337792346,3
GBPCAD,1,2015-12-23 00:00:00+00:00,2015-12-24 00:00:00+00:00,2.0602900981903076,2.013267442584038,9128.591664832204,2015-12-29 00:00:00+00:00,2.068779945373535,native,69.96182935587304,7.538518876637047,0.16298597081983768,3
USDCAD,1,2015-12-24 00:00:00+00:00,2015-12-25 00:00:00+00:00,1.381890058517456,1.35601269826293,16587.42933169831,2015-12-29 00:00:00+00:00,1.3894100189208984,native,115.54306293098229,9.193748838287751,0.26918125803563603,2
NZDJPY,-1,2015-12-29 00:00:00+00:00,2015-12-30 00:00:00+00:00,82.72100067138672,84.91796571016312,196.19640135158537,2016-01-01 00:00:00+00:00,82.26599884033203,native,82.79575074651271,6.473971114798998,0.19208518283357828,2
AUDUSD,-1,2015-12-24 00:00:00+00:00,2015-12-25 00:00:00+00:00,0.7273785471916199,0.7478568232618272,20960.69430069484,2016-01-05 00:00:00+00:00,0.718339204788208,native,183.4102432283569,6.060649568867387,0.4272917711928912,7
EURGBP,1,2016-01-05 00:00:00+00:00,2016-01-06 00:00:00+00:00,0.7325000166893005,0.7171685406938195,28280.22133653698,2016-01-08 00:00:00+00:00,0.746999979019165,native,401.69402659080833,8.368117469208183,0.9264641144081291,2
NZDCHF,1,2016-01-06 00:00:00+00:00,2016-01-07 00:00:00+00:00,0.6690000295639038,0.6488218661397696,21415.24276618507,2016-01-11 00:00:00+00:00,0.6464999914169312,stop_gap,-487.4781296274895,5.6343504616452265,-1.128107532519178,2
EURNZD,-1,2016-01-06 00:00:00+00:00,2016-01-07 00:00:00+00:00,1.6224000453948975,1.6670702751725912,9673.562693858634,2016-01-11 00:00:00+00:00,1.6782399415969849,stop_gap,-546.5565262982556,6.385789568804544,-1.2648250183772118,2
AUDCAD,1,2016-01-04 00:00:00+00:00,2016-01-05 00:00:00+00:00,1.0008699893951416,0.9789979788474739,19848.98883751221,2016-01-13 00:00:00+00:00,0.9955599904060364,native,-113.32353393874038,7.925423276789662,-0.2610315577812417,6
GBPAUD,-1,2016-01-06 00:00:00+00:00,2016-01-07 00:00:00+00:00,2.0659000873565674,2.126025317236781,7187.004010870239,2016-01-13 00:00:00+00:00,2.0667500495910645,native,-12.048956610371889,5.940274621953215,-0.02788334057477431,4
NZDCAD,1,2016-01-04 00:00:00+00:00,2016-01-05 00:00:00+00:00,0.9396299719810486,0.9177599688991904,19850.810792739972,2016-01-18 00:00:00+00:00,0.9390400052070618,native,-19.16994325624794,7.45862445183246,-0.04415640756015792,9
AUDNZD,-1,2016-01-14 00:00:00+00:00,2016-01-15 00:00:00+00:00,1.077530026435852,1.1011600531637669,17879.75614761452,2016-01-18 00:00:00+00:00,1.0643999576568604,native,227.10299080961,7.659437160168309,0.5375229968389458,1
GBPNZD,-1,2016-01-05 00:00:00+00:00,2016-01-06 00:00:00+00:00,2.18969988822937,2.250984150916338,7074.859279659855,2016-01-19 00:00:00+00:00,2.208400011062622,native,-138.52392513468712,6.2231875770754055,-0.31949055034114004,9
AUDUSD,-1,2016-01-21 00:00:00+00:00,2016-01-22 00:00:00+00:00,0.701655924320221,0.7281632293015718,16117.222771744346,2016-01-26 00:00:00+00:00,0.6941069960594177,native,117.16859408242232,4.499164384859821,0.2742555564151812,2
CADJPY,-1,2016-01-21 00:00:00+00:00,2016-01-22 00:00:00+00:00,82.62000274658203,86.18933594226837,119.69298354642706,2016-01-29 00:00:00+00:00,86.18933594226837,stop,-431.26519814263463,4.0410586796335615,-1.009458872536353,5
AUDCHF,-1,2016-01-21 00:00:00+00:00,2016-01-22 00:00:00+00:00,0.7071899771690369,0.7404563119634986,12842.537120564497,2016-02-03 00:00:00+00:00,0.7156000137329102,native,-111.6606534114326,3.6544466545851755,-0.2613631653674447,8
EURAUD,1,2016-01-21 00:00:00+00:00,2016-01-22 00:00:00+00:00,1.5476900339126587,1.4712000153958797,5585.3580342549485,2016-02-03 00:00:00+00:00,1.5539699792861938,native,31.610967011907277,3.464776334849504,0.07399152831495114,8
AUDJPY,-1,2016-01-21 00:00:00+00:00,2016-01-22 00:00:00+00:00,82.70999908447266,87.1911209821701,95.33865608130928,2016-02-03 00:00:00+00:00,84.20099639892578,native,-145.33229417971836,3.182613998916138,-0.3401780956534751,8
USDCAD,1,2016-01-21 00:00:00+00:00,2016-01-22 00:00:00+00:00,1.4270000457763672,1.3896296238526702,11432.146533836523,2016-02-03 00:00:00+00:00,1.4067100286483765,native,-238.43752674228932,6.479077761046494,-0.5581087413318759,8
GBPCAD,1,2016-01-21 00:00:00+00:00,2016-01-22 00:00:00+00:00,2.0299899578094482,1.9734507575631142,7556.246597080256,2016-02-03 00:00:00+00:00,2.02620005607605,native,-34.76734647416715,6.129914397906642,-0.08137963954440386,8
NZDCAD,1,2016-01-22 00:00:00+00:00,2016-01-25 00:00:00+00:00,0.9149399995803833,0.8882767297327518,15767.13326575999,2016-02-03 00:00:00+00:00,0.9164000153541565,native,17.245266861115276,5.774996414078355,0.041020766659024196,7
EURCAD,1,2016-01-22 00:00:00+00:00,2016-01-25 00:00:00+00:00,1.527109980583191,1.4640013966709375,6661.587107913196,2016-02-03 00:00:00+00:00,1.5358799695968628,native,54.3411708772595,4.080874872757425,0.12925961125950725,7
CHFJPY,-1,2016-01-29 00:00:00+00:00,2016-02-01 00:00:00+00:00,118.4260025024414,121.49246084690094,132.39574049224038,2016-02-04 00:00:00+00:00,117.52300262451172,native,113.30560885246557,6.247728650438076,0.2790874620718627,3
CADCHF,-1,2016-01-21 00:00:00+00:00,2016-01-22 00:00:00+00:00,0.7061700224876404,0.7342599174007773,15209.175427110578,2016-02-05 00:00:00+00:00,0.7218499779701233,native,-242.8229949624438,4.343801340076931,-0.568373770423319,10
GBPUSD,-1,2016-01-26 00:00:00+00:00,2016-01-27 00:00:00+00:00,1.4345144033432007,1.4677002523094416,12742.595595703266,2016-02-09 00:00:00+00:00,1.4436262845993042,native,-123.44401453339391,7.334996570798106,-0.2919168770865821,9
USDCHF,1,2016-02-03 00:00:00+00:00,2016-02-04 00:00:00+00:00,1.0052000284194946,0.9805337022989988,16800.608980953944,2016-02-09 00:00:00+00:00,0.9805337022989988,stop,-421.08160733715897,6.6723071900184605,-1.0161007660485644,3
NZDCHF,1,2016-02-08 00:00:00+00:00,2016-02-09 00:00:00+00:00,0.6531500220298767,0.6239903476089239,14206.805204835024,2016-02-16 00:00:00+00:00,0.6554999947547913,native,29.66725756558361,3.7183471739527727,0.07161406164593875,5
EURCHF,1,2016-02-08 00:00:00+00:00,2016-02-09 00:00:00+00:00,1.1045700311660767,1.0879972972907126,24996.830182056274,2016-02-16 00:00:00+00:00,1.1018999814987183,native,-77.77372935429003,11.030951241676288,-0.18773870945435722,5
USDCHF,1,2016-02-09 00:00:00+00:00,2016-02-10 00:00:00+00:00,0.9728999733924866,0.944747194647789,14578.942302079948,2016-02-16 00:00:00+00:00,0.9859200119972229,native,184.10688687987292,5.711504709431533,0.4485622794885516,4
NZDCAD,1,2016-02-17 00:00:00+00:00,2016-02-18 00:00:00+00:00,0.9067999720573425,0.8768390351906419,13725.835037457118,2016-02-23 00:00:00+00:00,0.9196100234985352,native,170.81485244119727,5.013800461952553,0.4153664986328544,3
AUDNZD,-1,2016-02-15 00:00:00+00:00,2016-02-16 00:00:00+00:00,1.0746099948883057,1.1005917266011238,15954.871999746794,2016-02-26 00:00:00+00:00,1.0721999406814575,native,31.601690836753384,6.850415545960047,0.07623403403696194,8
AUDUSD,-1,2016-02-22 00:00:00+00:00,2016-02-23 00:00:00+00:00,0.7234842777252197,0.7500452464446425,15376.78470064738,2016-02-29 00:00:00+00:00,0.7129108309745789,native,158.16818656205632,4.417427666307958,0.38726628676683417,4
EURAUD,1,2016-02-15 00:00:00+00:00,2016-02-16 00:00:00+00:00,1.5638200044631958,1.4912477601319551,5712.035057338414,2016-03-01 00:00:00+00:00,1.524399995803833,max_hold,-228.6964756041239,3.528004181259783,-0.5516937367497249,10
AUDCHF,-1,2016-02-15 00:00:00+00:00,2016-02-16 00:00:00+00:00,0.7046599984169006,0.738855492323637,12122.509618968066,2016-03-01 00:00:00+00:00,0.7124699950218201,max_hold,-98.11259336260159,3.4358343953578094,-0.23668096813226047,10
EURUSD,1,2016-02-16 00:00:00+00:00,2016-02-17 00:00:00+00:00,1.1146035194396973,1.084449466317892,13714.170092694014,2016-03-01 00:00:00+00:00,1.084449466317892,stop,-419.56945083447255,6.0316373379052415,-1.0145854554071034,9
EURCAD,1,2016-02-17 00:00:00+00:00,2016-02-18 00:00:00+00:00,1.5211999416351318,1.4587083775550127,6580.710261512412,2016-03-02 00:00:00+00:00,1.4587083775550127,stop,-415.16085965089263,3.921982650892158,-1.0095369938744683,9
CADCHF,-1,2016-02-17 00:00:00+00:00,2016-02-18 00:00:00+00:00,0.725600004196167,0.7559955650940537,13529.570267893683,2016-03-03 00:00:00+00:00,0.7419999837875366,max_hold,-225.85587570597482,3.9711994325170887,-0.5492084730743357,10
USDCAD,1,2016-02-17 00:00:00+00:00,2016-02-18 00:00:00+00:00,1.3679200410842896,1.3247933918610215,9535.60929046455,2016-03-03 00:00:00+00:00,1.3428800106048584,max_hold,-243.94177330467497,5.169826031495765,-0.5931875290688403,10
AUDCAD,1,2016-02-26 00:00:00+00:00,2016-02-29 00:00:00+00:00,0.9656500220298767,0.9404894486069679,16140.959861427153,2016-03-03 00:00:00+00:00,0.9783099889755249,native,198.06854221473048,6.275476101971535,0.48771443866514463,3
NZDCAD,1,2016-02-26 00:00:00+00:00,2016-02-29 00:00:00+00:00,0.8928800225257874,0.8662131289020181,15229.213099934293,2016-03-04 00:00:00+00:00,0.9013599753379822,native,123.67803579832348,5.4649726559786,0.30453883857636127,4
EURCHF,1,2016-02-23 00:00:00+00:00,2016-02-24 00:00:00+00:00,1.0928599834442139,1.076239767484367,24829.145050082298,2016-03-07 00:00:00+00:00,1.0927000045776367,native,-14.825255674841912,10.853117191650131,-0.035925577960240665,8
USDCAD,1,2016-03-03 00:00:00+00:00,2016-03-04 00:00:00+00:00,1.3407399654388428,1.303097777068615,10675.596242839043,2016-03-09 00:00:00+00:00,1.3416999578475952,native,4.521162238695936,5.72732911333563,0.011250791795891293,3
GBPJPY,-1,2016-03-03 00:00:00+00:00,2016-03-04 00:00:00+00:00,161.093994140625,167.67077708244324,61.10172835145235,2016-03-09 00:00:00+00:00,160.0500030517578,native,59.86516925767013,3.9244906556297106,0.1489728790042511,3
NZDJPY,-1,2016-03-04 00:00:00+00:00,2016-03-07 00:00:00+00:00,77.22000122070312,80.9491114616394,107.48456465545182,2016-03-09 00:00:00+00:00,75.96499633789062,native,131.6006489147015,3.29300455486638,0.32832708184925513,2
EURGBP,1,2016-03-01 00:00:00+00:00,2016-03-02 00:00:00+00:00,0.7789000272750854,0.7549829706549644,16682.602236143935,2016-03-11 00:00:00+00:00,0.7823500037193298,native,52.34544209174583,5.209142651649445,0.13119199773962936,7
GBPCHF,-1,2016-03-02 00:00:00+00:00,2016-03-03 00:00:00+00:00,1.4029799699783325,1.451768821105361,8206.167720679616,2016-03-11 00:00:00+00:00,1.4062600135803223,native,-31.527206823614264,4.610618894544314,-0.07874527704492539,6
NZDUSD,1,2016-03-09 00:00:00+00:00,2016-03-10 00:00:00+00:00,0.663702130317688,0.6384323183447123,15962.105937089917,2016-03-14 00:00:00+00:00,0.6743997931480408,native,166.48544244596354,4.271784931396749,0.41274713309358324,2
GBPUSD,-1,2016-03-03 00:00:00+00:00,2016-03-04 00:00:00+00:00,1.4175951480865479,1.4587752148509026,9758.430141383007,2016-03-16 00:00:00+00:00,1.4158289432525635,native,11.705432276560627,5.529954211248869,0.02912865640992239,8
AUDJPY,-1,2016-03-03 00:00:00+00:00,2016-03-04 00:00:00+00:00,83.5999984741211,87.82544791698456,95.10297310884866,2016-03-16 00:00:00+00:00,84.39099884033203,native,-78.42177521687324,3.1952886600250205,-0.1951504986212831,8
EURUSD,-1,2016-03-04 00:00:00+00:00,2016-03-07 00:00:00+00:00,1.0993964672088623,1.127259673550725,14385.343376545075,2016-03-17 00:00:00+00:00,1.127259673550725,stop,-407.2280334324869,6.4062426332638704,-1.0159827703491122,8
GBPNZD,-1,2016-03-09 00:00:00+00:00,2016-03-10 00:00:00+00:00,2.1394898891448975,2.217640457674861,5161.311341814882,2016-03-17 00:00:00+00:00,2.1149299144744873,native,122.36999878402165,4.391677037052515,0.30337707269008596,5
EURNZD,-1,2016-03-09 00:00:00+00:00,2016-03-10 00:00:00+00:00,1.6548000574111938,1.7171224746853113,6472.14009605653,2016-03-18 00:00:00+00:00,1.6548000574111938,native,-4.284039121011054,4.284039121011054,-0.010620897775083144,6
NZDCHF,1,2016-03-10 00:00:00+00:00,2016-03-11 00:00:00+00:00,0.6578999757766724,0.6281852517277002,13542.633604795195,2016-03-18 00:00:00+00:00,0.6610000133514404,native,38.41039717335573,3.5722758628260793,0.09544956810866138,5
EURJPY,-1,2016-03-11 00:00:00+00:00,2016-03-14 00:00:00+00:00,127.02799987792969,130.9800488948822,101.81138012509747,2016-03-21 00:00:00+00:00,125.64199829101562,native,135.9657981733387,5.1449362459572345,0.33791776912475463,5
USDCHF,1,2016-03-10 00:00:00+00:00,2016-03-11 00:00:00+00:00,0.984499990940094,0.956400079652667,14320.885797347095,2016-03-24 00:00:00+00:00,0.9753999710083008,native,-135.9338469026505,5.613500705857575,-0.3377946580361626,9
CHFJPY,-1,2016-03-11 00:00:00+00:00,2016-03-14 00:00:00+00:00,115.72000122070312,119.25748014450073,113.74302812976731,2016-03-28 00:00:00+00:00,115.91000366210938,max_hold,-26.880712669812336,5.269259632216777,-0.06680702485404652,10
EURCHF,1,2016-03-21 00:00:00+00:00,2016-03-22 00:00:00+00:00,1.090499997138977,1.07419997965917,24848.036972666876,2016-03-28 00:00:00+00:00,1.0917099714279175,native,19.220759071353626,10.844726796214484,0.04745591814151865,4
NZDCHF,1,2016-03-24 00:00:00+00:00,2016-03-25 00:00:00+00:00,0.6532800197601318,0.6284701144322753,16339.671180626714,2016-03-29 00:00:00+00:00,0.656000018119812,native,40.165237748554745,4.278641060463354,0.09907907021894947,2
EURUSD,1,2016-03-24 00:00:00+00:00,2016-03-25 00:00:00+00:00,1.1166945695877075,1.0888499543070793,14558.854234257848,2016-03-29 00:00:00+00:00,1.1200968027114868,native,43.01959221171661,6.5130239083499095,0.10612015355712945,2
NZDUSD,1,2016-03-25 00:00:00+00:00,2016-03-28 00:00:00+00:00,0.6679134368896484,0.6443753261119127,17182.40408373694,2016-03-29 00:00:00+00:00,0.6739906668663025,native,99.80999345819723,4.611427710471922,0.24678485077899084,1
USDCHF,-1,2016-03-25 00:00:00+00:00,2016-03-28 00:00:00+00:00,0.9785000085830688,1.0007724072784185,18158.85824795615,2016-03-29 00:00:00+00:00,0.9735299944877625,native,83.16045422270875,7.089327224304126,0.20561809068407247,1
USDJPY,-1,2016-03-24 00:00:00+00:00,2016-03-25 00:00:00+00:00,112.83000183105469,116.0231466293335,126.95499912755868,2016-03-30 00:00:00+00:00,112.64700317382812,native,17.507507773806765,5.725086594735889,0.04318728555620764,3
USDCAD,-1,2016-03-25 00:00:00+00:00,2016-03-28 00:00:00+00:00,1.3275599479675293,1.3648826126009226,10836.346620036267,2016-03-30 00:00:00+00:00,1.3063100576400757,native,224.56287155946717,5.708305666576175,0.5552421438792645,2
GBPJPY,-1,2016-03-29 00:00:00+00:00,2016-03-30 00:00:00+00:00,162.03500366210938,167.19887793064117,79.14866543187483,2016-04-04 00:00:00+00:00,158.86000061035156,native,246.21757202237646,5.079682266384212,0.6024205643155202,3
GBPUSD,-1,2016-03-29 00:00:00+00:00,2016-03-30 00:00:00+00:00,1.438807487487793,1.480004538781941,9920.946863261266,2016-04-04 00:00:00+00:00,1.4226775169372559,native,154.34685260206376,5.677728135783968,0.37764046359944364,3
CADJPY,-1,2016-03-29 00:00:00+00:00,2016-03-30 00:00:00+00:00,86.2229995727539,89.41654634475708,127.98114009018326,2016-04-04 00:00:00+00:00,85.68000030517578,native,65.09359695092292,4.400068381860015,0.1592645118153396,3
AUDJPY,-1,2016-03-29 00:00:00+00:00,2016-03-30 00:00:00+00:00,86.04199981689453,89.33738112449646,124.0262411725927,2016-04-04 00:00:00+00:00,85.61000061035156,native,49.32136729651741,4.257870480549522,0.1206745955438176,3
NZDJPY,-1,2016-03-28 00:00:00+00:00,2016-03-29 00:00:00+00:00,76.38800048828125,79.36580288410187,137.1812977218342,2016-04-05 00:00:00+00:00,75.72000122070312,native,87.46373178993927,4.17327461366269,0.21411013307369767,5
CHFJPY,-1,2016-03-28 00:00:00+00:00,2016-03-29 00:00:00+00:00,116.41000366210938,119.40955144166946,136.1867944899912,2016-04-05 00:00:00+00:00,115.9800033569336,native,52.23067316612162,6.329690025486004,0.12786004156540548,5
EURJPY,-1,2016-03-28 00:00:00+00:00,2016-03-29 00:00:00+00:00,126.97000122070312,130.1968138217926,126.59514124865409,2016-04-05 00:00:00+00:00,126.66000366210938,native,32.8225194583064,6.421665258607295,0.0803491214611127,5
AUDNZD,1,2016-03-29 00:00:00+00:00,2016-03-30 00:00:00+00:00,1.112630009651184,1.0866183517500758,15712.714597668028,2016-04-05 00:00:00+00:00,1.1158000230789185,native,42.80657923973355,7.002937021032025,0.10473486278905277,4
USDCAD,-1,2016-04-05 00:00:00+00:00,2016-04-06 00:00:00+00:00,1.3138999938964844,1.3528634468093514,10658.79388797359,2016-04-11 00:00:00+00:00,1.2979099750518799,native,164.86656630273782,5.567748826715064,0.39697859646589145,3
NZDCHF,1,2016-04-04 00:00:00+00:00,2016-04-05 00:00:00+00:00,0.6527900099754333,0.6290009589865804,17566.12165092533,2016-04-12 00:00:00+00:00,0.6541100144386292,native,18.595926017370886,4.591432962890941,0.04450049137349096,5
AUDCHF,1,2016-04-04 00:00:00+00:00,2016-04-05 00:00:00+00:00,0.7285000085830688,0.7040266618132591,17074.95781270728,2016-04-13 00:00:00+00:00,0.7341300249099731,native,91.13742204324559,4.9948692234984655,0.21809400938943124,6
EURAUD,-1,2016-04-04 00:00:00+00:00,2016-04-05 00:00:00+00:00,1.4986000061035156,1.5449118679389358,9023.203712156826,2016-04-13 00:00:00+00:00,1.4805999994277954,native,157.04134134537276,5.376385709833553,0.37580364910535596,6
AUDUSD,1,2016-04-05 00:00:00+00:00,2016-04-06 00:00:00+00:00,0.7545461654663086,0.7283447915688157,15850.444155592664,2016-04-13 00:00:00+00:00,0.7686986327171326,native,219.4940705012587,4.8288213217807305,0.5285149681602128,5
EURCHF,1,2016-04-05 00:00:00+00:00,2016-04-06 00:00:00+00:00,1.0887000560760498,1.0753829875029624,31185.79824701838,2016-04-14 00:00:00+00:00,1.0899499654769897,native,25.390834400161552,13.588588004603068,0.06113803440756576,6
AUDCAD,1,2016-04-11 00:00:00+00:00,2016-04-12 00:00:00+00:00,0.979960024356842,0.9574267724528909,18601.300064878127,2016-04-15 00:00:00+00:00,0.9873600006103516,native,130.3302367428916,7.31894202161166,0.31094101634249705,3
NZDJPY,-1,2016-04-13 00:00:00+00:00,2016-04-14 00:00:00+00:00,75.6240005493164,78.76298403739929,135.1320611707584,2016-04-18 00:00:00+00:00,74.47000122070312,native,151.885805499474,4.05650236571004,0.358071500702841,2
CADJPY,-1,2016-04-13 00:00:00+00:00,2016-04-14 00:00:00+00:00,85.36199951171875,88.81116688251495,122.97962468191278,2016-04-18 00:00:00+00:00,83.27999877929688,native,251.89576272962236,4.147905931087376,0.593845445166336,2
AUDJPY,-1,2016-04-14 00:00:00+00:00,2016-04-15 00:00:00+00:00,84.04000091552734,87.64068698883057,118.59575268091501,2016-04-18 00:00:00+00:00,82.61199951171875,native,165.40205742879354,3.9528438852898846,0.38733479546126925,1
EURUSD,1,2016-04-13 00:00:00+00:00,2016-04-14 00:00:00+00:00,1.128006100654602,1.1011405140161514,15788.872003208933,2016-04-20 00:00:00+00:00,1.1358860731124878,native,117.26701577423466,7.148860752135004,0.27645754113190885,4
USDCHF,-1,2016-04-13 00:00:00+00:00,2016-04-14 00:00:00+00:00,0.9664999842643738,0.9888990432955325,18937.28250528543,2016-04-20 00:00:00+00:00,0.9617999792098999,native,81.70197126019248,7.3033522326487805,0.19261278144664298,4
GBPCHF,-1,2016-04-13 00:00:00+00:00,2016-04-14 00:00:00+00:00,1.3714599609375,1.4089216338470578,11322.967603440746,2016-04-22 00:00:00+00:00,1.4089216338470578,stop,-430.4737428702067,6.296434144589693,-1.0148438731046374,6
EURGBP,1,2016-04-12 00:00:00+00:00,2016-04-13 00:00:00+00:00,0.7976999878883362,0.777636940125376,21136.3780951803,2016-04-25 00:00:00+00:00,0.7774800062179565,stop_gap,-434.0358976474382,6.658719984678896,-1.0235243374694067,8
EURUSD,1,2016-04-22 00:00:00+00:00,2016-04-25 00:00:00+00:00,1.1233052015304565,1.0978945400565863,16580.70919630269,2016-04-27 00:00:00+00:00,1.1298030614852905,native,100.26749973003268,7.471626579370156,0.23798035751447072,2
USDCHF,-1,2016-04-21 00:00:00+00:00,2016-04-22 00:00:00+00:00,0.9746999740600586,0.9966567382216454,19549.856002507688,2016-04-28 00:00:00+00:00,0.9708999991416931,native,66.6817226042706,7.607239862915412,0.15534415265489804,4
USDJPY,-1,2016-04-22 00:00:00+00:00,2016-04-25 00:00:00+00:00,111.4530029296875,114.49096977710724,138.68709223794997,2016-04-29 00:00:00+00:00,108.08999633789062,native,460.31604935544317,6.089556037923758,1.0925392404339092,4
GBPJPY,-1,2016-04-22 00:00:00+00:00,2016-04-25 00:00:00+00:00,161.0030059814453,167.07202887535095,69.42250766709435,2016-04-29 00:00:00+00:00,157.92999267578125,native,208.90806406463219,4.428225708914141,0.49583380365139285,4
AUDCAD,1,2016-04-22 00:00:00+00:00,2016-04-25 00:00:00+00:00,0.9768000245094299,0.9540220308117568,18497.09829478865,2016-04-29 00:00:00+00:00,0.9540220308117568,stop,-428.4697094533398,7.14292106940437,-1.0169533988019186,4
GBPNZD,-1,2016-04-21 00:00:00+00:00,2016-04-22 00:00:00+00:00,2.0740599632263184,2.1345545891672373,7095.697691548074,2016-05-02 00:00:00+00:00,2.0852699279785156,native,-85.44519051598323,5.9026695014818085,-0.19905620611984093,6
GBPCHF,-1,2016-04-22 00:00:00+00:00,2016-04-25 00:00:00+00:00,1.413409948348999,1.4485723534598947,11982.308578015347,2016-05-02 00:00:00+00:00,1.3997000455856323,native,157.53477508300037,6.741510402244726,0.3739016350876942,5
EURGBP,1,2016-04-25 00:00:00+00:00,2016-04-26 00:00:00+00:00,0.7777000069618225,0.7595100170001388,23202.672344988667,2016-05-02 00:00:00+00:00,0.7848399877548218,native,158.41561418480424,7.251020704670124,0.3753423068642506,4
GBPAUD,-1,2016-04-22 00:00:00+00:00,2016-04-25 00:00:00+00:00,1.87322998046875,1.9287041313946247,7595.011034002446,2016-05-03 00:00:00+00:00,1.9287041313946247,stop,-427.10193468996596,5.775146306030525,-1.013707047510988,6
AUDCHF,1,2016-04-27 00:00:00+00:00,2016-04-28 00:00:00+00:00,0.7380800247192383,0.7131856046617031,16706.80793739727,2016-05-03 00:00:00+00:00,0.7131856046617031,stop,-420.7554978413731,4.849203227242671,-1.0116593648377976,3
GBPUSD,-1,2016-04-19 00:00:00+00:00,2016-04-20 00:00:00+00:00,1.438807487487793,1.4779002200812101,11009.476990917936,2016-05-04 00:00:00+00:00,1.454545497894287,native,-179.6381240769578,6.370860623833546,-0.41738399751359734,10
EURCAD,-1,2016-04-29 00:00:00+00:00,2016-05-02 00:00:00+00:00,1.4372700452804565,1.4790901569649577,10109.310499532176,2016-05-04 00:00:00+00:00,1.4790901569649577,stop,-428.6689723063314,5.89647816259547,-1.0139471660154664,2
EURAUD,-1,2016-04-29 00:00:00+00:00,2016-05-02 00:00:00+00:00,1.504699945449829,1.5523938685655594,8864.28430552609,2016-05-06 00:00:00+00:00,1.5523938685655594,stop,-428.1922838869554,5.419789743219501,-1.0128196366090383,4
NZDCAD,-1,2016-05-02 00:00:00+00:00,2016-05-03 00:00:00+00:00,0.8809300065040588,0.9033837895840406,18786.85142480438,2016-05-10 00:00:00+00:00,0.877240002155304,native,62.71746771049393,6.606095746446096,0.1486774115137535,5
CADCHF,1,2016-04-29 00:00:00+00:00,2016-05-02 00:00:00+00:00,0.7642499804496765,0.7419949294999242,18996.69855163557,2016-05-11 00:00:00+00:00,0.755079984664917,native,-179.97209631239528,5.772450669549784,-0.425694904009549,7
GBPCAD,-1,2016-05-03 00:00:00+00:00,2016-05-04 00:00:00+00:00,1.8476300239562988,1.89161810092628,9352.581353546315,2016-05-12 00:00:00+00:00,1.856510043144226,native,-89.9797561406395,6.9286542644976326,-0.21871488512473305,6
USDCAD,-1,2016-05-04 00:00:00+00:00,2016-05-05 00:00:00+00:00,1.2860000133514404,1.3226923253387213,11022.839141163779,2016-05-12 00:00:00+00:00,1.2861000299453735,native,-6.772835832819954,5.670369006448235,-0.016745649682839796,5
AUDNZD,1,2016-04-28 00:00:00+00:00,2016-04-29 00:00:00+00:00,1.0962599515914917,1.0691141188144684,15555.279280128374,2016-05-13 00:00:00+00:00,1.0729999542236328,max_hold,-368.5644438453237,6.748688733227846,-0.8728356040370505,10
EURCAD,-1,2016-05-04 00:00:00+00:00,2016-05-05 00:00:00+00:00,1.4778599739074707,1.5216478798538446,9236.647517433632,2016-05-13 00:00:00+00:00,1.4605599641799927,native,154.36586205562497,5.428229845262612,0.38166533380992784,6
GBPJPY,-1,2016-05-10 00:00:00+00:00,2016-05-11 00:00:00+00:00,157.77999877929688,163.58578860759735,70.05532297279919,2016-05-16 00:00:00+00:00,155.9219970703125,native,125.76761087962201,4.39529892729122,0.3092191351921498,3
NZDCHF,1,2016-05-03 00:00:00+00:00,2016-05-04 00:00:00+00:00,0.660539984703064,0.6388044329360127,18927.61098761007,2016-05-17 00:00:00+00:00,0.6634399890899658,native,49.87819931777284,5.011955579868129,0.12123954433666342,9
AUDCHF,1,2016-05-03 00:00:00+00:00,2016-05-04 00:00:00+00:00,0.7150099873542786,0.6877207262441516,15075.603065527339,2016-05-18 00:00:00+00:00,0.7172499895095825,native,29.450946779719963,4.318436579568187,0.07158677371466923,10
GBPAUD,-1,2016-05-03 00:00:00+00:00,2016-05-04 00:00:00+00:00,1.9397900104522705,1.999489188194275,6891.251839777741,2016-05-18 00:00:00+00:00,1.9753999710083008,max_hold,-250.79331822872032,5.396112032563909,-0.6096063619100107,10
USDCHF,-1,2016-05-06 00:00:00+00:00,2016-05-09 00:00:00+00:00,0.9727799892425537,0.9945475431159139,18581.798324344538,2016-05-23 00:00:00+00:00,0.9911199808120728,max_hold,-348.0885832495302,7.29855863454827,-0.8605822993485616,10
GBPCHF,-1,2016-05-17 00:00:00+00:00,2016-05-18 00:00:00+00:00,1.4169800281524658,1.4491830067709088,12639.127779083268,2016-05-24 00:00:00+00:00,1.4491830067709088,stop,-414.2627217924039,7.245160166816326,-1.01780060825356,4
USDJPY,-1,2016-05-18 00:00:00+00:00,2016-05-19 00:00:00+00:00,110.20099639892578,113.28115725517273,130.13802348826366,2016-05-24 00:00:00+00:00,109.34300231933594,native,105.94344927007334,5.714204412380894,0.26429959922226964,3
GBPJPY,-1,2016-05-18 00:00:00+00:00,2016-05-19 00:00:00+00:00,160.81900024414062,166.77381896972656,67.31456729918399,2016-05-24 00:00:00+00:00,158.30499267578125,native,164.93299295134656,4.296338699638479,0.41146219266889594,3
EURCAD,-1,2016-05-23 00:00:00+00:00,2016-05-24 00:00:00+00:00,1.4742799997329712,1.5100730173289776,11369.934902382625,2016-05-25 00:00:00+00:00,1.4616999626159668,native,136.35782288057572,6.676380209321443,0.33506091215602646,1
AUDUSD,1,2016-05-13 00:00:00+00:00,2016-05-16 00:00:00+00:00,0.727219820022583,0.7015604730695486,15799.98131110961,2016-05-27 00:00:00+00:00,0.7225955128669739,native,-77.64537766829774,4.5814110328430315,-0.191519691876098,9
GBPCAD,-1,2016-05-18 00:00:00+00:00,2016-05-19 00:00:00+00:00,1.901419997215271,1.9462982267141342,8931.859619552264,2016-05-27 00:00:00+00:00,1.9028600454330444,native,-19.658167585418582,6.795859058879811,-0.04904169016647259,6
EURGBP,1,2016-05-18 00:00:00+00:00,2016-05-19 00:00:00+00:00,0.7685999870300293,0.749990320764482,21539.66869357544,2016-06-01 00:00:00+00:00,0.7688000202178955,native,-2.314368766766239,6.623017361124157,-0.005773709858639115,9
GBPNZD,-1,2016-05-18 00:00:00+00:00,2016-05-19 00:00:00+00:00,2.1608400344848633,2.22094208560884,6669.42372783655,2016-06-01 00:00:00+00:00,2.1347899436950684,native,168.0092183252588,5.729875300495848,0.4191365240130619,9
GBPAUD,-1,2016-05-18 00:00:00+00:00,2016-05-19 00:00:00+00:00,2.020699977874756,2.080064158886671,6752.321669820398,2016-06-01 00:00:00+00:00,2.001120090484619,native,126.77837335712302,5.431324559940313,0.3162769713389348,9
GBPUSD,-1,2016-05-25 00:00:00+00:00,2016-05-26 00:00:00+00:00,1.4697452783584595,1.5057130139321089,10968.90686202429,2016-06-01 00:00:00+00:00,1.4484986066818237,native,226.65077367389117,6.4019890751357575,0.5744877338001165,4
NZDUSD,1,2016-05-25 00:00:00+00:00,2016-05-26 00:00:00+00:00,0.6708257794380188,0.6520140785723925,20972.412030332503,2016-06-01 00:00:00+00:00,0.6785181164741516,native,155.66706256682724,5.659799231136827,0.3945665684336432,4
EURUSD,1,2016-05-18 00:00:00+00:00,2016-05-19 00:00:00+00:00,1.1221959590911865,1.1000049053691328,18063.407482968214,2016-06-02 00:00:00+00:00,1.1192944049835205,native,-60.509744943737104,8.097790763085642,-0.15095507506936584,10
CADJPY,-1,2016-05-27 00:00:00+00:00,2016-05-30 00:00:00+00:00,84.87100219726562,87.83231741189957,134.0131342219401,2016-06-02 00:00:00+00:00,83.6719970703125,native,156.1650398945606,4.51739511660286,0.3935064127388599,3
AUDJPY,-1,2016-05-30 00:00:00+00:00,2016-05-31 00:00:00+00:00,79.76000213623047,82.59169727563858,140.7090323456622,2016-06-02 00:00:00+00:00,79.31800079345703,native,57.7168388651904,4.476742371943349,0.14485519167619088,2
EURJPY,-1,2016-05-30 00:00:00+00:00,2016-05-31 00:00:00+00:00,123.5790023803711,126.40423429012299,141.03092974021425,2016-06-02 00:00:00+00:00,122.4219970703125,native,156.23478465801796,6.938749933910369,0.39211121265643034,2
CHFJPY,-1,2016-05-30 00:00:00+00:00,2016-05-31 00:00:00+00:00,111.78500366210938,114.48974823951721,147.31338637006928,2016-06-02 00:00:00+00:00,110.68499755859375,native,155.49106228751666,6.554561849115045,0.39024465085833066,2
EURCAD,-1,2016-06-01 00:00:00+00:00,2016-06-02 00:00:00+00:00,1.4628599882125854,1.4980838745832443,11773.072439702328,2016-06-07 00:00:00+00:00,1.4558299779891968,native,75.8924299315776,6.872389680225184,0.1830085460279588,3
CADCHF,1,2016-06-01 00:00:00+00:00,2016-06-02 00:00:00+00:00,0.75586998462677,0.7365497495047748,21464.1987134774,2016-06-10 00:00:00+00:00,0.757319986820221,native,24.627253167532928,6.495882047675881,0.05938665818074374,6
AUDCAD,-1,2016-06-01 00:00:00+00:00,2016-06-02 00:00:00+00:00,0.9478499889373779,0.969432779122144,19214.07576589966,2016-06-10 00:00:00+00:00,0.9439100027084351,native,68.43350995743353,7.269683962076072,0.16502195499855452,6
EURCHF,1,2016-06-07 00:00:00+00:00,2016-06-08 00:00:00+00:00,1.09621000289917,1.083070834632963,31584.37672751463,2016-06-14 00:00:00+00:00,1.083070834632963,stop,-428.7586857996202,13.7662453935337,-1.0331722799096361,4
NZDJPY,-1,2016-06-08 00:00:00+00:00,2016-06-09 00:00:00+00:00,76.07599639892578,78.79406869411469,152.1490979937872,2016-06-14 00:00:00+00:00,74.73899841308594,native,198.8337644801254,4.589273084917056,0.48079478577173657,3
USDCAD,-1,2016-06-15 00:00:00+00:00,2016-06-16 00:00:00+00:00,1.2909400463104248,1.3208659160882235,13783.118963257668,2016-06-20 00:00:00+00:00,1.2849899530410767,native,74.90997344948703,7.100869924417198,0.1816123410892432,2
CADCHF,1,2016-06-13 00:00:00+00:00,2016-06-14 00:00:00+00:00,0.7503899931907654,0.7325528911314905,23277.341114211384,2016-06-21 00:00:00+00:00,0.7516099810600281,native,21.405560637193194,6.992513150834488,0.051554780107028124,5
EURGBP,1,2016-06-17 00:00:00+00:00,2016-06-20 00:00:00+00:00,0.7780600190162659,0.7574113472364843,20065.71854665456,2016-06-24 00:00:00+00:00,0.7782400250434875,native,-2.633705452718157,6.245655731649821,-0.006356533872497798,4
GBPCHF,-1,2016-06-17 00:00:00+00:00,2016-06-20 00:00:00+00:00,1.3992999792099,1.4406265253201127,10025.769760443509,2016-06-24 00:00:00+00:00,1.3996700048446655,native,-9.32215754492678,5.612365725304663,-0.02249933079567849,4
GBPNZD,-1,2016-06-17 00:00:00+00:00,2016-06-20 00:00:00+00:00,2.058729887008667,2.1268238369375467,6084.687945523655,2016-06-24 00:00:00+00:00,2.015929937362671,native,255.46573097691947,4.958606703092363,0.6165748605415429,4
GBPAUD,-1,2016-06-17 00:00:00+00:00,2016-06-20 00:00:00+00:00,1.9633100032806396,2.0224608033895493,7004.64635359915,2016-06-24 00:00:00+00:00,1.9271299839019775,native,247.97800955986912,5.4502312540230085,0.5985030010759426,4
GBPUSD,-1,2016-06-17 00:00:00+00:00,2016-06-20 00:00:00+00:00,1.4587039947509766,1.4980005081743002,10543.694597837492,2016-06-24 00:00:00+00:00,1.4560067653656006,native,22.29239888057723,6.146364019139993,0.05380343061422263,4
GBPCAD,-1,2016-06-17 00:00:00+00:00,2016-06-20 00:00:00+00:00,1.8741799592971802,1.9221765138208866,8632.503737131798,2016-06-24 00:00:00+00:00,1.8651200532913208,native,71.75376818705843,6.455904266585443,0.17318005606498674,4
GBPJPY,-1,2016-06-22 00:00:00+00:00,2016-06-23 00:00:00+00:00,154.67599487304688,160.93042635917664,64.70693361925484,2016-06-27 00:00:00+00:00,137.33399963378906,native,1118.368320505946,3.7790142661425605,2.763415552426416,2
AUDJPY,-1,2016-06-23 00:00:00+00:00,2016-06-24 00:00:00+00:00,79.16000366210938,82.5686274766922,123.29805450698215,2016-06-27 00:00:00+00:00,75.9260025024414,native,394.9216906921153,3.824360568269391,0.9396707095491162,1
NZDJPY,-1,2016-06-23 00:00:00+00:00,2016-06-24 00:00:00+00:00,75.53299713134766,78.6526426076889,134.71937374663977,2016-06-27 00:00:00+00:00,72.44999694824219,native,411.3526186712335,3.987235257511009,0.978766211560236,1
AUDCAD,-1,2016-06-15 00:00:00+00:00,2016-06-16 00:00:00+00:00,0.957260012626648,0.9794583250768483,18581.224322871174,2016-06-28 00:00:00+00:00,0.9609500169754028,native,-75.69333672826805,7.128538171683413,-0.18351153331200779,8
USDCAD,-1,2016-06-24 00:00:00+00:00,2016-06-27 00:00:00+00:00,1.3024100065231323,1.3372214557603002,12586.675856300848,2016-06-30 00:00:00+00:00,1.2934000492095947,native,106.87088823339812,6.534523951206815,0.24390812472482518,3
USDCHF,-1,2016-06-24 00:00:00+00:00,2016-06-27 00:00:00+00:00,0.972819983959198,0.9951932281255722,19584.125769960297,2016-07-04 00:00:00+00:00,0.9743000268936157,native,-36.61187560892741,7.626528636349592,-0.08355815199111788,5
AUDNZD,-1,2016-07-06 00:00:00+00:00,2016-07-07 00:00:00+00:00,1.0538899898529053,1.074263708665967,21593.59838796228,2016-07-08 00:00:00+00:00,1.0359599590301514,native,378.14840857287595,9.025476097456846,0.8595416965188608,1
USDCAD,-1,2016-07-11 00:00:00+00:00,2016-07-12 00:00:00+00:00,1.312000036239624,1.345690906047821,13164.860087218089,2016-07-14 00:00:00+00:00,1.297510027885437,native,183.88816566741446,6.870766978078787,0.4145961924071056,2
EURCAD,-1,2016-07-11 00:00:00+00:00,2016-07-12 00:00:00+00:00,1.4507800340652466,1.485872126184404,12639.189072442365,2016-07-14 00:00:00+00:00,1.439479947090149,native,135.51782733923525,7.306108474067351,0.30553991886432025,2
EURCHF,-1,2016-07-08 00:00:00+00:00,2016-07-11 00:00:00+00:00,1.0859299898147583,1.1047644950449467,23559.06780567005,2016-07-18 00:00:00+00:00,1.0876400470733643,native,-50.52881168296,10.241456775884007,-0.1138745743395422,5
NZDJPY,-1,2016-07-11 00:00:00+00:00,2016-07-12 00:00:00+00:00,74.10900115966797,77.83428728580475,119.06081096153332,2016-07-18 00:00:00+00:00,74.58300018310547,native,-59.975386178116395,3.540678052672802,-0.13522113648447287,4
GBPCAD,-1,2016-07-12 00:00:00+00:00,2016-07-13 00:00:00+00:00,1.7325799465179443,1.8068031687289476,5938.456093057128,2016-07-20 00:00:00+00:00,1.7071399688720703,native,146.98886512038615,4.085325137991557,0.333480990523834,5
GBPCHF,-1,2016-07-12 00:00:00+00:00,2016-07-13 00:00:00+00:00,1.3121299743652344,1.3755936827510595,6945.250402097738,2016-07-20 00:00:00+00:00,1.2922699451446533,native,134.31523401227352,3.617641917639873,0.3047276897074383,5
AUDJPY,-1,2016-07-12 00:00:00+00:00,2016-07-13 00:00:00+00:00,79.60099792480469,84.03653192520142,99.37278040160254,2016-07-22 00:00:00+00:00,79.38200378417969,native,18.60234006228289,3.1597165832829015,0.0422040593683781,7
CADJPY,-1,2016-07-18 00:00:00+00:00,2016-07-19 00:00:00+00:00,81.89800262451172,85.77491474151611,113.0655969120666,2016-07-22 00:00:00+00:00,80.90899658203125,native,108.14098443334487,3.6815741093500267,0.2467026885763364,3
AUDNZD,-1,2016-07-14 00:00:00+00:00,2016-07-15 00:00:00+00:00,1.0631999969482422,1.0877608200535178,18015.21880972721,2016-07-25 00:00:00+00:00,1.0667400360107422,native,-71.44884545498981,7.6742671490707375,-0.1614777750766789,6
NZDCAD,1,2016-07-14 00:00:00+00:00,2016-07-15 00:00:00+00:00,0.9241799712181091,0.8951601544395089,15247.119089836197,2016-07-25 00:00:00+00:00,0.9201300144195557,native,-67.37425641415476,5.624082797918312,-0.15226901084156821,6
USDJPY,-1,2016-07-12 00:00:00+00:00,2016-07-13 00:00:00+00:00,104.73200225830078,108.45214998722076,118.48221584287153,2016-07-26 00:00:00+00:00,105.58799743652344,native,-106.40404138661701,4.983835919982967,-0.241404170909724,9
EURJPY,-1,2016-07-12 00:00:00+00:00,2016-07-13 00:00:00+00:00,115.822998046875,120.9990359544754,85.15612792132856,2016-07-26 00:00:00+00:00,116.0250015258789,native,-21.15048968059436,3.9486555819843128,-0.04798517386314934,9
GBPJPY,-1,2016-07-12 00:00:00+00:00,2016-07-13 00:00:00+00:00,138.9429931640625,148.7014331817627,45.1682180128975,2016-07-26 00:00:00+00:00,138.36300659179688,native,23.691876369995448,2.505083570651431,0.053750944962827146,9
GBPNZD,-1,2016-07-18 00:00:00+00:00,2016-07-19 00:00:00+00:00,1.8835599422454834,1.9761587381362915,4733.81298825548,2016-07-27 00:00:00+00:00,1.8604700565338135,native,105.75849331190979,3.544707567327918,0.24126749702294742,6
EURAUD,-1,2016-07-20 00:00:00+00:00,2016-07-21 00:00:00+00:00,1.4755699634552002,1.5149877797812223,11089.669335127815,2016-07-27 00:00:00+00:00,1.4621299505233765,native,142.52967514339574,6.515624130371169,0.3260574569307965,4
USDCAD,-1,2016-07-20 00:00:00+00:00,2016-07-21 00:00:00+00:00,1.3069499731063843,1.3391576232388616,13572.25836626927,2016-08-01 00:00:00+00:00,1.305999994277954,native,5.800631690845113,7.092726411095021,0.013269792524302831,7
CADCHF,1,2016-07-22 00:00:00+00:00,2016-07-25 00:00:00+00:00,0.7522199749946594,0.7338358853012323,24272.387093950856,2016-08-04 00:00:00+00:00,0.7440099716186523,native,-206.53979447423916,7.263414489151945,-0.4628594348281535,8
EURCAD,-1,2016-07-25 00:00:00+00:00,2016-07-26 00:00:00+00:00,1.452970027923584,1.486652672290802,13206.450678338375,2016-08-04 00:00:00+00:00,1.4574700593948364,native,-67.11676036915175,7.6873166930859105,-0.15088243765273818,7
AUDCHF,1,2016-08-01 00:00:00+00:00,2016-08-02 00:00:00+00:00,0.7288100123405457,0.7061778944917023,19652.36874081247,2016-08-04 00:00:00+00:00,0.7381600141525269,native,177.98379615784705,5.76588717847226,0.4001661650566849,2
AUDNZD,-1,2016-08-05 00:00:00+00:00,2016-08-08 00:00:00+00:00,1.0688899755477905,1.0927452351897955,18823.94857904782,2016-08-11 00:00:00+00:00,1.0579899549484253,native,197.17417158391928,8.007255689093915,0.43909162048364225,3
USDCHF,-1,2016-08-05 00:00:00+00:00,2016-08-08 00:00:00+00:00,0.9804499745368958,1.0016399887390435,21191.59414227399,2016-08-11 00:00:00+00:00,0.9737600088119507,native,133.48847350157791,8.282564967181754,0.29726849959528806,3
EURCHF,-1,2016-08-08 00:00:00+00:00,2016-08-09 00:00:00+00:00,1.0894900560379028,1.1034132591448724,32181.625228766945,2016-08-12 00:00:00+00:00,1.0859800577163696,native,98.95541775773796,14.0020327794446,0.2208474784974681,3
AUDJPY,-1,2016-08-08 00:00:00+00:00,2016-08-09 00:00:00+00:00,78.34600067138672,81.39211285114288,147.0961271059841,2016-08-15 00:00:00+00:00,77.51200103759766,native,118.09289445220624,4.58522168597389,0.2635582624903625,4
AUDCAD,1,2016-08-12 00:00:00+00:00,2016-08-15 00:00:00+00:00,0.9919700026512146,0.9695756207220256,20297.505654833058,2016-08-23 00:00:00+00:00,0.9872400164604187,native,-104.04152676596615,8.034605311004125,-0.22888902273910008,6
NZDCHF,1,2016-08-18 00:00:00+00:00,2016-08-19 00:00:00+00:00,0.6948500275611877,0.6743534049019217,21955.715144962338,2016-08-23 00:00:00+00:00,0.7018600106239319,native,147.7760377489206,6.133153547700392,0.32837805364311407,2
AUDCHF,1,2016-08-16 00:00:00+00:00,2016-08-17 00:00:00+00:00,0.7400199770927429,0.7195077193900943,22137.653198497508,2016-08-25 00:00:00+00:00,0.7359099984169006,native,-97.5200077676364,6.534725188619882,-0.21475767001383753,6
CADCHF,1,2016-08-22 00:00:00+00:00,2016-08-23 00:00:00+00:00,0.7441499829292297,0.7277334597893059,27561.332823319626,2016-08-25 00:00:00+00:00,0.7477899789810181,native,92.09917189038372,8.22397076852383,0.20355150910607428,2
GBPUSD,-1,2016-08-18 00:00:00+00:00,2016-08-19 00:00:00+00:00,1.3163090944290161,1.3567279055714607,11133.875436233493,2016-08-29 00:00:00+00:00,1.3126804828643799,native,34.546340671787945,5.854168495348164,0.07676657381738831,6
EURAUD,-1,2016-08-17 00:00:00+00:00,2016-08-18 00:00:00+00:00,1.4744999408721924,1.5103315263986588,12617.496420672724,2016-08-30 00:00:00+00:00,1.4771100282669067,native,-40.38115400461828,7.448385644166902,-0.08931810695840545,8
EURCAD,-1,2016-08-22 00:00:00+00:00,2016-08-23 00:00:00+00:00,1.464359998703003,1.492587842978537,16028.898758426581,2016-08-30 00:00:00+00:00,1.455989956855774,native,124.80055461766207,9.361998755365441,0.27582594618695566,5
GBPCHF,-1,2016-08-22 00:00:00+00:00,2016-08-23 00:00:00+00:00,1.2648299932479858,1.3025842253118753,11984.385149073933,2016-09-01 00:00:00+00:00,1.3025842253118753,stop,-458.61503422765423,6.153776166486011,-1.0136006697962505,7
GBPAUD,-1,2016-08-18 00:00:00+00:00,2016-08-19 00:00:00+00:00,1.7139999866485596,1.773848032578826,7519.343389506412,2016-09-02 00:00:00+00:00,1.7578999996185303,max_hold,-335.32055396714793,5.221281642152968,-0.7451269673730788,10
NZDJPY,-1,2016-08-24 00:00:00+00:00,2016-08-25 00:00:00+00:00,73.5250015258789,75.80816775560379,196.96735527723737,2016-09-02 00:00:00+00:00,75.80816775560379,stop,-455.5919658089201,5.882751881708327,-1.0130812349392078,6
EURUSD,1,2016-08-30 00:00:00+00:00,2016-08-31 00:00:00+00:00,1.1150758266448975,1.0952051728963852,22452.08809797367,2016-09-02 00:00:00+00:00,1.1200717687606812,native,102.13258637114839,10.036746144804011,0.2289261669130114,2
EURCAD,-1,2016-09-01 00:00:00+00:00,2016-09-02 00:00:00+00:00,1.466130018234253,1.4906659666448832,17811.11079457339,2016-09-05 00:00:00+00:00,1.4499000310897827,native,278.6865523668976,10.387546857763141,0.6377084298003505,1
GBPCAD,-1,2016-08-22 00:00:00+00:00,2016-08-23 00:00:00+00:00,1.6992700099945068,1.751386683434248,8681.698738587327,2016-09-06 00:00:00+00:00,1.7211300134658813,max_hold,-195.7209410767747,5.938976513828024,-0.43256950200654565,10
CADJPY,-1,2016-08-26 00:00:00+00:00,2016-08-29 00:00:00+00:00,78.31300354003906,80.60171836614609,196.6578388067762,2016-09-07 00:00:00+00:00,79.0250015258789,native,-146.20833553772792,6.188350407686607,-0.3248397652570899,7
USDCHF,-1,2016-08-26 00:00:00+00:00,2016-08-29 00:00:00+00:00,0.9781399965286255,0.9973182575777173,23468.953217140002,2016-09-07 00:00:00+00:00,0.9700000286102295,native,181.89236484377176,9.144161422084348,0.40412109802495577,7
AUDJPY,-1,2016-08-29 00:00:00+00:00,2016-08-30 00:00:00+00:00,77.12200164794922,79.32199114561081,205.60716221569925,2016-09-07 00:00:00+00:00,78.0199966430664,native,-191.01386383176336,6.379661201817717,-0.4222853771633305,6
USDJPY,-1,2016-08-30 00:00:00+00:00,2016-08-31 00:00:00+00:00,102.87300109863281,105.66984647512436,159.51459893917257,2016-09-07 00:00:00+00:00,101.54299926757812,native,205.63324140602046,6.521467263033179,0.46091880581491335,5
GBPNZD,-1,2016-09-02 00:00:00+00:00,2016-09-05 00:00:00+00:00,1.822849988937378,1.8793872389942408,7675.36000362403,2016-09-07 00:00:00+00:00,1.8087999820709229,native,102.2640165665044,5.574844186927896,0.23566191951064147,2
EURJPY,-1,2016-09-02 00:00:00+00:00,2016-09-05 00:00:00+00:00,115.99199676513672,118.58933264017105,167.0726346840296,2016-09-07 00:00:00+00:00,114.19599914550781,native,292.3704312077614,7.691622989885603,0.6737519152865226,2
EURGBP,1,2016-08-24 00:00:00+00:00,2016-08-25 00:00:00+00:00,0.8507000207901001,0.8276641103439033,19522.0942092809,2016-09-08 00:00:00+00:00,0.8424800038337708,native,-167.08282941414384,6.610883990795951,-0.3715352593180073,10
GBPCHF,-1,2016-09-02 00:00:00+00:00,2016-09-05 00:00:00+00:00,1.3027000427246094,1.3367097042500973,12759.425655445715,2016-09-08 00:00:00+00:00,1.2933900356292725,native,112.16541971470414,6.624923669919319,0.2584791698993548,3
GBPUSD,-1,2016-09-05 00:00:00+00:00,2016-09-06 00:00:00+00:00,1.3312033414840698,1.3660556329414248,12498.567110066919,2016-09-12 00:00:00+00:00,1.3271400928497314,native,44.13968897804063,6.645096763125357,0.10132992121315268,4
GBPNZD,-1,2016-09-14 00:00:00+00:00,2016-09-15 00:00:00+00:00,1.8231099843978882,1.876680962741375,8168.651726311526,2016-09-16 00:00:00+00:00,1.8090100288391113,native,109.24372163285854,5.9339046832598115,0.24964135376399044,1
EURAUD,-1,2016-09-09 00:00:00+00:00,2016-09-12 00:00:00+00:00,1.490280032157898,1.521415377035737,14447.585816622985,2016-09-19 00:00:00+00:00,1.4873100519180298,native,34.305246735887295,8.603797653282523,0.07626259584948511,5
AUDCHF,1,2016-09-09 00:00:00+00:00,2016-09-12 00:00:00+00:00,0.7351800203323364,0.7179472632706165,26103.226862750093,2016-09-19 00:00:00+00:00,0.7349200248718262,native,-14.461591487165025,7.674870998180684,-0.03214897462819531,5
EURCAD,-1,2016-09-09 00:00:00+00:00,2016-09-12 00:00:00+00:00,1.4668099880218506,1.4941517617553473,16452.135528487728,2016-09-19 00:00:00+00:00,1.4724400043487549,native,-102.2971794831457,9.671387845317543,-0.2274126904122848,5
GBPAUD,-1,2016-09-12 00:00:00+00:00,2016-09-13 00:00:00+00:00,1.76242995262146,1.8106334283947945,9339.97156303885,2016-09-19 00:00:00+00:00,1.7344800233840942,native,254.51933631906422,6.532207946879749,0.5653232843686189,4
GBPCAD,-1,2016-09-12 00:00:00+00:00,2016-09-13 00:00:00+00:00,1.7377899885177612,1.778897280804813,10952.292596133611,2016-09-19 00:00:00+00:00,1.7173700332641602,native,216.07694003239087,7.568384705003798,0.47993730921214367,4
NZDCHF,1,2016-09-13 00:00:00+00:00,2016-09-14 00:00:00+00:00,0.7077199816703796,0.6891923169605434,23915.24079749686,2016-09-19 00:00:00+00:00,0.7123299837112427,native,103.45714151087577,6.792167373315716,0.23348825205640003,3
CADCHF,1,2016-09-09 00:00:00+00:00,2016-09-12 00:00:00+00:00,0.7470200061798096,0.7318441751413047,29641.24771232637,2016-09-20 00:00:00+00:00,0.7422900199890137,native,-149.03169383848854,8.829001481224273,-0.3313062845304991,6
USDCAD,-1,2016-09-13 00:00:00+00:00,2016-09-14 00:00:00+00:00,1.3159799575805664,1.3443117458373308,15639.449191677017,2016-09-22 00:00:00+00:00,1.3076599836349487,native,121.9133530869853,8.206456711578905,0.2751413319458719,6
EURUSD,1,2016-09-16 00:00:00+00:00,2016-09-19 00:00:00+00:00,1.116071343421936,1.0960585591383278,22676.699082933603,2016-09-23 00:00:00+00:00,1.1209505796432495,native,100.4993169470208,10.145654598254932,0.22145003783058834,4
NZDCAD,1,2016-09-22 00:00:00+00:00,2016-09-23 00:00:00+00:00,0.953499972820282,0.930007129907608,19370.92342710113,2016-09-27 00:00:00+00:00,0.9621000289916992,native,159.16964137488085,7.421388190410935,0.3497633811964901,2
AUDNZD,-1,2016-09-21 00:00:00+00:00,2016-09-22 00:00:00+00:00,1.0391499996185303,1.0587825584225357,23240.04196471374,2016-10-04 00:00:00+00:00,1.0587825584225357,stop,-466.01269861739803,9.751208137602724,-1.0213719727416586,8
NZDCHF,1,2016-09-22 00:00:00+00:00,2016-09-23 00:00:00+00:00,0.7081300020217896,0.6900883382186294,25223.730256330946,2016-10-04 00:00:00+00:00,0.7101799845695496,native,44.55319311055649,7.155013704328059,0.09790230932761045,7
EURNZD,-1,2016-09-23 00:00:00+00:00,2016-09-26 00:00:00+00:00,1.5534700155258179,1.5930659584701061,11389.00509731433,2016-10-04 00:00:00+00:00,1.5367499589920044,native,183.38590288266425,7.038906208321207,0.4066581407485496,6
NZDJPY,-1,2016-10-03 00:00:00+00:00,2016-10-04 00:00:00+00:00,74.27300262451172,76.5186658501625,202.78769509171693,2016-10-10 00:00:00+00:00,73.90599822998047,native,68.4141996466681,6.009775608855206,0.15023116133657263,4
CADJPY,-1,2016-10-04 00:00:00+00:00,2016-10-05 00:00:00+00:00,77.91000366210938,80.42394375801086,179.20288694606265,2016-10-10 00:00:00+00:00,77.78500366210938,native,16.820161909140158,5.5801989591176735,0.037336211267793976,3
AUDJPY,-1,2016-09-28 00:00:00+00:00,2016-09-29 00:00:00+00:00,77.63800048828125,79.85033655166626,205.70852380852068,2016-10-12 00:00:00+00:00,78.0999984741211,native,-101.44425044311384,6.407326773489743,-0.2229071766238721,9
CHFJPY,-1,2016-09-29 00:00:00+00:00,2016-09-30 00:00:00+00:00,104.71199798583984,107.44019132852554,166.51067040191396,2016-10-12 00:00:00+00:00,104.51799774169922,native,25.335305338634022,6.967805371356425,0.055771063807865194,8
EURJPY,-1,2016-09-30 00:00:00+00:00,2016-10-03 00:00:00+00:00,114.05400085449219,117.06089198589325,151.5790712167773,2016-10-12 00:00:00+00:00,114.25,native,-36.630590116275854,6.9212216809196505,-0.08036870479115396,7
USDJPY,-1,2016-09-30 00:00:00+00:00,2016-10-03 00:00:00+00:00,101.53900146484375,104.27769958972931,166.42278344086688,2016-10-12 00:00:00+00:00,104.27769958972931,stop,-462.6322826013614,6.85051765362377,-1.0150302582956765,7
AUDNZD,-1,2016-10-05 00:00:00+00:00,2016-10-06 00:00:00+00:00,1.0627000331878662,1.0827605021186173,22171.34215455797,2016-10-18 00:00:00+00:00,1.065250039100647,native,-65.97295541651317,9.435901828104999,-0.14833132453235504,8
NZDUSD,1,2016-10-06 00:00:00+00:00,2016-10-07 00:00:00+00:00,0.7161784768104553,0.6956827761605382,21725.387424476834,2016-10-18 00:00:00+00:00,0.7172572016716003,native,17.20732644017243,6.2283890926180945,0.038644091215872194,7
NZDCAD,1,2016-10-12 00:00:00+00:00,2016-10-13 00:00:00+00:00,0.9351000189781189,0.911545904353261,18829.978202380848,2016-10-18 00:00:00+00:00,0.9402999877929688,native,90.85255118703402,7.062748249648895,0.20484271603245388,3
USDCHF,-1,2016-10-04 00:00:00+00:00,2016-10-05 00:00:00+00:00,0.9784200191497803,0.9980433508753777,22957.63681186478,2016-10-19 00:00:00+00:00,0.9903900027275085,max_hold,-283.8423807082351,9.03984508676367,-0.6300533342141902,10
CADJPY,-1,2016-10-18 00:00:00+00:00,2016-10-19 00:00:00+00:00,79.24400329589844,81.6321063041687,187.44975099756138,2016-10-20 00:00:00+00:00,78.75599670410156,native,85.55330198596987,5.92341213152294,0.19111679446669122,1
NZDJPY,-1,2016-10-17 00:00:00+00:00,2016-10-18 00:00:00+00:00,74.47000122070312,76.63953101634979,207.01107207829017,2016-10-24 00:00:00+00:00,74.33399963378906,native,21.99301916214339,6.1608151492854475,0.04896949880861032,4
AUDJPY,-1,2016-10-18 00:00:00+00:00,2016-10-19 00:00:00+00:00,79.7030029296875,82.10825204849243,186.1134926760545,2016-10-24 00:00:00+00:00,78.98400115966797,native,127.9091721439264,5.906758514673859,0.28573521296751714,3
GBPCHF,-1,2016-10-18 00:00:00+00:00,2016-10-19 00:00:00+00:00,1.2181400060653687,1.2530010314658284,12840.968075795165,2016-10-26 00:00:00+00:00,1.2110400199890137,native,84.93208991207976,6.2386046329847185,0.1897290740924928,5
EURGBP,1,2016-10-18 00:00:00+00:00,2016-10-19 00:00:00+00:00,0.8920999765396118,0.8684076108038425,18894.242949363004,2016-10-26 00:00:00+00:00,0.8939800262451172,native,28.77278999277413,6.749325899922724,0.06427529111832614,5
CADCHF,1,2016-10-21 00:00:00+00:00,2016-10-24 00:00:00+00:00,0.7445200085639954,0.7265991517342627,25161.02162097855,2016-11-02 00:00:00+00:00,0.7265991517342627,stop,-458.31003835922456,7.402972199860057,-1.0164179556175854,7
USDJPY,-1,2016-10-27 00:00:00+00:00,2016-10-28 00:00:00+00:00,105.23500061035156,107.65083819627762,186.90931430235662,2016-11-02 00:00:00+00:00,104.08300018310547,native,207.49491313270022,7.82469679988904,0.45952461107266734,3
EURJPY,-1,2016-10-27 00:00:00+00:00,2016-10-28 00:00:00+00:00,114.65599822998047,117.37150633335114,166.28289419973206,2016-11-03 00:00:00+00:00,114.69300079345703,native,-13.780256415577854,7.627363067885742,-0.03051817933387251,4
EURNZD,-1,2016-10-28 00:00:00+00:00,2016-10-31 00:00:00+00:00,1.5331599712371826,1.5683698933571577,12733.305782219039,2016-11-03 00:00:00+00:00,1.5231900215148926,native,119.16693064022982,7.783487807039023,0.26579666072110714,3
GBPCAD,-1,2016-10-21 00:00:00+00:00,2016-10-24 00:00:00+00:00,1.63100004196167,1.6767880879342556,9847.702748209273,2016-11-04 00:00:00+00:00,1.6767880879342556,stop,-457.4218890108185,6.514822851454023,-1.014448260717989,9
EURCAD,-1,2016-10-26 00:00:00+00:00,2016-10-27 00:00:00+00:00,1.4589699506759644,1.4912768257781863,13955.310966359793,2016-11-04 00:00:00+00:00,1.4912768257781863,stop,-459.08681064143803,8.234322238583648,-1.0182638944009244,6
CHFJPY,-1,2016-10-27 00:00:00+00:00,2016-10-28 00:00:00+00:00,105.87000274658203,108.28062200546265,187.31392151117882,2016-11-04 00:00:00+00:00,105.74099731445312,native,16.236976137042692,7.927537251266958,0.03595890632556842,5
EURAUD,-1,2016-10-28 00:00:00+00:00,2016-10-31 00:00:00+00:00,1.4460300207138062,1.4824334364384413,12315.841686755744,2016-11-08 00:00:00+00:00,1.4313700199127197,native,173.46272831992863,7.087520673964168,0.3869010781707982,6
AUDCHF,1,2016-10-28 00:00:00+00:00,2016-10-31 00:00:00+00:00,0.7499399781227112,0.7297656773589551,22223.25869787863,2016-11-08 00:00:00+00:00,0.7517300248146057,native,33.10627052442998,6.6744001908240325,0.07384209786261332,6
EURUSD,-1,2016-10-28 00:00:00+00:00,2016-10-31 00:00:00+00:00,1.0984183549880981,1.117338883690536,23695.886725617405,2016-11-08 00:00:00+00:00,1.1050456762313843,native,-167.48286029273595,10.44260681754983,-0.37356324237489874,6
GBPAUD,-1,2016-11-04 00:00:00+00:00,2016-11-07 00:00:00+00:00,1.6260499954223633,1.6744407564401627,9007.001707992255,2016-11-08 00:00:00+00:00,1.6060099601745605,native,174.67839779710525,5.822233908078973,0.400771197823276,1
USDCAD,1,2016-11-04 00:00:00+00:00,2016-11-07 00:00:00+00:00,1.3358800411224365,1.3127378677017987,18833.82598583737,2016-11-10 00:00:00+00:00,1.3410899639129639,native,88.03926178761165,10.083517448828584,0.20199177944762908,3
GBPUSD,-1,2016-11-02 00:00:00+00:00,2016-11-03 00:00:00+00:00,1.2306177616119385,1.2624279111623764,13826.209079615732,2016-11-11 00:00:00+00:00,1.2624279111623764,stop,-446.70765268156094,6.893874143361789,-1.015674529720908,6
GBPJPY,-1,2016-11-04 00:00:00+00:00,2016-11-07 00:00:00+00:00,130.093994140625,134.04980432987213,110.1811376903592,2016-11-11 00:00:00+00:00,134.04980432987213,stop,-441.6763999842305,5.820732845866468,-1.013354725623009,4
CADJPY,-1,2016-11-08 00:00:00+00:00,2016-11-09 00:00:00+00:00,78.95099639892578,81.09282022714615,206.03271692487485,2016-11-16 00:00:00+00:00,81.09282022714615,stop,-447.88063497597796,6.594852473299212,-1.0149446293871007,5
USDJPY,-1,2016-11-09 00:00:00+00:00,2016-11-10 00:00:00+00:00,105.8499984741211,109.02383029460907,139.26178979688092,2016-11-16 00:00:00+00:00,109.02383029460907,stop,-447.9782426304168,5.984742794968376,-1.0135403411977697,4
NZDCAD,1,2016-11-10 00:00:00+00:00,2016-11-11 00:00:00+00:00,0.9712299704551697,0.9486442827619612,19193.136691463005,2016-11-16 00:00:00+00:00,0.9486442827619612,stop,-440.859872960927,7.369681794483371,-1.0170008040427694,3
GBPUSD,-1,2016-11-11 00:00:00+00:00,2016-11-14 00:00:00+00:00,1.257703423500061,1.2940732864663005,11805.374533636297,2016-11-16 00:00:00+00:00,1.2451750040054321,native,141.9932009988324,5.909483449772202,0.33070907691603696,2
AUDNZD,-1,2016-11-11 00:00:00+00:00,2016-11-14 00:00:00+00:00,1.0613399744033813,1.0858739838004112,17500.59874459264,2016-11-17 00:00:00+00:00,1.055840015411377,native,88.84219193641735,7.410383494365764,0.2069177895829784,3
EURGBP,1,2016-11-09 00:00:00+00:00,2016-11-10 00:00:00+00:00,0.8791999816894531,0.8538821469992399,17457.792312954167,2016-11-18 00:00:00+00:00,0.8538821469992399,stop,-448.04465740823633,6.051157572787942,-1.013690603085884,6
CADCHF,-1,2016-11-08 00:00:00+00:00,2016-11-09 00:00:00+00:00,0.7365300059318542,0.7542279530316591,24934.292096937275,2016-11-22 00:00:00+00:00,0.7542279530316591,stop,-448.7199813816048,7.434198878926056,-1.0168466766292905,9
CHFJPY,-1,2016-11-10 00:00:00+00:00,2016-11-11 00:00:00+00:00,108.18000030517578,110.80999636650085,164.8254145856165,2016-11-23 00:00:00+00:00,110.80999636650085,stop,-440.70921456474605,7.219023398302376,-1.0166532566258935,8
AUDCHF,1,2016-11-18 00:00:00+00:00,2016-11-21 00:00:00+00:00,0.7404900193214417,0.713877946138382,15241.271918796883,2016-11-23 00:00:00+00:00,0.7488099932670593,native,122.2672199703586,4.539765292105793,0.3014464107293441,2
EURJPY,-1,2016-11-10 00:00:00+00:00,2016-11-11 00:00:00+00:00,116.27799987792969,119.07415109872818,155.03102548318276,2016-11-24 00:00:00+00:00,119.07415109872818,stop,-440.78756822956046,7.297377063116825,-1.0168340073473887,9
EURAUD,-1,2016-11-18 00:00:00+00:00,2016-11-21 00:00:00+00:00,1.4447599649429321,1.4922436252236366,8541.92455485063,2016-11-24 00:00:00+00:00,1.4298700094223022,native,122.27790220947408,4.910974472828007,0.30147274749107544,3
GBPNZD,-1,2016-11-10 00:00:00+00:00,2016-11-11 00:00:00+00:00,1.740380048751831,1.800567053258419,7202.388534205826,2016-11-25 00:00:00+00:00,1.7760000228881836,max_hold,-261.6141604103516,5.06526710197798,-0.6035065285015913,10
CADJPY,-1,2016-11-16 00:00:00+00:00,2016-11-17 00:00:00+00:00,81.00599670410156,83.9831954240799,140.05221353728805,2016-11-25 00:00:00+00:00,83.9831954240799,stop,-421.5846911868022,4.621420313456143,-1.0110835189482672,6
AUDCAD,1,2016-11-16 00:00:00+00:00,2016-11-17 00:00:00+00:00,1.005679965019226,0.9808927997946739,16821.740892755908,2016-11-25 00:00:00+00:00,1.0004500150680542,native,-94.72618270513824,6.749319744443559,-0.22718111959053486,6
NZDCAD,1,2016-11-16 00:00:00+00:00,2016-11-17 00:00:00+00:00,0.9523900151252747,0.928696065209806,17597.879305093404,2016-11-28 00:00:00+00:00,0.9524000287055969,native,-6.527835280652762,6.704053058575851,-0.0156556601903567,7
GBPAUD,-1,2016-11-18 00:00:00+00:00,2016-11-21 00:00:00+00:00,1.681879997253418,1.7450380343943834,6422.014712088867,2016-11-29 00:00:00+00:00,1.6554399728775024,native,165.51176194069203,4.28646358942575,0.4080646193035785,6
GBPJPY,-1,2016-11-23 00:00:00+00:00,2016-11-24 00:00:00+00:00,139.82000732421875,144.99173402786255,77.61060747471751,2016-11-29 00:00:00+00:00,138.5800018310547,native,91.91622083014802,4.321358766301538,0.22900001473368223,3
AUDUSD,-1,2016-11-28 00:00:00+00:00,2016-11-29 00:00:00+00:00,0.7495689988136292,0.7709989254362881,18846.437629713568,2016-12-01 00:00:00+00:00,0.7390437126159668,native,192.7531405349773,5.611009324151336,0.47725612109946763,2
EURCHF,-1,2016-11-22 00:00:00+00:00,2016-11-23 00:00:00+00:00,1.0747699737548828,1.0876761237159371,31501.69806676143,2016-12-05 00:00:00+00:00,1.0722299814224243,native,66.4872426815275,13.52682886746917,0.16353384609600627,8
GBPNZD,-1,2016-12-02 00:00:00+00:00,2016-12-05 00:00:00+00:00,1.7864400148391724,1.8455104772001505,6882.474069983498,2016-12-08 00:00:00+00:00,1.7577300071716309,native,192.7173516656614,4.87853165522044,0.4740300404629453,3
GBPAUD,-1,2016-12-02 00:00:00+00:00,2016-12-05 00:00:00+00:00,1.7025400400161743,1.7642049361020327,6592.907007178153,2016-12-08 00:00:00+00:00,1.686769962310791,native,99.50157467479744,4.469081132768091,0.24474566021978614,3
GBPCHF,-1,2016-12-02 00:00:00+00:00,2016-12-05 00:00:00+00:00,1.285099983215332,1.3220908557996154,10990.57408216164,2016-12-08 00:00:00+00:00,1.2715599536895752,native,143.1928654895968,5.619832087889618,0.3522138470426749,3
EURGBP,1,2016-12-02 00:00:00+00:00,2016-12-05 00:00:00+00:00,0.8341900110244751,0.8076884225010872,15340.624775853834,2016-12-08 00:00:00+00:00,0.8518499732017517,native,265.74187196635097,5.172981351020212,0.6536496544402939,3
GBPUSD,-1,2016-12-01 00:00:00+00:00,2016-12-02 00:00:00+00:00,1.2589701414108276,1.2955126352608204,11080.83713471825,2016-12-09 00:00:00+00:00,1.2583681344985962,native,1.0918974587423165,5.578843089668952,0.002696566289483825,5
USDCAD,1,2016-12-01 00:00:00+00:00,2016-12-02 00:00:00+00:00,1.3307199478149414,1.3031809758394957,14703.578013342265,2016-12-15 00:00:00+00:00,1.3287099599838257,native,-37.37463990474561,7.82062702406696,-0.09230096951120244,9
AUDCAD,1,2016-12-01 00:00:00+00:00,2016-12-02 00:00:00+00:00,0.987559974193573,0.9641298069618642,17282.05432098753,2016-12-16 00:00:00+00:00,0.9821100234985352,max_hold,-100.9943327372546,6.807988778906879,-0.24941711413256817,10
EURGBP,1,2016-12-16 00:00:00+00:00,2016-12-19 00:00:00+00:00,0.836329996585846,0.811704627238214,16685.24485173838,2016-12-20 00:00:00+00:00,0.8397499918937683,native,51.47029810470478,5.5931609997762415,0.12526834691001637,1
NZDCAD,1,2016-12-09 00:00:00+00:00,2016-12-12 00:00:00+00:00,0.9353100061416626,0.9117538267746568,17372.752537784276,2016-12-23 00:00:00+00:00,0.9307199716567993,native,-86.22514865190186,6.483615406475954,-0.21069802547754332,9
AUDNZD,-1,2016-12-16 00:00:00+00:00,2016-12-19 00:00:00+00:00,1.0468499660491943,1.0671672550961375,20223.186084540655,2016-12-23 00:00:00+00:00,1.0457199811935425,native,14.388207720958828,8.463686287601458,0.035018001887921736,4
GBPNZD,-1,2016-12-16 00:00:00+00:00,2016-12-19 00:00:00+00:00,1.7937999963760376,1.8496201913803816,7360.78254649158,2016-12-23 00:00:00+00:00,1.7788200378417969,native,105.00476148738336,5.259455838623358,0.2555604566821561,4
NZDCHF,1,2016-12-16 00:00:00+00:00,2016-12-19 00:00:00+00:00,0.7146999835968018,0.6960367849096656,22015.5357084065,2016-12-28 00:00:00+00:00,0.7087799906730652,native,-136.5995504467843,6.2677348407479645,-0.3324558143865875,7
EURJPY,1,2016-12-19 00:00:00+00:00,2016-12-20 00:00:00+00:00,121.76699829101562,118.3977324962616,121.795518873571,2016-12-28 00:00:00+00:00,122.88800048828125,native,130.57346777011253,5.959576504267469,0.31819133983997,6
EURNZD,-1,2016-12-16 00:00:00+00:00,2016-12-19 00:00:00+00:00,1.5003199577331543,1.54064931999892,10188.118384369176,2016-12-29 00:00:00+00:00,1.5037599802017212,native,-41.1685405634072,6.1211844087577845,-0.10019594233911333,8
NZDJPY,1,2016-12-19 00:00:00+00:00,2016-12-20 00:00:00+00:00,81.06500244140625,78.70870363712311,174.15510925401753,2016-12-29 00:00:00+00:00,81.05799865722656,native,-6.866654592789357,5.646909793784321,-0.01673318525126926,7
EURAUD,-1,2016-12-23 00:00:00+00:00,2016-12-26 00:00:00+00:00,1.456380009651184,1.4957775389775634,10300.275450058303,2016-12-29 00:00:00+00:00,1.449620008468628,native,63.64335409414654,5.986520128901697,0.15683219949518679,3
AUDCHF,1,2016-12-16 00:00:00+00:00,2016-12-19 00:00:00+00:00,0.7483400106430054,0.7280623372644186,20262.69530327979,2017-01-02 00:00:00+00:00,0.734000027179718,max_hold,-296.57395647511333,6.007240904450817,-0.7218013229421082,10
GBPJPY,1,2016-12-26 00:00:00+00:00,2016-12-27 00:00:00+00:00,143.843994140625,139.27955424785614,88.93919712388005,2017-01-02 00:00:00+00:00,144.06500244140625,native,14.53502182904781,5.121279000149557,0.03580428383420046,4
CADJPY,1,2016-12-28 00:00:00+00:00,2016-12-29 00:00:00+00:00,86.38300323486328,84.15569508075714,183.77269373422504,2017-01-02 00:00:00+00:00,86.7969970703125,native,69.71561129847122,6.365151031395214,0.17032121697611566,2
AUDJPY,1,2016-12-19 00:00:00+00:00,2016-12-20 00:00:00+00:00,84.87300109863281,82.30578464269638,159.84685465307044,2017-01-03 00:00:00+00:00,84.53399658203125,native,-59.6046408390392,5.41583514709483,-0.14524911418179556,10
CADCHF,1,2016-12-23 00:00:00+00:00,2016-12-26 00:00:00+00:00,0.7587000131607056,0.7417757478542626,23977.726463491967,2017-01-03 00:00:00+00:00,0.7616000175476074,native,62.24484427630695,7.290667655752473,0.15338594224069102,6
EURCAD,-1,2016-12-23 00:00:00+00:00,2016-12-26 00:00:00+00:00,1.4129799604415894,1.4484493974596262,11440.988023212702,2017-01-03 00:00:00+00:00,1.405500054359436,native,79.1282766820714,6.449239218600578,0.19499069228745014,6
USDJPY,1,2016-12-29 00:00:00+00:00,2016-12-30 00:00:00+00:00,116.31500244140625,113.44573509693146,141.46667677515157,2017-01-03 00:00:00+00:00,117.48799896240234,native,159.3248529684011,6.61506672573058,0.3925168990906579,2
USDCHF,1,2016-12-29 00:00:00+00:00,2016-12-30 00:00:00+00:00,1.0169199705123901,0.9972296128980815,20614.44103520747,2017-01-04 00:00:00+00:00,1.0262199640274048,native,183.29053040163166,8.42363754144965,0.4515593724740432,3
NZDUSD,-1,2016-12-29 00:00:00+00:00,2016-12-30 00:00:00+00:00,0.6972042322158813,0.7156056961975992,22058.33820643767,2017-01-04 00:00:00+00:00,0.6921373009681702,native,105.63877004613556,6.129313084644892,0.2602544528974645,3
USDCAD,1,2016-12-30 00:00:00+00:00,2017-01-02 00:00:00+00:00,1.343400001525879,1.3194530885666609,17153.615692079282,2017-01-06 00:00:00+00:00,1.3194530885666609,stop,-419.91165362448163,9.13551171038264,-1.0222396356025298,4
NZDCAD,1,2017-01-03 00:00:00+00:00,2017-01-04 00:00:00+00:00,0.9287099838256836,0.9081833846867085,20271.610648724516,2017-01-12 00:00:00+00:00,0.9300000071525574,native,18.6150415609565,7.535809049201031,0.044736165131930336,6
AUDUSD,-1,2017-01-04 00:00:00+00:00,2017-01-05 00:00:00+00:00,0.7289161086082458,0.746969853527844,22887.991579810012,2017-01-12 00:00:00+00:00,0.746969853527844,stop,-419.9699747986253,6.756013094826125,-1.016349914864854,5
NZDUSD,-1,2017-01-05 00:00:00+00:00,2017-01-06 00:00:00+00:00,0.7019514441490173,0.7206758907996118,21961.96349125332,2017-01-17 00:00:00+00:00,0.7206758907996118,stop,-417.47435165263647,6.24873791836016,-1.0151954005530355,7
EURCHF,-1,2017-01-09 00:00:00+00:00,2017-01-10 00:00:00+00:00,1.0736500024795532,1.0855807713232934,34432.49563651194,2017-01-17 00:00:00+00:00,1.0719000101089478,native,45.481276375527656,14.775328289274343,0.1107122588148041,5
AUDNZD,-1,2017-01-03 00:00:00+00:00,2017-01-04 00:00:00+00:00,1.044659972190857,1.0636653187684715,21894.219291841804,2017-01-18 00:00:00+00:00,1.0480799674987793,native,-84.04190868079439,9.163781432072138,-0.2019717599036852,10
USDJPY,1,2017-01-05 00:00:00+00:00,2017-01-06 00:00:00+00:00,115.31800079345703,112.18176639080048,131.12081590137095,2017-01-19 00:00:00+00:00,114.73799896240234,native,-82.08333939037851,6.033026078198775,-0.1996065824912811,9
USDCAD,1,2017-01-09 00:00:00+00:00,2017-01-10 00:00:00+00:00,1.3214999437332153,1.2964748302474618,16415.755572344733,2017-01-19 00:00:00+00:00,1.3263499736785889,native,70.92361469450736,8.693291407297075,0.17264496979607127,7
AUDCAD,-1,2017-01-11 00:00:00+00:00,2017-01-12 00:00:00+00:00,0.980180025100708,0.9996387739665806,20801.813707729056,2017-01-19 00:00:00+00:00,0.9996387739665806,stop,-413.01403326001787,8.23676436665152,-1.0203488807293213,5
CHFJPY,1,2017-01-13 00:00:00+00:00,2017-01-16 00:00:00+00:00,113.10900115966797,110.61281371116638,160.1467524167592,2017-01-19 00:00:00+00:00,113.81400299072266,native,105.63555725860897,7.268196432667966,0.2642498785980856,3
EURJPY,1,2017-01-13 00:00:00+00:00,2017-01-16 00:00:00+00:00,121.41200256347656,118.6951989531517,147.14214593273636,2017-01-19 00:00:00+00:00,121.9530029296875,native,72.4421050040343,7.161849830639267,0.18121566212635995,3
USDCHF,1,2017-01-05 00:00:00+00:00,2017-01-06 00:00:00+00:00,1.0098999738693237,0.9871149687096477,18048.0807817435,2017-01-20 00:00:00+00:00,1.0061299800872803,max_hold,-75.3182466184757,7.2770942934846845,-0.18315553336895124,10
CADJPY,1,2017-01-17 00:00:00+00:00,2017-01-18 00:00:00+00:00,86.43599700927734,84.19070786237717,174.59621770769277,2017-01-25 00:00:00+00:00,86.56800079345703,native,17.006192707942528,6.041168732933483,0.04338104281740915,5
CADCHF,1,2017-01-18 00:00:00+00:00,2017-01-19 00:00:00+00:00,0.7597600221633911,0.7426540469750762,23452.268538069977,2017-01-25 00:00:00+00:00,0.760890007019043,native,19.368169711337476,7.1325385673620785,0.0482787353964777,4
EURCAD,-1,2017-01-18 00:00:00+00:00,2017-01-19 00:00:00+00:00,1.4097100496292114,1.441942454315722,12446.292097152063,2017-01-25 00:00:00+00:00,1.4110000133514404,native,-23.07674155463839,7.021476273046678,-0.05752303474897384,4
AUDUSD,-1,2017-01-12 00:00:00+00:00,2017-01-13 00:00:00+00:00,0.7487832307815552,0.7678583790548146,21052.2917100653,2017-01-27 00:00:00+00:00,0.7531821727752686,native,-98.93177283013112,6.323962762820841,-0.24635903255402378,10
EURUSD,-1,2017-01-23 00:00:00+00:00,2017-01-24 00:00:00+00:00,1.0757546424865723,1.1015760591253638,15168.187196323304,2017-01-27 00:00:00+00:00,1.0682847499847412,native,106.80048963192603,6.504238172259235,0.27268390119072544,3
GBPCAD,-1,2017-01-19 00:00:00+00:00,2017-01-20 00:00:00+00:00,1.643399953842163,1.6911718118935823,8287.114567435998,2017-01-31 00:00:00+00:00,1.6378999948501587,native,40.1402885619532,5.438501720987027,0.10139230919283929,7
GBPUSD,-1,2017-01-23 00:00:00+00:00,2017-01-24 00:00:00+00:00,1.2514861822128296,1.2889296328648925,10460.149223182492,2017-01-31 00:00:00+00:00,1.250156283378601,native,8.677429559139402,5.233510698627308,0.022155285548302567,5
GBPAUD,-1,2017-01-23 00:00:00+00:00,2017-01-24 00:00:00+00:00,1.6504000425338745,1.6968597136437893,8430.194874278051,2017-01-31 00:00:00+00:00,1.6528400182724,native,-26.138862450103346,5.569391485823795,-0.06673796169049835,5
EURGBP,1,2017-01-24 00:00:00+00:00,2017-01-25 00:00:00+00:00,0.8560900092124939,0.8338826862163842,17954.59547901006,2017-01-31 00:00:00+00:00,0.8563600182533264,native,-1.3013664004102958,6.149269504233693,-0.003263831695217912,4
GBPCHF,-1,2017-01-25 00:00:00+00:00,2017-01-26 00:00:00+00:00,1.2618900537490845,1.2929155621677637,12710.978140881205,2017-01-31 00:00:00+00:00,1.2431700229644775,native,231.58154932442193,6.368352775340057,0.5872270817742754,3
GBPNZD,-1,2017-01-26 00:00:00+00:00,2017-01-27 00:00:00+00:00,1.7388700246810913,1.7871043626219034,8206.114065445352,2017-01-31 00:00:00+00:00,1.714050054550171,native,198.0084947894718,5.667011205807668,0.5002532872884684,2
AUDCAD,1,2017-01-25 00:00:00+00:00,2017-01-26 00:00:00+00:00,0.9900799989700317,0.9677096633240581,17628.906671793153,2017-02-03 00:00:00+00:00,0.9972400069236755,native,119.21625620190568,7.006855782177517,0.3022996194374138,6
AUDCHF,1,2017-01-31 00:00:00+00:00,2017-02-01 00:00:00+00:00,0.7491000294685364,0.7325552785769105,24364.110730762375,2017-02-03 00:00:00+00:00,0.7594000101089478,native,243.5992164473665,7.350652400325051,0.6043173873084124,2
USDCHF,1,2017-01-23 00:00:00+00:00,2017-01-24 00:00:00+00:00,0.9973000288009644,0.9754613125696778,17934.39124825217,2017-02-07 00:00:00+00:00,0.9913300275802612,max_hold,-114.20131154046783,7.132973895834935,-0.29157974143447374,10
AUDNZD,-1,2017-02-02 00:00:00+00:00,2017-02-03 00:00:00+00:00,1.0505399703979492,1.068156423047185,23148.96963524822,2017-02-07 00:00:00+00:00,1.0445899963378906,native,128.03574885043764,9.700019996373316,0.31396491545937777,2
CHFJPY,1,2017-02-06 00:00:00+00:00,2017-02-07 00:00:00+00:00,112.76100158691406,110.20323169231415,159.85378043111538,2017-02-10 00:00:00+00:00,113.24099731445312,native,69.50367685602832,7.2254547818744665,0.1699900091391136,3
EURJPY,1,2017-02-06 00:00:00+00:00,2017-02-07 00:00:00+00:00,120.0979995727539,117.32099395990372,147.23383533425687,2017-02-10 00:00:00+00:00,120.87999725341797,native,108.04049480588662,7.0960229407767335,0.26424220314977603,3
USDJPY,1,2017-02-06 00:00:00+00:00,2017-02-07 00:00:00+00:00,111.7979965209961,108.19511032104492,113.48379172515442,2017-02-10 00:00:00+00:00,113.43699645996094,native,180.88782350449364,5.112104206533509,0.44241001572302074,3
CADJPY,1,2017-02-06 00:00:00+00:00,2017-02-07 00:00:00+00:00,85.4540023803711,83.21205776929855,182.37256402560718,2017-02-10 00:00:00+00:00,86.33200073242188,native,153.8569999034805,6.265810770278199,0.37629883774185974,3
CADCHF,1,2017-02-07 00:00:00+00:00,2017-02-08 00:00:00+00:00,0.7561699748039246,0.740326683036983,25788.327275093852,2017-02-10 00:00:00+00:00,0.7623000144958496,native,150.25170957638448,7.831760208294168,0.36774843130909757,2
NZDJPY,1,2017-02-08 00:00:00+00:00,2017-02-09 00:00:00+00:00,81.0009994506836,78.90063810348511,193.9487052948762,2017-02-13 00:00:00+00:00,81.94200134277344,native,176.1855818427034,6.320516808150595,0.4325033371723473,2
NZDUSD,1,2017-02-08 00:00:00+00:00,2017-02-09 00:00:00+00:00,0.7236518263816833,0.702307861763984,19085.599664213507,2017-02-16 00:00:00+00:00,0.7219799757003784,native,-37.42642276900728,5.518149967278753,-0.09187501370271262,5
GBPNZD,-1,2017-02-09 00:00:00+00:00,2017-02-10 00:00:00+00:00,1.7376600503921509,1.7922996934503317,7607.764914563713,2017-02-16 00:00:00+00:00,1.7259999513626099,native,83.43715008981503,5.270142207465511,0.20072179127363457,4
NZDCAD,1,2017-02-13 00:00:00+00:00,2017-02-14 00:00:00+00:00,0.9384700059890747,0.9153703218325973,17921.767861470904,2017-02-16 00:00:00+00:00,0.9434199929237366,native,81.96715762005607,6.745359140267828,0.19799443593677032,2
GBPCHF,-1,2017-02-10 00:00:00+00:00,2017-02-13 00:00:00+00:00,1.2538299560546875,1.2849435023963451,13384.03233644853,2017-02-17 00:00:00+00:00,1.2449699640274048,native,111.89361600728928,6.688803786538745,0.2687007116277471,4
EURGBP,1,2017-02-10 00:00:00+00:00,2017-02-13 00:00:00+00:00,0.8506399989128113,0.8295375001616776,19733.43134617953,2017-02-17 00:00:00+00:00,0.8545399904251099,native,70.23040430813117,6.729810450495801,0.16865090510856223,4
USDCHF,1,2017-02-16 00:00:00+00:00,2017-02-17 00:00:00+00:00,0.9975200295448303,0.9773269211873412,20816.042428152297,2017-02-22 00:00:00+00:00,1.0091700553894043,native,234.15316308009395,8.354269189628713,0.5570557849958387,3
GBPJPY,1,2017-02-17 00:00:00+00:00,2017-02-20 00:00:00+00:00,140.3260040283203,135.93386030197144,95.88616821372041,2017-02-22 00:00:00+00:00,141.9029998779297,native,145.79971775931438,5.412371548669089,0.3461976983371934,2
USDCAD,-1,2017-02-21 00:00:00+00:00,2017-02-22 00:00:00+00:00,1.3145999908447266,1.3380687609314919,18059.707729752103,2017-02-24 00:00:00+00:00,1.309999942779541,native,73.59562205830642,9.47990154175621,0.1736404619157599,2
GBPCHF,-1,2017-02-21 00:00:00+00:00,2017-02-22 00:00:00+00:00,1.25996994972229,1.288816872984171,14692.697890031232,2017-02-27 00:00:00+00:00,1.2508800029754639,native,126.17760942715168,7.378231960437462,0.29770165359834916,3
GBPNZD,-1,2017-02-21 00:00:00+00:00,2017-02-22 00:00:00+00:00,1.7431600093841553,1.7894669119268656,9152.828310051831,2017-02-27 00:00:00+00:00,1.7243200540542603,native,166.09142656573914,6.34744993783589,0.39187374496642896,3
CHFJPY,1,2017-02-22 00:00:00+00:00,2017-02-23 00:00:00+00:00,112.13700103759766,109.73569351434708,176.60936378173105,2017-03-01 00:00:00+00:00,112.2770004272461,native,16.798480331157506,7.926722804483703,0.03961033246866782,4
USDJPY,1,2017-02-24 00:00:00+00:00,2017-02-27 00:00:00+00:00,112.17400360107422,109.33357411623001,148.6564668500366,2017-03-01 00:00:00+00:00,113.03399658203125,native,121.1477929421865,6.695725122716571,0.286911322836486,2
EURJPY,1,2017-02-17 00:00:00+00:00,2017-02-20 00:00:00+00:00,119.96900177001953,117.42695248126984,165.6717806485434,2017-03-02 00:00:00+00:00,120.21099853515625,native,32.133825326042306,7.958209665345235,0.0763009458290571,8
AUDJPY,1,2017-02-24 00:00:00+00:00,2017-02-27 00:00:00+00:00,86.01399993896484,83.78711539506912,189.61387679979433,2017-03-02 00:00:00+00:00,87.38899993896484,native,254.1431575886035,6.575923011113702,0.6018809568275387,3
NZDJPY,1,2017-02-24 00:00:00+00:00,2017-02-27 00:00:00+00:00,80.6240005493164,78.68318861722946,217.5626626015063,2017-03-02 00:00:00+00:00,81.20800018310547,native,120.01479509075813,7.041720194694925,0.2842280720365367,3
EURNZD,-1,2017-03-01 00:00:00+00:00,2017-03-02 00:00:00+00:00,1.4800900220870972,1.5098530761897564,14584.532820576847,2017-03-06 00:00:00+00:00,1.5098530761897564,stop,-442.80162405053306,8.7213846496952,-1.0200916417244272,2
NZDCHF,1,2017-03-01 00:00:00+00:00,2017-03-02 00:00:00+00:00,0.7190700173377991,0.704067278187722,28933.39909856441,2017-03-08 00:00:00+00:00,0.704067278187722,stop,-442.3154792695361,8.2352398686983,-1.0189716995181937,4
CADJPY,1,2017-02-23 00:00:00+00:00,2017-02-24 00:00:00+00:00,85.99700164794922,84.0230376124382,214.5052193967925,2017-03-10 00:00:00+00:00,85.24500274658203,native,-168.65415006843457,7.346460744519088,-0.3983088283787051,10
GBPJPY,1,2017-02-24 00:00:00+00:00,2017-02-27 00:00:00+00:00,139.09500122070312,134.94044756889343,101.63503638223118,2017-03-10 00:00:00+00:00,139.96099853515625,native,82.34329522378452,5.672373337573333,0.19501159027012255,9
EURAUD,-1,2017-02-28 00:00:00+00:00,2017-03-01 00:00:00+00:00,1.3831499814987183,1.4119490580633283,14870.71786009911,2017-03-10 00:00:00+00:00,1.4119490580633283,stop,-436.57596806538,8.31302584167224,-1.0194110323870371,7
EURCAD,-1,2017-02-28 00:00:00+00:00,2017-03-01 00:00:00+00:00,1.4068700075149536,1.4341899994760752,15675.807768653765,2017-03-10 00:00:00+00:00,1.4341899994760752,stop,-437.170124329468,8.907182105760299,-1.020798395629355,7
EURCHF,-1,2017-03-03 00:00:00+00:00,2017-03-06 00:00:00+00:00,1.0700600147247314,1.0788722469005734,47603.65932308944,2017-03-13 00:00:00+00:00,1.0793100595474243,stop_gap,-460.7995586177577,20.46357615497903,-1.0984638902370356,5
EURNZD,-1,2017-03-06 00:00:00+00:00,2017-03-07 00:00:00+00:00,1.5123399496078491,1.5445293691009283,13016.797383408704,2017-03-13 00:00:00+00:00,1.5445293691009283,stop,-426.9612811407964,7.958129709838152,-1.018993006813099,4
AUDUSD,1,2017-03-02 00:00:00+00:00,2017-03-03 00:00:00+00:00,0.757260262966156,0.7395508605986834,24283.398218835922,2017-03-14 00:00:00+00:00,0.7571169137954712,native,-10.835849803443043,7.354844807363814,-0.02519704486791339,7
CADCHF,1,2017-02-28 00:00:00+00:00,2017-03-01 00:00:00+00:00,0.7559900283813477,0.741079131141305,28721.473653082576,2017-03-15 00:00:00+00:00,0.7493399977684021,max_hold,-199.6457383789592,8.64705933705083,-0.4661756101107439,10
GBPNZD,-1,2017-03-08 00:00:00+00:00,2017-03-09 00:00:00+00:00,1.7599999904632568,1.8025507302954793,9653.85064741825,2017-03-15 00:00:00+00:00,1.754729986190796,native,44.08969850546955,6.786135652124412,0.10733205333533645,4
EURAUD,-1,2017-03-10 00:00:00+00:00,2017-03-13 00:00:00+00:00,1.4172999858856201,1.4468414839357138,13613.537157745293,2017-03-15 00:00:00+00:00,1.4025100469589233,native,193.66586540738768,7.677517731982434,0.4815590900639099,2
NZDJPY,1,2017-03-03 00:00:00+00:00,2017-03-06 00:00:00+00:00,80.072998046875,78.20421075820923,224.4741822244768,2017-03-16 00:00:00+00:00,79.64600372314453,native,-103.01976009549747,7.17055846160698,-0.24558071797038683,8
USDCHF,1,2017-03-13 00:00:00+00:00,2017-03-14 00:00:00+00:00,1.0075700283050537,0.9907416645437479,24002.828752438847,2017-03-22 00:00:00+00:00,0.9907416645437479,stop,-413.5213602178602,9.593026671489191,-1.0237493284693977,6
USDJPY,1,2017-03-15 00:00:00+00:00,2017-03-16 00:00:00+00:00,113.4000015258789,110.84653836488724,157.5087211571242,2017-03-22 00:00:00+00:00,110.84653836488724,stop,-409.2568741540466,7.064157144420923,-1.017564110053867,4
USDCAD,1,2017-03-15 00:00:00+00:00,2017-03-16 00:00:00+00:00,1.3294999599456787,1.3057116968557239,16907.19139471183,2017-03-22 00:00:00+00:00,1.3359299898147583,native,99.7007588082831,9.01298686195937,0.24789299903184706,4
CADJPY,1,2017-03-17 00:00:00+00:00,2017-03-20 00:00:00+00:00,84.48699951171875,82.7712014913559,233.5683084536412,2017-03-22 00:00:00+00:00,82.7712014913559,stop,-408.5692842809155,7.813243016657452,-1.0194962576035265,2
EURUSD,-1,2017-03-10 00:00:00+00:00,2017-03-13 00:00:00+00:00,1.068798542022705,1.0887284418568015,20178.941427110443,2017-03-27 00:00:00+00:00,1.0845986604690552,max_hold,-327.5203198739828,8.690655203676943,-0.8143943533063075,10
EURJPY,1,2017-03-21 00:00:00+00:00,2017-03-22 00:00:00+00:00,120.60700225830078,118.02504169940948,151.86469299190992,2017-03-28 00:00:00+00:00,120.29000091552734,native,-55.458061484244205,7.316749885932912,-0.14143544608017294,4
CHFJPY,1,2017-03-21 00:00:00+00:00,2017-03-22 00:00:00+00:00,112.28500366210938,109.98944491147995,170.8118546239488,2017-03-28 00:00:00+00:00,112.33999633789062,native,1.719678371947924,7.6737225689809,0.004385719066649683,4
NZDUSD,-1,2017-03-15 00:00:00+00:00,2017-03-16 00:00:00+00:00,0.7025481462478638,0.7197226001881063,23418.0788751148,2017-03-29 00:00:00+00:00,0.7009181976318359,native,31.596968144615218,6.573297107908759,0.07856176108693437,9
GBPCHF,-1,2017-03-17 00:00:00+00:00,2017-03-20 00:00:00+00:00,1.2350399494171143,1.2592379031702876,16561.567368550837,2017-03-29 00:00:00+00:00,1.23225998878479,native,37.868034465166296,8.172470828990432,0.09449148750373088,7
GBPUSD,-1,2017-03-17 00:00:00+00:00,2017-03-20 00:00:00+00:00,1.237930178642273,1.26525310985744,14667.38828672222,2017-03-29 00:00:00+00:00,1.2423903942108154,native,-72.69567856981237,7.275964983516307,-0.18139633863155397,7
USDJPY,1,2017-03-22 00:00:00+00:00,2017-03-23 00:00:00+00:00,111.33399963378906,108.76665192842484,151.31417597837944,2017-03-29 00:00:00+00:00,111.18800354003906,native,-28.82542533130471,6.7341467094612275,-0.07420128328809264,4
EURGBP,1,2017-03-22 00:00:00+00:00,2017-03-23 00:00:00+00:00,0.8651000261306763,0.8471225858666003,21609.088767963054,2017-03-29 00:00:00+00:00,0.8707799911499023,native,115.23671122259135,7.502157076789853,0.2966378381702304,4
AUDJPY,1,2017-03-22 00:00:00+00:00,2017-03-23 00:00:00+00:00,85.3499984741211,83.22136378288269,182.50012746957654,2017-03-29 00:00:00+00:00,85.09700012207031,native,-52.39355129298271,6.2213197941223335,-0.13486943201277846,4
NZDJPY,1,2017-03-22 00:00:00+00:00,2017-03-23 00:00:00+00:00,78.36699676513672,76.57115769386292,216.32010835560112,2017-03-30 00:00:00+00:00,78.1780014038086,native,-47.65626323449271,6.772766193286726,-0.1226748902426153,5
EURAUD,-1,2017-03-27 00:00:00+00:00,2017-03-28 00:00:00+00:00,1.423699975013733,1.4549714727327228,12244.97775898392,2017-03-30 00:00:00+00:00,1.4022400379180908,native,255.85573792401678,6.920714521314583,0.6681723171950039,2
EURNZD,1,2017-03-31 00:00:00+00:00,2017-04-03 00:00:00+00:00,1.5233500003814697,1.4929213589057326,12894.039618872517,2017-04-05 00:00:00+00:00,1.5305299758911133,native,84.70351880281036,7.875369881068029,0.21588868893891058,2
CADCHF,-1,2017-03-31 00:00:00+00:00,2017-04-03 00:00:00+00:00,0.75204998254776,0.7671208763495088,26033.499664837094,2017-04-06 00:00:00+00:00,0.746999979019165,native,123.664161834698,7.80510333440532,0.3151899017250322,3
CADJPY,1,2017-04-05 00:00:00+00:00,2017-04-06 00:00:00+00:00,82.16300201416016,80.05226016044617,184.46854471380357,2017-04-10 00:00:00+00:00,82.9520034790039,native,139.45424704203867,6.091704954747131,0.3581577076395786,2
EURJPY,1,2017-03-31 00:00:00+00:00,2017-04-03 00:00:00+00:00,118.73999786376953,116.18023365736008,153.275097664938,2017-04-12 00:00:00+00:00,116.18023365736008,stop,-399.5495930225958,7.201484285974198,-1.018354833693893,7
NZDJPY,1,2017-04-03 00:00:00+00:00,2017-04-04 00:00:00+00:00,77.63999938964844,75.96365398168564,234.27407459595526,2017-04-12 00:00:00+00:00,75.96365398168564,stop,-399.92133990328927,7.197070749625436,-1.018326014751101,6
AUDUSD,1,2017-04-03 00:00:00+00:00,2017-04-04 00:00:00+00:00,0.7605082988739014,0.7449313686229289,25211.916778605657,2017-04-13 00:00:00+00:00,0.7538180351257324,native,-176.31018674744774,7.6358139016899536,-0.44894140901300317,7
CHFJPY,1,2017-04-03 00:00:00+00:00,2017-04-04 00:00:00+00:00,110.50499725341797,108.19021546840668,169.65930512182086,2017-04-14 00:00:00+00:00,108.19021546840668,stop,-400.14500471843456,7.420735564770714,-1.0188955359972092,8
GBPAUD,-1,2017-04-05 00:00:00+00:00,2017-04-06 00:00:00+00:00,1.650339961051941,1.693009251728654,9125.192189652078,2017-04-14 00:00:00+00:00,1.652809977531433,native,-28.567750691136183,6.028375604162149,-0.07337001430205238,6
AUDNZD,1,2017-04-06 00:00:00+00:00,2017-04-07 00:00:00+00:00,1.0812400579452515,1.0626859301701188,21059.82252452998,2017-04-14 00:00:00+00:00,1.0815999507904053,native,-1.5305258997978033,9.109805346585162,-0.003916926598442767,5
AUDCAD,1,2017-04-07 00:00:00+00:00,2017-04-10 00:00:00+00:00,1.0063799619674683,0.9881384205073118,21407.299777785738,2017-04-14 00:00:00+00:00,1.0088000297546387,native,43.179204164721355,8.627912437798186,0.11057353860317298,4
EURAUD,-1,2017-04-12 00:00:00+00:00,2017-04-13 00:00:00+00:00,1.4155499935150146,1.444235579110682,13047.047508984244,2017-04-14 00:00:00+00:00,1.4031200408935547,native,154.81911801639558,7.355064370215771,0.4136648552982829,1
AUDCHF,1,2017-04-12 00:00:00+00:00,2017-04-13 00:00:00+00:00,0.7552800178527832,0.7386823617853224,22549.099497454725,2017-04-14 00:00:00+00:00,0.7605100274085999,native,111.09606573717858,6.835940109570066,0.2968402000101282,1
GBPCHF,-1,2017-03-31 00:00:00+00:00,2017-04-03 00:00:00+00:00,1.2567600011825562,1.28329870197922,14783.998348025558,2017-04-17 00:00:00+00:00,1.2597800493240356,max_hold,-52.08929152447639,7.440904789885922,-0.13276294791430557,10
AUDJPY,1,2017-04-04 00:00:00+00:00,2017-04-05 00:00:00+00:00,83.87100219726562,81.5806496143341,171.91532929746649,2017-04-18 00:00:00+00:00,82.85700225830078,native,-180.05475337256965,5.732619957817632,-0.4572857243295769,9
USDCAD,1,2017-04-10 00:00:00+00:00,2017-04-11 00:00:00+00:00,1.3321199417114258,1.309999295976013,17409.63739305356,2017-04-19 00:00:00+00:00,1.338170051574707,native,96.03246280438121,9.2977561034822,0.24936215382688412,6
NZDCHF,-1,2017-04-14 00:00:00+00:00,2017-04-17 00:00:00+00:00,0.7048100233078003,0.718003211542964,28883.535767597805,2017-04-19 00:00:00+00:00,0.7018899917602539,native,76.21474160617034,8.126094039899703,0.2000040852521072,2
NZDUSD,-1,2017-04-14 00:00:00+00:00,2017-04-17 00:00:00+00:00,0.7015722393989563,0.7143511925823987,29819.807523259948,2017-04-21 00:00:00+00:00,0.6990904808044434,native,65.65206506327777,8.353498544294215,0.17228532093887777,4
EURJPY,-1,2017-04-20 00:00:00+00:00,2017-04-21 00:00:00+00:00,117.16100311279297,119.75674700737,149.69897000456746,2017-04-24 00:00:00+00:00,119.75674700737,stop,-395.673456047583,7.093268633757576,-1.0182543239812778,1
EURCHF,-1,2017-04-20 00:00:00+00:00,2017-04-21 00:00:00+00:00,1.0702699422836304,1.0786314264405519,46472.633341314744,2017-04-24 00:00:00+00:00,1.0797100067138672,stop_gap,-458.68769895697073,19.983045972187856,-1.1804196760770078,1
EURUSD,-1,2017-04-18 00:00:00+00:00,2017-04-19 00:00:00+00:00,1.0728347301483154,1.0901560350321233,22133.721631382818,2017-04-25 00:00:00+00:00,1.0901560350321233,stop,-392.95994768806685,9.57500709755111,-1.0249749170710853,4
AUDNZD,1,2017-04-19 00:00:00+00:00,2017-04-20 00:00:00+00:00,1.0647900104522705,1.0450482591986656,19387.92019905086,2017-04-25 00:00:00+00:00,1.077839970588684,native,244.70335790787806,8.308227817703177,0.639326976521431,3
NZDCAD,-1,2017-04-18 00:00:00+00:00,2017-04-19 00:00:00+00:00,0.9426699876785278,0.9605731782503426,21414.336123645113,2017-04-26 00:00:00+00:00,0.9431899785995483,native,-19.212148203977907,8.076887840000953,-0.05011190104229457,5
EURAUD,-1,2017-04-19 00:00:00+00:00,2017-04-20 00:00:00+00:00,1.4294500350952148,1.4594301553443074,12766.843318648422,2017-04-26 00:00:00+00:00,1.4594301553443074,stop,-390.12787404594155,7.37637615153772,-1.0192719720030274,4
NZDJPY,-1,2017-04-21 00:00:00+00:00,2017-04-24 00:00:00+00:00,77.43900299072266,79.00846827030182,236.69423235865048,2017-04-28 00:00:00+00:00,76.53399658203125,native,206.92089299730515,7.288904187566361,0.5570125189461134,4
EURGBP,-1,2017-04-25 00:00:00+00:00,2017-04-26 00:00:00+00:00,0.8515999913215637,0.867734445258975,23051.602118378774,2017-04-28 00:00:00+00:00,0.8427000045776367,native,197.34768740492285,7.811265874927832,0.5306114962401232,2
USDCHF,1,2017-04-18 00:00:00+00:00,2017-04-19 00:00:00+00:00,0.9962000250816345,0.9811082840897143,25403.62578418031,2017-05-02 00:00:00+00:00,0.9957000017166138,native,-22.822703024390066,10.120296576056287,-0.05952947183902679,9
GBPCHF,1,2017-05-04 00:00:00+00:00,2017-05-05 00:00:00+00:00,1.274399995803833,1.253081805538386,17593.709332478094,2017-05-08 00:00:00+00:00,1.2835099697113037,native,151.27760806811474,9.000624886384477,0.4033359214503391,1
EURGBP,-1,2017-05-04 00:00:00+00:00,2017-05-05 00:00:00+00:00,0.8495399951934814,0.8654107809998095,23632.480937093176,2017-05-09 00:00:00+00:00,0.8442800045013428,native,116.3007959905237,8.00583377073102,0.31008084616941256,2
AUDNZD,1,2017-05-03 00:00:00+00:00,2017-05-04 00:00:00+00:00,1.078570008277893,1.0585693512111902,18729.857723305675,2017-05-11 00:00:00+00:00,1.0771000385284424,native,-35.607402919789465,8.07507865501487,-0.09505206516324477,5
CADJPY,-1,2017-05-03 00:00:00+00:00,2017-05-04 00:00:00+00:00,82.16300201416016,84.27934968471527,177.007524067968,2017-05-15 00:00:00+00:00,82.56099700927734,native,-76.27958612147899,5.83147744434261,-0.20362429147042752,7
AUDCAD,1,2017-05-08 00:00:00+00:00,2017-05-09 00:00:00+00:00,1.0118000507354736,0.9899220010265708,17107.89236113596,2017-05-15 00:00:00+00:00,1.0141799449920654,native,33.78292523411386,6.932049538544287,0.0902593368111201,4
CADCHF,-1,2017-05-10 00:00:00+00:00,2017-05-11 00:00:00+00:00,0.7353000044822693,0.7523843725211918,21909.433996484055,2017-05-15 00:00:00+00:00,0.7295899987220764,native,118.68401215502648,6.4189821674629854,0.31707510322949206,2
AUDCHF,-1,2017-05-11 00:00:00+00:00,2017-05-12 00:00:00+00:00,0.7434999942779541,0.7622062633745372,20048.557337047692,2017-05-16 00:00:00+00:00,0.7387300133705139,native,89.68792106043075,5.943314659006591,0.23914629276490118,2
GBPUSD,1,2017-05-12 00:00:00+00:00,2017-05-15 00:00:00+00:00,1.2884771823883057,1.2657883008942008,16680.542091072064,2017-05-17 00:00:00+00:00,1.2917059659957886,native,45.250090145723036,8.607770721859143,0.11956283426800612,2
EURGBP,-1,2017-05-15 00:00:00+00:00,2017-05-16 00:00:00+00:00,0.8509200215339661,0.8661062195897102,24948.761151007275,2017-05-23 00:00:00+00:00,0.8661062195897102,stop,-387.4443636006137,8.567535515961286,-1.0226129836423965,5
EURCHF,1,2017-05-18 00:00:00+00:00,2017-05-19 00:00:00+00:00,1.0882999897003174,1.0759212947450578,30671.708452920986,2017-05-23 00:00:00+00:00,1.0936100482940674,native,149.4839873442545,13.384581711173105,0.3937148951295836,2
USDJPY,1,2017-05-17 00:00:00+00:00,2017-05-18 00:00:00+00:00,111.11499786376953,108.65463256835938,153.0122269563607,2017-05-24 00:00:00+00:00,111.93599700927734,native,118.79700169334828,6.82590589007134,0.3155584042668651,4
GBPJPY,1,2017-05-17 00:00:00+00:00,2017-05-18 00:00:00+00:00,144.08999633789062,140.42623364925385,102.75391857241947,2017-05-24 00:00:00+00:00,145.0290069580078,native,90.54539869367743,5.941622104481165,0.24051416381061558,4
AUDUSD,-1,2017-05-15 00:00:00+00:00,2017-05-16 00:00:00+00:00,0.7420158982276917,0.7580367173068225,23649.029816346072,2017-05-26 00:00:00+00:00,0.7454341650009155,native,-87.87404301932038,7.035350179123837,-0.23193300963680655,8
GBPCHF,1,2017-05-16 00:00:00+00:00,2017-05-17 00:00:00+00:00,1.2713299989700317,1.2453745976090431,14521.340133974645,2017-05-26 00:00:00+00:00,1.2453745976090431,stop,-384.2163961694766,7.309184692732438,-1.019392530761337,7
AUDNZD,1,2017-05-17 00:00:00+00:00,2017-05-18 00:00:00+00:00,1.0707199573516846,1.0509232026524842,19016.549868754908,2017-05-29 00:00:00+00:00,1.0509232026524842,stop,-384.53523956803673,8.069266591184405,-1.0214342521513373,7
GBPCAD,1,2017-05-15 00:00:00+00:00,2017-05-16 00:00:00+00:00,1.7582199573516846,1.7184472484514117,9526.050363696833,2017-05-30 00:00:00+00:00,1.7264800071716309,max_hold,-308.99544942930436,6.639085472884334,-0.8155564725121314,10
USDCAD,1,2017-05-16 00:00:00+00:00,2017-05-17 00:00:00+00:00,1.361199975013733,1.3367830635979772,15436.3180935953,2017-05-31 00:00:00+00:00,1.3470300436019897,max_hold,-227.09258864369056,8.361020007595165,-0.602515902399237,10
NZDUSD,-1,2017-05-17 00:00:00+00:00,2017-05-18 00:00:00+00:00,0.6939576864242554,0.7102483273483813,23109.34080066294,2017-05-31 00:00:00+00:00,0.7102483273483813,stop,-382.95602804217475,6.490055065322453,-1.017239420110145,9
GBPNZD,1,2017-05-23 00:00:00+00:00,2017-05-24 00:00:00+00:00,1.8480000495910645,1.799613093957305,7682.732024043899,2017-05-31 00:00:00+00:00,1.799613093957305,stop,-377.34874045532797,5.6047268618525,-1.015076844971017,5
GBPAUD,1,2017-05-23 00:00:00+00:00,2017-05-24 00:00:00+00:00,1.7338000535964966,1.691937755793333,8880.162654745216,2017-06-01 00:00:00+00:00,1.733739972114563,native,-6.691997220139172,6.158463888030724,-0.018001627397979503,6
CADCHF,-1,2017-05-24 00:00:00+00:00,2017-05-25 00:00:00+00:00,0.725059986114502,0.7417286089621484,21961.167367609392,2017-06-01 00:00:00+00:00,0.7175099849700928,native,159.4707346431172,6.336104114895246,0.4356380977938766,5
GBPUSD,1,2017-05-26 00:00:00+00:00,2017-05-29 00:00:00+00:00,1.2813942432403564,1.25654340069741,14456.055762920314,2017-06-01 00:00:00+00:00,1.2875481843948364,native,81.53436149376756,7.427354997125247,0.22696021912359032,3
USDCHF,-1,2017-05-29 00:00:00+00:00,2017-05-30 00:00:00+00:00,0.9792199730873108,0.9975249823182821,19579.071974678747,2017-06-01 00:00:00+00:00,0.9681100249290466,native,209.89709178768095,7.625382837922658,0.5856583858216399,2
CHFJPY,1,2017-05-29 00:00:00+00:00,2017-05-30 00:00:00+00:00,113.54100036621094,110.89961332082748,135.68442907931276,2017-06-01 00:00:00+00:00,114.44000244140625,native,115.79388887261723,6.186694441376148,0.32309005078424585,2
NZDCHF,-1,2017-05-30 00:00:00+00:00,2017-05-31 00:00:00+00:00,0.6912000179290771,0.7084686271846294,20674.91496134125,2017-06-01 00:00:00+00:00,0.6855800151824951,native,110.50011684707688,5.692962021010869,0.30950070505772076,1
GBPJPY,1,2017-05-26 00:00:00+00:00,2017-05-29 00:00:00+00:00,142.5659942626953,138.8197250366211,95.89411328369586,2017-06-02 00:00:00+00:00,143.61199951171875,native,94.81718885433311,5.488556990860895,0.26393448804657954,4
USDJPY,1,2017-05-31 00:00:00+00:00,2017-06-01 00:00:00+00:00,110.76899719238281,108.55022239685059,164.1093195890916,2017-06-02 00:00:00+00:00,111.45999908447266,native,106.10588047124685,7.293969874392305,0.2914023064154109,1
EURCHF,1,2017-06-06 00:00:00+00:00,2017-06-07 00:00:00+00:00,1.0848100185394287,1.0739874322898686,33812.46630660977,2017-06-14 00:00:00+00:00,1.0858900547027588,native,21.839341764866987,14.679344617651367,0.05968038819814376,5
EURJPY,1,2017-06-06 00:00:00+00:00,2017-06-07 00:00:00+00:00,123.39600372314453,120.58631145954132,130.24142809303336,2017-06-16 00:00:00+00:00,123.78199768066406,native,43.833841083422634,6.4385631792027676,0.11978477557793456,7
NZDCHF,-1,2017-06-06 00:00:00+00:00,2017-06-07 00:00:00+00:00,0.6908400058746338,0.7078964677639306,21454.52763232581,2017-06-19 00:00:00+00:00,0.7078964677639306,stop,-371.9401789784338,6.001846064804109,-1.0164012499510968,8
EURNZD,1,2017-06-06 00:00:00+00:00,2017-06-07 00:00:00+00:00,1.5699900388717651,1.532057724893093,9647.139721541469,2017-06-21 00:00:00+00:00,1.5385899543762207,max_hold,-308.9187835028155,5.997781106090351,-0.8441826278301591,10
AUDCHF,-1,2017-06-07 00:00:00+00:00,2017-06-08 00:00:00+00:00,0.7273499965667725,0.7467725984752178,18821.083516994273,2017-06-21 00:00:00+00:00,0.7382000088691711,native,-209.72563551398918,5.516647810128261,-0.5737193377083327,9
EURAUD,1,2017-06-07 00:00:00+00:00,2017-06-08 00:00:00+00:00,1.4926700592041016,1.455888418480754,9938.502074599995,2017-06-22 00:00:00+00:00,1.4791100025177002,native,-140.67365997122894,5.907008461735406,-0.3848227653901533,10
CADJPY,-1,2017-06-12 00:00:00+00:00,2017-06-13 00:00:00+00:00,82.56099700927734,84.80475801229477,160.2790738745372,2017-06-22 00:00:00+00:00,83.52899932861328,native,-160.47466541014055,5.324150158572477,-0.4462241376229765,7
GBPCAD,1,2017-06-12 00:00:00+00:00,2017-06-13 00:00:00+00:00,1.6864999532699585,1.6377363037317991,7374.9183862461605,2017-06-22 00:00:00+00:00,1.689170002937317,native,14.712340298805538,4.979058085186361,0.04090989281997542,7
CADCHF,-1,2017-06-12 00:00:00+00:00,2017-06-13 00:00:00+00:00,0.7278500199317932,0.7454335680231452,20452.52378479343,2017-06-22 00:00:00+00:00,0.7296500205993652,native,-42.776467315221005,5.961910849060182,-0.11894645294637114,7
USDCHF,-1,2017-06-14 00:00:00+00:00,2017-06-15 00:00:00+00:00,0.9710599780082703,0.9879200295545161,21043.78970211102,2017-06-22 00:00:00+00:00,0.9724400043487549,native,-37.22070507548772,8.179720982955542,-0.10490634219619939,5
GBPAUD,1,2017-06-08 00:00:00+00:00,2017-06-09 00:00:00+00:00,1.6911799907684326,1.6436077281832695,7592.613874685878,2017-06-23 00:00:00+00:00,1.6811000108718872,native,-81.6542792050214,5.120883985956001,-0.2260652597219031,10
USDCAD,-1,2017-06-21 00:00:00+00:00,2017-06-22 00:00:00+00:00,1.3324999809265137,1.3547483962029219,15896.983747193324,2017-06-23 00:00:00+00:00,1.323099970817566,native,140.98860207101077,8.443205854384603,0.3986301949336294,1
GBPUSD,1,2017-06-20 00:00:00+00:00,2017-06-21 00:00:00+00:00,1.2632642984390259,1.233560104854405,11733.820074190538,2017-06-26 00:00:00+00:00,1.2744048833847046,native,124.76630855636216,5.955310717467594,0.3579646449253926,3
AUDUSD,1,2017-06-22 00:00:00+00:00,2017-06-23 00:00:00+00:00,0.7542046904563904,0.739384523127228,23968.69492111259,2017-06-27 00:00:00+00:00,0.7582880854606628,native,90.62315351653334,7.2504955832685125,0.2551183374056241,2
AUDNZD,-1,2017-06-28 00:00:00+00:00,2017-06-29 00:00:00+00:00,1.0454599857330322,1.0636181328445673,19648.046843401477,2017-07-05 00:00:00+00:00,1.0439200401306152,native,22.046476008211904,8.210447324367268,0.061794278367282386,4
GBPCHF,-1,2017-06-30 00:00:00+00:00,2017-07-03 00:00:00+00:00,1.2479499578475952,1.2743891514837742,13468.237697056018,2017-07-07 00:00:00+00:00,1.2455799579620361,native,25.20303107853644,6.71669072216884,0.07077726832926202,4
CADCHF,-1,2017-07-03 00:00:00+00:00,2017-07-04 00:00:00+00:00,0.741349995136261,0.7578703085891902,21477.915709128072,2017-07-07 00:00:00+00:00,0.7399100065231323,native,24.565078563092968,6.362875491788672,0.06923213751697821,3
EURCAD,1,2017-07-04 00:00:00+00:00,2017-07-05 00:00:00+00:00,1.468999981880188,1.4349949667230248,10434.10589706534,2017-07-07 00:00:00+00:00,1.4823299646377563,native,132.92755385869364,6.158897839829683,0.3746422905381695,2
GBPCAD,1,2017-07-04 00:00:00+00:00,2017-07-05 00:00:00+00:00,1.6728099584579468,1.631351592950523,8558.271047072916,2017-07-07 00:00:00+00:00,1.6831200122833252,native,82.49204348657963,5.744191660919857,0.2324951240420742,2
NZDCAD,1,2017-06-28 00:00:00+00:00,2017-06-29 00:00:00+00:00,0.9520300030708313,0.9268918735906482,14192.4690664859,2017-07-12 00:00:00+00:00,0.9268918735906482,stop,-362.10543315938867,5.333308122572337,-1.014948780323076,8
AUDUSD,1,2017-07-06 00:00:00+00:00,2017-07-07 00:00:00+00:00,0.7580351233482361,0.7427338976413012,23448.36899609035,2017-07-12 00:00:00+00:00,0.7639419436454773,native,131.3677259492168,7.137575974091183,0.366142228808722,2
NZDUSD,1,2017-07-10 00:00:00+00:00,2017-07-12 00:00:00+00:00,0.7221102714538574,0.7077841097488999,24998.411811704937,2017-07-14 00:00:00+00:00,0.7324612140655518,native,251.48473064554412,7.272395400915519,0.7022137905304559,2
AUDNZD,-1,2017-07-11 00:00:00+00:00,2017-07-12 00:00:00+00:00,1.057860016822815,1.0788125675171614,17092.49127736213,2017-07-18 00:00:00+00:00,1.0788125675171614,stop,-365.4355014836861,7.304211502081969,-1.0203953458030912,4
AUDCHF,-1,2017-07-12 00:00:00+00:00,2017-07-13 00:00:00+00:00,0.7410699725151062,0.757541473954916,21738.06331875752,2017-07-18 00:00:00+00:00,0.757541473954916,stop,-364.5739233563071,6.515382102716027,-1.0181964158148697,3
USDCHF,-1,2017-07-13 00:00:00+00:00,2017-07-14 00:00:00+00:00,0.9669399857521057,0.983046920504421,22248.394856265866,2017-07-19 00:00:00+00:00,0.9550700187683105,native,255.53538488666132,8.552327499652712,0.7130819835996478,3
GBPAUD,1,2017-07-13 00:00:00+00:00,2017-07-14 00:00:00+00:00,1.672279953956604,1.6327847000211477,9073.329288608897,2017-07-20 00:00:00+00:00,1.6327847000211477,stop,-364.3510322787577,5.997587985136473,-1.0167365155285693,4
CHFJPY,1,2017-07-14 00:00:00+00:00,2017-07-17 00:00:00+00:00,116.68299865722656,114.14492636919022,140.3934108850683,2017-07-21 00:00:00+00:00,117.59500122070312,native,121.46093312276179,6.578217499638833,0.34086773949623106,4
EURAUD,1,2017-07-13 00:00:00+00:00,2017-07-14 00:00:00+00:00,1.4729100465774536,1.4396134642884135,10762.469288374288,2017-07-24 00:00:00+00:00,1.4739899635314941,native,5.279388880914398,6.343184170941486,0.014732351439571115,6
AUDCAD,-1,2017-07-18 00:00:00+00:00,2017-07-19 00:00:00+00:00,1.0003999471664429,1.025396908633411,14046.899690682041,2017-07-24 00:00:00+00:00,0.9931399822235107,native,96.37938822773378,5.600611083502008,0.27448363938636566,3
USDJPY,1,2017-07-14 00:00:00+00:00,2017-07-17 00:00:00+00:00,112.4219970703125,110.05768239498138,150.7111677257552,2017-07-26 00:00:00+00:00,112.01699829101562,native,-67.80293157015765,6.765092614820222,-0.19028202255105284,7
GBPJPY,1,2017-07-20 00:00:00+00:00,2017-07-21 00:00:00+00:00,145.06500244140625,141.3539034128189,94.48179389132048,2017-07-26 00:00:00+00:00,145.91000366210938,native,74.33886306154724,5.498368110839617,0.21201434222625037,3
GBPCAD,-1,2017-07-27 00:00:00+00:00,2017-07-28 00:00:00+00:00,1.6389000415802002,1.6783957593142986,8956.926550308292,2017-08-07 00:00:00+00:00,1.6492799520492554,native,-98.86249300752975,5.890397337426444,-0.27946185310747895,6
GBPAUD,-1,2017-07-31 00:00:00+00:00,2017-08-01 00:00:00+00:00,1.6488399505615234,1.6889093313366175,8747.640118074265,2017-08-07 00:00:00+00:00,1.6448999643325806,native,28.70309131735476,5.762490283606036,0.08188891823363473,4
CHFJPY,1,2017-07-27 00:00:00+00:00,2017-07-28 00:00:00+00:00,115.22000122070312,112.56010460853577,132.9977417835705,2017-08-10 00:00:00+00:00,114.20999908447266,native,-140.43073770283291,6.102734387598454,-0.39696585628985653,9
USDCHF,-1,2017-07-27 00:00:00+00:00,2017-07-28 00:00:00+00:00,0.9637500047683716,0.9844040353782475,17127.90348179665,2017-08-10 00:00:00+00:00,0.9633899927139282,native,-0.43532185376815313,6.601573574557333,-0.0012305561821404328,9
NZDJPY,1,2017-08-01 00:00:00+00:00,2017-08-02 00:00:00+00:00,82.0199966430664,80.16790789365768,188.7703683412114,2017-08-10 00:00:00+00:00,80.16790789365768,stop,-355.7427295224753,6.123254095977328,-1.0175140532103013,6
CADJPY,1,2017-08-01 00:00:00+00:00,2017-08-02 00:00:00+00:00,88.01399993896484,85.71856653690338,152.31087737614817,2017-08-10 00:00:00+00:00,85.71856653690338,stop,-354.9117473522479,5.292271925749896,-1.0151372343296776,6
GBPCHF,1,2017-08-08 00:00:00+00:00,2017-08-09 00:00:00+00:00,1.2634700536727905,1.2352958507835865,12087.375044476872,2017-08-15 00:00:00+00:00,1.2606500387191772,native,-40.188575618165046,6.101997242808266,-0.11801004575592476,4
AUDCHF,1,2017-08-10 00:00:00+00:00,2017-08-11 00:00:00+00:00,0.7565199732780457,0.7367815803736448,16922.314345607694,2017-08-15 00:00:00+00:00,0.7638199925422668,native,118.38768655538243,5.145534162760358,0.3544336818575198,2
NZDUSD,1,2017-08-02 00:00:00+00:00,2017-08-03 00:00:00+00:00,0.741020679473877,0.7231230335310102,19433.643336735702,2017-08-16 00:00:00+00:00,0.7231230335310102,stop,-353.5071971633004,5.69072934245218,-1.0163612993315294,9
EURJPY,1,2017-08-10 00:00:00+00:00,2017-08-11 00:00:00+00:00,128.38800048828125,125.57484638690948,118.73479993239864,2017-08-16 00:00:00+00:00,129.8040008544922,native,161.9972450615429,6.131275124715961,0.48499368210119925,3
CADJPY,1,2017-08-10 00:00:00+00:00,2017-08-11 00:00:00+00:00,85.61599731445312,83.43825405836105,153.37863564540476,2017-08-16 00:00:00+00:00,86.69599914550781,native,160.36341155723397,5.285795784472924,0.48010224751603664,3
AUDUSD,1,2017-08-04 00:00:00+00:00,2017-08-07 00:00:00+00:00,0.7929773926734924,0.7728751511313021,17364.708309984442,2017-08-17 00:00:00+00:00,0.7932101488113403,native,-1.466994355475773,5.508736796563094,-0.0042025845859904615,8
USDCAD,-1,2017-08-04 00:00:00+00:00,2017-08-07 00:00:00+00:00,1.26419997215271,1.2901386264711618,13457.50463657131,2017-08-17 00:00:00+00:00,1.262369990348816,native,17.826723213747997,6.800265396997217,0.05106925729957448,8
AUDJPY,1,2017-08-10 00:00:00+00:00,2017-08-11 00:00:00+00:00,85.80899810791016,83.64037489891052,154.0236625796619,2017-08-17 00:00:00+00:00,87.23400115966797,native,214.15364591274138,5.330543306192427,0.6411415529144286,4
GBPUSD,1,2017-08-04 00:00:00+00:00,2017-08-07 00:00:00+00:00,1.3045463562011719,1.278304623439908,13302.077417397448,2017-08-21 00:00:00+00:00,1.287282943725586,max_hold,-236.53459203877,6.895342800060952,-0.677614489002779,10
NZDCHF,1,2017-08-08 00:00:00+00:00,2017-08-09 00:00:00+00:00,0.712660014629364,0.6943974792957306,18647.58373793867,2017-08-23 00:00:00+00:00,0.7050999999046326,max_hold,-146.26356735774374,5.2875597182647684,-0.42948947582283625,10
EURCHF,1,2017-08-17 00:00:00+00:00,2017-08-18 00:00:00+00:00,1.1273599863052368,1.1043058158829808,14875.126884281997,2017-08-23 00:00:00+00:00,1.139299988746643,native,170.86568036807074,6.743370946484037,0.49824696512640043,3
EURJPY,1,2017-08-17 00:00:00+00:00,2017-08-18 00:00:00+00:00,128.10899353027344,125.2729058265686,120.91787915970944,2017-08-23 00:00:00+00:00,129.07400512695312,native,110.46755108431948,6.219604550713248,0.3221250865249415,3
EURAUD,1,2017-08-16 00:00:00+00:00,2017-08-17 00:00:00+00:00,1.4842699766159058,1.4527979167178273,10930.97137224756,2017-08-24 00:00:00+00:00,1.492900013923645,native,87.82601876494576,6.508671987380475,0.2552932135885363,5
EURCAD,1,2017-08-16 00:00:00+00:00,2017-08-17 00:00:00+00:00,1.4862200021743774,1.4541378626599908,10723.106095130792,2017-08-28 00:00:00+00:00,1.4906799793243408,native,41.440485293675636,6.38432286724073,0.1204594585074548,7
AUDCHF,1,2017-08-25 00:00:00+00:00,2017-08-28 00:00:00+00:00,0.7587500214576721,0.7390813450329006,17720.0711067311,2017-08-31 00:00:00+00:00,0.761929988861084,native,50.959936922858724,5.389311582686588,0.14621377357787904,3
AUDCAD,-1,2017-08-30 00:00:00+00:00,2017-08-31 00:00:00+00:00,0.9983599781990051,1.0172453140839934,18407.87075982849,2017-09-01 00:00:00+00:00,0.9901000261306763,native,144.72746720201786,7.320662954157755,0.41631560674081114,1
USDCAD,-1,2017-08-30 00:00:00+00:00,2017-08-31 00:00:00+00:00,1.2628300189971924,1.2870324235409498,14363.813380537964,2017-09-01 00:00:00+00:00,1.2470999956130981,native,218.73268709501326,7.210433265614627,0.6291952253603649,1
GBPCAD,-1,2017-08-30 00:00:00+00:00,2017-08-31 00:00:00+00:00,1.6313999891281128,1.6663366975262761,9950.531637522323,2017-09-04 00:00:00+00:00,1.6045299768447876,native,260.93106262519683,6.439844700643976,0.750580907373323,2
NZDUSD,1,2017-08-24 00:00:00+00:00,2017-08-25 00:00:00+00:00,0.7207310795783997,0.7028924743644893,19399.876144804846,2017-09-06 00:00:00+00:00,0.725968599319458,native,95.99407536463286,5.613158917869477,0.2773860257538658,8
GBPAUD,-1,2017-08-28 00:00:00+00:00,2017-08-29 00:00:00+00:00,1.6311099529266357,1.6652975343167782,10166.733077238332,2017-09-08 00:00:00+00:00,1.6266100406646729,native,39.1253329153234,6.624073923045081,0.11256626256557174,8
EURCHF,1,2017-09-05 00:00:00+00:00,2017-09-06 00:00:00+00:00,1.1371699571609497,1.1181196179240942,18650.14824686752,2017-09-08 00:00:00+00:00,1.1420899629592896,native,83.2571304338087,8.501707080677178,0.2343346099411855,2
GBPCHF,-1,2017-08-30 00:00:00+00:00,2017-08-31 00:00:00+00:00,1.2450400590896606,1.2729003708809614,12477.922890129472,2017-09-12 00:00:00+00:00,1.2729003708809614,stop,-353.9225555322385,6.283733305422574,-1.0180754648320687,8
EURGBP,1,2017-09-01 00:00:00+00:00,2017-09-04 00:00:00+00:00,0.9164199829101562,0.9001867356710136,21796.786234523912,2017-09-12 00:00:00+00:00,0.9001867356710136,stop,-361.7518576271907,7.91923766342274,-1.0223813103049506,6
EURJPY,1,2017-09-05 00:00:00+00:00,2017-09-06 00:00:00+00:00,129.48399353027344,126.920150578022,138.57777466770088,2017-09-12 00:00:00+00:00,130.84300231933594,native,181.11330658797482,7.215107154153334,0.5097595345084955,4
GBPAUD,-1,2017-09-08 00:00:00+00:00,2017-09-11 00:00:00+00:00,1.6394000053405762,1.675123067572713,9918.90881412217,2017-09-14 00:00:00+00:00,1.675123067572713,stop,-360.9090872662819,6.575290424506185,-1.0185567690215063,3
EURGBP,1,2017-09-12 00:00:00+00:00,2017-09-13 00:00:00+00:00,0.9007999897003174,0.883048293646425,19610.03416972074,2017-09-15 00:00:00+00:00,0.883048293646425,stop,-355.10763134533175,6.996265158005461,-1.0200977785776768,2
AUDNZD,1,2017-09-12 00:00:00+00:00,2017-09-13 00:00:00+00:00,1.1011899709701538,1.0783809921704233,15262.032081481824,2017-09-15 00:00:00+00:00,1.1067999601364136,native,78.88015199939456,6.739682632827455,0.22659458914923059,2
EURCAD,1,2017-09-01 00:00:00+00:00,2017-09-04 00:00:00+00:00,1.4706799983978271,1.4357412420213223,10127.224224892794,2017-09-18 00:00:00+00:00,1.455970048904419,native,-154.89872510795763,5.92776825136459,-0.4377740105584925,10
EURAUD,1,2017-09-01 00:00:00+00:00,2017-09-04 00:00:00+00:00,1.4917500019073486,1.4600669918581843,11167.897854866256,2017-09-18 00:00:00+00:00,1.4926700592041016,native,3.6091662310598123,6.665939679701277,0.010200207746333243,10
AUDUSD,1,2017-09-13 00:00:00+00:00,2017-09-14 00:00:00+00:00,0.798180103302002,0.7796032060869038,18636.588207085177,2017-09-21 00:00:00+00:00,0.8016674518585205,native,59.029138966481476,5.9631400159277295,0.1705009727303762,5
AUDCAD,-1,2017-09-19 00:00:00+00:00,2017-09-20 00:00:00+00:00,0.9839299917221069,1.0037997555918992,17204.353255562863,2017-09-22 00:00:00+00:00,0.9772899746894836,native,107.48889442940376,6.748304222801628,0.3144361996590907,2
NZDCHF,-1,2017-09-12 00:00:00+00:00,2017-09-13 00:00:00+00:00,0.6987000107765198,0.718944201245904,17195.61800773333,2017-09-26 00:00:00+00:00,0.7021499872207642,native,-64.14217336124361,4.817696290339059,-0.1842576244026669,9
USDJPY,-1,2017-09-12 00:00:00+00:00,2017-09-13 00:00:00+00:00,110.20600128173828,112.8419897556305,132.06103502923014,2017-09-26 00:00:00+00:00,111.7509994506836,native,-209.89643155892477,5.862374249741444,-0.6029577082121901,9
USDCHF,-1,2017-09-13 00:00:00+00:00,2017-09-14 00:00:00+00:00,0.9635699987411499,0.9856335092335939,15691.518522480637,2017-09-26 00:00:00+00:00,0.9662799835205078,native,-48.5802317093888,6.056455348453547,-0.14032013522374398,8
GBPCAD,-1,2017-09-15 00:00:00+00:00,2017-09-18 00:00:00+00:00,1.6560499668121338,1.7041173540055752,7119.866506529484,2017-09-27 00:00:00+00:00,1.6618399620056152,native,-45.94857952634344,4.724586675308197,-0.1342609523016795,7
NZDCAD,-1,2017-09-19 00:00:00+00:00,2017-09-20 00:00:00+00:00,0.8988800048828125,0.9229271402582526,14215.682299924198,2017-09-27 00:00:00+00:00,0.890500009059906,native,114.03990673472182,5.087451558408723,0.33359981115717924,5
EURNZD,1,2017-09-13 00:00:00+00:00,2017-09-14 00:00:00+00:00,1.6399400234222412,1.5996939856559038,8602.337093981178,2017-09-28 00:00:00+00:00,1.6279000043869019,max_hold,-109.19451465762303,5.622212297683815,-0.3153996702631522,10
EURGBP,1,2017-09-15 00:00:00+00:00,2017-09-18 00:00:00+00:00,0.8790900111198425,0.8581663626246154,16356.295615128241,2017-10-02 00:00:00+00:00,0.8815199732780457,native,33.9857679195937,5.759411473551636,0.09930582430676584,10
USDCAD,-1,2017-09-18 00:00:00+00:00,2017-09-19 00:00:00+00:00,1.228119969367981,1.2565969349816442,12038.833919380575,2017-10-03 00:00:00+00:00,1.2516900300979614,max_hold,-289.7268507449869,5.970804147037943,-0.845104884290299,10
AUDNZD,1,2017-09-21 00:00:00+00:00,2017-09-22 00:00:00+00:00,1.0865700244903564,1.063355830963701,14523.389983909401,2017-10-04 00:00:00+00:00,1.0940500497817993,native,102.30132524805119,6.333999149079201,0.3034307984251255,8
EURCHF,1,2017-09-26 00:00:00+00:00,2017-09-27 00:00:00+00:00,1.1422499418258667,1.1222658320330083,17132.31806068602,2017-10-05 00:00:00+00:00,1.1465799808502197,native,66.34101333597822,7.84259244442042,0.19376760235783072,6
AUDUSD,1,2017-09-27 00:00:00+00:00,2017-09-28 00:00:00+00:00,0.785071074962616,0.7660918897017837,17828.379825105843,2017-10-05 00:00:00+00:00,0.7862686514854431,native,15.747960823113159,5.602888295478783,0.04654091128771669,5
AUDCHF,1,2017-09-28 00:00:00+00:00,2017-09-29 00:00:00+00:00,0.7612000107765198,0.7413509697653353,17122.072973128517,2017-10-05 00:00:00+00:00,0.7668600082397461,native,91.67817856249998,5.2327110305833315,0.26975537288708296,4
GBPUSD,1,2017-09-27 00:00:00+00:00,2017-09-28 00:00:00+00:00,1.339943766593933,1.30912602879107,10979.65482624532,2017-10-06 00:00:00+00:00,1.30912602879107,stop,-344.18529799396083,5.81717439279193,-1.0171918510847924,6
CADJPY,1,2017-09-25 00:00:00+00:00,2017-09-26 00:00:00+00:00,90.3290023803711,88.0592155456543,149.7463262828622,2017-10-10 00:00:00+00:00,89.74700164794922,max_hold,-92.54561558509864,5.393144010987774,-0.27227928357626996,10
GBPAUD,1,2017-10-03 00:00:00+00:00,2017-10-04 00:00:00+00:00,1.6898499727249146,1.648007182404399,8038.17469589123,2017-10-10 00:00:00+00:00,1.6934599876403809,native,23.578803242938186,5.4391273023530164,0.07010414221718428,4
NZDUSD,1,2017-09-26 00:00:00+00:00,2017-09-27 00:00:00+00:00,0.7202898263931274,0.6996671189554036,16601.802947785378,2017-10-11 00:00:00+00:00,0.7073586583137512,max_hold,-219.42101210285793,4.740307764361598,-0.6408808259647367,10
EURUSD,1,2017-09-26 00:00:00+00:00,2017-09-27 00:00:00+00:00,1.1781338453292847,1.1533495439216495,13814.152737242199,2017-10-11 00:00:00+00:00,1.181404709815979,native,38.66521640397917,6.519005198037689,0.11293264755096218,10
USDCHF,-1,2017-10-05 00:00:00+00:00,2017-10-06 00:00:00+00:00,0.9783200025558472,0.9985191710293293,16453.3565605035,2017-10-11 00:00:00+00:00,0.9746699929237366,native,53.62826177544349,6.4266481509443425,0.1613636540184166,3
GBPUSD,1,2017-10-06 00:00:00+00:00,2017-10-09 00:00:00+00:00,1.3083524703979492,1.2786462288349867,11103.618915280415,2017-10-11 00:00:00+00:00,1.3210039138793945,native,134.6377328894822,5.839074256695047,0.4081826433306828,2
GBPCHF,1,2017-10-02 00:00:00+00:00,2017-10-03 00:00:00+00:00,1.2934000492095947,1.2610628455877304,10398.034710213553,2017-10-12 00:00:00+00:00,1.2880899906158447,native,-60.58265817871536,5.368484607635097,-0.18017502904226645,7
GBPJPY,1,2017-10-05 00:00:00+00:00,2017-10-06 00:00:00+00:00,147.84500122070312,143.7429165840149,81.01834812169956,2017-10-12 00:00:00+00:00,148.79600524902344,native,72.24210256572658,4.806672865867128,0.21737138698977473,4
CHFJPY,1,2017-10-06 00:00:00+00:00,2017-10-09 00:00:00+00:00,115.08000183105469,112.94985204935074,154.84675704660967,2017-10-12 00:00:00+00:00,115.5,native,57.8944413220277,7.140913104668028,0.1755191920260301,3
NZDJPY,1,2017-10-04 00:00:00+00:00,2017-10-05 00:00:00+00:00,80.74500274658203,78.66384744644165,162.3196558117055,2017-10-13 00:00:00+00:00,80.00900268554688,native,-124.68598355104004,5.218706966419241,-0.36909828981516546,6
NZDCAD,-1,2017-10-13 00:00:00+00:00,2017-10-16 00:00:00+00:00,0.8950999975204468,0.9179088394157588,14771.816067273458,2017-10-19 00:00:00+00:00,0.8919299840927124,native,41.54731964626072,5.2795356390185315,0.12331215430932607,3
AUDCAD,-1,2017-10-13 00:00:00+00:00,2017-10-16 00:00:00+00:00,0.9835000038146973,1.0042977477423847,16200.219521720755,2017-10-19 00:00:00+00:00,0.9775800108909607,native,89.55119958398775,6.353985347578206,0.265787334434697,3
USDJPY,1,2017-10-13 00:00:00+00:00,2017-10-16 00:00:00+00:00,111.87699890136719,109.87028062343597,167.90000912954264,2017-10-19 00:00:00+00:00,113.0009994506836,native,181.16829889656705,7.55140359526852,0.5377062448239599,3
GBPJPY,1,2017-10-17 00:00:00+00:00,2017-10-18 00:00:00+00:00,148.02699279785156,144.39872682094574,92.69473957788597,2017-10-19 00:00:00+00:00,149.28900146484375,native,111.46963899977168,5.511925732104157,0.3314380687066323,1
NZDCHF,-1,2017-10-13 00:00:00+00:00,2017-10-16 00:00:00+00:00,0.6994400024414062,0.7168301618658006,19374.636480470603,2017-10-20 00:00:00+00:00,0.6861000061035156,native,253.08871289849873,5.368866798941199,0.7511655308839452,4
EURNZD,1,2017-10-13 00:00:00+00:00,2017-10-16 00:00:00+00:00,1.6457200050354004,1.6076797377318144,8857.141157714974,2017-10-20 00:00:00+00:00,1.6853400468826294,native,345.0195694985489,5.9007338169326715,1.0240156707093713,4
GBPNZD,1,2017-10-16 00:00:00+00:00,2017-10-17 00:00:00+00:00,1.8442399501800537,1.7979096174240112,7273.50695267882,2017-10-20 00:00:00+00:00,1.8707400560379028,native,187.3445176229325,5.404186580857823,0.5559448491819055,3
AUDNZD,1,2017-10-16 00:00:00+00:00,2017-10-17 00:00:00+00:00,1.0916999578475952,1.0719881425611675,17095.533441459516,2017-10-20 00:00:00+00:00,1.1202199459075928,native,480.00161949281903,7.562790136895346,1.424404788258082,3
EURAUD,1,2017-10-13 00:00:00+00:00,2017-10-16 00:00:00+00:00,1.4981000423431396,1.4687256878241897,11470.14198959544,2017-10-23 00:00:00+00:00,1.5057899951934814,native,81.31384203637934,6.891009050335244,0.24133891480955277,5
GBPAUD,1,2017-10-13 00:00:00+00:00,2017-10-16 00:00:00+00:00,1.6850199699401855,1.645242371596396,8470.295624011069,2017-10-23 00:00:00+00:00,1.68982994556427,native,35.024720186084316,5.717195294198303,0.10395312470213965,5
USDCAD,-1,2017-10-20 00:00:00+00:00,2017-10-23 00:00:00+00:00,1.263659954071045,1.2878394983708858,14683.75405009243,2017-10-27 00:00:00+00:00,1.2878394983708858,stop,-362.5395996258991,7.493118083720564,-1.021104611574162,4
AUDJPY,1,2017-10-25 00:00:00+00:00,2017-10-26 00:00:00+00:00,87.51200103759766,85.68802219629288,193.3287891731911,2017-11-02 00:00:00+00:00,87.64700317382812,native,19.32714389383535,6.772655639395365,0.05480893370269034,5
AUDCHF,1,2017-10-25 00:00:00+00:00,2017-10-26 00:00:00+00:00,0.7620400190353394,0.7448277054354548,20486.939121846994,2017-11-02 00:00:00+00:00,0.7695199847221375,native,146.96620634724997,6.275395311687037,0.41677451694202994,5
EURJPY,1,2017-10-30 00:00:00+00:00,2017-10-31 00:00:00+00:00,131.68299865722656,129.04911160469055,132.57783552906872,2017-11-02 00:00:00+00:00,132.77000427246094,native,137.10073033020106,7.012121345516087,0.3926193470037945,2
CADJPY,1,2017-10-30 00:00:00+00:00,2017-10-31 00:00:00+00:00,88.11499786376953,86.08798062801361,172.27038739166917,2017-11-02 00:00:00+00:00,88.6969985961914,native,94.16959741142122,6.091894225130382,0.2696762136440488,2
AUDUSD,1,2017-10-25 00:00:00+00:00,2017-10-26 00:00:00+00:00,0.7708317637443542,0.7543550375849009,21401.558626053615,2017-11-03 00:00:00+00:00,0.771378755569458,native,5.105335844367952,6.601141768562229,0.014477980572865886,6
CHFJPY,1,2017-10-26 00:00:00+00:00,2017-10-27 00:00:00+00:00,114.35900115966797,112.52532434463501,191.4798517866313,2017-11-03 00:00:00+00:00,114.07599639892578,native,-62.93784953690491,8.748139895079802,-0.17925283101100795,5
EURGBP,1,2017-10-30 00:00:00+00:00,2017-10-31 00:00:00+00:00,0.8818100094795227,0.861873131711036,17515.031616696702,2017-11-03 00:00:00+00:00,0.8931999802589417,native,193.27782709673008,6.217871218044339,0.5534953320982735,3
USDCAD,-1,2017-10-31 00:00:00+00:00,2017-11-01 00:00:00+00:00,1.289180040359497,1.312555754557252,14920.864806616102,2017-11-03 00:00:00+00:00,1.280500054359436,native,121.84452777232045,7.668369857910733,0.34933905813673766,2
NZDCAD,-1,2017-10-31 00:00:00+00:00,2017-11-01 00:00:00+00:00,0.8896399736404419,0.9147690366953611,13879.780178852265,2017-11-06 00:00:00+00:00,0.881309986114502,native,110.70231652279864,4.916079229829178,0.31739335113919487,3
NZDCHF,-1,2017-11-01 00:00:00+00:00,2017-11-02 00:00:00+00:00,0.6906800270080566,0.7088585630990565,19453.652405713292,2017-11-08 00:00:00+00:00,0.6895700097084045,native,16.22370982230943,5.370180889451009,0.045876482469988496,4
GBPNZD,1,2017-11-02 00:00:00+00:00,2017-11-03 00:00:00+00:00,1.8883899450302124,1.8317665122449398,6335.243301783004,2017-11-08 00:00:00+00:00,1.905460000038147,native,103.33595915959208,4.806992490492829,0.28806598640489633,3
NZDJPY,-1,2017-11-03 00:00:00+00:00,2017-11-06 00:00:00+00:00,78.86100006103516,80.69377332925797,196.02695471128905,2017-11-08 00:00:00+00:00,78.60399627685547,native,44.20619242087331,6.173476741148196,0.12304347123677832,2
EURNZD,1,2017-11-03 00:00:00+00:00,2017-11-06 00:00:00+00:00,1.6813199520111084,1.638462540693581,8382.983278764734,2017-11-13 00:00:00+00:00,1.6836700439453125,native,14.059050414130198,5.641730973862657,0.03913194669149185,5
EURCHF,1,2017-11-07 00:00:00+00:00,2017-11-08 00:00:00+00:00,1.1580300331115723,1.1422432786785066,22853.939608749646,2017-11-13 00:00:00+00:00,1.161870002746582,native,77.15466307437792,10.603771063567681,0.2138495054288715,3
EURCAD,1,2017-11-03 00:00:00+00:00,2017-11-06 00:00:00+00:00,1.4821900129318237,1.4523500353097916,12039.98766341925,2017-11-14 00:00:00+00:00,1.4854799509048462,native,32.464670657866286,7.146141950738672,0.09036213144691681,6
NZDUSD,-1,2017-11-06 00:00:00+00:00,2017-11-07 00:00:00+00:00,0.6942515969276428,0.7119087702594697,20248.67100715079,2017-11-14 00:00:00+00:00,0.689812183380127,native,84.28713396026393,5.605090428073092,0.23574559263974929,5
AUDNZD,1,2017-11-08 00:00:00+00:00,2017-11-09 00:00:00+00:00,1.1036299467086792,1.080745599232614,15664.74055629096,2017-11-15 00:00:00+00:00,1.1091699600219727,native,79.85028394275578,6.9325872883841,0.2227484675837393,4
AUDJPY,1,2017-11-13 00:00:00+00:00,2017-11-14 00:00:00+00:00,86.50499725341797,84.79822719097137,212.56746310237753,2017-11-17 00:00:00+00:00,84.79822719097137,stop,-370.0864806416392,7.282698368280206,-1.0200733804996358,2
GBPCHF,1,2017-11-14 00:00:00+00:00,2017-11-15 00:00:00+00:00,1.3022700548171997,1.2728737704455853,12338.610886836748,2017-11-17 00:00:00+00:00,1.3112900257110596,native,104.84437089732832,6.449540172601582,0.2890589426315152,1
USDCAD,-1,2017-11-17 00:00:00+00:00,2017-11-20 00:00:00+00:00,1.2795599699020386,1.301975471433252,15767.88089430552,2017-11-23 00:00:00+00:00,1.270650029182434,native,132.44860253784026,8.04228150420619,0.3747361489142129,3
USDJPY,1,2017-11-15 00:00:00+00:00,2017-11-17 00:00:00+00:00,113.04499816894531,110.98948013782501,176.17933825962183,2017-11-27 00:00:00+00:00,110.98948013782501,stop,-370.03385573058057,7.894049227085279,-1.0217983471723346,6
GBPJPY,1,2017-11-17 00:00:00+00:00,2017-11-20 00:00:00+00:00,147.8520050048828,144.32917845249176,100.32993480488096,2017-11-27 00:00:00+00:00,148.76499938964844,native,85.64875415817308,5.951912942584483,0.24232557896082213,5
AUDCHF,1,2017-11-13 00:00:00+00:00,2017-11-14 00:00:00+00:00,0.7588099837303162,0.742898304015398,22801.09886407587,2017-11-28 00:00:00+00:00,0.7466199994087219,max_hold,-284.8101292439045,6.865091575699456,-0.7850252482464771,10
USDCHF,1,2017-11-14 00:00:00+00:00,2017-11-15 00:00:00+00:00,0.9896600246429443,0.9720123996958137,20552.868471920006,2017-11-29 00:00:00+00:00,0.9839299917221069,native,-125.88120016651182,8.11258720476907,-0.34705808529244797,9
CADCHF,1,2017-11-14 00:00:00+00:00,2017-11-15 00:00:00+00:00,0.7769299745559692,0.7608559122309089,22564.881673667947,2017-11-30 00:00:00+00:00,0.7652400135993958,max_hold,-270.7423624155604,6.959776660681543,-0.7464444713206311,10
CADJPY,1,2017-11-15 00:00:00+00:00,2017-11-17 00:00:00+00:00,88.5999984741211,86.71812200546265,192.4354826338084,2017-12-01 00:00:00+00:00,87.28600311279297,max_hold,-259.62867305654487,6.769341520781719,-0.7169293968627528,10
AUDNZD,1,2017-11-27 00:00:00+00:00,2017-11-28 00:00:00+00:00,1.0991300344467163,1.0782191613689065,16804.982914490083,2017-12-01 00:00:00+00:00,1.1067899465560913,native,121.31060260624568,7.414089518296894,0.3452140944241494,3
USDCAD,-1,2017-11-28 00:00:00+00:00,2017-11-29 00:00:00+00:00,1.2814199924468994,1.3028864124789834,16381.608170236084,2017-12-04 00:00:00+00:00,1.2717900276184082,native,149.38917328849166,8.365137225006096,0.424818055868109,3
NZDCAD,-1,2017-11-28 00:00:00+00:00,2017-11-29 00:00:00+00:00,0.8840699791908264,0.904140317812562,17521.103575326597,2017-12-04 00:00:00+00:00,0.8716199994087219,native,211.98506008073372,6.152325192241125,0.6028220058670012,3
AUDCAD,-1,2017-11-28 00:00:00+00:00,2017-11-29 00:00:00+00:00,0.9746099710464478,0.9906356320716441,21943.212278758332,2017-12-04 00:00:00+00:00,0.9649800062179565,native,202.80019554758627,8.512166920972973,0.576703002672248,3
CADCHF,1,2017-11-30 00:00:00+00:00,2017-12-01 00:00:00+00:00,0.7629899978637695,0.7481152908876538,23483.355957617478,2017-12-04 00:00:00+00:00,0.7723699808120728,native,213.06239747092187,7.211080980464957,0.6099556090171332,1
CHFJPY,-1,2017-11-24 00:00:00+00:00,2017-11-27 00:00:00+00:00,113.87999725341797,115.60018265247345,205.0727185352404,2017-12-06 00:00:00+00:00,113.88099670410156,native,-9.546473310157875,9.3415132414314,-0.027061995469010627,7
AUDJPY,-1,2017-12-01 00:00:00+00:00,2017-12-04 00:00:00+00:00,85.62200164794922,87.36423569917679,204.86870567082698,2017-12-07 00:00:00+00:00,84.99400329589844,native,121.6664335281412,6.990776019914698,0.34086990243565163,3
AUDCHF,-1,2017-12-05 00:00:00+00:00,2017-12-06 00:00:00+00:00,0.7508500218391418,0.7666594604961574,22743.347215788075,2017-12-08 00:00:00+00:00,0.7469099760055542,native,82.79701530402303,6.812815135379985,0.23027344063245475,2
EURGBP,1,2017-11-30 00:00:00+00:00,2017-12-01 00:00:00+00:00,0.879289984703064,0.8611060730181634,19209.73026807196,2017-12-12 00:00:00+00:00,0.8823500275611877,native,52.01447202028994,6.76812589300785,0.14890717149266347,7
NZDJPY,-1,2017-12-01 00:00:00+00:00,2017-12-04 00:00:00+00:00,77.34100341796875,79.09704834222794,203.2574623346891,2017-12-13 00:00:00+00:00,79.09704834222794,stop,-363.2886753333055,6.359440282672065,-1.017817089938766,7
EURUSD,1,2017-12-07 00:00:00+00:00,2017-12-08 00:00:00+00:00,1.1774401664733887,1.157366479281336,18004.70051002337,2017-12-14 00:00:00+00:00,1.1839923858642578,native,109.46737063267474,8.503377175891883,0.3028807225216065,4
AUDNZD,1,2017-12-06 00:00:00+00:00,2017-12-07 00:00:00+00:00,1.0979000329971313,1.076211590319872,16641.80621675525,2017-12-15 00:00:00+00:00,1.096850037574768,native,-24.778741421183298,7.3049210737334915,-0.06865156058617504,6
NZDCHF,-1,2017-12-06 00:00:00+00:00,2017-12-07 00:00:00+00:00,0.6809999942779541,0.6973852054215968,22028.08721926028,2017-12-20 00:00:00+00:00,0.6868100166320801,native,-134.00972680647968,6.026047643940718,-0.3712850754851803,9
EURNZD,1,2017-12-06 00:00:00+00:00,2017-12-07 00:00:00+00:00,1.7130999565124512,1.6692521758377552,8231.542272479193,2017-12-20 00:00:00+00:00,1.697909951210022,native,-130.65274521558163,5.615574449452579,-0.3619842792438833,9
EURCHF,1,2017-12-12 00:00:00+00:00,2017-12-13 00:00:00+00:00,1.1641000509262085,1.148917610757053,23205.676413857767,2017-12-20 00:00:00+00:00,1.1664700508117676,native,44.18095931701539,10.81649112814861,0.12540051823022436,5
EURAUD,1,2017-12-12 00:00:00+00:00,2017-12-13 00:00:00+00:00,1.5536099672317505,1.522084953263402,11175.848933545696,2017-12-20 00:00:00+00:00,1.5466500520706177,native,-84.7125679572016,6.929607526086947,-0.240442943898571,5
CADJPY,1,2017-12-15 00:00:00+00:00,2017-12-18 00:00:00+00:00,87.55000305175781,85.84567523002625,201.79824684821682,2017-12-21 00:00:00+00:00,88.28299713134766,native,140.82036197635023,7.096558235002574,0.40944439834599555,3
NZDCAD,-1,2017-12-11 00:00:00+00:00,2017-12-12 00:00:00+00:00,0.8877599835395813,0.9086469346657395,17045.699576526153,2017-12-22 00:00:00+00:00,0.8932700157165527,native,-99.99413360646761,6.071780460820132,-0.2808566047476383,8
AUDJPY,-1,2017-12-12 00:00:00+00:00,2017-12-13 00:00:00+00:00,85.78800201416016,87.4576131105423,211.01847879522114,2017-12-22 00:00:00+00:00,87.4576131105423,stop,-359.6303989704922,7.311605232311415,-1.0207528106994626,7
AUDCAD,-1,2017-12-12 00:00:00+00:00,2017-12-13 00:00:00+00:00,0.9726200103759766,0.9894180092960596,20973.855005846075,2017-12-22 00:00:00+00:00,0.9815400242805481,native,-195.28433212963526,8.197253845021017,-0.5542830402477967,7
AUDUSD,-1,2017-12-13 00:00:00+00:00,2017-12-14 00:00:00+00:00,0.7630908489227295,0.7783525874838233,22843.838762120606,2017-12-28 00:00:00+00:00,0.7775444984436035,max_hold,-337.21564427233994,7.038805093292037,-0.9672408245793795,10
GBPAUD,1,2017-12-14 00:00:00+00:00,2017-12-15 00:00:00+00:00,1.7521699666976929,1.7054703580215573,7444.651491126262,2017-12-29 00:00:00+00:00,1.724370002746582,max_hold,-212.1373687753903,5.176325693496674,-0.6101822424812173,10
GBPCAD,1,2017-12-21 00:00:00+00:00,2017-12-22 00:00:00+00:00,1.703909993171692,1.6606630077585578,8044.200644307846,2018-01-01 00:00:00+00:00,1.6994999647140503,native,-40.950696275590154,5.475542515213646,-0.11771249257231933,6
NZDUSD,-1,2017-12-26 00:00:00+00:00,2017-12-27 00:00:00+00:00,0.7032595872879028,0.7179551450535655,23531.026979199545,2018-01-01 00:00:00+00:00,0.7179551450535655,stop,-352.4900947001863,6.688528441992591,-1.0193420999053504,3
GBPNZD,1,2017-12-27 00:00:00+00:00,2017-12-28 00:00:00+00:00,1.8955899477005005,1.8469877783209085,7063.880256792125,2018-01-01 00:00:00+00:00,1.9020999670028687,native,40.62071145935578,5.36528536197834,0.11831737950862166,2
EURNZD,1,2017-12-27 00:00:00+00:00,2017-12-28 00:00:00+00:00,1.6833300590515137,1.6467178892344236,9377.207262856884,2018-01-01 00:00:00+00:00,1.6886999607086182,native,44.03063594145423,6.32404487837323,0.12824958686170726,2
EURAUD,1,2017-12-27 00:00:00+00:00,2017-12-28 00:00:00+00:00,1.5306199789047241,1.500081886537373,11242.34941029968,2018-01-01 00:00:00+00:00,1.538699984550476,native,83.93697321050323,6.901273496234321,0.24448618346059914,2
GBPCHF,1,2017-12-28 00:00:00+00:00,2017-12-29 00:00:00+00:00,1.315440058708191,1.2904314044862986,13678.46491533401,2018-01-03 00:00:00+00:00,1.3205599784851074,native,62.8213562327636,7.211286805113536,0.18364521852029198,3
EURCHF,1,2017-12-28 00:00:00+00:00,2017-12-29 00:00:00+00:00,1.1685700416564941,1.1531945173628628,22248.34697152845,2018-01-03 00:00:00+00:00,1.1717900037765503,native,61.225006016368326,10.413828465819291,0.1789786194223895,3
CADCHF,1,2017-12-29 00:00:00+00:00,2018-01-01 00:00:00+00:00,0.7742000222206116,0.7591391168534756,22772.686962107233,2018-01-04 00:00:00+00:00,0.7786499857902527,native,94.26511393791091,7.072513426307424,0.274843607813339,3
USDJPY,1,2017-12-28 00:00:00+00:00,2017-12-29 00:00:00+00:00,112.8759994506836,111.381128013134,228.83573179685305,2018-01-05 00:00:00+00:00,112.79000091552734,native,-30.007626593032022,10.328088867094158,-0.0877210788403615,5
USDCHF,1,2017-12-28 00:00:00+00:00,2017-12-29 00:00:00+00:00,0.9787099957466125,0.9629435297101736,21696.68196812591,2018-01-09 00:00:00+00:00,0.9774900078773499,native,-34.95829867329945,8.488609868935175,-0.10219334290028412,7
EURCAD,1,2018-01-05 00:00:00+00:00,2018-01-08 00:00:00+00:00,1.4918899536132812,1.4630083180963993,11901.464911566718,2018-01-11 00:00:00+00:00,1.4982399940490723,native,68.45739810297094,7.117385330625666,0.1991581966643256,3
EURGBP,1,2018-01-08 00:00:00+00:00,2018-01-09 00:00:00+00:00,0.8820300102233887,0.8668040651828051,22493.97345314443,2018-01-12 00:00:00+00:00,0.88919997215271,native,153.312533257613,7.968400040596288,0.44763828548436835,3
EURUSD,1,2018-01-09 00:00:00+00:00,2018-01-10 00:00:00+00:00,1.1929330825805664,1.1737998784519732,17907.97100600423,2018-01-12 00:00:00+00:00,1.2042099237442017,native,193.3597511067932,8.585593490901953,0.5643285092136942,2
EURNZD,1,2018-01-05 00:00:00+00:00,2018-01-08 00:00:00+00:00,1.678380012512207,1.643678723834455,9905.50451554864,2018-01-15 00:00:00+00:00,1.6820800304412842,native,29.99313387812531,6.657410425959317,0.08725687246386732,5
EURAUD,1,2018-01-08 00:00:00+00:00,2018-01-09 00:00:00+00:00,1.5259599685668945,1.4978181282058358,12170.206324382656,2018-01-15 00:00:00+00:00,1.5417300462722778,native,184.45821534209352,7.466884083968245,0.5385767067099256,4
EURJPY,1,2018-01-09 00:00:00+00:00,2018-01-10 00:00:00+00:00,134.5189971923828,132.13538134098053,143.74667989610577,2018-01-15 00:00:00+00:00,135.54299926757812,native,139.432795444602,7.764103071446652,0.40694043687143416,3
CHFJPY,1,2018-01-09 00:00:00+00:00,2018-01-10 00:00:00+00:00,114.59400177001953,112.26602011919022,147.18194392328965,2018-01-15 00:00:00+00:00,114.81199645996094,native,25.331998077100717,6.752884153430254,0.07393249437086277,3
GBPJPY,1,2018-01-10 00:00:00+00:00,2018-01-11 00:00:00+00:00,150.55599975585938,147.49887549877167,111.12356598318068,2018-01-15 00:00:00+00:00,152.63900756835938,native,224.73283401539186,6.738422080432755,0.6615265330960787,2
AUDNZD,1,2018-01-08 00:00:00+00:00,2018-01-09 00:00:00+00:00,1.0933300256729126,1.0734258932061493,17207.080193715105,2018-01-17 00:00:00+00:00,1.096869945526123,native,53.37429548457754,7.537389308938864,0.15584099754914155,6
CADJPY,1,2018-01-10 00:00:00+00:00,2018-01-11 00:00:00+00:00,88.91000366210938,86.73881214857101,156.46641347986548,2018-01-18 00:00:00+00:00,89.46499633789062,native,81.25577418619179,5.581939300894201,0.23918556817446526,5
NZDCAD,-1,2018-01-11 00:00:00+00:00,2018-01-12 00:00:00+00:00,0.9093199968338013,0.9311296865344048,15745.716798817988,2018-01-25 00:00:00+00:00,0.9064900279045105,native,38.84164322806983,5.718246081996829,0.11310600738509596,9
CADCHF,1,2018-01-12 00:00:00+00:00,2018-01-15 00:00:00+00:00,0.7768300175666809,0.7599146859720349,21018.739128838846,2018-01-25 00:00:00+00:00,0.7599146859720349,stop,-361.9990292719304,6.4600872062610115,-1.0181698442615825,8
AUDNZD,1,2018-01-23 00:00:00+00:00,2018-01-24 00:00:00+00:00,1.0872199535369873,1.0670785461552441,17560.570135187398,2018-01-26 00:00:00+00:00,1.098080039024353,native,183.034270117857,7.675022757159583,0.5174924120893962,2
AUDCHF,1,2018-01-24 00:00:00+00:00,2018-01-25 00:00:00+00:00,0.7618100047111511,0.7462736526504159,22879.14411853973,2018-02-01 00:00:00+00:00,0.7462736526504159,stop,-362.3591705418509,6.900732667917957,-1.0194136133304152,5
NZDJPY,1,2018-01-26 00:00:00+00:00,2018-01-29 00:00:00+00:00,79.9739990234375,78.00709420442581,178.95127229023086,2018-02-01 00:00:00+00:00,80.50299835205078,native,88.92159032529267,5.743512570731934,0.25263242244119527,3
AUDJPY,1,2018-02-02 00:00:00+00:00,2018-02-05 00:00:00+00:00,86.98300170898438,85.19044494628906,193.6868691000096,2018-02-06 00:00:00+00:00,85.19044494628906,stop,-353.86425421546744,6.669547164963487,-1.0192098180920521,1
USDJPY,-1,2018-02-02 00:00:00+00:00,2018-02-05 00:00:00+00:00,110.02200317382812,112.39668852090836,146.206615321644,2018-02-06 00:00:00+00:00,109.01300048828125,native,141.11799419977748,6.404873304480182,0.4064520320560361,1
EURCHF,1,2018-01-25 00:00:00+00:00,2018-01-26 00:00:00+00:00,1.1668000221252441,1.1499155652709305,20906.493119587692,2018-02-08 00:00:00+00:00,1.1499155652709305,stop,-362.68166075027074,9.686879697587937,-1.0274419912631576,9
GBPCHF,1,2018-01-29 00:00:00+00:00,2018-01-30 00:00:00+00:00,1.318969964981079,1.2916172500699759,12867.111088030897,2018-02-09 00:00:00+00:00,1.2916172500699759,stop,-358.6685644606157,6.718143140211026,-1.0190883224830554,8
AUDCAD,1,2018-01-31 00:00:00+00:00,2018-02-01 00:00:00+00:00,0.9916200041770935,0.9751005973666906,21235.822306699712,2018-02-13 00:00:00+00:00,0.9884700179100037,native,-75.30231660852641,8.409767972062141,-0.21465687673931583,8
AUDNZD,1,2018-02-01 00:00:00+00:00,2018-02-02 00:00:00+00:00,1.0863399505615234,1.0645435517653823,15998.8609860784,2018-02-13 00:00:00+00:00,1.0813000202178955,native,-87.56909905929498,6.935954112073394,-0.25111755336174335,7
AUDUSD,1,2018-02-02 00:00:00+00:00,2018-02-05 00:00:00+00:00,0.7906700968742371,0.7715930989943445,18199.651183924063,2018-02-13 00:00:00+00:00,0.785749614238739,native,-95.28912539496352,5.738057772343701,-0.27445442992050706,6
EURUSD,1,2018-02-07 00:00:00+00:00,2018-02-08 00:00:00+00:00,1.2268433570861816,1.197502396069467,11616.658435658457,2018-02-14 00:00:00+00:00,1.2352999448776245,native,92.51691635263958,5.720375551711564,0.27143484245499633,4
USDCHF,-1,2018-02-07 00:00:00+00:00,2018-02-08 00:00:00+00:00,0.9427499771118164,0.9667517747730017,14200.766422439361,2018-02-14 00:00:00+00:00,0.9353100061416626,native,100.3193117069812,5.333978229902607,0.29432624477654473,4
USDCAD,-1,2018-02-05 00:00:00+00:00,2018-02-06 00:00:00+00:00,1.2534300088882446,1.2797415293753147,13033.247775578264,2018-02-15 00:00:00+00:00,1.2482500076293945,native,60.99123678230322,6.521003102097424,0.17785613179771328,7
GBPJPY,1,2018-02-09 00:00:00+00:00,2018-02-12 00:00:00+00:00,150.3990020751953,145.28130400180817,65.92203413336549,2018-02-21 00:00:00+00:00,150.2989959716797,native,-10.557130507718066,3.9645247382161526,-0.03129252660640209,7
CHFJPY,1,2018-02-07 00:00:00+00:00,2018-02-08 00:00:00+00:00,115.74099731445312,112.9325703382492,121.36470885415494,2018-02-22 00:00:00+00:00,114.62799835205078,max_hold,-140.67052824455487,5.5917332176178665,-0.4127124441392223,10
EURNZD,1,2018-02-16 00:00:00+00:00,2018-02-19 00:00:00+00:00,1.6796900033950806,1.64164019189775,8933.503977992264,2018-02-23 00:00:00+00:00,1.683750033378601,native,30.2608330188971,6.009460989651227,0.08902388324324303,4
EURJPY,1,2018-02-16 00:00:00+00:00,2018-02-19 00:00:00+00:00,131.89199829101562,128.31523537635803,95.03513385812434,2018-03-05 00:00:00+00:00,130.02499389648438,max_hold,-182.409275830435,4.978263282451275,-0.5366270672017676,10
USDCAD,-1,2018-02-20 00:00:00+00:00,2018-02-21 00:00:00+00:00,1.2646000385284424,1.2904983339831233,13178.629712551665,2018-03-05 00:00:00+00:00,1.2904983339831233,stop,-348.03858504959436,6.734539066094664,-1.0197317879625143,8
EURUSD,1,2018-02-21 00:00:00+00:00,2018-02-22 00:00:00+00:00,1.2280335426330566,1.200127437710762,12187.916663094229,2018-03-05 00:00:00+00:00,1.231845736503601,native,40.46654046667621,5.996160731077978,0.11897819577337462,7
USDCHF,-1,2018-02-21 00:00:00+00:00,2018-02-22 00:00:00+00:00,0.9387099742889404,0.9606876680627465,15475.567395058346,2018-03-05 00:00:00+00:00,0.9369000196456909,native,22.20484929001053,5.805225773596073,0.06528586025585073,7
GBPUSD,1,2018-02-28 00:00:00+00:00,2018-03-01 00:00:00+00:00,1.3753076791763306,1.337793675251305,8864.110573718206,2018-03-06 00:00:00+00:00,1.3850032091140747,native,81.04870925263036,4.893540186328895,0.2437347871040362,3
GBPCHF,1,2018-03-01 00:00:00+00:00,2018-03-02 00:00:00+00:00,1.2965199947357178,1.2688657799735665,12136.519975415527,2018-03-06 00:00:00+00:00,1.3013499975204468,native,52.31360506726627,6.305820210909905,0.1558687825111278,2
AUDUSD,1,2018-02-21 00:00:00+00:00,2018-02-22 00:00:00+00:00,0.7797574996948242,0.7588825039565563,16293.046736339676,2018-03-07 00:00:00+00:00,0.7786343097686768,native,-23.378376077530046,5.078190117023556,-0.06873621944792882,9
NZDUSD,1,2018-02-23 00:00:00+00:00,2018-02-26 00:00:00+00:00,0.7283002734184265,0.7096927738748491,18355.695349472964,2018-03-07 00:00:00+00:00,0.7283374071121216,native,-4.6659047310090145,5.347519499676334,-0.01366082755051196,7
USDCHF,-1,2018-03-08 00:00:00+00:00,2018-03-09 00:00:00+00:00,0.9514399766921997,0.9728135936893523,15764.687341917632,2018-03-14 00:00:00+00:00,0.9436900019645691,native,116.20070217169611,5.9752263171637985,0.3448620199791749,3
CADCHF,-1,2018-03-08 00:00:00+00:00,2018-03-09 00:00:00+00:00,0.7376800179481506,0.7554033272899687,19011.595567594024,2018-03-14 00:00:00+00:00,0.7282599806785583,native,173.51596712510113,5.573971676050066,0.5149630406964781,3
CADJPY,-1,2018-03-09 00:00:00+00:00,2018-03-12 00:00:00+00:00,83.41600036621094,85.72857987880707,144.52549314418562,2018-03-14 00:00:00+00:00,82.2249984741211,native,167.3422663814839,4.787869408458894,0.5006849217573212,2
GBPNZD,1,2018-03-09 00:00:00+00:00,2018-03-12 00:00:00+00:00,1.895550012588501,1.8515027314424515,7587.907489338242,2018-03-14 00:00:00+00:00,1.9061700105667114,native,74.81414222840674,5.769419967213318,0.22384251007201375,2
USDCAD,1,2018-03-09 00:00:00+00:00,2018-03-12 00:00:00+00:00,1.2812000513076782,1.2548112133517861,12665.45707892644,2018-03-14 00:00:00+00:00,1.2956600189208984,native,176.61467704433113,6.5274221235758825,0.5284278005148368,2
EURAUD,1,2018-03-09 00:00:00+00:00,2018-03-12 00:00:00+00:00,1.5655299425125122,1.5335205411538482,10441.516564090021,2018-03-16 00:00:00+00:00,1.5798399448394775,native,142.8496399733801,6.568486355795153,0.4274034430135288,4
NZDJPY,-1,2018-03-09 00:00:00+00:00,2018-03-12 00:00:00+00:00,78.1050033569336,80.29536247253418,152.5899073410402,2018-03-16 00:00:00+00:00,77.26000213623047,native,124.19723161170728,4.741426358448422,0.3715957871051282,4
AUDCHF,-1,2018-03-07 00:00:00+00:00,2018-03-08 00:00:00+00:00,0.7386599779129028,0.7579642091877759,17477.887166438497,2018-03-19 00:00:00+00:00,0.7351800203323364,native,55.67038409898911,5.151921838142841,0.16499955556703774,7
NZDCHF,-1,2018-03-08 00:00:00+00:00,2018-03-09 00:00:00+00:00,0.6904900074005127,0.7084201094694436,18792.329682822503,2018-03-19 00:00:00+00:00,0.6886000037193298,native,30.3343094482862,5.183262830250287,0.09002657501632079,6
EURNZD,1,2018-03-09 00:00:00+00:00,2018-03-12 00:00:00+00:00,1.6839100122451782,1.64964403770864,9753.894322681736,2018-03-19 00:00:00+00:00,1.699139952659607,native,141.95164697387065,6.599582369206686,0.4247166648048899,5
NZDUSD,1,2018-03-16 00:00:00+00:00,2018-03-19 00:00:00+00:00,0.7227209210395813,0.7055503618903458,20355.58706833013,2018-03-26 00:00:00+00:00,0.7242125868797302,native,24.473097685498093,5.890636200507178,0.07001980122578562,5
NZDCAD,1,2018-03-21 00:00:00+00:00,2018-03-22 00:00:00+00:00,0.9320399761199951,0.9121533087454736,17541.37710852655,2018-03-27 00:00:00+00:00,0.9366000294685364,native,73.43391161813997,6.555703803621519,0.21050914507611324,3
EURCHF,1,2018-03-22 00:00:00+00:00,2018-03-23 00:00:00+00:00,1.1662499904632568,1.1517909169197083,24093.72942626266,2018-03-27 00:00:00+00:00,1.1770700216293335,native,249.4030396330792,11.291863666101083,0.7159080512649278,2
AUDCAD,1,2018-03-20 00:00:00+00:00,2018-03-21 00:00:00+00:00,1.0053000450134277,0.9873140454292297,19372.57639749641,2018-03-28 00:00:00+00:00,0.9873140454292297,stop,-356.15556476978,7.720413739565641,-1.022157390598333,5
USDCAD,1,2018-03-21 00:00:00+00:00,2018-03-22 00:00:00+00:00,1.2898099422454834,1.263522089459002,13269.98955303436,2018-03-29 00:00:00+00:00,1.2918000221252441,native,19.556751762687135,6.851587451441793,0.056062315125428655,5
USDJPY,-1,2018-03-28 00:00:00+00:00,2018-03-29 00:00:00+00:00,106.79900360107422,109.13332009315491,149.3036335019016,2018-04-03 00:00:00+00:00,105.80500030517578,native,142.05979373445146,6.348510056051122,0.4076064656807036,3
EURNZD,1,2018-03-29 00:00:00+00:00,2018-03-30 00:00:00+00:00,1.7019100189208984,1.6707643922418356,11197.610588638596,2018-04-03 00:00:00+00:00,1.7063100337982178,native,41.63686899029075,7.632784190147595,0.11938661260828405,2
CADCHF,-1,2018-03-21 00:00:00+00:00,2018-03-22 00:00:00+00:00,0.7354300022125244,0.7524716546759009,20469.818440317867,2018-04-05 00:00:00+00:00,0.7520999908447266,max_hold,-347.3215344798226,6.089893776481846,-0.9956484365162186,10
USDCHF,-1,2018-03-28 00:00:00+00:00,2018-03-29 00:00:00+00:00,0.9564999938011169,0.9763316437602043,17574.0261012099,2018-04-10 00:00:00+00:00,0.9560999870300293,native,0.30731303889496875,6.722416396860024,0.0008817609708467207,8
EURCAD,1,2018-03-29 00:00:00+00:00,2018-03-30 00:00:00+00:00,1.5852899551391602,1.5500625623390079,9900.153584166213,2018-04-12 00:00:00+00:00,1.5500625623390079,stop,-354.96469338396605,6.20809429270721,-1.0178006503930919,9
GBPCAD,1,2018-03-29 00:00:00+00:00,2018-03-30 00:00:00+00:00,1.8071999549865723,1.7663003774359822,8527.144287978777,2018-04-13 00:00:00+00:00,1.7923099994659424,max_hold,-133.10750731552366,6.138708149526503,-0.3816630499963487,10
CHFJPY,-1,2018-04-09 00:00:00+00:00,2018-04-10 00:00:00+00:00,111.60700225830078,113.8031907081604,157.1373061597221,2018-04-13 00:00:00+00:00,111.44999694824219,native,17.661276280301855,7.0101151950774865,0.05117680599061041,3
EURNZD,1,2018-04-04 00:00:00+00:00,2018-04-05 00:00:00+00:00,1.6787699460983276,1.6470233146101236,10849.295654018124,2018-04-17 00:00:00+00:00,1.6810599565505981,native,17.55464285526467,7.290357592209825,0.050967437989190574,8
CADCHF,-1,2018-04-05 00:00:00+00:00,2018-04-06 00:00:00+00:00,0.7533699870109558,0.7707108678296208,19847.642268779753,2018-04-17 00:00:00+00:00,0.7707108678296208,stop,-350.2254814335224,6.049882319114362,-1.0175778943500968,7
EURAUD,1,2018-04-13 00:00:00+00:00,2018-04-16 00:00:00+00:00,1.586590051651001,1.5552811566740274,10753.30016986759,2018-04-17 00:00:00+00:00,1.592919945716858,native,61.22920585466491,6.8380450789583005,0.1818649962118136,1
NZDJPY,-1,2018-04-10 00:00:00+00:00,2018-04-11 00:00:00+00:00,78.91999816894531,81.08503901958466,156.08915092180496,2018-04-18 00:00:00+00:00,78.54499816894531,native,53.61771608001956,4.915715515657295,0.15866074796278473,5
USDCAD,1,2018-04-04 00:00:00+00:00,2018-04-05 00:00:00+00:00,1.2753000259399414,1.2494375295937061,13317.685440091867,2018-04-19 00:00:00+00:00,1.2624000310897827,native,-178.55733181338348,6.7592582201650115,-0.5184161142865209,10
CADJPY,-1,2018-04-10 00:00:00+00:00,2018-04-11 00:00:00+00:00,85.04100036621094,87.46156847476959,139.61160063723466,2018-04-19 00:00:00+00:00,85.02200317382812,native,-2.0963251905021765,4.748553626680112,-0.0062032579344096,6
AUDUSD,-1,2018-04-10 00:00:00+00:00,2018-04-11 00:00:00+00:00,0.7763372659683228,0.7933670119382441,19844.06512488208,2018-04-20 00:00:00+00:00,0.7720815539360046,native,78.30524194151005,6.145384780554906,0.23171386556833498,7
AUDJPY,-1,2018-04-13 00:00:00+00:00,2018-04-16 00:00:00+00:00,83.5459976196289,85.91350036859512,142.20635892451088,2018-04-20 00:00:00+00:00,82.9540023803711,native,79.45001572331196,4.735471752186212,0.23598504352392824,4
EURJPY,-1,2018-04-09 00:00:00+00:00,2018-04-10 00:00:00+00:00,131.50100708007812,134.3606283068657,120.68141528579903,2018-04-23 00:00:00+00:00,132.3679962158203,native,-110.99829289233936,6.368816953560438,-0.32163802946539455,9
AUDCHF,-1,2018-04-18 00:00:00+00:00,2018-04-19 00:00:00+00:00,0.7544199824333191,0.7713566585443914,19851.372778921264,2018-04-23 00:00:00+00:00,0.7474899888038635,native,131.60689194999034,5.962994943881646,0.39143522564466116,2
USDCHF,-1,2018-04-12 00:00:00+00:00,2018-04-13 00:00:00+00:00,0.9623500108718872,0.9793946221470833,19727.73945252381,2018-04-24 00:00:00+00:00,0.9793946221470833,stop,-343.9128967473247,7.661246440706941,-1.0227842642072413,7
NZDUSD,1,2018-04-19 00:00:00+00:00,2018-04-20 00:00:00+00:00,0.7255314588546753,0.7102474886924028,22091.875417490293,2018-04-25 00:00:00+00:00,0.7102474886924028,stop,-343.99537463681503,6.343809927253076,-1.0187880365154234,3
GBPJPY,1,2018-04-19 00:00:00+00:00,2018-04-20 00:00:00+00:00,151.32000732421875,147.47581350803375,87.8341678007925,2018-04-25 00:00:00+00:00,152.2220001220703,native,73.8935148382751,5.332271923325353,0.21884546841012315,3
EURGBP,-1,2018-04-20 00:00:00+00:00,2018-04-23 00:00:00+00:00,0.8764299750328064,0.8906684732064605,23555.980535503455,2018-04-26 00:00:00+00:00,0.8732900023460388,native,65.72186154556603,8.243273945943525,0.1959496470248725,3
GBPUSD,1,2018-04-19 00:00:00+00:00,2018-04-20 00:00:00+00:00,1.4084309339523315,1.378107650205493,11135.05936654254,2018-04-27 00:00:00+00:00,1.378107650205493,stop,-343.85721922191374,6.205654512351755,-1.0183788708862929,5
GBPCHF,1,2018-04-23 00:00:00+00:00,2018-04-24 00:00:00+00:00,1.363010048866272,1.3385805422440171,13577.462471084084,2018-04-27 00:00:00+00:00,1.376389980316162,native,174.22669690865877,7.438820217902229,0.5252685468630741,3
NZDCAD,1,2018-04-17 00:00:00+00:00,2018-04-18 00:00:00+00:00,0.9215800166130066,0.904839541297406,20105.421788788608,2018-04-30 00:00:00+00:00,0.904839541297406,stop,-343.91850427997116,7.344187115016334,-1.021820402628692,8
NZDCHF,1,2018-04-24 00:00:00+00:00,2018-04-25 00:00:00+00:00,0.6962500214576721,0.6809357716701925,21610.059544075353,2018-04-30 00:00:00+00:00,0.6994500160217285,native,63.11984088685657,6.032232183119611,0.19072789050029068,3
USDJPY,-1,2018-04-20 00:00:00+00:00,2018-04-23 00:00:00+00:00,107.84300231933594,109.61916041374207,188.8355472914933,2018-05-01 00:00:00+00:00,109.61916041374207,stop,-343.6147031363755,8.212917302978514,-1.0244868025451066,6
EURUSD,1,2018-04-23 00:00:00+00:00,2018-04-24 00:00:00+00:00,1.2211204767227173,1.199394910596311,15267.298786180492,2018-05-01 00:00:00+00:00,1.199394910596311,stop,-339.0816556777147,7.390946326949402,-1.0222826450020746,5
AUDNZD,-1,2018-04-18 00:00:00+00:00,2018-04-19 00:00:00+00:00,1.0633800029754639,1.0816569705493748,18395.626613501856,2018-05-03 00:00:00+00:00,1.0702699422836304,max_hold,-134.5947164461013,7.8499655433809945,-0.4003218404601395,10
USDJPY,-1,2018-05-01 00:00:00+00:00,2018-05-02 00:00:00+00:00,109.84600067138672,111.58378618955612,182.36088683105612,2018-05-04 00:00:00+00:00,109.11900329589844,native,124.58975565620531,7.986130461687969,0.39314654630941864,2
CADJPY,-1,2018-05-01 00:00:00+00:00,2018-05-02 00:00:00+00:00,85.50700378417969,87.26831263303757,179.9253483686493,2018-05-04 00:00:00+00:00,84.91400146484375,native,100.5635371421824,6.132611747753192,0.31733112488963144,2
EURCHF,1,2018-05-02 00:00:00+00:00,2018-05-03 00:00:00+00:00,1.1942600011825562,1.182101801969111,25965.38464472236,2018-05-07 00:00:00+00:00,1.1961899995803833,native,37.699360014522476,12.413790748757316,0.11941804638872529,2
EURCAD,1,2018-04-26 00:00:00+00:00,2018-04-27 00:00:00+00:00,1.5581400394439697,1.529351331293583,11388.471706691784,2018-05-09 00:00:00+00:00,1.529351331293583,stop,-334.8917498669473,7.032361624059931,-1.0214493221064946,8
GBPAUD,1,2018-04-27 00:00:00+00:00,2018-04-30 00:00:00+00:00,1.8182200193405151,1.7801331765949726,8581.845837784624,2018-05-09 00:00:00+00:00,1.820389986038208,native,12.377121646730634,6.245198025996176,0.03786726839640492,7
GBPCAD,1,2018-04-27 00:00:00+00:00,2018-04-30 00:00:00+00:00,1.768180012702942,1.7301953230053186,8604.925181490777,2018-05-09 00:00:00+00:00,1.754699945449829,native,-122.05779384715507,6.062823692655591,-0.3734305415592456,7
EURAUD,1,2018-05-02 00:00:00+00:00,2018-05-03 00:00:00+00:00,1.5961300134658813,1.5697619374841452,11972.520080074442,2018-05-09 00:00:00+00:00,1.5939099788665771,native,-34.21797239151772,7.6385635728881764,-0.10839025948462491,4
AUDCHF,-1,2018-05-03 00:00:00+00:00,2018-05-04 00:00:00+00:00,0.7509199976921082,0.7653755410574377,21807.611519830618,2018-05-09 00:00:00+00:00,0.745389997959137,native,114.06989646172244,6.5261894196803585,0.36184995621724325,3
GBPJPY,1,2018-04-27 00:00:00+00:00,2018-04-30 00:00:00+00:00,150.218994140625,146.68477821350098,92.48314750145188,2018-05-10 00:00:00+00:00,148.74000549316406,native,-142.31125908810634,5.529733852003643,-0.43539514254859957,8
GBPUSD,1,2018-04-27 00:00:00+00:00,2018-04-30 00:00:00+00:00,1.376993179321289,1.346281846985221,10642.827517656226,2018-05-10 00:00:00+00:00,1.346281846985221,stop,-332.65208216781576,5.796669277624182,-1.0177346589624068,8
EURNZD,1,2018-05-04 00:00:00+00:00,2018-05-07 00:00:00+00:00,1.7024999856948853,1.6757958987727761,11705.846212290395,2018-05-10 00:00:00+00:00,1.708549976348877,native,62.834414925796366,7.985845255624654,0.20100970601390597,3
EURCHF,1,2018-05-08 00:00:00+00:00,2018-05-09 00:00:00+00:00,1.1880799531936646,1.1752998810261488,24897.53076407869,2018-05-11 00:00:00+00:00,1.1950900554656982,native,162.6672272559715,11.867009721325232,0.51122311241,2
CHFJPY,-1,2018-05-14 00:00:00+00:00,2018-05-15 00:00:00+00:00,109.69300079345703,111.68270599842072,160.04953782556117,2018-05-22 00:00:00+00:00,111.68270599842072,stop,-325.53761437512054,7.086215911569395,-1.022252111140848,5
EURCHF,1,2018-05-15 00:00:00+00:00,2018-05-16 00:00:00+00:00,1.183750033378601,1.169434723444283,22142.771215108933,2018-05-22 00:00:00+00:00,1.169434723444283,stop,-327.4018390884232,10.421206339442175,-1.0328764765502085,4
EURCAD,1,2018-05-09 00:00:00+00:00,2018-05-10 00:00:00+00:00,1.522029995918274,1.4939049892127514,11357.495430080531,2018-05-24 00:00:00+00:00,1.5029699802398682,max_hold,-223.34532564579868,6.871284681041963,-0.6992003905825214,10
CADJPY,-1,2018-05-16 00:00:00+00:00,2018-05-17 00:00:00+00:00,86.33000183105469,88.20839768648148,167.647972889657,2018-05-24 00:00:00+00:00,85.5999984741211,native,116.61883978654558,5.764743206016167,0.37032521918257116,5
AUDJPY,-1,2018-05-18 00:00:00+00:00,2018-05-21 00:00:00+00:00,83.43099975585938,85.16062492132187,180.26842573349074,2018-05-24 00:00:00+00:00,83.13099670410156,native,48.07590407785092,6.0051737777728835,0.15418985442115052,3
NZDJPY,-1,2018-05-18 00:00:00+00:00,2018-05-21 00:00:00+00:00,76.66799926757812,78.17556864023209,206.82086764475565,2018-05-24 00:00:00+00:00,76.08999633789062,native,113.22435918102009,6.318708238159363,0.3631350838619518,3
AUDNZD,-1,2018-05-10 00:00:00+00:00,2018-05-11 00:00:00+00:00,1.0800000429153442,1.0970297567546368,18750.383888656273,2018-05-25 00:00:00+00:00,1.0921900272369385,max_hold,-236.71276516548969,8.145879538896502,-0.7413173500600148,10
EURAUD,1,2018-05-16 00:00:00+00:00,2018-05-17 00:00:00+00:00,1.5715700387954712,1.5454284558072686,12046.296415513536,2018-05-25 00:00:00+00:00,1.5454284558072686,stop,-322.4189150051731,7.509657558538814,-1.0238470523840075,6
AUDCAD,-1,2018-05-18 00:00:00+00:00,2018-05-21 00:00:00+00:00,0.9687299728393555,0.983744262252003,20766.670810561707,2018-05-28 00:00:00+00:00,0.983744262252003,stop,-319.9060836282013,8.109277941249102,-1.0260082136614026,5
GBPAUD,1,2018-05-18 00:00:00+00:00,2018-05-21 00:00:00+00:00,1.79135000705719,1.7555325254797935,8705.157145490657,2018-05-29 00:00:00+00:00,1.7555325254797935,stop,-317.97203965141824,6.175233964466065,-1.0198053150379804,6
AUDCAD,-1,2018-05-28 00:00:00+00:00,2018-05-29 00:00:00+00:00,0.9803100228309631,0.995463696308434,19752.734108204815,2018-05-30 00:00:00+00:00,0.9749699831008911,native,97.75595970251024,7.724425212852211,0.3265864040322207,1
GBPCHF,1,2018-05-22 00:00:00+00:00,2018-05-23 00:00:00+00:00,1.3333799839019775,1.3079125378280878,11919.84189558604,2018-05-31 00:00:00+00:00,1.3079125378280878,stop,-309.8646885369323,6.296757851803227,-1.0207425001632813,6
USDCHF,1,2018-05-22 00:00:00+00:00,2018-05-23 00:00:00+00:00,0.9919999837875366,0.9763541668653488,19402.497945289786,2018-06-06 00:00:00+00:00,0.9842299818992615,max_hold,-158.4262052418879,7.668759569731641,-0.5218805717861316,10
CADCHF,1,2018-05-24 00:00:00+00:00,2018-05-25 00:00:00+00:00,0.7690399885177612,0.7511617005802691,16982.891258251064,2018-06-08 00:00:00+00:00,0.7556099891662598,max_hold,-233.25881154051223,5.178592955580528,-0.768246344116378,10
GBPNZD,1,2018-05-25 00:00:00+00:00,2018-05-28 00:00:00+00:00,1.9222999811172485,1.880672893486917,7210.264693562612,2018-06-08 00:00:00+00:00,1.9112000465393066,native,-85.56157636862592,5.528109980436671,-0.2850700171209335,9
NZDCAD,-1,2018-05-25 00:00:00+00:00,2018-05-28 00:00:00+00:00,0.8977900147438049,0.9152181819081306,17221.6801346264,2018-06-11 00:00:00+00:00,0.9114999771118164,max_hold,-242.3403892617624,6.231802702103662,-0.8074182576803985,10
CHFJPY,-1,2018-06-04 00:00:00+00:00,2018-06-05 00:00:00+00:00,111.27999877929688,113.50300627946854,132.1109555736031,2018-06-11 00:00:00+00:00,111.1500015258789,native,11.296973393280972,5.87708797771072,0.03846647091848785,4
USDJPY,-1,2018-06-04 00:00:00+00:00,2018-06-05 00:00:00+00:00,109.9729995727539,111.95969998836517,147.82482692771995,2018-06-11 00:00:00+00:00,109.51000213623047,native,61.953508573813735,6.489007348241415,0.2109532131208076,4
AUDUSD,-1,2018-06-04 00:00:00+00:00,2018-06-05 00:00:00+00:00,0.7652866244316101,0.7827433864586055,16823.489066346192,2018-06-11 00:00:00+00:00,0.7602018713951111,native,80.41047930853637,5.132807806075549,0.2737996502411124,4
AUDJPY,-1,2018-06-04 00:00:00+00:00,2018-06-05 00:00:00+00:00,84.15699768066406,86.51090860366821,124.76412859334313,2018-06-11 00:00:00+00:00,83.24500274658203,native,109.60710029067047,4.177152941617563,0.37321485932670234,4
NZDJPY,-1,2018-06-04 00:00:00+00:00,2018-06-05 00:00:00+00:00,77.33499908447266,79.41898733377457,140.92384887167302,2018-06-15 00:00:00+00:00,77.01899719238281,native,40.181771035220194,4.350431848811672,0.13681991389825984,8
GBPJPY,-1,2018-06-05 00:00:00+00:00,2018-06-06 00:00:00+00:00,147.28900146484375,151.18190133571625,75.47149647557492,2018-06-15 00:00:00+00:00,146.66700744628906,native,42.50575940107665,4.437059978102126,0.14467436498597455,7
EURJPY,-1,2018-06-06 00:00:00+00:00,2018-06-07 00:00:00+00:00,129.75999450683594,133.15717494487762,85.61190374294196,2018-06-15 00:00:00+00:00,127.94200134277344,native,151.2293840744371,4.4124716926081575,0.5199761381855991,6
CHFJPY,-1,2018-06-22 00:00:00+00:00,2018-06-25 00:00:00+00:00,111.25599670410156,113.37249153852463,140.33981189384718,2018-06-28 00:00:00+00:00,110.56600189208984,native,90.60765061407372,6.226091511381348,0.3050470059231081,3
EURUSD,-1,2018-06-25 00:00:00+00:00,2018-06-26 00:00:00+00:00,1.1701792478561401,1.1968482648953795,11146.78230052006,2018-06-28 00:00:00+00:00,1.156243085861206,native,150.15693920370856,5.186424658603018,0.5051133871327265,2
USDCHF,1,2018-06-25 00:00:00+00:00,2018-06-26 00:00:00+00:00,0.9869999885559082,0.9702389328740537,17735.978732359334,2018-06-28 00:00:00+00:00,0.9968100190162659,native,166.95352918803246,7.036962420668338,0.5616154875634732,2
NZDCAD,1,2018-06-27 00:00:00+00:00,2018-06-28 00:00:00+00:00,0.9049199819564819,0.8866931353695691,16502.73670367431,2018-07-02 00:00:00+00:00,0.8866931353695691,stop,-306.706154072104,5.913303910016193,-1.019659057410539,2
AUDNZD,-1,2018-06-26 00:00:00+00:00,2018-06-27 00:00:00+00:00,1.0789999961853027,1.0961382403038442,17412.77844829322,2018-07-03 00:00:00+00:00,1.0961382403038442,stop,-305.99948787020645,7.5750400412793475,-1.025383443268099,4
EURCAD,1,2018-06-28 00:00:00+00:00,2018-06-29 00:00:00+00:00,1.5327099561691284,1.4990811543539166,8855.673388919158,2018-07-06 00:00:00+00:00,1.5361000299453735,native,24.58611034082985,5.435275785936714,0.08255755867478959,5
GBPCAD,1,2018-06-28 00:00:00+00:00,2018-06-29 00:00:00+00:00,1.7330800294876099,1.6936923572793603,7560.885643651547,2018-07-09 00:00:00+00:00,1.7409100532531738,native,53.94862592994648,5.253288348556529,0.1811537810940086,6
CADCHF,-1,2018-06-28 00:00:00+00:00,2018-06-29 00:00:00+00:00,0.7524399757385254,0.7702184212394059,16750.940644470764,2018-07-11 00:00:00+00:00,0.7547000050544739,native,-42.906819398451425,5.049202472234468,-0.14407656237325303,8
USDCAD,1,2018-06-29 00:00:00+00:00,2018-07-02 00:00:00+00:00,1.3147399425506592,1.2892867820337415,11662.117745255448,2018-07-11 00:00:00+00:00,1.314389944076538,native,-10.213967876943233,6.132244461083296,-0.03440926131214265,7
AUDUSD,-1,2018-07-06 00:00:00+00:00,2018-07-09 00:00:00+00:00,0.7436050176620483,0.761027296539396,16844.47816044348,2018-07-12 00:00:00+00:00,0.7365397214889526,native,114.0247739381906,4.98645314658487,0.388540860407581,3
NZDUSD,-1,2018-07-06 00:00:00+00:00,2018-07-09 00:00:00+00:00,0.683531641960144,0.699143654666841,18797.65290792721,2018-07-12 00:00:00+00:00,0.6753607988357544,native,148.48387532914268,5.108797688257465,0.5059606845465899,3
GBPUSD,-1,2018-07-06 00:00:00+00:00,2018-07-09 00:00:00+00:00,1.3294336795806885,1.3564807511866093,10850.313125595334,2018-07-12 00:00:00+00:00,1.3206899166107178,native,89.12163195212645,5.7509341680411055,0.3036830888906427,3
EURUSD,-1,2018-07-06 00:00:00+00:00,2018-07-09 00:00:00+00:00,1.1751710176467896,1.2002620045095682,11696.199821059545,2018-07-12 00:00:00+00:00,1.167569637298584,native,83.42703090265529,5.4802325658322,0.2842786637379227,3
CADJPY,-1,2018-06-29 00:00:00+00:00,2018-07-02 00:00:00+00:00,84.23400115966797,86.46157824993134,133.25588426755013,2018-07-16 00:00:00+00:00,85.42500305175781,max_hold,-163.22962242078657,4.521612126029111,-0.5498950847924661,10
EURCHF,-1,2018-07-04 00:00:00+00:00,2018-07-05 00:00:00+00:00,1.1571999788284302,1.1731996964663267,18426.910485357675,2018-07-18 00:00:00+00:00,1.1659400463104248,native,-169.61409978433753,8.561658657637054,-0.5753036206851792,9
GBPJPY,-1,2018-07-09 00:00:00+00:00,2018-07-10 00:00:00+00:00,147.04600524902344,150.30671274662018,89.23143282598035,2018-07-18 00:00:00+00:00,148.11599731445312,native,-100.74447079162607,5.26754568090494,-0.34625137850436283,6
GBPCHF,-1,2018-07-12 00:00:00+00:00,2018-07-13 00:00:00+00:00,1.321370005607605,1.3433310235850513,13315.824086904333,2018-07-18 00:00:00+00:00,1.311110019683838,native,129.60943950918315,7.010728185814064,0.4432167000958229,3
AUDJPY,-1,2018-07-06 00:00:00+00:00,2018-07-09 00:00:00+00:00,82.10600280761719,84.35389906167984,130.55282045345663,2018-07-20 00:00:00+00:00,82.73200225830078,native,-86.03000718491305,4.304013295855353,-0.2931483383656241,9
EURJPY,-1,2018-07-12 00:00:00+00:00,2018-07-13 00:00:00+00:00,131.40199279785156,134.15951538085938,106.04774516045741,2018-07-20 00:00:00+00:00,130.96400451660156,native,40.88300514887227,5.564664484394475,0.13980486838537604,5
EURNZD,1,2018-07-18 00:00:00+00:00,2018-07-19 00:00:00+00:00,1.7143100500106812,1.6830457160249352,9428.388806798575,2018-07-20 00:00:00+00:00,1.7270499467849731,native,113.62740413171339,6.489296014790506,0.3854751801342533,1
CADJPY,-1,2018-07-18 00:00:00+00:00,2018-07-19 00:00:00+00:00,85.6520004272461,87.41596287488937,167.1080339590255,2018-07-20 00:00:00+00:00,84.74299621582031,native,146.20703205474115,5.694874577095516,0.4959999081987833,1
EURUSD,-1,2018-07-20 00:00:00+00:00,2018-07-23 00:00:00+00:00,1.1741775274276733,1.1971199167892337,13024.201285981448,2018-07-27 00:00:00+00:00,1.1644561290740967,native,120.5216818429011,6.0917670952899705,0.40334384864815803,4
CADCHF,-1,2018-07-26 00:00:00+00:00,2018-07-27 00:00:00+00:00,0.7604900002479553,0.7746544638648629,21243.168645102454,2018-07-31 00:00:00+00:00,0.758430004119873,native,37.30751039486875,6.4533347622411075,0.12398719603560451,2
USDJPY,1,2018-07-20 00:00:00+00:00,2018-07-23 00:00:00+00:00,111.05799865722656,109.22284841537476,162.82388777324465,2018-08-01 00:00:00+00:00,111.79499816894531,native,112.74396751599869,7.257158269031171,0.3773145634413028,7
GBPNZD,1,2018-07-18 00:00:00+00:00,2018-07-19 00:00:00+00:00,1.9250600337982178,1.8832170395180583,7044.722818581604,2018-08-02 00:00:00+00:00,1.93163001537323,native,40.849836640430254,5.433862478718941,0.13858098983913864,10
USDCHF,1,2018-07-20 00:00:00+00:00,2018-07-23 00:00:00+00:00,0.990880012512207,0.9735731426626444,17265.184266343364,2018-08-03 00:00:00+00:00,0.9954900145530701,native,72.73352579603461,6.859008907684693,0.24341363123825882,9
CADJPY,-1,2018-07-31 00:00:00+00:00,2018-08-01 00:00:00+00:00,85.86399841308594,87.63298678398132,170.42927387487697,2018-08-06 00:00:00+00:00,85.46299743652344,native,62.50247815910083,5.839827099562598,0.20731372994100145,3
USDCAD,1,2018-08-01 00:00:00+00:00,2018-08-02 00:00:00+00:00,1.2999000549316406,1.2762887701392174,12784.504802329693,2018-08-08 00:00:00+00:00,1.305780053138733,native,68.51039934526918,6.662465970992129,0.2269619054020239,4
AUDCHF,-1,2018-08-07 00:00:00+00:00,2018-08-08 00:00:00+00:00,0.7390599846839905,0.7540652551688254,20251.250581084096,2018-08-10 00:00:00+00:00,0.7328799962997437,native,119.19076827852795,5.961725079043552,0.39223554110526476,2
USDJPY,1,2018-08-08 00:00:00+00:00,2018-08-09 00:00:00+00:00,110.90299987792969,109.24579167366028,183.52200295664204,2018-08-15 00:00:00+00:00,111.25299835205078,native,56.07831824967192,8.154102752799648,0.18438677390558114,4
AUDUSD,-1,2018-08-20 00:00:00+00:00,2018-08-21 00:00:00+00:00,0.7336218357086182,0.7494676853530109,19285.478711836546,2018-08-24 00:00:00+00:00,0.7244277596473694,native,171.68832126781138,5.6238368864079575,0.5618169010790685,3
GBPUSD,-1,2018-08-20 00:00:00+00:00,2018-08-21 00:00:00+00:00,1.2802785634994507,1.3040768429636955,12841.045775894527,2018-08-24 00:00:00+00:00,1.281049370765686,native,-16.475997240315465,6.578025850195198,-0.05391452163657885,3
NZDUSD,-1,2018-08-20 00:00:00+00:00,2018-08-21 00:00:00+00:00,0.6641693711280823,0.6779679087921977,22146.897260180736,2018-08-24 00:00:00+00:00,0.6628486514091492,native,23.37197756319821,5.877866361508055,0.07648028654298067,3
USDCAD,1,2018-08-22 00:00:00+00:00,2018-08-23 00:00:00+00:00,1.300920009613037,1.27982695447281,14275.203174468208,2018-08-24 00:00:00+00:00,1.3098599910736084,native,120.16616873490618,7.453882990728022,0.39908042739527666,1
EURUSD,-1,2018-08-20 00:00:00+00:00,2018-08-21 00:00:00+00:00,1.1489102840423584,1.1704211169853806,14206.553358363952,2018-08-28 00:00:00+00:00,1.1704211169853806,stop,-312.1847370487846,6.58994106088592,-1.021564310477155,5
EURJPY,-1,2018-08-21 00:00:00+00:00,2018-08-22 00:00:00+00:00,127.4520034790039,130.25518423318863,107.38321086826046,2018-08-28 00:00:00+00:00,130.25518423318863,stop,-306.54923508454044,5.53468505607295,-1.018386769196205,4
NZDCAD,-1,2018-08-21 00:00:00+00:00,2018-08-22 00:00:00+00:00,0.8735299706459045,0.8918875581584871,16397.282585315093,2018-08-29 00:00:00+00:00,0.8679500222206116,native,85.78488322907182,5.711107911940956,0.28498583613635614,5
CHFJPY,-1,2018-08-22 00:00:00+00:00,2018-08-23 00:00:00+00:00,112.44000244140625,114.44039571285248,150.5242254085919,2018-08-29 00:00:00+00:00,114.44039571285248,stop,-307.9378469355151,6.830199238512543,-1.022683579413385,4
USDCHF,1,2018-08-21 00:00:00+00:00,2018-08-22 00:00:00+00:00,0.9843500256538391,0.9696002062410116,20408.015963007918,2018-08-30 00:00:00+00:00,0.9696002062410116,stop,-308.98979953315416,7.975249504686628,-1.0264945648106791,6
EURCAD,-1,2018-08-21 00:00:00+00:00,2018-08-22 00:00:00+00:00,1.5087699890136719,1.5363819729536772,10901.590797767562,2018-08-30 00:00:00+00:00,1.510990023612976,native,-30.785946351523677,6.5840375930234245,-0.10227394771652132,6
EURCHF,-1,2018-08-24 00:00:00+00:00,2018-08-27 00:00:00+00:00,1.1440800428390503,1.1590624321252108,20155.182351707594,2018-08-30 00:00:00+00:00,1.1362799406051636,native,148.02026862717756,9.192214258771008,0.4901775075342424,3
CADJPY,-1,2018-08-24 00:00:00+00:00,2018-08-27 00:00:00+00:00,85.53099822998047,87.38856726884842,162.56342661205437,2018-08-31 00:00:00+00:00,85.46399688720703,native,5.332461400906505,5.559506467952302,0.017658748107683028,4
USDCAD,1,2018-08-29 00:00:00+00:00,2018-08-30 00:00:00+00:00,1.2903000116348267,1.2677432848140597,12992.882494881758,2018-08-31 00:00:00+00:00,1.298609972000122,native,101.24285792196892,6.727480641439029,0.34544809761115364,1
EURUSD,-1,2018-08-28 00:00:00+00:00,2018-08-29 00:00:00+00:00,1.1693034172058105,1.191363524645567,13546.553190486466,2018-09-03 00:00:00+00:00,1.1598505973815918,native,121.74272479937555,6.310401749488667,0.40738645747051316,3
EURJPY,-1,2018-08-28 00:00:00+00:00,2018-08-29 00:00:00+00:00,129.9739990234375,132.66786581277847,110.93288651203648,2018-09-03 00:00:00+00:00,128.89999389648438,native,113.39896100613565,5.743527855500686,0.37946580447625583,3
GBPUSD,-1,2018-08-29 00:00:00+00:00,2018-08-30 00:00:00+00:00,1.3036110401153564,1.3297736002132297,11202.149176341387,2018-09-03 00:00:00+00:00,1.2922067642211914,native,121.93665215883463,5.815747655756194,0.4160568496575606,2
GBPJPY,-1,2018-08-24 00:00:00+00:00,2018-08-27 00:00:00+00:00,143.0780029296875,146.05894815921783,101.3010185948341,2018-09-04 00:00:00+00:00,142.8979949951172,native,12.441055150433531,5.7939319766913755,0.041199259137244,6
AUDNZD,1,2018-08-29 00:00:00+00:00,2018-08-30 00:00:00+00:00,1.0892399549484253,1.0718529177829623,16856.057663092284,2018-09-05 00:00:00+00:00,1.096709966659546,native,118.54564856117238,7.369299585451206,0.40448649530517905,4
EURCAD,-1,2018-09-03 00:00:00+00:00,2018-09-04 00:00:00+00:00,1.5208100080490112,1.5454118996858597,12326.840128030695,2018-09-10 00:00:00+00:00,1.5219999551773071,native,-22.169934402646728,7.501646391333957,-0.0731045054375971,4
CHFJPY,1,2018-09-10 00:00:00+00:00,2018-09-11 00:00:00+00:00,114.00800323486328,111.94928246736526,146.66486631919966,2018-09-12 00:00:00+00:00,114.66999816894531,native,90.38359280992223,6.707805701206269,0.29934090311344924,1
GBPCAD,-1,2018-09-05 00:00:00+00:00,2018-09-06 00:00:00+00:00,1.7008700370788574,1.7369285877794027,8394.621889832044,2018-09-13 00:00:00+00:00,1.6959799528121948,native,35.34735417172608,5.703054256323037,0.11677436244326672,5
CADCHF,-1,2018-09-11 00:00:00+00:00,2018-09-12 00:00:00+00:00,0.7448300123214722,0.7587897605262697,21829.951539711223,2018-09-17 00:00:00+00:00,0.741379976272583,native,68.82534135173854,6.488778405768599,0.22584891968802398,3
USDCAD,1,2018-09-11 00:00:00+00:00,2018-09-12 00:00:00+00:00,1.3061000108718872,1.283092555589974,13245.299103411247,2018-09-18 00:00:00+00:00,1.3062599897384644,native,-4.801329976735287,6.9202979147743395,-0.01575546400517777,4
GBPCAD,-1,2018-09-17 00:00:00+00:00,2018-09-18 00:00:00+00:00,1.7172000408172607,1.7538497895002365,8358.988916203343,2018-09-20 00:00:00+00:00,1.6973199844360352,native,160.46878393511287,5.708387009049332,0.523800382431878,2
NZDJPY,-1,2018-09-13 00:00:00+00:00,2018-09-14 00:00:00+00:00,73.62200164794922,75.4061348438263,170.26950054879,2018-09-21 00:00:00+00:00,75.4061348438263,stop,-308.8584574481404,5.074989273634305,-1.0167059429011422,5
EURGBP,1,2018-09-07 00:00:00+00:00,2018-09-10 00:00:00+00:00,0.8938999772071838,0.8785954406484962,19852.34198895574,2018-09-24 00:00:00+00:00,0.8982099890708923,native,78.44831350832389,7.115515986473661,0.2581972904112371,10
GBPCHF,-1,2018-09-10 00:00:00+00:00,2018-09-11 00:00:00+00:00,1.2699799537658691,1.295468614436686,11846.13071880091,2018-09-24 00:00:00+00:00,1.2538000345230103,native,185.69003284119583,5.979405529352779,0.6149857557305198,9
GBPUSD,-1,2018-09-10 00:00:00+00:00,2018-09-11 00:00:00+00:00,1.3027958869934082,1.3306553745642304,10838.031582098667,2018-09-24 00:00:00+00:00,1.3080958127975464,native,-63.10014858798404,5.659385339954728,-0.20898102053370046,9
AUDUSD,-1,2018-09-20 00:00:00+00:00,2018-09-21 00:00:00+00:00,0.7287036180496216,0.7458140943199396,17131.18479793372,2018-09-26 00:00:00+00:00,0.7248477339744568,native,61.075651286095685,4.98021136496218,0.20836204372315312,3
EURUSD,-1,2018-09-13 00:00:00+00:00,2018-09-14 00:00:00+00:00,1.1690436601638794,1.1915950351394713,13470.729323746382,2018-09-28 00:00:00+00:00,1.1636837720870972,native,65.91689352272276,6.284707965186167,0.2169864407659514,10
GBPJPY,-1,2018-09-13 00:00:00+00:00,2018-09-14 00:00:00+00:00,146.89500427246094,150.6772619485855,80.31802541961467,2018-09-28 00:00:00+00:00,148.25999450683594,max_hold,-114.37457368099341,4.741253338936381,-0.3765003223127724,10
AUDJPY,-1,2018-09-13 00:00:00+00:00,2018-09-14 00:00:00+00:00,80.5199966430664,82.67803084850311,140.7686066370906,2018-09-28 00:00:00+00:00,81.7020034790039,native,-170.9566083150512,4.567152984613156,-0.5627581031395904,10
EURJPY,-1,2018-09-13 00:00:00+00:00,2018-09-14 00:00:00+00:00,130.98899841308594,134.11071598529816,97.31292506363047,2018-09-28 00:00:00+00:00,131.95199584960938,native,-98.82960883104195,5.117511454168432,-0.3253291215118725,10
NZDUSD,-1,2018-09-19 00:00:00+00:00,2018-09-20 00:00:00+00:00,0.664381206035614,0.6791239511221647,20437.283355416686,2018-09-28 00:00:00+00:00,0.661808967590332,native,47.14882109161181,5.420744872312543,0.1564837753764995,6
EURCAD,-1,2018-09-26 00:00:00+00:00,2018-09-27 00:00:00+00:00,1.5313800573349,1.5587175199761987,11035.288271523008,2018-09-28 00:00:00+00:00,1.5167900323867798,native,154.27764406307546,6.727487128142577,0.5114004585434924,1
AUDCAD,-1,2018-09-26 00:00:00+00:00,2018-09-27 00:00:00+00:00,0.9458400011062622,0.9632013295777142,17376.365026143205,2018-10-01 00:00:00+00:00,0.9273499846458435,native,314.77942876448276,6.509846591148916,1.0434327357526931,2
NZDCAD,-1,2018-09-26 00:00:00+00:00,2018-09-27 00:00:00+00:00,0.8682299852371216,0.8840417680330575,19079.23886585789,2018-10-01 00:00:00+00:00,0.8502399921417236,native,336.67795562578834,6.5574198364432785,1.116022103747709,2
NZDJPY,-1,2018-09-21 00:00:00+00:00,2018-09-24 00:00:00+00:00,75.19100189208984,76.97828382253647,168.6785403182454,2018-10-03 00:00:00+00:00,74.81700134277344,native,58.02524053257108,5.060626204342276,0.19247044509842468,7
AUDJPY,-1,2018-10-01 00:00:00+00:00,2018-10-02 00:00:00+00:00,82.36199951171875,84.21526807546616,167.04608953380878,2018-10-03 00:00:00+00:00,81.62100219726562,native,118.30215989734823,5.478543837100345,0.3821360422146854,1
NZDCHF,-1,2018-09-26 00:00:00+00:00,2018-09-27 00:00:00+00:00,0.6427099704742432,0.6557500101625919,23134.6520462104,2018-10-04 00:00:00+00:00,0.6446200013160706,native,-50.14428511641242,5.956386193205352,-0.16621857662918818,5
EURNZD,1,2018-09-28 00:00:00+00:00,2018-10-01 00:00:00+00:00,1.7519899606704712,1.7225669883191586,10552.50567440064,2018-10-04 00:00:00+00:00,1.7646000385284424,native,125.64615096665746,7.4217671842174155,0.40467562950349634,3
EURAUD,1,2018-09-28 00:00:00+00:00,2018-10-01 00:00:00+00:00,1.6066099405288696,1.5787234716117382,11133.933221076248,2018-10-04 00:00:00+00:00,1.6172399520874023,native,111.17501294813921,7.1788258838326815,0.3580676208838779,3
AUDCHF,-1,2018-09-28 00:00:00+00:00,2018-10-01 00:00:00+00:00,0.7088299989700317,0.7245990745723248,19689.555083990548,2018-10-04 00:00:00+00:00,0.7038300037384033,native,92.88475214518222,5.562929387655594,0.299159148580704,3
CHFJPY,1,2018-09-28 00:00:00+00:00,2018-10-01 00:00:00+00:00,115.9229965209961,113.67091923952103,137.86653115722447,2018-10-09 00:00:00+00:00,113.67091923952103,stop,-316.81674604310103,6.330663348141301,-1.0203895237209744,6
EURGBP,1,2018-10-01 00:00:00+00:00,2018-10-02 00:00:00+00:00,0.8876000046730042,0.8728893343359232,21044.67433068538,2018-10-10 00:00:00+00:00,0.8728893343359232,stop,-316.9910513903597,7.409784960417289,-1.0239348622281514,6
EURCHF,-1,2018-10-05 00:00:00+00:00,2018-10-08 00:00:00+00:00,1.1424000263214111,1.1607267251238227,16958.715892279004,2018-10-11 00:00:00+00:00,1.139739990234375,native,37.370363429821225,7.740432833434097,0.12024031755435459,3
GBPCHF,-1,2018-10-01 00:00:00+00:00,2018-10-02 00:00:00+00:00,1.2828500270843506,1.3104969467967749,11197.676618231699,2018-10-12 00:00:00+00:00,1.3104969467967749,stop,-315.3891585844205,5.807892154478123,-1.0187604767609297,8
GBPCAD,-1,2018-10-05 00:00:00+00:00,2018-10-08 00:00:00+00:00,1.6995099782943726,1.7408284079283476,7522.001222861269,2018-10-15 00:00:00+00:00,1.7061599493026733,native,-55.14458072843983,5.123490672009366,-0.1774294197229611,5
GBPUSD,-1,2018-10-10 00:00:00+00:00,2018-10-11 00:00:00+00:00,1.3204805850982666,1.3495401991531253,10384.059477373848,2018-10-15 00:00:00+00:00,1.3102554082870483,native,100.71530036943804,5.463543804916258,0.3337631943160494,2
EURJPY,1,2018-10-02 00:00:00+00:00,2018-10-03 00:00:00+00:00,131.17599487304688,128.20707219839096,105.65550789407907,2018-10-17 00:00:00+00:00,130.02200317382812,native,-127.4449805154202,5.51940142891185,-0.40628585888243857,10
CADJPY,1,2018-10-08 00:00:00+00:00,2018-10-09 00:00:00+00:00,87.29399871826172,85.31108862161636,156.0683589668158,2018-10-17 00:00:00+00:00,86.80699920654297,native,-81.43954601970773,5.434331408121855,-0.26315853259636646,6
CADCHF,1,2018-10-10 00:00:00+00:00,2018-10-11 00:00:00+00:00,0.7572199702262878,0.7412695605307817,18918.433224959685,2018-10-17 00:00:00+00:00,0.7652000188827515,native,145.20965745837566,5.760360180860642,0.48121426378184795,4
EURCAD,-1,2018-10-10 00:00:00+00:00,2018-10-11 00:00:00+00:00,1.5049200057983398,1.534521291963756,10194.042213197139,2018-10-17 00:00:00+00:00,1.4969700574874878,native,74.92182986865855,6.1202788049025525,0.24828550547177008,4
AUDCAD,-1,2018-10-11 00:00:00+00:00,2018-10-12 00:00:00+00:00,0.928380012512207,0.9457864454016089,17298.282128767765,2018-10-17 00:00:00+00:00,0.9234200119972229,native,79.39289641302427,6.4065918540046365,0.2636749608173134,3
USDJPY,1,2018-10-10 00:00:00+00:00,2018-10-11 00:00:00+00:00,112.12100219726562,110.30718910694122,166.36596259276757,2018-10-18 00:00:00+00:00,112.61799621582031,native,75.20510433907288,7.477783960625501,0.2492242565033101,5
CHFJPY,1,2018-10-09 00:00:00+00:00,2018-10-10 00:00:00+00:00,113.93099975585938,111.73378384113312,139.8339447152247,2018-10-23 00:00:00+00:00,113.13999938964844,native,-116.95914818665149,6.3504467081887555,-0.38067017466703756,9
EURAUD,1,2018-10-17 00:00:00+00:00,2018-10-18 00:00:00+00:00,1.6172900199890137,1.5882738437503576,10655.743593852409,2018-10-23 00:00:00+00:00,1.6210700273513794,native,33.377362370436494,6.901426865806996,0.10795134848694059,3
AUDNZD,1,2018-10-16 00:00:00+00:00,2018-10-17 00:00:00+00:00,1.0841799974441528,1.0684579121880233,19644.956782564946,2018-10-25 00:00:00+00:00,1.0851999521255493,native,11.51349056535679,8.523475070851944,0.03727741466444802,6
AUDCAD,-1,2018-10-19 00:00:00+00:00,2018-10-22 00:00:00+00:00,0.9320399761199951,0.9496217304840684,17328.812457301192,2018-10-25 00:00:00+00:00,0.9214299917221069,native,177.43474311230088,6.4236866935951715,0.5823816094964236,3
NZDCAD,-1,2018-10-19 00:00:00+00:00,2018-10-22 00:00:00+00:00,0.8633999824523926,0.881295851431787,17024.651018409062,2018-10-25 00:00:00+00:00,0.8488500118255615,native,241.87808052813023,5.830091721771017,0.7938994549152214,3
NZDCHF,-1,2018-10-19 00:00:00+00:00,2018-10-22 00:00:00+00:00,0.6567999720573425,0.6708934870548546,21617.80961663187,2018-10-25 00:00:00+00:00,0.6486600041389465,native,170.32403969986703,5.644237045508829,0.5590426465326485,3
GBPNZD,1,2018-10-15 00:00:00+00:00,2018-10-16 00:00:00+00:00,2.0013699531555176,1.9505392145365477,5976.304406525011,2018-10-30 00:00:00+00:00,1.9612200260162354,max_hold,-244.6845152749057,4.7363287907552,-0.8054662640655974,10
EURNZD,1,2018-10-16 00:00:00+00:00,2018-10-17 00:00:00+00:00,1.7578799724578857,1.7246226510033011,9286.968158582375,2018-10-31 00:00:00+00:00,1.7298500537872314,max_hold,-266.7910497219141,6.478087539894014,-0.8637936977315765,10
CADJPY,1,2018-10-26 00:00:00+00:00,2018-10-29 00:00:00+00:00,85.44000244140625,83.28339928388596,143.7991512360094,2018-10-31 00:00:00+00:00,86.19100189208984,native,103.05700503722197,4.936078549788118,0.3323157750733055,2
EURAUD,1,2018-10-25 00:00:00+00:00,2018-10-26 00:00:00+00:00,1.6066800355911255,1.5777853494510055,10730.301855264468,2018-11-02 00:00:00+00:00,1.5777853494510055,stop,-316.8827592624431,6.834054965828612,-1.0220418755863938,5
GBPAUD,1,2018-10-23 00:00:00+00:00,2018-10-24 00:00:00+00:00,1.8297499418258667,1.786267396993935,7114.868892564189,2018-11-06 00:00:00+00:00,1.8102799654006958,native,-143.70599671739245,5.179667110985917,-0.4645078268690414,9
NZDCHF,-1,2018-10-30 00:00:00+00:00,2018-10-31 00:00:00+00:00,0.6590399742126465,0.6740445126779377,20476.018317832317,2018-11-06 00:00:00+00:00,0.6740445126779377,stop,-312.6924569404814,5.45925247455794,-1.0177690835339495,4
NZDUSD,-1,2018-10-30 00:00:00+00:00,2018-10-31 00:00:00+00:00,0.6558495163917542,0.6706266147084534,20791.172791936162,2018-11-06 00:00:00+00:00,0.6706266147084534,stop,-312.74900335514013,5.515798889216676,-1.0179531340006203,4
AUDCHF,-1,2018-10-30 00:00:00+00:00,2018-10-31 00:00:00+00:00,0.7135699987411499,0.7294658925384283,19327.834495127667,2018-11-08 00:00:00+00:00,0.7294658925384283,stop,-312.8113562413596,5.578151775436146,-1.018156083699133,6
EURCHF,-1,2018-11-01 00:00:00+00:00,2018-11-02 00:00:00+00:00,1.142699956893921,1.1582489614374936,19395.431592636734,2018-11-09 00:00:00+00:00,1.1433000564575195,native,-20.506781410493346,8.867591375944905,-0.06799789422570889,5
EURCAD,-1,2018-11-06 00:00:00+00:00,2018-11-07 00:00:00+00:00,1.4997999668121338,1.52571623865515,11264.89492037428,2018-11-09 00:00:00+00:00,1.4942500591278076,native,55.77359509600061,6.745531785711465,0.1910420491469105,2
EURUSD,-1,2018-11-06 00:00:00+00:00,2018-11-07 00:00:00+00:00,1.144099235534668,1.1643147668801248,14441.573365077144,2018-11-09 00:00:00+00:00,1.1368545293807983,native,98.03684320185899,6.588112227675126,0.3358069241356924,2
GBPCHF,-1,2018-11-01 00:00:00+00:00,2018-11-02 00:00:00+00:00,1.3026299476623535,1.3286668714135885,11582.768257872882,2018-11-12 00:00:00+00:00,1.3009999990463257,native,12.847868631294096,6.031448460396911,0.042601907863001,6
GBPJPY,-1,2018-11-01 00:00:00+00:00,2018-11-02 00:00:00+00:00,146.51499938964844,150.53565537929535,75.00757456868268,2018-11-12 00:00:00+00:00,147.2740020751953,native,-61.33823062095426,4.407280086966619,-0.20338981697154807,6
AUDUSD,-1,2018-11-01 00:00:00+00:00,2018-11-02 00:00:00+00:00,0.7204506993293762,0.7370662619359791,18150.43288625182,2018-11-12 00:00:00+00:00,0.7227104902267456,native,-46.25498308268214,5.238800063016346,-0.15337567530020824,6
EURJPY,-1,2018-11-06 00:00:00+00:00,2018-11-07 00:00:00+00:00,129.67599487304688,132.53267586231232,102.19694818443875,2018-11-12 00:00:00+00:00,128.91099548339844,native,72.89524273410312,5.285360250925521,0.24968906022669324,3
AUDCAD,-1,2018-11-01 00:00:00+00:00,2018-11-02 00:00:00+00:00,0.9431300163269043,0.9628912638872862,15261.164713258282,2018-11-13 00:00:00+00:00,0.9499300122261047,native,-109.55391764874534,5.7780601815665795,-0.3632669386371633,7
AUDJPY,-1,2018-11-02 00:00:00+00:00,2018-11-05 00:00:00+00:00,81.427001953125,83.76959645748138,128.28435873700852,2018-11-13 00:00:00+00:00,81.5260009765625,native,-16.88089053429073,4.180864297020967,-0.05617259998635192,6
GBPAUD,1,2018-11-08 00:00:00+00:00,2018-11-09 00:00:00+00:00,1.7982200384140015,1.755978205241263,6880.9812620700695,2018-11-14 00:00:00+00:00,1.800130009651184,native,8.190440443125283,4.952035851021095,0.02817825691186528,3
CADCHF,1,2018-11-13 00:00:00+00:00,2018-11-14 00:00:00+00:00,0.7602999806404114,0.7470099283382297,22434.520411290283,2018-11-16 00:00:00+00:00,0.7642800211906433,native,82.44965672799657,6.840644233944754,0.2765319854506823,2
CHFJPY,1,2018-11-12 00:00:00+00:00,2018-11-13 00:00:00+00:00,112.49199676513672,110.43535095453262,144.15039397430965,2018-11-20 00:00:00+00:00,113.20999908447266,native,96.99331088224163,6.507006324501839,0.3271647051216742,5
NZDUSD,-1,2018-11-15 00:00:00+00:00,2018-11-16 00:00:00+00:00,0.6824820637702942,0.6983133009634912,18870.208514783557,2018-11-21 00:00:00+00:00,0.6791171431541443,native,58.358021472797006,5.138732189645616,0.1953480158893687,3
AUDUSD,-1,2018-11-16 00:00:00+00:00,2018-11-19 00:00:00+00:00,0.7320108413696289,0.7489384510554373,17560.492001106388,2018-11-21 00:00:00+00:00,0.7217194437980652,native,175.61636092675974,5.10564380889068,0.5907893494800046,2
USDJPY,1,2018-11-16 00:00:00+00:00,2018-11-19 00:00:00+00:00,112.72699737548828,110.99420773983002,171.54832206309086,2018-11-22 00:00:00+00:00,113.02100372314453,native,42.69095745681398,7.745338159513452,0.1436162488021727,3
CADJPY,1,2018-11-12 00:00:00+00:00,2018-11-13 00:00:00+00:00,85.81199645996094,83.91322404146194,156.1357753966927,2018-11-23 00:00:00+00:00,85.65499877929688,native,-29.867381057290256,5.354426451324507,-0.10074460627731913,8
USDCHF,1,2018-11-16 00:00:00+00:00,2018-11-19 00:00:00+00:00,0.9994699954986572,0.983134760055691,18197.298442581403,2018-11-26 00:00:00+00:00,0.9972699880599976,native,-47.301246615799464,7.267054678610386,-0.15912567923780088,5
EURUSD,-1,2018-11-16 00:00:00+00:00,2018-11-19 00:00:00+00:00,1.1412137746810913,1.1635340829379857,13317.788941990631,2018-11-26 00:00:00+00:00,1.1338896751403809,native,91.48094236012885,6.059869513183428,0.307750178522934,5
EURCAD,-1,2018-11-20 00:00:00+00:00,2018-11-21 00:00:00+00:00,1.5131200551986694,1.5400886442512274,11082.178467235883,2018-11-26 00:00:00+00:00,1.4990999698638916,native,148.69669582581946,6.676391980065009,0.4975284878128494,3
EURAUD,-1,2018-11-20 00:00:00+00:00,2018-11-21 00:00:00+00:00,1.5751999616622925,1.6039732610806823,10387.085351045094,2018-11-28 00:00:00+00:00,1.5626100301742554,native,124.25415288993796,6.518540040113667,0.41574549083600487,5
NZDCHF,1,2018-11-20 00:00:00+00:00,2018-11-21 00:00:00+00:00,0.6751000285148621,0.659207824151963,18806.120917228807,2018-11-28 00:00:00+00:00,0.6785299777984619,native,59.41273505215766,5.091305915183513,0.19879075364223933,5
NZDCAD,1,2018-11-23 00:00:00+00:00,2018-11-26 00:00:00+00:00,0.895550012588501,0.8765024854801595,15957.496885300323,2018-11-28 00:00:00+00:00,0.9036200046539307,native,123.0348232592382,5.742049989254367,0.404785252076355,2
EURCAD,-1,2018-11-29 00:00:00+00:00,2018-11-30 00:00:00+00:00,1.5122300386428833,1.5371736157685518,12227.662025848307,2018-12-03 00:00:00+00:00,1.503309965133667,native,101.69704331809871,7.374600798320998,0.3334311460845891,1
NZDUSD,-1,2018-11-28 00:00:00+00:00,2018-11-29 00:00:00+00:00,0.6865208745002747,0.7036714861169457,17854.169066807433,2018-12-06 00:00:00+00:00,0.6891798973083496,native,-52.38704160090896,4.91239883304173,-0.1710821181201813,5
AUDCHF,-1,2018-11-28 00:00:00+00:00,2018-11-29 00:00:00+00:00,0.7252799868583679,0.7405139533802867,20100.472123436753,2018-12-06 00:00:00+00:00,0.7242199778556824,native,15.479554682341364,5.827126726731466,0.05055210070435016,5
AUDUSD,-1,2018-11-28 00:00:00+00:00,2018-11-29 00:00:00+00:00,0.7305135726928711,0.7477286984212697,17787.260124279226,2018-12-06 00:00:00+00:00,0.726374626159668,native,68.43770875357114,5.18280987299655,0.2234993199663688,5
USDCAD,1,2018-12-03 00:00:00+00:00,2018-12-04 00:00:00+00:00,1.3199299573898315,1.2983268327079713,14042.407058506538,2018-12-06 00:00:00+00:00,1.3362699747085571,native,221.99328639753065,7.4598881350606,0.7317819790014118,2
CHFJPY,1,2018-12-04 00:00:00+00:00,2018-12-05 00:00:00+00:00,112.97699737548828,111.09985482692719,162.10919210037852,2018-12-10 00:00:00+00:00,113.677001953125,native,106.12863720375893,7.348539343496247,0.3487608217462384,3
USDJPY,1,2018-12-04 00:00:00+00:00,2018-12-05 00:00:00+00:00,112.6969985961914,111.16130143404007,198.15238935402627,2018-12-11 00:00:00+00:00,113.19999694824219,native,90.71791941699492,8.952405883005069,0.298117991115216,4
GBPAUD,-1,2018-12-06 00:00:00+00:00,2018-12-07 00:00:00+00:00,1.766610026359558,1.8144574835896492,6490.939995969365,2018-12-11 00:00:00+00:00,1.7464900016784668,native,126.0372086260197,4.560664296366623,0.40581894628398696,2
GBPCAD,-1,2018-12-06 00:00:00+00:00,2018-12-07 00:00:00+00:00,1.7112400531768799,1.754792989231646,7130.9767371296275,2018-12-11 00:00:00+00:00,1.6828999519348145,native,197.25189600126456,4.840706683802505,0.6351184500227512,2
EURCAD,-1,2018-12-06 00:00:00+00:00,2018-12-07 00:00:00+00:00,1.523360013961792,1.5521860718727112,10774.104971272793,2018-12-12 00:00:00+00:00,1.5147199630737305,native,86.54229670837302,6.5465185167405515,0.2786518683018314,3
EURUSD,-1,2018-12-07 00:00:00+00:00,2018-12-10 00:00:00+00:00,1.140380859375,1.1614137631841004,14705.807260087164,2018-12-12 00:00:00+00:00,1.1322848796844482,native,112.3736400457919,6.684276865042358,0.3633091565527729,2
NZDJPY,1,2018-12-07 00:00:00+00:00,2018-12-10 00:00:00+00:00,76.9990005493164,75.08004951477051,161.1848473297693,2018-12-12 00:00:00+00:00,78.06099700927734,native,166.1790728568719,4.998664406687267,0.5372646002367598,2
USDCHF,1,2018-12-06 00:00:00+00:00,2018-12-07 00:00:00+00:00,0.9931300282478333,0.9774671974591911,19828.789446250285,2018-12-14 00:00:00+00:00,0.9935899972915649,native,1.2417787049348163,7.878850615013944,0.0039983218531111295,5
EURJPY,-1,2018-12-13 00:00:00+00:00,2018-12-14 00:00:00+00:00,129.0489959716797,131.28800839185715,142.57809227255945,2018-12-17 00:00:00+00:00,128.197998046875,native,113.99810351655613,7.335557130003208,0.35709874531987,1
NZDCHF,1,2018-12-07 00:00:00+00:00,2018-12-10 00:00:00+00:00,0.6772000193595886,0.6617082785815,19965.85367436976,2018-12-19 00:00:00+00:00,0.6799100041389465,native,48.6879875345908,5.419172029838451,0.1574105072883283,7
AUDNZD,-1,2018-12-14 00:00:00+00:00,2018-12-17 00:00:00+00:00,1.0563900470733643,1.0742719559930265,17868.28477299776,2018-12-19 00:00:00+00:00,1.048200011253357,native,138.8208094344227,7.521082898520364,0.4344680337678806,2
EURAUD,-1,2018-12-06 00:00:00+00:00,2018-12-07 00:00:00+00:00,1.5725899934768677,1.6029175100848079,10240.699159617925,2018-12-20 00:00:00+00:00,1.6029175100848079,stop,-317.07885724484873,6.503883404616893,-1.0209414278433222,9
CHFJPY,1,2018-12-18 00:00:00+00:00,2018-12-19 00:00:00+00:00,113.33999633789062,111.5523481965065,179.3996776878552,2018-12-24 00:00:00+00:00,111.5523481965065,stop,-328.77262320839276,8.069122824787385,-1.0251606945828018,3
USDJPY,1,2018-12-18 00:00:00+00:00,2018-12-19 00:00:00+00:00,112.49700164794922,110.90116810798645,200.9630029401986,2018-12-24 00:00:00+00:00,110.90116810798645,stop,-329.6824537927048,8.978953409099418,-1.027997678224152,3
NZDJPY,1,2018-12-19 00:00:00+00:00,2018-12-20 00:00:00+00:00,76.1240005493164,74.03895479440689,152.51824481718666,2018-12-25 00:00:00+00:00,74.03895479440689,stop,-322.58803697944245,4.580518077117252,-1.0144038043280483,3
EURNZD,-1,2018-12-19 00:00:00+00:00,2018-12-20 00:00:00+00:00,1.6806000471115112,1.720119932666421,8046.772262548162,2018-12-27 00:00:00+00:00,1.6857399940490723,native,-46.77761678203875,5.417634333903244,-0.14709594585531266,5
GBPAUD,-1,2018-12-19 00:00:00+00:00,2018-12-20 00:00:00+00:00,1.7746200561523438,1.8225815631449223,6630.473870463104,2018-12-27 00:00:00+00:00,1.7878999710083008,native,-92.77636764501592,4.724239190618032,-0.29174268572408135,5
EURUSD,-1,2018-12-20 00:00:00+00:00,2018-12-21 00:00:00+00:00,1.1457772254943848,1.1676844833418727,14255.323583877755,2018-12-27 00:00:00+00:00,1.1363636255264282,native,127.6873823733442,6.506531259057569,0.4088677761548092,4
GBPNZD,-1,2018-12-20 00:00:00+00:00,2018-12-21 00:00:00+00:00,1.868149995803833,1.9245152827352285,5540.556368168453,2018-12-27 00:00:00+00:00,1.8767900466918945,native,-52.02049924932052,4.149810280171749,-0.16657484433616823,4
GBPCAD,-1,2018-12-21 00:00:00+00:00,2018-12-24 00:00:00+00:00,1.7193000316619873,1.7621846701949835,7189.662865576602,2019-01-03 00:00:00+00:00,1.7055000066757202,native,94.29289565626136,4.924631531532388,0.30582197792126875,8
GBPUSD,-1,2018-12-31 00:00:00+00:00,2019-01-01 00:00:00+00:00,1.275022268295288,1.3045953242108226,10376.1325397461,2019-01-03 00:00:00+00:00,1.251877784729004,native,234.90633907476584,5.2438899729743005,0.7655314222628976,2
EURUSD,-1,2018-12-31 00:00:00+00:00,2019-01-01 00:00:00+00:00,1.1494252681732178,1.1701937117613852,14775.009330007508,2019-01-03 00:00:00+00:00,1.131733775138855,native,254.65114541483976,6.740829229633375,0.8298773643066812,2
GBPNZD,-1,2019-01-01 00:00:00+00:00,2019-01-02 00:00:00+00:00,1.8992899656295776,1.9517644625157118,5900.9801255149205,2019-01-03 00:00:00+00:00,1.88673996925354,native,69.58902171021218,4.4682574800699655,0.22473374856076228,1
NZDCAD,1,2019-01-02 00:00:00+00:00,2019-01-03 00:00:00+00:00,0.9041100144386292,0.8808696791529655,13651.982919787884,2019-01-14 00:00:00+00:00,0.9047099947929382,native,3.252125575035886,4.9387959741999845,0.010250125462248317,7
USDCAD,1,2018-12-31 00:00:00+00:00,2019-01-01 00:00:00+00:00,1.3394299745559692,1.3120782235637307,11218.80452450678,2019-01-15 00:00:00+00:00,1.3275799751281738,native,-138.9269598540381,5.984132658084214,-0.4527462033873523,10
AUDNZD,-1,2019-01-08 00:00:00+00:00,2019-01-09 00:00:00+00:00,1.0624799728393555,1.0831644674763083,14903.431780766803,2019-01-15 00:00:00+00:00,1.0547900199890137,native,108.29576992246575,6.310917779916444,0.3513017349137703,4
AUDUSD,-1,2019-01-09 00:00:00+00:00,2019-01-10 00:00:00+00:00,0.7176483869552612,0.7356462916359305,17306.113550052058,2019-01-17 00:00:00+00:00,0.7169898152351379,native,6.431714643236861,4.965602326069918,0.02064929703091363,5
CADCHF,-1,2019-01-03 00:00:00+00:00,2019-01-04 00:00:00+00:00,0.7323300242424011,0.7529658619314432,15266.17636275895,2019-01-18 00:00:00+00:00,0.7482699751853943,max_hold,-247.86272245225257,4.5206201427931045,-0.7867900100561604,10
EURCAD,1,2019-01-03 00:00:00+00:00,2019-01-04 00:00:00+00:00,1.535330057144165,1.5009273793548346,9157.145832755117,2019-01-18 00:00:00+00:00,1.5128200054168701,max_hold,-211.71029729829942,5.582470928598607,-0.6720314587539863,10
EURAUD,1,2019-01-04 00:00:00+00:00,2019-01-07 00:00:00+00:00,1.6016299724578857,1.557849713601172,7128.8006179413305,2019-01-21 00:00:00+00:00,1.5866899490356445,max_hold,-111.05022760983864,4.545779405307547,-0.3558153335164909,10
NZDJPY,-1,2019-01-11 00:00:00+00:00,2019-01-14 00:00:00+00:00,73.96499633789062,76.73302513360977,112.0125949533259,2019-01-22 00:00:00+00:00,73.76799774169922,native,18.75673275614596,3.3095912054158383,0.060495034457177126,6
EURGBP,1,2019-01-14 00:00:00+00:00,2019-01-15 00:00:00+00:00,0.8910199999809265,0.8714717966504395,15936.087228286804,2019-01-23 00:00:00+00:00,0.8714717966504395,stop,-317.13931803297913,5.617444602051475,-1.018032263802808,6
GBPCHF,-1,2019-01-15 00:00:00+00:00,2019-01-16 00:00:00+00:00,1.2709100246429443,1.300244377925992,10479.45589111054,2019-01-23 00:00:00+00:00,1.300244377925992,stop,-312.7969211541429,5.388859830191168,-1.0175299886638702,5
NZDCAD,1,2019-01-18 00:00:00+00:00,2019-01-21 00:00:00+00:00,0.894599974155426,0.8744101515039802,15202.983637094843,2019-01-23 00:00:00+00:00,0.9015700221061707,native,100.5040963324159,5.461428612521153,0.32743298768000256,2
EURJPY,-1,2019-01-21 00:00:00+00:00,2019-01-22 00:00:00+00:00,124.6760025024414,127.30400997400284,116.04152511449865,2019-01-23 00:00:00+00:00,124.2750015258789,native,40.75503405546944,5.777730837246398,0.13364146774977162,1
NZDCHF,-1,2019-01-10 00:00:00+00:00,2019-01-11 00:00:00+00:00,0.6675800085067749,0.6934741102159023,11948.843453407853,2019-01-25 00:00:00+00:00,0.6732199788093567,max_hold,-70.59532405757344,3.2042018301543385,-0.22816509977492108,10
EURCHF,-1,2019-01-10 00:00:00+00:00,2019-01-11 00:00:00+00:00,1.1327300071716309,1.1727790031582117,7725.651044851562,2019-01-25 00:00:00+00:00,1.1260600090026855,native,48.03995363335888,3.490124689711477,0.15526581909304255,10
GBPJPY,-1,2019-01-15 00:00:00+00:00,2019-01-16 00:00:00+00:00,139.8560028076172,144.38190400600433,67.92195583798868,2019-01-25 00:00:00+00:00,144.38190400600433,stop,-311.26926023476716,3.8611989108154283,-1.0125604998586761,7
USDJPY,-1,2019-01-18 00:00:00+00:00,2019-01-21 00:00:00+00:00,109.65699768066406,111.70175057649612,150.11375899329607,2019-01-29 00:00:00+00:00,109.26300048828125,native,52.57181881259965,6.572580768789175,0.1712740906066857,6
GBPUSD,-1,2019-01-17 00:00:00+00:00,2019-01-18 00:00:00+00:00,1.298296570777893,1.3301067650318146,9514.463572040695,2019-01-30 00:00:00+00:00,1.3080615997314453,native,-97.86863223229585,4.959619973800347,-0.323364909548958,8
GBPJPY,-1,2019-01-25 00:00:00+00:00,2019-01-28 00:00:00+00:00,144.4669952392578,148.6825691461563,70.7405514883114,2019-01-30 00:00:00+00:00,143.10499572753906,native,92.27999633907864,4.068600246716583,0.30944425179942636,2
AUDCAD,-1,2019-01-31 00:00:00+00:00,2019-02-01 00:00:00+00:00,0.954479992389679,0.9724384895525873,16678.62899014676,2019-02-04 00:00:00+00:00,0.9494400024414062,native,77.70916741716746,6.350955044141962,0.25944297604866773,1
EURUSD,-1,2019-01-30 00:00:00+00:00,2019-01-31 00:00:00+00:00,1.1485539674758911,1.1684111319482327,15111.304691458481,2019-02-05 00:00:00+00:00,1.14357590675354,native,68.2975777636539,6.927414584375068,0.22760725751153715,3
AUDUSD,-1,2019-01-30 00:00:00+00:00,2019-01-31 00:00:00+00:00,0.7253788113594055,0.7424093005247414,17619.438862667517,2019-02-05 00:00:00+00:00,0.7214174270629883,native,64.69902084833053,5.098347573924141,0.21561477260482045,3
NZDJPY,-1,2019-01-23 00:00:00+00:00,2019-01-24 00:00:00+00:00,74.35399627685547,76.62446475028992,132.11598500026992,2019-02-07 00:00:00+00:00,74.44400024414062,native,-15.822681567098115,3.931718775287627,-0.05274839443517745,10
EURCHF,-1,2019-01-30 00:00:00+00:00,2019-01-31 00:00:00+00:00,1.1411900520324707,1.163828594610095,13254.725281941994,2019-02-07 00:00:00+00:00,1.1391299962997437,native,21.26046964367714,6.045003159109639,0.07085225197517685,5
GBPAUD,1,2019-01-30 00:00:00+00:00,2019-01-31 00:00:00+00:00,1.8081200122833252,1.7578936256468296,5974.303204840176,2019-02-07 00:00:00+00:00,1.8181300163269043,native,55.469935804522166,4.332863433495575,0.18485809272034215,5
AUDCHF,-1,2019-01-30 00:00:00+00:00,2019-01-31 00:00:00+00:00,0.7206900119781494,0.739446974825114,15997.667911280036,2019-02-07 00:00:00+00:00,0.7127199769020081,native,122.91573099279965,4.586243396563274,0.4096267152125168,5
USDCAD,1,2019-01-31 00:00:00+00:00,2019-02-01 00:00:00+00:00,1.3126499652862549,1.28870639950037,12509.54490568506,2019-02-07 00:00:00+00:00,1.3214000463485718,native,102.8693785965644,6.5901533808732236,0.34344387688644473,4
AUDJPY,-1,2019-01-31 00:00:00+00:00,2019-02-01 00:00:00+00:00,79.12000274658203,81.29966235160828,137.41737962664334,2019-02-07 00:00:00+00:00,78.2040023803711,native,121.55055955436981,4.3238105073829,0.4058136248182184,4
CADJPY,-1,2019-02-04 00:00:00+00:00,2019-02-05 00:00:00+00:00,83.84700012207031,85.91320300102234,145.21808969225899,2019-02-07 00:00:00+00:00,83.21299743652344,native,87.21663211298868,4.852026741890487,0.2906736275286648,2
GBPCAD,1,2019-01-30 00:00:00+00:00,2019-01-31 00:00:00+00:00,1.7237600088119507,1.6747813243418932,6126.494941557689,2019-02-08 00:00:00+00:00,1.7235699892044067,native,-5.388164123360217,4.224009958945459,-0.01795649713060136,6
EURGBP,-1,2019-02-05 00:00:00+00:00,2019-02-06 00:00:00+00:00,0.8805999755859375,0.8999027428217232,15403.732480063132,2019-02-08 00:00:00+00:00,0.8756700158119202,native,70.52915887438442,5.410622622051076,0.23720463080802337,2
GBPCHF,1,2019-02-05 00:00:00+00:00,2019-02-06 00:00:00+00:00,1.2953300476074219,1.2669195979833603,10465.679584780317,2019-02-13 00:00:00+00:00,1.296839952468872,native,10.376416353424169,5.4257641300156925,0.03489810525896193,5
NZDCAD,1,2019-02-12 00:00:00+00:00,2019-02-13 00:00:00+00:00,0.8911299705505371,0.8721019299700856,16220.705433569286,2019-02-14 00:00:00+00:00,0.9023200273513794,native,175.69241032621093,5.818204825160489,0.5692318531414916,1
GBPAUD,1,2019-02-14 00:00:00+00:00,2019-02-15 00:00:00+00:00,1.8012700080871582,1.754262177273631,6601.64910131438,2019-02-19 00:00:00+00:00,1.8121299743652344,native,66.92280687059679,4.7708797493692465,0.21565101188775893,2
AUDCAD,-1,2019-02-15 00:00:00+00:00,2019-02-18 00:00:00+00:00,0.9459599852561951,0.964117790106684,17105.75211776934,2019-02-22 00:00:00+00:00,0.9401599764823914,native,92.76081225959823,6.452700105975371,0.2986475967831533,4
AUDJPY,-1,2019-02-20 00:00:00+00:00,2019-02-21 00:00:00+00:00,79.41400146484375,81.37756925821304,157.3491598508998,2019-02-22 00:00:00+00:00,78.6709976196289,native,111.93612245234925,4.9749083581944085,0.3622929892210535,1
USDJPY,-1,2019-02-11 00:00:00+00:00,2019-02-12 00:00:00+00:00,110.39199829101562,112.03437334299088,187.7493676472706,2019-02-26 00:00:00+00:00,111.03500366210938,max_hold,-129.03840773599615,8.314555919346034,-0.4184737040773876,10
CHFJPY,-1,2019-02-18 00:00:00+00:00,2019-02-19 00:00:00+00:00,110.0719985961914,112.00371032953262,161.13462624761712,2019-02-27 00:00:00+00:00,110.55400085449219,native,-84.77735133420236,7.110097592398576,-0.2723633392653742,6
GBPJPY,-1,2019-02-19 00:00:00+00:00,2019-02-20 00:00:00+00:00,144.4340057373047,147.95486211776733,88.07203184171573,2019-02-27 00:00:00+00:00,147.95486211776733,stop,-315.23923158619317,5.150256335979023,-1.01660896306237,5
EURCHF,-1,2019-02-26 00:00:00+00:00,2019-02-27 00:00:00+00:00,1.1391700506210327,1.1528790458105505,22415.46275074239,2019-03-01 00:00:00+00:00,1.1341999769210815,native,101.21477365549502,10.191728234204893,0.32937495651726134,2
USDCAD,1,2019-02-20 00:00:00+00:00,2019-02-21 00:00:00+00:00,1.317020058631897,1.2950957799330354,14092.401708658554,2019-03-04 00:00:00+00:00,1.328410029411316,native,153.05595097487915,7.456092698575384,0.49538162285695836,7
CADJPY,-1,2019-02-20 00:00:00+00:00,2019-02-21 00:00:00+00:00,84.10299682617188,85.94047915935516,168.1462384793031,2019-03-05 00:00:00+00:00,83.9469985961914,native,20.57912065929817,5.651394921346898,0.06660648033767401,8
EURUSD,-1,2019-02-20 00:00:00+00:00,2019-02-21 00:00:00+00:00,1.1346358060836792,1.1519936602562666,17799.7660036159,2019-03-05 00:00:00+00:00,1.133825421333313,native,6.349043122157683,8.075615807259556,0.02054934333105088,8
EURJPY,-1,2019-02-19 00:00:00+00:00,2019-02-20 00:00:00+00:00,125.4260025024414,127.51397687196732,148.51186862060104,2019-03-06 00:00:00+00:00,126.45600128173828,max_hold,-160.44853680109492,7.481493410777967,-0.5174274147335527,10
USDCHF,1,2019-02-19 00:00:00+00:00,2019-02-20 00:00:00+00:00,1.001389980316162,0.9875255902297795,22365.857662558006,2019-03-06 00:00:00+00:00,1.0044000148773193,native,58.34976184752672,8.972242706696063,0.18817102994533638,10
CHFJPY,-1,2019-02-28 00:00:00+00:00,2019-03-01 00:00:00+00:00,111.6500015258789,113.52589362859726,162.49475397529676,2019-03-06 00:00:00+00:00,111.3499984741211,native,41.50165605992572,7.2472660272982345,0.13615018229870907,3
EURNZD,-1,2019-02-28 00:00:00+00:00,2019-03-01 00:00:00+00:00,1.6677299737930298,1.7042081532999873,8356.300392054425,2019-03-08 00:00:00+00:00,1.6547000408172607,native,103.32938938712947,5.552644646732272,0.3389820199357401,5
EURCAD,-1,2019-03-01 00:00:00+00:00,2019-03-04 00:00:00+00:00,1.5110100507736206,1.5383591838181019,11175.059952591244,2019-03-08 00:00:00+00:00,1.505329966545105,native,56.73372568324272,6.741556106187374,0.1856298778025185,4
NZDUSD,1,2019-03-05 00:00:00+00:00,2019-03-06 00:00:00+00:00,0.6802119612693787,0.6647171680815518,20068.33834938082,2019-03-11 00:00:00+00:00,0.680272102355957,native,-4.253599227400639,5.4605309015547565,-0.013679158126048184,3
NZDJPY,1,2019-03-06 00:00:00+00:00,2019-03-07 00:00:00+00:00,75.56800079345703,73.79486072063446,173.85395698223687,2019-03-12 00:00:00+00:00,76.05000305175781,native,78.52612189631732,5.271877983647721,0.2547337711525149,3
GBPJPY,1,2019-03-07 00:00:00+00:00,2019-03-08 00:00:00+00:00,146.14100646972656,142.7123122215271,90.72408869633294,2019-03-12 00:00:00+00:00,147.44500732421875,native,112.97722447195423,5.327064711088944,0.3631947212520755,2
GBPCHF,1,2019-03-08 00:00:00+00:00,2019-03-11 00:00:00+00:00,1.3089300394058228,1.2818087069317698,11430.81936093876,2019-03-12 00:00:00+00:00,1.3380299806594849,native,326.5847875155427,6.051384368998674,1.0534345713649067,1
CADJPY,-1,2019-03-14 00:00:00+00:00,2019-03-15 00:00:00+00:00,83.875,85.54979133605957,189.75414352552525,2019-03-21 00:00:00+00:00,83.25900268554688,native,110.54516891135863,6.342873906717758,0.3478466250528145,4
AUDNZD,-1,2019-03-18 00:00:00+00:00,2019-03-19 00:00:00+00:00,1.0368900299072266,1.0518323606811464,21317.005530751132,2019-03-21 00:00:00+00:00,1.0311100482940674,native,114.39518619443194,8.816713820922152,0.3591395264040965,2
EURNZD,-1,2019-03-18 00:00:00+00:00,2019-03-19 00:00:00+00:00,1.655809998512268,1.6861795922741294,10488.31111300448,2019-03-21 00:00:00+00:00,1.6519900560379028,native,33.12609789057564,6.9386472143470765,0.10399817950220833,2
USDCAD,1,2019-03-13 00:00:00+00:00,2019-03-14 00:00:00+00:00,1.329949975013733,1.309284735005349,15340.605538720289,2019-03-22 00:00:00+00:00,1.3369899988174438,native,99.81573332913285,8.182494826797818,0.314858951858528,6
EURJPY,-1,2019-03-14 00:00:00+00:00,2019-03-15 00:00:00+00:00,126.3759994506836,128.5026010274887,149.43965010850619,2019-03-22 00:00:00+00:00,126.03399658203125,native,43.56477672930798,7.544012298203668,0.13708297436878852,5
EURUSD,-1,2019-03-13 00:00:00+00:00,2019-03-14 00:00:00+00:00,1.1332857608795166,1.149609247688204,19420.930040687213,2019-03-25 00:00:00+00:00,1.129611611366272,native,62.56588634462084,8.78951431112808,0.19735795890623897,7
CHFJPY,-1,2019-03-14 00:00:00+00:00,2019-03-15 00:00:00+00:00,111.36199951171875,113.15549701452255,177.19489157979558,2019-03-25 00:00:00+00:00,110.76799774169922,native,97.38201908082956,7.872060155987938,0.3064268390168859,6
GBPAUD,1,2019-03-21 00:00:00+00:00,2019-03-22 00:00:00+00:00,1.846850037574768,1.7926615979522467,5835.236552238957,2019-03-25 00:00:00+00:00,1.8649300336837769,native,101.16923121049021,4.331822949135997,0.3199509012536935,1
EURGBP,-1,2019-03-21 00:00:00+00:00,2019-03-22 00:00:00+00:00,0.8661900162696838,0.8873140565119684,14968.839292456008,2019-03-25 00:00:00+00:00,0.8551999926567078,native,159.35445520228387,5.153442080651715,0.5039635168787897,1
NZDCHF,1,2019-03-21 00:00:00+00:00,2019-03-22 00:00:00+00:00,0.682200014591217,0.6685505784116685,23165.965204329055,2019-03-26 00:00:00+00:00,0.6857699751853943,native,76.36351386878968,6.338069036746271,0.24150203370019063,2
EURCAD,-1,2019-03-18 00:00:00+00:00,2019-03-19 00:00:00+00:00,1.5120500326156616,1.5365701280534267,12990.395920701752,2019-03-27 00:00:00+00:00,1.508470058441162,native,38.65773153878363,7.8475503738524495,0.12136454215038658,6
GBPJPY,1,2019-03-22 00:00:00+00:00,2019-03-25 00:00:00+00:00,145.41299438476562,141.15066134929657,76.04820462597827,2019-03-27 00:00:00+00:00,145.99000549316406,native,39.44852385027876,4.432134992668145,0.12170107406113727,2
NZDJPY,1,2019-03-22 00:00:00+00:00,2019-03-25 00:00:00+00:00,75.71399688720703,74.09118604660034,199.74156368356321,2019-03-27 00:00:00+00:00,76.36699676513672,native,124.35583760711785,6.0753790957338385,0.38364525526984106,2
USDCHF,1,2019-03-18 00:00:00+00:00,2019-03-19 00:00:00+00:00,1.0010000467300415,0.9880717853084207,24637.941434048396,2019-03-28 00:00:00+00:00,0.9947500228881836,native,-163.8219560435517,9.834234666450369,-0.5143130726504084,7
GBPCHF,1,2019-03-21 00:00:00+00:00,2019-03-22 00:00:00+00:00,1.3018200397491455,1.2655664840713143,8721.968305787079,2019-04-03 00:00:00+00:00,1.3100099563598633,native,66.8761334164862,4.5560596892333525,0.21149789222425516,8
GBPCAD,1,2019-03-28 00:00:00+00:00,2019-03-29 00:00:00+00:00,1.7529799938201904,1.705183593556285,6801.582619663951,2019-04-03 00:00:00+00:00,1.75177001953125,native,-12.997309449313107,4.767569355415632,-0.03998050650382961,3
GBPUSD,1,2019-03-28 00:00:00+00:00,2019-03-29 00:00:00+00:00,1.3054147958755493,1.269862157292664,9143.939192011965,2019-04-03 00:00:00+00:00,1.3125426769256592,native,60.38922210238547,4.787688787713513,0.18576088354603504,3
GBPAUD,1,2019-03-29 00:00:00+00:00,2019-04-01 00:00:00+00:00,1.8304500579833984,1.7769750859588385,6092.774961988567,2019-04-03 00:00:00+00:00,1.8600200414657593,native,175.66621422376537,4.497040763978257,0.5391660504138105,2
AUDNZD,-1,2019-03-27 00:00:00+00:00,2019-03-28 00:00:00+00:00,1.041949987411499,1.0587806603871286,19426.98812116841,2019-04-09 00:00:00+00:00,1.0587806603871286,stop,-335.1314578369375,8.162173868111672,-1.0249631212113792,8
CHFJPY,-1,2019-04-03 00:00:00+00:00,2019-04-04 00:00:00+00:00,111.66100311279297,113.3710047006607,191.15324066953153,2019-04-09 00:00:00+00:00,111.52899932861328,native,16.70025267624561,8.532698450343092,0.05109105413191213,3
USDJPY,-1,2019-03-29 00:00:00+00:00,2019-04-01 00:00:00+00:00,110.99299621582031,112.640371799469,197.7757676380375,2019-04-10 00:00:00+00:00,111.1050033569336,native,-30.93741878589598,8.785120471274787,-0.0949551168418868,7
CADJPY,-1,2019-04-01 00:00:00+00:00,2019-04-02 00:00:00+00:00,83.68299865722656,85.53810185194016,174.60832525025643,2019-04-10 00:00:00+00:00,83.33899688720703,native,54.232886761840355,5.832686184393869,0.16742862165066635,6
EURJPY,-1,2019-04-08 00:00:00+00:00,2019-04-09 00:00:00+00:00,125.447998046875,127.38993525505066,165.65095184998927,2019-04-10 00:00:00+00:00,125.1510009765625,native,40.89545484974643,8.30239254417739,0.1271293785753968,1
NZDCHF,1,2019-03-27 00:00:00+00:00,2019-03-28 00:00:00+00:00,0.6753000020980835,0.6603737757541239,21905.68978616257,2019-04-11 00:00:00+00:00,0.6781399846076965,native,56.282168555117686,5.929607298592963,0.17213289233762943,10
NZDCAD,1,2019-03-27 00:00:00+00:00,2019-03-28 00:00:00+00:00,0.9109100103378296,0.8913913699798286,16751.64242855656,2019-04-11 00:00:00+00:00,0.9011300206184387,max_hold,-169.90182006715702,6.0709293329619936,-0.5196262413546954,10
NZDUSD,1,2019-03-27 00:00:00+00:00,2019-03-28 00:00:00+00:00,0.6790710091590881,0.6635110047645867,21013.444191851857,2019-04-11 00:00:00+00:00,0.6767685413360596,native,-54.08095084823243,5.698171745487059,-0.16540070734408394,10
GBPJPY,1,2019-04-09 00:00:00+00:00,2019-04-10 00:00:00+00:00,144.9600067138672,141.12663006782532,84.40223071486834,2019-04-12 00:00:00+00:00,145.72300720214844,native,59.49208428638468,4.906858961086567,0.18387545774450567,2
EURCHF,-1,2019-04-08 00:00:00+00:00,2019-04-09 00:00:00+00:00,1.124650001525879,1.1358892060816288,28621.57596398917,2019-04-16 00:00:00+00:00,1.1358892060816288,stop,-334.6237858972315,12.940038930022833,-1.0402259643268266,5
AUDUSD,-1,2019-04-10 00:00:00+00:00,2019-04-11 00:00:00+00:00,0.716589093208313,0.7304596928879619,23387.72129996126,2019-04-19 00:00:00+00:00,0.7147298455238342,native,36.788508986102784,6.695057686084757,0.1134041737964821,6
EURUSD,-1,2019-04-10 00:00:00+00:00,2019-04-11 00:00:00+00:00,1.1276118755340576,1.1429591178894043,21137.459881054438,2019-04-19 00:00:00+00:00,1.123608112335205,native,75.11236955358484,9.51701443540288,0.2315412188718522,6
EURCAD,-1,2019-04-11 00:00:00+00:00,2019-04-12 00:00:00+00:00,1.5063899755477905,1.528318920172751,14841.885798984044,2019-04-19 00:00:00+00:00,1.5026299953460693,native,46.87329060541312,8.931906154973792,0.14401861382547584,5
CADJPY,-1,2019-04-12 00:00:00+00:00,2019-04-15 00:00:00+00:00,84.01399993896484,85.61562097072601,200.82568306234373,2019-04-22 00:00:00+00:00,83.5999984741211,native,76.40988782163326,6.732239144423716,0.23755848457031814,5
EURNZD,-1,2019-04-08 00:00:00+00:00,2019-04-09 00:00:00+00:00,1.6691999435424805,1.7002857401967049,10348.254881333196,2019-04-23 00:00:00+00:00,1.6855499744415283,max_hold,-176.13744850390654,6.943161442886032,-0.5475484856307066,10
GBPAUD,1,2019-04-10 00:00:00+00:00,2019-04-11 00:00:00+00:00,1.8275699615478516,1.7789667136967182,6674.486457459969,2019-04-23 00:00:00+00:00,1.820430040359497,native,-52.525012600912454,4.869705321908908,-0.16191348390625004,8
EURGBP,-1,2019-04-09 00:00:00+00:00,2019-04-10 00:00:00+00:00,0.8629500269889832,0.8839165419340134,15431.536473490343,2019-04-24 00:00:00+00:00,0.8675000071525574,max_hold,-75.55388541133468,5.340700563481558,-0.23351855008994066,10
AUDNZD,-1,2019-04-11 00:00:00+00:00,2019-04-12 00:00:00+00:00,1.0591000318527222,1.0752236871048808,20185.67667975498,2019-04-24 00:00:00+00:00,1.066390037536621,native,-155.73458879410444,8.580891065344652,-0.4784959475453864,8
EURNZD,-1,2019-04-23 00:00:00+00:00,2019-04-24 00:00:00+00:00,1.6859999895095825,1.7123208809643984,12125.94491755908,2019-04-26 00:00:00+00:00,1.6789000034332275,native,77.93352168381301,8.16051839350389,0.2441788907035854,2
NZDCAD,1,2019-04-22 00:00:00+00:00,2019-04-23 00:00:00+00:00,0.8907999992370605,0.8745381361804903,19659.730103413392,2019-04-29 00:00:00+00:00,0.8972200155258179,native,119.18538931453881,7.030398181947884,0.37279936897238525,4
NZDCHF,1,2019-04-24 00:00:00+00:00,2019-04-25 00:00:00+00:00,0.6725999712944031,0.6596871633082628,24467.607571320834,2019-04-29 00:00:00+00:00,0.6794099807739258,native,160.00854971399076,6.616089787945633,0.5064434858884465,2
GBPUSD,1,2019-04-18 00:00:00+00:00,2019-04-19 00:00:00+00:00,1.299376368522644,1.2732384065166116,12258.978056956394,2019-04-30 00:00:00+00:00,1.2931759357452393,native,-82.3673777237448,6.356408361906343,-0.257056890537513,7
GBPJPY,1,2019-04-19 00:00:00+00:00,2019-04-22 00:00:00+00:00,145.38999938964844,142.40665823221207,107.30332406677302,2019-05-01 00:00:00+00:00,145.27999877929688,native,-18.041402542098666,6.237971402002131,-0.05635782202322181,7
USDCAD,1,2019-04-30 00:00:00+00:00,2019-05-01 00:00:00+00:00,1.3390100002288818,1.3206318337470293,17514.590204383527,2019-05-03 00:00:00+00:00,1.3470499515533447,native,131.40740484718373,9.409047863974376,0.4082419941899538,2
EURAUD,-1,2019-04-23 00:00:00+00:00,2019-04-24 00:00:00+00:00,1.5814100503921509,1.6045860671438277,13771.377686765645,2019-05-06 00:00:00+00:00,1.6045860671438277,stop,-327.94079113078004,8.77511116863139,-1.0274939058913604,8
AUDCHF,1,2019-04-24 00:00:00+00:00,2019-04-25 00:00:00+00:00,0.715470016002655,0.7010289942845702,21878.335523381407,2019-05-08 00:00:00+00:00,0.714169979095459,native,-34.698272346494505,6.255628698080378,-0.10982359400716978,9
USDCHF,1,2019-05-01 00:00:00+00:00,2019-05-02 00:00:00+00:00,1.017449975013733,1.0053548202849925,26514.42625850856,2019-05-08 00:00:00+00:00,1.019569993019104,native,45.408977924219045,10.802083145903225,0.14159504778347484,4
NZDCHF,1,2019-05-03 00:00:00+00:00,2019-05-06 00:00:00+00:00,0.6713799834251404,0.6592091079801321,26190.790128623597,2019-05-15 00:00:00+00:00,0.6592091079801321,stop,-325.73468038991643,6.96983592808629,-1.0218651336531588,7
GBPCHF,1,2019-05-09 00:00:00+00:00,2019-05-10 00:00:00+00:00,1.320970058441162,1.2976528024300933,13675.136332096383,2019-05-15 00:00:00+00:00,1.2976528024300933,stop,-326.02865976671177,7.162004924951736,-1.0224608149400443,3
EURUSD,-1,2019-05-10 00:00:00+00:00,2019-05-13 00:00:00+00:00,1.1236711740493774,1.1375426440499723,22841.94079579472,2019-05-15 00:00:00+00:00,1.120360255241394,native,65.37620478128753,10.251606610352482,0.20633087351250495,2
EURGBP,-1,2019-05-10 00:00:00+00:00,2019-05-13 00:00:00+00:00,0.8637300133705139,0.8771803150884807,23557.1887640991,2019-05-17 00:00:00+00:00,0.8771803150884807,stop,-325.0534871500059,8.202190645775662,-1.025886561728701,4
GBPCAD,1,2019-05-10 00:00:00+00:00,2019-05-13 00:00:00+00:00,1.7483799457550049,1.7148720724508166,9456.02526390793,2019-05-17 00:00:00+00:00,1.7148720724508166,stop,-323.401016220117,6.549719715886875,-1.0206712732065448,4
GBPUSD,1,2019-05-13 00:00:00+00:00,2019-05-14 00:00:00+00:00,1.2963947057724,1.2728099580854177,13156.844389795253,2019-05-17 00:00:00+00:00,1.2728099580854177,stop,-317.0613804837904,6.760525193582706,-1.0217870014804178,3
EURNZD,-1,2019-05-03 00:00:00+00:00,2019-05-06 00:00:00+00:00,1.6929500102996826,1.7194625344127417,12023.17980372223,2019-05-20 00:00:00+00:00,1.7102899551391602,max_hold,-216.6648277956008,8.183553203936928,-0.6797011388172226,10
CADCHF,1,2019-05-10 00:00:00+00:00,2019-05-13 00:00:00+00:00,0.7516499757766724,0.7381624109111726,23492.10548115428,2019-05-20 00:00:00+00:00,0.7515599727630615,native,-9.1770736236508,7.062713334283186,-0.028963345660566926,5
USDCHF,1,2019-05-10 00:00:00+00:00,2019-05-13 00:00:00+00:00,1.0104000568389893,0.996626628562808,23004.533813282356,2019-05-20 00:00:00+00:00,1.0106600522994995,native,-3.317634761262445,9.298709123870498,-0.010470636534757407,5
GBPCHF,1,2019-05-15 00:00:00+00:00,2019-05-16 00:00:00+00:00,1.2949600219726562,1.2712668599560857,12930.149699161195,2019-05-23 00:00:00+00:00,1.2712668599560857,stop,-312.9924712698074,6.636339549070059,-1.021662173078747,5
CADJPY,-1,2019-05-20 00:00:00+00:00,2019-05-21 00:00:00+00:00,82.00299835205078,83.62193018198013,185.23632420331538,2019-05-24 00:00:00+00:00,81.3030014038086,native,123.61482102289662,6.050040623024582,0.4122074419403671,3
EURJPY,-1,2019-05-21 00:00:00+00:00,2019-05-22 00:00:00+00:00,123.4010009765625,125.3824548125267,151.21015921824298,2019-05-24 00:00:00+00:00,122.51699829101562,native,126.23312686612088,7.43705996477645,0.4213164447947508,2
AUDNZD,-1,2019-05-22 00:00:00+00:00,2019-05-23 00:00:00+00:00,1.0587799549102783,1.071669651195407,23208.596958471324,2019-05-27 00:00:00+00:00,1.0572099685668945,native,26.615348813464863,9.821831460433657,0.08896938557128412,2
CHFJPY,-1,2019-05-20 00:00:00+00:00,2019-05-21 00:00:00+00:00,109.12000274658203,110.67371988296509,193.01131093267787,2019-05-28 00:00:00+00:00,109.05999755859375,native,3.1594384207411323,8.422241575638807,0.010535500667355965,5
USDCHF,1,2019-05-23 00:00:00+00:00,2019-05-24 00:00:00+00:00,1.003000020980835,0.9894563294947147,22069.26893663868,2019-05-29 00:00:00+00:00,1.0069999694824219,native,79.40409314379156,8.871846070434959,0.2656549366309395,3
GBPNZD,1,2019-05-15 00:00:00+00:00,2019-05-16 00:00:00+00:00,1.9572900533676147,1.9188839243724942,7976.75110031682,2019-05-30 00:00:00+00:00,1.9378000497817993,max_hold,-161.68094040155805,6.214032853226049,-0.5277548697766568,10
EURNZD,1,2019-05-28 00:00:00+00:00,2019-05-29 00:00:00+00:00,1.7058900594711304,1.6828297129832208,12961.262030301983,2019-05-31 00:00:00+00:00,1.7106300592422485,native,52.57989655894545,8.856482498088507,0.17591651320167276,2
EURGBP,-1,2019-05-17 00:00:00+00:00,2019-05-20 00:00:00+00:00,0.877020001411438,0.890304992441088,22682.53356050355,2019-06-03 00:00:00+00:00,0.8838800191879272,max_hold,-163.59091820365583,7.988334762787299,-0.5428831502040656,10
GBPAUD,1,2019-05-17 00:00:00+00:00,2019-05-20 00:00:00+00:00,1.8442000150680542,1.808967581950128,8552.836923649902,2019-06-03 00:00:00+00:00,1.8238999843597412,max_hold,-179.89738441623547,6.274532222949247,-0.5969968249935231,10
EURAUD,1,2019-05-28 00:00:00+00:00,2019-05-29 00:00:00+00:00,1.6122499704360962,1.5903823408298194,13668.202668548853,2019-06-04 00:00:00+00:00,1.6132400035858154,native,4.7146436048835465,8.817330134060771,0.015773778920045722,4
AUDNZD,-1,2019-05-29 00:00:00+00:00,2019-05-30 00:00:00+00:00,1.0619399547576904,1.0745979528874159,23623.723540127943,2019-06-04 00:00:00+00:00,1.0566999912261963,native,113.77741695537108,10.010032872998988,0.3804895128706915,3
USDCHF,1,2019-05-31 00:00:00+00:00,2019-06-03 00:00:00+00:00,0.9996600151062012,0.9867088487371802,23111.241250258892,2019-06-05 00:00:00+00:00,0.9867088487371802,stop,-308.49902043153986,9.181490004857409,-1.0306747486248768,2
NZDCAD,-1,2019-06-03 00:00:00+00:00,2019-06-04 00:00:00+00:00,0.8856199979782104,0.8993945228867233,21668.857950612586,2019-06-10 00:00:00+00:00,0.8831599950790405,native,45.639964897119555,7.665488483088618,0.15290885998229853,4
AUDUSD,-1,2019-06-03 00:00:00+00:00,2019-06-04 00:00:00+00:00,0.6970389485359192,0.7081421944312751,26882.069116795952,2019-06-11 00:00:00+00:00,0.6962576508522034,native,13.511959237451611,7.4909390969896545,0.04526949763838249,5
EURNZD,1,2019-06-04 00:00:00+00:00,2019-06-05 00:00:00+00:00,1.701799988746643,1.6782053979113698,12588.018578974647,2019-06-11 00:00:00+00:00,1.7118200063705444,native,117.5380256273049,8.594142384018902,0.3957387390214427,4
NZDUSD,-1,2019-06-03 00:00:00+00:00,2019-06-04 00:00:00+00:00,0.6591088771820068,0.6702258142177016,26848.9623195106,2019-06-12 00:00:00+00:00,0.6584101915359497,native,11.68418061792175,7.074803966249022,0.039145839444465494,6
EURUSD,-1,2019-06-03 00:00:00+00:00,2019-06-04 00:00:00+00:00,1.1245558261871338,1.1381746837869287,21916.538989601828,2019-06-13 00:00:00+00:00,1.1293054819107056,native,-113.9753827000626,9.879367847216255,-0.3818549351209662,7
USDCAD,1,2019-06-04 00:00:00+00:00,2019-06-05 00:00:00+00:00,1.338979959487915,1.3221743749454618,17673.24112097604,2019-06-13 00:00:00+00:00,1.3333899974822998,native,-108.23863410513025,9.445887722797394,-0.3644286208276828,6
CHFJPY,-1,2019-06-10 00:00:00+00:00,2019-06-11 00:00:00+00:00,109.52999877929688,111.145478785038,182.6038659504298,2019-06-13 00:00:00+00:00,109.04399871826172,native,80.76299860930561,7.982491387858754,0.2737794710945625,2
GBPUSD,-1,2019-06-04 00:00:00+00:00,2019-06-05 00:00:00+00:00,1.2703735828399658,1.2914472073316574,14093.880619103873,2019-06-14 00:00:00+00:00,1.2679896354675293,native,26.44399203599669,7.155077633350029,0.08903426790748585,7
GBPJPY,-1,2019-06-07 00:00:00+00:00,2019-06-10 00:00:00+00:00,137.96200561523438,140.65891349315643,107.67498810238654,2019-06-14 00:00:00+00:00,137.3280029296875,native,62.33786194418481,5.92836967895607,0.21466980336160463,4
CADCHF,-1,2019-06-07 00:00:00+00:00,2019-06-10 00:00:00+00:00,0.7460899949073792,0.7596137137152255,21478.91622520796,2019-06-17 00:00:00+00:00,0.7447199821472168,native,23.022192782021143,6.404196520971974,0.07925710227940845,5
EURCHF,-1,2019-06-11 00:00:00+00:00,2019-06-12 00:00:00+00:00,1.1242300271987915,1.1371238962747157,22870.78587801637,2019-06-17 00:00:00+00:00,1.1202000379562378,native,81.9026451694867,10.266375887668602,0.27773690026133857,3
CADCHF,-1,2019-06-18 00:00:00+00:00,2019-06-19 00:00:00+00:00,0.74822998046875,0.7610246762633324,23400.828213755336,2019-06-21 00:00:00+00:00,0.7434999942779541,native,103.70405092817835,6.981543376071443,0.34636542103041157,2
NZDUSD,-1,2019-06-20 00:00:00+00:00,2019-06-21 00:00:00+00:00,0.6582412123680115,0.6701821372844279,25163.738820914074,2019-06-27 00:00:00+00:00,0.6701821372844279,stop,-307.16393551969924,6.68561964285156,-1.0222499238367393,4
GBPUSD,-1,2019-06-21 00:00:00+00:00,2019-06-24 00:00:00+00:00,1.2750548124313354,1.296505555510521,13985.80895907793,2019-06-28 00:00:00+00:00,1.26739501953125,native,100.01675663912289,7.111643527573701,0.3333825269965649,4
CHFJPY,-1,2019-06-21 00:00:00+00:00,2019-06-24 00:00:00+00:00,109.9739990234375,111.78925514221191,165.26923756538713,2019-07-02 00:00:00+00:00,109.76000213623047,native,28.10404822230216,7.2630541677700435,0.0936782888190502,6
AUDUSD,-1,2019-06-21 00:00:00+00:00,2019-06-24 00:00:00+00:00,0.6946181058883667,0.7058870878536254,26622.28013680769,2019-07-02 00:00:00+00:00,0.6965194940567017,native,-58.02633944514177,7.407050978916783,-0.19341726653246394,6
GBPAUD,1,2019-06-25 00:00:00+00:00,2019-06-26 00:00:00+00:00,1.8228199481964111,1.7922513680532575,9795.079851319568,2019-07-03 00:00:00+00:00,1.7922513680532575,stop,-306.503665885828,7.081982442176088,-1.0236522030092348,5
NZDCAD,-1,2019-06-26 00:00:00+00:00,2019-06-27 00:00:00+00:00,0.8763899803161621,0.8912069904617965,20017.44392860248,2019-07-03 00:00:00+00:00,0.8747100234031677,native,26.617934080767753,7.010509227565455,0.08974394288596096,4
USDJPY,-1,2019-06-28 00:00:00+00:00,2019-07-01 00:00:00+00:00,108.36699676513672,109.81799906492233,197.139359019366,2019-07-03 00:00:00+00:00,107.822998046875,native,98.7196472247439,8.52391140072801,0.3451136634127347,2
EURNZD,1,2019-06-26 00:00:00+00:00,2019-06-27 00:00:00+00:00,1.7025799751281738,1.673138632439077,10074.223615134608,2019-07-08 00:00:00+00:00,1.6931500434875488,native,-101.84110873192141,6.841868708831999,-0.3433633360781423,7
NZDJPY,-1,2019-06-26 00:00:00+00:00,2019-06-27 00:00:00+00:00,71.93599700927734,73.35079127550125,209.640848044567,2019-07-08 00:00:00+00:00,71.91200256347656,native,-1.0010673579541471,6.031283323989328,-0.0033751579489464845,7
NZDCHF,-1,2019-06-26 00:00:00+00:00,2019-06-27 00:00:00+00:00,0.6528099775314331,0.6673967395909131,20333.41385636788,2019-07-08 00:00:00+00:00,0.6570000052452087,native,-90.52414926445083,5.326581690599909,-0.3052075362700258,7
AUDJPY,-1,2019-06-27 00:00:00+00:00,2019-06-28 00:00:00+00:00,75.49299621582031,76.93446916341782,202.91890814200542,2019-07-10 00:00:00+00:00,75.4000015258789,native,12.74657247631055,6.123808469603939,0.043577710214930974,8
AUDCHF,-1,2019-07-02 00:00:00+00:00,2019-07-03 00:00:00+00:00,0.6891400218009949,0.7028520260937512,21477.394921288444,2019-07-10 00:00:00+00:00,0.6873999834060669,native,31.458593122716152,5.912898663356904,0.10682102795579954,5
EURAUD,1,2019-07-03 00:00:00+00:00,2019-07-04 00:00:00+00:00,1.605430006980896,1.5813975539058447,12045.85542510433,2019-07-10 00:00:00+00:00,1.617400050163269,native,136.42506062151358,7.764348985607867,0.4712576421381417,4
AUDNZD,-1,2019-07-04 00:00:00+00:00,2019-07-05 00:00:00+00:00,1.0489000082015991,1.062827852088958,20871.17308864766,2019-07-10 00:00:00+00:00,1.0492000579833984,native,-15.020352858874535,8.75796192773004,-0.05167129965388955,3
CADJPY,-1,2019-06-26 00:00:00+00:00,2019-06-27 00:00:00+00:00,82.09100341796875,83.58614674210548,198.37474106438663,2019-07-11 00:00:00+00:00,82.8550033569336,max_hold,-158.10251434207325,6.544224276715163,-0.5330520007371132,10
USDCHF,-1,2019-07-08 00:00:00+00:00,2019-07-09 00:00:00+00:00,0.994189977645874,1.0105629763565958,17752.96435128898,2019-07-11 00:00:00+00:00,0.988099992275238,native,101.07698855078664,7.038304633985442,0.3477388276420862,2
USDJPY,-1,2019-07-08 00:00:00+00:00,2019-07-09 00:00:00+00:00,108.73200225830078,110.16457778215408,202.89978266088843,2019-07-11 00:00:00+00:00,108.33200073242188,native,72.35177485878981,8.808447806064013,0.24891443371977992,2
USDCAD,-1,2019-07-09 00:00:00+00:00,2019-07-10 00:00:00+00:00,1.3128900527954102,1.3298504524864256,17337.4001596118,2019-07-11 00:00:00+00:00,1.3073300123214722,native,87.31108584526544,9.085560755035097,0.2969267560116732,1
NZDCHF,-1,2019-07-17 00:00:00+00:00,2019-07-18 00:00:00+00:00,0.6638000011444092,0.6769570019096136,22609.175296605645,2019-07-23 00:00:00+00:00,0.6622400283813477,native,29.27356336241545,5.9961342955727925,0.0984088076197854,3
NZDUSD,-1,2019-07-12 00:00:00+00:00,2019-07-15 00:00:00+00:00,0.6694919466972351,0.6825588336214423,22729.971863282604,2019-07-24 00:00:00+00:00,0.6698597073554993,native,-14.447874497098585,6.088685082331934,-0.04864440878394392,7
AUDUSD,-1,2019-07-15 00:00:00+00:00,2019-07-16 00:00:00+00:00,0.7039080858230591,0.7156675118021667,25199.345405309097,2019-07-24 00:00:00+00:00,0.6996921300888062,native,99.16536343058719,7.073961330345904,0.33464521976345546,6
NZDCAD,-1,2019-07-15 00:00:00+00:00,2019-07-16 00:00:00+00:00,0.8771100044250488,0.8914701896719635,20635.51631963566,2019-07-24 00:00:00+00:00,0.8799700140953064,native,-66.26942690433235,7.251650679416503,-0.22363400044937676,6
NZDJPY,-1,2019-07-18 00:00:00+00:00,2019-07-19 00:00:00+00:00,72.78500366210938,74.09389233589172,222.30296380381486,2019-07-24 00:00:00+00:00,72.47000122070312,native,63.567852711489536,6.458123618557364,0.21846887833734707,3
EURAUD,1,2019-07-15 00:00:00+00:00,2019-07-16 00:00:00+00:00,1.5996500253677368,1.5765686011873186,12838.455491281919,2019-07-25 00:00:00+00:00,1.596619963645935,native,-47.108346549603354,8.207033998414435,-0.15897267390967385,7
AUDCAD,-1,2019-07-15 00:00:00+00:00,2019-07-16 00:00:00+00:00,0.918429970741272,0.9323012926615775,21362.768358934594,2019-07-25 00:00:00+00:00,0.9171199798583984,native,20.142546101960633,7.842485681182919,0.06797339851030117,7
CHFJPY,-1,2019-07-23 00:00:00+00:00,2019-07-24 00:00:00+00:00,109.81900024414062,111.24100786447525,209.10042578124896,2019-07-26 00:00:00+00:00,109.63999938964844,native,28.251360836533344,9.177794052990452,0.09501289067187696,2
EURGBP,1,2019-07-24 00:00:00+00:00,2019-07-25 00:00:00+00:00,0.8923299908638,0.8797865146771073,23736.512271581763,2019-07-29 00:00:00+00:00,0.8992000222206116,native,154.5656487790112,8.504934828097035,0.519132436437587,2
GBPJPY,-1,2019-07-25 00:00:00+00:00,2019-07-26 00:00:00+00:00,135.32400512695312,137.66422444581985,127.09811583364004,2019-07-29 00:00:00+00:00,134.42999267578125,native,106.77025310389554,6.857044971863883,0.3589670612659222,1
GBPNZD,-1,2019-07-24 00:00:00+00:00,2019-07-25 00:00:00+00:00,1.8631800413131714,1.8965958841145039,8910.096273910314,2019-07-30 00:00:00+00:00,1.8424400091171265,native,178.19219730998654,6.60348628077327,0.5984858231725162,3
GBPAUD,-1,2019-07-24 00:00:00+00:00,2019-07-25 00:00:00+00:00,1.7890100479125977,1.8200801815837622,9582.783890950861,2019-07-30 00:00:00+00:00,1.7705999612808228,native,169.5976869151491,6.822194690833232,0.5696198419114458,3
USDCAD,-1,2019-07-23 00:00:00+00:00,2019-07-24 00:00:00+00:00,1.3140000104904175,1.3316061743535101,16888.53978574298,2019-07-31 00:00:00+00:00,1.3149000406265259,native,-24.07985138324041,8.879656621206053,-0.08098357810474975,5
USDJPY,-1,2019-07-25 00:00:00+00:00,2019-07-26 00:00:00+00:00,108.66899871826172,110.08830946683884,209.56472454226932,2019-08-02 00:00:00+00:00,107.4010009765625,native,256.67146746583757,9.05612999357881,0.8629426240787084,5
EURNZD,-1,2019-07-26 00:00:00+00:00,2019-07-29 00:00:00+00:00,1.6767799854278564,1.70325836725533,11310.693166833242,2019-08-02 00:00:00+00:00,1.70325836725533,stop,-307.1349677446732,7.6461153398656005,-1.0255305507315866,4
USDCHF,-1,2019-07-25 00:00:00+00:00,2019-07-26 00:00:00+00:00,0.9909999966621399,1.0060626999475062,19746.61921106897,2019-08-05 00:00:00+00:00,0.9825000166893005,native,160.05187717003304,7.793990655338085,0.5381026112386813,6
USDCAD,-1,2019-08-01 00:00:00+00:00,2019-08-02 00:00:00+00:00,1.3211699724197388,1.3376128748059273,18562.7666958075,2019-08-09 00:00:00+00:00,1.3228800296783447,native,-41.55957059217374,9.816176664199212,-0.1361601015710066,5
GBPAUD,-1,2019-08-05 00:00:00+00:00,2019-08-06 00:00:00+00:00,1.7973999977111816,1.8348420122638345,8145.175101492667,2019-08-09 00:00:00+00:00,1.7826000452041626,native,114.71625922086612,5.831945442579348,0.3761537050478524,3
GBPCAD,-1,2019-08-06 00:00:00+00:00,2019-08-07 00:00:00+00:00,1.6163500547409058,1.6488783014938235,9340.820423255085,2019-08-09 00:00:00+00:00,1.6063300371170044,native,87.574690058785,6.020495203928789,0.2882258511116591,2
EURUSD,-1,2019-08-05 00:00:00+00:00,2019-08-06 00:00:00+00:00,1.1242650747299194,1.1403686245903373,18938.16998906605,2019-08-14 00:00:00+00:00,1.1177555322647095,native,114.78686828233965,8.491953474850666,0.37638523160096365,6
EURCAD,-1,2019-08-05 00:00:00+00:00,2019-08-06 00:00:00+00:00,1.4855600595474243,1.507317631971091,14016.810273937643,2019-08-14 00:00:00+00:00,1.4769200086593628,native,112.80104984384954,8.304904211275275,0.3698737486754942,6
GBPCAD,-1,2019-08-19 00:00:00+00:00,2019-08-20 00:00:00+00:00,1.616629958152771,1.6521366611123085,8689.423033241557,2019-08-22 00:00:00+00:00,1.6113300323486328,native,40.443475378580594,5.60982197836902,0.13108324395373622,2
AUDCAD,-1,2019-08-15 00:00:00+00:00,2019-08-16 00:00:00+00:00,0.9019899964332581,0.9187551368959248,18429.02892971025,2019-08-23 00:00:00+00:00,0.8983200192451477,native,60.99852269878545,6.63559307227689,0.1974284195438335,5
USDCHF,-1,2019-08-19 00:00:00+00:00,2019-08-20 00:00:00+00:00,0.9812600016593933,0.9992232122458518,17175.81392513756,2019-08-26 00:00:00+00:00,0.9729800224304199,native,135.5022499370863,6.713132603764596,0.4391826943287434,4
GBPJPY,-1,2019-08-22 00:00:00+00:00,2019-08-23 00:00:00+00:00,130.4429931640625,133.9952038526535,85.22328773743791,2019-08-26 00:00:00+00:00,128.57200622558594,native,155.03683624651688,4.414821964259263,0.512127263295922,1
EURGBP,1,2019-08-15 00:00:00+00:00,2019-08-16 00:00:00+00:00,0.9188600182533264,0.900517272297293,16844.00249219576,2019-08-30 00:00:00+00:00,0.9075400233268738,max_hold,-196.82680012323624,6.1527773704246655,-0.6370515604794192,10
GBPUSD,-1,2019-08-16 00:00:00+00:00,2019-08-19 00:00:00+00:00,1.2159829139709473,1.2393382517620921,13191.69694915354,2019-08-30 00:00:00+00:00,1.2185314893722534,native,-40.0431095915487,6.423075245450571,-0.12996935900133677,9
GBPCHF,-1,2019-08-16 00:00:00+00:00,2019-08-19 00:00:00+00:00,1.1905100345611572,1.2195094525814056,10624.231771505622,2019-09-02 00:00:00+00:00,1.2029900550842285,max_hold,-137.67645048975862,5.085819939502413,-0.4468614001823117,10
GBPNZD,-1,2019-08-16 00:00:00+00:00,2019-08-19 00:00:00+00:00,1.8916300535202026,1.9423271734267473,6077.200023469627,2019-09-02 00:00:00+00:00,1.9295099973678589,max_hold,-234.84836212139223,4.644366481387532,-0.7622557638199312,10
USDCHF,-1,2019-08-30 00:00:00+00:00,2019-09-02 00:00:00+00:00,0.989300012588501,1.0068974453024566,17436.64209040463,2019-09-05 00:00:00+00:00,0.9808899760246277,native,139.77209799516586,6.8706995363091,0.4555209101492162,3
GBPNZD,1,2019-09-03 00:00:00+00:00,2019-09-04 00:00:00+00:00,1.9070700407028198,1.855270879343152,5930.252039656782,2019-09-05 00:00:00+00:00,1.9259799718856812,native,107.59446743588089,4.546190531051882,0.3502628363877433,1
AUDJPY,-1,2019-09-04 00:00:00+00:00,2019-09-05 00:00:00+00:00,72.28600311279297,74.26881664991379,156.59330378478447,2019-09-12 00:00:00+00:00,74.26881664991379,stop,-315.0852232493886,4.589900682445175,-1.0147825115190119,5
NZDJPY,-1,2019-09-04 00:00:00+00:00,2019-09-05 00:00:00+00:00,67.58999633789062,69.39304143190384,172.20607715131717,2019-09-12 00:00:00+00:00,69.39304143190384,stop,-315.2131848810649,4.717862314121405,-1.0151946324830843,5
EURNZD,1,2019-09-03 00:00:00+00:00,2019-09-04 00:00:00+00:00,1.7309600114822388,1.6950416034087539,8552.218730775085,2019-09-13 00:00:00+00:00,1.72707998752594,native,-39.09759644517233,5.91478289025744,-0.12727824537065882,7
EURJPY,-1,2019-09-12 00:00:00+00:00,2019-09-13 00:00:00+00:00,119.61399841308594,122.20269668102264,113.44955719040975,2019-09-17 00:00:00+00:00,118.99500274658203,native,64.81076716300866,5.41401710464206,0.22067997392654815,2
AUDCAD,-1,2019-09-03 00:00:00+00:00,2019-09-04 00:00:00+00:00,0.9022499918937683,0.9176237084902823,19980.9903075314,2019-09-18 00:00:00+00:00,0.9091699719429016,max_hold,-145.50684723810102,7.238792948057876,-0.4736827296238763,10
EURAUD,1,2019-09-03 00:00:00+00:00,2019-09-04 00:00:00+00:00,1.622040033340454,1.586264668032527,8586.413574304297,2019-09-18 00:00:00+00:00,1.6127899885177612,native,-84.97982811054335,5.55511768205009,-0.27664318007317534,10
AUDCHF,-1,2019-09-03 00:00:00+00:00,2019-09-04 00:00:00+00:00,0.6674900054931641,0.6848260220140219,17719.30027501386,2019-09-18 00:00:00+00:00,0.6815199851989746,max_hold,-253.3821258794212,4.780702619813531,-0.8248597183063484,10
AUDUSD,-1,2019-09-04 00:00:00+00:00,2019-09-05 00:00:00+00:00,0.6798096895217896,0.6927496828138828,23995.01418263218,2019-09-19 00:00:00+00:00,0.6823516488075256,native,-67.53136523935993,6.53701612644903,-0.21749559600789162,10
CHFJPY,-1,2019-09-04 00:00:00+00:00,2019-09-05 00:00:00+00:00,108.40299987792969,110.2647522687912,166.7758419922126,2019-09-19 00:00:00+00:00,108.73200225830078,native,-62.11222356528151,7.242574561450144,-0.20004238083776602,10
USDJPY,-1,2019-09-05 00:00:00+00:00,2019-09-06 00:00:00+00:00,107.06999969482422,109.06997507810593,152.81693166807872,2019-09-20 00:00:00+00:00,108.06800079345703,max_hold,-159.08681151840295,6.575345823964952,-0.5205207561216437,10
GBPUSD,-1,2019-09-05 00:00:00+00:00,2019-09-06 00:00:00+00:00,1.2325897216796875,1.2620522761717439,10373.509926547733,2019-09-20 00:00:00+00:00,1.2526618242263794,max_hold,-213.37431133107734,5.156156316284937,-0.698145602460198,10
GBPJPY,-1,2019-09-12 00:00:00+00:00,2019-09-13 00:00:00+00:00,133.375,137.17736566066742,77.23788252007567,2019-09-23 00:00:00+00:00,134.21299743652344,native,-68.85873361627874,4.133586061956901,-0.23446325671220608,6
GBPCHF,-1,2019-09-17 00:00:00+00:00,2019-09-18 00:00:00+00:00,1.2409900426864624,1.2710593044757843,9671.866528260594,2019-09-23 00:00:00+00:00,1.2360700368881226,native,42.79408050538559,4.791558894425591,0.1471467378689082,3
GBPCAD,-1,2019-09-19 00:00:00+00:00,2019-09-20 00:00:00+00:00,1.6605199575424194,1.6993243359029293,7485.802697599554,2019-09-24 00:00:00+00:00,1.648859977722168,native,82.32963534303768,4.954673049357098,0.2834243015316799,2
USDCAD,-1,2019-09-18 00:00:00+00:00,2019-09-19 00:00:00+00:00,1.3298100233078003,1.3474020999856293,16549.839594553818,2019-09-25 00:00:00+00:00,1.3241100311279297,native,85.54956602753349,8.784390239536174,0.29383729184730745,4
GBPAUD,-1,2019-09-13 00:00:00+00:00,2019-09-16 00:00:00+00:00,1.8165500164031982,1.8635683469474316,6191.351208098784,2019-09-26 00:00:00+00:00,1.8296799659729004,native,-85.80714721192956,4.515018081278054,-0.29476154099387014,8
AUDNZD,1,2019-09-26 00:00:00+00:00,2019-09-27 00:00:00+00:00,1.0720800161361694,1.0545599721372128,16776.172160060472,2019-10-01 00:00:00+00:00,1.0771000385284424,native,77.00575698012527,7.211002920004341,0.26199628160827515,2
GBPNZD,1,2019-09-26 00:00:00+00:00,2019-09-27 00:00:00+00:00,1.957319974899292,1.9086106568574905,6034.1488280762915,2019-10-02 00:00:00+00:00,1.9680900573730469,native,60.250978868102024,4.737301669191011,0.20499158823639185,3
CADJPY,-1,2019-09-27 00:00:00+00:00,2019-09-30 00:00:00+00:00,81.5270004272461,83.0617123246193,191.8775487868413,2019-10-03 00:00:00+00:00,80.38400268554688,native,213.102187666361,6.213417279780269,0.7236638635418028,3
EURCHF,-1,2019-10-03 00:00:00+00:00,2019-10-04 00:00:00+00:00,1.0954400300979614,1.1117667802609503,18216.905424798202,2019-10-09 00:00:00+00:00,1.0879000425338745,native,129.40050043646465,7.95473992266124,0.43507247178088493,3
GBPNZD,1,2019-10-08 00:00:00+00:00,2019-10-09 00:00:00+00:00,1.93982994556427,1.892074879258871,6264.818380599865,2019-10-11 00:00:00+00:00,1.965000033378601,native,152.79341865549415,4.892610125039736,0.5107127621302281,2
EURCAD,-1,2019-10-03 00:00:00+00:00,2019-10-04 00:00:00+00:00,1.4636900424957275,1.4893579613417387,11587.33847484084,2019-10-14 00:00:00+00:00,1.455880045890808,native,83.73106478552813,6.766009363031156,0.28152195082871206,6
AUDNZD,1,2019-10-08 00:00:00+00:00,2019-10-09 00:00:00+00:00,1.0683000087738037,1.0516396882012486,17957.44660818049,2019-10-14 00:00:00+00:00,1.0736600160598755,native,88.55921810253079,7.69282655656155,0.2960096271634176,3
GBPJPY,-1,2019-10-10 00:00:00+00:00,2019-10-11 00:00:00+00:00,134.07000732421875,137.81415510177612,80.24548187768215,2019-10-15 00:00:00+00:00,137.81415510177612,stop,-304.8144377571009,4.363495125756793,-1.0145231533891736,2
EURJPY,-1,2019-10-10 00:00:00+00:00,2019-10-11 00:00:00+00:00,118.73999786376953,120.89953500032425,139.12747206129433,2019-10-17 00:00:00+00:00,120.89953500032425,stop,-307.1190311140103,6.668088482666167,-1.0221936014720645,4
NZDCHF,-1,2019-10-11 00:00:00+00:00,2019-10-14 00:00:00+00:00,0.6313599944114685,0.6471069934777915,18784.43155752561,2019-10-17 00:00:00+00:00,0.6248700022697449,native,117.19129991645286,4.719513278633777,0.39618635373705846,3
GBPUSD,-1,2019-10-14 00:00:00+00:00,2019-10-15 00:00:00+00:00,1.2609069347381592,1.2948623122647405,8770.710270361611,2019-10-17 00:00:00+00:00,1.2948623122647405,stop,-302.29596072306487,4.483182316672538,-1.0150536936012693,2
CHFJPY,-1,2019-10-10 00:00:00+00:00,2019-10-11 00:00:00+00:00,108.26000213623047,110.14888453483582,159.0628102909856,2019-10-18 00:00:00+00:00,110.14888453483582,stop,-307.39908889262915,6.9481462612850375,-1.0231257262847415,5
EURCHF,-1,2019-10-11 00:00:00+00:00,2019-10-14 00:00:00+00:00,1.1004999876022339,1.1174343349412084,17467.36501128588,2019-10-18 00:00:00+00:00,1.0985000133514404,native,27.25213311648716,7.682147135295168,0.09213075764732746,4
AUDJPY,-1,2019-10-10 00:00:00+00:00,2019-10-11 00:00:00+00:00,72.91000366210938,74.6457650065422,173.09461556739416,2019-10-21 00:00:00+00:00,74.6457650065422,stop,-305.5591644418344,5.108221810490318,-1.0170018498386213,6
USDJPY,-1,2019-10-15 00:00:00+00:00,2019-10-16 00:00:00+00:00,108.81700134277344,110.59723997116089,163.4075004549736,2019-10-21 00:00:00+00:00,108.40499877929688,native,60.22516826199117,7.0991408167554955,0.207027393729789,3
NZDJPY,-1,2019-10-10 00:00:00+00:00,2019-10-11 00:00:00+00:00,68.19000244140625,69.824373960495,183.8327082442446,2019-10-22 00:00:00+00:00,69.824373960495,stop,-305.5252539494645,5.074311318120413,-1.0168889845166724,7
GBPCAD,-1,2019-10-14 00:00:00+00:00,2019-10-15 00:00:00+00:00,1.667549967765808,1.7128603206947446,6572.731377163929,2019-10-23 00:00:00+00:00,1.6868699789047241,native,-131.3947836670431,4.409540247133192,-0.4411992808708265,6
EURUSD,-1,2019-10-17 00:00:00+00:00,2019-10-18 00:00:00+00:00,1.1127183437347412,1.1286605852656066,17936.151329401342,2019-10-25 00:00:00+00:00,1.1104449033737183,native,32.80177186765632,7.97499848602012,0.11471459067161553,5
EURJPY,-1,2019-10-17 00:00:00+00:00,2019-10-18 00:00:00+00:00,120.80699920654297,123.11459195613861,123.91374373904354,2019-10-25 00:00:00+00:00,120.60199737548828,native,19.419765851592153,5.982778507753092,0.06791494372901943,5
AUDUSD,-1,2019-10-17 00:00:00+00:00,2019-10-18 00:00:00+00:00,0.6827000975608826,0.6960387802682817,21437.083623621507,2019-10-25 00:00:00+00:00,0.681742250919342,native,14.68350560851308,5.849932944796219,0.051351260605706425,5
NZDUSD,-1,2019-10-18 00:00:00+00:00,2019-10-21 00:00:00+00:00,0.6385998129844666,0.6523451786488295,20639.316734358465,2019-10-25 00:00:00+00:00,0.6379097104072571,native,8.973988796682024,5.26925687354135,0.031632528602597985,4
NZDCAD,-1,2019-10-21 00:00:00+00:00,2019-10-22 00:00:00+00:00,0.8390439748764038,0.8562805890105665,16249.296219557538,2019-10-25 00:00:00+00:00,0.8334000110626221,native,86.275232314975,5.435207547628151,0.3080346856561956,3
AUDJPY,-1,2019-10-21 00:00:00+00:00,2019-10-22 00:00:00+00:00,74.60800170898438,76.40253454446793,156.0756333626801,2019-10-25 00:00:00+00:00,74.04000091552734,native,84.01101735776739,4.640066231543599,0.29995059565855614,3
GBPCHF,-1,2019-10-11 00:00:00+00:00,2019-10-14 00:00:00+00:00,1.2585999965667725,1.2969576139003038,7711.595421209452,2019-10-28 00:00:00+00:00,1.2753900289535522,max_hold,-133.386158051488,3.908221175638592,-0.4509359964015112,10
AUDNZD,1,2019-10-22 00:00:00+00:00,2019-10-23 00:00:00+00:00,1.0698100328445435,1.0545341931283474,18461.684731961086,2019-10-28 00:00:00+00:00,1.072890043258667,native,48.95061058067231,7.9115706560333,0.1735728083145372,3
NZDCHF,-1,2019-10-22 00:00:00+00:00,2019-10-23 00:00:00+00:00,0.6342499852180481,0.6495076934807003,18483.623621688,2019-10-28 00:00:00+00:00,0.6316999793052673,native,42.45348099129091,4.679868533627648,0.1505347906997441,3
USDCHF,-1,2019-10-25 00:00:00+00:00,2019-10-28 00:00:00+00:00,0.9944000244140625,1.0087981335818768,19899.48624189725,2019-10-31 00:00:00+00:00,0.9889400005340576,native,100.75818057269576,7.893489507891854,0.351668112527856,3
EURCHF,-1,2019-10-23 00:00:00+00:00,2019-10-24 00:00:00+00:00,1.1023999452590942,1.1169958882965147,19215.72949529872,2019-11-01 00:00:00+00:00,1.100409984588623,native,29.772826001755355,8.465719948302338,0.10615269465832801,6
USDJPY,-1,2019-10-28 00:00:00+00:00,2019-10-29 00:00:00+00:00,108.96900177001953,110.32895514369011,210.23316327651182,2019-11-01 00:00:00+00:00,108.01699829101562,native,191.01917220532576,9.123530635909761,0.6681157579243531,3
EURJPY,-1,2019-10-30 00:00:00+00:00,2019-10-31 00:00:00+00:00,121.3550033569336,123.34000432491302,144.8076913334886,2019-11-01 00:00:00+00:00,120.5199966430664,native,113.91032241481281,7.005072068257512,0.3962878238129598,1
EURUSD,-1,2019-10-30 00:00:00+00:00,2019-10-31 00:00:00+00:00,1.1154240369796753,1.1299818200059235,19744.998737072157,2019-11-05 00:00:00+00:00,1.1128298044204712,native,42.42374474829204,8.799373856864417,0.14758990342486217,3
CADCHF,1,2019-10-30 00:00:00+00:00,2019-10-31 00:00:00+00:00,0.7511799931526184,0.7375612864270806,21106.512773994033,2019-11-06 00:00:00+00:00,0.7544999718666077,native,63.71724245315752,6.355930683045036,0.22166882522879236,4
NZDCAD,-1,2019-11-01 00:00:00+00:00,2019-11-04 00:00:00+00:00,0.8450000286102295,0.862421793397516,16663.530489431218,2019-11-06 00:00:00+00:00,0.8380600214004517,native,110.03587724522606,5.609144491779324,0.37903135993401216,2
NZDUSD,-1,2019-11-01 00:00:00+00:00,2019-11-04 00:00:00+00:00,0.6435793042182922,0.6565380017273128,22402.56850741089,2019-11-06 00:00:00+00:00,0.6373283267021179,native,134.2988278537083,5.739124190671975,0.4626079114677419,2
GBPCHF,1,2019-11-04 00:00:00+00:00,2019-11-05 00:00:00+00:00,1.2734999656677246,1.2432824447751045,9706.057849618821,2019-11-06 00:00:00+00:00,1.278190016746521,native,40.56853697174378,4.9533701167211,0.1383208469406348,1
AUDCHF,-1,2019-10-29 00:00:00+00:00,2019-10-30 00:00:00+00:00,0.6816880106925964,0.6952683562412858,21064.38114108913,2019-11-12 00:00:00+00:00,0.6801530122756958,native,26.596524032288432,5.737267672274965,0.09297482216340455,9
EURAUD,1,2019-10-30 00:00:00+00:00,2019-10-31 00:00:00+00:00,1.6161999702453613,1.5920313335955143,11893.240468310027,2019-11-12 00:00:00+00:00,1.6111600399017334,native,-67.61785725599673,7.676753735697377,-0.2352388522375892,8
GBPAUD,1,2019-10-30 00:00:00+00:00,2019-10-31 00:00:00+00:00,1.8694900274276733,1.8243297524750233,6364.96141286168,2019-11-12 00:00:00+00:00,1.8766299486160278,native,40.67654103565616,4.768781819093697,0.1415114766206873,8
AUDCAD,-1,2019-11-01 00:00:00+00:00,2019-11-04 00:00:00+00:00,0.9086920022964478,0.9249014924280345,17909.76189602264,2019-11-12 00:00:00+00:00,0.9063339829444885,native,35.73022849365157,6.501336646151814,0.12307692214349397,6
GBPUSD,1,2019-11-06 00:00:00+00:00,2019-11-07 00:00:00+00:00,1.2856611013412476,1.2584643568843603,10792.916875682244,2019-11-12 00:00:00+00:00,1.2854461669921875,native,-7.869717968251125,5.549949405117041,-0.026810407542807783,3
USDCHF,-1,2019-11-07 00:00:00+00:00,2019-11-08 00:00:00+00:00,0.994700014591217,1.0077605033293366,22178.752295909613,2019-11-14 00:00:00+00:00,0.9897099733352661,native,101.87054144695524,8.802347515150093,0.35168356640127824,4
USDCAD,-1,2019-10-31 00:00:00+00:00,2019-11-01 00:00:00+00:00,1.316789984703064,1.332406256813556,18649.6847993453,2019-11-15 00:00:00+00:00,1.3249399662017822,max_hold,-161.84807225346447,9.853486181873064,-0.5557233779929197,10
GBPCHF,1,2019-11-13 00:00:00+00:00,2019-11-14 00:00:00+00:00,1.2719299793243408,1.2464235965162516,11541.858860952672,2019-11-18 00:00:00+00:00,1.2777199745178223,native,60.94176734634105,5.885539982416148,0.20700956472112775,2
EURUSD,-1,2019-11-18 00:00:00+00:00,2019-11-19 00:00:00+00:00,1.1072235107421875,1.119729715399444,23597.63011336643,2019-11-25 00:00:00+00:00,1.1024142503738403,native,103.05870437686023,10.428442914268633,0.3492132853902931,4
EURCAD,-1,2019-11-19 00:00:00+00:00,2019-11-20 00:00:00+00:00,1.4701299667358398,1.489558701403439,15155.29562861256,2019-11-25 00:00:00+00:00,1.4654899835586548,native,61.42227912203534,8.898037639993197,0.20860129372629746,3
GBPJPY,1,2019-11-22 00:00:00+00:00,2019-11-25 00:00:00+00:00,139.71299743652344,136.86592054367065,103.32704037704188,2019-11-26 00:00:00+00:00,140.56500244140625,native,82.24309629893146,5.792059242036677,0.2795672315367928,1
GBPUSD,1,2019-11-22 00:00:00+00:00,2019-11-25 00:00:00+00:00,1.2850992679595947,1.2626525843515992,13105.723509176007,2019-11-28 00:00:00+00:00,1.2930755615234375,native,97.77732878103919,6.757769294704325,0.332372422057425,3
AUDNZD,1,2019-11-14 00:00:00+00:00,2019-11-15 00:00:00+00:00,1.062600016593933,1.0438268794678152,15691.136169187199,2019-11-29 00:00:00+00:00,1.0534000396728516,max_hold,-150.99857962544806,6.640489003377979,-0.5126035604857299,10
EURCHF,-1,2019-11-19 00:00:00+00:00,2019-11-20 00:00:00+00:00,1.0971599817276,1.109273585025221,24307.236281641,2019-12-03 00:00:00+00:00,1.0980499982833862,native,-32.30574025045454,10.671897534388693,-0.10971620244897269,9
USDCHF,-1,2019-11-21 00:00:00+00:00,2019-11-22 00:00:00+00:00,0.9927700161933899,1.0047563542611897,24549.49221128966,2019-12-03 00:00:00+00:00,0.9913700222969055,native,24.62721317339113,9.741926084205094,0.08369244076981515,7
EURJPY,-1,2019-11-28 00:00:00+00:00,2019-11-29 00:00:00+00:00,120.58499908447266,122.14559608697891,188.66681978016229,2019-12-04 00:00:00+00:00,120.41799926757812,native,22.413470506047602,9.093853851313023,0.07612421210173691,3
EURCAD,-1,2019-12-02 00:00:00+00:00,2019-12-03 00:00:00+00:00,1.4737000465393066,1.4921288285404444,15900.511824868347,2019-12-05 00:00:00+00:00,1.461940050125122,native,177.65432603003705,9.335636014114082,0.6062727528146954,2
EURNZD,1,2019-11-26 00:00:00+00:00,2019-11-27 00:00:00+00:00,1.7148699760437012,1.685221591964364,9935.277970378213,2019-12-06 00:00:00+00:00,1.685221591964364,stop,-301.32110817133,6.7561709705798485,-1.0229361003885382,7
AUDCAD,-1,2019-12-02 00:00:00+00:00,2019-12-03 00:00:00+00:00,0.907069981098175,0.9211721727624536,20778.83162439654,2019-12-06 00:00:00+00:00,0.9004240036010742,native,130.58412475775143,7.511522634035055,0.44563844044751216,3
EURAUD,1,2019-12-03 00:00:00+00:00,2019-12-04 00:00:00+00:00,1.6175600290298462,1.5954453428275883,13210.863153757695,2019-12-06 00:00:00+00:00,1.6247600317001343,native,86.55148065926848,8.566769324597422,0.2962528429398736,2
AUDJPY,-1,2019-11-28 00:00:00+00:00,2019-11-29 00:00:00+00:00,74.11599731445312,75.53300565481186,207.78485562531677,2019-12-09 00:00:00+00:00,74.23500061035156,native,-30.89210079432913,6.1650181371354424,-0.10492069188933624,6
EURUSD,-1,2019-12-05 00:00:00+00:00,2019-12-06 00:00:00+00:00,1.1104201078414917,1.1218523874413222,25956.86688535201,2019-12-09 00:00:00+00:00,1.105780005455017,native,108.93739771369772,11.505122266427904,0.36710634367948186,1
AUDUSD,-1,2019-12-04 00:00:00+00:00,2019-12-05 00:00:00+00:00,0.6849098801612854,0.6955838070716709,27486.66539621998,2019-12-10 00:00:00+00:00,0.6827000975608826,native,53.22134736562531,7.518207570036219,0.18140096153126745,3
NZDJPY,-1,2019-11-26 00:00:00+00:00,2019-11-27 00:00:00+00:00,70.10399627685547,71.65369993448257,190.07823576527255,2019-12-11 00:00:00+00:00,71.23300170898438,max_hold,-219.97237815357332,5.373017445101664,-0.7467704073810354,10
NZDCHF,-1,2019-11-26 00:00:00+00:00,2019-11-27 00:00:00+00:00,0.6410099864006042,0.6546996962279081,21517.252075953107,2019-12-11 00:00:00+00:00,0.6446099877357483,native,-82.99473801353656,5.532601811474443,-0.2817536221460549,10
NZDCAD,-1,2019-12-03 00:00:00+00:00,2019-12-04 00:00:00+00:00,0.8664500117301941,0.8828213536180556,17845.457941534987,2019-12-18 00:00:00+00:00,0.8643199801445007,native,31.834112457337778,6.177276619294144,0.10896343131414746,10
EURCHF,-1,2019-12-12 00:00:00+00:00,2019-12-13 00:00:00+00:00,1.1015100479125977,1.1137473178096116,24044.96229257923,2019-12-18 00:00:00+00:00,1.09266996383667,native,202.00769313978404,10.551795129128436,0.6865296054006234,3
EURUSD,-1,2019-12-11 00:00:00+00:00,2019-12-12 00:00:00+00:00,1.1133253574371338,1.125508302822709,24311.22961363021,2019-12-19 00:00:00+00:00,1.1115927696228027,native,31.303241088283535,10.818099091696439,0.10568907174480163,5
EURNZD,-1,2019-12-17 00:00:00+00:00,2019-12-18 00:00:00+00:00,1.6974999904632568,1.7279392685741186,9796.192635677531,2019-12-20 00:00:00+00:00,1.68149995803833,native,150.119132929376,6.620266882293201,0.5034361320729952,2
GBPAUD,1,2019-12-18 00:00:00+00:00,2019-12-19 00:00:00+00:00,1.9083399772644043,1.859025552868843,6080.357326623406,2019-12-25 00:00:00+00:00,1.859025552868843,stop,-304.43070740240955,4.581385720642833,-1.0152789597620138,4
GBPCAD,1,2019-12-18 00:00:00+00:00,2019-12-19 00:00:00+00:00,1.715499997138977,1.6709921807050705,6737.003648045473,2019-12-25 00:00:00+00:00,1.6709921807050705,stop,-304.41228371300923,4.562962031242561,-1.015217516603507,4
GBPUSD,1,2019-12-19 00:00:00+00:00,2019-12-20 00:00:00+00:00,1.301642656326294,1.268947028554976,9104.978285495801,2019-12-27 00:00:00+00:00,1.3002886772155762,native,-17.066056060550217,4.738105658449973,-0.05732770725602716,5
GBPCHF,1,2019-12-19 00:00:00+00:00,2019-12-20 00:00:00+00:00,1.2733900547027588,1.237986320629716,8408.519289923517,2019-12-27 00:00:00+00:00,1.2759900093078613,native,17.574466160814232,4.28730228911595,0.05903554094006835,5
GBPJPY,1,2019-12-19 00:00:00+00:00,2019-12-20 00:00:00+00:00,142.38099670410156,138.43204653263092,75.38534748784602,2019-12-27 00:00:00+00:00,142.41600036621094,native,-1.6551408860657313,4.293904117528115,-0.005559892212190384,5
EURGBP,-1,2019-12-19 00:00:00+00:00,2019-12-20 00:00:00+00:00,0.8545699715614319,0.8738553896546364,15436.169413065512,2019-12-27 00:00:00+00:00,0.8536999821662903,native,8.155474809178015,5.27382888179814,0.027395589861866874,5
EURJPY,1,2019-12-24 00:00:00+00:00,2019-12-25 00:00:00+00:00,121.2300033569336,119.57278674840927,176.55463901563817,2019-12-27 00:00:00+00:00,121.71499633789062,native,77.04914733363212,8.578613344354803,0.26333551013989936,2
AUDCHF,-1,2019-12-23 00:00:00+00:00,2019-12-24 00:00:00+00:00,0.6796780228614807,0.6933831470087171,21378.961954712966,2019-12-31 00:00:00+00:00,0.6782500147819519,native,24.72311203246573,5.806218370803396,0.08437883959141777,5
GBPNZD,1,2019-12-18 00:00:00+00:00,2019-12-19 00:00:00+00:00,1.987089991569519,1.9329806882888079,5541.548375261684,2019-12-31 00:00:00+00:00,1.9636000394821167,end,-134.5492938094666,4.3785879845473445,-0.44872302213264703,9
AUDCAD,-1,2019-12-23 00:00:00+00:00,2019-12-24 00:00:00+00:00,0.9105290174484253,0.9256900083273649,19326.00118738918,2019-12-31 00:00:00+00:00,0.9114000201225281,end,-23.875119262616558,7.0421205486870155,-0.08148467943035778,6
USDJPY,1,2019-12-30 00:00:00+00:00,2019-12-31 00:00:00+00:00,108.86799621582031,107.78479593992233,269.91436874332766,2019-12-31 00:00:00+00:00,108.68000030517578,end,-62.48666357841375,11.74386603046806,-0.2137236438172165,1
