symbol,side,signal_date,entry_date,entry,stop,qty,exit_date,exit,reason,pnl,costs,r,bars
CHFJPY,-1,2005-01-03 00:00:00+00:00,2005-01-04 00:00:00+00:00,89.55000305175781,90.19999694824219,1538.4759847880182,2005-01-07 00:00:00+00:00,88.25001525878906,target,1945.2917883468708,54.708211653129254,1.9452917883468708,3
NZDJPY,-1,2005-01-03 00:00:00+00:00,2005-01-04 00:00:00+00:00,73.32599639892578,73.81300354003906,2045.6592118289645,2005-01-10 00:00:00+00:00,72.35198211669922,target,1932.8997891475224,59.60149974222205,1.9401741920323343,4
EURUSD,-1,2005-01-07 00:00:00+00:00,2005-01-10 00:00:00+00:00,1.3075997829437256,1.3248015642166138,60004.906551715205,2005-01-12 00:00:00+00:00,1.3248015642166138,stop,-1063.7826771712932,31.59139936859308,-1.0306061483447564,2
USDCHF,1,2005-01-07 00:00:00+00:00,2005-01-10 00:00:00+00:00,1.1836999654769897,1.1676000356674194,64111.53899497951,2005-01-12 00:00:00+00:00,1.1676000356674194,stop,-1062.3403701451532,30.149092342453038,-1.0292088230067529,2
GBPCAD,-1,2005-01-10 00:00:00+00:00,2005-01-11 00:00:00+00:00,2.291599988937378,2.3078999519348145,63502.917517776725,2005-01-12 00:00:00+00:00,2.259000062942505,target,2012.3951355878648,57.795275950183736,1.9441642897889333,1
AUDJPY,-1,2005-01-12 00:00:00+00:00,2005-01-13 00:00:00+00:00,78.48999786376953,78.87999725341797,1985.2327968782415,2005-01-14 00:00:00+00:00,77.70999908447266,target,1486.460486822363,62.018671362786336,1.9198973121014125,1
EURCHF,1,2005-01-04 00:00:00+00:00,2005-01-05 00:00:00+00:00,1.5508999824523926,1.542799949645996,97190.65932752029,2005-01-18 00:00:00+00:00,1.542799949645996,stop,-847.3832762606484,60.13574723242943,-1.0763873432624949,9
GBPCAD,-1,2005-01-12 00:00:00+00:00,2005-01-13 00:00:00+00:00,2.2709999084472656,2.2920000553131104,49466.61214053706,2005-01-19 00:00:00+00:00,2.2920000553131104,stop,-1083.9493497879798,45.14322988092384,-1.0434568385917509,4
EURNZD,-1,2005-01-18 00:00:00+00:00,2005-01-19 00:00:00+00:00,1.8655999898910522,1.8848999738693237,54847.52802364391,2005-01-21 00:00:00+00:00,1.8270000219345093,target,2076.6068276825054,40.50599652574206,1.9617346831377396,2
EURJPY,-1,2005-01-14 00:00:00+00:00,2005-01-17 00:00:00+00:00,133.58999633789062,135.28779423236847,622.7744922612762,2005-01-25 00:00:00+00:00,135.28779423236847,stop,-1090.8352675962485,33.490045900545375,-1.0316737099798268,6
CHFJPY,-1,2005-01-14 00:00:00+00:00,2005-01-17 00:00:00+00:00,86.34700012207031,87.41999816894531,985.4120655439364,2005-01-25 00:00:00+00:00,87.41999816894531,stop,-1091.5916410375671,34.24641934186388,-1.0323890614334472,6
EURAUD,-1,2005-01-19 00:00:00+00:00,2005-01-20 00:00:00+00:00,1.7101000547409058,1.7226999998092651,82949.75341527113,2005-01-26 00:00:00+00:00,1.684900164604187,target,2034.00178672485,56.32288620789337,1.9461108726914926,4
NZDCAD,1,2005-01-26 00:00:00+00:00,2005-01-27 00:00:00+00:00,0.8837699890136719,0.8774099946022034,165711.3768971117,2005-02-01 00:00:00+00:00,0.8774099946022034,stop,-1112.2929429921055,58.36951200972388,-1.055383067017797,3
GBPUSD,-1,2005-01-04 00:00:00+00:00,2005-01-05 00:00:00+00:00,1.8835939168930054,1.908506155014038,40337.06676300271,2005-02-02 00:00:00+00:00,1.883487582206726,max_hold,-26.101374246500697,30.390603586171643,-0.025974447193258657,20
EURCAD,-1,2005-01-07 00:00:00+00:00,2005-01-10 00:00:00+00:00,1.6101000308990479,1.6325000524520874,46079.92342144143,2005-02-07 00:00:00+00:00,1.6059999465942383,max_hold,159.2920426513609,29.63952813571803,0.15432415103376707,20
GBPNZD,-1,2005-01-21 00:00:00+00:00,2005-01-24 00:00:00+00:00,2.623300075531006,2.655100107192993,33713.47486520533,2005-02-07 00:00:00+00:00,2.655100107192993,stop,-1107.6802105268948,35.590642377752154,-1.0331974523725624,10
GBPAUD,-1,2005-01-21 00:00:00+00:00,2005-01-24 00:00:00+00:00,2.4363999366760254,2.468100070953369,33819.71693777243,2005-02-11 00:00:00+00:00,2.372999668121338,target,2111.648629643309,32.53050665497628,1.9696569133574007,14
EURCHF,1,2005-02-02 00:00:00+00:00,2005-02-03 00:00:00+00:00,1.554900050163269,1.5500999689102173,100942.24407643257,2005-02-15 00:00:00+00:00,1.5500999689102173,stop,-547.2161073887876,62.68513395652873,-1.129372810808126,8
EURUSD,-1,2005-02-04 00:00:00+00:00,2005-02-07 00:00:00+00:00,1.2855949401855469,1.301737666130066,64319.97964373273,2005-02-15 00:00:00+00:00,1.301737666130066,stop,-1071.5832402597784,33.28343611395724,-1.0320557087471847,6
AUDCHF,1,2005-02-07 00:00:00+00:00,2005-02-08 00:00:00+00:00,0.9390000104904175,0.9319000244140625,149063.86925799144,2005-02-15 00:00:00+00:00,0.9319000244140625,stop,-1114.128115858893,55.776719639554614,-1.0527015127856412,5
GBPUSD,1,2005-02-15 00:00:00+00:00,2005-02-16 00:00:00+00:00,1.895195722579956,1.8839843273162842,81634.16368699376,2005-02-16 00:00:00+00:00,1.8839843273162842,stop,-976.9349166733466,61.70204055917019,-1.067416765906771,0
AUDCAD,1,2005-01-26 00:00:00+00:00,2005-01-27 00:00:00+00:00,0.9550399780273438,0.9443699717521667,98774.39654691285,2005-02-22 00:00:00+00:00,0.9763799905776978,target,2069.691893589239,38.154968375524064,1.9637972102584726,18
AUDJPY,1,2005-02-18 00:00:00+00:00,2005-02-21 00:00:00+00:00,83.29000091552734,82.62100219726562,1581.076863658952,2005-02-22 00:00:00+00:00,82.62100219726562,stop,-1110.2020049507141,52.46360968961707,-1.0495997970052573,1
GBPJPY,1,2005-02-16 00:00:00+00:00,2005-02-17 00:00:00+00:00,198.75,197.55999755859375,776.350675423716,2005-02-24 00:00:00+00:00,201.1300048828125,target,1785.6289759073843,62.08942237584208,1.9327934143714418,5
USDCHF,-1,2005-02-22 00:00:00+00:00,2005-02-23 00:00:00+00:00,1.15910005569458,1.1764496564865112,60037.258114112614,2005-03-02 00:00:00+00:00,1.1764496564865112,stop,-1069.6664611036947,28.04400018171152,-1.026923382735899,5
NZDJPY,1,2005-02-10 00:00:00+00:00,2005-02-11 00:00:00+00:00,75.20099639892578,74.21900177001953,1086.5022087638981,2005-03-07 00:00:00+00:00,77.16498565673828,target,2100.769471393058,33.109195208791895,1.9689680620299586,16
EURNZD,-1,2005-03-07 00:00:00+00:00,2005-03-08 00:00:00+00:00,1.7935999631881714,1.804800033569336,88623.69867206187,2005-03-08 00:00:00+00:00,1.804800033569336,stop,-1056.3723659690495,63.78070340283715,-1.0642567390078017,0
EURCAD,1,2005-02-22 00:00:00+00:00,2005-02-23 00:00:00+00:00,1.6253000497817993,1.610700011253357,71343.81590108787,2005-03-09 00:00:00+00:00,1.610700011253357,stop,-1087.7961794440635,46.173718522080264,-1.0443286509789833,10
EURJPY,1,2005-02-16 00:00:00+00:00,2005-02-17 00:00:00+00:00,137.36000061035156,136.05999755859375,791.2786385735819,2005-03-11 00:00:00+00:00,139.9600067138672,target,2013.4418103039027,43.88747956894472,1.9573354836437904,16
GBPJPY,1,2005-02-24 00:00:00+00:00,2005-02-25 00:00:00+00:00,201.19000244140625,199.50999450683594,634.6830413866501,2005-03-21 00:00:00+00:00,199.50999450683594,stop,-1117.1360440161366,50.86349854934635,-1.0477021552937757,16
EURUSD,1,2005-03-08 00:00:00+00:00,2005-03-09 00:00:00+00:00,1.334899663925171,1.3211959600448608,77255.58716503443,2005-03-21 00:00:00+00:00,1.3211959600448608,stop,-1099.727335008371,41.03964539925667,-1.0387646383367404,8
CHFJPY,1,2005-02-22 00:00:00+00:00,2005-02-23 00:00:00+00:00,89.91000366210938,88.78231048583984,923.6754135266877,2005-03-22 00:00:00+00:00,88.78231048583984,stop,-1074.6332003549128,33.01073943292956,-1.0316916547706838,19
NZDJPY,1,2005-03-16 00:00:00+00:00,2005-03-17 00:00:00+00:00,77.5739974975586,76.90899658203125,1607.714216760544,2005-03-22 00:00:00+00:00,76.90899658203125,stop,-1118.8043272179866,49.67290116589831,-1.0464609868866377,3
AUDNZD,-1,2005-03-09 00:00:00+00:00,2005-03-10 00:00:00+00:00,1.0721999406814575,1.082568883895874,100306.62625947698,2005-03-24 00:00:00+00:00,1.082568883895874,stop,-1083.3012299467064,43.22751823249018,-1.0415619756038674,10
EURCAD,-1,2005-03-21 00:00:00+00:00,2005-03-22 00:00:00+00:00,1.593500018119812,1.6031999588012695,96268.5032056209,2005-03-24 00:00:00+00:00,1.574100136756897,target,1806.609516041677,60.98802513277475,1.9346882571986874,2
USDJPY,1,2005-03-22 00:00:00+00:00,2005-03-23 00:00:00+00:00,105.5999984741211,104.8499984741211,1363.402646396125,2005-03-28 00:00:00+00:00,107.0999984741211,target,1987.1048218486512,57.99914774553623,1.943280000813802,3
USDCHF,1,2005-03-28 00:00:00+00:00,2005-03-29 00:00:00+00:00,1.2037999629974365,1.198262435849756,129945.00105457882,2005-03-29 00:00:00+00:00,1.198262435849756,stop,-782.0011712353767,62.427200190272515,-1.0867557787000046,0
AUDCAD,-1,2005-03-29 00:00:00+00:00,2005-03-30 00:00:00+00:00,0.9335899949073792,0.9391099810600281,168697.66660915755,2005-03-30 00:00:00+00:00,0.9391099810600281,stop,-994.3928069076801,63.18402324094541,-1.0678516186157003,0
USDCAD,-1,2005-03-08 00:00:00+00:00,2005-03-09 00:00:00+00:00,1.212499976158142,1.2299000024795532,60844.028052209025,2005-04-06 00:00:00+00:00,1.2187999486923218,max_hold,-412.9017217639623,29.586016166187065,-0.3900127731875419,20
CADCHF,1,2005-03-24 00:00:00+00:00,2005-03-25 00:00:00+00:00,0.9882000088691711,0.9800000190734863,125984.06140604241,2005-04-08 00:00:00+00:00,0.9800000190734863,stop,-1082.6603845844172,49.59236663594043,-1.0480049384690309,10
EURCAD,-1,2005-03-24 00:00:00+00:00,2005-03-25 00:00:00+00:00,1.5715999603271484,1.583799958229065,84677.72095159063,2005-04-08 00:00:00+00:00,1.583799958229065,stop,-1086.506432707312,53.438414758834966,-1.051727876413168,10
NZDCAD,-1,2005-03-22 00:00:00+00:00,2005-03-23 00:00:00+00:00,0.8780500292778015,0.8912276029586792,77597.89545179665,2005-04-11 00:00:00+00:00,0.8912276029586792,stop,-1050.0104289433914,27.45844414629775,-1.0268528588810537,13
USDCAD,1,2005-04-08 00:00:00+00:00,2005-04-11 00:00:00+00:00,1.2283999919891357,1.2223999500274658,120463.92126048029,2005-04-12 00:00:00+00:00,1.2404000759124756,target,1386.0968974628527,59.48026739751362,1.9177072399268855,1
GBPCHF,1,2005-03-31 00:00:00+00:00,2005-04-01 00:00:00+00:00,2.259200096130371,2.2471001148223877,68619.64007062085,2005-04-14 00:00:00+00:00,2.283400058746338,target,1598.2504069076444,62.34231752247726,1.9249155839293806,9
AUDJPY,1,2005-04-08 00:00:00+00:00,2005-04-11 00:00:00+00:00,83.54000091552734,83.05000305175781,1771.3416122772587,2005-04-15 00:00:00+00:00,83.05000305175781,stop,-926.9711672652712,59.01756124333716,-1.067996216426625,4
AUDCHF,1,2005-04-12 00:00:00+00:00,2005-04-13 00:00:00+00:00,0.9312999844551086,0.92508092103526,161235.70971673127,2005-04-15 00:00:00+00:00,0.92508092103526,stop,-1062.5980828329293,59.86297856026556,-1.0596996936730236,2
GBPCAD,1,2005-04-11 00:00:00+00:00,2005-04-12 00:00:00+00:00,2.3324999809265137,2.3085999488830566,41181.34283863754,2005-04-19 00:00:00+00:00,2.3803000450134277,target,1929.6549401524192,38.81588671963452,1.9605623957543592,5
USDCAD,1,2005-04-14 00:00:00+00:00,2005-04-15 00:00:00+00:00,1.2425999641418457,1.2371000051498413,121826.74913575362,2005-04-19 00:00:00+00:00,1.2371000051498413,stop,-730.4608815940186,60.41875721816687,-1.0901715802934737,2
EURAUD,1,2005-04-18 00:00:00+00:00,2005-04-19 00:00:00+00:00,1.694599986076355,1.67739999294281,59326.66994480911,2005-04-22 00:00:00+00:00,1.67739999294281,stop,-1060.4282216486372,40.00990596183465,-1.0392093177344681,3
EURCAD,1,2005-04-18 00:00:00+00:00,2005-04-19 00:00:00+00:00,1.6229000091552734,1.6054999828338623,58644.6420733947,2005-04-25 00:00:00+00:00,1.6054999828338623,stop,-1058.2839880867932,37.86567239999064,-1.0371079897507571,4
GBPAUD,1,2005-04-15 00:00:00+00:00,2005-04-18 00:00:00+00:00,2.4630000591278076,2.442500114440918,48967.73898555535,2005-04-26 00:00:00+00:00,2.442500114440918,stop,-1051.8781910645164,48.042250418581965,-1.0478586674109998,6
GBPUSD,1,2005-04-19 00:00:00+00:00,2005-04-20 00:00:00+00:00,1.9172146320343018,1.9008153676986694,61504.23431175375,2005-04-27 00:00:00+00:00,1.9008153676986694,stop,-1055.5891985816936,46.965002342576355,-1.0465634301831108,5
EURJPY,-1,2005-04-27 00:00:00+00:00,2005-04-28 00:00:00+00:00,136.8699951171875,137.89999389648438,930.4137277011756,2005-04-29 00:00:00+00:00,134.80999755859375,target,1866.0950486010715,50.55495894546034,1.9472465408432342,1
EURNZD,-1,2005-04-29 00:00:00+00:00,2005-05-02 00:00:00+00:00,1.7592999935150146,1.774999976158142,63435.60927327144,2005-05-03 00:00:00+00:00,1.774999976158142,stop,-1040.77805893272,44.8400943861443,-1.0450229793243786,1
EURCHF,-1,2005-04-19 00:00:00+00:00,2005-04-20 00:00:00+00:00,1.5422999858856201,1.5475000143051147,98096.11023823726,2005-05-05 00:00:00+00:00,1.5475000143051147,stop,-570.722033367275,60.61947228656317,-1.1188378120629974,11
USDCAD,1,2005-04-27 00:00:00+00:00,2005-04-28 00:00:00+00:00,1.250599980354309,1.2419999837875366,111433.18445915624,2005-05-06 00:00:00+00:00,1.2419999837875366,stop,-1013.8766740906868,55.5516703174209,-1.0579674641678911,6
AUDJPY,-1,2005-05-03 00:00:00+00:00,2005-05-04 00:00:00+00:00,81.05000305175781,81.95500183105469,1088.5502549280864,2005-05-10 00:00:00+00:00,81.95500183105469,stop,-1020.6244798371681,35.487827923947904,-1.0360232540886865,4
NZDCHF,1,2005-05-06 00:00:00+00:00,2005-05-09 00:00:00+00:00,0.8833400011062622,0.8759599924087524,129680.85686602053,2005-05-10 00:00:00+00:00,0.8759599924087524,stop,-1002.6753577004329,45.629506128682294,-1.0476774504102864,1
EURNZD,-1,2005-05-06 00:00:00+00:00,2005-05-09 00:00:00+00:00,1.750100016593933,1.7640000581741333,68852.0135749095,2005-05-10 00:00:00+00:00,1.7640000581741333,stop,-1005.4364247820547,48.39057321030428,-1.0505624397523199,1
AUDCHF,1,2005-05-10 00:00:00+00:00,2005-05-11 00:00:00+00:00,0.9369000196456909,0.9320999979972839,148933.41021933343,2005-05-11 00:00:00+00:00,0.9320999979972839,stop,-770.5549024893907,55.67130926551252,-1.0778746495138518,0
USDJPY,-1,2005-04-22 00:00:00+00:00,2005-04-25 00:00:00+00:00,105.56999969482422,106.84246817231178,769.4122695867335,2005-05-12 00:00:00+00:00,106.84246817231178,stop,-1011.7394110393165,32.68655179803444,-1.0333858907509497,13
GBPJPY,-1,2005-04-29 00:00:00+00:00,2005-05-02 00:00:00+00:00,200.25999450683594,202.24179077148438,502.5430627316532,2005-05-16 00:00:00+00:00,196.29640197753906,target,1952.0185958861343,39.85733320701712,1.9599801045588587,10
GBPUSD,-1,2005-05-11 00:00:00+00:00,2005-05-12 00:00:00+00:00,1.8733959197998047,1.889501929283142,57377.375116560164,2005-05-16 00:00:00+00:00,1.8411839008331299,target,1805.614527558879,42.62656795377213,1.953873368515325,2
NZDJPY,-1,2005-05-16 00:00:00+00:00,2005-05-17 00:00:00+00:00,75.75199890136719,76.38200378417969,1502.9269208518135,2005-05-18 00:00:00+00:00,76.38200378417969,stop,-992.5805562896084,45.7292576426101,-1.048296134470064,1
USDCAD,1,2005-05-13 00:00:00+00:00,2005-05-16 00:00:00+00:00,1.2654999494552612,1.2521038055419922,69614.08962149035,2005-05-27 00:00:00+00:00,1.2521038055419922,stop,-967.6125016470495,35.05213868635589,-1.0375869917686318,9
EURUSD,-1,2005-05-12 00:00:00+00:00,2005-05-13 00:00:00+00:00,1.2677003145217896,1.281295657157898,67406.70530136199,2005-05-31 00:00:00+00:00,1.2405096292495728,target,1799.0204753836529,33.81403370274839,1.9631019237851393,12
GBPCHF,-1,2005-05-16 00:00:00+00:00,2005-05-17 00:00:00+00:00,2.2471001148223877,2.2680704593658447,45151.91901996793,2005-05-31 00:00:00+00:00,2.2680704593658447,stop,-987.625021872416,40.77372322541783,-1.0430624357633362,10
USDJPY,1,2005-05-31 00:00:00+00:00,2005-06-01 00:00:00+00:00,108.41000366210938,107.69999694824219,1305.5672563920807,2005-06-03 00:00:00+00:00,107.69999694824219,stop,-983.3907455586906,56.42922811514952,-1.060875480862221,2
EURAUD,-1,2005-06-03 00:00:00+00:00,2005-06-06 00:00:00+00:00,1.6167000532150269,1.6272000074386597,88223.18199644912,2005-06-07 00:00:00+00:00,1.5957001447677612,target,1795.9971113894715,56.68163346241293,1.938811158038147,1
USDCHF,1,2005-05-20 00:00:00+00:00,2005-05-23 00:00:00+00:00,1.2338000535964966,1.2207000255584717,71392.07959881208,2005-06-10 00:00:00+00:00,1.2600001096725464,target,1834.8689729227608,35.607515951926814,1.9619267965529479,14
GBPCHF,1,2005-06-07 00:00:00+00:00,2005-06-08 00:00:00+00:00,2.283900022506714,2.275599956512451,62414.19086195163,2005-06-10 00:00:00+00:00,2.3005001544952393,target,978.8574807384196,57.22632552699295,1.8895334041880907,2
NZDUSD,-1,2005-05-13 00:00:00+00:00,2005-05-17 00:00:00+00:00,0.7104795575141907,0.7179860253818333,124234.24430824324,2005-06-14 00:00:00+00:00,0.7077140808105469,max_hold,308.3292654412325,35.23764298800636,0.3306266035823659,20
GBPJPY,-1,2005-05-16 00:00:00+00:00,2005-05-17 00:00:00+00:00,196.42999267578125,198.51668709516525,453.75656821208685,2005-06-14 00:00:00+00:00,197.8699951171875,max_hold,-689.1938078909277,35.78324186140105,-0.7278796669294854,20
AUDCHF,1,2005-06-10 00:00:00+00:00,2005-06-13 00:00:00+00:00,0.965499997138977,0.9595000147819519,150166.38258152132,2005-06-15 00:00:00+00:00,0.9774999618530273,target,1743.6366371752576,58.35465503957472,1.9352331442535986,2
EURCHF,-1,2005-05-31 00:00:00+00:00,2005-06-01 00:00:00+00:00,1.5355000495910645,1.54228937625885,92176.19438324973,2005-06-17 00:00:00+00:00,1.54228937625885,stop,-682.5540779387612,56.73978327757047,-1.090665527715836,12
EURNZD,-1,2005-06-14 00:00:00+00:00,2005-06-15 00:00:00+00:00,1.6985000371932983,1.718400001525879,49281.6965729354,2005-06-27 00:00:00+00:00,1.718400001525879,stop,-1014.3821302361143,33.67812618564194,-1.0343407654568,8
GBPCAD,-1,2005-06-17 00:00:00+00:00,2005-06-20 00:00:00+00:00,2.2446999549865723,2.260499954223633,61896.42502669279,2005-06-27 00:00:00+00:00,2.260499954223633,stop,-1033.73462188066,55.77115368213853,-1.057027849705749,5
GBPJPY,1,2005-06-27 00:00:00+00:00,2005-06-28 00:00:00+00:00,200.02999877929688,199.02999877929688,720.0504923973746,2005-06-29 00:00:00+00:00,199.02999877929688,stop,-777.5191619450067,57.4686695476321,-1.0798119995117188,1
EURGBP,-1,2005-06-14 00:00:00+00:00,2005-06-15 00:00:00+00:00,0.6657000184059143,0.6717387437820435,162402.4844592466,2005-06-30 00:00:00+00:00,0.6717387437820435,stop,-1024.144679608757,43.44067555828477,-1.0442953994058017,11
NZDCAD,-1,2005-06-23 00:00:00+00:00,2005-06-24 00:00:00+00:00,0.868340015411377,0.8819475769996643,72958.72005610434,2005-07-04 00:00:00+00:00,0.8411248922348022,target,1960.6364788035728,24.94407432853837,1.9748747797824764,6
GBPCAD,-1,2005-06-29 00:00:00+00:00,2005-06-30 00:00:00+00:00,2.2193000316619873,2.239799976348877,47121.249977675805,2005-07-04 00:00:00+00:00,2.178300142288208,target,1890.5219528191926,41.444083419715554,1.9570964679064466,2
GBPUSD,-1,2005-06-30 00:00:00+00:00,2005-07-01 00:00:00+00:00,1.7904142141342163,1.8097088090144098,50885.70284447552,2005-07-05 00:00:00+00:00,1.7518250243738294,target,1927.588176497175,36.04986665895233,1.963282574622551,2
EURCAD,-1,2005-06-10 00:00:00+00:00,2005-06-13 00:00:00+00:00,1.5149999856948853,1.5361262066289783,45752.1934172508,2005-07-06 00:00:00+00:00,1.4727475438266993,target,1905.8026921338742,27.339200570516958,1.971715267592416,17
AUDCAD,-1,2005-07-04 00:00:00+00:00,2005-07-05 00:00:00+00:00,0.9282699823379517,0.9352099895477295,145376.74441639803,2005-07-06 00:00:00+00:00,0.914389967918396,target,1964.2553278407129,53.57598092694995,1.9468974629403781,1
EURNZD,1,2005-07-05 00:00:00+00:00,2005-07-06 00:00:00+00:00,1.757699966430664,1.7497999668121338,86718.16339326829,2005-07-06 00:00:00+00:00,1.7734999656677246,target,1308.9030809157298,61.243834537201195,1.9106025290478348,0
GBPUSD,-1,2005-07-06 00:00:00+00:00,2005-07-07 00:00:00+00:00,1.7515896558761597,1.7606873512268066,90041.96445846905,2005-07-08 00:00:00+00:00,1.7333942651748657,target,1575.5897631623452,62.75895967152251,1.923387544059646,1
EURCHF,1,2005-06-29 00:00:00+00:00,2005-06-30 00:00:00+00:00,1.5477999448776245,1.5432000160217285,93615.10393991797,2005-07-11 00:00:00+00:00,1.5569998025894165,target,803.1144057075117,58.131230214351625,1.8650066188094436,7
USDCAD,-1,2005-06-15 00:00:00+00:00,2005-06-16 00:00:00+00:00,1.236799955368042,1.2510566711425781,69067.69518855137,2005-07-12 00:00:00+00:00,1.2082865238189697,target,1935.58170148012,33.77529753082736,1.965699162165326,18
USDJPY,1,2005-07-06 00:00:00+00:00,2005-07-07 00:00:00+00:00,112.2300033569336,111.44999694824219,1347.993826570559,2005-07-12 00:00:00+00:00,111.44999694824219,stop,-1111.7476755092237,60.303851907735535,-1.0573533750012227,3
EURAUD,1,2005-07-12 00:00:00+00:00,2005-07-13 00:00:00+00:00,1.6187000274658203,1.6102999448776245,101369.47641792957,2005-07-13 00:00:00+00:00,1.6102999448776245,stop,-916.9763811427679,65.46440730999282,-1.0768801958419072,0
GBPNZD,1,2005-07-13 00:00:00+00:00,2005-07-14 00:00:00+00:00,2.623300075531006,2.5954999923706055,39338.097298411165,2005-07-14 00:00:00+00:00,2.5954999923706055,stop,-1134.6619092381661,41.05953297041368,-1.0375452119174629,0
EURJPY,1,2005-07-11 00:00:00+00:00,2005-07-12 00:00:00+00:00,134.77000427246094,134.0399932861328,1202.415005342622,2005-07-20 00:00:00+00:00,136.2300262451172,target,1690.3814274232814,65.17090062852888,1.9257545336733415,6
EURNZD,1,2005-07-12 00:00:00+00:00,2005-07-13 00:00:00+00:00,1.788100004196167,1.7726000547409058,70575.1868140024,2005-07-21 00:00:00+00:00,1.7726000547409058,stop,-1144.1712427822788,50.25941436962266,-1.0459446667128123,6
USDJPY,1,2005-07-19 00:00:00+00:00,2005-07-20 00:00:00+00:00,112.88999938964844,111.83999633789062,1024.24358450135,2005-07-21 00:00:00+00:00,111.83999633789062,stop,-1121.494540743568,46.03565127378954,-1.0428055890602068,1
CHFJPY,1,2005-07-20 00:00:00+00:00,2005-07-21 00:00:00+00:00,87.72000122070312,86.76000213623047,1120.5431329641901,2005-07-21 00:00:00+00:00,86.76000213623047,stop,-1114.8228556779807,39.10247392023616,-1.0363500353654564,0
GBPAUD,-1,2005-07-22 00:00:00+00:00,2005-07-25 00:00:00+00:00,2.2792999744415283,2.2946999073028564,67586.59140818895,2005-07-26 00:00:00+00:00,2.2946999073028564,stop,-1102.6571822338385,61.82821222171246,-1.059402854842705,1
NZDCAD,-1,2005-07-06 00:00:00+00:00,2005-07-07 00:00:00+00:00,0.8304700255393982,0.8432400226593018,82337.04469382278,2005-07-27 00:00:00+00:00,0.8432400226593018,stop,-1079.0054914100954,27.56166780860733,-1.0262131625008752,14
GBPJPY,-1,2005-07-21 00:00:00+00:00,2005-07-22 00:00:00+00:00,193.61000061035156,195.83329725265503,468.6594084488768,2005-07-27 00:00:00+00:00,195.83329725265503,stop,-1078.472142308488,36.50325312017128,-1.0350329587561935,3
GBPNZD,-1,2005-07-22 00:00:00+00:00,2005-07-25 00:00:00+00:00,2.5369999408721924,2.5645999908447266,37711.126285926766,2005-07-27 00:00:00+00:00,2.5645999908447266,stop,-1079.3063858691764,38.47741585705042,-1.03696804851291,2
EURCAD,1,2005-07-27 00:00:00+00:00,2005-07-28 00:00:00+00:00,1.4904999732971191,1.475100040435791,64920.69067760152,2005-07-29 00:00:00+00:00,1.475100040435791,stop,-1038.280037979123,38.50576023300902,-1.0385144538023285,1
GBPJPY,1,2005-08-01 00:00:00+00:00,2005-08-02 00:00:00+00:00,198.33999633789062,197.36000061035156,743.7194326633542,2005-08-02 00:00:00+00:00,197.36000061035156,stop,-787.6998219449101,58.85795544704753,-1.0807554534838457,0
EURCHF,1,2005-07-13 00:00:00+00:00,2005-07-14 00:00:00+00:00,1.559399962425232,1.5546000003814697,105194.53661204512,2005-08-03 00:00:00+00:00,1.5546000003814697,stop,-570.4449395684458,65.51515661947535,-1.1297510244629332,14
AUDJPY,1,2005-08-03 00:00:00+00:00,2005-08-04 00:00:00+00:00,85.69000244140625,85.16000366210938,1702.2808204475436,2005-08-09 00:00:00+00:00,85.16000366210938,stop,-960.373694570353,58.166937712672095,-1.06447184890885,3
NZDUSD,1,2005-08-03 00:00:00+00:00,2005-08-04 00:00:00+00:00,0.6915150880813599,0.6859180927276611,173746.13632498737,2005-08-11 00:00:00+00:00,0.7027090787887573,target,1896.4644230351994,48.448212432921466,1.9501795488913973,5
CHFJPY,1,2005-08-03 00:00:00+00:00,2005-08-04 00:00:00+00:00,88.05999755859375,87.18000030517578,1105.0674464686958,2005-08-15 00:00:00+00:00,87.18000030517578,stop,-1011.1867211257597,38.7304033916991,-1.0398273965476883,7
AUDNZD,-1,2005-08-09 00:00:00+00:00,2005-08-10 00:00:00+00:00,1.0988999605178833,1.104699969291687,133667.36502909233,2005-08-15 00:00:00+00:00,1.0872999429702759,target,1492.0990637746938,58.444716105223634,1.924613910469848,3
EURUSD,1,2005-08-03 00:00:00+00:00,2005-08-04 00:00:00+00:00,1.233593225479126,1.2172927050851285,59657.99215172061,2005-08-18 00:00:00+00:00,1.2172927050851285,stop,-1001.6993044561334,29.242986722072956,-1.0300712599515138,10
EURCHF,-1,2005-08-11 00:00:00+00:00,2005-08-12 00:00:00+00:00,1.5528000593185425,1.5565999746322632,96860.47013045839,2005-08-18 00:00:00+00:00,1.545200228691101,target,676.1084146136492,60.014752872181916,1.8369437194127243,4
EURGBP,-1,2005-08-15 00:00:00+00:00,2005-08-16 00:00:00+00:00,0.6833999752998352,0.6859999895095825,216832.0539498231,2005-08-18 00:00:00+00:00,0.6781999468803406,target,1068.4851412396233,59.04770155684936,1.8952621168703145,2
CADCHF,-1,2005-08-03 00:00:00+00:00,2005-08-04 00:00:00+00:00,1.0365999937057495,1.0529999732971191,59296.19072488411,2005-08-22 00:00:00+00:00,1.0529999732971191,stop,-997.2373813704831,24.78106363642273,-1.0254829581385883,12
AUDCHF,-1,2005-08-19 00:00:00+00:00,2005-08-22 00:00:00+00:00,0.957099974155426,0.9589601159095764,154053.0480612993,2005-08-22 00:00:00+00:00,0.9589601159095764,stop,-345.595486481584,59.03497942862427,-1.206012266085619,0
AUDCAD,-1,2005-08-19 00:00:00+00:00,2005-08-22 00:00:00+00:00,0.9093000292778015,0.9192000031471252,99289.26430463136,2005-08-30 00:00:00+00:00,0.8164399862289429,target,9185.735866313427,34.26949130414556,9.344963559189376,5
USDCAD,-1,2005-08-24 00:00:00+00:00,2005-08-25 00:00:00+00:00,1.1901999711990356,1.2021000385284424,83086.67835502098,2005-08-30 00:00:00+00:00,1.2021000385284424,stop,-1028.4907188888992,39.75365228738811,-1.040206495366892,3
EURAUD,1,2005-08-29 00:00:00+00:00,2005-08-30 00:00:00+00:00,1.628000020980835,1.6227308511734009,98233.01927697062,2005-08-31 00:00:00+00:00,1.6385383605957031,target,971.036532973333,64.1763855612745,1.8760131671229157,1
USDCHF,-1,2005-08-03 00:00:00+00:00,2005-08-04 00:00:00+00:00,1.2613999843597412,1.2803890705108643,51211.327917249335,2005-09-01 00:00:00+00:00,1.253499984741211,max_hold,378.81119761135665,25.758273399341817,0.38954057956457316,20
NZDCAD,-1,2005-08-30 00:00:00+00:00,2005-08-31 00:00:00+00:00,0.8181999921798706,0.8312765955924988,81876.22509848906,2005-09-01 00:00:00+00:00,0.8312765955924988,stop,-1097.6735078150423,27.010583279027635,-1.025227905683512,1
CADJPY,1,2005-08-30 00:00:00+00:00,2005-08-31 00:00:00+00:00,93.45999908447266,92.25199890136719,886.310233648811,2005-09-02 00:00:00+00:00,92.25199890136719,stop,-1103.582613401258,32.91968886524345,-1.0307470148735276,2
NZDUSD,1,2005-09-02 00:00:00+00:00,2005-09-05 00:00:00+00:00,0.7098239660263062,0.7047216296195984,211425.01762330075,2005-09-07 00:00:00+00:00,0.7047216296195984,stop,-1138.5756302058776,59.81406549767957,-1.0554469749891944,2
USDCHF,-1,2005-09-01 00:00:00+00:00,2005-09-02 00:00:00+00:00,1.2350000143051147,1.2533371290192008,58479.49397588001,2005-09-12 00:00:00+00:00,1.2533371290192008,stop,-1101.4485288540147,29.103339396598557,-1.027139898311405,6
GBPNZD,1,2005-08-19 00:00:00+00:00,2005-08-22 00:00:00+00:00,2.5885000228881836,2.5678999423980713,47716.37288466095,2005-09-14 00:00:00+00:00,2.5678999423980713,stop,-1032.1700628174383,49.20894069721035,-1.050061939978936,17
GBPAUD,1,2005-08-17 00:00:00+00:00,2005-08-18 00:00:00+00:00,2.377000093460083,2.348593235015869,34957.56900127574,2005-09-15 00:00:00+00:00,2.3657000064849854,max_hold,-428.182223351631,33.15865319923742,-0.4311855539795379,20
GBPJPY,1,2005-09-01 00:00:00+00:00,2005-09-02 00:00:00+00:00,201.3800048828125,199.53868103027344,582.3772868519158,2005-09-15 00:00:00+00:00,199.53868103027344,stop,-1119.0423767674758,46.697187310059675,-1.04354678677086,9
GBPUSD,1,2005-09-01 00:00:00+00:00,2005-09-02 00:00:00+00:00,1.8325086832046509,1.8110441379249096,49958.9055105453,2005-09-15 00:00:00+00:00,1.8110441379249096,stop,-1108.7507716801147,36.4055822226985,-1.033949499266294,9
GBPNZD,-1,2005-09-15 00:00:00+00:00,2005-09-16 00:00:00+00:00,2.559299945831299,2.5755999088287354,57981.84567354329,2005-09-19 00:00:00+00:00,2.5755999088287354,stop,-1004.6481331862302,59.546194184399596,-1.0630050492196528,1
EURNZD,-1,2005-09-14 00:00:00+00:00,2005-09-15 00:00:00+00:00,1.732200026512146,1.7431999444961548,87303.18277363972,2005-09-22 00:00:00+00:00,1.7431999444961548,stop,-1021.0105460290539,60.68269577608798,-1.0631895615232894,4
GBPCHF,1,2005-09-19 00:00:00+00:00,2005-09-20 00:00:00+00:00,2.304500102996826,2.2950000762939453,64332.072184072786,2005-09-22 00:00:00+00:00,2.2950000762939453,stop,-670.3354791093084,59.17907550895793,-1.0968313105456005,1
GBPAUD,-1,2005-09-15 00:00:00+00:00,2005-09-16 00:00:00+00:00,2.3529999256134033,2.367300033569336,63065.42251709317,2005-09-28 00:00:00+00:00,2.324399709701538,target,1744.688263705385,58.996436856486866,1.9345823171443337,7
GBPCAD,-1,2005-09-22 00:00:00+00:00,2005-09-23 00:00:00+00:00,2.09879994392395,2.1189000606536865,48211.27306454107,2005-09-30 00:00:00+00:00,2.0585997104644775,target,1898.017726577707,40.086705995229835,1.9586330794961213,5
EURCHF,1,2005-09-23 00:00:00+00:00,2005-09-26 00:00:00+00:00,1.5562000274658203,1.552899956703186,94800.61065253525,2005-10-03 00:00:00+00:00,1.552899956703186,stop,-371.7976389101091,58.94891541580189,-1.1884262616045949,5
AUDJPY,1,2005-09-08 00:00:00+00:00,2005-09-09 00:00:00+00:00,85.33000183105469,84.36945351958275,1096.5417045517743,2005-10-04 00:00:00+00:00,87.25109845399857,target,2068.714090755539,37.8484747759986,1.9640661280179463,16
EURAUD,-1,2005-10-03 00:00:00+00:00,2005-10-04 00:00:00+00:00,1.5605000257492065,1.5773144960403442,62404.23655946166,2005-10-05 00:00:00+00:00,1.5773144960403442,stop,-1088.4567656096906,39.16258393949384,-1.0373227876639488,1
USDCHF,1,2005-09-23 00:00:00+00:00,2005-09-26 00:00:00+00:00,1.2942999601364136,1.2776999473571777,59248.43346538001,2005-10-06 00:00:00+00:00,1.2776999473571777,stop,-1014.002145753432,30.477393078419517,-1.0309879268371502,8
GBPAUD,-1,2005-09-28 00:00:00+00:00,2005-09-29 00:00:00+00:00,2.3252999782562256,2.342099905014038,59371.65702760639,2005-10-06 00:00:00+00:00,2.342099905014038,stop,-1052.8617425697935,55.42225301604243,-1.0555645265667575,5
USDJPY,1,2005-09-30 00:00:00+00:00,2005-10-03 00:00:00+00:00,113.63999938964844,112.91000366210938,1349.081991441995,2005-10-17 00:00:00+00:00,115.09999084472656,target,1907.93037939553,61.71780030956262,1.937331142743672,10
GBPCHF,-1,2005-10-06 00:00:00+00:00,2005-10-07 00:00:00+00:00,2.2606000900268555,2.2793089323677123,52645.30994315957,2005-10-18 00:00:00+00:00,2.2793089323677123,stop,-1032.7337872316546,47.80098351954172,-1.0485322281270202,7
EURGBP,1,2005-10-06 00:00:00+00:00,2005-10-07 00:00:00+00:00,0.6848000288009644,0.6795153021812439,186373.46348943436,2005-10-19 00:00:00+00:00,0.6795153021812439,stop,-1035.7872384174905,50.85443470537763,-1.0516323900612432,8
CADJPY,1,2005-10-18 00:00:00+00:00,2005-10-19 00:00:00+00:00,98.38999938964844,97.41000366210938,1019.2514126699737,2005-10-24 00:00:00+00:00,97.41000366210938,stop,-1038.775915646986,39.91388594225786,-1.0399593585052551,3
NZDJPY,1,2005-10-24 00:00:00+00:00,2005-10-25 00:00:00+00:00,81.22000122070312,80.79900360107422,1824.2590852284027,2005-10-25 00:00:00+00:00,80.79900360107422,stop,-827.1216607727218,59.11292830515834,-1.0769690835613708,0
AUDCHF,-1,2005-10-25 00:00:00+00:00,2005-10-26 00:00:00+00:00,0.9629999995231628,0.9674999713897705,153348.86781541366,2005-10-26 00:00:00+00:00,0.9674999713897705,stop,-749.2735879169368,59.20799697143747,-1.0858005351206008,0
EURJPY,1,2005-10-06 00:00:00+00:00,2005-10-07 00:00:00+00:00,137.9499969482422,136.8300018310547,879.4081229438286,2005-11-01 00:00:00+00:00,140.1899871826172,target,1920.9458951521965,48.91971227202907,1.9503319291553134,17
GBPAUD,1,2005-10-20 00:00:00+00:00,2005-10-21 00:00:00+00:00,2.3605000972747803,2.344899892807007,63023.7112066235,2005-11-02 00:00:00+00:00,2.391700506210327,target,1906.465298596464,59.90026368599747,1.939075149773811,8
EURJPY,1,2005-11-01 00:00:00+00:00,2005-11-02 00:00:00+00:00,140.36000061035156,139.4600067138672,1072.8045824908575,2005-11-07 00:00:00+00:00,139.4600067138672,stop,-1025.5560135882492,60.03843722600944,-1.0621826455528804,3
GBPJPY,1,2005-11-02 00:00:00+00:00,2005-11-03 00:00:00+00:00,207.41000366210938,205.77999877929688,619.97818706187,2005-11-07 00:00:00+00:00,205.77999877929688,stop,-1061.8012298732322,51.23375772514254,-1.050698007938291,2
AUDNZD,-1,2005-10-17 00:00:00+00:00,2005-10-18 00:00:00+00:00,1.0750999450683594,1.0815000534057617,140597.37545185976,2005-11-10 00:00:00+00:00,1.0622997283935547,target,1739.5743128165889,60.10255687608144,1.9332073908508418,17
GBPNZD,1,2005-11-02 00:00:00+00:00,2005-11-03 00:00:00+00:00,2.5636000633239746,2.5319111347198486,31890.237905250957,2005-11-10 00:00:00+00:00,2.5319111347198486,stop,-1043.0668850189873,32.49941287089757,-1.0321595675366595,5
USDCHF,1,2005-11-08 00:00:00+00:00,2005-11-09 00:00:00+00:00,1.3118000030517578,1.3055438715964556,111394.03407031111,2005-11-10 00:00:00+00:00,1.3055438715964556,stop,-755.2070190295393,58.31129854925664,-1.0836729181075613,1
EURCAD,-1,2005-11-10 00:00:00+00:00,2005-11-11 00:00:00+00:00,1.3895000219345093,1.3982000350952148,105646.30497003986,2005-11-14 00:00:00+00:00,1.3982000350952148,stop,-978.0262856972525,58.90204207799195,-1.0640849618393828,1
EURGBP,-1,2005-11-10 00:00:00+00:00,2005-11-11 00:00:00+00:00,0.6708999872207642,0.6754500269889832,215083.16491136941,2005-11-15 00:00:00+00:00,0.6754500269889832,stop,-1036.552398248075,57.91544442693993,-1.0591797031583636,2
EURCHF,-1,2005-11-10 00:00:00+00:00,2005-11-11 00:00:00+00:00,1.5362000465393066,1.5414999723434448,95557.56973440124,2005-11-15 00:00:00+00:00,1.5414999723434448,stop,-565.2675364512784,58.81950683519132,-1.1161412492408735,2
USDCHF,1,2005-11-16 00:00:00+00:00,2005-11-17 00:00:00+00:00,1.3245999813079834,1.315999984741211,108820.2162353573,2005-11-17 00:00:00+00:00,1.315999984741211,stop,-993.3236178788196,57.4701318593101,-1.0614093260513986,0
GBPNZD,-1,2005-11-17 00:00:00+00:00,2005-11-18 00:00:00+00:00,2.5000998973846436,2.5109503269195557,57083.17809739597,2005-11-23 00:00:00+00:00,2.4783990383148193,target,1181.9162948684207,56.837708280845746,1.9082340672379696,3
CADJPY,1,2005-10-26 00:00:00+00:00,2005-10-27 00:00:00+00:00,99.0199966430664,97.69000244140625,732.1129941079072,2005-11-24 00:00:00+00:00,101.33000183105469,max_hold,1661.849047132419,29.335767450480688,1.7067256274200486,20
GBPCAD,-1,2005-11-16 00:00:00+00:00,2005-11-17 00:00:00+00:00,2.0499000549316406,2.071700096130371,44080.42323628857,2005-11-25 00:00:00+00:00,2.0062999725341797,target,1886.1502824287854,35.75980278834774,1.9627872260378845,6
GBPCAD,-1,2005-11-25 00:00:00+00:00,2005-11-28 00:00:00+00:00,2.001199960708618,2.0204999446868896,53236.95370713476,2005-11-28 00:00:00+00:00,2.0204999446868896,stop,-1070.2929639371873,42.820610337505784,-1.0416756812847436,0
NZDCHF,1,2005-11-23 00:00:00+00:00,2005-11-24 00:00:00+00:00,0.9101999998092651,0.9039999842643738,158538.14744180866,2005-11-29 00:00:00+00:00,0.9226000308990479,target,1907.764212895026,58.11374429995719,1.94087756659841,3
CADJPY,1,2005-11-24 00:00:00+00:00,2005-11-25 00:00:00+00:00,101.63999938964844,101.1500015258789,1464.2036800612275,2005-11-30 00:00:00+00:00,102.6199951171875,target,1375.0977035777362,59.81564712923907,1.9166282101985208,3
USDJPY,1,2005-11-14 00:00:00+00:00,2005-11-15 00:00:00+00:00,118.80000305175781,117.83999633789062,1003.5488555595988,2005-12-02 00:00:00+00:00,120.72001647949219,target,1878.7532697650547,48.07400829683974,1.9501003449097989,13
GBPUSD,-1,2005-11-16 00:00:00+00:00,2005-11-17 00:00:00+00:00,1.7188037633895874,1.736895203590393,53116.558546056076,2005-12-05 00:00:00+00:00,1.736895203590393,stop,-997.6660099079941,36.71096729942752,-1.0382025856274957,12
NZDUSD,1,2005-11-29 00:00:00+00:00,2005-11-30 00:00:00+00:00,0.7049203515052795,0.700721800327301,216916.85293190274,2005-12-05 00:00:00+00:00,0.7153075933456421,target,2191.5535354054286,61.614275248601174,2.40635300681431,3
CADCHF,1,2005-12-02 00:00:00+00:00,2005-12-05 00:00:00+00:00,1.1346999406814575,1.128999948501587,138969.04157199003,2005-12-05 00:00:00+00:00,1.128999948501587,stop,-855.0392910057338,62.916840801277544,-1.07942817525881,0
EURJPY,1,2005-11-30 00:00:00+00:00,2005-12-01 00:00:00+00:00,141.25999450683594,140.5399932861328,1076.3619416080608,2005-12-06 00:00:00+00:00,142.6999969482422,target,1488.8350782040598,61.128745548319245,1.9211223583266221,3
GBPJPY,1,2005-12-09 00:00:00+00:00,2005-12-12 00:00:00+00:00,211.58999633789062,210.38999938964844,740.9368886341359,2005-12-14 00:00:00+00:00,210.38999938964844,stop,-951.6541142210664,62.53210902004175,-1.0703301781468153,2
CHFJPY,1,2005-12-12 00:00:00+00:00,2005-12-13 00:00:00+00:00,93.02999877929688,92.55999755859375,1736.943828994927,2005-12-14 00:00:00+00:00,92.55999755859375,stop,-880.8375996928337,64.47187977245804,-1.0789742614115967,1
USDCHF,-1,2005-12-08 00:00:00+00:00,2005-12-09 00:00:00+00:00,1.2999000549316406,1.3149499893188477,69707.95499271074,2005-12-21 00:00:00+00:00,1.3149499893188477,stop,-1085.5553187461376,36.45516983946015,-1.0347489892909194,8
GBPUSD,1,2005-12-08 00:00:00+00:00,2005-12-09 00:00:00+00:00,1.7525105476379395,1.7340039014816284,56687.750986632396,2005-12-23 00:00:00+00:00,1.7340039014816284,stop,-1088.6286814872747,39.52853258059718,-1.0376785120293728,10
EURUSD,1,2005-12-12 00:00:00+00:00,2005-12-13 00:00:00+00:00,1.1952000856399536,1.1796385049819946,69225.13671876943,2005-12-30 00:00:00+00:00,1.1796385049819946,stop,-1110.1322538315314,32.87970522416282,-1.0305218170675654,13
GBPAUD,1,2005-12-15 00:00:00+00:00,2005-12-16 00:00:00+00:00,2.3622000217437744,2.343600034713745,56649.247288743,2005-12-30 00:00:00+00:00,2.343600034713745,stop,-1106.9912710494707,53.31600621792856,-1.050600035890994,10
USDJPY,-1,2005-12-14 00:00:00+00:00,2005-12-15 00:00:00+00:00,117.52999877929688,119.04011178016663,697.9787603593733,2006-01-06 00:00:00+00:00,114.50977277755737,target,2075.661834278219,32.39176642106506,1.969268555211006,16
EURUSD,1,2006-01-04 00:00:00+00:00,2006-01-05 00:00:00+00:00,1.2114017009735107,1.2029062509536743,119923.86189183821,2006-01-12 00:00:00+00:00,1.2029062509536743,stop,-1076.7138015661342,57.9066266782565,-1.0568376706658247,5
NZDCHF,-1,2005-12-15 00:00:00+00:00,2005-12-16 00:00:00+00:00,0.8919299840927124,0.9051777720451355,79535.93978221994,2006-01-13 00:00:00+00:00,0.8912000060081482,max_hold,29.694909072932678,28.3645839033065,0.028182220902452516,20
EURNZD,1,2005-12-15 00:00:00+00:00,2005-12-16 00:00:00+00:00,1.728600025177002,1.7031247671693563,41360.72987034378,2006-01-13 00:00:00+00:00,1.7342000007629395,max_hold,202.9742901968968,28.644787293584272,0.19263457819648788,20
GBPCHF,-1,2006-01-03 00:00:00+00:00,2006-01-04 00:00:00+00:00,2.251800060272217,2.2678000926971436,63385.948351600084,2006-01-13 00:00:00+00:00,2.2678000926971436,stop,-1071.473057283534,57.29582837319995,-1.0564948874219553,7
GBPUSD,1,2006-01-13 00:00:00+00:00,2006-01-16 00:00:00+00:00,1.777714490890503,1.7597888708114624,55397.307264880634,2006-01-17 00:00:00+00:00,1.7597888708114624,stop,-1032.2247155678724,39.19363213575039,-1.039468686116339,1
GBPJPY,-1,2005-12-22 00:00:00+00:00,2005-12-23 00:00:00+00:00,202.66000366210938,205.19000244140625,412.97422812522547,2006-01-20 00:00:00+00:00,202.91000366210938,max_hold,-136.74154917639862,33.497992145092255,-0.13087516253935322,20
EURNZD,1,2006-01-19 00:00:00+00:00,2006-01-20 00:00:00+00:00,1.7745000123977661,1.7592999935150146,63818.84446760602,2006-01-24 00:00:00+00:00,1.804900050163269,target,1894.4086467899963,45.68663517598439,1.952902689264119,2
USDJPY,-1,2006-01-06 00:00:00+00:00,2006-01-09 00:00:00+00:00,114.48999786376953,116.04000854492188,667.4302382453342,2006-01-26 00:00:00+00:00,116.04000854492188,stop,-1065.2965376243317,30.772539420010265,-1.0297456022996312,13
AUDCHF,-1,2006-01-19 00:00:00+00:00,2006-01-23 00:00:00+00:00,0.9508000016212463,0.9564675092697144,154496.93259940326,2006-01-30 00:00:00+00:00,0.961899995803833,stop_gap,-1774.0163095978733,59.101256517012246,-2.0260288815270546,5
NZDCHF,-1,2006-01-20 00:00:00+00:00,2006-01-23 00:00:00+00:00,0.8672699928283691,0.8772500157356262,98126.48403119625,2006-01-30 00:00:00+00:00,0.8772500157356262,stop,-1013.5412813924261,34.23672295249145,-1.0349602405680944,5
AUDJPY,1,2006-01-25 00:00:00+00:00,2006-01-26 00:00:00+00:00,87.18199920654297,86.30999755859375,1126.2572399437033,2006-01-31 00:00:00+00:00,88.9260025024414,target,1924.5277561039436,39.668582387352345,1.959608332822958,3
GBPNZD,1,2006-01-20 00:00:00+00:00,2006-01-23 00:00:00+00:00,2.599900007247925,2.571700096130371,25077.352669494765,2006-02-03 00:00:00+00:00,2.571700096130371,stop,-733.1171242749033,25.938007931602627,-1.0366781305219017,9
AUDNZD,1,2006-01-19 00:00:00+00:00,2006-01-20 00:00:00+00:00,1.097599983215332,1.086899995803833,90658.76469541478,2006-02-07 00:00:00+00:00,1.086899995803833,stop,-1009.6564548979976,39.6088139150074,-1.0408318233472225,12
GBPCHF,1,2006-01-30 00:00:00+00:00,2006-01-31 00:00:00+00:00,2.2744998931884766,2.264699935913086,63699.868719979546,2006-02-07 00:00:00+00:00,2.264699935913086,stop,-682.0852785452959,57.82928664150462,-1.0926371350720123,5
AUDCHF,1,2006-01-30 00:00:00+00:00,2006-01-31 00:00:00+00:00,0.9655699729919434,0.961899995803833,150051.62614032775,2006-02-07 00:00:00+00:00,0.961899995803833,stop,-608.5300456047563,57.844000630890605,-1.1050398882608978,5
AUDJPY,1,2006-01-31 00:00:00+00:00,2006-02-01 00:00:00+00:00,88.87999725341797,88.02999877929688,1152.1321616961757,2006-02-07 00:00:00+00:00,88.02999877929688,stop,-1020.0753186585533,40.764739230966725,-1.0416259561443664,4
NZDCAD,-1,2006-02-08 00:00:00+00:00,2006-02-09 00:00:00+00:00,0.7767000198364258,0.7835800051689148,136691.630749874,2006-02-10 00:00:00+00:00,0.7835800051689148,stop,-983.0918588420241,42.655444208886834,-1.0453570741680889,1
GBPUSD,-1,2006-02-14 00:00:00+00:00,2006-02-15 00:00:00+00:00,1.736201524734497,1.7445918321609497,79863.72477856663,2006-02-15 00:00:00+00:00,1.7445918321609497,stop,-725.6790276470092,55.5978245332322,-1.082971771592572,0
NZDUSD,-1,2006-02-13 00:00:00+00:00,2006-02-14 00:00:00+00:00,0.6748093962669373,0.6804109811782837,165101.5303593502,2006-02-21 00:00:00+00:00,0.6636062264442444,target,1805.4655890889874,44.19489351329575,1.9522129667266093,5
NZDCAD,-1,2006-02-17 00:00:00+00:00,2006-02-20 00:00:00+00:00,0.7695599794387817,0.7766500115394592,130784.50714970965,2006-02-22 00:00:00+00:00,0.7553799152374268,target,1814.6450054138206,39.887702511631616,1.9569835545728913,2
EURCAD,-1,2006-02-21 00:00:00+00:00,2006-02-22 00:00:00+00:00,1.3674999475479126,1.3733563423156738,104509.42700279439,2006-02-23 00:00:00+00:00,1.3733563423156738,stop,-669.337525551019,57.28906407012967,-1.0936021698862133,1
NZDJPY,-1,2006-02-22 00:00:00+00:00,2006-02-23 00:00:00+00:00,77.93000030517578,78.6500015258789,1333.8139448982934,2006-02-27 00:00:00+00:00,76.48999786376953,target,1879.5018276494623,41.19350938578164,1.9571056287881998,2
GBPCHF,1,2006-02-23 00:00:00+00:00,2006-02-24 00:00:00+00:00,2.2929000854492188,2.283600091934204,62288.692743794956,2006-02-28 00:00:00+00:00,2.311500072479248,target,1101.2084638107285,57.36041334133745,1.9009805727177171,2
EURUSD,-1,2006-02-10 00:00:00+00:00,2006-02-13 00:00:00+00:00,1.1900936365127563,1.2023999691009521,75360.70235466011,2006-03-02 00:00:00+00:00,1.2023999691009521,stop,-963.4738669560942,36.059999699616455,-1.038882316701055,13
GBPCAD,-1,2006-02-03 00:00:00+00:00,2006-02-06 00:00:00+00:00,2.0144999027252197,2.039599895477295,38453.053149764935,2006-03-06 00:00:00+00:00,1.9952000379562378,max_hold,711.3016847582113,30.837040986726677,0.7369693275834227,20
USDCHF,1,2006-02-10 00:00:00+00:00,2006-02-13 00:00:00+00:00,1.3071000576019287,1.2924000024795532,63089.14215191121,2006-03-06 00:00:00+00:00,1.2909499406814575,stop_gap,-1051.678771297488,32.78174913189465,-1.1339907763171766,15
USDCAD,-1,2006-02-28 00:00:00+00:00,2006-03-01 00:00:00+00:00,1.1368999481201172,1.1418999433517456,129896.60692901038,2006-03-07 00:00:00+00:00,1.1418999433517456,stop,-708.6840900042412,59.20167475447842,-1.0911520825882746,4
CADCHF,1,2006-02-24 00:00:00+00:00,2006-02-27 00:00:00+00:00,1.1480000019073486,1.133705973625183,68702.34832043177,2006-03-08 00:00:00+00:00,1.133705973625183,stop,-1013.3850216826085,31.351711739169318,-1.031925303777094,7
AUDCAD,-1,2006-02-27 00:00:00+00:00,2006-02-28 00:00:00+00:00,0.8408799767494202,0.850350022315979,106160.01736233356,2006-03-09 00:00:00+00:00,0.850350022315979,stop,-1041.2484029808727,35.90820121289643,-1.035717462755144,7
GBPNZD,1,2006-03-06 00:00:00+00:00,2006-03-07 00:00:00+00:00,2.664599895477295,2.634500026702881,31635.78627999778,2006-03-13 00:00:00+00:00,2.724799633026123,target,1870.366452874433,34.09957833225099,1.9641898802357265,4
EURNZD,1,2006-03-06 00:00:00+00:00,2006-03-07 00:00:00+00:00,1.829200029373169,1.809000015258789,47140.2153588334,2006-03-13 00:00:00+00:00,1.8696000576019287,target,1869.5935846728285,34.872446533855566,1.9633782425494246,4
GBPUSD,-1,2006-03-10 00:00:00+00:00,2006-03-13 00:00:00+00:00,1.7277123928070068,1.739614486694336,80597.57182783114,2006-03-14 00:00:00+00:00,1.739614486694336,stop,-1015.171492429833,55.89162544423583,-1.0582641493559826,1
EURJPY,1,2006-03-13 00:00:00+00:00,2006-03-14 00:00:00+00:00,142.00999450683594,141.48912048339844,1050.4188861095429,2006-03-14 00:00:00+00:00,141.48912048339844,stop,-606.6944764188313,59.55856491621665,-1.1088551558471993,0
EURCAD,1,2006-03-14 00:00:00+00:00,2006-03-15 00:00:00+00:00,1.3902000188827515,1.3833999633789062,104360.12503244619,2006-03-16 00:00:00+00:00,1.403800129890442,target,1360.9928442443922,58.31644097332874,1.9178241957821291,1
NZDCAD,-1,2006-03-06 00:00:00+00:00,2006-03-07 00:00:00+00:00,0.7479299902915955,0.7569199800491333,105921.4794772066,2006-03-17 00:00:00+00:00,0.7299500107765198,target,1873.158183966102,31.307847240582085,1.9671216532848894,8
NZDUSD,-1,2006-03-09 00:00:00+00:00,2006-03-10 00:00:00+00:00,0.6454944014549255,0.6521880626678467,141555.5737899847,2006-03-17 00:00:00+00:00,0.6321070790290833,target,1858.8797853726649,36.17032212896956,1.9618265269231798,5
NZDJPY,-1,2006-03-13 00:00:00+00:00,2006-03-14 00:00:00+00:00,75.58699798583984,76.48799896240234,1103.7352465136898,2006-03-17 00:00:00+00:00,73.78499603271484,target,1955.9596430225101,32.973426928062175,1.9668431005283835,3
AUDCHF,-1,2006-03-14 00:00:00+00:00,2006-03-16 00:00:00+00:00,0.9491999745368958,0.9543459856649861,153248.43003114391,2006-03-20 00:00:00+00:00,0.9297000169754028,target,2930.7501871957656,57.58769477695788,3.7163109614742353,2
NZDCHF,-1,2006-03-16 00:00:00+00:00,2006-03-17 00:00:00+00:00,0.8253999948501587,0.8359299898147583,95378.92542967666,2006-03-20 00:00:00+00:00,0.8043400049209595,target,1977.5906390252476,31.088569981586147,1.9690457591812707,1
GBPCHF,-1,2006-03-15 00:00:00+00:00,2006-03-16 00:00:00+00:00,2.263000011444092,2.2753000259399414,16744.549418314153,2006-03-21 00:00:00+00:00,2.2753000259399414,stop,-221.156558421957,15.198357850222784,-1.073793409575499,3
NZDUSD,-1,2006-03-17 00:00:00+00:00,2006-03-20 00:00:00+00:00,0.6303977966308594,0.6373080015182495,155728.8031639827,2006-03-23 00:00:00+00:00,0.6165773868560791,target,2113.397882882418,38.83799057992173,1.9639091690099542,3
NZDCAD,-1,2006-03-20 00:00:00+00:00,2006-03-21 00:00:00+00:00,0.7232999801635742,0.7330300211906433,113669.46885459922,2006-03-23 00:00:00+00:00,0.7330300211906433,stop,-1139.1166470265932,33.10805154619034,-1.0299347145053694,2
EURNZD,1,2006-03-16 00:00:00+00:00,2006-03-17 00:00:00+00:00,1.8996000289916992,1.8715359196066856,35787.33216596358,2006-03-24 00:00:00+00:00,1.9557282477617264,target,1981.0848262770323,27.59438272980136,1.9725248485611149,5
CADJPY,-1,2006-03-17 00:00:00+00:00,2006-03-20 00:00:00+00:00,100.1500015258789,101.37000274658203,882.0629999951715,2006-03-24 00:00:00+00:00,101.37000274658203,stop,-1111.668604636691,35.55066790552134,-1.0330360332191009,4
AUDNZD,1,2006-03-24 00:00:00+00:00,2006-03-27 00:00:00+00:00,1.160599946975708,1.152500033378601,139774.1467785469,2006-04-03 00:00:00+00:00,1.1767997741699219,target,2198.9754136904357,65.34161034070878,1.9422858109997496,5
GBPNZD,1,2006-03-24 00:00:00+00:00,2006-03-27 00:00:00+00:00,2.8559000492095947,2.8111000061035156,25271.37104164851,2006-04-03 00:00:00+00:00,2.8111000061035156,stop,-1160.8010842337444,28.64257221817205,-1.0252990830472846,5
AUDCAD,-1,2006-03-20 00:00:00+00:00,2006-03-21 00:00:00+00:00,0.8353800177574158,0.8434799909591675,136544.72279503546,2006-04-04 00:00:00+00:00,0.8434799909591675,stop,-1151.8564903807783,45.84789490037534,-1.0414534706942862,10
EURJPY,1,2006-04-03 00:00:00+00:00,2006-04-04 00:00:00+00:00,142.96499633789062,142.42999267578125,1185.0529826581062,2006-04-04 00:00:00+00:00,144.03500366210938,target,1199.9933298268736,68.02204120457529,1.892711014773829,0
EURNZD,1,2006-04-04 00:00:00+00:00,2006-04-05 00:00:00+00:00,2.0114998817443848,1.9982999563217163,84205.19567390185,2006-04-05 00:00:00+00:00,1.9982999563217163,stop,-1179.0314990922163,67.5291959955072,-1.060754886253827,0
AUDJPY,-1,2006-03-17 00:00:00+00:00,2006-03-20 00:00:00+00:00,84.44000244140625,85.6204605102539,911.6104715025231,2006-04-06 00:00:00+00:00,85.6204605102539,stop,-1107.1237164942297,31.005779763060055,-1.028812622394571,13
GBPCHF,-1,2006-04-05 00:00:00+00:00,2006-04-06 00:00:00+00:00,2.250699996948242,2.2660000324249268,72201.79261527628,2006-04-07 00:00:00+00:00,2.2660000324249268,stop,-1169.9127562591918,65.22276776524276,-1.0590416935471303,1
NZDCHF,-1,2006-03-24 00:00:00+00:00,2006-03-27 00:00:00+00:00,0.7983999848365784,0.8112999796867371,87764.26077423162,2006-04-13 00:00:00+00:00,0.8112999796867371,stop,-1160.4133375065114,28.25482549093913,-1.024956598560247,13
NZDUSD,-1,2006-03-23 00:00:00+00:00,2006-03-24 00:00:00+00:00,0.6159911155700684,0.6253663238603622,118035.30777862604,2006-04-17 00:00:00+00:00,0.6253663238603622,stop,-1135.9103975188482,29.304801485291602,-1.0264817036804528,16
NZDCAD,-1,2006-03-23 00:00:00+00:00,2006-03-24 00:00:00+00:00,0.717490017414093,0.7321619391441345,75423.35737572302,2006-04-21 00:00:00+00:00,0.7127000093460083,max_hold,339.7045436510458,21.573946700704397,0.3069788774507016,20
CADJPY,1,2006-04-07 00:00:00+00:00,2006-04-10 00:00:00+00:00,102.87999725341797,101.69999694824219,939.2771507811856,2006-04-24 00:00:00+00:00,101.69999694824219,stop,-1146.7787873785505,38.43146281211337,-1.0346745663207577,10
CHFJPY,1,2006-04-04 00:00:00+00:00,2006-04-05 00:00:00+00:00,91.01000213623047,90.12000274658203,1268.7554853809013,2006-04-25 00:00:00+00:00,90.12000274658203,stop,-1175.1535450545366,45.96193745242756,-1.0407033997976922,14
USDCAD,-1,2006-04-07 00:00:00+00:00,2006-04-10 00:00:00+00:00,1.1475000381469727,1.156000018119812,130394.11011649737,2006-04-25 00:00:00+00:00,1.130500078201294,target,2157.2870895295723,59.40755960330195,1.9463998709731707,11
USDCHF,-1,2006-04-17 00:00:00+00:00,2006-04-18 00:00:00+00:00,1.2799999713897705,1.2956006182357669,68155.09221350573,2006-04-28 00:00:00+00:00,1.2487986776977777,target,2092.0569477348513,34.47010102359012,1.967580848742352,8
USDCAD,-1,2006-04-25 00:00:00+00:00,2006-04-26 00:00:00+00:00,1.1313999891281128,1.1385999917984009,142193.07433683868,2006-04-28 00:00:00+00:00,1.1169999837875366,target,1983.6396489458732,63.9413808975482,1.9375444683598795,2
EURUSD,1,2006-04-25 00:00:00+00:00,2006-04-26 00:00:00+00:00,1.2428998947143555,1.2368431091308594,129437.00731084637,2006-04-28 00:00:00+00:00,1.2550134658813477,target,1503.2799137189681,64.66448598345737,1.9175168634860653,2
USDJPY,-1,2006-04-21 00:00:00+00:00,2006-04-24 00:00:00+00:00,115.72000122070312,117.07325744628906,783.6498607605355,2006-05-01 00:00:00+00:00,113.01348876953125,target,2085.1087119910717,35.8493935164237,1.966195095109768,5
AUDNZD,1,2006-04-03 00:00:00+00:00,2006-04-04 00:00:00+00:00,1.1780999898910522,1.162402629852295,71953.1160686111,2006-05-02 00:00:00+00:00,1.1933000087738037,max_hold,1059.562799045889,34.12592386980732,0.938102894159281,20
NZDUSD,1,2006-04-28 00:00:00+00:00,2006-05-01 00:00:00+00:00,0.6388959884643555,0.6331117749214172,195123.59361243885,2006-05-08 00:00:00+00:00,0.6331117749214172,stop,-1178.2762778987953,49.63974517895056,-1.0439820471337449,5
EURAUD,-1,2006-05-03 00:00:00+00:00,2006-05-04 00:00:00+00:00,1.6420999765396118,1.6578999757766724,71737.49923737811,2006-05-09 00:00:00+00:00,1.6578999757766724,stop,-1180.7991820317332,47.34674881252745,-1.0417721533122077,3
EURCHF,-1,2006-05-01 00:00:00+00:00,2006-05-02 00:00:00+00:00,1.5606000423431396,1.5657999515533447,108614.87180091659,2006-05-12 00:00:00+00:00,1.5502002239227295,target,1061.999110061915,67.57583442374492,1.8803517469050894,8
EURNZD,1,2006-05-08 00:00:00+00:00,2006-05-09 00:00:00+00:00,2.003999948501587,1.979200005531311,45360.975983757686,2006-05-12 00:00:00+00:00,2.0535998344421387,target,2213.087897685327,36.81133726116215,1.9672773458567467,3
EURGBP,-1,2006-05-02 00:00:00+00:00,2006-05-03 00:00:00+00:00,0.6856499910354614,0.6898999810218811,250098.72095669317,2006-05-17 00:00:00+00:00,0.6771500110626221,target,2057.6672118757283,68.1669074889019,1.9358680840918334,10
AUDCAD,1,2006-05-03 00:00:00+00:00,2006-05-04 00:00:00+00:00,0.8522199988365173,0.8421000242233276,112001.50954350614,2006-05-22 00:00:00+00:00,0.8421000242233276,stop,-1171.4057132657038,37.95328004649815,-1.0334846694348734,12
NZDCAD,-1,2006-05-09 00:00:00+00:00,2006-05-10 00:00:00+00:00,0.693149983882904,0.7046599984169006,97903.87631718101,2006-05-23 00:00:00+00:00,0.7046599984169006,stop,-1154.2452424697574,27.370203124400213,-1.0242885876150922,9
EURNZD,1,2006-05-12 00:00:00+00:00,2006-05-15 00:00:00+00:00,2.062000036239624,2.0299999713897705,36428.7187923725,2006-05-24 00:00:00+00:00,2.0299999713897705,stop,-1195.534627268261,29.81326351526347,-1.0255749482185699,7
CADJPY,-1,2006-05-12 00:00:00+00:00,2006-05-15 00:00:00+00:00,98.80999755859375,100.28989055752754,787.7065197232882,2006-05-24 00:00:00+00:00,100.28989055752754,stop,-1197.0878197420466,31.366455989049193,-1.0269073356329903,7
GBPCAD,1,2006-05-18 00:00:00+00:00,2006-05-19 00:00:00+00:00,2.1191000938415527,2.094099998474121,46714.96896542095,2006-05-24 00:00:00+00:00,2.094099998474121,stop,-1207.24258153366,39.36390231152708,-1.0337054721623529,3
GBPAUD,1,2006-05-17 00:00:00+00:00,2006-05-18 00:00:00+00:00,2.4779000282287598,2.454400062561035,48874.36626248236,2006-05-26 00:00:00+00:00,2.454400062561035,stop,-1196.7585374308806,48.212608230747094,-1.0419770833756061,6
USDCHF,-1,2006-05-11 00:00:00+00:00,2006-05-12 00:00:00+00:00,1.2111999988555908,1.2295581102371216,62309.765712196175,2006-06-08 00:00:00+00:00,1.2295581102371216,stop,-1174.3062322891258,30.416613187541977,-1.0265905142241183,19
EURAUD,1,2006-06-01 00:00:00+00:00,2006-06-02 00:00:00+00:00,1.7128000259399414,1.700600028038025,90039.00810795063,2006-06-08 00:00:00+00:00,1.700600028038025,stop,-1159.943541034801,61.467831027160244,-1.0559573875572839,4
GBPCHF,-1,2006-06-05 00:00:00+00:00,2006-06-06 00:00:00+00:00,2.2600998878479004,2.272900104522705,73869.73829201436,2006-06-08 00:00:00+00:00,2.272900104522705,stop,-1012.5189604717244,66.97030462282395,-1.0708269259424825,2
AUDJPY,-1,2006-05-12 00:00:00+00:00,2006-05-15 00:00:00+00:00,84.58000183105469,85.7699966430664,979.602055392421,2006-06-12 00:00:00+00:00,85.41000366210938,max_hold,-846.3760114360994,33.30451175545449,-0.7260534444622535,20
USDJPY,1,2006-06-08 00:00:00+00:00,2006-06-09 00:00:00+00:00,113.94000244140625,113.35621380805969,1392.7114023936176,2006-06-13 00:00:00+00:00,115.10757970809937,target,1562.2987366290145,63.79943587006106,1.9215306468587803,2
GBPUSD,-1,2006-06-08 00:00:00+00:00,2006-06-09 00:00:00+00:00,1.843385934829712,1.857700228691101,73905.39932811988,2006-06-23 00:00:00+00:00,1.8147573471069336,target,2061.7358998418404,54.07130801020136,1.9488882467083621,10
AUDCAD,-1,2006-05-31 00:00:00+00:00,2006-06-01 00:00:00+00:00,0.8285199999809265,0.8398600220680237,96107.999291383,2006-06-29 00:00:00+00:00,0.8180000185966492,max_hold,979.405614469749,31.648748955740317,0.898647048682288,20
USDJPY,1,2006-06-13 00:00:00+00:00,2006-06-14 00:00:00+00:00,115.23999786376953,114.26000213623047,1112.8747348574354,2006-06-30 00:00:00+00:00,114.26000213623047,stop,-1141.69343577641,51.080950329956295,-1.0468369388867265,12
EURUSD,-1,2006-06-08 00:00:00+00:00,2006-06-09 00:00:00+00:00,1.2648941278457642,1.2809016704559326,66087.82057865708,2006-07-03 00:00:00+00:00,1.2809016704559326,stop,-1091.5528231156331,33.649219189612324,-1.0318074530276062,16
EURGBP,1,2006-07-03 00:00:00+00:00,2006-07-04 00:00:00+00:00,0.694599986076355,0.6917999982833862,236295.81073398667,2006-07-05 00:00:00+00:00,0.6917999982833862,stop,-727.1454872459911,65.5201016611743,-1.0990290020435967,1
USDCHF,1,2006-06-08 00:00:00+00:00,2006-06-09 00:00:00+00:00,1.2323999404907227,1.218400001525879,75564.87257427325,2006-07-07 00:00:00+00:00,1.228600025177002,max_hold,-324.333146236529,37.1930297621945,-0.30658100136239785,20
CHFJPY,1,2006-07-03 00:00:00+00:00,2006-07-04 00:00:00+00:00,93.69999694824219,93.19999694824219,1751.6656583926094,2006-07-07 00:00:00+00:00,93.19999694824219,stop,-941.3100893687567,65.47726017245199,-1.0747599975585937,3
AUDJPY,1,2006-07-05 00:00:00+00:00,2006-07-06 00:00:00+00:00,85.69999694824219,85.39392721652985,1921.7618265665758,2006-07-10 00:00:00+00:00,85.39392721652985,stop,-653.953481115718,65.7603544434671,-1.1118006169427914,2
NZDCAD,-1,2006-06-12 00:00:00+00:00,2006-06-13 00:00:00+00:00,0.6866999864578247,0.6996247172355652,83318.00312203463,2006-07-11 00:00:00+00:00,0.6858999729156494,max_hold,43.7830732645543,22.872457540076745,0.04065798811110445,20
AUDCAD,1,2006-07-10 00:00:00+00:00,2006-07-11 00:00:00+00:00,0.8384000062942505,0.834669167874381,187661.7161409305,2006-07-11 00:00:00+00:00,0.8458616831339896,target,1337.0567932207662,63.2142878137053,1.9097113570795095,0
EURCAD,1,2006-07-10 00:00:00+00:00,2006-07-11 00:00:00+00:00,1.430299997329712,1.4239000082015991,110001.80681499162,2006-07-11 00:00:00+00:00,1.4430999755859375,target,1344.8048976328462,63.21583774457389,1.910206098310578,0
NZDUSD,-1,2006-06-22 00:00:00+00:00,2006-06-23 00:00:00+00:00,0.6092360019683838,0.6183144450187683,122650.10042137961,2006-07-12 00:00:00+00:00,0.6183144450187683,stop,-1143.583788918494,30.11183711905673,-1.02704319320338,13
EURNZD,1,2006-06-26 00:00:00+00:00,2006-06-27 00:00:00+00:00,2.081399917602539,2.053299903869629,40122.90542211318,2006-07-12 00:00:00+00:00,2.053299903869629,stop,-1160.633427342787,33.17923397715121,-1.0294284540980825,11
AUDCHF,1,2006-07-11 00:00:00+00:00,2006-07-12 00:00:00+00:00,0.9222000241279602,0.9175999760627747,172850.63593621086,2006-07-13 00:00:00+00:00,0.9314001202583313,target,1526.1632740631917,64.07919274572455,1.9194095314605575,1
CADCHF,-1,2006-07-11 00:00:00+00:00,2006-07-12 00:00:00+00:00,1.0830999612808228,1.0947999954223633,90827.57577316412,2006-07-14 00:00:00+00:00,1.0947999954223633,stop,-1102.2484122081453,39.562674668765894,-1.037228950451873,2
GBPAUD,-1,2006-07-11 00:00:00+00:00,2006-07-12 00:00:00+00:00,2.4516000747680664,2.4670000076293945,65019.92811612523,2006-07-21 00:00:00+00:00,2.4670000076293945,stop,-1065.2639323945996,63.96140475789011,-1.0638782016348773,7
GBPNZD,-1,2006-07-14 00:00:00+00:00,2006-07-17 00:00:00+00:00,2.954400062561035,2.9867000579833984,33417.60623304402,2006-07-24 00:00:00+00:00,2.9867000579833984,stop,-1119.0959972375492,39.70746888388885,-1.0367870028639758,5
GBPUSD,1,2006-07-21 00:00:00+00:00,2006-07-24 00:00:00+00:00,1.8599114418029785,1.8474043607711792,83868.47667474944,2006-07-25 00:00:00+00:00,1.8474043607711792,stop,-1111.1352195674863,62.185385782824156,-1.0592834697904057,1
AUDJPY,1,2006-07-12 00:00:00+00:00,2006-07-13 00:00:00+00:00,86.77200317382812,85.9000015258789,1226.548953634286,2006-07-26 00:00:00+00:00,88.51600646972656,target,2096.1055527563867,42.99986496258772,1.9597964040421716,9
NZDJPY,1,2006-07-14 00:00:00+00:00,2006-07-17 00:00:00+00:00,72.30999755859375,71.25,1018.2934098316562,2006-07-28 00:00:00+00:00,71.25,stop,-1108.6257682395333,29.23723988587293,-1.0270868543789946,9
AUDCAD,1,2006-07-26 00:00:00+00:00,2006-07-27 00:00:00+00:00,0.8637999892234802,0.8586000204086304,184208.17122335423,2006-07-31 00:00:00+00:00,0.8586000204086304,stop,-1021.3327769798481,63.456031177883766,-1.0662465515067456,2
AUDNZD,1,2006-07-28 00:00:00+00:00,2006-07-31 00:00:00+00:00,1.2382999658584595,1.2299000024795532,125327.32496521302,2006-08-02 00:00:00+00:00,1.2299000024795532,stop,-1114.6115199862777,61.86657990220532,-1.058766922116258,2
GBPUSD,1,2006-07-31 00:00:00+00:00,2006-08-01 00:00:00+00:00,1.8682161569595337,1.8617000579833984,82958.9976103034,2006-08-03 00:00:00+00:00,1.8812483549118042,target,1018.9277152833595,62.21036349605035,1.8849168950439983,2
EURAUD,-1,2006-07-14 00:00:00+00:00,2006-07-17 00:00:00+00:00,1.6770000457763672,1.6912000179290771,76013.42571278683,2006-08-08 00:00:00+00:00,1.6912000179290771,stop,-1130.594213419316,51.20568506565554,-1.0474395305495392,16
NZDCAD,1,2006-07-11 00:00:00+00:00,2006-07-12 00:00:00+00:00,0.697950005531311,0.685699999332428,86749.81222754599,2006-08-09 00:00:00+00:00,0.6998000144958496,max_hold,136.23701993731714,24.25091035568097,0.12820066659854712,20
GBPNZD,1,2006-08-03 00:00:00+00:00,2006-08-04 00:00:00+00:00,3.049299955368042,3.009700059890747,25662.15524786884,2006-08-10 00:00:00+00:00,3.009700059890747,stop,-1047.3160653454036,31.097399807682145,-1.030601090948499,4
EURJPY,1,2006-08-09 00:00:00+00:00,2006-08-10 00:00:00+00:00,148.47000122070312,147.6199951171875,1031.6687722614863,2006-08-10 00:00:00+00:00,147.6199951171875,stop,-938.0181138288985,61.09336060016392,-1.0696677341758518,0
NZDCAD,1,2006-08-10 00:00:00+00:00,2006-08-11 00:00:00+00:00,0.7152000069618225,0.707099974155426,124128.40451792994,2006-08-14 00:00:00+00:00,0.707099974155426,stop,-1040.7537142812794,35.30956548039319,-1.0351183758168012,1
AUDCHF,1,2006-07-24 00:00:00+00:00,2006-07-25 00:00:00+00:00,0.9391999840736389,0.9289000034332275,102726.06899665199,2006-08-22 00:00:00+00:00,0.933899998664856,max_hold,-582.9299063967715,38.483239612884454,-0.5509335991435433,20
NZDCAD,1,2006-08-16 00:00:00+00:00,2006-08-17 00:00:00+00:00,0.7185400128364563,0.7117999792098999,150892.15479702805,2006-08-22 00:00:00+00:00,0.7117999792098999,stop,-1060.1836140139699,43.16541669844773,-1.042443111453055,3
GBPJPY,1,2006-08-03 00:00:00+00:00,2006-08-04 00:00:00+00:00,217.0800018310547,215.05270439386368,501.26767138115537,2006-08-25 00:00:00+00:00,221.1345967054367,target,1988.5047688007198,43.93256227472298,1.9567685934488552,15
NZDJPY,1,2006-08-11 00:00:00+00:00,2006-08-14 00:00:00+00:00,73.69000244140625,72.98999786376953,1449.1835690013495,2006-08-25 00:00:00+00:00,72.98999786376953,stop,-1056.948381405537,42.51324926867474,-1.0419082974572484,9
NZDUSD,1,2006-08-09 00:00:00+00:00,2006-08-10 00:00:00+00:00,0.6323110461235046,0.6229579136706889,109176.87355884115,2006-08-31 00:00:00+00:00,0.6510173110291362,target,2014.2695628036565,28.021955556665844,1.972558319608394,15
CADJPY,1,2006-08-22 00:00:00+00:00,2006-08-23 00:00:00+00:00,104.44000244140625,103.61000061035156,1199.4454222043883,2006-08-31 00:00:00+00:00,106.10000610351562,target,1940.577543471594,50.506249888015866,1.949267579740785,6
GBPAUD,1,2006-08-03 00:00:00+00:00,2006-08-04 00:00:00+00:00,2.4790000915527344,2.4523000717163086,38060.59590080658,2006-09-01 00:00:00+00:00,2.492500066757202,max_hold,475.9734492189105,37.84365170924609,0.4683769993213559,20
USDJPY,1,2006-08-25 00:00:00+00:00,2006-08-28 00:00:00+00:00,117.2699966430664,116.43000030517578,1191.8721452917607,2006-09-04 00:00:00+00:00,116.43000030517578,stop,-1056.8763406223977,55.70810334347588,-1.0556430990009082,5
AUDJPY,1,2006-09-01 00:00:00+00:00,2006-09-04 00:00:00+00:00,89.79000091552734,89.38999938964844,1715.2210016497195,2006-09-04 00:00:00+00:00,89.38999938964844,stop,-747.5576777992419,61.46665991980814,-1.089589658395163,0
GBPJPY,1,2006-08-25 00:00:00+00:00,2006-08-28 00:00:00+00:00,221.32000732421875,219.67999267578125,610.4629847256366,2006-09-05 00:00:00+00:00,219.67999267578125,stop,-1055.0110725317231,53.84283525280115,-1.0537800074432453,6
USDCAD,-1,2006-08-31 00:00:00+00:00,2006-09-01 00:00:00+00:00,1.104200005531311,1.1109999418258667,140532.77819100092,2006-09-05 00:00:00+00:00,1.1109999418258667,stop,-1017.8755795658604,62.26164057013264,-1.0651535500157778,2
USDCHF,1,2006-09-08 00:00:00+00:00,2006-09-11 00:00:00+00:00,1.2479000091552734,1.242300033569336,118635.22754222415,2006-09-11 00:00:00+00:00,1.242300033569336,stop,-723.4394676074534,59.085089738858066,-1.0889361035422342,0
GBPCAD,-1,2006-09-06 00:00:00+00:00,2006-09-07 00:00:00+00:00,2.084700107574463,2.1068999767303467,44279.3907357845,2006-09-14 00:00:00+00:00,2.1068999767303467,stop,-1020.1169802248847,37.120299588215985,-1.0377623854885998,5
GBPUSD,-1,2006-09-07 00:00:00+00:00,2006-09-08 00:00:00+00:00,1.8753985166549683,1.8871841430664062,78710.968131962,2006-09-14 00:00:00+00:00,1.8871841430664062,stop,-986.8893696505455,59.231304764640385,-1.0638503636271683,4
EURUSD,-1,2006-09-08 00:00:00+00:00,2006-09-11 00:00:00+00:00,1.2672985792160034,1.2739015817642212,116819.2752395141,2006-09-14 00:00:00+00:00,1.2739015817642212,stop,-830.7302042963144,59.37223220884928,-1.0769710489257989,3
EURCHF,1,2006-09-14 00:00:00+00:00,2006-09-15 00:00:00+00:00,1.592900037765503,1.5853367098607123,89665.8804655071,2006-09-20 00:00:00+00:00,1.5853367098607123,stop,-735.1683350931386,56.995879260746854,-1.0840433414400321,3
USDJPY,1,2006-09-11 00:00:00+00:00,2006-09-12 00:00:00+00:00,117.55000305175781,116.5999984741211,1026.2096412954927,2006-09-21 00:00:00+00:00,116.5999984741211,stop,-1022.9612546606954,48.05739781504225,-1.0492944996345939,7
EURCAD,1,2006-09-20 00:00:00+00:00,2006-09-21 00:00:00+00:00,1.4306000471115112,1.425453543663025,98284.35808773624,2006-09-21 00:00:00+00:00,1.425453543663025,stop,-561.9618665974896,56.14107876668989,-1.1109900583711665,0
NZDJPY,1,2006-09-14 00:00:00+00:00,2006-09-15 00:00:00+00:00,77.63999938964844,76.69000244140625,1002.3104786042691,2006-09-22 00:00:00+00:00,76.69000244140625,stop,-983.1292114648785,30.937315599656433,-1.0324906310734192,5
EURAUD,1,2006-09-22 00:00:00+00:00,2006-09-25 00:00:00+00:00,1.7037999629974365,1.6871355772018433,55955.766410221295,2006-09-26 00:00:00+00:00,1.6871355772018433,stop,-970.4169583479279,37.9484793999017,-1.0406967959310685,1
EURGBP,-1,2006-09-26 00:00:00+00:00,2006-09-27 00:00:00+00:00,0.6693999767303467,0.6714500188827515,202485.8987897134,2006-09-27 00:00:00+00:00,0.6714500188827515,stop,-469.4052710872618,54.300643300780294,-1.1308119439437112,0
NZDUSD,1,2006-09-14 00:00:00+00:00,2006-09-15 00:00:00+00:00,0.6609822511672974,0.6535947918891907,128893.01450190281,2006-09-29 00:00:00+00:00,0.6535947918891907,stop,-986.0798554401317,33.88795957490969,-1.0355894223864581,10
GBPAUD,1,2006-09-21 00:00:00+00:00,2006-09-22 00:00:00+00:00,2.5118000507354736,2.4972000122070312,55260.34428246803,2006-10-03 00:00:00+00:00,2.5410001277923584,target,1557.7624157468551,55.84389549119279,1.9307837418554141,7
EURAUD,1,2006-10-03 00:00:00+00:00,2006-10-04 00:00:00+00:00,1.7135000228881836,1.701300024986267,74718.0081297205,2006-10-04 00:00:00+00:00,1.701300024986267,stop,-962.5889539656611,51.029411547690636,-1.0559803382808455,0
EURJPY,1,2006-10-03 00:00:00+00:00,2006-10-04 00:00:00+00:00,150.32000732421875,149.5800018310547,909.6189775176103,2006-10-04 00:00:00+00:00,149.5800018310547,stop,-727.681987986378,54.55894793706837,-1.0810534548528776,0
GBPAUD,1,2006-10-03 00:00:00+00:00,2006-10-04 00:00:00+00:00,2.5374999046325684,2.51990008354187,51793.68231758576,2006-10-05 00:00:00+00:00,2.51990008354187,stop,-963.9478160860642,52.38827366809377,-1.0574710386214932,1
AUDCHF,-1,2006-09-22 00:00:00+00:00,2006-09-25 00:00:00+00:00,0.9266999959945679,0.9372412478551269,88458.98867447978,2006-10-09 00:00:00+00:00,0.937279999256134,stop_gap,-968.8735457487081,32.97715705786774,-1.0390416058264538,10
NZDCAD,1,2006-09-13 00:00:00+00:00,2006-09-14 00:00:00+00:00,0.7318999767303467,0.7198774986900389,80002.00574608328,2006-10-12 00:00:00+00:00,0.7493000030517578,max_hold,1368.3372118888083,23.699793858725272,1.422650660546923,20
USDCHF,1,2006-10-10 00:00:00+00:00,2006-10-11 00:00:00+00:00,1.271399974822998,1.2599999904632568,78265.55965572831,2006-10-19 00:00:00+00:00,1.2599999904632568,stop,-931.8504429808195,39.624286999123996,-1.044410586635993,6
USDCAD,1,2006-10-10 00:00:00+00:00,2006-10-11 00:00:00+00:00,1.1332000494003296,1.1225999593734741,84171.56398872356,2006-10-20 00:00:00+00:00,1.1225999593734741,stop,-930.200998938549,37.97484295685348,-1.042561902834008,7
NZDJPY,1,2006-10-20 00:00:00+00:00,2006-10-23 00:00:00+00:00,79.26000213623047,78.86000061035156,1631.14327668631,2006-10-24 00:00:00+00:00,78.86000061035156,stop,-704.0430754795847,51.58327587794163,-1.0790596997844706,1
NZDCHF,1,2006-10-10 00:00:00+00:00,2006-10-11 00:00:00+00:00,0.8389999866485596,0.8299000263214111,98047.25777978016,2006-10-25 00:00:00+00:00,0.8299000263214111,stop,-924.9523699377645,32.72621395606903,-1.0366792810731502,10
EURUSD,-1,2006-10-06 00:00:00+00:00,2006-10-09 00:00:00+00:00,1.2590969800949097,1.2696961164474487,82680.82076216799,2006-10-26 00:00:00+00:00,1.2696961164474487,stop,-918.1618307500265,41.816537751965306,-1.0477169650890767,13
AUDCHF,1,2006-10-25 00:00:00+00:00,2006-10-26 00:00:00+00:00,0.9623000025749207,0.9592241644859314,131871.02105092365,2006-10-26 00:00:00+00:00,0.9592241644859314,stop,-456.2925801592032,50.67867077686803,-1.1249431284396558,0
USDJPY,1,2006-10-06 00:00:00+00:00,2006-10-09 00:00:00+00:00,118.95999908447266,117.80343002080917,757.7111653170106,2006-10-27 00:00:00+00:00,117.80343002080917,stop,-912.2249517524242,35.87965875436291,-1.0409423762996606,14
AUDCAD,1,2006-10-30 00:00:00+00:00,2006-10-31 00:00:00+00:00,0.8648999929428101,0.8593000173568726,142809.51134410853,2006-11-01 00:00:00+00:00,0.8760999441146851,target,1549.7332838810835,49.726270052260915,1.9378211597411445,1
AUDNZD,1,2006-10-25 00:00:00+00:00,2006-10-26 00:00:00+00:00,1.1598999500274658,1.1468000411987305,64580.33947966641,2006-11-02 00:00:00+00:00,1.1468000411987305,stop,-875.7900530146344,29.793493702226257,-1.0352170388570388,5
CADJPY,-1,2006-11-01 00:00:00+00:00,2006-11-02 00:00:00+00:00,103.5199966430664,104.31999969482422,1064.051145993118,2006-11-03 00:00:00+00:00,104.31999969482422,stop,-895.4746412781998,44.2304772573076,-1.0519598008735624,1
GBPCHF,1,2006-11-03 00:00:00+00:00,2006-11-06 00:00:00+00:00,2.382499933242798,2.3738999366760254,51955.90075277089,2006-11-09 00:00:00+00:00,2.3738999366760254,stop,-496.2451760137993,49.424607916398955,-1.1106139946217182,3
GBPUSD,1,2006-10-27 00:00:00+00:00,2006-10-30 00:00:00+00:00,1.8968133926391602,1.8875046968460083,65251.451141474805,2006-11-10 00:00:00+00:00,1.9154307842254639,target,1165.0609245461899,49.75089292921078,1.9180928400373942,9
AUDCHF,-1,2006-11-10 00:00:00+00:00,2006-11-13 00:00:00+00:00,0.9488999843597412,0.9550999999046326,133517.39503474865,2006-11-15 00:00:00+00:00,0.9550999999046326,stop,-878.6533483378781,50.84342360903632,-1.0614192003383998,2
GBPCAD,1,2006-10-30 00:00:00+00:00,2006-10-31 00:00:00+00:00,2.137500047683716,2.120699882507324,49013.78212925992,2006-11-17 00:00:00+00:00,2.171100378036499,target,1604.6431108728177,42.23616050965743,1.9487076420918188,13
EURCAD,1,2006-11-01 00:00:00+00:00,2006-11-02 00:00:00+00:00,1.444100022315979,1.4306000471115112,63055.2390747485,2006-11-17 00:00:00+00:00,1.4710999727249146,target,1665.7246015141825,36.76372652760183,1.9568117726012397,11
USDCAD,1,2006-11-17 00:00:00+00:00,2006-11-20 00:00:00+00:00,1.1460000276565552,1.1404000520706177,111338.60674089465,2006-11-22 00:00:00+00:00,1.1404000520706177,stop,-674.4063993871252,50.91291986581878,-1.0816575017029972,2
EURJPY,1,2006-11-09 00:00:00+00:00,2006-11-10 00:00:00+00:00,151.17999267578125,150.25999450683594,827.1526411234747,2006-11-28 00:00:00+00:00,153.01998901367188,target,1471.6338668869232,50.32396365682877,1.9338694375798187,12
EURCAD,1,2006-11-23 00:00:00+00:00,2006-11-24 00:00:00+00:00,1.478700041770935,1.4710999727249146,86869.92346698689,2006-11-29 00:00:00+00:00,1.493900179862976,target,1268.788921992978,51.64591075025723,1.9217743890579415,3
GBPCHF,-1,2006-11-15 00:00:00+00:00,2006-11-16 00:00:00+00:00,2.3531999588012695,2.364300012588501,53396.9957941783,2006-12-01 00:00:00+00:00,2.364300012588501,stop,-643.0895906182176,50.38006522626717,-1.084999587602294,11
CADJPY,-1,2006-11-17 00:00:00+00:00,2006-11-20 00:00:00+00:00,102.81999969482422,103.68000030517578,989.1004329415379,2006-12-01 00:00:00+00:00,101.0999984741211,target,1660.9144803625663,40.33947169486828,1.952576778268661,9
AUDCAD,1,2006-11-29 00:00:00+00:00,2006-11-30 00:00:00+00:00,0.890999972820282,0.8848999738693237,144042.65982050417,2006-12-01 00:00:00+00:00,0.9031999707221985,target,1705.6318811730919,51.68826642353146,1.9411737622262826,1
CHFJPY,1,2006-12-01 00:00:00+00:00,2006-12-04 00:00:00+00:00,96.68000030517578,96.41999816894531,1411.3891506187445,2006-12-04 00:00:00+00:00,96.41999816894531,stop,-421.4720427795545,54.507848566174125,-1.1485372399424865,0
AUDNZD,-1,2006-12-04 00:00:00+00:00,2006-12-05 00:00:00+00:00,1.142899990081787,1.1487499475479126,118478.32938806857,2006-12-06 00:00:00+00:00,1.1487499475479126,stop,-747.3953588083343,54.30217123052768,-1.0783475760601553,1
USDJPY,-1,2006-12-01 00:00:00+00:00,2006-12-04 00:00:00+00:00,115.2300033569336,116.36499786376953,801.4905369773518,2006-12-08 00:00:00+00:00,116.36499786376953,stop,-946.8115971282105,37.12424037793036,-1.040809889356439,4
EURAUD,1,2006-12-01 00:00:00+00:00,2006-12-04 00:00:00+00:00,1.690999984741211,1.6761224269866943,61144.93868955829,2006-12-08 00:00:00+00:00,1.6761224269866943,stop,-950.8638554353481,41.17649868506808,-1.04526445089021,4
USDCAD,1,2006-12-07 00:00:00+00:00,2006-12-08 00:00:00+00:00,1.1497999429702759,1.145799994468689,115745.24398423299,2006-12-08 00:00:00+00:00,1.145799994468689,stop,-516.1159702103571,53.1409549698126,-1.114781474637897,0
GBPJPY,1,2006-11-28 00:00:00+00:00,2006-11-29 00:00:00+00:00,226.64999389648438,224.9917362332344,528.3829148368794,2006-12-12 00:00:00+00:00,229.9665092229843,target,1704.136363541045,48.25367177617758,1.9449281600514894,9
CADJPY,-1,2006-12-01 00:00:00+00:00,2006-12-04 00:00:00+00:00,100.7699966430664,102.0199966430664,727.749885400224,2006-12-12 00:00:00+00:00,102.0199966430664,stop,-939.2034356251392,29.51607887485907,-1.0324463989257813,6
NZDJPY,1,2006-12-11 00:00:00+00:00,2006-12-12 00:00:00+00:00,80.35299682617188,79.66000366210938,1256.087732007553,2006-12-19 00:00:00+00:00,81.73898315429688,target,1700.2000739859513,40.72034950205614,1.9532197463449004,5
GBPJPY,1,2006-12-12 00:00:00+00:00,2006-12-13 00:00:00+00:00,230.02999877929688,228.7899932861328,572.7716716694866,2006-12-19 00:00:00+00:00,232.510009765625,target,1367.4940756161939,52.985962781658706,1.9253971033040056,4
USDCAD,1,2006-12-12 00:00:00+00:00,2006-12-13 00:00:00+00:00,1.1519999504089355,1.145300030708313,114370.37552664627,2006-12-20 00:00:00+00:00,1.145300030708313,stop,-818.8209444661248,52.548612307547415,-1.068576940732701,5
AUDJPY,1,2006-12-19 00:00:00+00:00,2006-12-20 00:00:00+00:00,92.62000274658203,91.97000122070312,1397.7390427433436,2006-12-25 00:00:00+00:00,93.92000579833984,target,1764.9181705320073,52.14685059538285,1.942603209033182,3
NZDCAD,1,2006-12-12 00:00:00+00:00,2006-12-13 00:00:00+00:00,0.7970899939537048,0.7888000011444092,105954.78988209333,2006-12-26 00:00:00+00:00,0.8136699795722961,target,1722.5953455568845,34.13354690908673,1.961139653300547,9
USDJPY,1,2006-12-20 00:00:00+00:00,2006-12-21 00:00:00+00:00,118.32499694824219,117.93086725473404,1137.872671715247,2006-12-26 00:00:00+00:00,119.11325633525848,target,842.9039147826363,54.03489992621968,1.8795126288658623,3
USDJPY,1,2006-12-26 00:00:00+00:00,2006-12-27 00:00:00+00:00,119.11000061035156,118.75492084026337,1188.682740066682,2006-12-27 00:00:00+00:00,118.75492084026337,stop,-478.6263793698167,56.549185319132604,-1.1339783009274413,0
USDCAD,1,2006-12-26 00:00:00+00:00,2006-12-27 00:00:00+00:00,1.1615999937057495,1.1569000482559204,121887.05463330279,2007-01-03 00:00:00+00:00,1.1709998846054077,target,1088.8622698726558,56.86274576106949,1.9007392786486077,5
NZDCHF,1,2007-01-03 00:00:00+00:00,2007-01-04 00:00:00+00:00,0.8644999861717224,0.8565000295639038,120173.50677408028,2007-01-04 00:00:00+00:00,0.8565000295639038,stop,-1002.7465610118768,41.36372140983951,-1.0430252337632342,0
GBPJPY,1,2006-12-19 00:00:00+00:00,2006-12-20 00:00:00+00:00,232.59500122070312,230.4059600830078,415.0367459609394,2007-01-05 00:00:00+00:00,230.4059600830078,stop,-946.964993034951,38.43248247125581,-1.0423017140546909,12
NZDUSD,1,2006-12-19 00:00:00+00:00,2006-12-20 00:00:00+00:00,0.6973987221717834,0.6901787519454956,125836.0466994361,2007-01-05 00:00:00+00:00,0.6901787519454956,stop,-943.4539633301167,34.92145276642151,-1.0384372076512207,12
CHFJPY,-1,2007-01-05 00:00:00+00:00,2007-01-08 00:00:00+00:00,95.95999908447266,96.41200256347656,1431.4887501198411,2007-01-11 00:00:00+00:00,96.41200256347656,stop,-702.1135664485366,55.07567123941497,-1.0851196995527048,3
GBPCHF,1,2007-01-11 00:00:00+00:00,2007-01-12 00:00:00+00:00,2.428800106048584,2.409785042051226,48783.036886403635,2007-01-18 00:00:00+00:00,2.4668302340433,target,1807.4603936683104,47.764743092579835,1.948507874169952,4
EURCHF,1,2006-12-27 00:00:00+00:00,2006-12-28 00:00:00+00:00,1.6083999872207642,1.6014000177383423,87394.61018753242,2007-01-24 00:00:00+00:00,1.622399926185608,target,1167.048308676553,56.47089980521268,1.9076910286103543,19
USDJPY,1,2007-01-18 00:00:00+00:00,2007-01-19 00:00:00+00:00,121.2699966430664,120.47000122070312,1161.549949779367,2007-01-25 00:00:00+00:00,120.47000122070312,stop,-985.3932591454579,56.158616475665156,-1.0604353452797621,4
AUDNZD,-1,2007-01-25 00:00:00+00:00,2007-01-26 00:00:00+00:00,1.1100000143051147,1.1159499883651733,129288.89183261732,2007-01-30 00:00:00+00:00,1.1159499883651733,stop,-826.823674481805,57.55812182401063,-1.0748221750280493,2
AUDCAD,-1,2007-01-30 00:00:00+00:00,2007-01-31 00:00:00+00:00,0.909600019454956,0.9151700139045715,155354.6982352657,2007-01-31 00:00:00+00:00,0.9151700139045715,stop,-922.0221264683826,56.69731957626503,-1.065521430940941,0
USDCAD,1,2007-01-03 00:00:00+00:00,2007-01-04 00:00:00+00:00,1.1725000143051147,1.163699984550476,109247.68056554276,2007-02-01 00:00:00+00:00,1.1753000020980835,max_hold,254.59383074891053,51.29834124475853,0.2648204443240314,20
EURUSD,-1,2007-01-05 00:00:00+00:00,2007-01-08 00:00:00+00:00,1.3007960319519043,1.3103927373886108,95425.56735184102,2007-02-05 00:00:00+00:00,1.29629385471344,max_hold,380.0570621192521,49.56575517975379,0.4150131821174366,20
EURNZD,1,2007-02-01 00:00:00+00:00,2007-02-02 00:00:00+00:00,1.9057999849319458,1.8876999616622925,50977.00095396266,2007-02-05 00:00:00+00:00,1.8876999616622925,stop,-961.361153563142,38.67625007927836,-1.0419170725924365,1
NZDJPY,-1,2007-02-06 00:00:00+00:00,2007-02-07 00:00:00+00:00,81.66999816894531,82.44000244140625,1193.6220717424756,2007-02-07 00:00:00+00:00,82.44000244140625,stop,-958.2711587298191,39.17706378443735,-1.0426257376691834,0
AUDNZD,1,2007-02-06 00:00:00+00:00,2007-02-07 00:00:00+00:00,1.1411999464035034,1.1318000555038452,97777.10238943323,2007-02-07 00:00:00+00:00,1.1318000555038452,stop,-963.5435657289172,44.449470783535354,-1.0483622634809517,0
GBPNZD,1,2007-02-01 00:00:00+00:00,2007-02-02 00:00:00+00:00,2.879699945449829,2.84689998626709,28130.67230795275,2007-02-08 00:00:00+00:00,2.84689998626709,stop,-954.9035247074385,32.21862122357466,-1.0349183357199452,4
GBPAUD,1,2007-01-24 00:00:00+00:00,2007-01-25 00:00:00+00:00,2.5202999114990234,2.5011000633239746,49186.56604891656,2007-02-09 00:00:00+00:00,2.5011000633239746,stop,-993.7716846951412,49.39708430393188,-1.0523066633552713,11
EURJPY,1,2007-02-09 00:00:00+00:00,2007-02-12 00:00:00+00:00,158.63999938964844,157.55999755859375,805.3941272915679,2007-02-12 00:00:00+00:00,157.55999755859375,stop,-920.7602563139305,50.93312411834519,-1.0585554557142656,0
AUDCAD,-1,2007-02-12 00:00:00+00:00,2007-02-13 00:00:00+00:00,0.9070000052452087,0.9126600027084351,141816.29696294208,2007-02-14 00:00:00+00:00,0.9126600027084351,stop,-854.2913698663111,51.6114888119087,-1.0642989690287386,1
CADJPY,1,2007-02-09 00:00:00+00:00,2007-02-12 00:00:00+00:00,103.80000305175781,102.57514953613281,710.1478838893996,2007-02-15 00:00:00+00:00,102.57514953613281,stop,-899.138507775114,29.311375579528494,-1.0336979320310944,3
EURCHF,1,2007-02-14 00:00:00+00:00,2007-02-15 00:00:00+00:00,1.627500057220459,1.6238000392913818,77615.65466254597,2007-02-15 00:00:00+00:00,1.6238000392913818,stop,-337.64967092751357,50.470357099033095,-1.1757450995553838,0
GBPCAD,-1,2007-02-13 00:00:00+00:00,2007-02-14 00:00:00+00:00,2.2718000411987305,2.29259991645813,41479.09538319235,2007-02-28 00:00:00+00:00,2.29259991645813,stop,-900.6254460852685,37.865436242137605,-1.043888724338327,10
EURGBP,1,2007-02-09 00:00:00+00:00,2007-02-12 00:00:00+00:00,0.6662999987602234,0.6604922108817846,149769.09460222922,2007-03-02 00:00:00+00:00,0.677915574517101,target,1699.3898745191784,40.26438987199228,1.9537098943207734,14
GBPCHF,-1,2007-02-15 00:00:00+00:00,2007-02-16 00:00:00+00:00,2.409600019454956,2.433767038397491,35153.03454051134,2007-03-02 00:00:00+00:00,2.361265981569886,target,1665.5460197918085,33.54208346443551,1.9605175465590592,10
GBPJPY,-1,2007-03-01 00:00:00+00:00,2007-03-02 00:00:00+00:00,230.41000366210938,233.27999877929688,294.61714144288715,2007-03-05 00:00:00+00:00,224.52999877929688,target,1705.5436056349758,26.806624609461444,2.017082484794351,1
NZDUSD,-1,2007-03-05 00:00:00+00:00,2007-03-06 00:00:00+00:00,0.673582136631012,0.6841887764167041,84926.53819276775,2007-03-06 00:00:00+00:00,0.6841887764167041,stop,-923.8473555173049,23.062156660795203,-1.0256022819758486,0
EURNZD,1,2007-03-02 00:00:00+00:00,2007-03-05 00:00:00+00:00,1.9251999855041504,1.897782257758081,32442.95975577013,2007-03-09 00:00:00+00:00,1.897782257758081,stop,-914.3180096734288,24.80577181303608,-1.027886937084422,4
NZDCHF,-1,2007-03-02 00:00:00+00:00,2007-03-05 00:00:00+00:00,0.8321999907493591,0.8464604550972581,62376.10614632246,2007-03-09 00:00:00+00:00,0.8464604550972581,stop,-910.453898291145,20.941660430752314,-1.0235428581411368,4
AUDCHF,-1,2007-03-02 00:00:00+00:00,2007-03-05 00:00:00+00:00,0.9480000138282776,0.9597535133361816,75680.62918301132,2007-03-09 00:00:00+00:00,0.9597535133361816,stop,-918.3882353127757,28.87599745238307,-1.0324627320719506,4
NZDJPY,-1,2007-03-02 00:00:00+00:00,2007-03-05 00:00:00+00:00,79.44999694824219,81.16700392961502,518.0597676715228,2007-03-09 00:00:00+00:00,81.16700392961502,stop,-906.1540790921684,16.641841231775892,-1.01870895140443,4
GBPAUD,-1,2007-02-15 00:00:00+00:00,2007-02-16 00:00:00+00:00,2.490000009536743,2.507499933242798,48545.58602070897,2007-03-12 00:00:00+00:00,2.455000162124634,target,1651.0765170150823,48.01158624116161,1.9434854659400544,16
EURUSD,1,2007-02-14 00:00:00+00:00,2007-02-15 00:00:00+00:00,1.313905119895935,1.3027958869934082,75804.50334289952,2007-03-15 00:00:00+00:00,1.3233989477157593,max_hold,679.6909977028749,39.98390500190264,0.8071094633601958,20
EURGBP,1,2007-03-13 00:00:00+00:00,2007-03-14 00:00:00+00:00,0.6841999888420105,0.6775268602650613,127720.45745404404,2007-03-15 00:00:00+00:00,0.6775268602650613,stop,-887.0791097166925,34.78407521908184,-1.04081224671171,1
AUDCAD,1,2007-03-15 00:00:00+00:00,2007-03-16 00:00:00+00:00,0.927299976348877,0.9215999841690063,138244.8837211164,2007-03-19 00:00:00+00:00,0.9386999607086182,target,1524.3965233705446,51.59298886442479,1.934526228171076,1
EURCAD,1,2007-03-14 00:00:00+00:00,2007-03-15 00:00:00+00:00,1.555899977684021,1.5450999736785889,79147.96705181796,2007-03-20 00:00:00+00:00,1.5450999736785889,stop,-903.8859295770716,49.08756839562739,-1.0574259037274965,3
NZDCAD,1,2007-03-19 00:00:00+00:00,2007-03-20 00:00:00+00:00,0.82778000831604,0.8183000087738037,93797.23152486578,2007-03-20 00:00:00+00:00,0.8183000087738037,stop,-920.0772616130487,30.879549694286222,-1.0347274281977767,0
GBPAUD,-1,2007-03-12 00:00:00+00:00,2007-03-13 00:00:00+00:00,2.458899974822998,2.4790000915527344,42564.24482650192,2007-03-30 00:00:00+00:00,2.4186997413635254,target,1669.5703093544405,41.52226969708789,1.9514669513439138,13
GBPUSD,1,2007-03-21 00:00:00+00:00,2007-03-22 00:00:00+00:00,1.9683877229690552,1.9567173719406128,66126.14138086759,2007-03-30 00:00:00+00:00,1.9567173719406128,stop,-823.6256929592865,51.91041088815208,-1.0672662730597153,6
USDCAD,-1,2007-03-30 00:00:00+00:00,2007-04-02 00:00:00+00:00,1.1523000001907349,1.159000039100647,112800.04530477095,2007-04-03 00:00:00+00:00,1.159000039100647,stop,-807.9076424108114,52.14294982899735,-1.0689936303465946,1
EURAUD,-1,2007-03-20 00:00:00+00:00,2007-03-21 00:00:00+00:00,1.656000018119812,1.6690000295639038,65965.68842818106,2007-04-05 00:00:00+00:00,1.6299999952316284,target,1671.7567583563473,43.35265061114799,1.9494461981440048,11
EURUSD,1,2007-03-15 00:00:00+00:00,2007-03-16 00:00:00+00:00,1.3283917903900146,1.3198009729385376,96503.51525230873,2007-04-12 00:00:00+00:00,1.3455734252929688,target,1606.4787573216702,51.60940859516116,1.937748293901339,19
CADJPY,1,2007-04-05 00:00:00+00:00,2007-04-06 00:00:00+00:00,103.0999984741211,102.19999694824219,966.5567322729095,2007-04-12 00:00:00+00:00,104.9000015258789,target,1699.596307725743,40.20876006255303,1.9537778561437715,4
USDJPY,1,2007-04-03 00:00:00+00:00,2007-04-04 00:00:00+00:00,118.86100006103516,117.72000122070312,749.9511142603707,2007-04-19 00:00:00+00:00,117.72000122070312,stop,-891.1781887816124,35.484837104814765,-1.04146910459837,11
AUDCAD,1,2007-04-02 00:00:00+00:00,2007-04-03 00:00:00+00:00,0.944350004196167,0.9323112964630127,72408.47616218777,2007-04-24 00:00:00+00:00,0.9323112964630127,stop,-898.8817189303046,27.1772370106561,-1.0311771220343011,15
NZDCAD,1,2007-04-02 00:00:00+00:00,2007-04-03 00:00:00+00:00,0.8360999822616577,0.8226000070571899,64570.82096203856,2007-04-30 00:00:00+00:00,0.8226000070571899,stop,-893.125205927657,21.42072400800852,-1.0245733783091677,19
AUDCHF,1,2007-04-04 00:00:00+00:00,2007-04-05 00:00:00+00:00,0.9986000061035156,0.9861000180244446,69810.9552419197,2007-05-03 00:00:00+00:00,1.001099944114685,max_hold,146.60286786093272,27.920192744390373,0.16800000190735048,20
EURCAD,-1,2007-04-20 00:00:00+00:00,2007-04-23 00:00:00+00:00,1.5266000032424927,1.5384999513626099,77163.93684046743,2007-05-03 00:00:00+00:00,1.5028001070022583,target,1789.7416025368375,46.75208775428621,1.9490854904632153,8
GBPNZD,-1,2007-04-12 00:00:00+00:00,2007-04-13 00:00:00+00:00,2.6919000148773193,2.7219998836517334,30033.298352579888,2007-05-10 00:00:00+00:00,2.7219998836517334,stop,-936.5177934561857,32.51945418070501,-1.0359729136303149,19
EURNZD,-1,2007-04-12 00:00:00+00:00,2007-04-13 00:00:00+00:00,1.8335000276565552,1.854099988937378,43883.49701011551,2007-05-10 00:00:00+00:00,1.854099988937378,stop,-936.363296136021,32.36495686054035,-1.0358020092011226,19
NZDUSD,1,2007-04-12 00:00:00+00:00,2007-04-13 00:00:00+00:00,0.7356186509132385,0.726005494594574,94037.61983151265,2007-05-11 00:00:00+00:00,0.7274843454360962,max_hold,-792.4480707219111,27.51734466900916,-0.8766034585384607,20
NZDCAD,-1,2007-05-10 00:00:00+00:00,2007-05-11 00:00:00+00:00,0.8073999881744385,0.8142899870872498,125465.8174056279,2007-05-11 00:00:00+00:00,0.8142899870872498,stop,-905.1526771846987,40.69333166494404,-1.0470737367533198,0
GBPAUD,-1,2007-05-14 00:00:00+00:00,2007-05-15 00:00:00+00:00,2.377000093460083,2.3854005374014378,54238.764031880586,2007-05-16 00:00:00+00:00,2.3854005374014378,stop,-507.29104150669673,51.66134480851545,-1.1133844988219392,1
EURCAD,-1,2007-05-03 00:00:00+00:00,2007-05-04 00:00:00+00:00,1.5008000135421753,1.5089999437332153,88555.31122688625,2007-05-17 00:00:00+00:00,1.4844001531600952,target,1399.4236742452083,52.87106596737445,1.9271896199808098,9
USDCAD,-1,2007-04-30 00:00:00+00:00,2007-05-01 00:00:00+00:00,1.1095999479293823,1.1191999912261963,91738.70525789182,2007-05-18 00:00:00+00:00,1.0903998613357544,target,1721.0260581249142,40.36502681391852,1.9541668773515788,13
CADJPY,1,2007-05-15 00:00:00+00:00,2007-05-16 00:00:00+00:00,109.41999816894531,108.47000122070312,913.9457902485063,2007-05-18 00:00:00+00:00,111.31999206542969,target,1696.14254622691,40.348876962840684,1.9535282738238648,2
EURCAD,-1,2007-05-17 00:00:00+00:00,2007-05-18 00:00:00+00:00,1.483299970626831,1.4954999685287476,72579.85927069608,2007-05-21 00:00:00+00:00,1.458899974822998,target,1728.2393700503749,42.708891597399656,1.95176720571423,1
NZDCAD,-1,2007-05-17 00:00:00+00:00,2007-05-18 00:00:00+00:00,0.8015999794006348,0.8101599812507629,103443.21722437811,2007-05-25 00:00:00+00:00,0.7844799757003784,target,1738.1344189816252,32.8138426661492,1.9629420651333793,5
AUDCAD,-1,2007-05-18 00:00:00+00:00,2007-05-21 00:00:00+00:00,0.897379994392395,0.9053800106048584,114367.17973044986,2007-05-29 00:00:00+00:00,0.8813799619674683,target,1789.1922321093568,40.68635192526713,1.9555310912098227,6
USDJPY,1,2007-05-16 00:00:00+00:00,2007-05-17 00:00:00+00:00,120.73999786376953,120.16000366210938,1071.7992383650019,2007-05-31 00:00:00+00:00,121.89998626708984,target,1191.2624171532752,52.01227003767025,1.9163302034964023,10
USDCAD,-1,2007-05-18 00:00:00+00:00,2007-05-21 00:00:00+00:00,1.0889500379562378,1.100000023841858,82800.04169127192,2007-05-31 00:00:00+00:00,1.0668500661849976,target,1794.1785163344355,35.70006770018853,1.9609809437504044,8
GBPJPY,1,2007-05-22 00:00:00+00:00,2007-05-23 00:00:00+00:00,240.16000366210938,239.11300659179688,589.490240145791,2007-06-04 00:00:00+00:00,242.25399780273438,target,1177.51343970627,56.87566911464054,1.9078480704208933,8
EURNZD,-1,2007-05-31 00:00:00+00:00,2007-06-01 00:00:00+00:00,1.823199987411499,1.8418917655944824,53119.25523842043,2007-06-06 00:00:00+00:00,1.7858164310455322,target,1947.4450194653334,38.3416528583338,1.9613839156111685,3
GBPNZD,-1,2007-06-05 00:00:00+00:00,2007-06-06 00:00:00+00:00,2.6554999351501465,2.666800022125244,58614.13012063078,2007-06-06 00:00:00+00:00,2.632899761199951,target,1262.6945470792846,61.994989586353796,1.9064007257996456,0
NZDCHF,1,2007-05-31 00:00:00+00:00,2007-06-01 00:00:00+00:00,0.902999997138977,0.8930919282138348,100210.58025164827,2007-06-07 00:00:00+00:00,0.9228161349892616,target,1949.1934535169892,36.59321880667818,1.963144864131998,4
NZDJPY,1,2007-05-31 00:00:00+00:00,2007-06-01 00:00:00+00:00,89.73999786376953,88.60781860351562,876.9753792691487,2007-06-07 00:00:00+00:00,92.00435638427734,target,1953.9096075243258,31.87706479934149,1.9678947741531163,4
EURAUD,-1,2007-06-06 00:00:00+00:00,2007-06-07 00:00:00+00:00,1.6043000221252441,1.6150000095367432,99868.07625265473,2007-06-08 00:00:00+00:00,1.582900047302246,target,2073.5144095148503,63.65990791321022,1.9404260968381648,1
EURNZD,-1,2007-06-06 00:00:00+00:00,2007-06-07 00:00:00+00:00,1.7898000478744507,1.8041000366210938,74726.43354106708,2007-06-08 00:00:00+00:00,1.7612000703811646,target,2084.1036025598305,53.07071486822991,1.9503356235984561,1
AUDCHF,1,2007-06-07 00:00:00+00:00,2007-06-08 00:00:00+00:00,1.029099941253662,1.0224000215530396,158694.89532950078,2007-06-08 00:00:00+00:00,1.0424997806549072,target,2060.7356510061336,65.75046020658067,1.938160461185346,0
EURNZD,-1,2007-06-08 00:00:00+00:00,2007-06-11 00:00:00+00:00,1.754699945449829,1.7778003215789795,49886.83511279057,2007-06-11 00:00:00+00:00,1.7778003215789795,stop,-1187.6497066697998,35.24505167143097,-1.0305839199091753,0
NZDJPY,1,2007-06-08 00:00:00+00:00,2007-06-11 00:00:00+00:00,92.56999969482422,91.13224792480469,801.5324195933447,2007-06-11 00:00:00+00:00,91.13224792480469,stop,-1181.8533164022283,29.448661403859383,-1.0255540979256987,0
GBPCAD,-1,2007-06-08 00:00:00+00:00,2007-06-11 00:00:00+00:00,2.087899923324585,2.1040000915527344,71577.1809752592,2007-06-12 00:00:00+00:00,2.1040000915527344,stop,-1212.413532197382,60.00887719901312,-1.052072748004561,1
USDCHF,1,2007-06-11 00:00:00+00:00,2007-06-12 00:00:00+00:00,1.2380000352859497,1.234511120710522,137041.77210220648,2007-06-13 00:00:00+00:00,1.2449778644368052,target,888.1997339659539,68.05433829372421,1.857664735203881,1
CADJPY,1,2007-05-25 00:00:00+00:00,2007-05-28 00:00:00+00:00,112.81999969482422,111.41208699345589,692.1222422031382,2007-06-15 00:00:00+00:00,115.63582509756088,target,1917.2715198547198,31.62387153993457,1.9675468763694863,14
GBPUSD,-1,2007-06-08 00:00:00+00:00,2007-06-11 00:00:00+00:00,1.9676132202148438,1.9792965650558472,87852.98679324824,2007-06-18 00:00:00+00:00,1.9792965650558472,stop,-1095.7663026655441,69.34956264790566,-1.0675647229279541,5
NZDJPY,1,2007-06-18 00:00:00+00:00,2007-06-19 00:00:00+00:00,93.29000091552734,92.79586029052734,1836.480860696379,2007-06-20 00:00:00+00:00,94.27828216552734,target,1746.0664882196859,68.89311239040748,1.924083034832016,1
AUDJPY,1,2007-06-13 00:00:00+00:00,2007-06-14 00:00:00+00:00,102.94000244140625,102.0199966430664,1218.4347741381266,2007-06-21 00:00:00+00:00,104.78001403808594,target,2191.315455939317,50.618658272631606,1.9548437592775338,5
EURCAD,-1,2007-05-29 00:00:00+00:00,2007-05-30 00:00:00+00:00,1.4430999755859375,1.458691954612732,62677.22013463828,2007-06-27 00:00:00+00:00,1.4385000467300415,max_hold,252.1886177169327,36.122135787735445,0.2580563278412783,20
GBPJPY,1,2007-06-20 00:00:00+00:00,2007-06-21 00:00:00+00:00,245.92999267578125,244.72900390625,704.8147051403537,2007-06-27 00:00:00+00:00,244.72900390625,stop,-915.6392806741294,69.16473520008523,-1.081709173146313,4
NZDJPY,1,2007-06-21 00:00:00+00:00,2007-06-22 00:00:00+00:00,94.44999694824219,93.5999984741211,1375.210796701311,2007-06-27 00:00:00+00:00,93.5999984741211,stop,-1220.648755595861,51.72167680489322,-1.0442471371767599,3
NZDUSD,1,2007-06-28 00:00:00+00:00,2007-06-29 00:00:00+00:00,0.7700007557868958,0.7630093097686768,162137.76084138697,2007-07-03 00:00:00+00:00,0.7839836478233337,target,2216.762894558157,50.39191031676015,1.9555461230892521,2
AUDNZD,-1,2007-06-27 00:00:00+00:00,2007-06-28 00:00:00+00:00,1.098099946975708,1.1059499979019165,144735.8875328788,2007-07-06 00:00:00+00:00,1.082399845123291,target,2209.248861431227,63.11931453494128,1.9444462255698471,6
EURJPY,1,2007-06-15 00:00:00+00:00,2007-06-18 00:00:00+00:00,165.27999877929688,163.76053005456924,750.9367789691128,2007-07-09 00:00:00+00:00,168.31893622875214,target,2231.9475578380507,50.10234194449414,1.9560900557439447,15
USDJPY,1,2007-06-13 00:00:00+00:00,2007-06-14 00:00:00+00:00,122.58000183105469,121.6272905766964,1176.6073424429244,2007-07-10 00:00:00+00:00,121.6272905766964,stop,-1178.4342757709876,57.467218665013235,-1.0512657515675596,18
EURNZD,-1,2007-06-28 00:00:00+00:00,2007-06-29 00:00:00+00:00,1.746399998664856,1.763700008392334,65524.6684998662,2007-07-10 00:00:00+00:00,1.763700008392334,stop,-1179.5770303102186,45.99962787276008,-1.0405791680160967,7
CHFJPY,1,2007-07-06 00:00:00+00:00,2007-07-09 00:00:00+00:00,101.30000305175781,100.86000061035156,1786.059618852491,2007-07-10 00:00:00+00:00,100.86000061035156,stop,-858.0845566098054,72.21396381759305,-1.0918904008877792,1
CADJPY,1,2007-07-06 00:00:00+00:00,2007-07-09 00:00:00+00:00,117.62000274658203,116.25,880.425703728302,2007-07-10 00:00:00+00:00,116.25,stop,-1247.3666646190113,41.18103234981989,-1.0341415377932717,1
USDJPY,-1,2007-07-10 00:00:00+00:00,2007-07-11 00:00:00+00:00,121.30999755859375,122.43550109863281,1020.3896788329448,2007-07-11 00:00:00+00:00,122.43550109863281,stop,-1198.195273964166,49.74307821836468,-1.0433131465137402,0
CADCHF,-1,2007-07-10 00:00:00+00:00,2007-07-11 00:00:00+00:00,1.1376999616622925,1.153896888718009,70905.56077675664,2007-07-16 00:00:00+00:00,1.153896888718009,stop,-1180.949587695894,32.49739195009292,-1.0282966866801009,3
GBPUSD,1,2007-07-10 00:00:00+00:00,2007-07-11 00:00:00+00:00,2.027287244796753,2.0149801382794976,84974.55395332545,2007-07-18 00:00:00+00:00,2.0519014578312635,target,2022.2563254202164,69.325448099452,1.9337100284797446,5
AUDUSD,1,2007-07-12 00:00:00+00:00,2007-07-13 00:00:00+00:00,0.8673779368400574,0.8605852127075195,164796.8448144952,2007-07-19 00:00:00+00:00,0.8809633851051331,target,2181.2147827719564,57.62422670307419,1.948523117152058,4
EURAUD,-1,2007-07-19 00:00:00+00:00,2007-07-20 00:00:00+00:00,1.5676000118255615,1.5748000144958496,111511.48353639714,2007-07-20 00:00:00+00:00,1.5748000144958496,stop,-872.9657169898281,70.08273775998279,-1.0872888572469288,0
AUDCHF,1,2007-07-18 00:00:00+00:00,2007-07-19 00:00:00+00:00,1.0530999898910522,1.0465999841690063,164522.58725659116,2007-07-23 00:00:00+00:00,1.066100001335144,target,2069.0642640531405,69.73125309413582,1.9347939038256978,2
EURCAD,1,2007-07-10 00:00:00+00:00,2007-07-11 00:00:00+00:00,1.4520000219345093,1.4341559964232147,64360.60041602574,2007-07-24 00:00:00+00:00,1.4341559964232147,stop,-1185.6031425929673,37.15094684716587,-1.0323487098416317,9
USDCHF,-1,2007-07-10 00:00:00+00:00,2007-07-11 00:00:00+00:00,1.2013599872589111,1.2127583026885986,100756.30937134784,2007-07-25 00:00:00+00:00,1.2127583026885986,stop,-1197.0997256019975,48.64752985619611,-1.0423592118473897,10
NZDCAD,1,2007-07-20 00:00:00+00:00,2007-07-23 00:00:00+00:00,0.8342000246047974,0.8270999789237976,163485.4258771589,2007-07-26 00:00:00+00:00,0.8270999789237976,stop,-1215.0736596228473,54.31966771731959,-1.046796882109487,3
EURAUD,-1,2007-07-23 00:00:00+00:00,2007-07-24 00:00:00+00:00,1.5625,1.5729999542236328,112724.52168251283,2007-07-26 00:00:00+00:00,1.5729999542236328,stop,-1254.291864062369,70.68954651507998,-1.0597240690281562,2
AUDCHF,1,2007-07-23 00:00:00+00:00,2007-07-24 00:00:00+00:00,1.0649000406265259,1.0540000200271606,108587.16336886708,2007-07-26 00:00:00+00:00,1.0540000200271606,stop,-1229.61938695699,46.01706940970085,-1.0388788267203288,2
USDCAD,-1,2007-07-24 00:00:00+00:00,2007-07-25 00:00:00+00:00,1.0365999937057495,1.047260046005249,108453.14682812002,2007-07-26 00:00:00+00:00,1.047260046005249,stop,-1201.3164530042648,45.20023577120579,-1.0390966194379523,1
CHFJPY,-1,2007-07-25 00:00:00+00:00,2007-07-26 00:00:00+00:00,99.24500274658203,99.9800033569336,1594.7978857585758,2007-08-08 00:00:00+00:00,99.9800033569336,stop,-1235.72214312476,63.544723704825216,-1.0542108409973219,9
EURJPY,-1,2007-07-26 00:00:00+00:00,2007-07-27 00:00:00+00:00,162.85000610351562,164.67305886745453,613.2730186662623,2007-08-08 00:00:00+00:00,164.67305886745453,stop,-1158.201283476199,40.17221174751464,-1.035931276532372,8
AUDJPY,-1,2007-07-27 00:00:00+00:00,2007-07-30 00:00:00+00:00,100.87999725341797,103.01838684082031,546.227045539599,2007-08-08 00:00:00+00:00,103.01838684082031,stop,-1190.321188926243,22.274962386818828,-1.019070274686656,7
GBPJPY,-1,2007-07-26 00:00:00+00:00,2007-07-27 00:00:00+00:00,242.58999633789062,245.3992919921875,397.9748696149642,2007-08-10 00:00:00+00:00,236.97140502929688,target,2197.8874662210737,38.17067723629519,1.9658589582314923,10
NZDJPY,-1,2007-07-26 00:00:00+00:00,2007-07-27 00:00:00+00:00,92.56500244140625,94.52304077148438,570.994476744526,2007-08-10 00:00:00+00:00,88.64892578125,target,2215.3637130325055,20.69443042486314,1.9814902573214257,10
NZDCHF,-1,2007-07-27 00:00:00+00:00,2007-07-30 00:00:00+00:00,0.9228000044822693,0.941826581954956,61390.243632423655,2007-08-10 00:00:00+00:00,0.8847468495368958,target,2313.8993047297968,22.19314834905149,1.980999768806408,9
NZDCHF,-1,2007-08-10 00:00:00+00:00,2007-08-13 00:00:00+00:00,0.8938000202178955,0.9014220833778381,150906.2329417074,2007-08-14 00:00:00+00:00,0.8785558938980103,target,2246.941766535179,53.49191088623753,1.9534940638269584,1
CADJPY,-1,2007-07-26 00:00:00+00:00,2007-07-27 00:00:00+00:00,112.43000030517578,114.52375501394272,533.982833350674,2007-08-15 00:00:00+00:00,108.2424908876419,target,2212.49107903943,23.56706441793849,1.978920884068337,13
NZDCAD,-1,2007-08-09 00:00:00+00:00,2007-08-10 00:00:00+00:00,0.7936999797821045,0.8075000047683716,81378.95518507059,2007-08-15 00:00:00+00:00,0.7660999298095703,target,2220.6762524325004,25.386977388067614,1.9773942451387752,3
AUDNZD,1,2007-08-09 00:00:00+00:00,2007-08-10 00:00:00+00:00,1.131600022315979,1.1195000410079956,92812.67353440648,2007-08-15 00:00:00+00:00,1.1557999849319458,target,2203.6032877975076,42.45994202306014,1.9621916770112904,3
NZDUSD,-1,2007-08-09 00:00:00+00:00,2007-08-10 00:00:00+00:00,0.7514277100563049,0.767461537849158,70041.39182602806,2007-08-15 00:00:00+00:00,0.7193600544705987,target,2225.4600253989365,20.60320442163135,1.9816539408614269,3
GBPNZD,1,2007-08-10 00:00:00+00:00,2007-08-13 00:00:00+00:00,2.710700035095215,2.6884000301361084,51579.218965196014,2007-08-15 00:00:00+00:00,2.7553000450134277,target,2244.047274422276,56.386402999140536,1.9509775886585483,2
AUDUSD,-1,2007-08-14 00:00:00+00:00,2007-08-15 00:00:00+00:00,0.8343762755393982,0.8421761989593506,160303.69352403362,2007-08-15 00:00:00+00:00,0.8187764286994934,target,2447.711769956213,53.00129688974774,1.9576110529493127,0
USDJPY,-1,2007-07-26 00:00:00+00:00,2007-07-27 00:00:00+00:00,118.4800033569336,119.85957950353622,810.4149049561079,2007-08-16 00:00:00+00:00,115.72085106372833,target,2198.0981708221766,37.959972635192,1.9660474189848223,14
NZDJPY,-1,2007-08-14 00:00:00+00:00,2007-08-15 00:00:00+00:00,85.19000244140625,87.05000305175781,672.2344747976442,2007-08-16 00:00:00+00:00,81.47000122070312,target,2478.3061468396463,22.406920006314312,1.9820795753792135,1
GBPAUD,1,2007-08-15 00:00:00+00:00,2007-08-16 00:00:00+00:00,2.4260001182556152,2.39182710647583,39009.93505972278,2007-08-16 00:00:00+00:00,2.4943461418151855,target,2627.785463033779,38.38847761534237,1.9712033209611253,0
NZDCAD,-1,2007-08-15 00:00:00+00:00,2007-08-16 00:00:00+00:00,0.7617999911308289,0.7760000228881836,93879.15415288448,2007-08-16 00:00:00+00:00,0.7333999276161194,target,2638.100319916836,28.073620732285022,1.9789408933121218,0
EURAUD,1,2007-08-15 00:00:00+00:00,2007-08-16 00:00:00+00:00,1.6384999752044678,1.6207000017166138,74892.63797129845,2007-08-16 00:00:00+00:00,1.6740999221801758,target,2616.5560716774035,49.6178689717177,1.9627797209962698,0
USDCHF,1,2007-08-15 00:00:00+00:00,2007-08-16 00:00:00+00:00,1.2187600135803223,1.2103999853134155,159459.62474811234,2007-08-17 00:00:00+00:00,1.2103999853134155,stop,-1410.5575586999046,77.47058837534408,-1.0581136790771293,1
USDCAD,1,2007-08-15 00:00:00+00:00,2007-08-16 00:00:00+00:00,1.0799000263214111,1.0678999423980713,111089.8039414326,2007-08-17 00:00:00+00:00,1.0678999423980713,stop,-1380.806705810653,47.719735486092475,-1.035796415799094,1
EURCAD,-1,2007-08-20 00:00:00+00:00,2007-08-21 00:00:00+00:00,1.4215999841690063,1.4328999519348145,123141.18580422948,2007-08-21 00:00:00+00:00,1.4328999519348145,stop,-1461.792731633164,70.30130140198436,-1.050522266881877,0
GBPCHF,-1,2007-08-17 00:00:00+00:00,2007-08-20 00:00:00+00:00,2.3873000144958496,2.416300058364868,48379.78531810521,2007-08-23 00:00:00+00:00,2.416300058364868,stop,-1449.495324654558,46.47942805580722,-1.033128226250668,3
AUDCAD,-1,2007-08-16 00:00:00+00:00,2007-08-17 00:00:00+00:00,0.8546199798583984,0.8720310758799314,80940.34763635893,2007-08-27 00:00:00+00:00,0.8720310758799314,stop,-1437.2113120525373,27.95114733962932,-1.0198339157236618,6
GBPCAD,-1,2007-08-17 00:00:00+00:00,2007-08-20 00:00:00+00:00,2.0994999408721924,2.131077283062041,44431.095187288964,2007-08-28 00:00:00+00:00,2.131077283062041,stop,-1440.6097324655107,37.593835866759726,-1.0267950177598817,6
GBPCHF,1,2007-09-03 00:00:00+00:00,2007-09-04 00:00:00+00:00,2.440700054168701,2.4302000999450684,82049.11335130286,2007-09-05 00:00:00+00:00,2.4302000999450684,stop,-941.4425420518917,79.93060777355186,-1.092779455040872,1
CADCHF,1,2007-09-04 00:00:00+00:00,2007-09-05 00:00:00+00:00,1.152999997138977,1.1435999870300293,141651.97486456434,2007-09-05 00:00:00+00:00,1.1435999870300293,stop,-1396.5935803256114,65.06358464629339,-1.0488637769013227,0
GBPUSD,1,2007-09-07 00:00:00+00:00,2007-09-11 00:00:00+00:00,2.027780532836914,2.017512083053589,97109.435474951,2007-09-14 00:00:00+00:00,2.017512083053589,stop,-1075.7305781136156,78.5672164520229,-1.0787907172212032,3
USDCAD,-1,2007-09-11 00:00:00+00:00,2007-09-12 00:00:00+00:00,1.0424000024795532,1.0529999732971191,123619.34208372707,2007-09-18 00:00:00+00:00,1.0212000608444214,target,2569.7026607180014,51.02017643040945,1.9610640425555845,4
AUDNZD,1,2007-09-04 00:00:00+00:00,2007-09-05 00:00:00+00:00,1.1851199865341187,1.167799949645996,76878.01153543917,2007-09-19 00:00:00+00:00,1.167799949645996,stop,-1367.707556878442,36.17756119912393,-1.0271699183018905,9
EURUSD,1,2007-09-07 00:00:00+00:00,2007-09-11 00:00:00+00:00,1.38089120388031,1.3681352506391704,102914.8869229183,2007-09-20 00:00:00+00:00,1.4064031103625894,target,2568.1841549776004,57.37081583424023,1.9562981415570966,7
GBPAUD,-1,2007-09-14 00:00:00+00:00,2007-09-17 00:00:00+00:00,2.3821001052856445,2.4165000915527344,38166.98901043571,2007-09-21 00:00:00+00:00,2.313300132751465,target,2590.045937773363,35.84185785695192,1.972701150508719,4
CADJPY,1,2007-09-21 00:00:00+00:00,2007-09-24 00:00:00+00:00,115.41999816894531,114.5,1518.1291380059183,2007-09-24 00:00:00+00:00,114.5,stop,-1466.4856769140792,69.80964972610866,-1.0499827077770223,0
NZDCHF,1,2007-09-24 00:00:00+00:00,2007-09-25 00:00:00+00:00,0.874210000038147,0.8666392983868718,180976.65990266824,2007-09-25 00:00:00+00:00,0.8666392983868718,stop,-1433.1309162519658,63.01061828457265,-1.0459891137866146,0
GBPCHF,-1,2007-09-17 00:00:00+00:00,2007-09-18 00:00:00+00:00,2.3671000003814697,2.387200117111206,65360.75599750722,2007-10-01 00:00:00+00:00,2.387200117111206,stop,-1375.9077550773807,62.14892998367174,-1.0473061941024364,9
AUDJPY,1,2007-09-18 00:00:00+00:00,2007-09-19 00:00:00+00:00,98.52999877929688,95.23638153076172,406.2954465922346,2007-10-05 00:00:00+00:00,105.11723327636719,target,2659.815193175891,16.548188619065694,1.987633825263319,12
CADCHF,1,2007-09-18 00:00:00+00:00,2007-09-19 00:00:00+00:00,1.1640000343322754,1.152999997138977,121652.46965826186,2007-10-05 00:00:00+00:00,1.186000108718872,target,2619.1867175750685,57.17666421988815,1.957272869141154,12
AUDUSD,1,2007-09-25 00:00:00+00:00,2007-09-26 00:00:00+00:00,0.8739731311798096,0.8614006638526917,108562.83642685693,2007-10-05 00:00:00+00:00,0.8991180658340454,target,2691.3070659135487,38.498361918263015,1.9717940615651564,7
CADJPY,1,2007-10-01 00:00:00+00:00,2007-10-02 00:00:00+00:00,116.69000244140625,115.43000030517578,1140.2438061085509,2007-10-05 00:00:00+00:00,119.21000671386719,target,2819.622558180619,53.7967048600502,1.96255561758633,3
NZDJPY,1,2007-09-27 00:00:00+00:00,2007-09-28 00:00:00+00:00,87.02999877929688,85.8499984741211,1163.2308159717836,2007-10-08 00:00:00+00:00,89.38999938964844,target,2704.181999988395,41.04343568476057,1.9700983131283742,6
USDCHF,-1,2007-09-07 00:00:00+00:00,2007-09-11 00:00:00+00:00,1.1854000091552734,1.1981219709850848,103189.86198572714,2007-10-09 00:00:00+00:00,1.1862900257110596,max_hold,-140.78755903073954,48.94687347415626,-0.10724403838111758,20
USDCAD,-1,2007-09-20 00:00:00+00:00,2007-09-21 00:00:00+00:00,1.0008000135421753,1.0144000053405762,102478.9562734117,2007-10-11 00:00:00+00:00,0.9736000299453735,target,2746.9590385096067,40.46689114455654,1.9709646877328308,14
EURCHF,1,2007-10-09 00:00:00+00:00,2007-10-10 00:00:00+00:00,1.6689000129699707,1.663599967956543,134919.74434173256,2007-10-11 00:00:00+00:00,1.6795001029968262,target,1339.8083789026753,90.35305752001358,1.873646351776878,1
GBPAUD,-1,2007-10-11 00:00:00+00:00,2007-10-12 00:00:00+00:00,2.2574501037597656,2.274199962615967,91870.73280103203,2007-10-15 00:00:00+00:00,2.274199962615967,stop,-1622.0870099122149,83.26520247915681,-1.0541097104791186,1
NZDUSD,1,2007-10-11 00:00:00+00:00,2007-10-12 00:00:00+00:00,0.7717835903167725,0.762427568435669,164473.9427705954,2007-10-15 00:00:00+00:00,0.762427568435669,stop,-1589.2893590975896,50.467551664531584,-1.032796228530656,1
EURAUD,-1,2007-10-05 00:00:00+00:00,2007-10-08 00:00:00+00:00,1.572100043296814,1.5930999517440796,71060.25531429569,2007-10-16 00:00:00+00:00,1.5930999517440796,stop,-1537.2428397932126,44.98398395368267,-1.0301448932788373,6
AUDUSD,1,2007-10-05 00:00:00+00:00,2007-10-08 00:00:00+00:00,0.8999280333518982,0.8869178891181946,114699.63968375829,2007-10-16 00:00:00+00:00,0.8869178891181946,stop,-1533.2489725350724,40.99011669554247,-1.027468502890862,6
AUDJPY,1,2007-10-05 00:00:00+00:00,2007-10-08 00:00:00+00:00,105.19999694824219,103.22000122070312,753.6677150784861,2007-10-16 00:00:00+00:00,103.22000122070312,stop,-1523.6747405988604,31.415884759330257,-1.0210525704949869,6
NZDCHF,1,2007-10-05 00:00:00+00:00,2007-10-08 00:00:00+00:00,0.897599995136261,0.8863000273704529,132058.68253490658,2007-10-16 00:00:00+00:00,0.8863000273704529,stop,-1539.3747531887755,47.11589734924537,-1.0315735417919423,6
AUDCHF,1,2007-10-05 00:00:00+00:00,2007-10-08 00:00:00+00:00,1.05840003490448,1.0418000221252441,89895.04259334819,2007-10-17 00:00:00+00:00,1.0418000221252441,stop,-1530.018370555778,37.759514716247864,-1.025303595665381,7
GBPNZD,-1,2007-09-19 00:00:00+00:00,2007-09-20 00:00:00+00:00,2.718100070953369,2.781399965286255,21374.653124824337,2007-10-18 00:00:00+00:00,2.716439962387085,max_hold,12.25196313274909,23.2322816211247,0.009055316215880283,20
EURUSD,1,2007-10-18 00:00:00+00:00,2007-10-19 00:00:00+00:00,1.4296947717666626,1.4199906587600708,142876.21336339647,2007-10-22 00:00:00+00:00,1.4199906587600708,stop,-1467.9173731504204,81.43045271809999,-1.0587314972237236,1
USDCAD,-1,2007-10-19 00:00:00+00:00,2007-10-22 00:00:00+00:00,0.9682000279426575,0.9750999808311462,202148.63137252873,2007-10-22 00:00:00+00:00,0.9750999808311462,stop,-1473.3831203669006,78.5670874239695,-1.056327921079456,0
NZDCAD,-1,2007-10-19 00:00:00+00:00,2007-10-22 00:00:00+00:00,0.7196000218391418,0.7340999841690063,96194.4590759475,2007-10-23 00:00:00+00:00,0.7340999841690063,stop,-1422.783610090262,27.96757714733109,-1.0200510866571573,1
GBPNZD,1,2007-10-19 00:00:00+00:00,2007-10-22 00:00:00+00:00,2.7555999755859375,2.7095000743865967,30256.37792392656,2007-10-23 00:00:00+00:00,2.7095000743865967,stop,-1427.8868594437388,33.07082650080778,-1.023709812419514,1
CHFJPY,-1,2007-10-22 00:00:00+00:00,2007-10-23 00:00:00+00:00,97.1729965209961,98.15799713134766,1343.1013469938816,2007-10-26 00:00:00+00:00,98.15799713134766,stop,-1375.4255106898022,52.46986413682325,-1.0396610908865582,3
AUDUSD,1,2007-10-25 00:00:00+00:00,2007-10-26 00:00:00+00:00,0.9084302186965942,0.9013068675994873,185403.44263747032,2007-10-29 00:00:00+00:00,0.9226769208908081,target,2573.488919534542,67.89871350351106,1.9485886034641453,1
AUDCHF,1,2007-10-29 00:00:00+00:00,2007-10-30 00:00:00+00:00,1.0745899677276611,1.0684146746061742,188848.42571507086,2007-10-30 00:00:00+00:00,1.0684146746061742,stop,-1247.134994922874,80.94061060096666,-1.0694057626148066,0
USDJPY,-1,2007-10-19 00:00:00+00:00,2007-10-22 00:00:00+00:00,113.70999908447266,115.15412706136703,965.8534806191528,2007-10-31 00:00:00+00:00,115.15412706136703,stop,-1439.025875508295,44.20984256536403,-1.031695823335272,7
USDCAD,-1,2007-10-26 00:00:00+00:00,2007-10-29 00:00:00+00:00,0.9607999920845032,0.9664999842643738,209339.16917379716,2007-10-31 00:00:00+00:00,0.949400007724762,target,2306.4873182793353,79.97593618317183,1.9329753466485415,2
GBPAUD,-1,2007-10-26 00:00:00+00:00,2007-10-29 00:00:00+00:00,2.229789972305298,2.2590999603271484,45748.471348223495,2007-11-01 00:00:00+00:00,2.2590999603271484,stop,-1381.9591177280781,41.07197049367288,-1.0306304453573025,3
AUDUSD,1,2007-10-31 00:00:00+00:00,2007-11-01 00:00:00+00:00,0.9316191077232361,0.920640766620636,123278.15092520496,2007-11-01 00:00:00+00:00,0.920640766620636,stop,-1399.0582258231289,45.66863446841301,-1.0337438936727004,0
USDCHF,-1,2007-10-30 00:00:00+00:00,2007-10-31 00:00:00+00:00,1.158400058746338,1.1668000221252441,159309.72875329095,2007-11-07 00:00:00+00:00,1.1416001319885254,target,2603.109293558566,73.28248130369771,1.9452378519527702,5
CADCHF,1,2007-10-31 00:00:00+00:00,2007-11-01 00:00:00+00:00,1.2240999937057495,1.211300015449524,105733.741437917,2007-11-07 00:00:00+00:00,1.211300015449524,stop,-1404.8903823279006,51.50079097318488,-1.0380531897852365,4
CADJPY,1,2007-10-31 00:00:00+00:00,2007-11-01 00:00:00+00:00,121.80999755859375,120.03900146484375,764.1968246745128,2007-11-07 00:00:00+00:00,120.03900146484375,stop,-1390.3536387755998,36.96404742088406,-1.027312200165426,4
GBPUSD,1,2007-11-02 00:00:00+00:00,2007-11-05 00:00:00+00:00,2.0879878997802734,2.077404022216797,96596.12734256871,2007-11-08 00:00:00+00:00,2.1091556549072266,target,1963.6376071427487,81.08556265672706,1.920687979816183,3
AUDNZD,1,2007-10-16 00:00:00+00:00,2007-10-17 00:00:00+00:00,1.1892999410629272,1.1764999628067017,109109.95377492729,2007-11-12 00:00:00+00:00,1.1764999628067017,stop,-1448.2314994872365,51.62646363038853,-1.0369656862927712,18
USDJPY,-1,2007-11-07 00:00:00+00:00,2007-11-08 00:00:00+00:00,112.66000366210938,114.18645477294922,872.5698491109395,2007-11-12 00:00:00+00:00,109.60710144042969,target,2625.0817160491674,38.788714872329564,1.9708779267774585,2
EURCHF,-1,2007-11-07 00:00:00+00:00,2007-11-08 00:00:00+00:00,1.6582000255584717,1.6664999723434448,120486.23763096619,2007-11-12 00:00:00+00:00,1.6416001319885254,target,1920.5426201339149,79.51610118338144,1.9204862333931778,2
EURJPY,-1,2007-11-12 00:00:00+00:00,2007-11-13 00:00:00+00:00,159.24899291992188,162.2773267030716,463.65912634303277,2007-11-13 00:00:00+00:00,162.2773267030716,stop,-1433.9303186608277,29.815722490537574,-1.0212345363917301,0
AUDJPY,-1,2007-11-12 00:00:00+00:00,2007-11-13 00:00:00+00:00,96.4000015258789,99.81105470657349,411.6366769410424,2007-11-13 00:00:00+00:00,99.81105470657349,stop,-1420.2681296036137,16.153533433323744,-1.011504426688094,0
CADJPY,-1,2007-11-12 00:00:00+00:00,2007-11-13 00:00:00+00:00,113.05999755859375,116.80895900726318,374.5342851334555,2007-11-14 00:00:00+00:00,116.80895900726318,stop,-1421.3333572346432,17.218761064353313,-1.0122630739053047,1
GBPAUD,1,2007-11-12 00:00:00+00:00,2007-11-13 00:00:00+00:00,2.3341000080108643,2.2957000732421875,36565.54639034547,2007-11-14 00:00:00+00:00,2.2957000732421875,stop,-1437.9728301001069,33.85823392981674,-1.024113583052384,1
EURAUD,1,2007-11-12 00:00:00+00:00,2007-11-13 00:00:00+00:00,1.6497000455856323,1.6193325519561768,46237.4212802449,2007-11-14 00:00:00+00:00,1.6193325519561768,stop,-1434.3449236485687,30.23032747827878,-1.021529814988557,1
GBPCHF,-1,2007-11-09 00:00:00+00:00,2007-11-12 00:00:00+00:00,2.342099905014038,2.3674821741878986,53649.02781531424,2007-11-15 00:00:00+00:00,2.291335366666317,target,2673.7522702943083,49.715859554167494,1.9634907719247419,3
CADCHF,-1,2007-11-09 00:00:00+00:00,2007-11-12 00:00:00+00:00,1.187999963760376,1.2130000591278076,54469.154813633584,2007-11-15 00:00:00+00:00,1.1379997730255127,target,2698.1290818965836,25.33904795189231,1.9813920730893209,3
AUDCHF,-1,2007-11-09 00:00:00+00:00,2007-11-12 00:00:00+00:00,1.0185600519180298,1.0409192494116724,60902.63594261029,2007-11-21 00:00:00+00:00,0.9738416569307446,target,2699.1996266633855,24.26850318509031,1.9821782359638331,7
EURCAD,1,2007-11-12 00:00:00+00:00,2007-11-13 00:00:00+00:00,1.4076999425888062,1.382105827331543,54860.83742518999,2007-11-21 00:00:00+00:00,1.4588881731033325,target,2776.7765074245863,31.452684915993625,1.977599631111463,6
AUDJPY,-1,2007-11-21 00:00:00+00:00,2007-11-22 00:00:00+00:00,94.0999984741211,97.72000122070312,406.7444622624492,2007-11-28 00:00:00+00:00,97.72000122070312,stop,-1488.0204150725083,15.604344525410891,-1.010597781997593,3
EURNZD,1,2007-11-21 00:00:00+00:00,2007-11-22 00:00:00+00:00,1.977239966392517,1.9408999681472778,40517.78045256213,2007-11-28 00:00:00+00:00,1.9408999681472778,stop,-1504.1669372771173,31.750866730019915,-1.0215637871421916,3
NZDCAD,1,2007-11-15 00:00:00+00:00,2007-11-16 00:00:00+00:00,0.7447999715805054,0.7315999865531921,104390.10880101095,2007-11-30 00:00:00+00:00,0.7711999416351318,target,2724.244667169307,31.65107917658071,1.9770302782907896,9
AUDNZD,-1,2007-11-28 00:00:00+00:00,2007-11-29 00:00:00+00:00,1.1484899520874023,1.1545000076293945,184077.34796158818,2007-11-30 00:00:00+00:00,1.1545000076293945,stop,-1191.100742105134,84.78565683336656,-1.076637892732466,1
NZDCHF,-1,2007-11-09 00:00:00+00:00,2007-11-12 00:00:00+00:00,0.8539000153541565,0.8755670785903931,62848.11421267455,2007-12-06 00:00:00+00:00,0.8755670785903931,stop,-1383.4728140136956,21.738749089457876,-1.0159640194435962,17
EURCAD,1,2007-12-04 00:00:00+00:00,2007-12-05 00:00:00+00:00,1.4937000274658203,1.465499997138977,52303.83383443931,2007-12-07 00:00:00+00:00,1.465499997138977,stop,-1505.925201615319,30.955501273959612,-1.0209872116469887,2
EURJPY,1,2007-12-10 00:00:00+00:00,2007-12-11 00:00:00+00:00,164.4499969482422,163.25999450683594,1182.4539185294184,2007-12-11 00:00:00+00:00,163.25999450683594,stop,-1484.623442607855,77.50039270745988,-1.055077196491768,0
EURGBP,1,2007-11-14 00:00:00+00:00,2007-11-15 00:00:00+00:00,0.7135000228881836,0.706939697265625,202869.83723830062,2007-12-13 00:00:00+00:00,0.7193999886512756,max_hold,1138.7866556460747,58.138438423953836,0.8556565761738626,20
NZDUSD,1,2007-12-12 00:00:00+00:00,2007-12-13 00:00:00+00:00,0.7867820262908936,0.7768800854682922,143310.336210122,2007-12-14 00:00:00+00:00,0.7768800854682922,stop,-1463.8682570107749,44.81778859104766,-1.0315829419660862,1
USDCAD,1,2007-11-15 00:00:00+00:00,2007-11-16 00:00:00+00:00,0.9850999712944031,0.9623848446644843,60662.125975472445,2007-12-17 00:00:00+00:00,1.0181000232696533,max_hold,1977.5496360349066,24.303674084862102,1.4351411069573223,20
CADJPY,-1,2007-11-15 00:00:00+00:00,2007-11-16 00:00:00+00:00,112.0999984741211,115.91000366210938,361.66561597269464,2007-12-17 00:00:00+00:00,111.29000091552734,max_hold,276.789769618908,16.15849634627942,0.20087100173213054,20
GBPCAD,1,2007-11-15 00:00:00+00:00,2007-11-16 00:00:00+00:00,2.013780117034912,1.9750202894210815,35550.928835433064,2007-12-17 00:00:00+00:00,2.052799940109253,max_hold,1358.2768136440548,28.91413964302471,0.985724380499537,20
CADCHF,-1,2007-11-15 00:00:00+00:00,2007-11-16 00:00:00+00:00,1.138800024986267,1.1667366027832031,49324.14711597465,2007-12-17 00:00:00+00:00,1.1334999799728394,max_hold,239.00434801635086,22.41585194724658,0.17344948431612683,20
NZDCAD,1,2007-12-05 00:00:00+00:00,2007-12-06 00:00:00+00:00,0.7799999713897705,0.7674000263214111,113526.21282371094,2007-12-17 00:00:00+00:00,0.7674000263214111,stop,-1465.5581376903474,35.13409229271389,-1.0245620118074477,7
NZDJPY,1,2007-12-12 00:00:00+00:00,2007-12-13 00:00:00+00:00,88.0790023803711,86.08000183105469,709.8799792251166,2007-12-17 00:00:00+00:00,86.08000183105469,stop,-1443.776866478022,24.726398058294787,-1.0174246079393008,2
EURAUD,1,2007-11-19 00:00:00+00:00,2007-11-20 00:00:00+00:00,1.6613999605178833,1.632099986076355,47574.19044495475,2007-12-20 00:00:00+00:00,1.6753000020980835,max_hold,629.5350654334009,31.748159895833084,0.45162843449179374,20
EURCAD,-1,2007-12-19 00:00:00+00:00,2007-12-20 00:00:00+00:00,1.441100001335144,1.452299952507019,121561.98501009929,2007-12-24 00:00:00+00:00,1.418700098991394,target,2653.4479975530703,69.52859538555501,1.9489319184264304,2
CADCHF,1,2007-12-20 00:00:00+00:00,2007-12-21 00:00:00+00:00,1.1574000120162964,1.1494654417037964,174809.2826002696,2007-12-24 00:00:00+00:00,1.1732691526412964,target,2692.588567208571,81.48452093047268,1.941252794471154,1
EURUSD,-1,2007-12-14 00:00:00+00:00,2007-12-17 00:00:00+00:00,1.4420026540756226,1.4597919820807874,78413.77894575722,2007-12-27 00:00:00+00:00,1.4597919820807874,stop,-1440.4365704196764,45.50813662911055,-1.0326239938384847,7
EURCAD,-1,2007-12-24 00:00:00+00:00,2007-12-25 00:00:00+00:00,1.417199969291687,1.4282000064849854,129422.21437176029,2007-12-27 00:00:00+00:00,1.4282000064849854,stop,-1497.300764856068,73.651593127674,-1.0517343700894066,2
GBPUSD,-1,2007-12-24 00:00:00+00:00,2007-12-25 00:00:00+00:00,1.9783958196640015,1.9861582624725997,107939.66183952343,2007-12-27 00:00:00+00:00,1.9861582624725997,stop,-923.4619772028042,85.58652539406539,-1.1021470735409518,2
USDCHF,1,2007-12-13 00:00:00+00:00,2007-12-14 00:00:00+00:00,1.1413999795913696,1.1302000284194946,127195.0377135864,2007-12-28 00:00:00+00:00,1.1302000284194946,stop,-1482.3654614347918,57.78724973782501,-1.0405644627043598,9
AUDNZD,-1,2007-12-05 00:00:00+00:00,2007-12-06 00:00:00+00:00,1.1288599967956543,1.1452000141143799,87541.15846366785,2007-12-31 00:00:00+00:00,1.1452000141143799,stop,-1470.2388149518267,39.814769554193106,-1.0278342423579194,16
CADJPY,1,2007-12-21 00:00:00+00:00,2007-12-24 00:00:00+00:00,114.95999908447266,112.87999725341797,669.2649537145364,2007-12-31 00:00:00+00:00,112.87999725341797,stop,-1422.5693941076463,30.497064920679705,-1.021907672669919,5
GBPCHF,-1,2007-12-27 00:00:00+00:00,2007-12-28 00:00:00+00:00,2.274399995803833,2.2915000915527344,79751.47494562907,2008-01-01 00:00:00+00:00,2.2401998043060303,target,2655.5065168031306,72.00919856960076,1.9471979588137696,2
EURGBP,1,2007-12-27 00:00:00+00:00,2007-12-28 00:00:00+00:00,0.732200026512146,0.7278000116348267,279382.23333233036,2008-01-02 00:00:00+00:00,0.7410000562667847,target,2376.2547803874813,82.31718585443032,1.9330365862909782,3
GBPJPY,-1,2007-12-31 00:00:00+00:00,2008-01-01 00:00:00+00:00,221.6199951171875,224.86900329589844,415.24485390776255,2008-01-03 00:00:00+00:00,215.12197875976562,target,2661.996881600313,36.270971427584655,1.973115366299248,2
GBPAUD,-1,2008-01-02 00:00:00+00:00,2008-01-03 00:00:00+00:00,2.240600109100342,2.2655999660491943,55695.73906281382,2008-01-07 00:00:00+00:00,2.2655999660491943,stop,-1442.580737941036,50.195228710072115,-1.0360498068798458,2
GBPNZD,-1,2008-01-02 00:00:00+00:00,2008-01-03 00:00:00+00:00,2.555190086364746,2.5862998962402344,44757.120496838455,2008-01-10 00:00:00+00:00,2.4929704666137695,target,2739.5827924305186,45.188226031409215,1.9675461819073603,5
EURGBP,1,2008-01-02 00:00:00+00:00,2008-01-03 00:00:00+00:00,0.7425000071525574,0.7353000044822693,193386.8045600672,2008-01-11 00:00:00+00:00,0.7569000124931335,target,2726.7781827506114,57.99283571131643,1.9583500149011557,6
GBPCHF,-1,2008-01-02 00:00:00+00:00,2008-01-03 00:00:00+00:00,2.218100070953369,2.2490155696868896,45038.429469722665,2008-01-11 00:00:00+00:00,2.156269073486328,target,2745.368075224652,39.40294323727568,1.9717011251725547,6
USDCHF,-1,2008-01-03 00:00:00+00:00,2008-01-04 00:00:00+00:00,1.1114000082015991,1.1200300455093384,163776.15607258017,2008-01-14 00:00:00+00:00,1.0941399335861206,target,2754.5457033028815,72.242970746107,1.9488868967041468,6
CADCHF,-1,2008-01-10 00:00:00+00:00,2008-01-11 00:00:00+00:00,1.0947999954223633,1.1059000492095947,132256.156544254,2008-01-14 00:00:00+00:00,1.0725998878479004,target,2878.7705070162847,57.33039565115796,1.960947939085422,1
AUDUSD,1,2008-01-14 00:00:00+00:00,2008-01-15 00:00:00+00:00,0.898391842842102,0.8929368853569031,259682.17315536566,2008-01-15 00:00:00+00:00,0.8929368853569031,stop,-1509.5904416214692,93.03522739487099,-1.0656770921885073,0
GBPNZD,-1,2008-01-14 00:00:00+00:00,2008-01-15 00:00:00+00:00,2.4768900871276855,2.4991700649261475,69807.47413802668,2008-01-15 00:00:00+00:00,2.4991700649261475,stop,-1624.7822120366911,69.47323807475262,-1.0446684480304764,0
CADJPY,-1,2008-01-11 00:00:00+00:00,2008-01-14 00:00:00+00:00,106.81999969482422,108.6500015258789,828.7379767427924,2008-01-16 00:00:00+00:00,103.15999603271484,target,2998.380350444594,34.80367936314018,1.9770513895489907,2
GBPAUD,-1,2008-01-09 00:00:00+00:00,2008-01-10 00:00:00+00:00,2.2149999141693115,2.2441000938415527,48339.00183201909,2008-01-17 00:00:00+00:00,2.2441000938415527,stop,-1449.7833271798313,43.109688691278706,-1.030646546229159,5
EURCAD,1,2008-01-11 00:00:00+00:00,2008-01-14 00:00:00+00:00,1.5084999799728394,1.4901000261306763,82423.68583711499,2008-01-17 00:00:00+00:00,1.4901000261306763,stop,-1566.0231478747164,49.431132970849454,-1.0325935600907028,3
USDJPY,-1,2008-01-02 00:00:00+00:00,2008-01-03 00:00:00+00:00,109.26399993896484,110.9463039636612,827.6658016569178,2008-01-21 00:00:00+00:00,105.89939188957214,target,2749.15434222493,35.61667623699752,1.9744203914786005,12
EURJPY,-1,2008-01-02 00:00:00+00:00,2008-01-03 00:00:00+00:00,160.8040008544922,163.47427207231522,521.4397323902264,2008-01-21 00:00:00+00:00,153.17999267578125,target,3942.71603853568,32.74474591224807,2.8316267387135503,12
EURCHF,-1,2008-01-15 00:00:00+00:00,2008-01-16 00:00:00+00:00,1.6154999732971191,1.625100016593933,143110.86649524246,2008-01-21 00:00:00+00:00,1.5962998867034912,target,2655.812337002984,91.92869219479715,1.933087804696328,3
USDCAD,1,2008-01-16 00:00:00+00:00,2008-01-17 00:00:00+00:00,1.0227999687194824,1.0155999660491943,214390.82172936038,2008-01-22 00:00:00+00:00,1.0371999740600586,target,2998.899961774315,88.32901609898823,1.9427778005894236,3
GBPCAD,1,2008-01-17 00:00:00+00:00,2008-01-18 00:00:00+00:00,2.028059959411621,2.003000020980835,62598.74804038824,2008-01-22 00:00:00+00:00,2.003000020980835,stop,-1619.1886333460793,50.46786160965594,-1.03217134783891,1
CADJPY,-1,2008-01-21 00:00:00+00:00,2008-01-22 00:00:00+00:00,101.95999908447266,104.03099822998047,792.4992752631078,2008-01-22 00:00:00+00:00,104.03099822998047,stop,-1673.914865101943,32.64954321648578,-1.0198929099281637,0
USDJPY,-1,2008-01-21 00:00:00+00:00,2008-01-22 00:00:00+00:00,105.63999938964844,106.93000030517578,1272.2977961721203,2008-01-22 00:00:00+00:00,106.93000030517578,stop,-1695.3557903142637,54.09046842880663,-1.0329565657103317,0
CHFJPY,-1,2008-01-17 00:00:00+00:00,2008-01-18 00:00:00+00:00,96.64700317382812,97.7699966430664,1396.909968497391,2008-01-23 00:00:00+00:00,97.7699966430664,stop,-1623.0373807543383,54.316609017915084,-1.0346247783522313,3
AUDUSD,-1,2008-01-21 00:00:00+00:00,2008-01-22 00:00:00+00:00,0.8577800989151001,0.8754428420215845,92922.44766232882,2008-01-24 00:00:00+00:00,0.8754428420215845,stop,-1673.4763854887244,32.21106360326735,-1.0196257504339785,2
AUDCHF,-1,2008-01-21 00:00:00+00:00,2008-01-22 00:00:00+00:00,0.9513000249862671,0.9703999757766724,85930.34295721512,2008-01-29 00:00:00+00:00,0.9703999757766724,stop,-1674.2917899107454,33.026468025288,-1.0201225649411443,5
USDCHF,-1,2008-01-31 00:00:00+00:00,2008-02-01 00:00:00+00:00,1.0806000232696533,1.0860452698543668,209448.72814869,2008-02-01 00:00:00+00:00,1.0860452698543668,stop,-1231.2601918230662,90.76022019883433,-1.0795793270118008,0
AUDJPY,-1,2008-01-15 00:00:00+00:00,2008-01-16 00:00:00+00:00,94.31999969482422,96.87737274169922,602.6903304391535,2008-02-04 00:00:00+00:00,96.87737274169922,stop,-1564.3505681918518,23.04656151457324,-1.014952638424821,13
AUDUSD,1,2008-02-01 00:00:00+00:00,2008-02-04 00:00:00+00:00,0.9030161499977112,0.8947745561599731,180876.41710377514,2008-02-06 00:00:00+00:00,0.8947745561599731,stop,-1555.7455529210615,65.03558832645356,-1.0436272580656827,2
GBPUSD,-1,2008-02-07 00:00:00+00:00,2008-02-08 00:00:00+00:00,1.9423887729644775,1.962092399597168,76370.87883304978,2008-02-12 00:00:00+00:00,1.962092399597168,stop,-1564.4210138439794,59.63773170712591,-1.0396321067725034,2
GBPCAD,-1,2008-02-08 00:00:00+00:00,2008-02-11 00:00:00+00:00,1.9455000162124634,1.9646999835968018,78539.77158466147,2008-02-13 00:00:00+00:00,1.9646999835968018,stop,-1569.382295765959,61.421242967072615,-1.040731319189624,2
EURCAD,-1,2008-02-07 00:00:00+00:00,2008-02-08 00:00:00+00:00,1.4608999490737915,1.4746999740600586,109042.06939004229,2008-02-15 00:00:00+00:00,1.4746999740600586,stop,-1568.8040602408062,64.02077810395282,-1.0425448493905651,5
CADJPY,1,2008-02-13 00:00:00+00:00,2008-02-14 00:00:00+00:00,108.47000122070312,106.87000274658203,918.2117887015488,2008-02-15 00:00:00+00:00,106.87000274658203,stop,-1508.6830068868383,39.54554604435991,-1.026917526166464,1
EURAUD,-1,2008-02-01 00:00:00+00:00,2008-02-04 00:00:00+00:00,1.63919997215271,1.6611000299453735,68068.76852598944,2008-02-19 00:00:00+00:00,1.5953998565673828,target,2937.3848837861456,44.03504540307061,1.9704603534899925,11
USDJPY,1,2008-02-13 00:00:00+00:00,2008-02-14 00:00:00+00:00,108.26000213623047,106.9800033569336,1147.7647358769361,2008-02-22 00:00:00+00:00,106.9800033569336,stop,-1518.546438453481,49.40897761100235,-1.0336312829315977,6
NZDUSD,1,2008-02-18 00:00:00+00:00,2008-02-19 00:00:00+00:00,0.7968127727508545,0.7903263568878174,225392.37546099644,2008-02-22 00:00:00+00:00,0.8097856044769287,target,2851.5543542646164,72.42300493103042,1.9504626773505844,3
EURNZD,-1,2008-02-01 00:00:00+00:00,2008-02-04 00:00:00+00:00,1.8681000471115112,1.8896499872207642,69174.66856228243,2008-02-25 00:00:00+00:00,1.8250001668930054,target,2930.326132535004,51.09379665421135,1.9657251927821477,15
NZDCAD,1,2008-02-22 00:00:00+00:00,2008-02-25 00:00:00+00:00,0.8162000179290771,0.8091999888420105,212372.2576681859,2008-02-25 00:00:00+00:00,0.8091999888420105,stop,-1555.6499547736867,69.03797381037211,-1.04643980722235,0
NZDUSD,1,2008-02-22 00:00:00+00:00,2008-02-25 00:00:00+00:00,0.8069722652435303,0.8001280426979065,217206.84432066864,2008-02-27 00:00:00+00:00,0.8206607103347778,target,2902.5173574591045,70.70660446752484,1.952437754186733,2
NZDCHF,1,2008-02-25 00:00:00+00:00,2008-02-26 00:00:00+00:00,0.885200023651123,0.8748000264167786,145455.65085369928,2008-02-27 00:00:00+00:00,0.8748000264167786,stop,-1563.9387571552832,51.200390557034,-1.0338461638096548,1
NZDJPY,1,2008-02-25 00:00:00+00:00,2008-02-26 00:00:00+00:00,87.88999938964844,86.51000213623047,1096.1894038930207,2008-02-28 00:00:00+00:00,86.51000213623047,stop,-1550.9734533405679,38.23508674231902,-1.0252754128450512,2
AUDJPY,1,2008-02-18 00:00:00+00:00,2008-02-19 00:00:00+00:00,99.12999725341797,97.9800033569336,1271.3012513085869,2008-02-29 00:00:00+00:00,97.9800033569336,stop,-1512.1059176820986,50.11723808427526,-1.0342801820449539,8
GBPNZD,-1,2008-02-18 00:00:00+00:00,2008-02-19 00:00:00+00:00,2.4463999271392822,2.478800058364868,45122.92463937032,2008-02-29 00:00:00+00:00,2.478800058364868,stop,-1506.4365651537698,44.447885555946314,-1.0304023459115794,8
EURJPY,1,2008-02-25 00:00:00+00:00,2008-02-26 00:00:00+00:00,160.27000427246094,158.88999938964844,1096.1833435800845,2008-02-29 00:00:00+00:00,158.88999938964844,stop,-1582.7099425885217,69.97157599027261,-1.046254909332154,3
GBPAUD,-1,2008-02-27 00:00:00+00:00,2008-02-28 00:00:00+00:00,2.1043999195098877,2.1298000812530518,58983.997805145766,2008-02-29 00:00:00+00:00,2.1298000812530518,stop,-1548.1530932194464,49.95000871030989,-1.033339945182849,1
NZDCHF,-1,2008-02-29 00:00:00+00:00,2008-03-03 00:00:00+00:00,0.8217999935150146,0.8413549661636353,72889.3225935373,2008-03-03 00:00:00+00:00,0.8413549661636353,stop,-1449.5939573689177,24.24524767581173,-1.017010046391407,0
USDJPY,-1,2008-02-28 00:00:00+00:00,2008-02-29 00:00:00+00:00,104.97000122070312,106.5999984741211,895.321352441898,2008-03-07 00:00:00+00:00,101.71000671386719,target,2881.7336859681736,37.00900484533634,1.9746404470926342,5
GBPNZD,1,2008-03-06 00:00:00+00:00,2008-03-07 00:00:00+00:00,2.523900032043457,2.477299928665161,30749.237197832914,2008-03-13 00:00:00+00:00,2.477299928665161,stop,-1463.6742489958797,30.756616773124392,-1.021464329896907,4
AUDCAD,1,2008-02-15 00:00:00+00:00,2008-02-18 00:00:00+00:00,0.9168000221252441,0.9003000259399414,86690.13594622434,2008-03-17 00:00:00+00:00,0.9323999881744385,max_hold,1320.3016975042133,32.06148005692779,0.9230381556512439,20
EURGBP,1,2008-02-27 00:00:00+00:00,2008-02-28 00:00:00+00:00,0.7620000243186951,0.7538725363556296,184337.77955963262,2008-03-17 00:00:00+00:00,0.7538725363556296,stop,-1554.0896008951524,55.8865163860159,-1.0373023637208212,12
EURNZD,1,2008-02-29 00:00:00+00:00,2008-03-03 00:00:00+00:00,1.9098000526428223,1.8771065790206194,43597.34686390496,2008-03-17 00:00:00+00:00,1.975186999887228,target,2816.8223937680254,33.87502561818647,1.976233867973627,10
CADCHF,-1,2008-02-29 00:00:00+00:00,2008-03-03 00:00:00+00:00,1.0499000549316406,1.073384485207498,60693.348441941904,2008-03-17 00:00:00+00:00,0.9994999766349792,target,3034.072523517863,24.876990042559918,2.1286528011598884,10
CADJPY,-1,2008-02-29 00:00:00+00:00,2008-03-03 00:00:00+00:00,104.66999816894531,107.32041931152344,537.7819723799203,2008-03-17 00:00:00+00:00,99.27999877929688,target,2876.7083765665625,21.936126325140883,2.018248837637739,10
GBPJPY,-1,2008-02-29 00:00:00+00:00,2008-03-03 00:00:00+00:00,204.39999389648438,208.12933349609375,382.19869004217327,2008-03-17 00:00:00+00:00,196.94131469726562,target,2820.0189949053433,30.678424480868575,1.9784765480389188,10
NZDJPY,-1,2008-02-29 00:00:00+00:00,2008-03-03 00:00:00+00:00,81.95999908447266,84.10291290283203,665.14513905387,2008-03-17 00:00:00+00:00,77.6741714477539,target,2829.4614408749308,21.23597851128141,1.9851012048021193,10
AUDCHF,-1,2008-02-29 00:00:00+00:00,2008-03-03 00:00:00+00:00,0.9628000259399414,0.9825051426887512,72333.93883744418,2008-03-17 00:00:00+00:00,0.9233897924423218,target,2823.4103115944777,27.287107791734513,1.9808558371673066,10
EURCAD,1,2008-03-07 00:00:00+00:00,2008-03-10 00:00:00+00:00,1.5231000185012817,1.503100037574768,73141.61529702123,2008-03-17 00:00:00+00:00,1.563099980354309,target,2880.515891140458,45.1459306091926,1.9691379705791194,5
EURAUD,1,2008-03-17 00:00:00+00:00,2008-03-18 00:00:00+00:00,1.7100000381469727,1.675821304321289,47360.71189072419,2008-03-18 00:00:00+00:00,1.675821304321289,stop,-1650.8001473307709,32.07098182282087,-1.0198124445436536,0
NZDJPY,-1,2008-03-17 00:00:00+00:00,2008-03-18 00:00:00+00:00,77.75,80.12000274658203,683.0072951782219,2008-03-18 00:00:00+00:00,80.12000274658203,stop,-1640.2944382210944,21.56527271314429,-1.0133223476617703,0
EURNZD,1,2008-03-17 00:00:00+00:00,2008-03-18 00:00:00+00:00,1.9651999473571777,1.9251999855041504,40468.26773124631,2008-03-18 00:00:00+00:00,1.9251999855041504,stop,-1650.216714720881,31.48754921293098,-1.019452018215197,0
NZDCHF,-1,2008-03-17 00:00:00+00:00,2008-03-18 00:00:00+00:00,0.7876999974250793,0.8069999814033508,83872.04711311497,2008-03-18 00:00:00+00:00,0.8069999814033508,stop,-1645.4793158590664,26.750150351116307,-1.0165254021000618,0
AUDCHF,-1,2008-03-17 00:00:00+00:00,2008-03-18 00:00:00+00:00,0.9053999781608582,0.9327399730682373,59207.368947645635,2008-03-18 00:00:00+00:00,0.9327399730682373,stop,-1640.4954515619156,21.766286053965683,-1.0134465273856577,0
AUDUSD,-1,2008-03-20 00:00:00+00:00,2008-03-21 00:00:00+00:00,0.9005764126777649,0.9165903329849243,95759.42173484775,2008-03-25 00:00:00+00:00,0.9165903329849243,stop,-1568.2859156736129,34.802167352090855,-1.0226948393748443,2
USDCAD,1,2008-03-20 00:00:00+00:00,2008-03-21 00:00:00+00:00,1.0226000547409058,1.0115000009536743,138151.01960005914,2008-03-26 00:00:00+00:00,1.0115000009536743,stop,-1589.686347654071,56.20259933254866,-1.0366502738578518,3
GBPAUD,1,2008-03-20 00:00:00+00:00,2008-03-21 00:00:00+00:00,2.2028000354766846,2.161799907684326,37401.92606441906,2008-03-26 00:00:00+00:00,2.161799907684326,stop,-1566.132637196497,32.64888887497516,-1.021290665069461,3
AUDNZD,-1,2008-03-20 00:00:00+00:00,2008-03-21 00:00:00+00:00,1.1353000402450562,1.1461999416351318,140687.85518718112,2008-03-27 00:00:00+00:00,1.1461999416351318,stop,-1597.6796161335851,64.19586781206326,-1.0418627637119264,4
NZDCAD,1,2008-03-25 00:00:00+00:00,2008-03-26 00:00:00+00:00,0.819599986076355,0.8119999766349792,197489.3949349752,2008-03-28 00:00:00+00:00,0.8119999766349792,stop,-1565.36600395975,64.4447378823579,-1.0429367877842002,2
GBPCAD,1,2008-03-20 00:00:00+00:00,2008-03-21 00:00:00+00:00,2.028899908065796,2.005500078201294,65533.96999898063,2008-04-03 00:00:00+00:00,2.005500078201294,stop,-1586.361797854305,52.878049532783066,-1.0344823018767957,8
NZDUSD,-1,2008-03-31 00:00:00+00:00,2008-04-02 00:00:00+00:00,0.787401556968689,0.794975757598877,189768.62933830437,2008-04-07 00:00:00+00:00,0.794975757598877,stop,-1497.4027867403986,60.057114816302786,-1.0417833482852512,3
AUDJPY,-1,2008-03-14 00:00:00+00:00,2008-03-17 00:00:00+00:00,92.58000183105469,95.3499984741211,576.2564081461617,2008-04-08 00:00:00+00:00,95.3499984741211,stop,-1617.8874895021263,21.659173391753534,-1.0135689695347165,15
USDJPY,1,2008-04-07 00:00:00+00:00,2008-04-08 00:00:00+00:00,107.51000213623047,104.92251586914062,535.9465119800734,2008-04-08 00:00:00+00:00,104.92251586914062,stop,-1409.524733054367,22.770493411224557,-1.0164199919209076,0
EURCHF,1,2008-04-07 00:00:00+00:00,2008-04-08 00:00:00+00:00,1.5906000137329102,1.5817999839782715,130776.52090439401,2008-04-10 00:00:00+00:00,1.5817999839782715,stop,-1233.8123620903489,82.97508692355518,-1.0720997561636414,2
CHFJPY,1,2008-04-02 00:00:00+00:00,2008-04-03 00:00:00+00:00,101.41000366210938,100.37999725341797,1378.9773377068007,2008-04-14 00:00:00+00:00,100.37999725341797,stop,-1476.0082629258877,55.65276764766936,-1.039182280656272,7
EURJPY,1,2008-04-02 00:00:00+00:00,2008-04-03 00:00:00+00:00,160.39999389648438,158.50999450683594,751.5110867535367,2008-04-14 00:00:00+00:00,158.50999450683594,stop,-1468.2883736705257,47.93287839230741,-1.0337470996181264,7
GBPAUD,-1,2008-04-08 00:00:00+00:00,2008-04-09 00:00:00+00:00,2.111299991607666,2.1498000621795654,35897.47114913447,2008-04-14 00:00:00+00:00,2.1498000621795654,stop,-1412.6477158432808,30.592543248880496,-1.0221355441197417,3
AUDNZD,1,2008-04-11 00:00:00+00:00,2008-04-14 00:00:00+00:00,1.1725000143051147,1.1648999452590942,173694.07215957186,2008-04-16 00:00:00+00:00,1.1877001523971558,target,2558.1833269811855,81.99055561324354,1.9378900335665215,2
GBPUSD,-1,2008-04-15 00:00:00+00:00,2008-04-16 00:00:00+00:00,1.961515188217163,1.9758158922195435,95156.40911991616,2008-04-16 00:00:00+00:00,1.9758158922195435,stop,-1435.7360981794484,74.93245742611936,-1.055064856664138,0
GBPAUD,-1,2008-04-16 00:00:00+00:00,2008-04-17 00:00:00+00:00,2.0980000495910645,2.123800039291382,52743.52256168062,2008-04-17 00:00:00+00:00,2.123800039291382,stop,-1405.3168604975929,44.534521647775314,-1.0327271455370428,0
EURCAD,1,2008-03-19 00:00:00+00:00,2008-03-20 00:00:00+00:00,1.5822999477386475,1.552146077156067,50785.69320339474,2008-04-18 00:00:00+00:00,1.6062999963760376,max_hold,1186.4720552630133,32.387051702034,0.77477047547134,20
EURUSD,1,2008-04-16 00:00:00+00:00,2008-04-17 00:00:00+00:00,1.5954052209854126,1.578008770942688,78221.84040466991,2008-04-18 00:00:00+00:00,1.578008770942688,stop,-1410.4283954127268,49.646056562909266,-1.0364834662719622,1
GBPCHF,1,2008-04-18 00:00:00+00:00,2008-04-21 00:00:00+00:00,2.0367000102996826,1.9990999698638916,35235.82112894988,2008-04-21 00:00:00+00:00,1.9990999698638916,stop,-1353.3092444794675,28.44094524265264,-1.0214669980850444,0
CADCHF,1,2008-04-18 00:00:00+00:00,2008-04-21 00:00:00+00:00,1.0126999616622925,0.9940999746322632,71229.52812267246,2008-04-22 00:00:00+00:00,0.9940999746322632,stop,-1353.456981736589,28.588682499774073,-1.0215785089855667,1
GBPJPY,1,2008-04-18 00:00:00+00:00,2008-04-21 00:00:00+00:00,207.9409942626953,203.57000732421875,303.1050693778958,2008-04-22 00:00:00+00:00,203.57000732421875,stop,-1349.8145133739688,24.946214137153795,-1.0188292029868358,1
CADJPY,1,2008-04-18 00:00:00+00:00,2008-04-21 00:00:00+00:00,103.43000030517578,101.27999877929688,616.2173762621948,2008-04-23 00:00:00+00:00,101.27999877929688,stop,-1350.0974709429088,25.229171706094007,-1.0190427770976382,2
CHFJPY,1,2008-04-16 00:00:00+00:00,2008-04-17 00:00:00+00:00,101.88999938964844,100.77999877929688,1225.9293609026274,2008-04-24 00:00:00+00:00,100.77999877929688,stop,-1410.4741591156956,49.69182026587836,-1.0365170967076776,5
EURUSD,1,2008-04-22 00:00:00+00:00,2008-04-23 00:00:00+00:00,1.5981844663619995,1.5843089818954468,94097.31803508896,2008-04-24 00:00:00+00:00,1.5843089818954468,stop,-1365.5386943692029,59.89281962905358,-1.0458721777380666,1
GBPAUD,-1,2008-04-23 00:00:00+00:00,2008-04-24 00:00:00+00:00,2.087599992752075,2.11080002784729,55192.483639477374,2008-04-25 00:00:00+00:00,2.11080002784729,stop,-1326.8115823177284,46.34402488978239,-1.0361930488757347,1
EURNZD,1,2008-03-28 00:00:00+00:00,2008-03-31 00:00:00+00:00,1.993899941444397,1.9567999839782715,39659.00820249127,2008-04-29 00:00:00+00:00,1.9980000257492065,max_hold,130.9423183668573,31.662958708491153,0.08899482740338734,20
EURGBP,1,2008-03-28 00:00:00+00:00,2008-03-31 00:00:00+00:00,0.7919999957084656,0.774308443069458,83166.66984993835,2008-04-29 00:00:00+00:00,0.7860999703407288,max_hold,-516.9345256381514,26.249063773322455,-0.35133407947711537,20
EURCHF,1,2008-04-24 00:00:00+00:00,2008-04-25 00:00:00+00:00,1.6231000423431396,1.611299991607666,104613.10307366944,2008-04-29 00:00:00+00:00,1.611299991607666,stop,-1302.112048691267,67.67212482663511,-1.0548201038530702,2
NZDUSD,-1,2008-04-29 00:00:00+00:00,2008-04-30 00:00:00+00:00,0.7745333313941956,0.7838833928108215,127801.30186336188,2008-04-30 00:00:00+00:00,0.7838833928108215,stop,-1234.7835587869968,39.8335372398074,-1.0333348981309125,0
NZDCAD,-1,2008-04-29 00:00:00+00:00,2008-04-30 00:00:00+00:00,0.7831000089645386,0.7936000227928162,113804.61407860905,2008-05-02 00:00:00+00:00,0.7936000227928162,stop,-1230.8371692735648,35.88714772637528,-1.0300323420053248,1
EURJPY,1,2008-04-16 00:00:00+00:00,2008-04-17 00:00:00+00:00,162.42999267578125,160.42999267578125,680.3911694249088,2008-05-08 00:00:00+00:00,160.42999267578125,stop,-1404.7165554485891,43.93421659877171,-1.0322859985351562,14
GBPCHF,1,2008-04-30 00:00:00+00:00,2008-05-02 00:00:00+00:00,2.072499990463257,2.0307997427880764,28244.126668620967,2008-05-09 00:00:00+00:00,2.0307997427880764,stop,-1200.9659009357172,23.178823485053854,-1.019679977755593,5
EURGBP,-1,2008-04-30 00:00:00+00:00,2008-05-02 00:00:00+00:00,0.7821000218391418,0.7943999767303467,95755.39811880513,2008-05-12 00:00:00+00:00,0.7943999767303467,stop,-1207.9787544501266,30.191676999463418,-1.0256342403287475,6
NZDJPY,-1,2008-05-09 00:00:00+00:00,2008-05-12 00:00:00+00:00,78.80000305175781,80.24299621582031,804.7023330971758,2008-05-13 00:00:00+00:00,80.24299621582031,stop,-1186.7764202790481,25.596454514678513,-1.022043486168683,1
AUDUSD,1,2008-04-16 00:00:00+00:00,2008-04-17 00:00:00+00:00,0.9395847320556641,0.9254117608070374,96012.49554370405,2008-05-16 00:00:00+00:00,0.9405568242073059,max_hold,57.22957681913614,36.10341655844624,0.04205637829449539,20
EURUSD,-1,2008-04-30 00:00:00+00:00,2008-05-02 00:00:00+00:00,1.5477958917617798,1.5638684034347534,73279.59073323582,2008-05-20 00:00:00+00:00,1.5638684034347534,stop,-1223.3913746609082,45.60429721024493,-1.038720323973121,12
CHFJPY,-1,2008-04-30 00:00:00+00:00,2008-05-02 00:00:00+00:00,99.5999984741211,100.76599884033203,1010.1086685573076,2008-05-22 00:00:00+00:00,100.76599884033203,stop,-1218.2653636049552,40.478286154291865,-1.0343680848001047,14
CADJPY,1,2008-05-22 00:00:00+00:00,2008-05-23 00:00:00+00:00,105.70999908447266,104.41999816894531,859.6918383722499,2008-05-23 00:00:00+00:00,104.41999816894531,stop,-1145.132667298777,36.12940872718934,-1.0325782710266556,0
USDCHF,1,2008-04-24 00:00:00+00:00,2008-04-25 00:00:00+00:00,1.0348000526428223,1.0152000188827515,62981.520285920815,2008-05-26 00:00:00+00:00,1.024999976158142,max_hold,-643.1695833832338,25.945867459773645,-0.5210213724858136,20
USDCAD,-1,2008-05-21 00:00:00+00:00,2008-05-22 00:00:00+00:00,0.9833999872207642,0.9923999905586243,125199.16240799455,2008-05-26 00:00:00+00:00,0.9923999905586243,stop,-1176.2665800299833,49.473700460742734,-1.0439066498890692,2
NZDCAD,-1,2008-05-09 00:00:00+00:00,2008-05-12 00:00:00+00:00,0.7706599831581116,0.7854700088500977,78404.993341281,2008-05-27 00:00:00+00:00,0.7854700088500977,stop,-1185.581638096684,24.401672332314263,-1.0210145481766484,11
GBPCAD,-1,2008-05-13 00:00:00+00:00,2008-05-14 00:00:00+00:00,1.9532999992370605,1.969099998474121,72721.6954607334,2008-05-28 00:00:00+00:00,1.969099998474121,stop,-1206.0514484190842,57.048715621746794,-1.0496506352799155,10
AUDJPY,1,2008-05-28 00:00:00+00:00,2008-05-29 00:00:00+00:00,100.66000366210938,99.52999877929688,941.590173498071,2008-06-02 00:00:00+00:00,99.52999877929688,stop,-1101.7008814873657,37.69938782627659,-1.0354317057361995,2
CADJPY,1,2008-05-29 00:00:00+00:00,2008-05-30 00:00:00+00:00,106.62999725341797,105.69999694824219,1150.178356450253,2008-06-02 00:00:00+00:00,105.69999694824219,stop,-1118.5096952565052,48.84347275119144,-1.0456623493605257,1
EURCAD,-1,2008-05-06 00:00:00+00:00,2008-05-07 00:00:00+00:00,1.5573999881744385,1.5765000581741333,62448.3064846294,2008-06-04 00:00:00+00:00,1.5576000213623047,max_hold,-51.39702888200141,38.90529505903481,-0.04309058499716022,20
EURAUD,-1,2008-06-04 00:00:00+00:00,2008-06-05 00:00:00+00:00,1.6125999689102173,1.628000020980835,66960.39169106481,2008-06-06 00:00:00+00:00,1.628000020980835,stop,-1074.5918876387864,43.39836892743311,-1.0420855718543174,1
EURCAD,1,2008-06-04 00:00:00+00:00,2008-06-05 00:00:00+00:00,1.569000005722046,1.5570000410079956,85933.04591170746,2008-06-06 00:00:00+00:00,1.5929999351501465,target,2008.0429802043495,54.34405721835728,1.9472998460208817,1
CADCHF,-1,2008-06-04 00:00:00+00:00,2008-06-05 00:00:00+00:00,1.0245000123977661,1.0334999561309814,114577.77395936538,2008-06-06 00:00:00+00:00,1.0065001249313354,target,2015.84554249344,46.541494929266776,1.9548663814456204,1
GBPCHF,-1,2008-06-06 00:00:00+00:00,2008-06-09 00:00:00+00:00,2.0046000480651855,2.03629994392395,33938.95543252862,2008-06-10 00:00:00+00:00,2.03629994392395,stop,-1103.290137713497,27.42878494708491,-1.0254947209290082,1
USDCHF,-1,2008-06-06 00:00:00+00:00,2008-06-09 00:00:00+00:00,1.0164999961853027,1.0368905067443848,52762.845228866434,2008-06-10 00:00:00+00:00,1.0368905067443848,stop,-1097.5298978265128,21.668545060100662,-1.020140648239091,1
AUDUSD,1,2008-05-16 00:00:00+00:00,2008-05-19 00:00:00+00:00,0.954562783241272,0.9403798580169678,79741.61844573545,2008-06-12 00:00:00+00:00,0.9403798580169678,stop,-1161.1905702960162,30.221158615153747,-1.0267214641731457,18
AUDCAD,1,2008-06-04 00:00:00+00:00,2008-06-05 00:00:00+00:00,0.9724000096321106,0.957099974155426,67398.11291828501,2008-06-12 00:00:00+00:00,0.957099974155426,stop,-1057.2024502679817,26.008931556628298,-1.025222163526717,5
NZDUSD,-1,2008-06-12 00:00:00+00:00,2008-06-13 00:00:00+00:00,0.7497376203536987,0.755972146987915,164325.90065081647,2008-06-17 00:00:00+00:00,0.755972146987915,stop,-1073.9796270265267,49.48542272742841,-1.0483022964110211,2
NZDCHF,-1,2008-06-06 00:00:00+00:00,2008-06-09 00:00:00+00:00,0.781000018119812,0.7974087595939636,65566.35403520719,2008-06-19 00:00:00+00:00,0.7974087595939636,stop,-1096.559454512784,20.69810174637201,-1.0192386330200913,8
USDCAD,1,2008-06-09 00:00:00+00:00,2008-06-10 00:00:00+00:00,1.0224000215530396,1.0149999856948853,141967.16562158236,2008-06-19 00:00:00+00:00,1.0149999856948853,stop,-1108.4108971335154,57.848780853275855,-1.0550645982344224,7
CHFJPY,1,2008-06-18 00:00:00+00:00,2008-06-19 00:00:00+00:00,104.05999755859375,103.38999938964844,1446.508517732249,2008-06-19 00:00:00+00:00,103.38999938964844,stop,-1029.1736957622372,60.015637517832275,-1.0619255414607485,0
USDJPY,1,2008-06-10 00:00:00+00:00,2008-06-11 00:00:00+00:00,107.33999633789062,106.20999908447266,912.1255777606997,2008-06-27 00:00:00+00:00,106.20999908447266,stop,-1069.656280232952,38.95688259108358,-1.037796551235222,12
AUDJPY,1,2008-06-19 00:00:00+00:00,2008-06-20 00:00:00+00:00,102.43000030517578,101.7300033569336,1411.8520391022328,2008-06-27 00:00:00+00:00,101.7300033569336,stop,-1045.9408622357662,57.64874349469369,-1.0583316839237058,5
EURJPY,1,2008-06-25 00:00:00+00:00,2008-06-26 00:00:00+00:00,168.94400024414062,167.61000061035156,758.542067309452,2008-06-27 00:00:00+00:00,167.61000061035156,stop,-1062.952913518294,51.05807351388672,-1.0504578850443238,1
EURAUD,1,2008-06-30 00:00:00+00:00,2008-07-02 00:00:00+00:00,1.6536999940872192,1.6346999406814575,50248.28713154205,2008-07-03 00:00:00+00:00,1.6346999406814575,stop,-987.7674318724684,33.047292825120124,-1.0346146388596096,1
AUDNZD,1,2008-06-04 00:00:00+00:00,2008-06-05 00:00:00+00:00,1.2426999807357788,1.2268270254135132,64965.43950229969,2008-07-04 00:00:00+00:00,1.2690999507904053,max_hold,1682.4496201476702,32.63603729868896,1.6315556581951456,20
GBPCAD,1,2008-06-30 00:00:00+00:00,2008-07-02 00:00:00+00:00,2.0390000343322754,2.0092337131500244,32073.83718000824,2008-07-04 00:00:00+00:00,2.0092337131500244,stop,-980.6886170640206,25.968478016672375,-1.027200094514173,2
NZDJPY,-1,2008-06-30 00:00:00+00:00,2008-07-02 00:00:00+00:00,80.28299713134766,81.19000244140625,1052.6070007083774,2008-07-07 00:00:00+00:00,81.19000244140625,stop,-988.7136610024806,33.99352195513232,-1.0356057451443856,3
USDJPY,1,2008-07-07 00:00:00+00:00,2008-07-08 00:00:00+00:00,109.61000061035156,107.86491394042969,534.0038735164879,2008-07-08 00:00:00+00:00,107.86491394042969,stop,-955.109530712827,23.226489352556882,-1.0249242537117675,0
GBPJPY,1,2008-06-09 00:00:00+00:00,2008-06-10 00:00:00+00:00,209.82000732421875,206.26392245292664,295.42661502859875,2008-07-09 00:00:00+00:00,211.447998046875,max_hold,456.06103232297187,24.89075616932636,0.43411143925288537,20
EURGBP,1,2008-07-11 00:00:00+00:00,2008-07-14 00:00:00+00:00,0.800599992275238,0.7972999811172485,172579.71792777802,2008-07-14 00:00:00+00:00,0.7972999811172485,stop,-624.6680201413242,55.15302533697587,-1.0968420951864897,0
EURNZD,1,2008-07-11 00:00:00+00:00,2008-07-14 00:00:00+00:00,2.0952999591827393,2.0757999420166016,47236.649302296726,2008-07-15 00:00:00+00:00,2.0757999420166016,stop,-960.5212289131719,39.405756647559556,-1.0427804741468902,1
AUDNZD,1,2008-07-11 00:00:00+00:00,2008-07-14 00:00:00+00:00,1.2742999792099,1.2635999917984009,86085.65943504861,2008-07-16 00:00:00+00:00,1.2635999917984009,stop,-964.8108307825004,43.695358516888064,-1.0474374384455982,2
USDCHF,-1,2008-07-15 00:00:00+00:00,2008-07-16 00:00:00+00:00,1.0098999738693237,1.0170999765396118,124249.63757918443,2008-07-16 00:00:00+00:00,1.0170999765396118,stop,-944.9685241947219,50.370801842267014,-1.0563055332958045,0
GBPUSD,1,2008-07-15 00:00:00+00:00,2008-07-16 00:00:00+00:00,2.0040080547332764,1.9938589334487915,66960.63822494376,2008-07-18 00:00:00+00:00,1.9938589334487915,stop,-733.1315836448883,53.539945013421,-1.078782524636762,2
EURUSD,1,2008-07-11 00:00:00+00:00,2008-07-14 00:00:00+00:00,1.5914950370788574,1.5767897367477417,62638.331181619964,2008-07-22 00:00:00+00:00,1.5767897367477417,stop,-960.8066864537392,39.69121418812688,-1.0430903783328065,6
AUDNZD,1,2008-07-18 00:00:00+00:00,2008-07-21 00:00:00+00:00,1.276900053024292,1.2697999477386475,102284.9609243331,2008-07-23 00:00:00+00:00,1.291100263595581,target,1399.934420993776,52.53356240782776,1.9276630355943587,2
AUDJPY,1,2008-07-18 00:00:00+00:00,2008-07-21 00:00:00+00:00,103.76000213623047,103.01000213623047,1160.9570846921652,2008-07-24 00:00:00+00:00,103.01000213623047,stop,-918.7280337915124,48.01022027238856,-1.0551386678059895,3
NZDCHF,-1,2008-06-26 00:00:00+00:00,2008-06-27 00:00:00+00:00,0.7714999914169312,0.7853000164031982,71258.58916013109,2008-07-28 00:00:00+00:00,0.770799994468689,max_hold,27.900370736955704,21.980424211179876,0.028372191460138384,20
EURGBP,-1,2008-07-23 00:00:00+00:00,2008-07-24 00:00:00+00:00,0.7853000164031982,0.792900025844574,116110.92139923075,2008-08-04 00:00:00+00:00,0.792900025844574,stop,-919.093351092528,36.64925221153875,-1.0415315284651039,7
AUDUSD,-1,2008-07-30 00:00:00+00:00,2008-07-31 00:00:00+00:00,0.9437523484230042,0.9528346657752991,98321.6953963116,2008-08-05 00:00:00+00:00,0.9255877137184143,target,1749.2183435735549,36.75933683639815,1.9588356145324721,3
NZDUSD,-1,2008-07-23 00:00:00+00:00,2008-07-24 00:00:00+00:00,0.7452120184898376,0.7565968928392977,77510.2185403429,2008-08-06 00:00:00+00:00,0.7224422697909176,target,1742.136556836716,22.751640925262553,1.9742174705977258,9
GBPNZD,1,2008-07-23 00:00:00+00:00,2008-07-24 00:00:00+00:00,2.6796998977661133,2.6423135781660676,23603.39579614333,2008-08-08 00:00:00+00:00,2.7544725369662046,target,1739.2352132016824,25.652984560295753,1.9709296208192384,11
USDCHF,1,2008-07-29 00:00:00+00:00,2008-07-30 00:00:00+00:00,1.0461000204086304,1.0319000482559204,61976.55995947576,2008-08-08 00:00:00+00:00,1.0744999647140503,target,1733.845352665026,26.28549842560384,1.970132336002955,7
GBPUSD,-1,2008-08-04 00:00:00+00:00,2008-08-05 00:00:00+00:00,1.9611304998397827,1.9760111570358276,59830.56712952973,2008-08-08 00:00:00+00:00,1.9313691854476929,target,1734.0582258545173,46.57809274445313,1.9476837664626525,3
AUDCAD,-1,2008-08-08 00:00:00+00:00,2008-08-11 00:00:00+00:00,0.9441999793052673,0.953000009059906,108795.0030671563,2008-08-11 00:00:00+00:00,0.953000009059906,stop,-998.6804398576205,41.28117571063959,-1.043118035762666,0
GBPAUD,1,2008-08-05 00:00:00+00:00,2008-08-06 00:00:00+00:00,2.132200002670288,2.1108999252319336,42245.563035983476,2008-08-12 00:00:00+00:00,2.174800157546997,target,1763.2771988337781,36.39032935289005,1.9595588309696772,4
AUDJPY,-1,2008-08-08 00:00:00+00:00,2008-08-11 00:00:00+00:00,97.00299835205078,98.56794738769531,611.7766408620917,2008-08-13 00:00:00+00:00,93.87310028076172,target,1891.4438206054735,23.354707688488666,1.9756060939640505,2
CADJPY,-1,2008-08-12 00:00:00+00:00,2008-08-13 00:00:00+00:00,102.4000015258789,103.31999969482422,1048.9902684031524,2008-08-14 00:00:00+00:00,103.31999969482422,stop,-1008.2287820316325,43.15965585928045,-1.044721828404624,1
EURAUD,1,2008-08-12 00:00:00+00:00,2008-08-13 00:00:00+00:00,1.7137999534606934,1.6926696365699172,45672.25049964233,2008-08-15 00:00:00+00:00,1.6926696365699172,stop,-996.1853526594105,31.11622648705839,-1.0322424846502667,2
AUDCHF,-1,2008-08-12 00:00:00+00:00,2008-08-13 00:00:00+00:00,0.9445000290870667,0.9579416317865252,71797.17685088425,2008-08-18 00:00:00+00:00,0.9579416317865252,stop,-992.3871142471984,27.317988074846248,-1.0283067682241525,3
EURNZD,-1,2008-08-18 00:00:00+00:00,2008-08-19 00:00:00+00:00,2.0701000690460205,2.0840001106262207,68252.121985682,2008-08-22 00:00:00+00:00,2.0840001106262207,stop,-1005.4125639786223,56.70523044074666,-1.0597710468088026,3
EURCHF,1,2008-07-22 00:00:00+00:00,2008-07-23 00:00:00+00:00,1.6268999576568604,1.6160999536514282,80144.62914574756,2008-08-26 00:00:00+00:00,1.6160999536514282,stop,-917.5441208302452,51.98180504229901,-1.0600555316401206,7
GBPJPY,-1,2008-08-12 00:00:00+00:00,2008-08-13 00:00:00+00:00,207.10000610351562,209.87521362304688,347.74665295493236,2008-08-26 00:00:00+00:00,201.54959106445312,target,1901.716946415396,28.42130592930851,1.970549979106644,9
AUDCAD,-1,2008-08-12 00:00:00+00:00,2008-08-13 00:00:00+00:00,0.9264000058174133,0.9409891776740551,66149.68523610894,2008-08-26 00:00:00+00:00,0.8972216621041298,target,1906.0118524801526,24.126399864551615,1.975000340172272,9
GBPCAD,-1,2008-08-13 00:00:00+00:00,2008-08-14 00:00:00+00:00,1.9831000566482544,2.010456319898367,35875.24085483323,2008-08-26 00:00:00+00:00,1.9283875301480293,target,1934.7599541166187,28.06511185540142,1.9714033488343463,8
AUDUSD,-1,2008-08-25 00:00:00+00:00,2008-08-26 00:00:00+00:00,0.8546278476715088,0.8691872358322144,68346.10544957545,2008-08-28 00:00:00+00:00,0.8691872358322144,stop,-1018.6406880074259,23.56320949454284,-1.0236797736893388,2
GBPCHF,-1,2008-08-26 00:00:00+00:00,2008-08-27 00:00:00+00:00,2.0230000019073486,2.03410005569458,73727.0400099927,2008-08-28 00:00:00+00:00,2.0007998943328857,target,1577.415648180106,59.33257118846166,1.9274994522842968,1
GBPJPY,-1,2008-08-26 00:00:00+00:00,2008-08-27 00:00:00+00:00,201.5570068359375,202.50160896778107,739.9881771524953,2008-08-29 00:00:00+00:00,199.66780257225037,target,1338.6084962860998,59.380323068464456,1.9150489299393973,2
GBPUSD,-1,2008-08-22 00:00:00+00:00,2008-08-25 00:00:00+00:00,1.8506865501403809,1.8756389617919922,39002.73857807319,2008-09-01 00:00:00+00:00,1.8007817268371582,target,1917.941324553912,28.483452526616464,1.9707325421850217,5
GBPNZD,-1,2008-08-29 00:00:00+00:00,2008-09-01 00:00:00+00:00,2.5901999473571777,2.6057000160217285,59290.086190180904,2008-09-02 00:00:00+00:00,2.6057000160217285,stop,-980.6134784077967,61.61307133285864,-1.0670435734941242,1
AUDUSD,-1,2008-09-01 00:00:00+00:00,2008-09-02 00:00:00+00:00,0.8486082553863525,0.8580744862556458,111889.48798884905,2008-09-02 00:00:00+00:00,0.8296757936477661,target,2080.7869817096544,37.556468589256,1.964541662416492,0
EURJPY,-1,2008-08-29 00:00:00+00:00,2008-09-01 00:00:00+00:00,159.32000732421875,161.07000732421875,585.0406785851776,2008-09-04 00:00:00+00:00,155.82000732421875,target,2010.7684294442688,36.87394560385294,1.9639839983258929,3
AUDJPY,-1,2008-08-29 00:00:00+00:00,2008-09-01 00:00:00+00:00,92.8759994506836,94.54299926757812,614.169945999962,2008-09-04 00:00:00+00:00,89.54199981689453,target,2025.235244496204,22.407130551917916,1.9781142148404784,3
CHFJPY,-1,2008-08-29 00:00:00+00:00,2008-09-01 00:00:00+00:00,98.70600128173828,99.68000030517578,1051.1521704721276,2008-09-04 00:00:00+00:00,96.75800323486328,target,2006.5498925287618,41.092482519359905,1.959863613861386,3
EURUSD,-1,2008-09-02 00:00:00+00:00,2008-09-03 00:00:00+00:00,1.4518002271652222,1.4595983028411865,110749.42968386467,2008-09-04 00:00:00+00:00,1.4362040758132935,target,1663.2959015934562,63.96896589588354,1.925930334021249,1
USDCHF,1,2008-08-14 00:00:00+00:00,2008-08-15 00:00:00+00:00,1.0963000059127808,1.0836999416351318,76328.5737032403,2008-09-08 00:00:00+00:00,1.1215001344680786,target,1889.633565469359,33.85630429482342,1.9647970027531527,16
AUDJPY,-1,2008-09-04 00:00:00+00:00,2008-09-05 00:00:00+00:00,87.27999877929688,89.72082364559174,466.5068306462186,2008-09-08 00:00:00+00:00,89.8499984741211,stop_gap,-1215.4488831204085,16.526470726213084,-1.06743655812959,1
EURCHF,-1,2008-09-04 00:00:00+00:00,2008-09-05 00:00:00+00:00,1.5844999551773071,1.5972782373428345,89109.11950352167,2008-09-08 00:00:00+00:00,1.6051000356674194,stop_gap,-1892.4995235261056,56.84448935052288,-1.6620387790133593,1
CADJPY,-1,2008-09-04 00:00:00+00:00,2008-09-05 00:00:00+00:00,99.7699966430664,101.99188232421875,512.4752736815641,2008-09-08 00:00:00+00:00,102.33999633789062,stop_gap,-1337.7765717599166,20.715274793338992,-1.1748676880921067,1
CADCHF,1,2008-09-08 00:00:00+00:00,2008-09-09 00:00:00+00:00,1.058500051498413,1.0528000593185425,155496.8356830734,2008-09-09 00:00:00+00:00,1.0528000593185425,stop,-951.9908446700148,65.66009728187177,-1.0740808072780508,0
AUDNZD,-1,2008-09-09 00:00:00+00:00,2008-09-10 00:00:00+00:00,1.202299952507019,1.2175999879837036,73182.63266090797,2008-09-10 00:00:00+00:00,1.2175999879837036,stop,-1155.115805673284,35.41892968421712,-1.0316326056129526,0
AUDCAD,-1,2008-09-04 00:00:00+00:00,2008-09-05 00:00:00+00:00,0.8754000067710876,0.8876000046730042,93332.92363589857,2008-09-11 00:00:00+00:00,0.8510000109672546,target,2245.0969528712744,32.225992204117325,1.9716983554977967,4
AUDUSD,-1,2008-09-09 00:00:00+00:00,2008-09-10 00:00:00+00:00,0.8050233125686646,0.8173941373825073,90511.09306277965,2008-09-12 00:00:00+00:00,0.8173941373825073,stop,-1149.0662313489086,29.369355359841634,-1.026229737699231,2
NZDJPY,-1,2008-09-11 00:00:00+00:00,2008-09-12 00:00:00+00:00,69.69999694824219,70.5147476196289,1383.2157917008208,2008-09-12 00:00:00+00:00,70.5147476196289,stop,-1165.7654447440707,38.78944978311523,-1.0344190559129516,0
EURAUD,1,2008-09-02 00:00:00+00:00,2008-09-03 00:00:00+00:00,1.7354999780654907,1.7113144397735596,44320.16224811376,2008-09-15 00:00:00+00:00,1.783871054649353,target,2112.618143276467,31.19581903624671,1.9708968972264804,8
AUDCHF,-1,2008-09-02 00:00:00+00:00,2008-09-03 00:00:00+00:00,0.9248999953269958,0.9401571750640869,70255.90571961936,2008-09-15 00:00:00+00:00,0.8943856358528137,target,2118.250850356468,25.563111956245383,1.9761517441292635,8
USDCHF,1,2008-09-10 00:00:00+00:00,2008-09-11 00:00:00+00:00,1.1363999843597412,1.1243000030517578,93777.45442980251,2008-09-15 00:00:00+00:00,1.118899941444397,stop_gap,-1683.4087342168095,42.29925720352691,-1.4835645149849264,2
EURCAD,-1,2008-09-10 00:00:00+00:00,2008-09-11 00:00:00+00:00,1.4996999502182007,1.513700008392334,81050.05219245251,2008-09-15 00:00:00+00:00,1.5230000019073486,stop_gap,-1937.4684032686623,48.9979977763799,-1.7074637392392775,2
GBPNZD,1,2008-09-15 00:00:00+00:00,2008-09-16 00:00:00+00:00,2.739500045776367,2.684000015258789,19491.714876970393,2008-09-17 00:00:00+00:00,2.684000015258789,stop,-1102.9334338767742,21.142663364985758,-1.0195441336174307,1
USDJPY,-1,2008-09-15 00:00:00+00:00,2008-09-16 00:00:00+00:00,104.26000213623047,106.3237533569336,524.1866169039598,2008-09-17 00:00:00+00:00,106.3237533569336,stop,-1103.8678077851669,22.077037273378465,-1.0204078624768946,1
NZDJPY,-1,2008-09-15 00:00:00+00:00,2008-09-16 00:00:00+00:00,68.19999694824219,70.88977813720703,402.1854175164758,2008-09-17 00:00:00+00:00,70.88977813720703,stop,-1092.9787463647913,11.187975853002822,-1.010342088468466,1
NZDCHF,-1,2008-09-15 00:00:00+00:00,2008-09-16 00:00:00+00:00,0.7272999882698059,0.7461876221932471,57275.08140493942,2008-09-17 00:00:00+00:00,0.7461876221932471,stop,-1098.6695950794767,16.878824567688206,-1.0156026701537701,1
EURUSD,-1,2008-09-04 00:00:00+00:00,2008-09-05 00:00:00+00:00,1.4260046482086182,1.448415994644165,50807.36562671008,2008-09-18 00:00:00+00:00,1.448415994644165,stop,-1167.8698206509725,29.20834811327688,-1.0256514765957445,8
NZDUSD,-1,2008-09-04 00:00:00+00:00,2008-09-05 00:00:00+00:00,0.6684045195579529,0.6854324927553535,66870.05313771106,2008-09-19 00:00:00+00:00,0.6854324927553535,stop,-1156.767703128334,18.106230590638155,-1.0159013289088332,10
EURAUD,1,2008-09-15 00:00:00+00:00,2008-09-16 00:00:00+00:00,1.7900999784469604,1.7544293478131294,30327.211806728974,2008-09-19 00:00:00+00:00,1.7544293478131294,stop,-1103.2899088383188,21.49913832653042,-1.0198736566372804,3
GBPAUD,1,2008-09-15 00:00:00+00:00,2008-09-16 00:00:00+00:00,2.251800060272217,2.203061580657959,22195.825127776956,2008-09-19 00:00:00+00:00,2.203061580657959,stop,-1101.566636501894,19.775865990105537,-1.0182806754588503,3
CADJPY,-1,2008-09-15 00:00:00+00:00,2008-09-16 00:00:00+00:00,97.56600189208984,100.2768669128418,399.0574086981712,2008-09-19 00:00:00+00:00,100.2768669128418,stop,-1097.5809030227301,15.790132510941655,-1.0145962906519082,3
AUDCHF,-1,2008-09-15 00:00:00+00:00,2008-09-16 00:00:00+00:00,0.8849999904632568,0.908797562122345,45458.03185337441,2008-09-19 00:00:00+00:00,0.908797562122345,stop,-1098.0992717685767,16.30850125678827,-1.0150754671802875,3
AUDNZD,-1,2008-09-17 00:00:00+00:00,2008-09-18 00:00:00+00:00,1.1957000494003296,1.2138999700546265,57905.086617508394,2008-09-22 00:00:00+00:00,1.2138999700546265,stop,-1081.7736014868583,27.905619568017826,-1.0264792365332214,2
EURGBP,-1,2008-09-17 00:00:00+00:00,2008-09-18 00:00:00+00:00,0.7892000079154968,0.7979999780654907,119758.13144315853,2008-09-29 00:00:00+00:00,0.7979999780654907,stop,-1091.8840028283787,38.0160209095381,-1.036072849314883,7
USDCHF,-1,2008-09-22 00:00:00+00:00,2008-09-23 00:00:00+00:00,1.0742000341415405,1.099246809259057,37622.25992914263,2008-09-29 00:00:00+00:00,1.099246809259057,stop,-958.6702802749068,16.35399641691837,-1.017355103267411,4
USDCAD,-1,2008-09-22 00:00:00+00:00,2008-09-23 00:00:00+00:00,1.0342999696731567,1.0507999658584595,57110.09101307251,2008-09-30 00:00:00+00:00,1.0507999658584595,stop,-966.1323332759009,23.816049417912446,-1.025273944455683,5
AUDCAD,-1,2008-09-29 00:00:00+00:00,2008-09-30 00:00:00+00:00,0.8363000154495239,0.8598460499197245,39188.40960330506,2008-10-06 00:00:00+00:00,0.7892079465091228,target,1832.7230723381838,12.740214365333815,1.9861929365302182,4
EURNZD,-1,2008-10-01 00:00:00+00:00,2008-10-02 00:00:00+00:00,2.081399917602539,2.1135001182556152,28518.729171787425,2008-10-06 00:00:00+00:00,2.1135001182556152,stop,-939.3835723901852,23.926643605072016,-1.026136285446902,2
AUDNZD,-1,2008-10-01 00:00:00+00:00,2008-10-02 00:00:00+00:00,1.1756000518798828,1.190600037574768,61030.5201222471,2008-10-06 00:00:00+00:00,1.1456000804901123,target,1802.5810472929525,28.33281027727392,1.9690506353861192,2
AUDUSD,-1,2008-10-02 00:00:00+00:00,2008-10-03 00:00:00+00:00,0.7733952403068542,0.7935878038406372,45509.93263403392,2008-10-06 00:00:00+00:00,0.7330101132392883,target,1824.213131029938,13.7112812318866,1.9850796026861486,1
CHFJPY,-1,2008-10-02 00:00:00+00:00,2008-10-03 00:00:00+00:00,92.66000366210938,94.15299987792969,615.5154289028103,2008-10-06 00:00:00+00:00,89.67401123046875,target,1815.4785323857893,22.445879876035328,1.9755747519035207,1
AUDJPY,-1,2008-10-02 00:00:00+00:00,2008-10-03 00:00:00+00:00,81.33999633789062,84.12200164794922,330.3236707738554,2008-10-06 00:00:00+00:00,75.77598571777344,target,1827.5445866758514,10.37982558597323,1.9887048395279765,1
EURJPY,-1,2008-10-02 00:00:00+00:00,2008-10-03 00:00:00+00:00,145.22000122070312,148.66000366210938,267.13998660862774,2008-10-06 00:00:00+00:00,138.33999633789062,target,1822.7743694717158,15.150042790109051,1.9835139653306366,1
EURGBP,-1,2008-10-02 00:00:00+00:00,2008-10-03 00:00:00+00:00,0.7821999788284302,0.7919999957084656,93771.49216987807,2008-10-08 00:00:00+00:00,0.7919999957084656,stop,-948.4852222481343,29.523016117221758,-1.03212647475626,3
AUDCHF,-1,2008-10-06 00:00:00+00:00,2008-10-07 00:00:00+00:00,0.8273000121116638,0.8609989881515503,31168.86547088254,2008-10-08 00:00:00+00:00,0.7599020600318909,target,2090.8234438150816,9.894257572349693,1.990580116913553,1
EURCHF,-1,2008-09-29 00:00:00+00:00,2008-09-30 00:00:00+00:00,1.5715999603271484,1.589792846236378,50719.366237747,2008-10-09 00:00:00+00:00,1.5352141885086894,target,1813.9481577740337,31.51512892948382,1.9658458348572427,7
GBPAUD,1,2008-10-08 00:00:00+00:00,2008-10-09 00:00:00+00:00,2.5850000381469727,2.4851605892181396,11305.000984806766,2008-10-09 00:00:00+00:00,2.4851605892181396,stop,-1140.14870264012,11.463634177098218,-1.0101566278295049,0
EURUSD,-1,2008-10-02 00:00:00+00:00,2008-10-03 00:00:00+00:00,1.3806052207946777,1.4020919799804688,42768.7674155446,2008-10-10 00:00:00+00:00,1.3376317024230957,target,1814.6732837119355,23.251128549889305,1.974698493153725,4
CADJPY,-1,2008-10-06 00:00:00+00:00,2008-10-07 00:00:00+00:00,92.58000183105469,96.05768287181854,302.0285179640884,2008-10-10 00:00:00+00:00,85.62463974952698,target,2089.9531246292504,10.76457675818093,1.989751524680283,3
AUDNZD,-1,2008-10-06 00:00:00+00:00,2008-10-07 00:00:00+00:00,1.1425000429153442,1.168915033340454,39763.74148881967,2008-10-10 00:00:00+00:00,1.0896700620651245,target,2082.965814384728,17.751887002702965,1.9830992170047612,3
GBPCAD,1,2008-10-09 00:00:00+00:00,2008-10-10 00:00:00+00:00,1.9601000547409058,1.9329999685287476,41203.62716198327,2008-10-10 00:00:00+00:00,2.014300227165222,target,2200.4917552051115,32.751941481628265,1.970668725916281,0
NZDCHF,-1,2008-10-08 00:00:00+00:00,2008-10-09 00:00:00+00:00,0.6769999861717224,0.7070917226374149,37508.14014172401,2008-10-14 00:00:00+00:00,0.7070917226374149,stop,-1139.0680096196243,10.382941156602278,-1.0091991481474467,3
NZDJPY,-1,2008-10-06 00:00:00+00:00,2008-10-07 00:00:00+00:00,64.30500030517578,67.83738696575165,297.35104098781784,2008-10-22 00:00:00+00:00,57.24022698402405,target,2093.4893814151224,7.228319972308899,1.9931182376694072,11
NZDUSD,-1,2008-10-06 00:00:00+00:00,2008-10-07 00:00:00+00:00,0.6311537027359009,0.654549709521234,44894.79167667965,2008-10-22 00:00:00+00:00,0.5843616891652346,target,2089.803639327591,10.91406205983982,1.9896092063653943,11
GBPJPY,-1,2008-10-06 00:00:00+00:00,2008-10-07 00:00:00+00:00,177.6909942626953,183.87947058677673,169.72818440080633,2008-10-22 00:00:00+00:00,165.31404161453247,target,2089.074176991476,11.643524395955062,1.9889147176812334,11
GBPCAD,1,2008-10-15 00:00:00+00:00,2008-10-16 00:00:00+00:00,2.047800064086914,2.0165998935699463,37592.777808814535,2008-10-22 00:00:00+00:00,2.0165998935699463,stop,-1203.4594947483656,30.558416906869915,-1.0260537034914377,4
USDCAD,1,2008-10-21 00:00:00+00:00,2008-10-22 00:00:00+00:00,1.2117999792099,1.1907999515533447,54662.549369431435,2008-10-22 00:00:00+00:00,1.2538000345230103,target,2268.8749005765562,26.955196495189206,1.9765181260324363,0
USDJPY,-1,2008-10-06 00:00:00+00:00,2008-10-07 00:00:00+00:00,101.91999816894531,104.69245147705078,378.855379682289,2008-10-23 00:00:00+00:00,96.37509155273438,target,2085.692669086303,15.025032301128107,1.9856953342267694,11
EURCAD,1,2008-10-09 00:00:00+00:00,2008-10-10 00:00:00+00:00,1.5605000257492065,1.5300999879837036,36730.936223062185,2008-10-23 00:00:00+00:00,1.6213001012802124,target,2209.86959717865,23.37409950808975,1.9790671304320546,9
NZDCAD,1,2008-10-20 00:00:00+00:00,2008-10-21 00:00:00+00:00,0.7405999898910522,0.7196999788284302,54128.52262998575,2008-10-24 00:00:00+00:00,0.7196999788284302,stop,-1147.0954977507713,15.80877598068,-1.0139741549834018,3
EURJPY,-1,2008-10-21 00:00:00+00:00,2008-10-22 00:00:00+00:00,131.02000427246094,136.27999877929688,218.23502801077677,2008-10-24 00:00:00+00:00,120.50001525878906,target,2284.852001370211,10.978095701534693,1.99043649117107,2
EURCHF,-1,2008-10-21 00:00:00+00:00,2008-10-22 00:00:00+00:00,1.5046000480651855,1.5298428535461426,45474.939360518016,2008-10-24 00:00:00+00:00,1.4541144371032715,target,2268.920624712121,26.909472359624374,1.9765579583663908,2
GBPJPY,-1,2008-10-22 00:00:00+00:00,2008-10-23 00:00:00+00:00,158.47000122070312,167.04993867874146,143.69024247125782,2008-10-24 00:00:00+00:00,141.31012630462646,target,2457.0914916250745,8.615095842435839,1.9930120673025542,1
GBPCHF,-1,2008-10-23 00:00:00+00:00,2008-10-24 00:00:00+00:00,1.8806999921798706,1.9049999713897705,50892.15414346601,2008-10-24 00:00:00+00:00,1.8321000337600708,target,2435.5660970216904,37.79047824480003,1.9694419489509083,0
EURJPY,-1,2008-10-24 00:00:00+00:00,2008-10-27 00:00:00+00:00,118.52999877929688,125.38209533691406,195.60719836082455,2008-10-28 00:00:00+00:00,125.38209533691406,stop,-1349.861602808627,9.542192275278758,-1.0071193420018305,1
USDJPY,-1,2008-10-24 00:00:00+00:00,2008-10-27 00:00:00+00:00,93.68000030517578,97.24391150474548,376.08103442509315,2008-10-28 00:00:00+00:00,97.24391150474548,stop,-1354.6799829833403,14.360572449992091,-1.0107142911884546,1
GBPUSD,-1,2008-10-24 00:00:00+00:00,2008-10-27 00:00:00+00:00,1.5872008800506592,1.6231921911239624,37240.08296901244,2008-10-29 00:00:00+00:00,1.6231921911239624,stop,-1364.2304714000852,23.91106086673711,-1.0178398228652246,2
AUDUSD,-1,2008-10-24 00:00:00+00:00,2008-10-27 00:00:00+00:00,0.6215040683746338,0.6694726943969727,27941.584357850166,2008-10-29 00:00:00+00:00,0.6694726943969727,stop,-1347.5337977575496,7.214387224201433,-1.005382588036482,2
NZDJPY,-1,2008-10-24 00:00:00+00:00,2008-10-27 00:00:00+00:00,52.380001068115234,57.46413040161133,263.6281106585618,2008-10-29 00:00:00+00:00,57.46413040161133,stop,-1346.1110107026072,5.791600169258937,-1.0043210596845378,2
NZDUSD,-1,2008-10-24 00:00:00+00:00,2008-10-27 00:00:00+00:00,0.5599104166030884,0.5929842591285706,40525.05872278618,2008-10-29 00:00:00+00:00,0.5929842591285706,stop,-1349.6636354203908,9.344224887042603,-1.0069716403519997,2
CADJPY,-1,2008-10-22 00:00:00+00:00,2008-10-23 00:00:00+00:00,77.87200164794922,82.60245513916016,260.62052951675037,2008-10-30 00:00:00+00:00,82.60245513916016,stop,-1241.2178813141088,8.364587580353863,-1.0067847388029612,5
CHFJPY,-1,2008-10-22 00:00:00+00:00,2008-10-23 00:00:00+00:00,83.97000122070312,87.09460377693176,394.56323533889565,2008-10-30 00:00:00+00:00,87.09460377693176,stop,-1246.3524545337225,13.499160799967408,-1.010949527302705,5
CADCHF,-1,2008-10-22 00:00:00+00:00,2008-10-23 00:00:00+00:00,0.9272000193595886,0.9527000188827515,48347.188893627106,2008-10-30 00:00:00+00:00,0.9527000188827515,stop,-1251.0308701837628,18.177576450007848,-1.0147443143011414,5
NZDCHF,-1,2008-10-24 00:00:00+00:00,2008-10-27 00:00:00+00:00,0.6504999995231628,0.689747154712677,34150.74045650696,2008-11-03 00:00:00+00:00,0.689747154712677,stop,-1349.4734970757243,9.154086542376042,-1.0068297798796582,5
GBPAUD,-1,2008-11-04 00:00:00+00:00,2008-11-05 00:00:00+00:00,2.282900094985962,2.3691999912261963,13675.22593343849,2008-11-07 00:00:00+00:00,2.3691999912261963,stop,-1192.8942830662882,12.723703948783989,-1.0107812414357071,2
GBPNZD,-1,2008-11-03 00:00:00+00:00,2008-11-04 00:00:00+00:00,2.666800022125244,2.7578001022338867,12930.508908653137,2008-11-19 00:00:00+00:00,2.7578001022338867,stop,-1190.7059145797334,14.028568046781333,-1.011922187580237,11
GBPAUD,-1,2008-11-13 00:00:00+00:00,2008-11-14 00:00:00+00:00,2.236799955368042,2.3427999019622803,11281.115211893979,2008-11-19 00:00:00+00:00,2.3427999019622803,stop,-1206.130208707194,10.33259872298332,-1.0086407588012487,3
NZDUSD,-1,2008-11-20 00:00:00+00:00,2008-11-21 00:00:00+00:00,0.5215939879417419,0.5440104603767395,52036.869181977,2008-11-24 00:00:00+00:00,0.5440104603767395,stop,-1177.5731874767378,11.090143855376319,-1.0095073339608494,1
NZDJPY,-1,2008-11-20 00:00:00+00:00,2008-11-21 00:00:00+00:00,48.99300003051758,52.04600143432617,382.0774671659776,2008-11-24 00:00:00+00:00,52.04600143432617,stop,-1174.2039887742949,7.7209451529334014,-1.0066189947596353,1
CHFJPY,-1,2008-11-20 00:00:00+00:00,2008-11-21 00:00:00+00:00,76.72000122070312,79.214111328125,467.6950869771896,2008-11-24 00:00:00+00:00,79.214111328125,stop,-1181.0689672876085,14.585923666247009,-1.0125041883343326,1
GBPUSD,-1,2008-11-12 00:00:00+00:00,2008-11-13 00:00:00+00:00,1.489558219909668,1.547700047492981,20130.765216392847,2008-11-25 00:00:00+00:00,1.547700047492981,stop,-1182.6679469481935,12.22846661652617,-1.0104477564385141,8
USDCHF,1,2008-11-03 00:00:00+00:00,2008-11-04 00:00:00+00:00,1.176900029182434,1.1475000381469727,40023.05120139926,2008-12-02 00:00:00+00:00,1.2045999765396118,max_hold,1089.5734320193594,19.06297933302922,0.9259746822098327,20
GBPCAD,-1,2008-11-03 00:00:00+00:00,2008-11-04 00:00:00+00:00,1.8609000444412231,1.936401128768921,15584.906587908235,2008-12-02 00:00:00+00:00,1.8524999618530273,max_hold,119.33990402341924,11.57459844432675,0.10142109421503782,20
AUDNZD,1,2008-11-13 00:00:00+00:00,2008-11-14 00:00:00+00:00,1.1663999557495117,1.1409000158309937,46894.13440993334,2008-12-03 00:00:00+00:00,1.2173998355865479,target,2369.2379744041646,22.357245564256843,1.981303486996807,13
NZDCHF,-1,2008-12-01 00:00:00+00:00,2008-12-02 00:00:00+00:00,0.6337000131607056,0.6606000065803528,42873.31638218902,2008-12-08 00:00:00+00:00,0.6606000065803528,stop,-1164.3901154073042,11.098186847966378,-1.0096230508279287,4
CADCHF,-1,2008-12-04 00:00:00+00:00,2008-12-05 00:00:00+00:00,0.9372000098228455,0.96670001745224,39134.82295513571,2008-12-08 00:00:00+00:00,0.96670001745224,stop,-1169.3793338498454,14.901758098337702,-1.012907793456826,1
GBPJPY,-1,2008-12-04 00:00:00+00:00,2008-12-05 00:00:00+00:00,135.7100067138672,138.29788208007812,446.11019171369406,2008-12-08 00:00:00+00:00,138.29788208007812,stop,-1178.925118111694,24.447542360186304,-1.0211762816997743,1
AUDCAD,1,2008-12-08 00:00:00+00:00,2008-12-09 00:00:00+00:00,0.8300999999046326,0.8207475980743766,118305.82579941646,2008-12-09 00:00:00+00:00,0.8207475980743766,stop,-1145.5045994059863,39.06097766957795,-1.0353031793958714,0
EURGBP,1,2008-11-12 00:00:00+00:00,2008-11-13 00:00:00+00:00,0.8360999822616577,0.8154428005218506,56660.17248016889,2008-12-10 00:00:00+00:00,0.877414345741272,target,2321.461357188957,19.417603474377337,1.983409989323946,19
EURCHF,1,2008-12-08 00:00:00+00:00,2008-12-09 00:00:00+00:00,1.5578999519348145,1.5488591194152832,106532.22182486182,2008-12-11 00:00:00+00:00,1.575981616973877,target,1859.5080776098896,66.77187329436534,1.9306727215189874,2
AUDUSD,1,2008-12-11 00:00:00+00:00,2008-12-12 00:00:00+00:00,0.6692992448806763,0.6556087136268616,83503.66444921802,2008-12-12 00:00:00+00:00,0.6556087136268616,stop,-1165.336461868737,22.12693391866238,-1.0193550992864264,0
NZDCAD,-1,2008-11-14 00:00:00+00:00,2008-11-17 00:00:00+00:00,0.6808000206947327,0.6937999725341797,91179.51155088573,2008-12-15 00:00:00+00:00,0.682699978351593,max_hold,-198.10186390242762,24.864652782535426,-0.16712813120406414,20
USDJPY,-1,2008-12-01 00:00:00+00:00,2008-12-02 00:00:00+00:00,93.19000244140625,95.38999938964844,524.2243310750162,2008-12-16 00:00:00+00:00,88.79000854492188,target,2287.504187213009,19.079669905666393,1.983456339688859,9
EURUSD,1,2008-12-11 00:00:00+00:00,2008-12-12 00:00:00+00:00,1.332924485206604,1.3008638620376587,35657.745076440515,2008-12-16 00:00:00+00:00,1.3970457315444946,target,2266.9501394891117,19.46891641103715,1.9829699491343922,2
USDCHF,-1,2008-12-12 00:00:00+00:00,2008-12-15 00:00:00+00:00,1.1726000308990479,1.186400055885315,82995.5664814068,2008-12-16 00:00:00+00:00,1.1449999809265137,target,2252.2116772138547,38.47010517175552,1.9664116548465398,1
EURCAD,1,2008-12-04 00:00:00+00:00,2008-12-05 00:00:00+00:00,1.6282000541687012,1.5859999656677246,27357.231151891818,2008-12-17 00:00:00+00:00,1.7126002311706543,target,2290.6761423753483,18.279009127666978,1.984166856497175,8
EURCHF,1,2008-12-11 00:00:00+00:00,2008-12-12 00:00:00+00:00,1.5800000429153442,1.558899998664856,54180.432722249825,2008-12-17 00:00:00+00:00,1.558899998664856,stop,-1177.2229204550151,34.01339250494065,-1.0297525446327684,3
CADCHF,-1,2008-12-16 00:00:00+00:00,2008-12-17 00:00:00+00:00,0.9283000230789185,0.9397000074386597,105291.22939781746,2008-12-17 00:00:00+00:00,0.905500054359436,target,2362.0201237814267,38.61661292465944,1.9678280246784483,0
GBPCHF,-1,2008-12-16 00:00:00+00:00,2008-12-17 00:00:00+00:00,1.7444000244140625,1.7714999914169312,44292.24464465156,2008-12-17 00:00:00+00:00,1.6902000904083252,target,2370.211506997634,30.425229708452306,1.9746523668131493,0
EURNZD,1,2008-11-20 00:00:00+00:00,2008-11-21 00:00:00+00:00,2.3859000205993652,2.3024001121520996,13969.872126962318,2008-12-19 00:00:00+00:00,2.436800003051758,max_hold,697.5917455971293,13.474500527420869,0.5980299065740783,20
EURJPY,1,2008-12-18 00:00:00+00:00,2008-12-19 00:00:00+00:00,127.86000061035156,125.66000366210938,574.7342104557897,2008-12-19 00:00:00+00:00,125.66000366210938,stop,-1293.5548329511766,29.141323898056257,-1.023047305086039,0
EURCAD,1,2008-12-17 00:00:00+00:00,2008-12-18 00:00:00+00:00,1.7164000272750854,1.681399941444397,36487.51179573554,2008-12-22 00:00:00+00:00,1.681399941444397,stop,-1301.8614978866426,24.79545328764039,-1.01941595220741,2
USDJPY,-1,2008-12-16 00:00:00+00:00,2008-12-17 00:00:00+00:00,88.66999816894531,90.58999633789062,625.1664130556949,2008-12-23 00:00:00+00:00,90.58999633789062,stop,-1222.7318339070875,22.41346555404444,-1.0186729339023597,4
AUDCHF,-1,2008-12-24 00:00:00+00:00,2008-12-25 00:00:00+00:00,0.732420027256012,0.7428019689396024,119231.09710537204,2008-12-25 00:00:00+00:00,0.7116561438888311,target,2441.2648367990914,34.43575723786493,1.972181000141287,0
GBPAUD,-1,2008-12-17 00:00:00+00:00,2008-12-18 00:00:00+00:00,2.199899911880493,2.2527999877929688,24141.10041565796,2008-12-29 00:00:00+00:00,2.094099760055542,target,2533.399713745002,20.73237545300203,1.9837656200000902,7
GBPCHF,-1,2008-12-23 00:00:00+00:00,2008-12-24 00:00:00+00:00,1.604200005531311,1.627500057220459,51309.892236950305,2008-12-29 00:00:00+00:00,1.5575999021530151,target,2358.59996006349,32.44632250761644,1.9728601468368678,3
NZDCHF,-1,2008-12-23 00:00:00+00:00,2008-12-24 00:00:00+00:00,0.6173999905586243,0.627810001373291,114843.6022372975,2008-12-31 00:00:00+00:00,0.627810001373291,stop,-1224.1240214886207,28.60088020306746,-1.0239233179311884,5
EURCHF,-1,2008-12-24 00:00:00+00:00,2008-12-25 00:00:00+00:00,1.5017000436782837,1.5185999870300293,73245.82522287685,2008-12-31 00:00:00+00:00,1.4679001569747925,target,2432.1984305811857,43.502163455771054,1.9648566845598763,4
EURGBP,1,2008-12-26 00:00:00+00:00,2008-12-29 00:00:00+00:00,0.9613999724388123,0.9488999843597412,101912.1651755121,2008-12-31 00:00:00+00:00,0.9488999843597412,stop,-1312.837410752626,38.936560946405564,-1.0305648284576687,2
GBPUSD,-1,2008-12-29 00:00:00+00:00,2008-12-30 00:00:00+00:00,1.4473036527633667,1.476799488067627,44947.67563466234,2009-01-01 00:00:00+00:00,1.476799488067627,stop,-1352.0555657285856,26.286327899273772,-1.0198272272045719,2
GBPJPY,-1,2008-12-29 00:00:00+00:00,2008-12-30 00:00:00+00:00,131.17999267578125,133.41000366210938,594.5124243590777,2009-01-01 00:00:00+00:00,133.41000366210938,stop,-1357.2296458661115,31.46040803679977,-1.0237299276066398,2
EURCHF,-1,2008-12-31 00:00:00+00:00,2009-01-01 00:00:00+00:00,1.4730000495910645,1.4955999851226807,57417.886997840484,2009-01-02 00:00:00+00:00,1.4955999851226807,stop,-1331.7306927798154,34.09014826699583,-1.0262708717072295,1
GBPNZD,-1,2008-12-17 00:00:00+00:00,2008-12-18 00:00:00+00:00,2.6150999069213867,2.6979000568389893,15423.47502836477,2009-01-05 00:00:00+00:00,2.4494996070861816,target,2538.5093443714113,15.622744826592818,1.9877666899901811,12
AUDJPY,1,2008-12-31 00:00:00+00:00,2009-01-01 00:00:00+00:00,63.94200134277344,62.02000045776367,675.1508569186879,2009-01-06 00:00:00+00:00,67.78600311279297,target,2577.493834007966,17.787255017672877,1.9862926177107458,3
CADJPY,1,2009-01-02 00:00:00+00:00,2009-01-05 00:00:00+00:00,76.16200256347656,74.08000183105469,626.2360751465509,2009-01-06 00:00:00+00:00,80.32600402832031,target,2588.0482472371277,19.599687011110895,1.9849675358749983,1
EURCAD,-1,2009-01-06 00:00:00+00:00,2009-01-07 00:00:00+00:00,1.5972000360488892,1.621500015258789,56537.05283942332,2009-01-07 00:00:00+00:00,1.621500015258789,stop,-1410.2443715620063,36.39516297500735,-1.0264913811119343,0
NZDCHF,1,2009-01-06 00:00:00+00:00,2009-01-07 00:00:00+00:00,0.6653000116348267,0.649399995803833,86405.5245724332,2009-01-07 00:00:00+00:00,0.649399995803833,stop,-1396.568677346623,22.719468759623844,-1.0165370905464879,0
AUDCAD,1,2008-12-31 00:00:00+00:00,2009-01-01 00:00:00+00:00,0.8654099702835083,0.8379112482070923,47189.12176743395,2009-01-08 00:00:00+00:00,0.8379112482070923,stop,-1313.716190990501,16.075646477681385,-1.0123883663666788,5
NZDJPY,1,2009-01-02 00:00:00+00:00,2009-01-05 00:00:00+00:00,54.31800079345703,52.42100143432617,687.3085965202894,2009-01-12 00:00:00+00:00,52.42100143432617,stop,-1318.4964938871499,14.672526763030742,-1.0112534568569056,5
EURAUD,-1,2009-01-05 00:00:00+00:00,2009-01-06 00:00:00+00:00,1.9091999530792236,1.9565000534057617,27731.54201437127,2009-01-12 00:00:00+00:00,1.9565000534057617,stop,-1333.1450839183258,21.44036442895873,-1.0163454199031206,4
NZDCAD,1,2008-12-16 00:00:00+00:00,2008-12-17 00:00:00+00:00,0.6966000199317932,0.6830999851226807,88912.24247383613,2009-01-13 00:00:00+00:00,0.6830999851226807,stop,-1224.8528126311544,24.534444278111266,-1.020439947371442,19
NZDUSD,1,2008-12-16 00:00:00+00:00,2008-12-17 00:00:00+00:00,0.5786032676696777,0.5560227632522583,53157.28763911373,2009-01-13 00:00:00+00:00,0.5560227632522583,stop,-1212.3810968107518,12.062728457708662,-1.0100496074839378,19
AUDUSD,1,2008-12-16 00:00:00+00:00,2008-12-17 00:00:00+00:00,0.6943962574005127,0.6673785448074341,44427.090717536914,2009-01-13 00:00:00+00:00,0.6673785448074341,stop,-1212.4183068879527,12.099938534909668,-1.0100806076570434,19
EURNZD,-1,2009-01-05 00:00:00+00:00,2009-01-06 00:00:00+00:00,2.315200090408325,2.382699966430664,19432.69820310874,2009-01-13 00:00:00+00:00,2.382699966430664,stop,-1329.963294287951,18.258574798583894,-1.0139197294385673,5
USDCAD,-1,2008-12-16 00:00:00+00:00,2008-12-17 00:00:00+00:00,1.205199956893921,1.2374000549316406,37276.854466311575,2009-01-14 00:00:00+00:00,1.2233999967575073,max_hold,-696.5463506818114,18.106113405831067,-0.5803013342514642,20
AUDJPY,-1,2009-01-13 00:00:00+00:00,2009-01-14 00:00:00+00:00,59.6245002746582,60.698001861572266,1118.991950923152,2009-01-14 00:00:00+00:00,60.698001861572266,stop,-1228.1676173411415,26.92798228107513,-1.0224168279959633,0
GBPJPY,-1,2009-01-13 00:00:00+00:00,2009-01-14 00:00:00+00:00,129.7100067138672,132.4969940185547,431.017261198023,2009-01-16 00:00:00+00:00,132.4969940185547,stop,-1223.8427837245936,22.6031486645273,-1.018816519206342,2
GBPNZD,1,2009-01-15 00:00:00+00:00,2009-01-16 00:00:00+00:00,2.7112998962402344,2.6781253814697266,36086.531054383224,2009-01-16 00:00:00+00:00,2.6781253814697266,stop,-1236.0502900098968,38.89713252987168,-1.0324913585925373,0
EURJPY,-1,2009-01-12 00:00:00+00:00,2009-01-13 00:00:00+00:00,119.45700073242188,121.125,735.8722453014291,2009-01-19 00:00:00+00:00,121.80000305175781,stop_gap,-1759.6572440900643,35.506866613871935,-1.4336059772764698,4
EURUSD,-1,2009-01-13 00:00:00+00:00,2009-01-14 00:00:00+00:00,1.3207073211669922,1.3360053300857544,78522.61306939159,2009-01-19 00:00:00+00:00,1.3360053300857544,stop,-1242.9620389702418,41.72240391017539,-1.0347327899383616,3
NZDJPY,-1,2009-01-13 00:00:00+00:00,2009-01-14 00:00:00+00:00,49.36899948120117,51.10300064086914,692.7559583005602,2009-01-21 00:00:00+00:00,45.900997161865234,target,2389.279498555781,13.199771564351725,1.9890115417614476,5
USDCHF,1,2009-01-19 00:00:00+00:00,2009-01-20 00:00:00+00:00,1.132200002670288,1.1145999431610107,65497.478858492774,2009-01-23 00:00:00+00:00,1.1674001216888428,target,2275.3954491285754,30.123602105639904,1.9738682687618534,3
GBPUSD,-1,2009-01-23 00:00:00+00:00,2009-01-26 00:00:00+00:00,1.3631964921951294,1.3880984783172607,49255.79316385084,2009-01-26 00:00:00+00:00,1.3880984783172607,stop,-1253.670521000846,27.103443200060276,-1.0220969922400465,0
AUDNZD,1,2009-01-14 00:00:00+00:00,2009-01-15 00:00:00+00:00,1.222000002861023,1.2045999765396118,68980.49809224212,2009-01-27 00:00:00+00:00,1.2568000555038452,target,2366.327192398709,34.19777253941749,1.9715080884065714,8
EURJPY,-1,2009-01-20 00:00:00+00:00,2009-01-21 00:00:00+00:00,115.7490005493164,118.66999816894531,414.8752249146798,2009-01-27 00:00:00+00:00,118.66999816894531,stop,-1231.3004713822893,19.450926963502575,-1.0160506121020423,4
AUDUSD,-1,2009-01-20 00:00:00+00:00,2009-01-21 00:00:00+00:00,0.6496037244796753,0.6679134368896484,66186.15941551886,2009-01-27 00:00:00+00:00,0.6679134368896484,stop,-1229.2898245938009,17.440280175014394,-1.014391456641904,4
GBPCAD,-1,2009-01-23 00:00:00+00:00,2009-01-26 00:00:00+00:00,1.6850999593734741,1.7383999824523926,23012.50556654871,2009-01-27 00:00:00+00:00,1.7383999824523926,stop,-1242.3237400944552,15.756662293669388,-1.012846148065478,1
NZDCAD,-1,2009-01-13 00:00:00+00:00,2009-01-14 00:00:00+00:00,0.6758000254631042,0.6967999935150146,57201.97440732714,2009-01-28 00:00:00+00:00,0.6338000893592834,target,2387.496927669752,14.982342450380582,1.9875275989793397,10
CADJPY,-1,2009-01-14 00:00:00+00:00,2009-01-15 00:00:00+00:00,71.51000213623047,74.06999969482422,468.8529793475224,2009-01-28 00:00:00+00:00,74.06999969482422,stop,-1213.913605987445,13.651123518381553,-1.0113734484896169,9
USDCAD,1,2009-01-14 00:00:00+00:00,2009-01-15 00:00:00+00:00,1.2458000183105469,1.2109999656677246,34490.24904612106,2009-01-28 00:00:00+00:00,1.2109999656677246,stop,-1217.2096111298467,16.947128660783363,-1.0141195187788603,9
NZDUSD,-1,2009-01-13 00:00:00+00:00,2009-01-14 00:00:00+00:00,0.5532503724098206,0.5724098682403564,62696.8290650719,2009-01-29 00:00:00+00:00,0.5149313807487488,target,2389.08494836249,13.39432175764233,1.9888495839075666,11
AUDNZD,1,2009-01-27 00:00:00+00:00,2009-01-28 00:00:00+00:00,1.2569999694824219,1.246399998664856,109823.02973740919,2009-01-29 00:00:00+00:00,1.2781999111175537,target,2272.5571542509415,55.68466637548147,1.952165908298564,1
EURCHF,1,2009-01-28 00:00:00+00:00,2009-01-29 00:00:00+00:00,1.5156999826431274,1.50409996509552,102022.41058257502,2009-01-29 00:00:00+00:00,1.50409996509552,stop,-1245.0792070361656,61.617454029086176,-1.052065437579644,0
AUDUSD,-1,2009-01-30 00:00:00+00:00,2009-02-02 00:00:00+00:00,0.6358895897865295,0.6504064798355103,84470.24943022124,2009-02-03 00:00:00+00:00,0.6504064798355103,stop,-1247.9760733569149,21.730749968417385,-1.017721372350166,1
EURUSD,-1,2009-01-30 00:00:00+00:00,2009-02-02 00:00:00+00:00,1.2753963470458984,1.2938953638076782,66287.0540191089,2009-02-03 00:00:00+00:00,1.2938953638076782,stop,-1260.3074790741375,34.06215568563995,-1.0277776029281935,1
NZDCHF,-1,2009-01-29 00:00:00+00:00,2009-01-30 00:00:00+00:00,0.5918999910354614,0.6021999716758728,115615.28157805551,2009-02-05 00:00:00+00:00,0.6021999716758728,stop,-1218.4464026739251,27.6112406842433,-1.023186450623535,4
CHFJPY,-1,2009-01-20 00:00:00+00:00,2009-01-21 00:00:00+00:00,78.2699966430664,80.0182113647461,693.1926206721562,2009-02-06 00:00:00+00:00,80.0182113647461,stop,-1233.7943879648737,21.944843546086986,-1.0181085545207775,12
EURNZD,1,2009-01-26 00:00:00+00:00,2009-01-27 00:00:00+00:00,2.4904000759124756,2.4319000244140625,20008.688865815377,2009-02-06 00:00:00+00:00,2.4319000244140625,stop,-1190.207083308245,19.697754242321103,-1.0168283615971176,8
NZDCAD,-1,2009-01-28 00:00:00+00:00,2009-01-29 00:00:00+00:00,0.6337000131607056,0.6517000198364258,65747.8507829346,2009-02-06 00:00:00+00:00,0.6517000198364258,stop,-1200.3642109202544,16.902457913174924,-1.0142822172919632,6
AUDCAD,-1,2009-01-29 00:00:00+00:00,2009-01-30 00:00:00+00:00,0.7954999804496765,0.8086000084877014,90903.25291923762,2009-02-06 00:00:00+00:00,0.8086000084877014,stop,-1219.998743390106,29.16358140042415,-1.0244900237508077,5
NZDUSD,-1,2009-01-29 00:00:00+00:00,2009-01-30 00:00:00+00:00,0.5133997201919556,0.5230125784873962,123879.40458401311,2009-02-06 00:00:00+00:00,0.5230125784873962,stop,-1216.5131896824712,25.678027692789293,-1.0215630412272054,5
GBPAUD,1,2009-01-30 00:00:00+00:00,2009-02-02 00:00:00+00:00,2.262399911880493,2.1942999362945557,18006.545712208957,2009-02-06 00:00:00+00:00,2.1942999362945557,stop,-1242.2952772968492,16.04995390835175,-1.0130886973448352,4
GBPCHF,1,2009-02-05 00:00:00+00:00,2009-02-06 00:00:00+00:00,1.7130999565124512,1.669100046157837,25847.999795647724,2009-02-06 00:00:00+00:00,1.669100046157837,stop,-1154.7942948501598,17.484620995572268,-1.0153736676980096,0
USDCHF,1,2009-02-05 00:00:00+00:00,2009-02-06 00:00:00+00:00,1.1715999841690063,1.1576000452041626,81236.75943949237,2009-02-06 00:00:00+00:00,1.1576000452041626,stop,-1175.1530063491168,37.843332494529335,-1.03327443119891,0
USDJPY,1,2009-02-06 00:00:00+00:00,2009-02-09 00:00:00+00:00,92.02999877929688,90.7699966430664,829.8191899526082,2009-02-10 00:00:00+00:00,90.7699966430664,stop,-1075.9121408502688,30.3381888249452,-1.029015823095228,1
CADCHF,1,2009-02-09 00:00:00+00:00,2009-02-10 00:00:00+00:00,0.9560999870300293,0.941100001335144,69230.07266122349,2009-02-10 00:00:00+00:00,0.941100001335144,stop,-1064.7187581836977,26.268658609478663,-1.0252960239690374,0
EURGBP,-1,2009-02-05 00:00:00+00:00,2009-02-06 00:00:00+00:00,0.8741999864578247,0.8924999833106995,62148.08029739781,2009-02-11 00:00:00+00:00,0.8924999833106995,stop,-1159.2690761711044,21.959402316516908,-1.0193081997114222,3
GBPNZD,1,2009-01-29 00:00:00+00:00,2009-01-30 00:00:00+00:00,2.781599998474121,2.7179999351501465,18723.80465918162,2009-02-12 00:00:00+00:00,2.7179999351501465,stop,-1211.4298489618477,20.594686972165796,-1.0172943221946484,9
USDJPY,1,2009-02-17 00:00:00+00:00,2009-02-18 00:00:00+00:00,92.27999877929688,91.61469680070877,1502.4826267902308,2009-02-18 00:00:00+00:00,93.61060273647308,target,1943.3498489433796,55.85947985220602,1.9441184281729433,0
EURCHF,-1,2009-02-17 00:00:00+00:00,2009-02-18 00:00:00+00:00,1.4708000421524048,1.486299991607666,64490.83381097683,2009-02-19 00:00:00+00:00,1.486299991607666,stop,-1037.7458337657238,38.14116936793094,-1.0381562538935418,1
EURUSD,-1,2009-02-17 00:00:00+00:00,2009-02-18 00:00:00+00:00,1.2596044540405273,1.279361367225647,50595.18433024588,2009-02-20 00:00:00+00:00,1.279361367225647,stop,-1025.296553144824,25.691888747031243,-1.0257020496823204,2
CADJPY,1,2009-02-24 00:00:00+00:00,2009-02-25 00:00:00+00:00,77.81500244140625,75.2300033569336,386.2313704539659,2009-03-02 00:00:00+00:00,75.2300033569336,stop,-1010.2298954842468,11.822156466125591,-1.0118410104450433,3
GBPJPY,1,2009-02-24 00:00:00+00:00,2009-02-25 00:00:00+00:00,140.22999572753906,136.25900268554688,251.42520484428624,2009-03-02 00:00:00+00:00,136.25900268554688,stop,-1012.3109996307614,13.903260612640334,-1.0139254335371173,3
CADCHF,-1,2009-03-02 00:00:00+00:00,2009-03-03 00:00:00+00:00,0.9107000231742859,0.9203000068664551,101495.11464852472,2009-03-04 00:00:00+00:00,0.9203000068664551,stop,-1011.5189570547668,37.16751159408744,-1.0381458987588552,1
AUDNZD,1,2009-03-03 00:00:00+00:00,2009-03-04 00:00:00+00:00,1.2897000312805176,1.2762000560760498,73357.37605674699,2009-03-04 00:00:00+00:00,1.2762000560760498,stop,-1027.9682973573533,37.64553952645113,-1.0380134044469562,0
NZDUSD,-1,2009-02-27 00:00:00+00:00,2009-03-02 00:00:00+00:00,0.4958103895187378,0.5081042647361755,79708.99523316676,2009-03-06 00:00:00+00:00,0.5081042647361755,stop,-995.9366467819943,16.00420567810223,-1.016331948006613,4
EURCAD,1,2009-03-09 00:00:00+00:00,2009-03-10 00:00:00+00:00,1.6389000415802002,1.6239999532699585,66277.67471240147,2009-03-10 00:00:00+00:00,1.6239999532699585,stop,-1030.79469110781,43.25148489555505,-1.0437970557880167,0
EURCHF,-1,2009-03-05 00:00:00+00:00,2009-03-06 00:00:00+00:00,1.467900037765503,1.4799000024795532,79808.08181583701,2009-03-11 00:00:00+00:00,1.4799000024795532,stop,-1004.745819043804,47.05165335772102,-1.0491301451377368,3
CADCHF,-1,2009-03-06 00:00:00+00:00,2009-03-09 00:00:00+00:00,0.8996000289916992,0.9097999930381775,93264.23762301753,2009-03-12 00:00:00+00:00,0.9097999930381775,stop,-985.0423332989225,33.75046272193751,-1.0354785568612785,3
USDCAD,1,2009-02-27 00:00:00+00:00,2009-03-02 00:00:00+00:00,1.27839994430542,1.2517999410629272,36839.5609643566,2009-03-18 00:00:00+00:00,1.2517999410629272,stop,-998.5747316896991,18.64229058580706,-1.019024056969485,12
GBPUSD,-1,2009-03-02 00:00:00+00:00,2009-03-03 00:00:00+00:00,1.4041986465454102,1.4286326169967651,39876.91838297394,2009-03-18 00:00:00+00:00,1.4286326169967651,stop,-996.9443616784812,22.59291621780165,-1.0231876458161557,11
USDJPY,1,2009-02-24 00:00:00+00:00,2009-02-25 00:00:00+00:00,96.55999755859375,94.28220558166504,438.32261643327786,2009-03-19 00:00:00+00:00,94.28220558166504,stop,-1015.137829779387,16.73009076126587,-1.016756771915369,16
NZDCAD,1,2009-03-11 00:00:00+00:00,2009-03-12 00:00:00+00:00,0.6586999893188477,0.6415796875953674,55493.9106173124,2009-03-20 00:00:00+00:00,0.6929405927658081,target,1885.1434228386745,15.001564329787598,1.9842100845660808,6
AUDJPY,1,2009-02-24 00:00:00+00:00,2009-02-25 00:00:00+00:00,62.900001525878906,60.22999954223633,373.93520496791274,2009-03-23 00:00:00+00:00,68.24000549316406,target,1987.0079049554101,9.80757308083187,1.9901767857984785,18
AUDCAD,1,2009-03-11 00:00:00+00:00,2009-03-12 00:00:00+00:00,0.8353999853134155,0.823199987411499,77874.80794853118,2009-03-23 00:00:00+00:00,0.8597999811172485,target,1873.7423128044331,26.402674364028893,1.972209831836703,7
NZDJPY,1,2009-03-12 00:00:00+00:00,2009-03-13 00:00:00+00:00,50.59199905395508,48.632999420166016,479.99304309328755,2009-03-23 00:00:00+00:00,54.5099983215332,target,1870.5227457710073,10.08964551108867,1.989269829808778,6
EURNZD,-1,2009-03-20 00:00:00+00:00,2009-03-23 00:00:00+00:00,2.4303998947143555,2.4565999507904053,37911.06171362269,2009-03-23 00:00:00+00:00,2.377999782562256,target,1950.085578217199,36.4583073817994,1.9632947375126262,0
EURJPY,1,2009-02-24 00:00:00+00:00,2009-02-25 00:00:00+00:00,124.25,120.1103286743164,241.18043691626934,2009-03-24 00:00:00+00:00,132.5293426513672,target,1984.4294472258964,12.386030810345837,1.9875942159437519,19
AUDCHF,1,2009-03-23 00:00:00+00:00,2009-03-24 00:00:00+00:00,0.791700005531311,0.7770000100135803,70218.59021139886,2009-03-25 00:00:00+00:00,0.7770000100135803,stop,-1054.2433420801651,22.03038071123235,-1.021342863862139,1
NZDCHF,1,2009-03-23 00:00:00+00:00,2009-03-24 00:00:00+00:00,0.6420999765396118,0.6304000020027161,88223.52203535654,2009-03-25 00:00:00+00:00,0.6304000020027161,stop,-1054.665847348317,22.452885979383957,-1.0217521837253494,1
GBPJPY,1,2009-03-24 00:00:00+00:00,2009-03-25 00:00:00+00:00,144.56900024414062,141.27000427246094,305.41771942883946,2009-03-25 00:00:00+00:00,141.27000427246094,stop,-1025.0318854519924,17.46005937665404,-1.0173288483508554,0
EURCAD,1,2009-03-18 00:00:00+00:00,2009-03-19 00:00:00+00:00,1.6825000047683716,1.6500237453728914,29760.166746524505,2009-03-27 00:00:00+00:00,1.6500237453728914,stop,-986.3341874110639,19.835292498191432,-1.0205228299821072,6
CHFJPY,1,2009-03-23 00:00:00+00:00,2009-03-24 00:00:00+00:00,86.24199676513672,85.18000030517578,971.955180911714,2009-03-27 00:00:00+00:00,85.18000030517578,stop,-1065.5358610038775,33.32289963494458,-1.0322829695828963,3
NZDUSD,1,2009-03-26 00:00:00+00:00,2009-03-27 00:00:00+00:00,0.5780012607574463,0.5684078931808472,107157.07567663808,2009-03-27 00:00:00+00:00,0.5684078931808472,stop,-1052.5663858924295,24.56917049299127,-1.0239000360360362,0
NZDJPY,1,2009-03-26 00:00:00+00:00,2009-03-27 00:00:00+00:00,56.9640007019043,55.44599914550781,677.2043223985584,2009-03-30 00:00:00+00:00,55.44599914550781,stop,-1043.222122954936,15.224907555497754,-1.014810261474864,1
AUDNZD,-1,2009-03-19 00:00:00+00:00,2009-03-20 00:00:00+00:00,1.2346999645233154,1.248900055885315,68529.75982314273,2009-03-31 00:00:00+00:00,1.2062997817993164,target,1912.8014757402518,33.456225268768456,1.965619943082128,7
AUDUSD,1,2009-03-18 00:00:00+00:00,2009-03-19 00:00:00+00:00,0.6784260869026184,0.6581197381019592,47595.89744077962,2009-04-02 00:00:00+00:00,0.7190387845039368,target,1919.6950708864333,13.302718939311738,1.9862361778070001,10
EURGBP,1,2009-03-09 00:00:00+00:00,2009-03-10 00:00:00+00:00,0.9150000214576721,0.8953999876976013,50384.77067443008,2009-04-07 00:00:00+00:00,0.9093000292778015,max_hold,-305.5761867683569,18.3833879395316,-0.30943070120486327,20
EURAUD,-1,2009-03-23 00:00:00+00:00,2009-03-24 00:00:00+00:00,1.934399962425232,1.972100019454956,27379.61272989847,2009-04-07 00:00:00+00:00,1.8589998483657837,target,2043.6535591880402,20.772363549825627,1.9798758935149614,10
GBPAUD,-1,2009-03-10 00:00:00+00:00,2009-03-11 00:00:00+00:00,2.126800060272217,2.175299882888794,19773.127691436894,2009-04-08 00:00:00+00:00,2.0692999362945557,max_hold,1120.3632894761151,16.59400420763054,1.1682703342296592,20
AUDCHF,1,2009-04-01 00:00:00+00:00,2009-04-02 00:00:00+00:00,0.8004000186920166,0.782800018787384,56092.84015929948,2009-04-13 00:00:00+00:00,0.8356000185012817,target,1956.114385191103,18.353577717378336,1.981409090385703,7
EURAUD,-1,2009-04-07 00:00:00+00:00,2009-04-08 00:00:00+00:00,1.8650000095367432,1.8882999420166016,43727.49417797318,2009-04-14 00:00:00+00:00,1.8184001445770264,target,2005.4821519615216,32.21317175883107,1.9683827396727618,4
EURGBP,-1,2009-04-07 00:00:00+00:00,2009-04-08 00:00:00+00:00,0.9009000062942505,0.9110000133514404,100875.93563955821,2009-04-15 00:00:00+00:00,0.8806999921798706,target,2001.7512103640502,35.94411335630249,1.9647208167601062,5
GBPAUD,-1,2009-04-09 00:00:00+00:00,2009-04-10 00:00:00+00:00,2.0404000282287598,2.0785999298095703,27824.632088722406,2009-04-15 00:00:00+00:00,2.0785999298095703,stop,-1085.8201389926348,22.921931681175913,-1.0215655003682391,3
NZDJPY,1,2009-04-02 00:00:00+00:00,2009-04-03 00:00:00+00:00,58.0890007019043,55.69407272338867,426.2854528702167,2009-04-20 00:00:00+00:00,55.69407272338867,stop,-1030.623771709899,9.700813796813227,-1.0095020037718057,11
AUDUSD,1,2009-04-02 00:00:00+00:00,2009-04-03 00:00:00+00:00,0.7170000672340393,0.6977880001068115,53139.67264179555,2009-04-20 00:00:00+00:00,0.6977880001068115,stop,-1035.9592328642882,15.036274951202284,-1.0147281191344142,11
GBPJPY,1,2009-04-02 00:00:00+00:00,2009-04-03 00:00:00+00:00,146.6199951171875,142.3000030517578,236.32519283609838,2009-04-20 00:00:00+00:00,142.3000030517578,stop,-1034.578772769382,13.655814856296239,-1.0133759504088444,11
AUDJPY,1,2009-04-02 00:00:00+00:00,2009-04-03 00:00:00+00:00,71.3759994506836,68.62000274658203,370.4369299113151,2009-04-20 00:00:00+00:00,68.62000274658203,stop,-1031.2948957638484,10.37193785076256,-1.0101593737023646,11
USDCAD,-1,2009-04-14 00:00:00+00:00,2009-04-15 00:00:00+00:00,1.2136000394821167,1.2237999439239502,104213.43530482487,2009-04-20 00:00:00+00:00,1.2237999439239502,stop,-1113.7690467609448,50.80196509653388,-1.0477926042798873,3
EURAUD,-1,2009-04-15 00:00:00+00:00,2009-04-16 00:00:00+00:00,1.8164000511169434,1.8492000102996826,32991.00361235831,2009-04-20 00:00:00+00:00,1.8492000102996826,stop,-1106.2899368564874,24.186364973531354,-1.0223512477012204,2
EURCAD,-1,2009-04-15 00:00:00+00:00,2009-04-16 00:00:00+00:00,1.5917999744415283,1.6125999689102173,52024.22402140002,2009-04-21 00:00:00+00:00,1.6125999689102173,stop,-1115.4448559843745,33.34128410141855,-1.0308115461105094,3
EURNZD,-1,2009-03-26 00:00:00+00:00,2009-03-27 00:00:00+00:00,2.34060001373291,2.391400098800659,20236.131770812193,2009-04-24 00:00:00+00:00,2.3408000469207764,max_hold,-22.994583648051517,18.94668569985524,-0.022368332621520527,20
AUDCAD,1,2009-03-31 00:00:00+00:00,2009-04-01 00:00:00+00:00,0.8723000288009644,0.8575000166893005,65545.53962563018,2009-04-28 00:00:00+00:00,0.8575000166893005,stop,-992.7509158100871,22.67613548521981,-1.0233756571608075,19
AUDNZD,1,2009-04-15 00:00:00+00:00,2009-04-16 00:00:00+00:00,1.2532000541687012,1.2378000020980835,70266.22812188674,2009-04-29 00:00:00+00:00,1.2840001583099365,target,2128.5512459817273,35.655897784184695,1.9670494593025507,9
CHFJPY,-1,2009-04-27 00:00:00+00:00,2009-04-28 00:00:00+00:00,83.45099639892578,85.13999938964844,569.575843570595,2009-04-29 00:00:00+00:00,85.13999938964844,stop,-981.2203749630515,19.20507172893676,-1.0199633744539955,1
EURJPY,-1,2009-04-27 00:00:00+00:00,2009-04-28 00:00:00+00:00,125.72000122070312,128.11000061035156,402.5169660715372,2009-04-29 00:00:00+00:00,128.11000061035156,stop,-982.4494796811084,20.434176446993774,-1.0212410097617968,1
USDCAD,-1,2009-04-30 00:00:00+00:00,2009-05-01 00:00:00+00:00,1.194000005722046,1.2035000324249268,100884.87382307975,2009-05-04 00:00:00+00:00,1.1749999523162842,target,1869.018738101332,47.799252370715635,1.950126456858907,1
EURCHF,-1,2009-04-24 00:00:00+00:00,2009-04-27 00:00:00+00:00,1.5041999816894531,1.514299988746643,97019.22749090567,2009-05-05 00:00:00+00:00,1.514299988746643,stop,-1038.46538940387,58.57050706260633,-1.059772234877545,6
NZDCAD,-1,2009-04-30 00:00:00+00:00,2009-05-01 00:00:00+00:00,0.6747999787330627,0.6834999918937683,110161.78683094053,2009-05-05 00:00:00+00:00,0.6834999918937683,stop,-988.3355455993569,29.92655036333315,-1.0312252394458832,2
AUDUSD,1,2009-05-04 00:00:00+00:00,2009-05-05 00:00:00+00:00,0.7408505082130432,0.7316359877586365,105737.85144998644,2009-05-07 00:00:00+00:00,0.7592795491218567,target,1916.9230841502151,31.72410583162746,1.9674398670064814,2
GBPUSD,1,2009-05-05 00:00:00+00:00,2009-05-06 00:00:00+00:00,1.5071817636489868,1.4970173500478268,94472.24178959265,2009-05-07 00:00:00+00:00,1.4970173500478268,stop,-1017.0176243888654,56.762685010649065,-1.059112098967597,1
AUDNZD,1,2009-04-29 00:00:00+00:00,2009-04-30 00:00:00+00:00,1.2835999727249146,1.260382299311459,41347.295536899735,2009-05-11 00:00:00+00:00,1.260382299311459,stop,-981.025361673868,21.037357368504317,-1.0219141877545925,7
EURCAD,-1,2009-05-05 00:00:00+00:00,2009-05-06 00:00:00+00:00,1.5636999607086182,1.5742000341415405,91452.21178809983,2009-05-11 00:00:00+00:00,1.5742000341415405,stop,-1017.6485183579991,57.393578979782816,-1.0597691057095173,3
NZDUSD,1,2009-05-07 00:00:00+00:00,2009-05-08 00:00:00+00:00,0.5941064357757568,0.5865102410316467,127722.10732542496,2009-05-11 00:00:00+00:00,0.609298825263977,target,1909.6637095628207,30.74029118129959,1.9683155763753206,1
CADJPY,1,2009-05-01 00:00:00+00:00,2009-05-04 00:00:00+00:00,83.9000015258789,82.59200286865234,734.3175994415625,2009-05-12 00:00:00+00:00,82.59200286865234,stop,-984.9380358460378,24.451601798641253,-1.0254575191609991,6
AUDJPY,1,2009-05-07 00:00:00+00:00,2009-05-08 00:00:00+00:00,74.86199951171875,73.54000091552734,733.8903408575095,2009-05-12 00:00:00+00:00,73.54000091552734,stop,-991.9841593075578,21.782158935497584,-1.0224511585496057,2
AUDCHF,1,2009-05-06 00:00:00+00:00,2009-05-07 00:00:00+00:00,0.8483999967575073,0.8348000049591064,72519.17426151817,2009-05-13 00:00:00+00:00,0.8348000049591064,stop,-1010.6730300317462,24.412854848294963,-1.024752956129202,4
GBPUSD,1,2009-05-12 00:00:00+00:00,2009-05-13 00:00:00+00:00,1.5269973278045654,1.5080909729003906,50082.61454800435,2009-05-14 00:00:00+00:00,1.5080909729003906,stop,-977.2807166702312,30.40103149667277,-1.0321065410660917,1
GBPAUD,-1,2009-05-07 00:00:00+00:00,2009-05-08 00:00:00+00:00,1.9890999794006348,2.023699998855591,28040.50447529705,2009-05-15 00:00:00+00:00,2.023699998855591,stop,-992.7061875218134,22.504187149753122,-1.0231953625545227,5
USDJPY,-1,2009-05-13 00:00:00+00:00,2009-05-14 00:00:00+00:00,95.4000015258789,96.66799926757812,730.7181540165766,2009-05-19 00:00:00+00:00,96.66799926757812,stop,-954.6184841087309,28.06951499708986,-1.0302946913037985,3
AUDCAD,1,2009-05-19 00:00:00+00:00,2009-05-20 00:00:00+00:00,0.8946099877357483,0.8881999850273132,141763.9993916637,2009-05-20 00:00:00+00:00,0.8881999850273132,stop,-959.2552744379973,50.54765437884693,-1.055625872682301,0
GBPUSD,1,2009-05-19 00:00:00+00:00,2009-05-20 00:00:00+00:00,1.548107385635376,1.5300110578536987,50215.02876286469,2009-05-21 00:00:00+00:00,1.5843000411987305,target,1785.9564543112033,31.45878580709713,1.9653807395110767,1
EURGBP,-1,2009-05-20 00:00:00+00:00,2009-05-21 00:00:00+00:00,0.8743000030517578,0.8844000101089478,90725.08957508247,2009-05-21 00:00:00+00:00,0.8844000101089478,stop,-948.2356882184632,31.911643245940745,-1.0348257185010328,0
GBPCHF,1,2009-05-20 00:00:00+00:00,2009-05-21 00:00:00+00:00,1.7329000234603882,1.7100000381469727,40014.17609799563,2009-05-21 00:00:00+00:00,1.7100000381469727,stop,-943.8770068431139,27.55296187059139,-1.0300690154555723,0
NZDUSD,1,2009-05-22 00:00:00+00:00,2009-05-25 00:00:00+00:00,0.6170935034751892,0.6109192869625986,150990.08637381354,2009-05-26 00:00:00+00:00,0.6109192869625986,stop,-969.3290359859574,37.08355145926987,-1.0397787407660093,1
USDJPY,-1,2009-05-21 00:00:00+00:00,2009-05-22 00:00:00+00:00,94.12999725341797,95.20999908447266,848.1554749032556,2009-05-27 00:00:00+00:00,95.20999908447266,stop,-948.127416817003,32.11795090242886,-1.0350629028384126,3
GBPCHF,1,2009-05-27 00:00:00+00:00,2009-05-28 00:00:00+00:00,1.7431999444961548,1.7264000177383423,53857.855327173835,2009-05-28 00:00:00+00:00,1.7264000177383423,stop,-942.181067391221,37.37304256183867,-1.041304941530427,0
AUDUSD,1,2009-05-19 00:00:00+00:00,2009-05-20 00:00:00+00:00,0.7747734189033508,0.7633005380630493,79204.83379092334,2009-05-29 00:00:00+00:00,0.7977191805839539,target,1792.5054371223307,24.90980299596979,1.9725876591699008,7
USDCAD,-1,2009-05-20 00:00:00+00:00,2009-05-21 00:00:00+00:00,1.1409000158309937,1.1581000089645386,53274.67504538869,2009-05-29 00:00:00+00:00,1.1065000295639038,target,1808.702188521964,23.945901423080993,1.973867430900169,6
EURUSD,1,2009-05-20 00:00:00+00:00,2009-05-21 00:00:00+00:00,1.3774104118347168,1.3584926128387451,48437.138229856595,2009-05-29 00:00:00+00:00,1.4152460098266602,target,1805.5944329201434,27.05365702490176,1.9704758844064678,6
GBPJPY,1,2009-05-26 00:00:00+00:00,2009-05-27 00:00:00+00:00,151.47900390625,149.57000732421875,484.622990650145,2009-05-29 00:00:00+00:00,155.2969970703125,target,1820.5531248391878,29.73414061059071,1.9678599737826519,2
EURGBP,-1,2009-05-27 00:00:00+00:00,2009-05-28 00:00:00+00:00,0.866599977016449,0.8779000043869019,80071.31267622049,2009-05-29 00:00:00+00:00,0.8779000043869019,stop,-932.7449055243039,27.936880694921708,-1.030876031078736,1
AUDJPY,1,2009-05-29 00:00:00+00:00,2009-06-01 00:00:00+00:00,76.33999633789062,75.47399085760117,1098.5403304389586,2009-06-01 00:00:00+00:00,78.07200729846954,target,1868.7583302585774,33.925562699685756,1.964339254854427,0
NZDCHF,1,2009-05-29 00:00:00+00:00,2009-06-01 00:00:00+00:00,0.682699978351593,0.6739000082015991,108107.40607793895,2009-06-03 00:00:00+00:00,0.6739000082015991,stop,-980.6736476054581,29.331701126326493,-1.0308319224595128,2
EURNZD,-1,2009-05-29 00:00:00+00:00,2009-06-01 00:00:00+00:00,2.207200050354004,2.2383999824523926,30491.795414140142,2009-06-03 00:00:00+00:00,2.2383999824523926,stop,-978.452811817817,27.11086533868547,-1.0284974981277988,2
EURAUD,-1,2009-06-01 00:00:00+00:00,2009-06-02 00:00:00+00:00,1.7470999956130981,1.7647000551223755,57505.41389070425,2009-06-03 00:00:00+00:00,1.7647000551223755,stop,-1052.4882096658068,40.38950308378792,-1.0399066838255215,1
USDCAD,-1,2009-05-29 00:00:00+00:00,2009-06-01 00:00:00+00:00,1.090399980545044,1.115399956703186,38053.71415001509,2009-06-04 00:00:00+00:00,1.115399956703186,stop,-968.1297225359646,16.787776056833074,-1.0176464163269199,3
GBPCAD,1,2009-06-03 00:00:00+00:00,2009-06-04 00:00:00+00:00,1.8108999729156494,1.7924000024795532,50338.93935480921,2009-06-04 00:00:00+00:00,1.7924000024795532,stop,-967.5461496361304,36.27725978772092,-1.0389546565800412,0
USDCHF,-1,2009-05-08 00:00:00+00:00,2009-05-11 00:00:00+00:00,1.1055999994277954,1.1298738261684775,41123.83083927705,2009-06-08 00:00:00+00:00,1.0886000394821167,max_hold,681.0566948350436,18.04678224553327,0.6822624267207463,20
EURUSD,1,2009-05-29 00:00:00+00:00,2009-06-01 00:00:00+00:00,1.4118908643722534,1.3927963972091675,49822.91144098001,2009-06-08 00:00:00+00:00,1.3927963972091675,stop,-979.2894834898146,27.947537010683178,-1.029376962840875,5
NZDUSD,1,2009-05-29 00:00:00+00:00,2009-06-01 00:00:00+00:00,0.6397134065628052,0.6232082843780518,57639.1944167449,2009-06-08 00:00:00+00:00,0.6232082843780518,stop,-965.9007042545843,14.558757775452854,-1.0153033909934635,5
AUDJPY,1,2009-06-11 00:00:00+00:00,2009-06-12 00:00:00+00:00,80.11299896240234,78.70999908447266,662.143739224075,2009-06-15 00:00:00+00:00,78.70999908447266,stop,-950.0203160635912,21.032730760307157,-1.0226404863671463,1
CADJPY,1,2009-05-28 00:00:00+00:00,2009-05-29 00:00:00+00:00,86.79100036621094,85.04000091552734,522.3284700538031,2009-06-16 00:00:00+00:00,85.04000091552734,stop,-932.5473089420719,17.95044480146069,-1.019626619667374,12
GBPJPY,1,2009-06-10 00:00:00+00:00,2009-06-11 00:00:00+00:00,160.50999450683594,158.4600067138672,442.5511295069211,2009-06-16 00:00:00+00:00,158.4600067138672,stop,-935.4565201175299,28.232106863809236,-1.0311192098133206,3
EURAUD,-1,2009-06-11 00:00:00+00:00,2009-06-12 00:00:00+00:00,1.718999981880188,1.7426999807357788,39197.79030217701,2009-06-16 00:00:00+00:00,1.7426999807357788,stop,-956.1257831480191,27.138197844734933,-1.0292126593229716,2
GBPAUD,1,2009-06-16 00:00:00+00:00,2009-06-17 00:00:00+00:00,2.06820011138916,2.044800043106079,37035.56517632707,2009-06-18 00:00:00+00:00,2.044800043106079,stop,-897.1002110869628,30.465457058410355,-1.0351537448928647,1
CADCHF,-1,2009-06-17 00:00:00+00:00,2009-06-18 00:00:00+00:00,0.9532999992370605,0.9613000154495239,106896.7490719659,2009-06-18 00:00:00+00:00,0.9613000154495239,stop,-896.1086291039836,40.93290346862681,-1.0478649033661656,0
GBPCAD,1,2009-06-11 00:00:00+00:00,2009-06-12 00:00:00+00:00,1.8274999856948853,1.8066999912261963,44662.876555170486,2009-06-19 00:00:00+00:00,1.8690999746322632,target,1824.9550130661805,33.02015754038791,1.9644557601600157,5
EURJPY,1,2009-05-28 00:00:00+00:00,2009-05-29 00:00:00+00:00,134.83700561523438,131.95399475097656,317.2367039886477,2009-06-23 00:00:00+00:00,131.95399475097656,stop,-931.5240436626132,16.927179522002174,-1.018507804023478,17
AUDUSD,1,2009-05-29 00:00:00+00:00,2009-06-01 00:00:00+00:00,0.8010895252227783,0.7832080125808716,53202.54306951563,2009-06-23 00:00:00+00:00,0.7832080125808716,stop,-968.1996780771167,16.85773159798525,-1.0177199498670009,16
CADCHF,-1,2009-06-22 00:00:00+00:00,2009-06-23 00:00:00+00:00,0.9416999816894531,0.9542999863624573,67792.24942843245,2009-06-24 00:00:00+00:00,0.9542999863624573,stop,-879.8894801418069,25.706820550095017,-1.0300952264266083,1
NZDCAD,1,2009-06-18 00:00:00+00:00,2009-06-19 00:00:00+00:00,0.723800003528595,0.7139999866485596,86559.15218463272,2009-06-25 00:00:00+00:00,0.7434000372886658,target,1671.1623867382275,25.399918323680126,1.970057193599202,4
GBPCAD,1,2009-06-19 00:00:00+00:00,2009-06-22 00:00:00+00:00,1.867300033569336,1.8461999893188477,41050.7883567249,2009-06-26 00:00:00+00:00,1.9095001220703125,target,1701.3387769176873,31.008124770961775,1.9642010214689265,4
AUDCAD,1,2009-06-11 00:00:00+00:00,2009-06-12 00:00:00+00:00,0.9041000008583069,0.8884999752044678,59550.38830815407,2009-06-29 00:00:00+00:00,0.9353000521659851,target,1836.0677731242413,21.907397482327156,1.9764179868182254,11
EURNZD,-1,2009-06-29 00:00:00+00:00,2009-06-30 00:00:00+00:00,2.1572000980377197,2.1803998947143555,38889.970596546955,2009-07-01 00:00:00+00:00,2.1803998947143555,stop,-935.9772378357738,33.7378272355421,-1.0373934310995099,1
NZDCAD,1,2009-06-29 00:00:00+00:00,2009-06-30 00:00:00+00:00,0.7545999884605408,0.7426999807357788,75818.38864884262,2009-07-01 00:00:00+00:00,0.7426999807357788,stop,-924.9439847979173,22.704574197685332,-1.0251646890292463,1
NZDCHF,1,2009-06-24 00:00:00+00:00,2009-06-25 00:00:00+00:00,0.7006999850273132,0.6832024101167917,49752.11566531051,2009-07-02 00:00:00+00:00,0.6832024101167917,stop,-884.3117852172433,13.770414406541953,-1.0158182194072156,5
GBPCHF,1,2009-06-24 00:00:00+00:00,2009-06-25 00:00:00+00:00,1.8025000095367432,1.7668553590774536,24422.777600385325,2009-07-02 00:00:00+00:00,1.7668553590774536,stop,-887.9760852795825,17.434714468881182,-1.020027439307847,5
GBPCAD,1,2009-06-26 00:00:00+00:00,2009-06-29 00:00:00+00:00,1.9043999910354614,1.8869999647140503,50779.93563213538,2009-07-02 00:00:00+00:00,1.8869999647140503,stop,-922.0776257404469,38.50540914172822,-1.0435792439127993,3
EURGBP,-1,2009-06-10 00:00:00+00:00,2009-06-11 00:00:00+00:00,0.8546000123023987,0.8633000254631042,104278.5104453963,2009-07-06 00:00:00+00:00,0.8633000254631042,stop,-943.052424660176,35.828011406455346,-1.0394918951507928,17
CADJPY,-1,2009-07-06 00:00:00+00:00,2009-07-07 00:00:00+00:00,82.02999877929688,82.7323226928711,1184.6662799095163,2009-07-08 00:00:00+00:00,80.62535095214844,target,1625.5004543561784,38.53846161474654,1.9536808169029385,1
GBPJPY,-1,2009-07-07 00:00:00+00:00,2009-07-08 00:00:00+00:00,152.69000244140625,155.30999755859375,321.6366668558693,2009-07-08 00:00:00+00:00,147.45001220703125,target,1666.0657865613612,19.307206780319042,1.9770885058006802,0
GBPUSD,-1,2009-07-08 00:00:00+00:00,2009-07-09 00:00:00+00:00,1.605703353881836,1.6165398908779025,79723.37326742067,2009-07-09 00:00:00+00:00,1.6165398908779025,stop,-915.3029040557097,51.377620192081075,-1.0594699809713997,0
AUDUSD,-1,2009-07-08 00:00:00+00:00,2009-07-09 00:00:00+00:00,0.7776049971580505,0.7891414165496826,74886.778517282,2009-07-14 00:00:00+00:00,0.7891414165496826,stop,-887.391002198844,23.465718335215378,-1.0271617450878072,3
NZDJPY,-1,2009-07-08 00:00:00+00:00,2009-07-09 00:00:00+00:00,58.02799987792969,59.55500030517578,565.7662358495184,2009-07-14 00:00:00+00:00,59.55500030517578,stop,-877.2301821463266,13.304898282697762,-1.0154005196180806,3
EURAUD,1,2009-07-08 00:00:00+00:00,2009-07-09 00:00:00+00:00,1.7861000299453735,1.7630000114440918,37399.332983897504,2009-07-14 00:00:00+00:00,1.7630000114440918,stop,-890.4720787118465,26.546794848217807,-1.0307281142756881,3
EURCAD,1,2009-06-22 00:00:00+00:00,2009-06-23 00:00:00+00:00,1.5976999998092651,1.5773999691009521,42077.89987440358,2009-07-15 00:00:00+00:00,1.5773999691009521,stop,-880.9029673083171,26.72030771660521,-1.03128172577207,16
EURJPY,-1,2009-07-08 00:00:00+00:00,2009-07-09 00:00:00+00:00,128.76800537109375,131.87399291992188,278.1483409969186,2009-07-15 00:00:00+00:00,131.87399291992188,stop,-878.4247117473823,14.499427883753537,-1.0167831965964806,4
AUDJPY,-1,2009-07-08 00:00:00+00:00,2009-07-09 00:00:00+00:00,72.06230163574219,74.6990966796875,327.64218282623057,2009-07-15 00:00:00+00:00,74.6990966796875,stop,-873.5423288433682,9.617044979739452,-1.0111318017418478,4
CHFJPY,-1,2009-07-08 00:00:00+00:00,2009-07-09 00:00:00+00:00,85.09200286865234,86.97769927978516,458.14653873400255,2009-07-15 00:00:00+00:00,86.97769927978516,stop,-879.6919115556882,15.766627692059481,-1.0182499898851765,4
USDJPY,-1,2009-07-08 00:00:00+00:00,2009-07-09 00:00:00+00:00,92.79000091552734,94.56875252723694,485.6919190832341,2009-07-22 00:00:00+00:00,94.56875252723694,stop,-882.1250103669604,18.19972650333174,-1.0210663200201056,9
GBPCAD,-1,2009-07-15 00:00:00+00:00,2009-07-16 00:00:00+00:00,1.8335000276565552,1.857100009918213,32947.44143255763,2009-07-23 00:00:00+00:00,1.7863000631332397,target,1531.2654364529603,23.852630297772713,1.969323704987094,5
EURUSD,1,2009-07-17 00:00:00+00:00,2009-07-20 00:00:00+00:00,1.4226977825164795,1.4068259000778198,49291.003513332515,2009-07-28 00:00:00+00:00,1.4068259000778198,stop,-810.235025403137,27.894012355962637,-1.0356545443620768,6
USDCAD,-1,2009-07-15 00:00:00+00:00,2009-07-16 00:00:00+00:00,1.1155999898910522,1.134600043296814,40924.04462082057,2009-07-31 00:00:00+00:00,1.0775998830795288,target,1537.1671448579677,17.950921892765216,1.976913750439191,11
NZDCAD,-1,2009-07-22 00:00:00+00:00,2009-07-23 00:00:00+00:00,0.7135999798774719,0.7246000170707703,71514.52038845888,2009-08-06 00:00:00+00:00,0.7246000170707703,stop,-807.2328207348274,20.570436600887316,-1.0261490024383635,10
AUDCHF,1,2009-07-27 00:00:00+00:00,2009-07-28 00:00:00+00:00,0.8865000009536743,0.8787999749183655,106388.95814452828,2009-08-06 00:00:00+00:00,0.901900053024292,target,1600.3422914668333,38.053203697666795,1.9535482076092427,7
GBPNZD,-1,2009-07-17 00:00:00+00:00,2009-07-20 00:00:00+00:00,2.5153000354766846,2.5452001094818115,26165.18651134531,2009-08-10 00:00:00+00:00,2.4363999366760254,target,2038.5233702189,25.912430663919807,2.605671102782872,15
GBPAUD,-1,2009-07-20 00:00:00+00:00,2009-07-21 00:00:00+00:00,2.014899969100952,2.0306999683380127,50009.43579317722,2009-08-10 00:00:00+00:00,1.969099998474121,target,2250.583172276217,39.84751811569315,2.848302076354308,14
GBPJPY,1,2009-07-31 00:00:00+00:00,2009-08-03 00:00:00+00:00,161.2899932861328,158.3273162841797,276.70613970510516,2009-08-10 00:00:00+00:00,158.3273162841797,stop,-837.47893078637,17.688014382826548,-1.0215762507596748,5
EURJPY,1,2009-08-06 00:00:00+00:00,2009-08-07 00:00:00+00:00,138.1699981689453,137.00399780273438,734.2925690254863,2009-08-10 00:00:00+00:00,137.00399780273438,stop,-896.5970484758977,40.4116440862107,-1.047199641431656,1
AUDCAD,1,2009-08-10 00:00:00+00:00,2009-08-11 00:00:00+00:00,0.9128000140190125,0.9092000126838684,137747.49338921974,2009-08-11 00:00:00+00:00,0.9092000126838684,stop,-546.086347440619,50.19518732668266,-1.1012221861651048,0
GBPAUD,-1,2009-08-12 00:00:00+00:00,2009-08-13 00:00:00+00:00,1.9681999683380127,1.9802000522613525,64457.25941082783,2009-08-13 00:00:00+00:00,1.9802000522613525,stop,-824.3931312755192,50.90060887709825,-1.065806206786935,0
NZDUSD,1,2009-07-17 00:00:00+00:00,2009-07-20 00:00:00+00:00,0.6575918793678284,0.6425083875656128,51867.367537022044,2009-08-17 00:00:00+00:00,0.6684045195579529,max_hold,547.0679942715936,13.755188515170241,0.6992705037165244,20
AUDCAD,1,2009-08-12 00:00:00+00:00,2009-08-13 00:00:00+00:00,0.9146000146865845,0.9074000120162964,117467.3415562963,2009-08-18 00:00:00+00:00,0.9074000120162964,stop,-888.5702727674337,42.80509989045766,-1.0506110930825523,3
CADJPY,1,2009-07-22 00:00:00+00:00,2009-07-23 00:00:00+00:00,87.27799987792969,85.04031372070312,351.5517051367681,2009-08-20 00:00:00+00:00,86.51599884033203,max_hold,-280.102279401831,12.219515318388439,-0.3560641579553901,20
USDCHF,-1,2009-08-20 00:00:00+00:00,2009-08-21 00:00:00+00:00,1.0578999519348145,1.063099980354309,115158.95988939973,2009-08-25 00:00:00+00:00,1.063099980354309,stop,-647.6802934099012,48.85042922558054,-1.0815764746337773,2
AUDJPY,1,2009-07-29 00:00:00+00:00,2009-07-30 00:00:00+00:00,78.82599639892578,77.38999938964844,568.114295575556,2009-08-27 00:00:00+00:00,78.47709655761719,max_hold,-216.0882147408275,17.873227169372523,-0.26487552372502243,20
NZDUSD,1,2009-08-20 00:00:00+00:00,2009-08-21 00:00:00+00:00,0.6827803254127502,0.6772773265838623,147588.20529191144,2009-08-31 00:00:00+00:00,0.6772773265838623,stop,-852.3234144694037,40.14569359034222,-1.0494296907663148,6
NZDCHF,1,2009-08-06 00:00:00+00:00,2009-08-07 00:00:00+00:00,0.7262099981307983,0.7169143718201667,92106.26328754707,2009-09-01 00:00:00+00:00,0.7169143718201667,stop,-882.7695630247629,26.584158635075816,-1.0310495349474285,17
AUDCHF,-1,2009-08-31 00:00:00+00:00,2009-09-01 00:00:00+00:00,0.8812000155448914,0.8889243006706238,103974.22266449238,2009-09-02 00:00:00+00:00,0.8889243006706238,stop,-839.9360015465342,36.80945995960486,-1.0458327026359653,1
EURCAD,1,2009-08-25 00:00:00+00:00,2009-08-26 00:00:00+00:00,1.5633000135421753,1.5520999431610107,72470.5561335948,2009-09-04 00:00:00+00:00,1.5520999431610107,stop,-856.8302827465694,45.154953488171415,-1.0556317924919907,7
CADJPY,-1,2009-08-28 00:00:00+00:00,2009-08-31 00:00:00+00:00,84.90499877929688,85.76100158691406,946.030337735075,2009-09-07 00:00:00+00:00,86.23999786376953,stop_gap,-1295.3313065548648,32.38167179518168,-1.5995602720191093,5
AUDNZD,-1,2009-08-13 00:00:00+00:00,2009-08-14 00:00:00+00:00,1.2282999753952026,1.2383695840835571,81935.10136465602,2009-09-08 00:00:00+00:00,1.2383695840835571,stop,-865.4757726605469,40.42136407780072,-1.0489923617852492,17
USDJPY,-1,2009-09-08 00:00:00+00:00,2009-09-09 00:00:00+00:00,92.08000183105469,92.36361694335938,1209.8775080305913,2009-09-11 00:00:00+00:00,91.51277160644531,target,641.8541371862258,44.42495344379749,1.870533856996826,2
EURCHF,-1,2009-09-11 00:00:00+00:00,2009-09-14 00:00:00+00:00,1.5124000310897827,1.5134760470828041,74829.39835481669,2009-09-14 00:00:00+00:00,1.5134760470828041,stop,-125.80252666313153,45.284897285177394,-1.5624221382948027,0
NZDUSD,1,2009-09-14 00:00:00+00:00,2009-09-15 00:00:00+00:00,0.7049203515052795,0.700721800327301,160098.8539915315,2009-09-16 00:00:00+00:00,0.7133174538612366,target,1298.9548145729811,45.41164946532879,1.9324415616127202,1
GBPNZD,-1,2009-09-04 00:00:00+00:00,2009-09-07 00:00:00+00:00,2.3582000732421875,2.3844808684661984,28359.589629382153,2009-09-18 00:00:00+00:00,2.3056384827941656,target,1464.1722258641773,26.45290950937624,1.9645076298773843,9
AUDCAD,1,2009-09-02 00:00:00+00:00,2009-09-03 00:00:00+00:00,0.9254999756813049,0.9211999773979187,126924.83320162212,2009-09-21 00:00:00+00:00,0.9340999722480774,target,1044.347247129581,47.20588264253641,1.9135069446369661,12
USDJPY,-1,2009-09-11 00:00:00+00:00,2009-09-14 00:00:00+00:00,90.84700012207031,91.73999786376953,844.545258957964,2009-09-21 00:00:00+00:00,92.01000213623047,stop_gap,-1013.0940400824257,30.886202864902735,-1.3433106922860047,5
AUDUSD,1,2009-09-21 00:00:00+00:00,2009-09-22 00:00:00+00:00,0.8758100867271423,0.8681459426879883,102754.26956822068,2009-09-22 00:00:00+00:00,0.8681459426879883,stop,-823.3633082012365,35.83978559232922,-1.04550947948018,0
GBPJPY,-1,2009-09-17 00:00:00+00:00,2009-09-18 00:00:00+00:00,148.50999450683594,149.86154174804688,574.9518460553943,2009-09-24 00:00:00+00:00,145.80690002441406,target,1520.3055543634011,33.8436083672066,1.956447412926898,4
GBPCHF,-1,2009-09-18 00:00:00+00:00,2009-09-21 00:00:00+00:00,1.67330002784729,1.6862605665810406,59496.39593456927,2009-09-24 00:00:00+00:00,1.6473789503797889,target,1502.6970018050515,39.51368625203985,1.9487570841545392,3
NZDCHF,1,2009-09-21 00:00:00+00:00,2009-09-22 00:00:00+00:00,0.7426000237464905,0.7358409345615655,116513.2610419388,2009-09-24 00:00:00+00:00,0.7358409345615655,stop,-821.9751180709953,34.451595462088136,-1.0437467510150769,2
EURNZD,-1,2009-09-04 00:00:00+00:00,2009-09-07 00:00:00+00:00,2.0692999362945557,2.0894241333007812,37035.64258768726,2009-09-25 00:00:00+00:00,2.0290515422821045,target,1460.2681192616967,30.357016111856964,1.9592694160436932,14
GBPCHF,-1,2009-09-25 00:00:00+00:00,2009-09-28 00:00:00+00:00,1.63919997215271,1.6516000032424927,65642.1452951443,2009-09-28 00:00:00+00:00,1.6516000032424927,stop,-857.1676764842534,43.20303402442984,-1.0530772858804642,0
CADJPY,-1,2009-09-24 00:00:00+00:00,2009-09-25 00:00:00+00:00,82.27100372314453,83.27875944972038,802.1333596922289,2009-09-29 00:00:00+00:00,83.27875944972038,stop,-834.9130842533914,26.558597546020593,-1.032855137174039,2
AUDCHF,1,2009-09-29 00:00:00+00:00,2009-09-30 00:00:00+00:00,0.9150999784469604,0.9083889126777649,117288.79328011804,2009-09-30 00:00:00+00:00,0.9083889126777649,stop,-829.9077680123979,42.774962319943924,-1.054342751325571,0
AUDJPY,-1,2009-10-01 00:00:00+00:00,2009-10-02 00:00:00+00:00,77.61599731445312,77.91669780015945,1534.457404859375,2009-10-05 00:00:00+00:00,78.45999908447266,stop_gap,-1342.9831593999163,47.898393679027365,-2.9105937998187086,1
EURJPY,-1,2009-09-25 00:00:00+00:00,2009-09-28 00:00:00+00:00,131.13800048828125,131.8800048828125,931.039789491713,2009-10-08 00:00:00+00:00,131.8800048828125,stop,-739.8116609569477,48.97604567064668,-1.070893921197664,8
EURGBP,1,2009-09-23 00:00:00+00:00,2009-09-24 00:00:00+00:00,0.9136999845504761,0.907224903581664,123061.92517670665,2009-10-09 00:00:00+00:00,0.9266501464881003,target,1548.3764533691833,45.29540602496231,1.9431559191335888,11
USDCAD,-1,2009-10-05 00:00:00+00:00,2009-10-06 00:00:00+00:00,1.0592999458312988,1.0703334752470255,72133.20260530768,2009-10-12 00:00:00+00:00,1.0347000360488892,target,1744.2608914171522,30.209384989694847,2.1916024215757326,4
GBPAUD,-1,2009-10-05 00:00:00+00:00,2009-10-06 00:00:00+00:00,1.787600040435791,1.8075955649837852,39803.09748243504,2009-10-12 00:00:00+00:00,1.7415000200271606,target,1806.8297835205847,28.093822746374855,2.2702180324192356,4
USDJPY,-1,2009-09-25 00:00:00+00:00,2009-09-28 00:00:00+00:00,89.66600036621094,90.61480712890625,857.8824208077547,2009-10-14 00:00:00+00:00,90.61480712890625,stop,-844.8965895716411,30.931947111817585,-1.038001585693379,12
GBPCAD,-1,2009-10-08 00:00:00+00:00,2009-10-09 00:00:00+00:00,1.6512999534606934,1.668496957514435,46391.64818166909,2009-10-14 00:00:00+00:00,1.668496957514435,stop,-828.5995319056318,30.802170065709994,-1.038609014693496,3
GBPCHF,-1,2009-10-09 00:00:00+00:00,2009-10-12 00:00:00+00:00,1.6217999458312988,1.6362577327527106,57023.223892562426,2009-10-14 00:00:00+00:00,1.6362577327527106,stop,-861.5866111027789,37.156990492155636,-1.045069936308978,2
CADJPY,1,2009-10-08 00:00:00+00:00,2009-10-09 00:00:00+00:00,86.11599731445312,85.06429290771484,758.5756575026459,2009-10-19 00:00:00+00:00,88.21940612792969,target,1569.1454050213847,26.449318658458914,1.9668470717959508,6
EURUSD,1,2009-10-12 00:00:00+00:00,2009-10-13 00:00:00+00:00,1.4848030805587769,1.4783495664596558,82656.33410166949,2009-10-20 00:00:00+00:00,1.497710108757019,target,1017.542913685831,49.30472132774446,1.9075693290970888,5
CHFJPY,1,2009-10-14 00:00:00+00:00,2009-10-15 00:00:00+00:00,89.29340362548828,88.55066718161106,1088.7591787999331,2009-10-21 00:00:00+00:00,90.77887651324272,target,1578.1111718313946,39.211069569695255,1.9515111230576703,4
NZDJPY,1,2009-10-20 00:00:00+00:00,2009-10-21 00:00:00+00:00,68.822998046875,68.10572052001953,1151.473593642324,2009-10-27 00:00:00+00:00,68.10572052001953,stop,-857.4600922153572,31.533960728212094,-1.0381801223209062,4
EURAUD,-1,2009-10-14 00:00:00+00:00,2009-10-15 00:00:00+00:00,1.6217000484466553,1.6311999559402466,74797.53621594085,2009-10-28 00:00:00+00:00,1.6311999559402466,stop,-759.2314559769765,48.66178117699269,-1.068482772207652,9
EURNZD,-1,2009-10-16 00:00:00+00:00,2009-10-19 00:00:00+00:00,1.9785000085830688,1.9980868101119995,41970.714922604326,2009-10-28 00:00:00+00:00,1.9980868101119995,stop,-855.4521015628668,33.38003834648735,-1.040604759412316,7
EURJPY,1,2009-10-20 00:00:00+00:00,2009-10-21 00:00:00+00:00,136.47999572753906,135.45811462402344,808.2409280743847,2009-10-28 00:00:00+00:00,135.45811462402344,stop,-869.8844336250133,43.95830213786826,-1.053223043153651,5
USDJPY,1,2009-10-23 00:00:00+00:00,2009-10-26 00:00:00+00:00,92.08999633789062,91.33000183105469,1105.2809043197128,2009-10-28 00:00:00+00:00,91.33000183105469,stop,-880.5535400829376,40.54612428929839,-1.0482687694500774,2
EURNZD,1,2009-10-28 00:00:00+00:00,2009-10-29 00:00:00+00:00,2.0439999103546143,2.021045522298664,34311.97853988718,2009-10-29 00:00:00+00:00,2.021045522298664,stop,-815.5064207017859,27.895950329773136,-1.0354184604943062,0
NZDCHF,-1,2009-10-28 00:00:00+00:00,2009-10-29 00:00:00+00:00,0.7383000254631042,0.7455716086551547,108313.47858786178,2009-10-29 00:00:00+00:00,0.7455716086551547,stop,-819.7551300658536,32.14465969384071,-1.0408128902586298,0
NZDJPY,-1,2009-10-30 00:00:00+00:00,2009-11-02 00:00:00+00:00,63.9739990234375,65.41217786073685,548.3388132856276,2009-11-02 00:00:00+00:00,65.41217786073685,stop,-802.798769474874,14.189492537646492,-1.0179930580993863,0
CADCHF,-1,2009-10-30 00:00:00+00:00,2009-11-02 00:00:00+00:00,0.9470000267028809,0.9574999809265137,75105.97285864945,2009-11-03 00:00:00+00:00,0.9574999809265137,stop,-817.2171421136898,28.607865176462195,-1.036276348773842,1
EURNZD,1,2009-10-30 00:00:00+00:00,2009-11-02 00:00:00+00:00,2.0613999366760254,2.0344858169555664,29300.950026530496,2009-11-04 00:00:00+00:00,2.0344858169555664,stop,-812.6119456935351,24.002668756307493,-1.0304367060574384,2
AUDNZD,1,2009-10-28 00:00:00+00:00,2009-10-29 00:00:00+00:00,1.247499942779541,1.238278763834387,85413.20747125609,2009-11-06 00:00:00+00:00,1.265942300669849,target,1532.2847079826734,42.93623276135242,1.9454854469607645,6
AUDCAD,1,2009-11-06 00:00:00+00:00,2009-11-09 00:00:00+00:00,0.9884999990463257,0.9753728532232344,58716.08556052966,2009-11-10 00:00:00+00:00,0.9753728532232344,stop,-793.8368025989487,23.062185284772184,-1.029920789770081,1
GBPUSD,1,2009-11-09 00:00:00+00:00,2009-11-10 00:00:00+00:00,1.6779086589813232,1.662013053894043,47780.01105877394,2009-11-10 00:00:00+00:00,1.662013053894043,stop,-791.4084861314795,31.91629927532484,-1.042023209491383,0
GBPCAD,1,2009-10-28 00:00:00+00:00,2009-10-29 00:00:00+00:00,1.7692999839782715,1.7453951835632324,32947.79528368323,2009-11-11 00:00:00+00:00,1.7453951835632324,stop,-810.7707617449545,23.16029137294164,-1.029405768770446,9
GBPNZD,1,2009-10-28 00:00:00+00:00,2009-10-29 00:00:00+00:00,2.2739999294281006,2.236433744430542,20965.94238736777,2009-11-11 00:00:00+00:00,2.236433744430542,stop,-806.5235688816457,18.913098509632768,-1.0240132644512705,9
GBPCHF,1,2009-10-28 00:00:00+00:00,2009-10-29 00:00:00+00:00,1.6806000471115112,1.666100025177002,54317.881305926996,2009-11-12 00:00:00+00:00,1.666100025177002,stop,-823.9676018306338,36.357131458620955,-1.0461613104780696,10
AUDCHF,1,2009-11-12 00:00:00+00:00,2009-11-13 00:00:00+00:00,0.9402999877929688,0.9366000294685364,114495.8953129603,2009-11-18 00:00:00+00:00,0.9366000294685364,stop,-466.6095105543783,42.97946957785334,-1.1014551977446636,3
EURAUD,-1,2009-11-12 00:00:00+00:00,2009-11-13 00:00:00+00:00,1.605299949645996,1.611199975013733,67065.65273914268,2009-11-18 00:00:00+00:00,1.611199975013733,stop,-438.83238586131154,43.1433333965416,-1.1090334269492657,3
AUDUSD,1,2009-11-09 00:00:00+00:00,2009-11-10 00:00:00+00:00,0.9315323233604431,0.9199631810188293,65648.09770939458,2009-11-19 00:00:00+00:00,0.9199631810188293,stop,-783.8016184121539,24.30943155599906,-1.0320074807571433,7
USDJPY,-1,2009-11-16 00:00:00+00:00,2009-11-17 00:00:00+00:00,89.0199966430664,89.7020034790039,1072.6142319839907,2009-11-25 00:00:00+00:00,87.6559829711914,target,1425.1594430370728,37.90103403679328,1.948189381600143,6
EURNZD,1,2009-11-25 00:00:00+00:00,2009-11-26 00:00:00+00:00,2.0703001022338867,2.0492000579833984,34213.39084458232,2009-11-26 00:00:00+00:00,2.1125001907348633,target,1415.1865653102404,28.621556249634658,1.9603526870056496,0
EURUSD,1,2009-11-25 00:00:00+00:00,2009-11-26 00:00:00+00:00,1.5126075744628906,1.496199607849121,43997.1678254219,2009-11-26 00:00:00+00:00,1.496199607849121,stop,-748.3798596908409,26.47579891090328,-1.036674954954955,0
USDCHF,-1,2009-11-25 00:00:00+00:00,2009-11-26 00:00:00+00:00,0.9972000122070312,1.0089999437332153,61178.665247169476,2009-11-27 00:00:00+00:00,1.0089999437332153,stop,-746.4513878846085,24.5473271046709,-1.03400358640198,1
AUDJPY,-1,2009-11-26 00:00:00+00:00,2009-11-27 00:00:00+00:00,77.0,79.08351743221283,351.8047490916417,2009-11-30 00:00:00+00:00,79.08351743221283,stop,-743.9735120052122,10.982184537516105,-1.0149826936908746,1
GBPNZD,1,2009-11-26 00:00:00+00:00,2009-11-27 00:00:00+00:00,2.3173999786376953,2.285799980163574,23195.929204489723,2009-12-01 00:00:00+00:00,2.285799980163574,stop,-754.346427539389,21.355100071692853,-1.0291341783612493,2
EURGBP,1,2009-11-26 00:00:00+00:00,2009-11-27 00:00:00+00:00,0.9106000065803528,0.9035999774932861,104712.61166928305,2009-12-02 00:00:00+00:00,0.9035999774932861,stop,-770.9852511522406,37.99392368454449,-1.0518340698733832,3
AUDNZD,1,2009-11-24 00:00:00+00:00,2009-11-25 00:00:00+00:00,1.2688000202178955,1.260599970817566,83893.29091817261,2009-12-09 00:00:00+00:00,1.260599970817566,stop,-730.3690677445095,42.439937859272234,-1.0616923110471457,10
GBPCHF,-1,2009-11-25 00:00:00+00:00,2009-11-26 00:00:00+00:00,1.6653000116348267,1.6806000471115112,47183.162541030266,2009-12-11 00:00:00+00:00,1.6806000471115112,stop,-753.4780900435119,31.57402926357424,-1.0437371542549048,11
EURUSD,-1,2009-12-08 00:00:00+00:00,2009-12-09 00:00:00+00:00,1.4693998098373413,1.48659086227417,40386.20065329015,2009-12-17 00:00:00+00:00,1.435017704963684,target,1365.102908603249,23.459677706736905,1.966210125581621,6
EURCAD,-1,2009-12-07 00:00:00+00:00,2009-12-08 00:00:00+00:00,1.5580999851226807,1.57260000705719,48149.154401085645,2009-12-18 00:00:00+00:00,1.529099941253662,target,1366.5983767032087,29.729213184422953,1.9574179964648335,8
CADCHF,1,2009-12-07 00:00:00+00:00,2009-12-08 00:00:00+00:00,0.9696999788284302,0.9603999853134155,75071.42814848684,2009-12-21 00:00:00+00:00,0.9882999658584595,target,1366.929619455171,29.39797043246061,1.9578924449457789,9
AUDCAD,-1,2009-12-17 00:00:00+00:00,2009-12-18 00:00:00+00:00,0.9469000101089478,0.9559000134468079,79922.3577071579,2009-12-22 00:00:00+00:00,0.9289000034332275,target,1408.6193003342594,29.98367193388188,1.958315570714262,2
EURUSD,-1,2009-12-22 00:00:00+00:00,2009-12-23 00:00:00+00:00,1.4255776405334473,1.4331985712051392,80838.28957718283,2009-12-23 00:00:00+00:00,1.4331985712051392,stop,-662.282716334041,46.21971584817712,-1.0750243332446934,0
GBPCAD,-1,2009-12-21 00:00:00+00:00,2009-12-22 00:00:00+00:00,1.7044999599456787,1.7245999574661255,37087.043926558385,2009-12-29 00:00:00+00:00,1.6642999649047852,target,1465.9112157705054,24.98776615854315,1.966479598602701,5
AUDUSD,-1,2009-12-17 00:00:00+00:00,2009-12-18 00:00:00+00:00,0.8852691054344177,0.9004952907562256,47241.08310331962,2009-12-31 00:00:00+00:00,0.9004952907562256,stop,-736.1737749827489,16.872288848678316,-1.0234564910179171,9
NZDJPY,1,2009-12-29 00:00:00+00:00,2009-12-30 00:00:00+00:00,65.88099670410156,64.80400085449219,706.0845646940235,2010-01-04 00:00:00+00:00,68.03498840332031,target,1501.989089287382,18.91120201002906,1.9751315689552578,3
EURCHF,-1,2009-12-23 00:00:00+00:00,2009-12-24 00:00:00+00:00,1.4896999597549438,1.4958000183105469,76432.14027778558,2010-01-07 00:00:00+00:00,1.4774998426437378,target,887.1231761432826,45.357886305830746,1.9027156944363017,10
USDCHF,1,2009-12-11 00:00:00+00:00,2009-12-14 00:00:00+00:00,1.0338000059127808,1.0233999490737915,66619.11626982415,2010-01-08 00:00:00+00:00,1.0233999490737915,stop,-720.2523643677107,27.409768598305497,-1.0395613213819033,19
AUDCHF,1,2010-01-07 00:00:00+00:00,2010-01-08 00:00:00+00:00,0.9483000040054321,0.942799985408783,124907.28489547339,2010-01-11 00:00:00+00:00,0.942799985408783,stop,-734.2348228107772,47.24243302871761,-1.0687670398266054,1
GBPUSD,-1,2009-12-17 00:00:00+00:00,2009-12-18 00:00:00+00:00,1.6164227724075317,1.6333998441696167,42368.99603266641,2010-01-14 00:00:00+00:00,1.6333998441696167,stop,-746.839830443796,27.538344309725353,-1.0382848427823108,19
GBPUSD,1,2010-01-14 00:00:00+00:00,2010-01-15 00:00:00+00:00,1.6337199211120605,1.6253291368484497,68868.29286255992,2010-01-15 00:00:00+00:00,1.6253291368484497,stop,-622.7480170083254,44.88902899541489,-1.077681631551281,0
CADCHF,1,2009-12-21 00:00:00+00:00,2009-12-22 00:00:00+00:00,0.9840999841690063,0.9733999967575073,69668.25869004363,2010-01-19 00:00:00+00:00,0.9983999729156494,max_hold,968.6318512932071,27.623463972634838,1.2993930011809531,20
USDCAD,-1,2010-01-14 00:00:00+00:00,2010-01-15 00:00:00+00:00,1.0234999656677246,1.0319000482559204,89293.96491144839,2010-01-19 00:00:00+00:00,1.0319000482559204,stop,-786.783643228082,36.7069633444577,-1.0489376144185056,2
GBPNZD,-1,2009-12-29 00:00:00+00:00,2009-12-30 00:00:00+00:00,2.217900037765503,2.254520636983216,20765.639063625324,2010-01-20 00:00:00+00:00,2.254520636983216,stop,-779.024680343211,18.574534694505502,-1.0244257099571732,15
AUDUSD,1,2010-01-08 00:00:00+00:00,2010-01-11 00:00:00+00:00,0.9306654334068298,0.9153907392174006,50500.54605895132,2010-01-20 00:00:00+00:00,0.9153907392174006,stop,-790.0257664042738,18.645368954604265,-1.024171432170495,7
GBPUSD,1,2010-01-18 00:00:00+00:00,2010-01-19 00:00:00+00:00,1.6352159976959229,1.6254082918167114,68133.27263159705,2010-01-20 00:00:00+00:00,1.6254082918167114,stop,-712.6624992921437,44.43140073331435,-1.0664910699743537,1
NZDCHF,1,2010-01-04 00:00:00+00:00,2010-01-05 00:00:00+00:00,0.755299985408783,0.7462999820709229,84626.67751543738,2010-01-21 00:00:00+00:00,0.7462999820709229,stop,-787.0554633519665,25.415083241019264,-1.033368875790589,12
GBPCHF,1,2010-01-19 00:00:00+00:00,2010-01-20 00:00:00+00:00,1.6893999576568604,1.6739000082015991,47080.6142664107,2010-01-25 00:00:00+00:00,1.6739000082015991,stop,-761.4163871229796,31.669245670962887,-1.043397560431616,3
EURJPY,-1,2010-01-20 00:00:00+00:00,2010-01-21 00:00:00+00:00,128.7100067138672,130.3000030517578,449.29909713885223,2010-01-27 00:00:00+00:00,125.53001403808594,target,1405.9218757805952,22.84596235608312,1.968020049519203,4
AUDNZD,1,2010-01-20 00:00:00+00:00,2010-01-21 00:00:00+00:00,1.2618999481201172,1.2554999589920044,84917.65771120453,2010-01-27 00:00:00+00:00,1.2746999263763428,target,1043.86374829447,43.08042397855496,1.9207311192653713,4
USDCHF,1,2010-01-27 00:00:00+00:00,2010-01-28 00:00:00+00:00,1.0498000383377075,1.044700026512146,105139.9238977987,2010-01-29 00:00:00+00:00,1.0600000619888306,target,1028.0648660372437,44.36484439758006,1.9172629330092095,1
GBPCAD,1,2010-01-25 00:00:00+00:00,2010-01-26 00:00:00+00:00,1.7171000242233276,1.6986000537872314,38085.341201776755,2010-02-01 00:00:00+00:00,1.6986000537872314,stop,-730.5953068642997,26.017620582793526,-1.0369265463402688,4
GBPNZD,1,2010-01-21 00:00:00+00:00,2010-01-22 00:00:00+00:00,2.2699999809265137,2.244999885559082,28515.049434377986,2010-02-02 00:00:00+00:00,2.244999885559082,stop,-738.6280441442866,25.749088877809356,-1.036119861145549,7
EURUSD,-1,2010-01-20 00:00:00+00:00,2010-01-21 00:00:00+00:00,1.411113977432251,1.4290001392364502,39940.593565502684,2010-02-04 00:00:00+00:00,1.3753416538238525,target,1406.5092997654172,22.25853837126125,1.9688423300453213,10
AUDUSD,-1,2010-01-29 00:00:00+00:00,2010-02-01 00:00:00+00:00,0.8858180046081543,0.8960573077201843,72638.66807701287,2010-02-04 00:00:00+00:00,0.8653393983840942,target,1462.098331920037,25.440348269311563,1.9657953791614036,3
CHFJPY,-1,2010-01-26 00:00:00+00:00,2010-01-27 00:00:00+00:00,85.62999725341797,87.19200134277344,463.2273772726643,2010-02-05 00:00:00+00:00,82.50598907470703,target,1431.5490768082343,15.577038394385976,1.9784717610569762,7
NZDCHF,-1,2010-02-04 00:00:00+00:00,2010-02-05 00:00:00+00:00,0.7333999872207642,0.7408999800682068,103848.62005346044,2010-02-05 00:00:00+00:00,0.7408999800682068,stop,-809.4847110473046,30.620803429564305,-1.0393147032877952,0
EURCAD,-1,2010-02-05 00:00:00+00:00,2010-02-08 00:00:00+00:00,1.4617999792099,1.476699948310852,53265.13783365545,2010-02-12 00:00:00+00:00,1.4320000410079956,target,1556.4700843708586,30.827731387988226,1.9611569661572925,4
NZDJPY,-1,2010-02-04 00:00:00+00:00,2010-02-05 00:00:00+00:00,61.52000045776367,63.42345428466797,409.1845552589286,2010-02-16 00:00:00+00:00,63.42345428466797,stop,-789.0888940099995,10.224986392259193,-1.013128078335962,7
CADJPY,-1,2010-01-21 00:00:00+00:00,2010-01-22 00:00:00+00:00,85.95999908447266,87.7959976196289,388.27860786163905,2010-02-18 00:00:00+00:00,87.7959976196289,stop,-726.3721025680534,13.493147301576021,-1.0189276835876468,19
USDCHF,1,2010-01-29 00:00:00+00:00,2010-02-01 00:00:00+00:00,1.0605000257492065,1.048200011253357,60468.980776050645,2010-02-18 00:00:00+00:00,1.0851000547409058,target,1461.5902301852987,25.948450004049864,1.9651122349292498,13
GBPAUD,-1,2010-02-16 00:00:00+00:00,2010-02-17 00:00:00+00:00,1.7506999969482422,1.7633999586105347,59477.87910590451,2010-02-19 00:00:00+00:00,1.7253000736236572,target,1469.3845464049903,41.3490223939182,1.9452596761627634,2
EURCAD,-1,2010-02-18 00:00:00+00:00,2010-02-19 00:00:00+00:00,1.414199948310852,1.4239000082015991,82524.60152140367,2010-02-23 00:00:00+00:00,1.4239000082015991,stop,-847.3361908154731,46.84261359782062,-1.0585171635737987,2
AUDJPY,1,2010-02-19 00:00:00+00:00,2010-02-22 00:00:00+00:00,82.51361083984375,81.5999984741211,869.7197272087632,2010-02-23 00:00:00+00:00,81.5999984741211,stop,-823.1332661956188,28.546568704757412,-1.0359263108668966,1
USDCAD,-1,2010-02-19 00:00:00+00:00,2010-02-22 00:00:00+00:00,1.038699984550476,1.0528000593185425,56353.36766372523,2010-02-23 00:00:00+00:00,1.0528000593185425,stop,-818.159311679031,23.572614188169652,-1.0296665099763274,1
AUDNZD,1,2010-02-24 00:00:00+00:00,2010-02-25 00:00:00+00:00,1.2883000373840332,1.284000039100647,89816.32705444169,2010-02-25 00:00:00+00:00,1.284000039100647,stop,-432.4169611444982,46.20690899034268,-1.1196419117850906,0
AUDCAD,-1,2010-02-02 00:00:00+00:00,2010-02-03 00:00:00+00:00,0.9376000165939331,0.9465000033378601,80623.23762876086,2010-02-26 00:00:00+00:00,0.9465000033378601,stop,-747.9261948731112,30.380448724662813,-1.0423393893528534,17
GBPCHF,-1,2010-02-25 00:00:00+00:00,2010-02-26 00:00:00+00:00,1.6469999551773071,1.6682000160217285,36216.90762077213,2010-03-01 00:00:00+00:00,1.6045998334884644,target,1512.0487124811493,23.552577833166087,1.969324618334561,1
GBPUSD,-1,2010-02-25 00:00:00+00:00,2010-02-26 00:00:00+00:00,1.5238327980041504,1.5422577857971191,41671.70441492298,2010-03-01 00:00:00+00:00,1.486982822418213,target,1510.5081265979009,25.093163716414733,1.967318126293996,1
EURGBP,1,2010-02-25 00:00:00+00:00,2010-02-26 00:00:00+00:00,0.8881999850273132,0.8771682977676392,69599.56596701438,2010-03-01 00:00:00+00:00,0.9102633595466614,target,1510.5668366763286,25.034453637986733,1.9673945915572102,1
NZDCAD,-1,2010-02-03 00:00:00+00:00,2010-02-04 00:00:00+00:00,0.7414000034332275,0.7531440258026123,61892.941962920086,2010-03-02 00:00:00+00:00,0.717911958694458,target,1435.6799677235801,18.064222115552777,1.9751480043850744,18
GBPCAD,-1,2010-02-26 00:00:00+00:00,2010-03-01 00:00:00+00:00,1.595900058746338,1.6198999881744385,32081.789098269986,2010-03-02 00:00:00+00:00,1.5479001998901367,target,1519.7496011984404,20.1717473729324,1.9738015874750403,1
NZDUSD,-1,2010-02-03 00:00:00+00:00,2010-02-04 00:00:00+00:00,0.6990073919296265,0.7134888172149658,50193.4084938058,2010-03-04 00:00:00+00:00,0.6937218308448792,max_hold,251.31916128568895,13.981165359996286,0.345754312267964,20
EURUSD,-1,2010-02-04 00:00:00+00:00,2010-02-05 00:00:00+00:00,1.3744759559631348,1.3906078338623047,48281.04405983741,2010-03-05 00:00:00+00:00,1.3583080768585205,max_hold,754.2137501450691,26.388333258936505,0.9683511365315834,20
GBPAUD,-1,2010-02-26 00:00:00+00:00,2010-03-01 00:00:00+00:00,1.687999963760376,1.7165895514190197,26931.506794673827,2010-03-10 00:00:00+00:00,1.6308207884430885,target,1522.0451798437184,17.876168727654424,1.9767830107112436,7
USDCAD,-1,2010-03-02 00:00:00+00:00,2010-03-03 00:00:00+00:00,1.0348999500274658,1.0440000295639038,92285.01804991368,2010-03-12 00:00:00+00:00,1.0166997909545898,target,1641.7356247261143,37.86638382554545,1.9549102898987385,7
AUDCHF,1,2010-03-09 00:00:00+00:00,2010-03-10 00:00:00+00:00,0.9833999872207642,0.9745000004768372,96341.37967787748,2010-03-12 00:00:00+00:00,0.9745000004768372,stop,-895.1623592419652,37.72535721721725,-1.0439978180649223,2
GBPJPY,-1,2010-02-25 00:00:00+00:00,2010-02-26 00:00:00+00:00,135.99000549316406,139.0533905029297,250.6379846834535,2010-03-17 00:00:00+00:00,139.0533905029297,stop,-781.5879096517485,13.787264494590797,-1.017956828483478,13
EURCHF,-1,2010-03-12 00:00:00+00:00,2010-03-15 00:00:00+00:00,1.4574999809265137,1.4622999429702759,88854.33137524438,2010-03-17 00:00:00+00:00,1.4479000568389893,target,801.3633605034321,51.63147554665271,1.8789407078107536,2
AUDNZD,1,2010-03-02 00:00:00+00:00,2010-03-03 00:00:00+00:00,1.2969000339508057,1.2851999998092651,71777.65416035395,2010-03-18 00:00:00+00:00,1.2851999998092651,stop,-876.8684209219634,37.06741664613372,-1.044138333316352,11
NZDJPY,1,2010-03-17 00:00:00+00:00,2010-03-18 00:00:00+00:00,64.49099731445312,63.99431610107422,1742.1513339810629,2010-03-19 00:00:00+00:00,63.99431610107422,stop,-910.0620104841616,44.76817203276718,-1.0517375370578026,1
EURNZD,-1,2010-03-18 00:00:00+00:00,2010-03-19 00:00:00+00:00,1.902400016784668,1.9244500398635864,38727.1364681544,2010-03-22 00:00:00+00:00,1.9244500398635864,stop,-883.5748417806253,29.640588877396272,-1.0347106217798658,1
USDCAD,-1,2010-03-12 00:00:00+00:00,2010-03-15 00:00:00+00:00,1.0164999961853027,1.0246000289916992,106588.19898637806,2010-03-24 00:00:00+00:00,1.0246000289916992,stop,-906.8793436913123,43.51143512693351,-1.0503973273679872,7
EURAUD,-1,2010-03-23 00:00:00+00:00,2010-03-24 00:00:00+00:00,1.4666999578475952,1.47885000705719,68657.29341037526,2010-03-26 00:00:00+00:00,1.47885000705719,stop,-874.6361911727208,40.446697639077684,-1.0484862227978258,2
EURUSD,-1,2010-03-24 00:00:00+00:00,2010-03-25 00:00:00+00:00,1.3329956531524658,1.3485448360443115,52836.66518540413,2010-03-29 00:00:00+00:00,1.3485448360443115,stop,-849.9037017648243,28.336731401758982,-1.0344910791499278,2
NZDCAD,-1,2010-03-02 00:00:00+00:00,2010-03-03 00:00:00+00:00,0.7208999991416931,0.7289999723434448,103679.47934620494,2010-03-31 00:00:00+00:00,0.7231000065803528,max_hold,-258.038259551848,29.942633753835736,-0.30726119430442617,20
AUDJPY,1,2010-03-24 00:00:00+00:00,2010-03-25 00:00:00+00:00,83.86711120605469,82.86000061035156,815.7663854082278,2010-04-01 00:00:00+00:00,85.88133239746094,target,1615.4389258727083,27.69501485342247,1.9662900093936548,5
GBPJPY,1,2010-03-30 00:00:00+00:00,2010-03-31 00:00:00+00:00,139.8300018310547,138.02099609375,447.5145982589055,2010-04-01 00:00:00+00:00,143.44801330566406,target,1593.7587421280268,25.354209427897768,1.9686813580194846,1
AUDUSD,1,2010-03-05 00:00:00+00:00,2010-03-08 00:00:00+00:00,0.9101665019989014,0.8996041417121887,79919.29153823976,2010-04-05 00:00:00+00:00,0.9203864932060242,max_hold,787.5151571002981,29.25929969999609,0.9329241136072502,20
NZDJPY,1,2010-03-31 00:00:00+00:00,2010-04-01 00:00:00+00:00,66.13099670410156,65.65446472167969,1719.3433945014845,2010-04-06 00:00:00+00:00,65.65446472167969,stop,-864.6390087644977,45.31689251874944,-1.055310227345501,3
CHFJPY,1,2010-03-31 00:00:00+00:00,2010-04-01 00:00:00+00:00,88.8042984008789,87.22956866025925,520.293797158707,2010-04-07 00:00:00+00:00,87.22956866025925,stop,-837.6399820701025,18.317865824354122,-1.0223573432977608,4
EURJPY,1,2010-03-31 00:00:00+00:00,2010-04-01 00:00:00+00:00,126.41999816894531,124.45600128173828,417.1707814725171,2010-04-07 00:00:00+00:00,124.45600128173828,stop,-840.2537435944563,20.93162734870809,-1.0255474946100807,4
EURGBP,-1,2010-04-02 00:00:00+00:00,2010-04-05 00:00:00+00:00,0.8837000131607056,0.8894400000572205,144064.3575410987,2010-04-09 00:00:00+00:00,0.8722200393676758,target,1603.2619502292791,50.59309885220671,1.938817976968048,4
NZDCAD,-1,2010-04-05 00:00:00+00:00,2010-04-06 00:00:00+00:00,0.7052000164985657,0.7123900055885315,117363.52500977149,2010-04-09 00:00:00+00:00,0.7123900055885315,stop,-877.1171367823521,33.27467240216431,-1.0394323274861559,3
GBPCAD,-1,2010-03-19 00:00:00+00:00,2010-03-22 00:00:00+00:00,1.523900032043457,1.5497716665267944,32298.983983482627,2010-04-12 00:00:00+00:00,1.5497716665267944,stop,-855.4828023963524,19.85529459252088,-1.0237609394222837,15
AUDCHF,1,2010-04-06 00:00:00+00:00,2010-04-07 00:00:00+00:00,0.9909999966621399,0.9761999845504761,55754.26809606214,2010-04-13 00:00:00+00:00,0.9761999845504761,stop,-847.0998021288906,21.93595903021932,-1.0265837617749283,4
NZDJPY,1,2010-04-09 00:00:00+00:00,2010-04-12 00:00:00+00:00,66.90599822998047,66.03700256347656,940.7137617135508,2010-04-13 00:00:00+00:00,66.03700256347656,stop,-842.488444423644,25.012262073980107,-1.0305969306678606,1
NZDUSD,1,2010-04-09 00:00:00+00:00,2010-04-12 00:00:00+00:00,0.7190106511116028,0.7078877687454224,73494.99486169463,2010-04-16 00:00:00+00:00,0.7078877687454224,stop,-838.4501607567743,20.97397840711045,-1.0256569902095802,4
AUDUSD,1,2010-04-06 00:00:00+00:00,2010-04-07 00:00:00+00:00,0.9278159141540527,0.9168423414230347,75195.5505581378,2010-04-19 00:00:00+00:00,0.9168423414230347,stop,-852.9058617226178,27.74201862394663,-1.03362001238417,8
GBPUSD,1,2010-04-09 00:00:00+00:00,2010-04-12 00:00:00+00:00,1.5424957275390625,1.5269973278045654,52745.84449709906,2010-04-19 00:00:00+00:00,1.5269973278045654,stop,-849.8567830260799,32.380600676416094,-1.0396104515037305,5
EURAUD,-1,2010-04-22 00:00:00+00:00,2010-04-23 00:00:00+00:00,1.4329999685287476,1.4463000297546387,58190.195574860176,2010-04-23 00:00:00+00:00,1.4463000297546387,stop,-807.4425698959794,33.509406003760965,-1.043297545016985,0
GBPCHF,1,2010-04-22 00:00:00+00:00,2010-04-23 00:00:00+00:00,1.659600019454956,1.6468000411987305,60463.63114060736,2010-04-23 00:00:00+00:00,1.6468000411987305,stop,-813.9165546263476,39.98339073412926,-1.051662588708626,0
NZDCHF,1,2010-04-23 00:00:00+00:00,2010-04-26 00:00:00+00:00,0.769599974155426,0.7649000287055969,146017.04401426675,2010-04-26 00:00:00+00:00,0.7789998650550842,target,1327.3198890482,45.2243941764975,1.9341013696545426,0
NZDJPY,1,2010-04-23 00:00:00+00:00,2010-04-26 00:00:00+00:00,67.49600219726562,66.19999694824219,578.0568835623039,2010-04-27 00:00:00+00:00,66.19999694824219,stop,-764.621533853036,15.456778522160139,-1.0206320150703478,1
NZDUSD,1,2010-04-26 00:00:00+00:00,2010-04-27 00:00:00+00:00,0.7232750058174133,0.7171028852462769,124743.08663950361,2010-04-27 00:00:00+00:00,0.7171028852462769,stop,-805.8648079664565,35.935436811716684,-1.0466736796361213,0
EURNZD,-1,2010-04-22 00:00:00+00:00,2010-04-23 00:00:00+00:00,1.8687000274658203,1.885949969291687,44865.841966590706,2010-04-28 00:00:00+00:00,1.834200143814087,target,1514.6395810038957,33.2267467805412,1.9570676793155637,3
CHFJPY,-1,2010-04-27 00:00:00+00:00,2010-04-28 00:00:00+00:00,85.62860107421875,87.33841490745544,449.36226131609226,2010-04-30 00:00:00+00:00,87.33841490745544,stop,-783.8707804197012,15.544969886924358,-1.0202322630241265,2
EURJPY,-1,2010-04-27 00:00:00+00:00,2010-04-28 00:00:00+00:00,122.70999908447266,125.18555980920792,310.36435618639194,2010-04-30 00:00:00+00:00,125.18555980920792,stop,-783.7133996402774,15.387589107500595,-1.0200274270323295,2
EURGBP,-1,2010-04-21 00:00:00+00:00,2010-04-22 00:00:00+00:00,0.8687000274658203,0.8747000098228455,127854.25761176889,2010-05-04 00:00:00+00:00,0.85670006275177,target,1490.1266303587129,44.11994952360982,1.9424864945411917,8
NZDJPY,1,2010-04-30 00:00:00+00:00,2010-05-03 00:00:00+00:00,68.45099639892578,67.91000366210938,1370.2622493825122,2010-05-04 00:00:00+00:00,67.91000366210938,stop,-778.6719905839869,37.37006613433659,-1.0504113977069203,1
USDCHF,1,2010-04-22 00:00:00+00:00,2010-04-23 00:00:00+00:00,1.0799000263214111,1.067270040512085,61277.43732861002,2010-05-05 00:00:00+00:00,1.1051599979400635,target,1521.08735204525,26.778975739186727,1.96539885226715,8
EURUSD,-1,2010-04-27 00:00:00+00:00,2010-04-28 00:00:00+00:00,1.3172974586486816,1.336407511960715,40205.32009970739,2010-05-06 00:00:00+00:00,1.2790773520246148,target,1515.7740049931663,20.87761607238741,1.9728271316853063,6
GBPUSD,-1,2010-05-04 00:00:00+00:00,2010-05-05 00:00:00+00:00,1.5129966735839844,1.5266709327697754,57413.93249406304,2010-05-06 00:00:00+00:00,1.4856481552124023,target,1535.7531892438162,34.432798354837395,1.9561417582034384,1
AUDUSD,-1,2010-05-04 00:00:00+00:00,2010-05-05 00:00:00+00:00,0.909587025642395,0.9234997034072876,56430.042229572806,2010-05-06 00:00:00+00:00,0.8817616701126099,target,1549.9688110887846,20.21717650986902,1.9742486856085273,1
EURJPY,-1,2010-05-05 00:00:00+00:00,2010-05-06 00:00:00+00:00,120.16000366210938,122.92285633087158,294.1418420278129,2010-05-06 00:00:00+00:00,114.63429832458496,target,1611.5285807855487,13.81256569680017,1.9830034873273292,0
CHFJPY,-1,2010-05-05 00:00:00+00:00,2010-05-06 00:00:00+00:00,83.87000274658203,85.77691441774368,426.17106263034833,2010-05-06 00:00:00+00:00,80.05617940425873,target,1611.3690274343169,13.97211904803197,1.982807155189209,0
GBPNZD,-1,2010-04-28 00:00:00+00:00,2010-04-29 00:00:00+00:00,2.1152000427246094,2.143699884414673,26511.016557396764,2010-05-07 00:00:00+00:00,2.0582003593444824,target,1488.991332424939,22.12821743198,1.9707128169520736,6
EURGBP,-1,2010-05-04 00:00:00+00:00,2010-05-05 00:00:00+00:00,0.8569999933242798,0.8669599890708923,78824.63143283383,2010-05-07 00:00:00+00:00,0.8669599890708923,stop,-812.2710958427776,27.178102043450835,-1.0346176851125966,2
CADJPY,-1,2010-05-06 00:00:00+00:00,2010-05-07 00:00:00+00:00,86.35299682617188,89.39986419677734,287.285827171245,2010-05-07 00:00:00+00:00,89.39986419677734,stop,-885.4200740568065,10.098261211338167,-1.0115366269446788,0
EURCHF,-1,2010-05-06 00:00:00+00:00,2010-05-07 00:00:00+00:00,1.4053000211715698,1.4142790490295738,93430.77631021422,2010-05-07 00:00:00+00:00,1.4142790490295738,stop,-891.6046355637362,52.68709227938497,-1.0628036601465214,0
USDJPY,-1,2010-05-06 00:00:00+00:00,2010-05-07 00:00:00+00:00,90.83799743652344,92.639639377594,485.8467117641266,2010-05-07 00:00:00+00:00,92.639639377594,stop,-893.1502141511467,17.828401305678327,-1.020367824774893,0
AUDJPY,-1,2010-05-06 00:00:00+00:00,2010-05-07 00:00:00+00:00,80.45999908447266,83.2905181646347,309.24427218323353,2010-05-10 00:00:00+00:00,83.2905181646347,stop,-885.449594750734,10.127781905265648,-1.0115703524768138,1
NZDJPY,-1,2010-05-06 00:00:00+00:00,2010-05-07 00:00:00+00:00,64.69999694824219,66.9325402379036,392.07383655177483,2010-05-10 00:00:00+00:00,66.9325402379036,stop,-885.6437476193917,10.32193477392327,-1.011792159891879,1
GBPJPY,-1,2010-05-06 00:00:00+00:00,2010-05-07 00:00:00+00:00,135.00999450683594,139.1072235107422,213.63751257519334,2010-05-10 00:00:00+00:00,139.1072235107422,stop,-887.0341569677298,11.712344122261474,-1.0133806149354228,1
GBPUSD,-1,2010-05-06 00:00:00+00:00,2010-05-07 00:00:00+00:00,1.4872984886169434,1.5115740299224854,36057.76702683192,2010-05-17 00:00:00+00:00,1.4387474060058594,target,1729.5422894553112,21.101336235625404,1.9758930533593926,6
CADCHF,1,2010-05-11 00:00:00+00:00,2010-05-12 00:00:00+00:00,1.087399959564209,1.0788999795913696,95426.29746978788,2010-05-18 00:00:00+00:00,1.1043999195098877,target,1580.4121652998617,41.831069450953976,1.9484281166290338,4
GBPNZD,-1,2010-05-07 00:00:00+00:00,2010-05-10 00:00:00+00:00,2.057800054550171,2.097698165103793,20764.873213071456,2010-05-19 00:00:00+00:00,2.097698165103793,stop,-845.7368858207258,17.257678733651744,-1.0208305514320988,7
AUDCAD,-1,2010-05-11 00:00:00+00:00,2010-05-12 00:00:00+00:00,0.9135000109672546,0.923799991607666,78749.8196057786,2010-05-19 00:00:00+00:00,0.8929000496864319,target,1593.7924989683465,28.450735782469067,1.9649242047394462,5
NZDUSD,-1,2010-05-17 00:00:00+00:00,2010-05-18 00:00:00+00:00,0.6989096999168396,0.7076640129089355,96242.60741723824,2010-05-19 00:00:00+00:00,0.6814010739326477,target,1658.5068754275608,26.568941584276104,1.96846558319092,1
AUDNZD,-1,2010-04-30 00:00:00+00:00,2010-05-03 00:00:00+00:00,1.2687000036239624,1.2840514183044434,48288.83460442262,2010-05-20 00:00:00+00:00,1.2379971742630005,target,1458.3947518140294,24.209097085271303,1.9673424602219343,13
EURCAD,-1,2010-05-10 00:00:00+00:00,2010-05-11 00:00:00+00:00,1.3086999654769897,1.335486650466919,30248.734404040166,2010-05-20 00:00:00+00:00,1.335486650466919,stop,-826.2599795571386,15.996659732081012,-1.0197425446033208,7
GBPCAD,-1,2010-05-13 00:00:00+00:00,2010-05-14 00:00:00+00:00,1.4921000003814697,1.5125000476837158,40776.99611714405,2010-05-20 00:00:00+00:00,1.5125000476837158,stop,-856.3563625319489,24.503712898704983,-1.0294567949137488,4
EURUSD,-1,2010-05-18 00:00:00+00:00,2010-05-19 00:00:00+00:00,1.2185908555984497,1.2441680431365967,34629.049451185434,2010-05-20 00:00:00+00:00,1.2441680431365967,stop,-902.7702920188639,17.05659993812858,-1.0192574644500063,1
AUDUSD,-1,2010-05-18 00:00:00+00:00,2010-05-19 00:00:00+00:00,0.8623663187026978,0.8788118362426758,53857.45324995827,2010-05-20 00:00:00+00:00,0.8294752836227417,target,1753.2037281607552,18.223656000715373,1.9794248907252363,1
GBPAUD,1,2010-05-19 00:00:00+00:00,2010-05-20 00:00:00+00:00,1.7000000476837158,1.6632883548736572,24033.97394571608,2010-05-20 00:00:00+00:00,1.773423433303833,target,1747.9597031112623,16.69603388889864,1.9810772905572152,0
EURAUD,1,2010-05-19 00:00:00+00:00,2010-05-20 00:00:00+00:00,1.4611999988555908,1.4326516389846802,30906.429388230066,2010-05-20 00:00:00+00:00,1.518296718597412,target,1746.2386160180763,18.417120982084903,1.979126669756682,0
AUDCHF,-1,2010-05-20 00:00:00+00:00,2010-05-21 00:00:00+00:00,0.9341999888420105,0.9575740098953247,38876.13881732816,2010-05-21 00:00:00+00:00,0.9575740098953247,stop,-923.4006609049791,14.708973717184927,-1.0161869795053435,0
USDCHF,1,2010-05-14 00:00:00+00:00,2010-05-17 00:00:00+00:00,1.132099986076355,1.1150000095367432,48448.145260903715,2010-05-25 00:00:00+00:00,1.1662999391555786,target,1634.6536520092604,22.270642689057393,1.9731180926487504,6
AUDNZD,-1,2010-05-20 00:00:00+00:00,2010-05-21 00:00:00+00:00,1.2167999744415283,1.236106276512146,47067.10191646359,2010-05-25 00:00:00+00:00,1.236106276512146,stop,-931.7819248888276,23.09023770103344,-1.0254104203071261,2
GBPJPY,-1,2010-05-20 00:00:00+00:00,2010-05-21 00:00:00+00:00,128.22999572753906,132.4219970703125,216.76798571505267,2010-05-27 00:00:00+00:00,132.4219970703125,stop,-919.9918886780752,11.30020149028094,-1.0124356826959127,4
AUDJPY,-1,2010-05-20 00:00:00+00:00,2010-05-21 00:00:00+00:00,72.68000030517578,76.20379638671875,257.8729489902561,2010-05-27 00:00:00+00:00,76.20379638671875,stop,-916.3703079297551,7.678620741960915,-1.008450193668795,4
NZDJPY,-1,2010-05-20 00:00:00+00:00,2010-05-21 00:00:00+00:00,59.694000244140625,62.42060089111328,333.26907928255434,2010-05-28 00:00:00+00:00,62.42060089111328,stop,-916.8310913252546,8.139404137460488,-1.0089572780869716,5
CADCHF,1,2010-05-31 00:00:00+00:00,2010-06-01 00:00:00+00:00,1.1079000234603882,1.09660005569458,76581.3016948055,2010-06-01 00:00:00+00:00,1.09660005569458,stop,-899.1309377445257,33.76469712959785,-1.0390178118175777,0
CHFJPY,-1,2010-05-20 00:00:00+00:00,2010-05-21 00:00:00+00:00,77.70999908447266,79.68599700927734,459.86469711379453,2010-06-02 00:00:00+00:00,79.68599700927734,stop,-923.1678596019094,14.476172414115267,-1.0159307855659117,8
GBPCHF,1,2010-06-01 00:00:00+00:00,2010-06-02 00:00:00+00:00,1.694599986076355,1.6710000038146973,36286.12539000034,2010-06-08 00:00:00+00:00,1.6710000038146973,stop,-880.77683219745,24.424916649154124,-1.0285220552505165,4
GBPAUD,1,2010-06-07 00:00:00+00:00,2010-06-08 00:00:00+00:00,1.7826000452041626,1.7610000371932983,39630.80779971211,2010-06-08 00:00:00+00:00,1.7610000371932983,stop,-884.1129127077108,28.087146756907554,-1.0328110997052884,0
GBPNZD,1,2010-06-07 00:00:00+00:00,2010-06-08 00:00:00+00:00,2.1963000297546387,2.158799886703491,22827.266679576303,2010-06-08 00:00:00+00:00,2.158799886703491,stop,-875.9087713926413,19.883005441838044,-1.0232271109500466,0
AUDCAD,-1,2010-06-07 00:00:00+00:00,2010-06-08 00:00:00+00:00,0.8592000007629395,0.8715000152587891,69595.50870770533,2010-06-10 00:00:00+00:00,0.8715000152587891,stop,-880.1155555578964,24.089789607093195,-1.0281414305097887,2
NZDCAD,-1,2010-06-07 00:00:00+00:00,2010-06-08 00:00:00+00:00,0.6973999738693237,0.7110000252723694,62942.8331248146,2010-06-11 00:00:00+00:00,0.7110000252723694,stop,-873.7555031745961,17.729737223792924,-1.0207116864106305,3
EURUSD,-1,2010-06-04 00:00:00+00:00,2010-06-07 00:00:00+00:00,1.1944148540496826,1.221672534942627,31165.594969826376,2010-06-14 00:00:00+00:00,1.221672534942627,stop,-864.5616027216865,15.059760195407934,-1.0177277545986514,5
EURCAD,-1,2010-06-08 00:00:00+00:00,2010-06-09 00:00:00+00:00,1.2546000480651855,1.2645000219345093,83627.04656561794,2010-06-14 00:00:00+00:00,1.2645000219345093,stop,-870.0385555397996,42.132979771463184,-1.050891044830036,3
AUDUSD,1,2010-06-17 00:00:00+00:00,2010-06-18 00:00:00+00:00,0.8676036596298218,0.8587376475334167,89775.12057189291,2010-06-21 00:00:00+00:00,0.8853356838226318,target,1560.4205417105134,31.47406818273177,1.9604570956052896,1
AUDJPY,1,2010-06-21 00:00:00+00:00,2010-06-22 00:00:00+00:00,79.7750015258789,78.84855651855469,889.559717529748,2010-06-22 00:00:00+00:00,78.84855651855469,stop,-852.3491845196913,28.221025497513992,-1.0342434913654668,0
GBPNZD,-1,2010-06-18 00:00:00+00:00,2010-06-21 00:00:00+00:00,2.0864999294281006,2.110300064086914,34350.494821964,2010-06-24 00:00:00+00:00,2.110300064086914,stop,-846.3788336488294,28.832431289211215,-1.035267027297771,3
EURNZD,-1,2010-06-23 00:00:00+00:00,2010-06-24 00:00:00+00:00,1.7282500267028809,1.7439500093460083,53174.59065838351,2010-06-24 00:00:00+00:00,1.7439500093460083,stop,-871.7667135122125,36.92656312018484,-1.0442318964928132,0
EURCHF,-1,2010-06-04 00:00:00+00:00,2010-06-07 00:00:00+00:00,1.3890000581741333,1.4067600965499878,47832.207597096836,2010-06-25 00:00:00+00:00,1.3534799814224243,target,1672.7679101355818,26.23577491697538,1.9691162825039268,14
EURGBP,-1,2010-06-01 00:00:00+00:00,2010-06-02 00:00:00+00:00,0.833899974822998,0.8472999930381775,63906.77249813186,2010-06-29 00:00:00+00:00,0.8070999383926392,target,1691.7296294719263,20.97420162466517,1.9755074972755378,19
NZDUSD,1,2010-06-17 00:00:00+00:00,2010-06-18 00:00:00+00:00,0.7041757702827454,0.6951202750205994,87896.60663551568,2010-06-29 00:00:00+00:00,0.6951202750205994,stop,-820.5459797587547,24.598674812132167,-1.0309049037031186,7
GBPCAD,1,2010-06-24 00:00:00+00:00,2010-06-25 00:00:00+00:00,1.555899977684021,1.5457311635836959,78672.25297807957,2010-06-29 00:00:00+00:00,1.5762376058846712,target,1550.7245667083455,49.28246406733341,1.938397190613042,2
USDCHF,-1,2010-06-17 00:00:00+00:00,2010-06-18 00:00:00+00:00,1.1116000413894653,1.1320973108522594,38831.87008842317,2010-07-01 00:00:00+00:00,1.0706055024638772,target,1574.9467854562151,16.94782443702997,1.9787073537008,9
USDJPY,-1,2010-06-29 00:00:00+00:00,2010-06-30 00:00:00+00:00,88.66000366210938,89.4000015258789,1134.1119228688644,2010-07-01 00:00:00+00:00,87.18000793457031,target,1638.5963496631914,39.88445073383876,1.9524755353479117,1
EURJPY,-1,2010-06-29 00:00:00+00:00,2010-06-30 00:00:00+00:00,108.04000091552734,109.83599853515625,467.2836929326895,2010-07-02 00:00:00+00:00,109.83599853515625,stop,-859.6023805234584,20.36198032494321,-1.024262392897347,2
GBPAUD,1,2010-07-01 00:00:00+00:00,2010-07-02 00:00:00+00:00,1.7898000478744507,1.7745000123977661,57689.73297864146,2010-07-06 00:00:00+00:00,1.7745000123977661,stop,-923.7796649602462,41.12470374657198,-1.046592049615882,2
EURNZD,1,2010-07-02 00:00:00+00:00,2010-07-05 00:00:00+00:00,1.8243999481201172,1.7970000505447388,32681.621442036903,2010-07-07 00:00:00+00:00,1.7970000505447388,stop,-919.1437248784139,23.670644769311554,-1.0264336754449699,2
CHFJPY,1,2010-06-17 00:00:00+00:00,2010-06-18 00:00:00+00:00,81.7300033569336,80.48999786376953,641.8901443054434,2010-07-08 00:00:00+00:00,84.21001434326172,target,1570.5915575117199,21.30305238152524,1.9732355995816158,14
GBPCAD,1,2010-07-01 00:00:00+00:00,2010-07-02 00:00:00+00:00,1.6050000190734863,1.5843000411987305,42640.38186678905,2010-07-08 00:00:00+00:00,1.5843000411987305,stop,-909.8535557052305,27.198594491556136,-1.030814526272143,4
AUDCAD,1,2010-07-08 00:00:00+00:00,2010-07-09 00:00:00+00:00,0.9146999716758728,0.9036999940872192,77834.254399708,2010-07-09 00:00:00+00:00,0.9036999940872192,stop,-884.4818151334732,28.30676110712497,-1.0330618849194524,0
CADJPY,-1,2010-06-29 00:00:00+00:00,2010-06-30 00:00:00+00:00,84.14299774169922,86.35800170898438,378.88889256805226,2010-07-12 00:00:00+00:00,86.35800170898438,stop,-852.1605871712383,12.92018697272312,-1.0153950965297511,8
USDCHF,-1,2010-07-07 00:00:00+00:00,2010-07-08 00:00:00+00:00,1.0520000457763672,1.0635000467300415,74589.16362001625,2010-07-12 00:00:00+00:00,1.0635000467300415,stop,-889.3341292715804,31.558676507624007,-1.0367913029055966,2
NZDCAD,1,2010-06-17 00:00:00+00:00,2010-06-18 00:00:00+00:00,0.7236999869346619,0.7135999798774719,78806.6087914273,2010-07-13 00:00:00+00:00,0.7439000010490417,target,1568.7632942701782,23.131315623067024,1.9709386344054294,17
GBPUSD,1,2010-06-25 00:00:00+00:00,2010-06-28 00:00:00+00:00,1.5045965909957886,1.4861490726470947,45153.606402860205,2010-07-15 00:00:00+00:00,1.5414916276931763,target,1638.435591553913,27.508373699014218,1.966975631506504,13
EURUSD,1,2010-07-06 00:00:00+00:00,2010-07-07 00:00:00+00:00,1.261702299118042,1.2483770847320557,64650.78561120907,2010-07-15 00:00:00+00:00,1.2883527278900146,target,1689.9985448140253,32.97261216957676,1.9617258686706032,6
NZDUSD,1,2010-07-13 00:00:00+00:00,2010-07-14 00:00:00+00:00,0.71854567527771,0.7079144716262817,77890.04764625583,2010-07-19 00:00:00+00:00,0.7079144716262817,stop,-850.2863687083607,22.2214097615674,-1.026835346093899,3
USDCHF,-1,2010-07-15 00:00:00+00:00,2010-07-16 00:00:00+00:00,1.0422500371932983,1.0544999837875366,70647.4667829907,2010-07-19 00:00:00+00:00,1.0544999837875366,stop,-895.0537106017547,29.626015491895718,-1.0342328026469443,1
USDJPY,-1,2010-07-16 00:00:00+00:00,2010-07-19 00:00:00+00:00,86.52400207519531,87.48200225830078,895.7569566317873,2010-07-20 00:00:00+00:00,87.48200225830078,stop,-889.3087462467356,31.17341777548601,-1.036326925067892,1
EURNZD,1,2010-07-19 00:00:00+00:00,2010-07-20 00:00:00+00:00,1.8350000381469727,1.815000057220459,42239.426200458955,2010-07-20 00:00:00+00:00,1.815000057220459,stop,-875.6225002880491,30.834781931988157,-1.036500035762821,0
AUDCHF,-1,2010-06-29 00:00:00+00:00,2010-06-30 00:00:00+00:00,0.9196000099182129,0.9430452585220337,35795.756077491395,2010-07-23 00:00:00+00:00,0.9430452585220337,stop,-852.5753593361112,13.334959137596108,-1.0158893198354628,17
NZDCHF,-1,2010-06-29 00:00:00+00:00,2010-06-30 00:00:00+00:00,0.7486000061035156,0.7674440145492554,44536.19316798017,2010-07-23 00:00:00+00:00,0.7674440145492554,stop,-852.7441660695057,13.503765870990627,-1.0160904621224103,17
NZDCAD,1,2010-07-14 00:00:00+00:00,2010-07-15 00:00:00+00:00,0.7451000213623047,0.7383000254631042,122928.35100966503,2010-07-26 00:00:00+00:00,0.7587000131607056,target,1634.8526338239508,36.9719316984382,1.9557705605469606,7
NZDUSD,1,2010-07-26 00:00:00+00:00,2010-07-27 00:00:00+00:00,0.733406662940979,0.7265858054161072,122314.41505114739,2010-07-28 00:00:00+00:00,0.7265858054161072,stop,-870.00482325115,35.71562494923556,-1.0428096456503693,1
GBPUSD,1,2010-07-26 00:00:00+00:00,2010-07-27 00:00:00+00:00,1.5489946603775024,1.5410465989261866,80790.06528969487,2010-07-29 00:00:00+00:00,1.5648907832801342,target,1233.9346054970877,50.3142016595462,1.921644152785404,2
AUDCAD,1,2010-07-15 00:00:00+00:00,2010-07-16 00:00:00+00:00,0.9168000221252441,0.9067000150680542,85685.85053549867,2010-08-04 00:00:00+00:00,0.937000036239624,target,1699.086503274968,31.768886944750165,1.9632911136028326,13
EURUSD,1,2010-07-29 00:00:00+00:00,2010-07-30 00:00:00+00:00,1.307651162147522,1.2981956005096436,89325.0579777765,2010-08-06 00:00:00+00:00,1.3265622854232788,target,1642.176929245838,47.060253786020056,1.944282242590048,5
CADCHF,1,2010-08-04 00:00:00+00:00,2010-08-05 00:00:00+00:00,1.03410005569458,1.0134999752044678,42537.76288571955,2010-08-06 00:00:00+00:00,1.0134999752044678,stop,-893.7014042349698,17.42006491983515,-1.0198795342754303,1
AUDNZD,1,2010-07-29 00:00:00+00:00,2010-07-30 00:00:00+00:00,1.24399995803833,1.2340999841690063,85315.2344303738,2010-08-10 00:00:00+00:00,1.2637999057769775,target,1646.4464763746853,42.79070665717249,1.9493372427661446,7
EURUSD,1,2010-08-06 00:00:00+00:00,2010-08-09 00:00:00+00:00,1.3286035060882568,1.3159972429275513,70013.70194629126,2010-08-10 00:00:00+00:00,1.3159972429275513,stop,-919.6428093118574,37.03165772170628,-1.0419569338717152,1
CHFJPY,-1,2010-08-10 00:00:00+00:00,2010-08-11 00:00:00+00:00,81.45700073242188,81.95600128173828,1603.2198624327339,2010-08-11 00:00:00+00:00,80.45899963378906,target,1548.0977944912597,51.91738956655504,1.9351038789083401,0
AUDCHF,1,2010-08-04 00:00:00+00:00,2010-08-05 00:00:00+00:00,0.9649999737739563,0.9465000033378601,47366.6345760953,2010-08-12 00:00:00+00:00,0.9465000033378601,stop,-894.3896034967487,18.108264181613986,-1.0206648976409411,5
EURCAD,1,2010-07-15 00:00:00+00:00,2010-07-16 00:00:00+00:00,1.3416500091552734,1.3167451620101929,34749.36786676108,2010-08-13 00:00:00+00:00,1.3360999822616577,max_hold,-211.46995009806267,18.61002390139265,-0.24435311152275785,20
CADJPY,-1,2010-08-11 00:00:00+00:00,2010-08-12 00:00:00+00:00,81.2770004272461,82.8489990234375,546.1328498718402,2010-08-13 00:00:00+00:00,82.8489990234375,stop,-876.446993296158,17.926919963613187,-1.020881189060642,1
GBPNZD,1,2010-08-11 00:00:00+00:00,2010-08-12 00:00:00+00:00,2.194999933242798,2.1796000003814697,55748.29975320452,2010-08-13 00:00:00+00:00,2.1796000003814697,stop,-907.2953750125516,48.775301680006855,-1.0568132338370075,1
NZDJPY,-1,2010-08-11 00:00:00+00:00,2010-08-12 00:00:00+00:00,60.62799835205078,61.720001220703125,786.1884780504804,2010-08-13 00:00:00+00:00,61.720001220703125,stop,-877.7577908478697,19.237717515324846,-1.022407999664643,1
GBPUSD,1,2010-07-30 00:00:00+00:00,2010-08-02 00:00:00+00:00,1.5705984830856323,1.5556938648223877,56402.56298032295,2010-08-16 00:00:00+00:00,1.5556938648223877,stop,-875.9248504998836,35.266180209556765,-1.0419506530484928,10
GBPCAD,1,2010-08-06 00:00:00+00:00,2010-08-09 00:00:00+00:00,1.6424000263214111,1.6141806840896606,31276.8151837748,2010-08-17 00:00:00+00:00,1.6141806840896606,stop,-902.9822461922658,20.37109460211463,-1.0230804863108893,6
EURGBP,-1,2010-08-13 00:00:00+00:00,2010-08-16 00:00:00+00:00,0.8184000253677368,0.8259999752044678,108136.66512406069,2010-08-17 00:00:00+00:00,0.8259999752044678,stop,-857.3972168926115,35.56398643837634,-1.0432739698523992,1
NZDCHF,-1,2010-08-16 00:00:00+00:00,2010-08-17 00:00:00+00:00,0.7318999767303467,0.7425000071525574,78128.25151451014,2010-08-17 00:00:00+00:00,0.7425000071525574,stop,-851.2003014426948,23.038458554758645,-1.0278187877799583,0
AUDNZD,1,2010-08-13 00:00:00+00:00,2010-08-16 00:00:00+00:00,1.2661000490188599,1.2559000253677368,80571.6985140274,2010-08-18 00:00:00+00:00,1.2559000253677368,stop,-862.4735963834015,40.640365929166315,-1.0494508671871348,2
GBPNZD,1,2010-08-13 00:00:00+00:00,2010-08-16 00:00:00+00:00,2.208699941635132,2.175800085067749,24979.84235192707,2010-08-18 00:00:00+00:00,2.175800085067749,stop,-843.7380543460467,21.9048238918116,-1.0266536118035827,2
EURCAD,-1,2010-08-18 00:00:00+00:00,2010-08-19 00:00:00+00:00,1.3206000328063965,1.3295999765396118,87237.0640180239,2010-08-19 00:00:00+00:00,1.3295999765396118,stop,-831.3678011882961,46.23913357517706,-1.058893701736493,0
AUDUSD,1,2010-07-22 00:00:00+00:00,2010-07-23 00:00:00+00:00,0.8943743705749512,0.8739731311798096,40565.6303048469,2010-08-20 00:00:00+00:00,0.8915039300918579,max_hold,-130.930283232087,14.4890557828596,-0.1582068658042048,20
NZDCAD,-1,2010-08-13 00:00:00+00:00,2010-08-16 00:00:00+00:00,0.7347999811172485,0.7457000017166138,75397.40158858919,2010-08-23 00:00:00+00:00,0.7457000017166138,stop,-844.1584008057599,22.32517035152482,-1.0271650859617656,5
EURJPY,-1,2010-08-20 00:00:00+00:00,2010-08-23 00:00:00+00:00,108.7300033569336,109.59700012207031,887.5786614823978,2010-08-24 00:00:00+00:00,106.99600982666016,target,1500.7608954135496,38.294761205685646,1.9502360281241473,1
CADJPY,-1,2010-08-23 00:00:00+00:00,2010-08-24 00:00:00+00:00,80.87000274658203,81.6500015258789,996.7225858184612,2010-08-24 00:00:00+00:00,79.31000518798828,target,1522.9537941310557,31.931006340993314,1.9589281388160726,0
GBPUSD,-1,2010-08-24 00:00:00+00:00,2010-08-25 00:00:00+00:00,1.5406421422958374,1.550603985786438,78300.91597382972,2010-08-26 00:00:00+00:00,1.550603985786438,stop,-828.4309507678383,48.40948066587934,-1.062061728454156,1
AUDJPY,-1,2010-08-24 00:00:00+00:00,2010-08-25 00:00:00+00:00,74.35669708251953,75.81999969482422,549.5955514840523,2010-08-27 00:00:00+00:00,75.81999969482422,stop,-820.7318950947287,16.50728889707951,-1.0205257197676723,2
EURCHF,-1,2010-08-19 00:00:00+00:00,2010-08-20 00:00:00+00:00,1.3223999738693237,1.339900016784668,44167.466944632375,2010-08-31 00:00:00+00:00,1.2873998880386353,target,1522.8114841596441,23.053649826585183,1.9701737890068869,7
EURGBP,-1,2010-08-20 00:00:00+00:00,2010-08-23 00:00:00+00:00,0.8174600005149841,0.8245000243186951,109307.56056591516,2010-08-31 00:00:00+00:00,0.8245000243186951,stop,-805.4235572818815,35.8957289722638,-1.046646433893254,6
EURUSD,-1,2010-08-20 00:00:00+00:00,2010-08-23 00:00:00+00:00,1.2710840702056885,1.2833017110824585,62984.97689294154,2010-09-01 00:00:00+00:00,1.2833017110824585,stop,-801.7054141916361,32.17758588201847,-1.0418147137741611,7
EURCHF,-1,2010-08-31 00:00:00+00:00,2010-09-01 00:00:00+00:00,1.2872400283813477,1.298799991607666,68810.18900359847,2010-09-01 00:00:00+00:00,1.298799991607666,stop,-831.032434986877,35.58918050926272,-1.0447413191436703,0
GBPUSD,-1,2010-08-31 00:00:00+00:00,2010-09-01 00:00:00+00:00,1.535225749015808,1.5476043224334717,64259.68709306668,2010-09-01 00:00:00+00:00,1.5476043224334717,stop,-835.0635936280996,39.62033915048542,-1.0498091333699284,0
GBPNZD,-1,2010-09-02 00:00:00+00:00,2010-09-03 00:00:00+00:00,2.155400037765503,2.174099922180176,41768.22084080562,2010-09-09 00:00:00+00:00,2.1180002689361572,target,1526.423338308893,35.698465550296284,1.9542949013807964,4
EURNZD,-1,2010-09-06 00:00:00+00:00,2010-09-07 00:00:00+00:00,1.7789499759674072,1.7929500341415405,56724.18010653173,2010-09-09 00:00:00+00:00,1.7509498596191406,target,1548.2375079365524,40.046134806365615,1.9495730690304067,2
EURCHF,-1,2010-09-07 00:00:00+00:00,2010-09-08 00:00:00+00:00,1.281599998474121,1.2999999523162842,43624.187822673455,2010-09-10 00:00:00+00:00,1.2999999523162842,stop,-825.2070825663016,22.52404022725704,-1.0280609394233884,2
GBPAUD,-1,2010-09-01 00:00:00+00:00,2010-09-02 00:00:00+00:00,1.6970000267028809,1.7206000089645386,32952.404606726646,2010-09-13 00:00:00+00:00,1.6498000621795654,target,1533.295306262097,22.057022133336616,1.9716372660642214,7
AUDUSD,1,2010-09-09 00:00:00+00:00,2010-09-10 00:00:00+00:00,0.9230201244354248,0.9171788096427917,133861.19885540835,2010-09-13 00:00:00+00:00,0.9347027540206909,target,1514.1153997371327,49.73540233025114,1.9363936735339435,1
USDCHF,-1,2010-08-19 00:00:00+00:00,2010-08-20 00:00:00+00:00,1.0326000452041626,1.0462599992752075,56583.83351606606,2010-09-14 00:00:00+00:00,1.0052801370620728,target,1522.8029193944205,23.062214591808605,1.9701627081369775,17
EURNZD,-1,2010-09-09 00:00:00+00:00,2010-09-10 00:00:00+00:00,1.7496000528335571,1.7661399841308594,49801.3275483383,2010-09-14 00:00:00+00:00,1.7661399841308594,stop,-858.7282403950956,35.01770423113438,-1.0425121480104074,2
AUDJPY,1,2010-09-10 00:00:00+00:00,2010-09-13 00:00:00+00:00,78.31900024414062,77.23999786376953,776.5570877442165,2010-09-15 00:00:00+00:00,80.47700500488281,target,1651.1510596637884,24.66283267631939,1.9705661436642226,2
USDJPY,-1,2010-09-14 00:00:00+00:00,2010-09-15 00:00:00+00:00,83.05699920654297,83.70999908447266,1284.912372218727,2010-09-15 00:00:00+00:00,83.70999908447266,stop,-881.9038180855549,42.85619587638105,-1.0510771912606613,0
USDCHF,-1,2010-09-14 00:00:00+00:00,2010-09-15 00:00:00+00:00,0.9955999851226807,1.0085999965667725,64542.067967986404,2010-09-16 00:00:00+00:00,1.0085999965667725,stop,-864.9186644971014,25.87104228792756,-1.0308338187286799,1
AUDCAD,1,2010-08-27 00:00:00+00:00,2010-08-30 00:00:00+00:00,0.9467999935150146,0.9355000257492065,68786.1396957518,2010-09-17 00:00:00+00:00,0.9693999290466309,target,1528.2007234810746,26.36159911166283,1.96608486037704,14
EURUSD,1,2010-09-14 00:00:00+00:00,2010-09-15 00:00:00+00:00,1.299106240272522,1.283285140991211,53033.45913518881,2010-09-22 00:00:00+00:00,1.330748438835144,target,1650.2011862871593,27.894058131188295,1.9667550954286188,5
CADJPY,1,2010-09-15 00:00:00+00:00,2010-09-16 00:00:00+00:00,83.54499816894531,81.59720641374588,432.92729657068026,2010-09-22 00:00:00+00:00,81.59720641374588,stop,-857.5511324970918,14.298913635941341,-1.0169568645253642,4
AUDCAD,1,2010-09-17 00:00:00+00:00,2010-09-20 00:00:00+00:00,0.9674000144004822,0.9598000049591064,110191.43781453946,2010-09-22 00:00:00+00:00,0.9826000332832336,target,1631.9372736999956,42.97466179853783,1.9486842730203047,2
EURAUD,-1,2010-08-27 00:00:00+00:00,2010-08-30 00:00:00+00:00,1.4119999408721924,1.4345747069455683,34431.41597879381,2010-09-27 00:00:00+00:00,1.402500033378601,max_hold,307.71382279475614,19.381443877146708,0.3958848330783463,20
USDCHF,-1,2010-09-22 00:00:00+00:00,2010-09-23 00:00:00+00:00,0.9865400195121765,0.9983000159263611,74356.68799198963,2010-10-06 00:00:00+00:00,0.9630200266838074,target,1719.8762026975492,28.992565615328736,1.9668442067916878,9
AUDUSD,1,2010-09-24 00:00:00+00:00,2010-09-27 00:00:00+00:00,0.9607993960380554,0.9466111660003662,62206.45031745099,2010-10-07 00:00:00+00:00,0.9891758561134338,target,1740.9386461355148,24.26020772864412,1.9725127764778039,8
AUDJPY,1,2010-09-15 00:00:00+00:00,2010-09-16 00:00:00+00:00,80.43499755859375,78.5407418012619,445.1628116199644,2010-10-14 00:00:00+00:00,81.08799743652344,max_hold,276.3104555280124,14.380806118660761,0.3276723729244163,20
CHFJPY,1,2010-09-15 00:00:00+00:00,2010-09-16 00:00:00+00:00,85.50700378417969,84.03406524658203,572.4965416659435,2010-10-14 00:00:00+00:00,85.38600158691406,max_hold,-88.84047038252072,19.56713091397014,-0.10535456461947258,20
EURJPY,1,2010-09-15 00:00:00+00:00,2010-09-16 00:00:00+00:00,111.53399658203125,109.24209940433502,367.9275959965934,2010-10-14 00:00:00+00:00,114.25,max_hold,982.6781756763871,16.614432615385965,1.1653431247456871,20
AUDNZD,1,2010-09-15 00:00:00+00:00,2010-09-16 00:00:00+00:00,1.2902499437332153,1.2768000364303589,62695.76435534715,2010-10-14 00:00:00+00:00,1.3078999519348145,max_hold,1074.0021563536684,32.578598723734515,1.2736428465070107,20
NZDUSD,1,2010-10-01 00:00:00+00:00,2010-10-04 00:00:00+00:00,0.743992269039154,0.7337295413017273,88119.85547388438,2010-10-14 00:00:00+00:00,0.7645177245140076,target,1782.1142334571778,26.585936522562974,1.9706021628528285,8
USDJPY,-1,2010-10-07 00:00:00+00:00,2010-10-08 00:00:00+00:00,82.37899780273438,83.00700378417969,1489.5171649692602,2010-10-14 00:00:00+00:00,81.12298583984375,target,1822.143575903891,48.70780222842867,1.9479298005199603,4
AUDUSD,1,2010-10-14 00:00:00+00:00,2010-10-15 00:00:00+00:00,0.9936407208442688,0.9885261952877045,146446.46419641987,2010-10-15 00:00:00+00:00,0.9885261952877045,stop,-807.0604510640026,58.05626726292981,-1.0775112723246802,0
EURUSD,1,2010-10-14 00:00:00+00:00,2010-10-15 00:00:00+00:00,1.4070039987564087,1.3967065811157227,94208.19557341014,2010-10-18 00:00:00+00:00,1.3967065811157227,stop,-1022.9276379228002,52.82650292796658,-1.0544546346997603,1
USDJPY,-1,2010-10-14 00:00:00+00:00,2010-10-15 00:00:00+00:00,81.48699951171875,81.83499908447266,1785.7470654358592,2010-10-19 00:00:00+00:00,81.83499908447266,stop,-679.7695717610745,58.330355942853664,-1.0938633328217833,2
CADJPY,-1,2010-10-18 00:00:00+00:00,2010-10-19 00:00:00+00:00,79.80999755859375,80.31999969482422,1781.7053646203553,2010-10-20 00:00:00+00:00,78.78999328613281,target,1760.8313932759772,56.515690903357715,1.937804185677742,1
EURNZD,1,2010-09-22 00:00:00+00:00,2010-09-23 00:00:00+00:00,1.8291000127792358,1.8014999628067017,31682.347859029986,2010-10-21 00:00:00+00:00,1.8550000190734863,max_hold,797.2288212141858,23.34418775132428,0.911707997373945,20
GBPUSD,1,2010-09-24 00:00:00+00:00,2010-09-27 00:00:00+00:00,1.5829546451568604,1.5647003650665283,48350.27306278315,2010-10-25 00:00:00+00:00,1.5679880380630493,max_hold,-754.1093276369231,30.46978782777225,-0.8544185557180921,20
EURGBP,1,2010-10-21 00:00:00+00:00,2010-10-22 00:00:00+00:00,0.8855999708175659,0.8773999810218811,114899.72186879019,2010-10-26 00:00:00+00:00,0.8773999810218811,stop,-982.6901876753114,40.51364082420859,-1.0430000523358507,2
GBPJPY,-1,2010-10-19 00:00:00+00:00,2010-10-20 00:00:00+00:00,127.95999908447266,129.35800170898438,675.9881433826861,2010-10-27 00:00:00+00:00,129.35800170898438,stop,-979.821982110862,34.78878352306271,-1.036812234295101,5
NZDCAD,1,2010-10-18 00:00:00+00:00,2010-10-19 00:00:00+00:00,0.7681000232696533,0.7628999948501587,182304.0046824765,2010-10-29 00:00:00+00:00,0.7785000801086426,target,1839.58173217548,56.390278497639095,1.9405157057380618,8
NZDCHF,1,2010-10-26 00:00:00+00:00,2010-10-27 00:00:00+00:00,0.736299991607666,0.7293000221252441,132177.52132180342,2010-10-29 00:00:00+00:00,0.7502999305725098,target,1811.178212447389,39.2990185821923,1.9575255313351498,2
CHFJPY,-1,2010-10-22 00:00:00+00:00,2010-10-25 00:00:00+00:00,83.18199920654297,84.13500213623047,993.4882181016188,2010-11-01 00:00:00+00:00,81.27599334716797,target,1860.9169493267623,32.677415594951114,1.9654863615985654,5
AUDJPY,-1,2010-10-19 00:00:00+00:00,2010-10-20 00:00:00+00:00,79.1449966430664,80.55584475398064,669.833408201126,2010-11-02 00:00:00+00:00,80.55584475398064,stop,-966.4277903649134,21.3945917771143,-1.0226389843331272,9
NZDCAD,1,2010-10-29 00:00:00+00:00,2010-11-01 00:00:00+00:00,0.7789999842643738,0.7694718837738037,102945.45656757095,2010-11-04 00:00:00+00:00,0.7980561852455139,target,1929.2791569662847,32.47015348057999,1.9668967351662445,3
GBPCHF,1,2010-10-29 00:00:00+00:00,2010-11-01 00:00:00+00:00,1.580399990081787,1.5613000392913818,51354.82630228388,2010-11-04 00:00:00+00:00,1.5613000392913818,stop,-1013.1429470839005,32.268291860467855,-1.032897467264171,3
CADCHF,1,2010-10-26 00:00:00+00:00,2010-10-27 00:00:00+00:00,0.9610999822616577,0.9505000114440918,87286.90214708101,2010-11-05 00:00:00+00:00,0.9505000114440918,stop,-958.6101438337814,33.37152831899088,-1.0360680237069693,7
EURNZD,-1,2010-10-29 00:00:00+00:00,2010-11-01 00:00:00+00:00,1.8194999694824219,1.8434370728209615,40977.1659231712,2010-11-05 00:00:00+00:00,1.7716257628053427,target,1932.3184794502797,29.43083099658508,1.9699953191369992,4
AUDCHF,1,2010-11-01 00:00:00+00:00,2010-11-02 00:00:00+00:00,0.9803000092506409,0.9679999947547913,81787.58210902617,2010-11-05 00:00:00+00:00,0.9679999947547913,stop,-1037.8577948316342,31.86934931012206,-1.0316796375266526,3
GBPJPY,1,2010-11-05 00:00:00+00:00,2010-11-08 00:00:00+00:00,131.50999450683594,130.4709930419922,960.4872241709658,2010-11-09 00:00:00+00:00,130.4709930419922,stop,-1048.2735111806091,50.32587830326845,-1.0504293779004876,1
AUDCAD,1,2010-11-04 00:00:00+00:00,2010-11-05 00:00:00+00:00,1.0176000595092773,1.0108000040054321,147048.86138812627,2010-11-10 00:00:00+00:00,1.0108000040054321,stop,-1059.5952031723884,59.65478395588822,-1.0596583384464353,3
AUDUSD,1,2010-11-03 00:00:00+00:00,2010-11-04 00:00:00+00:00,1.0038951635360718,0.9946290850639343,107389.48786180606,2010-11-12 00:00:00+00:00,0.9946290850639343,stop,-1038.0035207174583,42.924099107311086,-1.043136354923163,6
USDJPY,1,2010-11-10 00:00:00+00:00,2010-11-11 00:00:00+00:00,82.19999694824219,81.5530014038086,1502.8895474164876,2010-11-17 00:00:00+00:00,83.49398803710938,target,1894.9217302877216,49.803951620853866,1.9487804865393912,4
NZDCHF,1,2010-10-29 00:00:00+00:00,2010-11-01 00:00:00+00:00,0.7538999915122986,0.7422927732113749,84505.5748753665,2010-11-19 00:00:00+00:00,0.777114428114146,target,1935.8734597122632,25.875850734601663,1.9736196153129193,14
EURUSD,-1,2010-11-15 00:00:00+00:00,2010-11-16 00:00:00+00:00,1.3576072454452515,1.3747026920318604,57601.14610444913,2010-11-22 00:00:00+00:00,1.3747026920318604,stop,-1016.1941533383161,31.47683678225148,-1.0319653531557036,4
NZDJPY,1,2010-11-18 00:00:00+00:00,2010-11-19 00:00:00+00:00,65.10099792480469,64.06999969482422,966.7499200224195,2010-11-23 00:00:00+00:00,64.06999969482422,stop,-1021.6926667004727,24.975210323598475,-1.0250574625374627,2
GBPCHF,1,2010-11-18 00:00:00+00:00,2010-11-19 00:00:00+00:00,1.597599983215332,1.5726373195648193,39928.329377478236,2010-11-23 00:00:00+00:00,1.5726373195648193,stop,-1022.033912222909,25.31645584603482,-1.0253998319022741,2
AUDJPY,1,2010-11-18 00:00:00+00:00,2010-11-19 00:00:00+00:00,82.74400329589844,81.55000305175781,834.7715683209562,2010-11-23 00:00:00+00:00,81.55000305175781,stop,-1024.1470494457874,27.42959306891323,-1.0275199284345047,2
EURGBP,-1,2010-11-10 00:00:00+00:00,2010-11-11 00:00:00+00:00,0.8541300296783447,0.8637199997901917,101393.73007566352,2010-11-30 00:00:00+00:00,0.8349500894546509,target,1910.4732551734674,34.25242673510811,1.964774027459243,13
GBPJPY,1,2010-11-10 00:00:00+00:00,2010-11-11 00:00:00+00:00,132.49000549316406,130.4654551744461,480.28583531084325,2010-11-30 00:00:00+00:00,130.4654551744461,stop,-997.6215975695458,25.25875661525815,-1.025976678202212,13
CADCHF,1,2010-11-24 00:00:00+00:00,2010-11-25 00:00:00+00:00,0.9843999743461609,0.9732999801635742,87444.14524170535,2010-11-30 00:00:00+00:00,0.9732999801635742,stop,-1004.8673833165591,34.23787983236585,-1.0352738915409687,3
CADJPY,1,2010-11-24 00:00:00+00:00,2010-11-25 00:00:00+00:00,82.69000244140625,81.32564783096313,711.4202539829085,2010-11-30 00:00:00+00:00,81.32564783096313,stop,-993.9663145989814,23.33681111478819,-1.0240429649325697,3
EURGBP,-1,2010-11-30 00:00:00+00:00,2010-12-01 00:00:00+00:00,0.8345000147819519,0.8445000052452087,97745.40957078693,2010-12-02 00:00:00+00:00,0.8445000052452087,stop,-1010.2760724603856,32.822908925382855,-1.0335800324249578,1
EURJPY,-1,2010-11-30 00:00:00+00:00,2010-12-01 00:00:00+00:00,108.70999908447266,110.66000366210938,501.2568558785711,2010-12-02 00:00:00+00:00,110.66000366210938,stop,-999.4453071051677,21.992143570165045,-1.0224994346436298,1
EURAUD,-1,2010-11-05 00:00:00+00:00,2010-11-08 00:00:00+00:00,1.3849999904632568,1.40215003490448,58189.21556136602,2010-12-03 00:00:00+00:00,1.3506999015808105,target,1964.0576196088098,31.8376461458716,1.968096876933236,19
CADJPY,1,2010-12-02 00:00:00+00:00,2010-12-03 00:00:00+00:00,83.43699645996094,82.48999786376953,1022.3864768781656,2010-12-03 00:00:00+00:00,82.48999786376953,stop,-1002.1268613978249,33.928303029124436,-1.0350427117824774,0
GBPCHF,-1,2010-12-03 00:00:00+00:00,2010-12-06 00:00:00+00:00,1.5367000102996826,1.555799961090088,48858.34869798541,2010-12-07 00:00:00+00:00,1.555799961090088,stop,-963.4109442221172,30.218888390134268,-1.032382282083609,1
EURAUD,-1,2010-12-03 00:00:00+00:00,2010-12-06 00:00:00+00:00,1.3515000343322754,1.357388884294778,103572.92254450859,2010-12-09 00:00:00+00:00,1.33972233440727,target,1164.1032488955507,55.74755318950198,1.9085993908530217,3
AUDNZD,1,2010-12-03 00:00:00+00:00,2010-12-06 00:00:00+00:00,1.2963000535964966,1.2893999814987183,107983.33918635253,2010-12-09 00:00:00+00:00,1.3101001977920532,target,1433.89609100915,56.289560480216856,1.9244529560139596,3
CHFJPY,1,2010-12-10 00:00:00+00:00,2010-12-13 00:00:00+00:00,85.50199890136719,84.98500061035156,1683.7718118806229,2010-12-14 00:00:00+00:00,86.53599548339844,target,1683.07975330162,57.93454510350905,1.933447364382268,1
NZDCHF,-1,2010-12-08 00:00:00+00:00,2010-12-09 00:00:00+00:00,0.7365999817848206,0.7476999759674072,84582.99906065469,2010-12-15 00:00:00+00:00,0.7143999934196472,target,1853.1956091300558,24.545985907945898,1.9738558426006971,4
CADJPY,1,2010-12-15 00:00:00+00:00,2010-12-16 00:00:00+00:00,83.87000274658203,83.0,1171.7719262382825,2010-12-17 00:00:00+00:00,83.0,stop,-1058.551511104973,39.10671690994999,-1.0383607990669368,1
EURUSD,-1,2010-11-23 00:00:00+00:00,2010-11-24 00:00:00+00:00,1.338777780532837,1.3613591194152832,42363.15992791833,2010-12-22 00:00:00+00:00,1.309174656867981,max_hold,1231.6467356628102,22.435126517426397,1.2875026289949636,20
GBPCHF,-1,2010-12-14 00:00:00+00:00,2010-12-15 00:00:00+00:00,1.5148999691009521,1.5374000072479248,43935.71624029251,2010-12-22 00:00:00+00:00,1.4698998928070068,target,1950.8827188889247,26.227863953370473,1.9734684906540076,5
EURCHF,-1,2010-12-14 00:00:00+00:00,2010-12-15 00:00:00+00:00,1.2838000059127808,1.2998000383377075,61784.580503790625,2010-12-22 00:00:00+00:00,1.2517999410629272,target,1945.7783870324295,31.332195809865574,1.9683050648944254,5
GBPCAD,-1,2010-11-24 00:00:00+00:00,2010-11-25 00:00:00+00:00,1.5937999486923218,1.6139999628067017,48050.93194431119,2010-12-23 00:00:00+00:00,1.5598000288009644,max_hold,1603.4211532320255,30.306683579622238,1.6519394346414873,20
EURCAD,-1,2010-11-24 00:00:00+00:00,2010-11-25 00:00:00+00:00,1.3483999967575073,1.3681199550628662,49220.66712587446,2010-12-23 00:00:00+00:00,1.3277000188827515,max_hold,992.522834873249,26.343885613075322,1.022555806629066,20
USDCHF,-1,2010-12-22 00:00:00+00:00,2010-12-23 00:00:00+00:00,0.9514200091362,0.9585000276565552,150339.1706602909,2010-12-23 00:00:00+00:00,0.9585000276565552,stop,-1121.8312714814833,57.427158871779014,-1.0539524022797875,0
NZDCHF,-1,2010-12-22 00:00:00+00:00,2010-12-23 00:00:00+00:00,0.7063000202178955,0.7121000289916992,183517.67283821816,2010-12-23 00:00:00+00:00,0.7121000289916992,stop,-1116.464407846616,52.06029523691179,-1.0489102725366877,0
AUDUSD,1,2010-12-23 00:00:00+00:00,2010-12-24 00:00:00+00:00,1.003814458847046,0.9989012479782104,155558.90809043817,2010-12-27 00:00:00+00:00,0.9989012479782104,stop,-826.6017716879769,62.3080537138614,-1.0815237025354847,1
EURAUD,-1,2010-12-17 00:00:00+00:00,2010-12-20 00:00:00+00:00,1.3314000368118286,1.348226547241211,59639.71728245256,2010-12-28 00:00:00+00:00,1.297747015953064,target,1975.6963323330242,31.36031738417832,1.9687499429688773,6
AUDUSD,1,2010-12-27 00:00:00+00:00,2010-12-28 00:00:00+00:00,1.0061577558517456,0.9977052807807922,121873.23428322513,2010-12-31 00:00:00+00:00,1.0230627059936523,target,2010.79941703908,49.4615321517597,1.95198517724545,3
EURAUD,-1,2010-12-28 00:00:00+00:00,2010-12-29 00:00:00+00:00,1.295799970626831,1.312914252281189,60676.57919326289,2010-12-31 00:00:00+00:00,1.312914252281189,stop,-1070.0936371642279,31.657571027773947,-1.030485816180824,2
AUDJPY,1,2010-12-13 00:00:00+00:00,2010-12-14 00:00:00+00:00,83.00189971923828,82.53827315568924,1733.9958209297342,2011-01-04 00:00:00+00:00,82.53827315568924,stop,-861.3357172582743,57.409193592222024,-1.0714109957840743,15
EURCHF,-1,2010-12-28 00:00:00+00:00,2010-12-29 00:00:00+00:00,1.2457000017166138,1.264164924621582,56238.310415964275,2011-01-04 00:00:00+00:00,1.264164924621582,stop,-1066.6661787023638,28.230112565909756,-1.0271852196649345,4
GBPJPY,-1,2010-12-28 00:00:00+00:00,2010-12-29 00:00:00+00:00,126.45099639892578,127.98500061035156,676.9447296179708,2011-01-04 00:00:00+00:00,127.98500061035156,stop,-1072.883887576559,34.44782144010482,-1.0331727898938154,4
GBPCHF,-1,2010-12-28 00:00:00+00:00,2010-12-29 00:00:00+00:00,1.4611999988555908,1.4810999631881714,52182.81042023319,2011-01-05 00:00:00+00:00,1.4810999631881714,stop,-1069.1435623602117,30.707496223757794,-1.0295709068907886,5
USDCAD,-1,2010-12-31 00:00:00+00:00,2011-01-03 00:00:00+00:00,0.9927399754524231,1.000599980354309,133094.9774265846,2011-01-05 00:00:00+00:00,1.000599980354309,stop,-1099.187882273681,53.06070728432124,-1.0507210868361785,2
AUDCAD,-1,2011-01-07 00:00:00+00:00,2011-01-10 00:00:00+00:00,0.9868000149726868,0.9921000003814697,152942.72494114554,2011-01-11 00:00:00+00:00,0.9762000441551208,target,1561.1431055146265,60.04531562052735,1.9259243221358764,1
EURNZD,-1,2011-01-07 00:00:00+00:00,2011-01-10 00:00:00+00:00,1.6974999904632568,1.718500018119812,47912.28079320328,2011-01-12 00:00:00+00:00,1.718500018119812,stop,-1038.8928920660696,32.73367032016336,-1.0325332905694222,2
EURJPY,-1,2011-01-07 00:00:00+00:00,2011-01-10 00:00:00+00:00,107.08000183105469,108.53399658203125,691.9964608332516,2011-01-12 00:00:00+00:00,108.53399658203125,stop,-1036.0000465074986,29.84082476159236,-1.0296581536168918,2
AUDUSD,-1,2011-01-11 00:00:00+00:00,2011-01-12 00:00:00+00:00,0.9827043414115906,0.994925856590271,81645.58004885807,2011-01-12 00:00:00+00:00,0.994925856590271,stop,-1030.1256487668861,32.29295292760001,-1.032363093595002,0
EURUSD,-1,2011-01-06 00:00:00+00:00,2011-01-07 00:00:00+00:00,1.2989037036895752,1.3170371055603027,54678.94657993849,2011-01-13 00:00:00+00:00,1.3170371055603027,stop,-1020.1226897551189,28.60737755305103,-1.0288521792865877,4
EURCAD,-1,2011-01-06 00:00:00+00:00,2011-01-07 00:00:00+00:00,1.295199990272522,1.31141996383667,61129.28040731694,2011-01-13 00:00:00+00:00,1.31141996383667,stop,-1023.3834726200776,31.868160418009683,-1.032140865628422,4
EURGBP,-1,2011-01-07 00:00:00+00:00,2011-01-10 00:00:00+00:00,0.8295300006866455,0.8406305280514061,90640.66856319149,2011-01-13 00:00:00+00:00,0.8406305280514061,stop,-1036.4361151324404,30.276893386534077,-1.0300915528399144,3
AUDCAD,-1,2011-01-11 00:00:00+00:00,2011-01-12 00:00:00+00:00,0.9717000126838684,0.9840470547787845,80815.52554600456,2011-01-13 00:00:00+00:00,0.9840470547787845,stop,-1029.4436412576965,31.610945418410306,-1.0316796047576113,1
NZDCHF,1,2011-01-13 00:00:00+00:00,2011-01-14 00:00:00+00:00,0.7432000041007996,0.7364000082015991,138015.793163654,2011-01-14 00:00:00+00:00,0.7364000082015991,stop,-979.3484613903166,40.84163385257355,-1.043517673664373,0
NZDJPY,1,2011-01-13 00:00:00+00:00,2011-01-14 00:00:00+00:00,63.8390007019043,63.11399841308594,1294.4880892270876,2011-01-19 00:00:00+00:00,63.11399841308594,stop,-971.3746565869454,32.86782904920237,-1.0350214064349792,3
AUDNZD,-1,2011-01-13 00:00:00+00:00,2011-01-14 00:00:00+00:00,1.2920000553131104,1.306395411491394,65195.10986143853,2011-01-21 00:00:00+00:00,1.306395411491394,stop,-972.3873631220998,33.88053558435671,-1.0361004678817791,5
GBPCHF,1,2011-01-12 00:00:00+00:00,2011-01-13 00:00:00+00:00,1.5227999687194824,1.5125000476837158,92849.60529200685,2011-01-25 00:00:00+00:00,1.5125000476837158,stop,-1012.708884402939,56.36528169317177,-1.0589383162426795,8
GBPAUD,1,2011-01-14 00:00:00+00:00,2011-01-17 00:00:00+00:00,1.6025999784469604,1.5861999988555908,56960.54971107359,2011-01-25 00:00:00+00:00,1.5861999988555908,stop,-970.4790126999645,36.32715992516246,-1.0388878529944103,6
EURCAD,1,2011-01-19 00:00:00+00:00,2011-01-20 00:00:00+00:00,1.3388999700546265,1.326300024986267,72253.45575763867,2011-01-25 00:00:00+00:00,1.3640998601913452,target,1781.718931361247,39.06021572951643,1.9570950537390253,3
NZDJPY,1,2011-01-27 00:00:00+00:00,2011-01-28 00:00:00+00:00,63.97100067138672,63.28099822998047,1343.2149263555639,2011-01-31 00:00:00+00:00,63.15999984741211,stop_gap,-1123.50126354923,34.152851499873506,-1.212208789252543,1
EURAUD,1,2011-01-27 00:00:00+00:00,2011-01-28 00:00:00+00:00,1.3859000205993652,1.3703999519348145,59794.67566091045,2011-01-31 00:00:00+00:00,1.3703999519348145,stop,-959.7839910950269,32.962412576371534,-1.0355650033839907,1
AUDCHF,-1,2011-01-25 00:00:00+00:00,2011-01-26 00:00:00+00:00,0.9372000098228455,0.9478999972343445,85465.12367869435,2011-02-01 00:00:00+00:00,0.9478999972343445,stop,-946.6978085342067,32.222061049970065,-1.0352355556050714,4
EURGBP,1,2011-01-25 00:00:00+00:00,2011-01-26 00:00:00+00:00,0.8651000261306763,0.8539811968803406,82245.68674409919,2011-02-01 00:00:00+00:00,0.8539811968803406,stop,-942.7531506353221,28.2774031510854,-1.0309219825991862,4
NZDUSD,1,2011-02-01 00:00:00+00:00,2011-02-02 00:00:00+00:00,0.7824726104736328,0.7717240452766418,82038.75745809525,2011-02-03 00:00:00+00:00,0.7717240452766418,stop,-907.2998057151216,25.50087249665591,-1.028919146458457,1
GBPCAD,1,2011-01-31 00:00:00+00:00,2011-02-01 00:00:00+00:00,1.6025999784469604,1.5851000547409058,50656.279740939055,2011-02-04 00:00:00+00:00,1.5851000547409058,stop,-918.7764356212703,32.29540492227306,-1.0364310163487738,3
AUDNZD,1,2011-02-04 00:00:00+00:00,2011-02-07 00:00:00+00:00,1.3143999576568604,1.309385844040662,96267.30900809092,2011-02-08 00:00:00+00:00,1.309385844040662,stop,-533.2121846008495,50.516959708611395,-1.104656017096273,1
GBPUSD,1,2011-02-01 00:00:00+00:00,2011-02-02 00:00:00+00:00,1.6137361526489258,1.6030007600784302,81964.97287716504,2011-02-10 00:00:00+00:00,1.6030007600784302,stop,-932.658111627326,52.731950760934666,-1.0599276997390483,6
AUDCHF,1,2011-02-08 00:00:00+00:00,2011-02-09 00:00:00+00:00,0.977400004863739,0.964900016784668,67974.57330162407,2011-02-10 00:00:00+00:00,0.964900016784668,stop,-876.0867589892989,26.405403039057134,-1.031076829983549,1
EURCHF,1,2011-01-13 00:00:00+00:00,2011-01-14 00:00:00+00:00,1.2869000434875488,1.268399953842163,50729.852964351645,2011-02-11 00:00:00+00:00,1.3178999423980713,max_hold,1546.1920895834648,26.42822405710455,1.6475022282363556,20
EURUSD,1,2011-01-21 00:00:00+00:00,2011-01-24 00:00:00+00:00,1.3621937036514282,1.3450984954833984,55331.473137270754,2011-02-14 00:00:00+00:00,1.3450984954833984,stop,-975.8627446436259,29.959693118234267,-1.0316731118161848,15
CADCHF,1,2011-02-11 00:00:00+00:00,2011-02-14 00:00:00+00:00,0.9860000014305115,0.9710999727249146,56094.54737360005,2011-02-17 00:00:00+00:00,0.9710999727249146,stop,-857.7668935371339,21.956527443026594,-1.0262697477008254,3
NZDUSD,-1,2011-02-15 00:00:00+00:00,2011-02-16 00:00:00+00:00,0.7520493268966675,0.759013295173645,122333.5345273812,2011-02-17 00:00:00+00:00,0.759013295173645,stop,-888.8975799492339,36.97072629001475,-1.0433965969392995,1
EURJPY,1,2011-01-20 00:00:00+00:00,2011-01-21 00:00:00+00:00,111.65899658203125,110.30999755859375,694.2076141913334,2011-02-18 00:00:00+00:00,113.45600128173828,max_hold,1216.2390361570926,31.25530911713891,1.298727181929237,20
AUDNZD,1,2011-02-17 00:00:00+00:00,2011-02-18 00:00:00+00:00,1.3327000141143799,1.3270000219345093,93520.57994855751,2011-02-18 00:00:00+00:00,1.3270000219345093,stop,-582.8139123358399,49.74733797209829,-1.0933229363170553,0
USDJPY,1,2011-02-10 00:00:00+00:00,2011-02-11 00:00:00+00:00,83.33999633789062,82.45417249202728,958.0388916398373,2011-02-23 00:00:00+00:00,82.45417249202728,stop,-880.421147828287,31.76745234923252,-1.0374327626433066,8
GBPNZD,1,2011-02-10 00:00:00+00:00,2011-02-11 00:00:00+00:00,2.112600088119507,2.084199905395508,29881.980117047493,2011-02-23 00:00:00+00:00,2.169400453567505,target,1671.7164599485334,25.590931009575577,1.9698452606217312,8
GBPJPY,1,2011-02-10 00:00:00+00:00,2011-02-11 00:00:00+00:00,134.1179962158203,132.55999755859375,544.7075910769827,2011-02-24 00:00:00+00:00,132.55999755859375,stop,-877.7060009954752,29.05230551642073,-1.034233404828363,9
GBPCAD,-1,2011-02-25 00:00:00+00:00,2011-02-28 00:00:00+00:00,1.5735000371932983,1.5859999656677246,66280.1100712172,2011-02-28 00:00:00+00:00,1.5859999656677246,stop,-870.3790367592433,41.88240159192794,-1.0505522893082961,0
NZDCAD,-1,2011-02-11 00:00:00+00:00,2011-02-14 00:00:00+00:00,0.7473000288009644,0.7582485675811768,76339.90095597875,2011-03-02 00:00:00+00:00,0.7254029512405396,target,1649.1355322614256,22.48519992678863,1.9730977254662847,12
GBPUSD,1,2011-02-28 00:00:00+00:00,2011-03-01 00:00:00+00:00,1.6285319328308105,1.609217204619199,42470.64802453385,2011-03-10 00:00:00+00:00,1.609217204619199,stop,-847.810884366562,27.501860801675484,-1.0335262200117685,7
NZDJPY,-1,2011-02-22 00:00:00+00:00,2011-02-23 00:00:00+00:00,61.832000732421875,62.62038040161133,1051.3344669381186,2011-03-14 00:00:00+00:00,60.099998474121094,target,1795.2754082885674,25.63826267770199,2.1659816014980477,13
USDCHF,-1,2011-02-23 00:00:00+00:00,2011-02-24 00:00:00+00:00,0.9320499897003174,0.9390000104904175,120634.27281444696,2011-03-15 00:00:00+00:00,0.9181499481201172,target,1632.1819033059662,44.63950481206062,1.9467569955918425,13
NZDCHF,-1,2011-03-02 00:00:00+00:00,2011-03-03 00:00:00+00:00,0.685699999332428,0.6937000155448914,106612.60692209417,2011-03-15 00:00:00+00:00,0.6696999669075012,target,1676.9046228948862,28.90054476459146,1.9661150695137761,8
GBPJPY,-1,2011-03-11 00:00:00+00:00,2011-03-14 00:00:00+00:00,130.6009979248047,132.45327693223953,451.5719771662657,2011-03-15 00:00:00+00:00,132.45327693223953,stop,-860.1948814507679,23.757587799846753,-1.0284033100630277,1
EURAUD,1,2011-03-14 00:00:00+00:00,2011-03-15 00:00:00+00:00,1.3866599798202515,1.3766000270843506,83946.75613986257,2011-03-15 00:00:00+00:00,1.4067798852920532,target,1642.100755168838,46.90004302959065,1.9444641552809014,0
NZDUSD,-1,2011-02-22 00:00:00+00:00,2011-02-23 00:00:00+00:00,0.7478871941566467,0.7592336535453796,73049.28267536892,2011-03-16 00:00:00+00:00,0.7251942753791809,target,1636.1799295698936,21.521508934394106,1.974034517393177,15
AUDJPY,-1,2011-03-15 00:00:00+00:00,2011-03-16 00:00:00+00:00,80.5,81.8239176273346,668.4625932714772,2011-03-16 00:00:00+00:00,77.85216474533081,target,1748.8083211526455,21.170499739163205,1.9760782451300785,0
CHFJPY,1,2011-02-22 00:00:00+00:00,2011-02-23 00:00:00+00:00,88.26799774169922,87.43000030517578,989.0850295327392,2011-03-17 00:00:00+00:00,87.43000030517578,stop,-863.6067711695512,34.756051917407305,-1.0419328247054753,16
AUDCHF,-1,2011-03-15 00:00:00+00:00,2011-03-16 00:00:00+00:00,0.9118000268936157,0.9280436038970947,54482.42159078384,2011-03-17 00:00:00+00:00,0.8793128728866577,target,1750.4619872673047,19.516833624504045,1.9779468167707561,1
EURNZD,1,2011-03-15 00:00:00+00:00,2011-03-16 00:00:00+00:00,1.9091999530792236,1.891800045967102,50861.73188990071,2011-03-17 00:00:00+00:00,1.9439997673034668,target,1730.7827386725398,39.19608221926896,1.955710111605155,1
CADJPY,-1,2011-03-15 00:00:00+00:00,2011-03-16 00:00:00+00:00,82.33000183105469,83.72925567626953,632.4723805279389,2011-03-17 00:00:00+00:00,79.531494140625,target,1749.5042357572045,20.474585134604325,1.9768645987252118,1
EURJPY,-1,2011-03-16 00:00:00+00:00,2011-03-17 00:00:00+00:00,109.78399658203125,111.81199645996094,471.30387011704613,2011-03-18 00:00:00+00:00,111.81199645996094,stop,-976.6920008897831,20.88780982462419,-1.0218536495444184,1
EURCHF,-1,2011-03-16 00:00:00+00:00,2011-03-17 00:00:00+00:00,1.2542999982833862,1.2729592281393707,51224.203701987746,2011-03-18 00:00:00+00:00,1.2729592281393707,stop,-981.6955593495603,25.89136828440145,-1.0270885695275596,1
NZDCAD,-1,2011-03-17 00:00:00+00:00,2011-03-18 00:00:00+00:00,0.710099995136261,0.7178999781608582,122370.79291726647,2011-03-18 00:00:00+00:00,0.7178999781608582,stop,-989.4392052648145,34.94909780364077,-1.0366154636181626,0
AUDCAD,-1,2011-03-17 00:00:00+00:00,2011-03-18 00:00:00+00:00,0.9682999849319458,0.9750000238418579,142460.38273734364,2011-03-18 00:00:00+00:00,0.9750000238418579,stop,-1009.8587600658535,55.368652604679866,-1.0580086186036581,0
EURGBP,1,2011-03-18 00:00:00+00:00,2011-03-21 00:00:00+00:00,0.8733900189399719,0.8676999807357788,159851.7180071506,2011-03-22 00:00:00+00:00,0.8676999807357788,stop,-965.225627997239,55.6632455306476,-1.0611978316206279,1
GBPUSD,1,2011-03-22 00:00:00+00:00,2011-03-23 00:00:00+00:00,1.6363933086395264,1.6295669078826904,84201.1320778982,2011-03-23 00:00:00+00:00,1.6295669078826904,stop,-629.7901812535166,54.99950951050964,-1.0956861553506565,0
CADCHF,-1,2011-03-15 00:00:00+00:00,2011-03-16 00:00:00+00:00,0.9325000047683716,0.9487006068229675,54626.945805069125,2011-03-30 00:00:00+00:00,0.9487006068229675,stop,-905.542259217477,20.5528487715726,-1.0232238358210604,10
EURCAD,1,2011-03-15 00:00:00+00:00,2011-03-16 00:00:00+00:00,1.3758000135421753,1.3617000579833984,62765.40424235745,2011-04-01 00:00:00+00:00,1.3617000579833984,stop,-919.3534701664614,34.364059720557016,-1.038829910635024,12
AUDUSD,1,2011-03-24 00:00:00+00:00,2011-03-25 00:00:00+00:00,1.0202000141143799,1.0116031169891357,104599.05994931124,2011-04-01 00:00:00+00:00,1.0373938083648682,target,1755.4102396451788,43.04447591776787,1.952131710022741,5
NZDJPY,1,2011-03-29 00:00:00+00:00,2011-03-30 00:00:00+00:00,62.28799819946289,61.11000061035156,760.7083589306748,2011-04-04 00:00:00+00:00,64.69400024414062,target,1810.946613460693,19.319253529954228,2.0208917802496718,3
GBPCAD,-1,2011-04-01 00:00:00+00:00,2011-04-04 00:00:00+00:00,1.55239999294281,1.5589414932765067,91003.99664014977,2011-04-04 00:00:00+00:00,1.5589414932765067,stop,-651.9315764209166,56.62890203165226,-1.0951262348850512,0
CADJPY,1,2011-03-31 00:00:00+00:00,2011-04-01 00:00:00+00:00,85.94400024414062,84.94999694824219,922.5837997952502,2011-04-05 00:00:00+00:00,87.9320068359375,target,1802.019638016933,32.083037461032866,1.965015003914465,2
CHFJPY,1,2011-03-18 00:00:00+00:00,2011-03-21 00:00:00+00:00,89.61499786376953,88.25535777211189,684.5580967810378,2011-04-06 00:00:00+00:00,92.33427804708481,target,1836.594296899053,24.910970005644476,1.9732356706709013,12
AUDJPY,1,2011-04-05 00:00:00+00:00,2011-04-06 00:00:00+00:00,87.84359741210938,86.77999877929688,876.8309128635303,2011-04-11 00:00:00+00:00,89.97079467773438,target,1834.009689111492,31.18263114728228,1.9665636290600252,3
AUDCHF,1,2011-04-01 00:00:00+00:00,2011-04-04 00:00:00+00:00,0.9614999890327454,0.948199987411499,70814.32908311542,2011-04-12 00:00:00+00:00,0.948199987411499,stop,-968.8775161292949,27.046824516388096,-1.0287172893782743,6
CADJPY,1,2011-04-05 00:00:00+00:00,2011-04-06 00:00:00+00:00,88.33799743652344,86.87999725341797,639.6406330642587,2011-04-12 00:00:00+00:00,86.87999725341797,stop,-955.011469938932,22.41530980954481,-1.024035387199573,4
NZDCAD,1,2011-04-06 00:00:00+00:00,2011-04-07 00:00:00+00:00,0.7459999918937683,0.7389000058174133,137062.65295152427,2011-04-13 00:00:00+00:00,0.7601999640464783,target,1904.9971027208667,41.28875236732783,1.9575717490219782,4
EURUSD,1,2011-03-18 00:00:00+00:00,2011-03-21 00:00:00+00:00,1.4167917966842651,1.398959994316101,52196.21742298268,2011-04-18 00:00:00+00:00,1.4416908025741577,max_hold,1269.7935291948183,29.840395850141064,1.3642653091239705,20
NZDJPY,1,2011-04-05 00:00:00+00:00,2011-04-06 00:00:00+00:00,65.31400299072266,64.55999755859375,1236.8560230345247,2011-04-18 00:00:00+00:00,64.55999755859375,stop,-964.7232480923896,32.12708796300224,-1.0344490888302018,7
NZDUSD,1,2011-04-14 00:00:00+00:00,2011-04-18 00:00:00+00:00,0.7971938848495483,0.7867820262908936,96271.14308763364,2011-04-18 00:00:00+00:00,0.7867820262908936,stop,-1032.859759426211,30.498234317753273,-1.0304263816535189,0
AUDNZD,-1,2011-04-12 00:00:00+00:00,2011-04-13 00:00:00+00:00,1.3309999704360962,1.3418999910354614,90218.13295526136,2011-04-21 00:00:00+00:00,1.3418999910354614,stop,-1031.608316468651,48.22880882003079,-1.0490439433046064,5
EURGBP,1,2011-03-24 00:00:00+00:00,2011-03-25 00:00:00+00:00,0.8789499998092651,0.8693196177482605,93374.00656435288,2011-04-25 00:00:00+00:00,0.8808000087738037,max_hold,139.8797674283254,32.8629817706111,0.15555550686695016,20
USDCHF,-1,2011-04-12 00:00:00+00:00,2011-04-13 00:00:00+00:00,0.8966000080108643,0.9073600172996521,91392.06865493348,2011-04-26 00:00:00+00:00,0.8750799894332886,target,1934.375515305043,32.383499992197684,1.967069173457122,8
EURNZD,-1,2011-04-14 00:00:00+00:00,2011-04-18 00:00:00+00:00,1.8080999851226807,1.8339500427246094,38775.98806718597,2011-04-27 00:00:00+00:00,1.8339500427246094,stop,-1030.606342792438,28.244817683980173,-1.0281782739824576,7
AUDUSD,1,2011-04-20 00:00:00+00:00,2011-04-21 00:00:00+00:00,1.0681021213531494,1.0535964965820312,65471.99266844601,2011-05-02 00:00:00+00:00,1.0971133708953857,target,1871.0721227649342,28.352194566820366,1.9701465393402475,7
EURAUD,-1,2011-04-18 00:00:00+00:00,2011-04-19 00:00:00+00:00,1.3564000129699707,1.3659900426864624,98905.24609916739,2011-05-03 00:00:00+00:00,1.3659900426864624,stop,-1002.3559808944651,53.8517316865251,-1.0567754248138526,10
GBPUSD,1,2011-04-21 00:00:00+00:00,2011-04-22 00:00:00+00:00,1.6518003940582275,1.6388875246047974,74256.97515177142,2011-05-05 00:00:00+00:00,1.6388875246047974,stop,-1007.7419323431117,48.871306201678934,-1.050967570461868,9
CADCHF,-1,2011-04-26 00:00:00+00:00,2011-04-27 00:00:00+00:00,0.9150000214576721,0.9265999794006348,83070.12890248648,2011-05-05 00:00:00+00:00,0.8918001055717468,target,1897.2017792799854,30.01822389067256,1.9688481607275905,6
USDJPY,-1,2011-05-03 00:00:00+00:00,2011-05-04 00:00:00+00:00,80.97000122070312,81.34363555908203,1798.5391758491103,2011-05-05 00:00:00+00:00,80.22273254394531,target,1286.009700726264,57.98228930758717,1.9137163171543503,1
AUDJPY,-1,2011-05-05 00:00:00+00:00,2011-05-06 00:00:00+00:00,85.26399993896484,86.81900024414062,635.5402048657107,2011-05-06 00:00:00+00:00,86.81900024414062,stop,-1010.1383455557141,21.8731330380554,-1.0221328574162116,0
NZDCHF,-1,2011-05-03 00:00:00+00:00,2011-05-04 00:00:00+00:00,0.6880000233650208,0.6972000002861023,105527.59752420838,2011-05-10 00:00:00+00:00,0.6972000002861023,stop,-1000.0868278771748,29.23536611727593,-1.0301131195335278,4
USDCHF,-1,2011-04-26 00:00:00+00:00,2011-04-27 00:00:00+00:00,0.8700799942016602,0.8831777572631836,73570.57820171384,2011-05-11 00:00:00+00:00,0.8831777572631836,stop,-989.40763888771,25.79763730238105,-1.026771865443425,10
GBPCAD,1,2011-04-27 00:00:00+00:00,2011-04-28 00:00:00+00:00,1.5808000564575195,1.5647000074386597,59697.15202205009,2011-05-11 00:00:00+00:00,1.5647000074386597,stop,-998.6825529412914,37.5554790999557,-1.039074415987324,9
GBPJPY,-1,2011-05-05 00:00:00+00:00,2011-05-06 00:00:00+00:00,131.71600341796875,133.1840057373047,673.2041220239408,2011-05-11 00:00:00+00:00,133.1840057373047,stop,-1023.9315681351605,35.66635561750195,-1.036089862484019,3
GBPAUD,-1,2011-05-10 00:00:00+00:00,2011-05-11 00:00:00+00:00,1.5082000494003296,1.5242500305175781,58572.33307172123,2011-05-11 00:00:00+00:00,1.5242500305175781,stop,-975.6083750151815,35.52353522086388,-1.0377875843935918,0
EURCAD,-1,2011-05-11 00:00:00+00:00,2011-05-12 00:00:00+00:00,1.3640999794006348,1.3789000511169434,63460.08931829556,2011-05-16 00:00:00+00:00,1.3789000511169434,stop,-974.0280784214699,34.81420538734659,-1.0370673883626522,2
CHFJPY,-1,2011-05-11 00:00:00+00:00,2011-05-12 00:00:00+00:00,91.44499969482422,92.18299865722656,1272.64931372909,2011-05-17 00:00:00+00:00,92.18299865722656,stop,-985.95268225096,46.738809216836785,-1.0497637551560512,3
EURGBP,-1,2011-05-11 00:00:00+00:00,2011-05-12 00:00:00+00:00,0.8680999875068665,0.8802214181050658,77483.74793101096,2011-05-18 00:00:00+00:00,0.8802214181050658,stop,-966.3071720530884,27.093299018965148,-1.0288467832480375,4
EURUSD,-1,2011-05-13 00:00:00+00:00,2011-05-16 00:00:00+00:00,1.407558560371399,1.430005299858749,42555.42247922919,2011-05-19 00:00:00+00:00,1.430005299858749,stop,-979.3812279421525,24.150745776777278,-1.0252826372563308,3
EURCHF,-1,2011-05-05 00:00:00+00:00,2011-05-06 00:00:00+00:00,1.2654000520706177,1.2790000438690186,72666.60356617725,2011-05-23 00:00:00+00:00,1.238200068473816,target,1940.14480154575,36.38562348956719,1.9631823289652452,11
GBPUSD,-1,2011-05-18 00:00:00+00:00,2011-05-19 00:00:00+00:00,1.6165013313293457,1.6289829015731812,71288.47983253244,2011-05-25 00:00:00+00:00,1.6289829015731812,stop,-936.0652960628152,46.27312745681476,-1.0520044220318425,4
NZDCAD,1,2011-05-20 00:00:00+00:00,2011-05-23 00:00:00+00:00,0.772599995136261,0.7645000219345093,112293.26463244755,2011-05-26 00:00:00+00:00,0.7887999415397644,target,1784.0779292628267,35.06693925724956,1.9614467875933626,3
AUDNZD,-1,2011-05-23 00:00:00+00:00,2011-05-24 00:00:00+00:00,1.3293999433517456,1.3398000001907349,87925.49583188216,2011-05-26 00:00:00+00:00,1.308599829673767,target,1782.470820886243,46.38948760953216,1.949269512390821,2
EURJPY,-1,2011-05-06 00:00:00+00:00,2011-05-09 00:00:00+00:00,115.80999755859375,117.56999969482422,546.8185117319043,2011-05-31 00:00:00+00:00,117.56999969482422,stop,-987.9250493317393,25.523300553221986,-1.0265204220437216,16
AUDNZD,-1,2011-05-26 00:00:00+00:00,2011-05-27 00:00:00+00:00,1.3121000528335571,1.3203500509262085,109243.08338552498,2011-05-31 00:00:00+00:00,1.2956000566482544,target,1745.5358190309578,56.974640100912836,1.936783013033552,2
CADCHF,-1,2011-05-26 00:00:00+00:00,2011-05-27 00:00:00+00:00,0.8834999799728394,0.8934999704360962,95558.66145307315,2011-06-01 00:00:00+00:00,0.8634999990463257,target,1877.7832105139164,33.38819591072366,1.9650599670982047,3
EURAUD,-1,2011-05-06 00:00:00+00:00,2011-05-09 00:00:00+00:00,1.3385000228881836,1.3571248054504395,51673.18037467332,2011-06-02 00:00:00+00:00,1.3571248054504395,stop,-990.2600503739552,27.8583015954379,-1.0289466448193758,18
CHFJPY,1,2011-05-31 00:00:00+00:00,2011-06-01 00:00:00+00:00,95.51499938964844,95.0,1490.3477668651442,2011-06-09 00:00:00+00:00,95.0,stop,-824.3149110783966,56.786720778935376,-1.0739864952149567,6
EURCHF,-1,2011-05-25 00:00:00+00:00,2011-05-26 00:00:00+00:00,1.228700041770935,1.2408000230789185,75930.46042505762,2011-06-13 00:00:00+00:00,1.2045000791549683,target,1800.5635026018988,36.95080109764194,1.9597817540541074,12
AUDNZD,-1,2011-06-09 00:00:00+00:00,2011-06-10 00:00:00+00:00,1.2869999408721924,1.2955000400543213,111047.9188537194,2011-06-13 00:00:00+00:00,1.2955000400543213,stop,-1001.2745738899494,57.35624966433188,-1.0607639964097386,1
CADJPY,-1,2011-06-03 00:00:00+00:00,2011-06-06 00:00:00+00:00,82.11000061035156,83.0250015258789,1050.9665833515735,2011-06-14 00:00:00+00:00,83.0250015258789,stop,-996.345659752708,34.71027379737379,-1.0360950463182996,6
EURCHF,-1,2011-06-13 00:00:00+00:00,2011-06-14 00:00:00+00:00,1.2065000534057617,1.2137000560760498,118875.7066849551,2011-06-14 00:00:00+00:00,1.2137000560760498,stop,-913.4460052307912,57.54059966673121,-1.0672277558859564,0
NZDUSD,1,2011-05-27 00:00:00+00:00,2011-05-30 00:00:00+00:00,0.818397581577301,0.8074283599853516,88561.3654865838,2011-06-15 00:00:00+00:00,0.8074283599853516,stop,-1000.246315593623,28.797073085659864,-1.029643415039694,12
EURNZD,-1,2011-05-20 00:00:00+00:00,2011-05-23 00:00:00+00:00,1.77839994430542,1.80672025680542,32117.31629938893,2011-06-20 00:00:00+00:00,1.7609000205993652,max_hold,539.3160215922803,22.734563290252623,0.592933560075431,20
GBPJPY,-1,2011-06-17 00:00:00+00:00,2011-06-20 00:00:00+00:00,129.47999572753906,130.33700561523438,1069.0042342904667,2011-06-22 00:00:00+00:00,130.33700561523438,stop,-971.6962936903017,55.549094915215335,-1.0606333730971245,2
GBPCHF,-1,2011-06-01 00:00:00+00:00,2011-06-02 00:00:00+00:00,1.3747999668121338,1.3966771154664457,44821.67967998452,2011-06-27 00:00:00+00:00,1.33104566950351,target,1936.8849893150596,24.256109274884736,1.9752632696420214,17
GBPCAD,-1,2011-06-22 00:00:00+00:00,2011-06-23 00:00:00+00:00,1.5635000467300415,1.580199956893921,55359.12594812636,2011-06-27 00:00:00+00:00,1.580199956893921,stop,-959.2989269733438,34.80649688874885,-1.0376493043707928,2
AUDCHF,-1,2011-06-23 00:00:00+00:00,2011-06-24 00:00:00+00:00,0.8827999830245972,0.8898000121116638,132954.75105430742,2011-06-27 00:00:00+00:00,0.8687999248504639,target,1814.7975433480594,46.57670593965531,1.94995449630027,1
GBPNZD,-1,2011-06-23 00:00:00+00:00,2011-06-24 00:00:00+00:00,1.9656000137329102,1.9753180742263794,71023.1317263046,2011-06-27 00:00:00+00:00,1.9823999404907227,stop_gap,-1249.2632752732404,56.079864160853916,-1.809983253394831,1
CADCHF,-1,2011-06-01 00:00:00+00:00,2011-06-02 00:00:00+00:00,0.8614000082015991,0.878533351700753,57231.7101646505,2011-06-30 00:00:00+00:00,0.8603000044822693,max_hold,43.247926821442974,19.70716722327965,0.044104860025153854,20
CHFJPY,1,2011-06-27 00:00:00+00:00,2011-06-28 00:00:00+00:00,96.93000030517578,96.2770004272461,1442.1082457271293,2011-06-30 00:00:00+00:00,96.2770004272461,stop,-997.4215901988978,55.725081777686626,-1.059175202710597,2
EURGBP,1,2011-06-28 00:00:00+00:00,2011-06-29 00:00:00+00:00,0.8978999853134155,0.8928099870681763,158115.89021995862,2011-07-01 00:00:00+00:00,0.908079981803894,target,1552.5083814840318,57.110826044033004,1.9290380907770854,2
AUDUSD,1,2011-07-01 00:00:00+00:00,2011-07-04 00:00:00+00:00,1.0778300762176514,1.0678056478500366,95220.41997174274,2011-07-05 00:00:00+00:00,1.0678056478500366,stop,-995.3919460913476,40.86166695041992,-1.042808141180388,1
USDCAD,-1,2011-06-30 00:00:00+00:00,2011-07-01 00:00:00+00:00,0.9639000296592712,0.9685999751091003,145136.87564182843,2011-07-06 00:00:00+00:00,0.9685999751091003,stop,-738.2308008492037,56.095402573979996,-1.082234997209963,3
EURNZD,-1,2011-07-06 00:00:00+00:00,2011-07-07 00:00:00+00:00,1.7310999631881714,1.7460999488830566,61751.013359646386,2011-07-11 00:00:00+00:00,1.7009999752044678,target,1816.3176302774125,42.38712982946508,1.9609064031344128,2
EURAUD,-1,2011-07-07 00:00:00+00:00,2011-07-08 00:00:00+00:00,1.3335000276565552,1.339900016784668,106538.50251885511,2011-07-11 00:00:00+00:00,1.3207000494003296,target,1307.1356153731663,56.554900319014074,1.9170561066924956,1
EURAUD,-1,2011-07-11 00:00:00+00:00,2011-07-12 00:00:00+00:00,1.3194600343704224,1.329300045967102,98223.11098893108,2011-07-15 00:00:00+00:00,1.329300045967102,stop,-1018.5504422638463,52.03389107080854,-1.0538365235510758,3
GBPAUD,-1,2011-06-29 00:00:00+00:00,2011-06-30 00:00:00+00:00,1.503849983215332,1.5191999673843384,60730.43374034883,2011-07-18 00:00:00+00:00,1.5191999673843384,stop,-968.9294234349752,36.71822694373162,-1.0393883135945328,12
EURCHF,-1,2011-07-15 00:00:00+00:00,2011-07-18 00:00:00+00:00,1.1449999809265137,1.159000039100647,67843.68327786708,2011-07-19 00:00:00+00:00,1.159000039100647,stop,-981.0778821637982,31.262369526184422,-1.0329141492323806,1
NZDCAD,1,2011-07-19 00:00:00+00:00,2011-07-20 00:00:00+00:00,0.8136000037193298,0.8084999918937683,172139.26711294628,2011-07-20 00:00:00+00:00,0.8084999918937683,stop,-933.7577188052703,55.84542088575042,-1.0636116170352017,0
GBPUSD,-1,2011-06-22 00:00:00+00:00,2011-06-23 00:00:00+00:00,1.6058067083358765,1.6249551703222096,48280.244687246144,2011-07-21 00:00:00+00:00,1.6161876916885376,max_hold,-532.3081519635315,31.11173560282311,-0.5757842191469572,20
AUDCAD,-1,2011-07-15 00:00:00+00:00,2011-07-18 00:00:00+00:00,1.0154000520706177,1.0271331071853638,80952.10525721357,2011-07-22 00:00:00+00:00,1.0271331071853638,stop,-982.8849844975016,33.06947185988784,-1.0348167316914574,4
EURCAD,-1,2011-07-11 00:00:00+00:00,2011-07-12 00:00:00+00:00,1.3596999645233154,1.3696999549865723,96651.74729359281,2011-07-25 00:00:00+00:00,1.3696999549865723,stop,-1019.2768054497623,52.76025425672445,-1.0545880504494194,9
GBPCAD,-1,2011-06-30 00:00:00+00:00,2011-07-01 00:00:00+00:00,1.5463000535964966,1.559999942779541,68077.1631880329,2011-07-29 00:00:00+00:00,1.5536999702453613,max_hold,-545.9731747838044,42.207841501197606,-0.5854001113789233,20
USDCHF,-1,2011-07-25 00:00:00+00:00,2011-07-26 00:00:00+00:00,0.8068000078201294,0.8152999877929688,103768.02945655647,2011-07-29 00:00:00+00:00,0.7898000478744507,target,1730.9171360815376,33.135208321930975,1.9624328513526779,3
NZDCAD,1,2011-07-22 00:00:00+00:00,2011-07-25 00:00:00+00:00,0.8205999732017517,0.8108999729156494,91525.4725419206,2011-08-01 00:00:00+00:00,0.8407999873161316,target,1818.403753878579,30.412083293505496,2.0482199521933895,5
USDJPY,-1,2011-07-29 00:00:00+00:00,2011-08-01 00:00:00+00:00,77.20999908447266,77.83999633789062,1489.8119300626724,2011-08-01 00:00:00+00:00,77.83999633789062,stop,-984.7764906360866,46.199066587279916,-1.0492224353617923,0
GBPNZD,-1,2011-07-29 00:00:00+00:00,2011-08-01 00:00:00+00:00,1.860200047492981,1.8855732418596745,36990.9050663658,2011-08-02 00:00:00+00:00,1.8855732418596745,stop,-966.2893328781212,27.711908829314567,-1.0295254372407252,1
AUDUSD,1,2011-07-21 00:00:00+00:00,2011-07-22 00:00:00+00:00,1.0837876796722412,1.0695987939834595,63621.83202136178,2011-08-03 00:00:00+00:00,1.0695987939834595,stop,-930.1233803627749,27.400478500799117,-1.0303531442974165,8
NZDUSD,1,2011-07-26 00:00:00+00:00,2011-07-27 00:00:00+00:00,0.8726003170013428,0.8619203567504883,84487.67206184613,2011-08-03 00:00:00+00:00,0.8619203567504883,stop,-931.6341020814336,29.30912277368742,-1.0324817814488223,5
AUDJPY,-1,2011-08-02 00:00:00+00:00,2011-08-03 00:00:00+00:00,83.05999755859375,84.74662566184998,520.7949628636064,2011-08-04 00:00:00+00:00,84.74662566184998,stop,-895.8659892217125,17.478568821671637,-1.0198984735160612,1
AUDNZD,-1,2011-08-02 00:00:00+00:00,2011-08-03 00:00:00+00:00,1.2453999519348145,1.2563999891281128,79853.13185442587,2011-08-04 00:00:00+00:00,1.2563999891281128,stop,-918.3427325134596,39.95531211341856,-1.04548711785424,1
GBPAUD,1,2011-08-03 00:00:00+00:00,2011-08-04 00:00:00+00:00,1.5263999700546265,1.5118000507354736,60635.31519562519,2011-08-04 00:00:00+00:00,1.5555998086929321,target,1733.165813891618,37.375605603441066,1.9577805916406066,0
GBPCAD,1,2011-07-29 00:00:00+00:00,2011-08-01 00:00:00+00:00,1.565500020980835,1.5454342365264893,46775.01775145084,2011-08-05 00:00:00+00:00,1.6056315898895264,target,1847.4889006194835,29.66594747812961,1.9683926475131295,4
AUDCHF,-1,2011-08-02 00:00:00+00:00,2011-08-03 00:00:00+00:00,0.8228300213813782,0.8452284028753638,39216.55770689962,2011-08-08 00:00:00+00:00,0.7780332583934069,target,1744.218771361653,12.55606943842889,1.9857055450171286,3
NZDCHF,-1,2011-08-02 00:00:00+00:00,2011-08-03 00:00:00+00:00,0.6597999930381775,0.6770926713943481,50795.33674935904,2011-08-08 00:00:00+00:00,0.6252146363258362,target,1743.7202906348023,13.054550165279576,1.9851380497237379,3
EURGBP,-1,2011-08-04 00:00:00+00:00,2011-08-05 00:00:00+00:00,0.866100013256073,0.875,101985.67435434247,2011-08-08 00:00:00+00:00,0.875,stop,-943.184601618159,35.513451794055044,-1.0391259012704515,1
GBPNZD,1,2011-08-04 00:00:00+00:00,2011-08-05 00:00:00+00:00,1.9598000049591064,1.9277227241545916,28296.38694612634,2011-08-09 00:00:00+00:00,2.023954566568136,target,1792.797127477341,22.54517217086692,1.9751615194828702,2
AUDUSD,-1,2011-08-04 00:00:00+00:00,2011-08-05 00:00:00+00:00,1.0428398847579956,1.0625004195608199,46167.16477588982,2011-08-09 00:00:00+00:00,1.003518815152347,target,1796.4473837903406,18.894915857867293,1.9791830820429526,2
GBPUSD,1,2011-07-21 00:00:00+00:00,2011-07-22 00:00:00+00:00,1.6323065757751465,1.6128326654434204,46355.50264351879,2011-08-10 00:00:00+00:00,1.6128326654434204,stop,-932.8089139969546,30.08601213497877,-1.0333280700787835,13
CADCHF,-1,2011-08-04 00:00:00+00:00,2011-08-05 00:00:00+00:00,0.7803000211715698,0.8027430772781372,40443.29549033642,2011-08-10 00:00:00+00:00,0.7354139089584351,target,1803.0822063771946,12.260093271013385,1.9864928027365536,3
AUDNZD,-1,2011-08-09 00:00:00+00:00,2011-08-10 00:00:00+00:00,1.2353999614715576,1.2488000392913818,72821.11205265451,2011-08-10 00:00:00+00:00,1.2488000392913818,stop,-1011.9890097550623,36.18044132335249,-1.0370773966265747,0
CHFJPY,1,2011-08-09 00:00:00+00:00,2011-08-10 00:00:00+00:00,106.58000183105469,104.20998531579971,411.73070404816525,2011-08-11 00:00:00+00:00,104.20998531579971,stop,-993.1663103945654,17.357741962855613,-1.01778806061393,1
NZDCHF,-1,2011-08-08 00:00:00+00:00,2011-08-09 00:00:00+00:00,0.6157000064849854,0.6373502612113953,44804.84055670089,2011-08-12 00:00:00+00:00,0.6373502612113953,stop,-981.2647545194894,11.228543490733541,-1.0115753859114447,3
AUDCAD,-1,2011-08-08 00:00:00+00:00,2011-08-09 00:00:00+00:00,1.0049999952316284,1.019512953236699,66839.31771109892,2011-08-12 00:00:00+00:00,1.019512953236699,stop,-997.0996238633376,27.063412834581634,-1.0278993840919401,3
EURCHF,-1,2011-08-04 00:00:00+00:00,2011-08-05 00:00:00+00:00,1.0770000219345093,1.108177900314331,29112.665678096488,2011-08-15 00:00:00+00:00,1.1168800592422485,stop_gap,-1173.788132838455,12.773939468226828,-1.293186561086492,6
GBPJPY,-1,2011-08-10 00:00:00+00:00,2011-08-11 00:00:00+00:00,123.69599914550781,125.78199768066406,482.42405390117904,2011-08-15 00:00:00+00:00,125.78199768066406,stop,-1030.4067070796048,24.070837317605463,-1.0239192878251457,2
EURJPY,-1,2011-08-10 00:00:00+00:00,2011-08-11 00:00:00+00:00,108.44000244140625,110.80500030517578,425.5123800230487,2011-08-15 00:00:00+00:00,110.80500030517578,stop,-1024.9941623473708,18.658292585371598,-1.0185408203622757,2
GBPUSD,1,2011-08-17 00:00:00+00:00,2011-08-18 00:00:00+00:00,1.6542049646377563,1.63596510887146,49100.11464817811,2011-08-25 00:00:00+00:00,1.63596510887146,stop,-927.8885548556466,32.30954556426143,-1.036076711523002,5
EURCAD,1,2011-08-23 00:00:00+00:00,2011-08-24 00:00:00+00:00,1.4258999824523926,1.4195238156244159,94850.85282237572,2011-08-25 00:00:00+00:00,1.4195238156244159,stop,-658.7630361490664,53.978174777733734,-1.0892518616543077,1
NZDJPY,-1,2011-08-08 00:00:00+00:00,2011-08-09 00:00:00+00:00,63.34000015258789,65.008549451828,581.365028573341,2011-08-29 00:00:00+00:00,65.008549451828,stop,-984.9596826703796,14.923471641623625,-1.0153844479947782,14
EURUSD,1,2011-08-29 00:00:00+00:00,2011-08-30 00:00:00+00:00,1.452601671218872,1.4448766405694187,91083.43738598007,2011-08-30 00:00:00+00:00,1.4448766405694187,stop,-756.4048023420667,52.78245687780081,-1.075015322094374,0
CADCHF,1,2011-08-29 00:00:00+00:00,2011-08-30 00:00:00+00:00,0.8367000222206116,0.8226000070571899,62556.88467175953,2011-08-31 00:00:00+00:00,0.8226000070571899,stop,-902.8131505617033,20.76012811347573,-1.0235361453168133,1
NZDCHF,1,2011-08-30 00:00:00+00:00,2011-08-31 00:00:00+00:00,0.6977999806404114,0.6897056102752686,108679.84377614687,2011-08-31 00:00:00+00:00,0.6897056102752686,stop,-909.853684921844,30.158778171849285,-1.0342832247185219,0
EURCHF,1,2011-08-26 00:00:00+00:00,2011-08-29 00:00:00+00:00,1.1713000535964966,1.1397000551223755,27769.670848056834,2011-09-01 00:00:00+00:00,1.1397000551223755,stop,-890.3566988952302,12.835142469789329,-1.0146265836728534,3
GBPCHF,1,2011-08-26 00:00:00+00:00,2011-08-29 00:00:00+00:00,1.3207999467849731,1.2867000102996826,25733.817914997344,2011-09-01 00:00:00+00:00,1.2867000102996826,stop,-890.9417422472369,13.420185821795982,-1.0152932833655537,3
USDCAD,1,2011-08-04 00:00:00+00:00,2011-08-05 00:00:00+00:00,0.9808499813079834,0.9675284028053284,68135.40524819956,2011-09-02 00:00:00+00:00,0.9758999943733215,max_hold,-363.9341562789694,26.66479051249007,-0.40095375549778745,20
USDCHF,1,2011-08-26 00:00:00+00:00,2011-08-29 00:00:00+00:00,0.807699978351593,0.7892000079154968,47433.67344594595,2011-09-02 00:00:00+00:00,0.7892000079154968,stop,-892.6709229203267,15.149366494885744,-1.0172638112237335,4
CHFJPY,-1,2011-08-26 00:00:00+00:00,2011-08-29 00:00:00+00:00,94.91000366210938,97.56678712368011,330.2947225915935,2011-09-02 00:00:00+00:00,97.56678712368011,stop,-890.2363700690235,12.714813643582502,-1.0144894601739198,4
CADJPY,-1,2011-08-05 00:00:00+00:00,2011-08-08 00:00:00+00:00,79.33999633789062,80.99800109863281,556.7829298290231,2011-09-05 00:00:00+00:00,77.9020004272461,max_hold,783.1416442806046,17.50993193021172,0.8483374382241693,20
GBPAUD,-1,2011-09-01 00:00:00+00:00,2011-09-02 00:00:00+00:00,1.5092999935150146,1.521299958229065,67645.27309477708,2011-09-05 00:00:00+00:00,1.5234999656677246,stop_gap,-1001.5919105044438,41.03091629614903,-1.2338813069350207,1
EURUSD,-1,2011-09-05 00:00:00+00:00,2011-09-06 00:00:00+00:00,1.4069050550460815,1.4171934127807617,77422.1887240163,2011-09-06 00:00:00+00:00,1.4171934127807617,stop,-840.2767511048605,43.72957691025903,-1.054898916632872,0
GBPUSD,-1,2011-09-05 00:00:00+00:00,2011-09-06 00:00:00+00:00,1.609994888305664,1.6186991930007935,74212.70526823316,2011-09-08 00:00:00+00:00,1.5925862789154053,target,1244.4055553569574,47.53444245211427,1.926413854307901,2
EURCAD,-1,2011-09-06 00:00:00+00:00,2011-09-07 00:00:00+00:00,1.3861199617385864,1.4052833965979517,41746.973355573995,2011-09-14 00:00:00+00:00,1.347793092019856,target,1577.2042898680538,22.826519082341925,1.971467400559223,5
EURAUD,-1,2011-09-01 00:00:00+00:00,2011-09-02 00:00:00+00:00,1.3300000429153442,1.346500039100647,49196.428962369915,2011-09-15 00:00:00+00:00,1.346500039100647,stop,-838.075739440156,26.334849230535394,-1.0324424327370458,9
AUDJPY,-1,2011-09-14 00:00:00+00:00,2011-09-15 00:00:00+00:00,78.79199981689453,79.7490005493164,863.962752760746,2011-09-16 00:00:00+00:00,79.7490005493164,stop,-854.2076909976199,27.39470382036681,-1.033132890079403,1
EURNZD,-1,2011-09-08 00:00:00+00:00,2011-09-09 00:00:00+00:00,1.6629999876022339,1.6907000541687012,30515.855229499208,2011-09-21 00:00:00+00:00,1.6907000541687012,stop,-865.7594261813763,20.46820499156946,-1.0242143825447034,8
EURCAD,-1,2011-09-16 00:00:00+00:00,2011-09-19 00:00:00+00:00,1.344599962234497,1.3642784357070923,42454.079463885064,2011-09-21 00:00:00+00:00,1.3642784357070923,stop,-858.4320642863543,23.000587752842783,-1.0275313875511132,2
CHFJPY,-1,2011-09-06 00:00:00+00:00,2011-09-07 00:00:00+00:00,90.08300018310547,93.40304565429688,240.96519503032906,2011-09-22 00:00:00+00:00,83.44290924072266,target,1591.6680680289703,8.362740921425592,1.989546775131272,11
GBPCAD,-1,2011-09-15 00:00:00+00:00,2011-09-16 00:00:00+00:00,1.5546000003814697,1.5679999589920044,60605.722271448765,2011-09-22 00:00:00+00:00,1.5679999589920044,stop,-849.9636551794978,37.84948518052519,-1.0466061134982698,4
USDCAD,1,2011-09-21 00:00:00+00:00,2011-09-22 00:00:00+00:00,1.0057599544525146,0.9920895099639893,59938.11438615078,2011-09-22 00:00:00+00:00,1.0331008434295654,target,1614.3202365813397,24.441094344178953,1.970171258153406,0
AUDUSD,-1,2011-09-21 00:00:00+00:00,2011-09-22 00:00:00+00:00,1.0061981678009033,1.0279172658920288,37726.27491366972,2011-09-26 00:00:00+00:00,0.9627599716186523,target,1623.9050397132687,14.856291212249957,1.9818688775090152,2
EURUSD,-1,2011-09-22 00:00:00+00:00,2011-09-23 00:00:00+00:00,1.3479087352752686,1.3586033582687378,78380.05855795468,2011-09-27 00:00:00+00:00,1.3586033582687378,stop,-880.6724917593258,42.42731527595835,-1.0506144460669022,2
EURJPY,-1,2011-09-22 00:00:00+00:00,2011-09-23 00:00:00+00:00,102.86000061035156,104.33599853515625,567.9175847041173,2011-09-27 00:00:00+00:00,104.33599853515625,stop,-861.7792267623821,23.534050279014632,-1.02807537811043,2
USDCHF,1,2011-09-06 00:00:00+00:00,2011-09-07 00:00:00+00:00,0.8615000247955322,0.8324300050735474,27520.291080854277,2011-10-03 00:00:00+00:00,0.919640064239502,target,1590.2273102091913,9.803498741204569,1.9877458625341902,18
EURNZD,1,2011-09-29 00:00:00+00:00,2011-09-30 00:00:00+00:00,1.7667499780654907,1.7404999732971191,31290.151178274475,2011-10-03 00:00:00+00:00,1.7404999732971191,stop,-843.3150938723991,21.948476239626373,-1.0267218995372411,1
AUDCHF,1,2011-09-06 00:00:00+00:00,2011-09-07 00:00:00+00:00,0.9036999940872192,0.8680494604632258,22440.488911413497,2011-10-04 00:00:00+00:00,0.8680494604632258,stop,-807.9671892729264,7.951784797728434,-1.0099395396054214,19
GBPAUD,1,2011-09-22 00:00:00+00:00,2011-09-23 00:00:00+00:00,1.572700023651123,1.5445932671427727,29823.618254718545,2011-10-04 00:00:00+00:00,1.6289135366678238,target,1657.3936128423184,19.096740124416513,1.977218192647965,7
CADCHF,1,2011-09-06 00:00:00+00:00,2011-09-07 00:00:00+00:00,0.8698999881744385,0.8378138542175293,24933.36858686675,2011-10-05 00:00:00+00:00,0.871399998664856,max_hold,28.717019563311723,8.683294878434069,0.035895583263362035,20
NZDCHF,1,2011-09-06 00:00:00+00:00,2011-09-07 00:00:00+00:00,0.710099995136261,0.6804505633190274,26982.486862031317,2011-10-05 00:00:00+00:00,0.6977999806404114,max_hold,-339.4827080569465,7.597728519889655,-0.4243452140520266,20
GBPCHF,1,2011-09-06 00:00:00+00:00,2011-09-07 00:00:00+00:00,1.3741999864578247,1.3250516653060913,16277.573388627994,2011-10-05 00:00:00+00:00,1.420699954032898,max_hold,747.8077969930349,9.09883777904195,0.9347417472337165,20
EURCHF,1,2011-09-06 00:00:00+00:00,2011-09-07 00:00:00+00:00,1.2063000202178955,1.161313214339316,17783.334221025987,2011-10-05 00:00:00+00:00,1.2244800329208374,max_hold,314.65576721835987,8.64547482055388,0.3933121355641532,20
EURAUD,1,2011-10-04 00:00:00+00:00,2011-10-05 00:00:00+00:00,1.3938000202178955,1.3846999406814575,90000.66755449545,2011-10-05 00:00:00+00:00,1.3846999406814575,stop,-869.0266033346387,50.01337025621626,-1.0610653994786277,0
GBPCAD,1,2011-09-28 00:00:00+00:00,2011-09-29 00:00:00+00:00,1.6110999584197998,1.5944000482559204,49320.851951259334,2011-10-06 00:00:00+00:00,1.5944000482559204,stop,-855.2733950438294,31.619598251802802,-1.038389428149248,5
GBPNZD,1,2011-09-29 00:00:00+00:00,2011-09-30 00:00:00+00:00,2.02810001373291,1.9980000257492065,27287.938389791634,2011-10-06 00:00:00+00:00,1.9980000257492065,stop,-843.3394115984778,21.972793965705137,-1.0267515059584866,4
EURJPY,-1,2011-10-03 00:00:00+00:00,2011-10-04 00:00:00+00:00,101.05999755859375,103.19708251953125,393.3663378270087,2011-10-07 00:00:00+00:00,103.19708251953125,stop,-856.7268566222743,16.069571913114018,-1.0191154852344777,3
USDCHF,1,2011-10-03 00:00:00+00:00,2011-10-04 00:00:00+00:00,0.9200999736785889,0.9077000021934509,67795.09821588987,2011-10-10 00:00:00+00:00,0.9077000021934509,stop,-865.4404604858096,24.783175776649216,-1.0294807125655532,4
GBPCHF,1,2011-10-07 00:00:00+00:00,2011-10-10 00:00:00+00:00,1.4392999410629272,1.4184000492095947,38528.370487016095,2011-10-10 00:00:00+00:00,1.4184000492095947,stop,-827.2592812569571,22.0205047931924,-1.027346552894405,0
EURJPY,1,2011-10-14 00:00:00+00:00,2011-10-17 00:00:00+00:00,107.19000244140625,105.58999633789062,492.8964197889781,2011-10-17 00:00:00+00:00,105.58999633789062,stop,-809.6129799835684,20.975699920203713,-1.0265973983863892,0
EURUSD,1,2011-10-14 00:00:00+00:00,2011-10-17 00:00:00+00:00,1.38825261592865,1.37247633934021,49988.80918715879,2011-10-18 00:00:00+00:00,1.37247633934021,stop,-816.2383906558445,27.601110592479856,-1.0349984857300458,1
EURCHF,1,2011-10-06 00:00:00+00:00,2011-10-07 00:00:00+00:00,1.2357200384140015,1.229461908340454,96889.91470139267,2011-10-20 00:00:00+00:00,1.229461908340454,stop,-654.1199427251147,47.770253708890465,-1.078783340000381,9
AUDCHF,1,2011-10-19 00:00:00+00:00,2011-10-20 00:00:00+00:00,0.9240000247955322,0.9176265452988446,122686.81312907062,2011-10-20 00:00:00+00:00,0.9176265452988446,stop,-827.1305469638208,45.188658971740026,-1.0577903034300646,0
AUDNZD,1,2011-10-13 00:00:00+00:00,2011-10-14 00:00:00+00:00,1.2821999788284302,1.2752000093460083,91594.2108540302,2011-10-24 00:00:00+00:00,1.296199917793274,target,1235.0800607300162,47.23330075943561,1.9263311103542233,6
USDCAD,-1,2011-10-24 00:00:00+00:00,2011-10-25 00:00:00+00:00,1.0033999681472778,1.0092999935150146,115632.6848692927,2011-10-25 00:00:00+00:00,1.0092999935150146,stop,-728.7825541490108,46.54678008066668,-1.0682268239953125,0
EURAUD,-1,2011-10-24 00:00:00+00:00,2011-10-25 00:00:00+00:00,1.3301000595092773,1.341599941253662,67262.04372857216,2011-10-26 00:00:00+00:00,1.341599941253662,stop,-809.4463492204054,35.940800456188626,-1.0464648256416635,1
USDCHF,-1,2011-10-21 00:00:00+00:00,2011-10-24 00:00:00+00:00,0.8834999799728394,0.8949000239372253,66471.54972759579,2011-10-27 00:00:00+00:00,0.8606998920440674,target,1492.3692448453949,23.187933705527605,1.9694001202545213,3
EURCAD,1,2011-10-25 00:00:00+00:00,2011-10-26 00:00:00+00:00,1.4132000207901,1.3929361272603273,38216.991119125276,2011-10-27 00:00:00+00:00,1.3929361272603273,stop,-795.8734551160455,21.44841604981992,-1.027695922739897,1
AUDCAD,1,2011-10-12 00:00:00+00:00,2011-10-13 00:00:00+00:00,1.0336999893188477,1.0179308652877808,49340.812023477825,2011-10-28 00:00:00+00:00,1.0652382373809814,target,1535.4101058850595,20.71266329849763,1.9733791398613558,11
GBPCHF,-1,2011-10-27 00:00:00+00:00,2011-10-28 00:00:00+00:00,1.3842999935150146,1.408209204673767,32301.98774525003,2011-10-31 00:00:00+00:00,1.408209204673767,stop,-790.355765428295,18.040719579678402,-1.0233592750479894,1
NZDUSD,1,2011-10-27 00:00:00+00:00,2011-10-28 00:00:00+00:00,0.8221655488014221,0.8032761812210083,40886.23097416039,2011-11-01 00:00:00+00:00,0.8032761812210083,stop,-785.6066830503638,13.29163720174719,-1.0172101233469335,2
GBPAUD,-1,2011-10-27 00:00:00+00:00,2011-10-28 00:00:00+00:00,1.5037000179290771,1.5329943532124162,26363.972364577465,2011-11-01 00:00:00+00:00,1.5329943532124162,stop,-788.326911144705,16.011865296088455,-1.0207322975023678,2
EURJPY,1,2011-10-31 00:00:00+00:00,2011-11-01 00:00:00+00:00,108.52400207519531,106.99600219726562,496.50284267500297,2011-11-01 00:00:00+00:00,106.99600219726562,stop,-780.0575419540685,21.401258954921133,-1.0282094268966138,0
NZDCAD,1,2011-10-27 00:00:00+00:00,2011-10-28 00:00:00+00:00,0.8148000240325928,0.8024776610545814,62675.88832002218,2011-11-02 00:00:00+00:00,0.8024776610545814,stop,-792.5879089632141,20.27286311459755,-1.0262494732215424,3
CADJPY,1,2011-10-31 00:00:00+00:00,2011-11-01 00:00:00+00:00,78.38999938964844,76.54314422607422,410.7827716879108,2011-11-02 00:00:00+00:00,76.54314422607422,stop,-771.3850562313049,12.72877323215754,-1.016778050241458,1
EURAUD,-1,2011-10-27 00:00:00+00:00,2011-10-28 00:00:00+00:00,1.3249000310897827,1.3377000093460083,60337.21545370454,2011-11-03 00:00:00+00:00,1.3377000093460083,stop,-804.4458203099799,32.13077446136335,-1.0416031963045058,4
EURCHF,-1,2011-11-02 00:00:00+00:00,2011-11-03 00:00:00+00:00,1.2130000591278076,1.218150019645691,88923.72289781633,2011-11-04 00:00:00+00:00,1.218150019645691,stop,-501.19104521252115,43.23738318557179,-1.0944143191129836,1
NZDCHF,-1,2011-11-02 00:00:00+00:00,2011-11-03 00:00:00+00:00,0.6931999921798706,0.7050999999046326,60428.24152036346,2011-11-07 00:00:00+00:00,0.7087000012397766,stop_gap,-953.5811613177735,16.942870277951677,-1.3260822533546375,2
AUDCHF,1,2011-11-07 00:00:00+00:00,2011-11-08 00:00:00+00:00,0.9342100024223328,0.9232800006866455,64478.00192926023,2011-11-09 00:00:00+00:00,0.9232800006866455,stop,-728.698121801269,23.95344880080846,-1.0339888327198363,1
EURGBP,-1,2011-11-09 00:00:00+00:00,2011-11-10 00:00:00+00:00,0.8500999808311462,0.8596900105476379,71927.31818949952,2011-11-14 00:00:00+00:00,0.8596900105476379,stop,-714.381240614279,24.59612174942469,-1.0356576578368366,2
NZDCAD,-1,2011-11-10 00:00:00+00:00,2011-11-11 00:00:00+00:00,0.7896999716758728,0.79830002784729,80333.18859307833,2011-11-14 00:00:00+00:00,0.79830002784729,stop,-716.3837550190285,25.513820689500506,-1.0369299913365906,1
GBPUSD,1,2011-10-21 00:00:00+00:00,2011-10-24 00:00:00+00:00,1.5941334962844849,1.5759944915771484,41776.194532270754,2011-11-16 00:00:00+00:00,1.5759944915771484,stop,-784.2657659780823,26.48717670262073,-1.0349537148152286,17
GBPNZD,1,2011-11-09 00:00:00+00:00,2011-11-10 00:00:00+00:00,2.039099931716919,2.0165998935699463,30657.0644173625,2011-11-18 00:00:00+00:00,2.0841000080108643,target,1354.2891964981286,25.28104123157997,1.96334939600729,6
NZDJPY,-1,2011-11-14 00:00:00+00:00,2011-11-15 00:00:00+00:00,59.9010009765625,60.97600173950195,631.8341640809916,2011-11-21 00:00:00+00:00,57.750999450683594,target,1343.577106208074,14.867310668481103,1.9781112712691398,4
AUDJPY,-1,2011-11-16 00:00:00+00:00,2011-11-17 00:00:00+00:00,77.435302734375,78.31999969482422,785.4587762225333,2011-11-21 00:00:00+00:00,75.66590881347656,target,1365.7350457123641,24.050938052112535,1.965389004734432,2
AUDNZD,1,2011-10-24 00:00:00+00:00,2011-10-25 00:00:00+00:00,1.3000999689102173,1.2866541147232056,57527.438421234656,2011-11-22 00:00:00+00:00,1.3142999410629272,max_hold,786.8080776323769,30.079945965892303,1.0171977161500816,20
EURAUD,1,2011-11-18 00:00:00+00:00,2011-11-21 00:00:00+00:00,1.3538000583648682,1.3438999652862549,71678.85491004029,2011-11-22 00:00:00+00:00,1.3736002445220947,target,1380.155284637184,39.099386118446915,1.9449015220113668,1
GBPCHF,1,2011-11-07 00:00:00+00:00,2011-11-08 00:00:00+00:00,1.448099970817566,1.4250999689102173,30641.070198141617,2011-11-23 00:00:00+00:00,1.4250999689102173,stop,-722.3522572097596,17.607584209299056,-1.024984345230074,11
AUDCHF,-1,2011-11-22 00:00:00+00:00,2011-11-23 00:00:00+00:00,0.8992999792098999,0.90625,103815.78336160892,2011-11-25 00:00:00+00:00,0.90625,stop,-759.0107698017523,37.48891709804249,-1.0519581173564776,2
GBPJPY,-1,2011-11-21 00:00:00+00:00,2011-11-22 00:00:00+00:00,120.29000091552734,121.19599914550781,800.2124650371389,2011-11-28 00:00:00+00:00,121.19599914550781,stop,-763.6390984081155,38.648021476159926,-1.0533082719303417,4
EURJPY,-1,2011-11-23 00:00:00+00:00,2011-11-24 00:00:00+00:00,103.06999969482422,104.10299682617188,717.224201262301,2011-11-28 00:00:00+00:00,104.10299682617188,stop,-770.6084398276487,29.717897390577775,-1.0401110497278374,2
USDCAD,1,2011-11-23 00:00:00+00:00,2011-11-24 00:00:00+00:00,1.0477999448776245,1.0377999544143677,74089.12490060263,2011-11-28 00:00:00+00:00,1.0377999544143677,stop,-771.7945967233367,30.90405428626574,-1.041712037765539,2
USDCHF,1,2011-11-15 00:00:00+00:00,2011-11-16 00:00:00+00:00,0.9175999760627747,0.9079999923706055,72008.59822931053,2011-11-30 00:00:00+00:00,0.9079999923706055,stop,-717.5731476282166,26.291778930872255,-1.0380333972842588,10
EURCAD,-1,2011-11-29 00:00:00+00:00,2011-11-30 00:00:00+00:00,1.375,1.3813999891281128,76508.67807532987,2011-12-02 00:00:00+00:00,1.3622000217437744,target,937.4255047185094,41.88391105827607,1.9144623540149384,2
GBPCAD,-1,2011-11-30 00:00:00+00:00,2011-12-01 00:00:00+00:00,1.5982999801635742,1.611299991607666,53363.224875397325,2011-12-07 00:00:00+00:00,1.5722999572753906,target,1353.6063806573231,33.83868749029524,1.9512215823643764,4
EURUSD,-1,2011-11-09 00:00:00+00:00,2011-11-10 00:00:00+00:00,1.3527406454086304,1.379644513130188,25638.883078217823,2011-12-08 00:00:00+00:00,1.340105414390564,max_hold,310.1448976835095,13.80831305496622,0.44962538216814507,20
EURNZD,-1,2011-12-02 00:00:00+00:00,2011-12-05 00:00:00+00:00,1.7188800573349,1.7317800521850586,55038.34494246257,2011-12-09 00:00:00+00:00,1.7317800521850586,stop,-747.9780905964159,37.98372427739103,-1.0534986277064677,4
GBPAUD,-1,2011-11-30 00:00:00+00:00,2011-12-01 00:00:00+00:00,1.530500054359436,1.556879997253418,26297.34783209362,2011-12-14 00:00:00+00:00,1.556879997253418,stop,-709.9605154952353,16.237981421426078,-1.0234070260426316,9
USDCHF,1,2011-12-12 00:00:00+00:00,2011-12-13 00:00:00+00:00,0.9384999871253967,0.9246199727058411,51044.3366299283,2011-12-21 00:00:00+00:00,0.9246199727058411,stop,-727.516472942371,19.02034448231284,-1.02684608104162,6
CHFJPY,-1,2011-12-12 00:00:00+00:00,2011-12-13 00:00:00+00:00,83.01200103759766,83.94000244140625,763.464500756499,2011-12-21 00:00:00+00:00,83.94000244140625,stop,-733.9885140573373,25.492385597279,-1.0359809808032228,6
EURCAD,-1,2011-12-21 00:00:00+00:00,2011-12-22 00:00:00+00:00,1.339400053024292,1.3479700088500977,79357.74488111545,2011-12-28 00:00:00+00:00,1.3222601413726807,target,1317.9400659999949,42.24467013343502,1.937883922659619,4
AUDCHF,1,2011-11-30 00:00:00+00:00,2011-12-01 00:00:00+00:00,0.9362999796867371,0.919193894136697,40554.13683302822,2011-12-29 00:00:00+00:00,0.9503999948501587,max_hold,556.5112464991255,15.302697786048025,0.802210133251798,20
EURAUD,-1,2011-11-30 00:00:00+00:00,2011-12-01 00:00:00+00:00,1.3109999895095825,1.3314619990997016,33902.952250046845,2011-12-29 00:00:00+00:00,1.2825100421905518,max_hold,948.3077942105007,17.585529352949425,1.3669842734409499,20
CADCHF,1,2011-12-01 00:00:00+00:00,2011-12-02 00:00:00+00:00,0.9021999835968018,0.8912000060081482,63296.85338901432,2011-12-29 00:00:00+00:00,0.9241999387741089,target,1369.4068637996922,23.121073623203735,1.9667926610276945,19
GBPUSD,-1,2011-12-29 00:00:00+00:00,2011-12-30 00:00:00+00:00,1.5417109727859497,1.547700047492981,70529.23173601266,2011-12-30 00:00:00+00:00,1.547700047492981,stop,-465.98359505190797,43.57875715540881,-1.1031682245222931,0
EURGBP,-1,2011-12-12 00:00:00+00:00,2011-12-13 00:00:00+00:00,0.8452000021934509,0.854647159576416,74995.69444429954,2012-01-04 00:00:00+00:00,0.8263056874275208,target,1391.921110927972,25.07114599214452,1.964613573758494,16
EURCAD,-1,2011-12-28 00:00:00+00:00,2011-12-29 00:00:00+00:00,1.3246999979019165,1.332900047302246,82275.47761354323,2012-01-04 00:00:00+00:00,1.3082998991012573,target,1305.9996969170622,43.326264816469255,1.9357808772006337,4
NZDUSD,1,2012-01-03 00:00:00+00:00,2012-01-04 00:00:00+00:00,0.7903263568878174,0.7805182337760925,74297.12315737513,2012-01-05 00:00:00+00:00,0.7805182337760925,stop,-752.0571775772495,23.341846802730608,-1.032031502312325,1
USDCHF,1,2012-01-06 00:00:00+00:00,2012-01-09 00:00:00+00:00,0.958299994468689,0.9503999948501587,99341.76605064729,2012-01-09 00:00:00+00:00,0.9503999948501587,stop,-822.7226394641943,37.92272555995719,-1.048321521050249,0
GBPCHF,1,2011-12-12 00:00:00+00:00,2011-12-13 00:00:00+00:00,1.4615999460220337,1.443421852774918,38975.27198417678,2012-01-10 00:00:00+00:00,1.4652999639511108,max_hold,121.3938611197792,22.81534401233317,0.17134018979557886,20
EURAUD,-1,2011-12-30 00:00:00+00:00,2012-01-02 00:00:00+00:00,1.2653000354766846,1.2773000001907349,60417.0581999308,2012-01-10 00:00:00+00:00,1.241300106048584,target,1419.7168517248874,30.28828132689739,1.9582232081300972,6
GBPNZD,-1,2012-01-09 00:00:00+00:00,2012-01-10 00:00:00+00:00,1.9598000049591064,1.9793000221252441,38855.116453991664,2012-01-11 00:00:00+00:00,1.920799970626831,target,1485.1946428976835,30.156232792549762,1.9601990096467738,1
EURCAD,-1,2012-01-10 00:00:00+00:00,2012-01-11 00:00:00+00:00,1.2970999479293823,1.3061000108718872,85921.25443047711,2012-01-12 00:00:00+00:00,1.3061000108718872,stop,-818.0307391719848,44.73404119871429,-1.057848483403534,1
EURJPY,-1,2012-01-04 00:00:00+00:00,2012-01-05 00:00:00+00:00,99.19300079345703,100.15699768066406,784.9860912343854,2012-01-13 00:00:00+00:00,97.26500701904297,target,1482.6049361726386,30.84336072888575,1.959240945604774,6
EURCHF,-1,2012-01-12 00:00:00+00:00,2012-01-13 00:00:00+00:00,1.2101000547409058,1.2128000259399414,94422.18702891702,2012-01-13 00:00:00+00:00,1.2128000259399414,stop,-300.69229044211795,45.755104914085024,-1.1794759945251445,0
EURCAD,-1,2012-01-16 00:00:00+00:00,2012-01-17 00:00:00+00:00,1.2888000011444092,1.2965500354766846,91532.17278933473,2012-01-17 00:00:00+00:00,1.2965500354766846,stop,-756.7060228796904,47.328541254582966,-1.0667184150618347,0
EURJPY,-1,2012-01-13 00:00:00+00:00,2012-01-16 00:00:00+00:00,97.2770004272461,98.5323715209961,618.4089040566482,2012-01-18 00:00:00+00:00,98.5323715209961,stop,-800.55071409244,24.21805182210661,-1.0311954565344224,2
CADCHF,1,2012-01-04 00:00:00+00:00,2012-01-05 00:00:00+00:00,0.9291999936103821,0.9200000166893005,82252.83116925496,2012-01-20 00:00:00+00:00,0.9200000166893005,stop,-787.144535699835,30.420387249072867,-1.040200101068999,11
GBPCAD,-1,2012-01-11 00:00:00+00:00,2012-01-12 00:00:00+00:00,1.5614500045776367,1.5743999481201172,60953.363622535275,2012-01-20 00:00:00+00:00,1.5743999481201172,stop,-827.5707381226139,38.22812048649925,-1.0484303262390455,6
GBPCHF,-1,2012-01-19 00:00:00+00:00,2012-01-20 00:00:00+00:00,1.443600058555603,1.4510999917984009,77255.46207144858,2012-01-20 00:00:00+00:00,1.4510999917984009,stop,-624.1370861670346,44.726277989668816,-1.0771926884318275,0
NZDJPY,1,2012-01-17 00:00:00+00:00,2012-01-18 00:00:00+00:00,61.470001220703125,60.95000076293945,1480.5971438810907,2012-01-23 00:00:00+00:00,62.51000213623047,target,1503.1094973897757,36.71288777372878,1.9523154253016908,3
EURUSD,-1,2011-12-28 00:00:00+00:00,2011-12-29 00:00:00+00:00,1.292574167251587,1.307958960533142,47228.59472442327,2012-01-25 00:00:00+00:00,1.307958960533142,stop,-751.1660718455156,24.56390503191636,-1.0338065397460037,19
NZDUSD,1,2012-01-23 00:00:00+00:00,2012-01-24 00:00:00+00:00,0.8112932443618774,0.8048937320709229,115816.2876185551,2012-01-25 00:00:00+00:00,0.8048937320709229,stop,-778.603911249256,37.43615514158083,-1.050509692081292,1
AUDUSD,1,2012-01-20 00:00:00+00:00,2012-01-23 00:00:00+00:00,1.0470436811447144,1.038594126701355,87092.86338578886,2012-01-26 00:00:00+00:00,1.063942790031433,target,1435.0214103438882,36.770371268678545,1.9500331884875848,3
EURJPY,1,2012-01-25 00:00:00+00:00,2012-01-26 00:00:00+00:00,101.94300079345703,100.97000122070312,763.2190742448369,2012-01-27 00:00:00+00:00,100.97000122070312,stop,-773.5852478677557,30.97341470989761,-1.0417087545968495,1
GBPUSD,1,2012-01-26 00:00:00+00:00,2012-01-27 00:00:00+00:00,1.5674718618392944,1.5624541882425547,71655.75252730394,2012-01-27 00:00:00+00:00,1.5624541882425547,stop,-404.40061880545727,44.85544129468538,-1.1247560643289158,0
EURCHF,-1,2012-01-30 00:00:00+00:00,2012-02-01 00:00:00+00:00,1.205399990081787,1.2072521896334365,91597.88474268439,2012-02-06 00:00:00+00:00,1.2072521896334365,stop,-213.85632830878092,44.19876725634826,-1.2605175211889827,3
AUDJPY,1,2012-02-07 00:00:00+00:00,2012-02-08 00:00:00+00:00,82.83000183105469,82.01000213623047,926.8627660975358,2012-02-15 00:00:00+00:00,84.47000122070312,target,1489.0415419684855,31.012828719335687,1.9591951060207111,5
AUDCAD,1,2012-01-20 00:00:00+00:00,2012-01-23 00:00:00+00:00,1.0621999502182007,1.0530999898910522,80868.03286502718,2012-02-20 00:00:00+00:00,1.0705000162124634,max_hold,636.7165594106187,34.49345019531146,0.8652264095577448,20
USDCHF,-1,2012-01-23 00:00:00+00:00,2012-01-24 00:00:00+00:00,0.9266999959945679,0.9373000264167786,69921.28574977248,2012-02-23 00:00:00+00:00,0.9100599884986877,max_hold,1137.8049950518903,25.685723945900122,1.535151773233093,20
USDCAD,-1,2012-01-25 00:00:00+00:00,2012-01-26 00:00:00+00:00,1.0044399499893188,1.0145000219345093,73817.74575805989,2012-02-23 00:00:00+00:00,0.9993000030517578,max_hold,349.8369829630284,29.58231328377061,0.47108996563573885,20
CHFJPY,1,2012-02-16 00:00:00+00:00,2012-02-17 00:00:00+00:00,85.7490005493164,84.47709655761719,598.2979152593552,2012-02-23 00:00:00+00:00,88.29280853271484,target,1501.1292429790406,20.825770308349206,1.9726328700565652,4
EURUSD,1,2012-01-27 00:00:00+00:00,2012-01-30 00:00:00+00:00,1.3206549882888794,1.2443740367889404,9746.562948826233,2012-02-27 00:00:00+00:00,1.346982717514038,max_hold,251.40481042780718,5.200059764854107,0.33814735103322285,20
CADJPY,1,2012-02-24 00:00:00+00:00,2012-02-27 00:00:00+00:00,81.4800033569336,80.50262451171875,831.5179572297918,2012-02-27 00:00:00+00:00,80.50262451171875,stop,-839.6463535790708,26.93829276641107,-1.0331463339239855,0
AUDJPY,1,2012-02-16 00:00:00+00:00,2012-02-17 00:00:00+00:00,84.7490005493164,83.52999877929688,624.2628397754519,2012-02-29 00:00:00+00:00,87.18700408935547,target,1500.4883615843132,21.466651703076515,1.9717906882717788,8
EURCAD,1,2012-02-23 00:00:00+00:00,2012-02-24 00:00:00+00:00,1.333799958229065,1.3236000537872314,77362.37513821783,2012-02-29 00:00:00+00:00,1.3236000537872314,stop,-830.2053891274791,41.116555324381864,-1.0521063707443636,3
AUDUSD,1,2012-02-01 00:00:00+00:00,2012-02-02 00:00:00+00:00,1.0713980197906494,1.0579994916915894,55858.56647670751,2012-03-01 00:00:00+00:00,1.0742753744125366,max_hold,136.75405643826787,23.970847985480262,0.1827230517371769,20
GBPUSD,1,2012-02-01 00:00:00+00:00,2012-02-02 00:00:00+00:00,1.584786057472229,1.553268313407898,23746.07049869337,2012-03-01 00:00:00+00:00,1.5923566818237305,max_hold,164.68364847553184,15.088931094346727,0.2200409962555316,20
GBPCHF,-1,2012-02-22 00:00:00+00:00,2012-02-23 00:00:00+00:00,1.4259999990463257,1.4409563541412354,51747.4822638449,2012-03-01 00:00:00+00:00,1.4409563541412354,stop,-803.6252746131624,29.671554607558154,-1.0383376342029125,5
USDCHF,-1,2012-02-23 00:00:00+00:00,2012-02-24 00:00:00+00:00,0.9008499979972839,0.9110999703407288,76984.48418816896,2012-03-02 00:00:00+00:00,0.9110999703407288,stop,-816.9872405405515,27.8984067374542,-1.0353552167288884,5
USDCAD,-1,2012-02-29 00:00:00+00:00,2012-03-01 00:00:00+00:00,0.9883999824523926,0.9941999912261963,117263.56035434801,2012-03-05 00:00:00+00:00,0.9941999912261963,stop,-726.627025237077,46.4973463343976,-1.0683654129156903,2
CADJPY,1,2012-02-29 00:00:00+00:00,2012-03-01 00:00:00+00:00,82.19000244140625,81.00354766845703,651.2584305169769,2012-03-06 00:00:00+00:00,81.00354766845703,stop,-793.944908373293,21.25623506300864,-1.0275094430619056,3
USDJPY,1,2012-03-02 00:00:00+00:00,2012-03-05 00:00:00+00:00,81.58599853515625,81.08000183105469,1409.6950176091211,2012-03-06 00:00:00+00:00,81.08000183105469,stop,-759.1629227487397,45.86189005013021,-1.0642952806007058,1
AUDNZD,1,2012-03-05 00:00:00+00:00,2012-03-06 00:00:00+00:00,1.2985999584197998,1.2920000553131104,87919.68403906388,2012-03-07 00:00:00+00:00,1.2920000553131104,stop,-625.8143427643713,45.5529469357984,-1.0785041832237556,1
AUDCAD,-1,2012-03-06 00:00:00+00:00,2012-03-07 00:00:00+00:00,1.0573999881744385,1.0621000528335571,107187.49877773307,2012-03-09 00:00:00+00:00,1.0479998588562012,target,962.4418411030467,45.134508706047214,1.9104097496639358,2
NZDCAD,-1,2012-03-02 00:00:00+00:00,2012-03-05 00:00:00+00:00,0.8199999928474426,0.8270000219345093,109534.18832137086,2012-03-14 00:00:00+00:00,0.8059999346733093,target,1497.8644921013458,35.62051645431869,1.9535430522560264,7
CADCHF,1,2012-03-09 00:00:00+00:00,2012-03-12 00:00:00+00:00,0.9277999997138977,0.9169771110173315,70151.73173248372,2012-03-20 00:00:00+00:00,0.9169771110173315,stop,-785.1272462076929,25.882861795648722,-1.0340902907246292,6
EURCAD,-1,2012-03-09 00:00:00+00:00,2012-03-12 00:00:00+00:00,1.299299955368042,1.3141991766169667,50958.662317122,2012-03-20 00:00:00+00:00,1.3141991766169667,stop,-785.8804683586272,26.636083946583103,-1.0350823588470923,6
GBPAUD,1,2012-03-14 00:00:00+00:00,2012-03-15 00:00:00+00:00,1.4986000061035156,1.486299991607666,64670.27347232228,2012-03-22 00:00:00+00:00,1.5232000350952148,target,1551.8064753116457,39.084127008599324,1.9508650978871873,5
AUDUSD,-1,2012-03-06 00:00:00+00:00,2012-03-07 00:00:00+00:00,1.056602120399475,1.069198489189148,59985.57300256487,2012-03-29 00:00:00+00:00,1.0314093828201294,target,1486.1506859089861,25.050113291314965,1.9668474059773247,16
NZDUSD,-1,2012-03-05 00:00:00+00:00,2012-03-06 00:00:00+00:00,0.82182776927948,0.8326997756958008,70010.07521237737,2012-04-03 00:00:00+00:00,0.8250144124031067,max_hold,-246.15623376061376,23.05910900050271,-0.32340043091632764,20
AUDCAD,-1,2012-03-09 00:00:00+00:00,2012-03-12 00:00:00+00:00,1.0462000370025635,1.0547000169754028,89323.0792117295,2012-04-03 00:00:00+00:00,1.0292000770568848,target,1481.4125430672555,37.07622575683291,1.951166941082423,16
GBPNZD,1,2012-03-21 00:00:00+00:00,2012-03-22 00:00:00+00:00,1.9519000053405762,1.93340003490448,42101.06438739345,2012-04-09 00:00:00+00:00,1.93340003490448,stop,-811.5834999267009,32.715053431739896,-1.0420033108016675,12
AUDCAD,-1,2012-04-03 00:00:00+00:00,2012-04-04 00:00:00+00:00,1.020900011062622,1.0318632125854492,73192.14969495706,2012-04-11 00:00:00+00:00,1.0318632125854492,stop,-832.4695176254562,30.049230630710447,-1.0374482439162298,5
NZDJPY,-1,2012-04-10 00:00:00+00:00,2012-04-11 00:00:00+00:00,65.64700317382812,67.02217864990234,581.1339457149585,2012-04-12 00:00:00+00:00,67.02217864990234,stop,-814.5808634830572,15.41971302159995,-1.0192948731462936,1
AUDCHF,-1,2012-03-27 00:00:00+00:00,2012-03-28 00:00:00+00:00,0.944100022315979,0.9528099894523621,89658.32255418145,2012-04-13 00:00:00+00:00,0.9528099894523621,stop,-814.9357968884286,34.014753938276414,-1.043557225465171,12
NZDUSD,1,2012-04-12 00:00:00+00:00,2012-04-13 00:00:00+00:00,0.8311861157417297,0.8181966543197632,58450.49502651188,2012-04-16 00:00:00+00:00,0.8181966543197632,stop,-778.5218981213826,19.281447879658735,-1.0253957068192558,1
AUDNZD,-1,2012-04-03 00:00:00+00:00,2012-04-04 00:00:00+00:00,1.261299967765808,1.266800045967102,95427.76986065877,2012-04-17 00:00:00+00:00,1.266800045967102,stop,-573.110386067751,48.250189259046486,-1.0919296024968572,9
USDJPY,-1,2012-04-16 00:00:00+00:00,2012-04-17 00:00:00+00:00,80.38999938964844,80.9800033569336,1279.430461403471,2012-04-17 00:00:00+00:00,80.9800033569336,stop,-796.1613875076738,41.292339414147776,-1.0547013280229656,0
EURAUD,1,2012-03-20 00:00:00+00:00,2012-03-21 00:00:00+00:00,1.2621999979019165,1.2471742895431817,51192.08529075693,2012-04-18 00:00:00+00:00,1.2618000507354736,max_hold,-46.315894609084,25.841765152743985,-0.06021327943879567,20
EURJPY,-1,2012-04-10 00:00:00+00:00,2012-04-11 00:00:00+00:00,105.447998046875,107.41986602544785,405.28126585830364,2012-04-20 00:00:00+00:00,107.41986602544785,stop,-816.4154219438141,17.254271482356863,-1.0215904783064014,7
GBPNZD,1,2012-04-19 00:00:00+00:00,2012-04-20 00:00:00+00:00,1.9706000089645386,1.957800030708313,55171.793288019006,2012-05-01 00:00:00+00:00,1.9961999654769897,target,1368.6244152462705,43.77109364096142,1.9380186451096169,7
NZDCAD,-1,2012-04-23 00:00:00+00:00,2012-04-24 00:00:00+00:00,0.8047000169754028,0.8127999901771545,91169.32003794836,2012-05-03 00:00:00+00:00,0.7885000705718994,target,1447.8879045253962,29.050193733217473,1.960661596085213,7
CADJPY,-1,2012-04-06 00:00:00+00:00,2012-04-09 00:00:00+00:00,81.51000213623047,83.04617047309875,512.6279044096686,2012-05-07 00:00:00+00:00,79.95500183105469,max_hold,780.5822544748064,16.554293323849645,0.9912372673209734,20
GBPCHF,1,2012-04-18 00:00:00+00:00,2012-04-19 00:00:00+00:00,1.4678499698638916,1.457200050354004,68266.75552867529,2012-05-07 00:00:00+00:00,1.4931999444961548,target,1690.1322667564666,40.428254122364436,2.324690306476527,12
EURGBP,-1,2012-04-18 00:00:00+00:00,2012-04-19 00:00:00+00:00,0.8187500238418579,0.8242999911308289,130998.15075061041,2012-05-07 00:00:00+00:00,0.8041399717330933,target,1871.370690959828,42.51911765839698,2.5739744697303277,12
GBPNZD,1,2012-05-02 00:00:00+00:00,2012-05-03 00:00:00+00:00,2.0065999031066895,1.9889999628067017,43558.30760814135,2012-05-08 00:00:00+00:00,2.041799783706665,target,1497.9789391678,35.26828777578385,1.9539953020543352,3
NZDCAD,-1,2012-05-08 00:00:00+00:00,2012-05-09 00:00:00+00:00,0.7849000096321106,0.7908200025558472,138346.78282581276,2012-05-16 00:00:00+00:00,0.7730600237846375,target,1594.9161990221833,43.10775167888057,1.9473661521732566,5
NZDUSD,-1,2012-05-08 00:00:00+00:00,2012-05-09 00:00:00+00:00,0.7857928276062012,0.7973846197128296,70654.47411554288,2012-05-17 00:00:00+00:00,0.7626092433929443,target,1616.143643891891,21.880306809172424,1.9732845093018232,6
NZDJPY,-1,2012-05-08 00:00:00+00:00,2012-05-09 00:00:00+00:00,62.74599838256836,63.67499923706055,881.6051905552035,2012-05-17 00:00:00+00:00,60.887996673583984,target,1616.2246763469477,21.799274354116058,1.973383448581706,6
NZDCHF,-1,2012-05-03 00:00:00+00:00,2012-05-04 00:00:00+00:00,0.7310000061988831,0.7379999756813049,111106.20793930157,2012-05-18 00:00:00+00:00,0.7170000672340393,target,1523.3037703144676,32.17635945099244,1.9586283889645775,10
AUDJPY,-1,2012-05-04 00:00:00+00:00,2012-05-07 00:00:00+00:00,80.78800201416016,82.27107217907906,544.4804228027771,2012-05-18 00:00:00+00:00,77.82186168432236,target,1597.7333477530053,17.27199312944812,1.978610605559966,9
AUDUSD,-1,2012-05-08 00:00:00+00:00,2012-05-09 00:00:00+00:00,1.0100908279418945,1.0217427015304565,70290.15283469173,2012-05-18 00:00:00+00:00,0.9867870807647705,target,1609.9517800220212,28.07217067904222,1.9657243465005165,7
EURNZD,1,2012-05-16 00:00:00+00:00,2012-05-17 00:00:00+00:00,1.6613999605178833,1.6539000272750854,80083.59588171504,2012-05-18 00:00:00+00:00,1.676399827003479,target,1147.7826440485405,53.46060186358702,1.9109912134024223,1
EURNZD,1,2012-05-18 00:00:00+00:00,2012-05-21 00:00:00+00:00,1.6849000453948975,1.666234774980694,49801.18363746026,2012-05-22 00:00:00+00:00,1.666234774980694,stop,-962.9306556572801,33.37809611668244,-1.0359077018013683,1
GBPNZD,1,2012-05-08 00:00:00+00:00,2012-05-09 00:00:00+00:00,2.0546998977661133,2.030617988668382,34009.42890477464,2012-05-23 00:00:00+00:00,2.1028637159615755,target,1609.744677873434,28.279272827629956,1.9654714782216383,10
NZDCHF,-1,2012-05-18 00:00:00+00:00,2012-05-21 00:00:00+00:00,0.7121999859809875,0.720755934715271,108644.00762663603,2012-05-24 00:00:00+00:00,0.720755934715271,stop,-960.6889743359492,31.136414795351513,-1.0334961315266988,3
AUDCHF,-1,2012-05-18 00:00:00+00:00,2012-05-21 00:00:00+00:00,0.9246000051498413,0.934249758720398,96329.15003931825,2012-05-24 00:00:00+00:00,0.934249758720398,stop,-965.3648431014791,35.81228356088152,-1.0385263675445966,3
EURAUD,1,2012-05-18 00:00:00+00:00,2012-05-21 00:00:00+00:00,1.2978999614715576,1.285341501235962,74018.03581826645,2012-05-24 00:00:00+00:00,1.285341501235962,stop,-967.793851363381,38.24129182278324,-1.0411394615939553,3
AUDJPY,-1,2012-05-23 00:00:00+00:00,2012-05-24 00:00:00+00:00,77.2699966430664,78.2300033569336,961.9462589258308,2012-05-28 00:00:00+00:00,78.2300033569336,stop,-953.3913956008148,29.916528652593342,-1.0323956067710403,2
CHFJPY,-1,2012-05-17 00:00:00+00:00,2012-05-18 00:00:00+00:00,83.94309997558594,85.21524047851562,706.4699851458176,2012-05-30 00:00:00+00:00,81.39881896972656,target,1774.0963438120034,23.361820604255183,1.9740057142171739,8
GBPJPY,-1,2012-05-17 00:00:00+00:00,2012-05-18 00:00:00+00:00,125.32599639892578,127.11206817626953,503.18755024768444,2012-05-31 00:00:00+00:00,121.75385284423828,target,1772.5926636050117,24.86550081124698,1.9723325957694018,9
CADCHF,1,2012-05-29 00:00:00+00:00,2012-05-30 00:00:00+00:00,0.9397000074386597,0.9343000054359436,143085.16094088036,2012-06-01 00:00:00+00:00,0.9343000054359436,stop,-826.2884743287793,53.6283186890749,-1.0694073821428967,2
USDCHF,1,2012-05-29 00:00:00+00:00,2012-05-30 00:00:00+00:00,0.9624000191688538,0.9559000134468079,137904.6240369424,2012-06-01 00:00:00+00:00,0.9754000306129456,target,1739.3153732086425,53.446317464785466,1.9403754355720209,2
USDCAD,1,2012-05-30 00:00:00+00:00,2012-05-31 00:00:00+00:00,1.0300999879837036,1.0229899883270264,131597.84180607388,2012-06-04 00:00:00+00:00,1.044319987297058,target,1816.723381772032,54.59783834927147,1.941647817849538,2
AUDUSD,-1,2012-06-01 00:00:00+00:00,2012-06-04 00:00:00+00:00,0.9645991921424866,0.9722898006439209,124741.0963640585,2012-06-04 00:00:00+00:00,0.9722898006439209,stop,-1007.6568674747975,48.321931299130696,-1.0503702403372939,0
NZDUSD,-1,2012-05-22 00:00:00+00:00,2012-05-23 00:00:00+00:00,0.752558708190918,0.76568101067096,69508.61396254596,2012-06-06 00:00:00+00:00,0.76568101067096,stop,-933.2192050891924,21.106147704194917,-1.023139837252967,10
NZDJPY,-1,2012-05-31 00:00:00+00:00,2012-06-01 00:00:00+00:00,59.130001068115234,59.75,1513.86384616216,2012-06-06 00:00:00+00:00,59.75,stop,-974.58759476925,35.99362712974772,-1.0383484535067589,3
GBPCHF,-1,2012-06-04 00:00:00+00:00,2012-06-05 00:00:00+00:00,1.4759000539779663,1.4883999824523926,74507.9221022682,2012-06-06 00:00:00+00:00,1.4883999824523926,stop,-975.5164642968975,44.1727672404208,-1.0474290719742125,1
EURGBP,1,2012-06-04 00:00:00+00:00,2012-06-05 00:00:00+00:00,0.8136000037193298,0.8066661953926086,134319.21581496668,2012-06-06 00:00:00+00:00,0.8066661953926086,stop,-974.8702741117191,43.52657705524245,-1.0467352462821284,1
NZDCAD,1,2012-06-06 00:00:00+00:00,2012-06-07 00:00:00+00:00,0.791700005531311,0.7858999967575073,157300.14307256555,2012-06-08 00:00:00+00:00,0.7858999967575073,stop,-961.9735511557215,49.63134121426218,-1.0543999177868213,1
EURNZD,-1,2012-06-06 00:00:00+00:00,2012-06-07 00:00:00+00:00,1.6323000192642212,1.642300009727478,83839.56985610173,2012-06-12 00:00:00+00:00,1.6123000383377075,target,1622.3846233722595,54.405174636885725,1.9351079369620676,3
AUDCHF,1,2012-06-12 00:00:00+00:00,2012-06-13 00:00:00+00:00,0.9554600119590759,0.9491999745368958,144170.93918373567,2012-06-14 00:00:00+00:00,0.9491999745368958,stop,-957.4347982968086,54.91932381576112,-1.060851392988403,1
GBPAUD,-1,2012-06-04 00:00:00+00:00,2012-06-05 00:00:00+00:00,1.5786000490188599,1.593649983406067,61883.571920961425,2012-06-15 00:00:00+00:00,1.5485001802444458,target,1823.9841677246195,38.703226388334144,1.9584436696026868,8
AUDCAD,1,2012-06-06 00:00:00+00:00,2012-06-07 00:00:00+00:00,1.0190999507904053,1.0125399827957153,134286.46658757873,2012-06-18 00:00:00+00:00,1.0322198867797852,target,1706.7369473033718,55.09289856566136,1.9374594559232403,7
AUDUSD,1,2012-06-14 00:00:00+00:00,2012-06-15 00:00:00+00:00,1.0010712146759033,0.992457389831543,107485.60827574997,2012-06-19 00:00:00+00:00,1.018298864364624,target,1808.3137616977754,43.410644255904074,1.953113277422569,2
NZDJPY,1,2012-06-14 00:00:00+00:00,2012-06-15 00:00:00+00:00,62.13999938964844,61.49300003051758,1431.0094591447325,2012-06-20 00:00:00+00:00,63.433998107910156,target,1815.7848903053546,35.93951564832466,1.9611826516594244,3
GBPAUD,-1,2012-06-19 00:00:00+00:00,2012-06-20 00:00:00+00:00,1.5437999963760376,1.551800012588501,94709.31037670998,2012-06-21 00:00:00+00:00,1.551800012588501,stop,-816.3124468951397,58.63642841023374,-1.0773898433891131,1
NZDJPY,1,2012-06-20 00:00:00+00:00,2012-06-21 00:00:00+00:00,63.53499984741211,62.61800003051758,1088.2749305784923,2012-06-25 00:00:00+00:00,62.61800003051758,stop,-1025.4057415082707,27.4578294368845,-1.0275142911816828,2
USDJPY,1,2012-06-21 00:00:00+00:00,2012-06-22 00:00:00+00:00,80.05999755859375,79.37999725341797,1412.2193036876467,2012-06-26 00:00:00+00:00,79.37999725341797,stop,-1005.3424051734054,45.03284769067624,-1.0468940950756769,2
NZDCHF,1,2012-06-27 00:00:00+00:00,2012-06-28 00:00:00+00:00,0.7616999745368958,0.7574999928474426,190780.61743918122,2012-06-29 00:00:00+00:00,0.7574999928474426,stop,-859.2418815053563,57.96678155823361,-1.0723431709809264,1
GBPNZD,-1,2012-06-08 00:00:00+00:00,2012-06-11 00:00:00+00:00,2.000200033187866,2.027047327719629,33918.03417999571,2012-07-03 00:00:00+00:00,1.946505444124341,target,1794.442008881901,26.772898255570343,1.9705988588709158,16
EURAUD,-1,2012-06-18 00:00:00+00:00,2012-06-19 00:00:00+00:00,1.2455999851226807,1.2570099830627441,83863.08527626022,2012-07-04 00:00:00+00:00,1.2227799892425537,target,1872.3540684421125,41.40119205688093,1.9567330338299518,11
AUDCHF,1,2012-06-18 00:00:00+00:00,2012-06-19 00:00:00+00:00,0.9638599753379822,0.954800009727478,105616.03336993797,2012-07-04 00:00:00+00:00,0.9819799065589905,target,1872.652882519196,41.10237797979737,1.9570453141755646,11
AUDJPY,1,2012-06-15 00:00:00+00:00,2012-06-18 00:00:00+00:00,79.95700073242188,78.82350158691406,844.4077549547304,2012-07-05 00:00:00+00:00,82.2239990234375,target,1886.8815586226826,27.389378780031777,1.9713840102308675,13
CADJPY,1,2012-07-03 00:00:00+00:00,2012-07-04 00:00:00+00:00,78.87000274658203,78.08599853515625,1280.1564447215853,2012-07-06 00:00:00+00:00,78.08599853515625,stop,-1043.8336912612876,40.18564731570933,-1.0400395811640604,2
AUDCAD,1,2012-06-29 00:00:00+00:00,2012-07-02 00:00:00+00:00,1.042099952697754,1.0356999635696411,141052.0446164114,2012-07-12 00:00:00+00:00,1.0356999635696411,stop,-961.3471373417785,58.615585298664904,-1.0649313576843555,8
USDCHF,1,2012-07-12 00:00:00+00:00,2012-07-13 00:00:00+00:00,0.9850999712944031,0.9805999994277954,152840.53513523095,2012-07-13 00:00:00+00:00,0.9805999994277954,stop,-747.8658352738975,60.087727088097736,-1.0873649893373247,0
EURGBP,-1,2012-07-05 00:00:00+00:00,2012-07-06 00:00:00+00:00,0.7979000210762024,0.804099977016449,163286.03875385164,2012-07-16 00:00:00+00:00,0.7855001091957092,target,1973.0230648556653,51.70942700688662,1.9489222134630544,6
EURAUD,-1,2012-07-17 00:00:00+00:00,2012-07-18 00:00:00+00:00,1.191849946975708,1.1983599662780762,126263.2043253017,2012-07-19 00:00:00+00:00,1.1788299083709717,target,1584.0858676800362,59.8659269931029,1.927168269547702,1
EURJPY,-1,2012-07-06 00:00:00+00:00,2012-07-09 00:00:00+00:00,97.52999877929688,99.09200286865234,639.8381364246258,2012-07-23 00:00:00+00:00,94.40599060058594,target,1974.2979780901674,24.561593151528196,1.9754243934842604,10
AUDCAD,1,2012-07-19 00:00:00+00:00,2012-07-20 00:00:00+00:00,1.0499000549316406,1.0460000038146973,148382.52533500502,2012-07-23 00:00:00+00:00,1.0460000038146973,stop,-640.8984223809761,62.198988713313405,-1.1074806455556914,1
AUDNZD,1,2012-07-23 00:00:00+00:00,2012-07-24 00:00:00+00:00,1.3007999658584595,1.2968000173568726,119848.28212814864,2012-07-26 00:00:00+00:00,1.2968000173568726,stop,-541.6505356451469,62.263579128893056,-1.1298816713357571,2
NZDJPY,-1,2012-07-23 00:00:00+00:00,2012-07-24 00:00:00+00:00,61.77000045776367,62.50400161743164,1415.9708900279554,2012-07-26 00:00:00+00:00,62.50400161743164,stop,-1074.517949201755,35.19367386515006,-1.0338620724063736,2
AUDUSD,1,2012-06-29 00:00:00+00:00,2012-07-02 00:00:00+00:00,1.023887276649475,1.009445812087506,67855.68891665663,2012-07-30 00:00:00+00:00,1.046495795249939,max_hold,1506.0191510864975,28.097453933023715,1.5368553439193464,20
GBPCAD,-1,2012-07-04 00:00:00+00:00,2012-07-05 00:00:00+00:00,1.5788999795913696,1.5895500183105469,94323.50815278105,2012-08-02 00:00:00+00:00,1.5613000392913818,max_hold,1600.8491759578683,59.23893641649009,1.5935998679188261,20
GBPCHF,1,2012-07-13 00:00:00+00:00,2012-07-16 00:00:00+00:00,1.5276000499725342,1.5176000595092773,98368.33823440956,2012-08-03 00:00:00+00:00,1.5176000595092773,stop,-1043.592699102712,59.910254872193576,-1.0609040602722744,14
EURCAD,-1,2012-08-02 00:00:00+00:00,2012-08-03 00:00:00+00:00,1.2266000509262085,1.2390999794006348,83355.7094300531,2012-08-06 00:00:00+00:00,1.2430000305175781,stop_gap,-1408.2029868364607,41.171053359452756,-1.3515197020704388,1
CADCHF,1,2012-08-02 00:00:00+00:00,2012-08-03 00:00:00+00:00,0.9786999821662903,0.9700700044631958,120735.0055420318,2012-08-06 00:00:00+00:00,0.9656999707221985,stop_gap,-1616.5078815664835,46.95142781758361,-1.5514398640761948,1
GBPNZD,-1,2012-08-06 00:00:00+00:00,2012-08-07 00:00:00+00:00,1.9009000062942505,1.9129999876022339,80139.54255316705,2012-08-07 00:00:00+00:00,1.9129999876022339,stop,-1030.8158070945397,61.12884017087818,-1.0630397667041045,0
USDCAD,-1,2012-07-27 00:00:00+00:00,2012-07-30 00:00:00+00:00,1.0041999816894531,1.0104899406433105,154573.06584773402,2012-08-09 00:00:00+00:00,0.9916200637817383,target,1882.8164744465257,61.7000046617692,1.9365394890455612,8
EURUSD,1,2012-08-03 00:00:00+00:00,2012-08-06 00:00:00+00:00,1.2428536415100098,1.2249386701732874,56942.8541173824,2012-08-10 00:00:00+00:00,1.2249386701732874,stop,-1048.2342268633051,28.104627519235976,-1.0275500559314295,4
CADJPY,1,2012-08-09 00:00:00+00:00,2012-08-10 00:00:00+00:00,79.23999786376953,78.7300033569336,1909.009083487553,2012-08-10 00:00:00+00:00,78.7300033569336,stop,-1033.897379528332,60.313233449772426,-1.0619496873410526,0
CADCHF,1,2012-08-09 00:00:00+00:00,2012-08-10 00:00:00+00:00,0.9850999712944031,0.9749000072479248,98869.54830309693,2012-08-21 00:00:00+00:00,0.9749000072479248,stop,-1047.2227004936474,38.75686251051193,-1.0384315075937753,7
EURCAD,-1,2012-08-09 00:00:00+00:00,2012-08-10 00:00:00+00:00,1.218400001525879,1.2316499948501587,76110.66762842702,2012-08-21 00:00:00+00:00,1.2316499948501587,stop,-1045.7608261725766,37.294988189441085,-1.0369819053702687,7
NZDCAD,-1,2012-08-14 00:00:00+00:00,2012-08-15 00:00:00+00:00,0.7979999780654907,0.8051999807357788,135801.10156201004,2012-08-22 00:00:00+00:00,0.8051999807357788,stop,-1021.3115579604122,43.5432640858763,-1.0445333156727044,5
AUDJPY,1,2012-08-03 00:00:00+00:00,2012-08-06 00:00:00+00:00,83.0009994506836,81.62004259228706,738.7121423391691,2012-08-24 00:00:00+00:00,81.62004259228706,stop,-1044.451111872403,24.321512528333855,-1.0238415908566638,14
NZDUSD,1,2012-07-27 00:00:00+00:00,2012-07-30 00:00:00+00:00,0.8084728121757507,0.7992327809333801,111992.60105110031,2012-08-27 00:00:00+00:00,0.8105698227882385,max_hold,198.58551374382006,36.26415918044886,0.1919043387390177,20
CHFJPY,1,2012-08-21 00:00:00+00:00,2012-08-22 00:00:00+00:00,82.30780029296875,81.54199981689453,1276.0743903479745,2012-08-28 00:00:00+00:00,81.54199981689453,stop,-1019.0352823913636,41.81690675676626,-1.0427917728518057,4
NZDCHF,-1,2012-08-23 00:00:00+00:00,2012-08-24 00:00:00+00:00,0.7766000032424927,0.7834799885749817,140991.0204598127,2012-08-31 00:00:00+00:00,0.7628400325775146,target,1896.622861234949,43.40944431739069,1.95524874076256,5
AUDUSD,-1,2012-08-27 00:00:00+00:00,2012-08-28 00:00:00+00:00,1.0363982915878296,1.042024850845337,138102.08878815704,2012-09-03 00:00:00+00:00,1.025145173072815,target,1497.138480584765,56.940691719441844,1.9267209898514799,4
EURJPY,1,2012-08-16 00:00:00+00:00,2012-08-17 00:00:00+00:00,97.95500183105469,97.06999969482422,1122.157311081593,2012-09-06 00:00:00+00:00,99.72500610351562,target,1941.8576217560078,44.36561323168908,1.9553266597125836,14
NZDUSD,-1,2012-09-03 00:00:00+00:00,2012-09-04 00:00:00+00:00,0.7973210215568542,0.801796019077301,188203.99649577794,2012-09-06 00:00:00+00:00,0.801796019077301,stop,-902.4044612391501,60.19204358236988,-1.0714689576174112,2
EURCHF,1,2012-09-05 00:00:00+00:00,2012-09-06 00:00:00+00:00,1.2038999795913696,1.2026412975683343,125651.13406887928,2012-09-06 00:00:00+00:00,1.2064173436374404,target,255.73782622709592,60.571821025913096,1.6170093353019799,0
EURUSD,1,2012-09-06 00:00:00+00:00,2012-09-07 00:00:00+00:00,1.2632642984390259,1.2564393281936646,119368.05645957941,2012-09-07 00:00:00+00:00,1.2769142389297485,target,1568.7236321532716,60.64323501320954,1.9255622091804654,0
USDCHF,-1,2012-08-21 00:00:00+00:00,2012-08-22 00:00:00+00:00,0.9625599980354309,0.9727500081062317,95899.64767893527,2012-09-11 00:00:00+00:00,0.9421799778938293,target,1917.9039727468746,36.532778522319944,1.9626155428170333,14
EURJPY,1,2012-09-06 00:00:00+00:00,2012-09-07 00:00:00+00:00,99.6449966430664,98.78700256347656,1171.6740063562056,2012-09-14 00:00:00+00:00,101.3609848022461,target,1963.4760246095566,47.10269671631809,1.9531451355605154,5
CHFJPY,1,2012-09-06 00:00:00+00:00,2012-09-07 00:00:00+00:00,82.7030029296875,81.89900207519531,1250.358572439435,2012-09-14 00:00:00+00:00,84.31100463867188,target,1968.813242109762,41.76547921611257,1.9584542711278965,5
EURUSD,1,2012-09-11 00:00:00+00:00,2012-09-12 00:00:00+00:00,1.2851818799972534,1.2760310173034668,112975.648586977,2012-09-14 00:00:00+00:00,1.3034836053848267,target,2009.1580634846775,58.49123243715242,1.943422482185428,2
USDCHF,-1,2012-09-14 00:00:00+00:00,2012-09-17 00:00:00+00:00,0.9264000058174133,0.935230016708374,125499.38745763402,2012-09-20 00:00:00+00:00,0.935230016708374,stop,-1154.8876435597497,46.726685499945546,-1.042165973417576,3
NZDJPY,1,2012-09-14 00:00:00+00:00,2012-09-17 00:00:00+00:00,64.87999725341797,64.44999694824219,2562.024518276528,2012-09-20 00:00:00+00:00,64.44999694824219,stop,-1167.940647945384,66.26932321864291,-1.0601534429836235,3
AUDNZD,-1,2012-09-20 00:00:00+00:00,2012-09-21 00:00:00+00:00,1.2577600479125977,1.2634999752044678,125827.51276507681,2012-09-24 00:00:00+00:00,1.2634999752044678,stop,-785.689550136968,63.44877554856808,-1.0878498940809969,1
EURNZD,1,2012-08-28 00:00:00+00:00,2012-08-29 00:00:00+00:00,1.5607000589370728,1.5432814359664917,55458.62350504468,2012-09-26 00:00:00+00:00,1.57437002658844,max_hold,723.3442549962951,34.77333430701752,0.7487936133809661,20
EURGBP,1,2012-09-07 00:00:00+00:00,2012-09-10 00:00:00+00:00,0.799340009689331,0.7927868568804115,158011.56126067354,2012-09-27 00:00:00+00:00,0.7927868568804115,stop,-1085.788796899496,50.314890382349816,-1.0485911716999088,13
CADJPY,-1,2012-09-26 00:00:00+00:00,2012-09-27 00:00:00+00:00,78.90799713134766,79.34400177001953,1993.0117870994366,2012-09-28 00:00:00+00:00,79.34400177001953,stop,-932.0420039315721,63.07961982849438,-1.0725918877301044,1
AUDNZD,-1,2012-09-26 00:00:00+00:00,2012-09-27 00:00:00+00:00,1.256700038909912,1.2650200128555298,125140.89560751425,2012-10-02 00:00:00+00:00,1.2400600910186768,target,2019.8486222162805,62.48935975527945,1.9399815396959579,3
NZDCAD,1,2012-09-27 00:00:00+00:00,2012-09-28 00:00:00+00:00,0.8144000172615051,0.8108999729156494,191163.5924279446,2012-10-03 00:00:00+00:00,0.8108999729156494,stop,-731.220687789967,62.139636979073586,-1.09287310842799,3
AUDCAD,-1,2012-10-04 00:00:00+00:00,2012-10-05 00:00:00+00:00,1.00409996509552,1.0090999603271484,160248.66260742812,2012-10-08 00:00:00+00:00,0.9936000108718872,target,1618.5778718884408,64.02574988793367,2.0200847721908306,1
EURCAD,1,2012-09-14 00:00:00+00:00,2012-09-17 00:00:00+00:00,1.2740000486373901,1.2594834566116333,76337.5423166533,2012-10-09 00:00:00+00:00,1.2594834566116333,stop,-1146.8409389179023,38.67998085809809,-1.0349046594511144,16
GBPAUD,1,2012-10-02 00:00:00+00:00,2012-10-03 00:00:00+00:00,1.5721999406814575,1.55762128951028,72058.61731140038,2012-10-11 00:00:00+00:00,1.55762128951028,stop,-1095.623563716184,45.106118055896545,-1.0429370480635338,6
AUDUSD,-1,2012-10-05 00:00:00+00:00,2012-10-08 00:00:00+00:00,1.0167458057403564,1.0279922485351562,98100.79190918097,2012-10-11 00:00:00+00:00,1.0279922485351562,stop,-1143.4030288054166,40.11808447425314,-1.0363623963876112,3
NZDCHF,-1,2012-10-15 00:00:00+00:00,2012-10-16 00:00:00+00:00,0.7605999708175659,0.7642199993133545,205160.28483707472,2012-10-16 00:00:00+00:00,0.7533599138259888,target,1423.251266395547,62.12088823307529,1.9163564659004841,0
USDCHF,-1,2012-10-16 00:00:00+00:00,2012-10-17 00:00:00+00:00,0.9229300022125244,0.9328422546386719,107434.99008901989,2012-10-23 00:00:00+00:00,0.9328422546386719,stop,-1104.797715967473,39.87497480445727,-1.0374440072158748,4
EURNZD,1,2012-10-16 00:00:00+00:00,2012-10-17 00:00:00+00:00,1.6025500297546387,1.586300015449524,65533.64945825481,2012-10-24 00:00:00+00:00,1.586300015449524,stop,-1106.7181373704857,41.79539620746992,-1.0392473506217217,5
GBPCHF,-1,2012-10-16 00:00:00+00:00,2012-10-17 00:00:00+00:00,1.4882800579071045,1.4990700483322144,98695.42967200297,2012-10-25 00:00:00+00:00,1.4990700483322144,stop,-1123.8903016262145,58.967560463198666,-1.055372618297924,6
AUDJPY,1,2012-10-25 00:00:00+00:00,2012-10-26 00:00:00+00:00,82.9800033569336,82.57499694824219,1807.1618350777308,2012-10-26 00:00:00+00:00,82.57499694824219,stop,-791.7490603805624,59.83693563155916,-1.0817542620325893,0
AUDCHF,-1,2012-10-02 00:00:00+00:00,2012-10-03 00:00:00+00:00,0.9603000283241272,0.9712414741516113,96012.67165455068,2012-10-31 00:00:00+00:00,0.9661099910736084,max_hold,-594.8220003240033,36.99195453289428,-0.5662181078298386,20
EURAUD,1,2012-10-02 00:00:00+00:00,2012-10-03 00:00:00+00:00,1.2587000131607056,1.2425999641418457,65249.33212499502,2012-10-31 00:00:00+00:00,1.2503000497817993,max_hold,-580.8341160297631,32.742115681713784,-0.5529028750823727,20
USDCAD,1,2012-10-26 00:00:00+00:00,2012-10-29 00:00:00+00:00,0.9979900121688843,0.9940999746322632,148705.3563394869,2012-11-02 00:00:00+00:00,0.9940999746322632,stop,-637.7163083267371,59.24689026951768,-1.1024200907085069,4
GBPCAD,1,2012-10-31 00:00:00+00:00,2012-11-01 00:00:00+00:00,1.6128000020980835,1.6053999662399292,93393.76402164206,2012-11-02 00:00:00+00:00,1.6053999662399292,stop,-751.2291643716352,60.11196168348326,-1.0869779560538695,1
CADCHF,-1,2012-10-16 00:00:00+00:00,2012-10-17 00:00:00+00:00,0.9358999729156494,0.9457138180732727,108512.28280647928,2012-11-05 00:00:00+00:00,0.9457138180732727,stop,-1105.7583827270882,40.835641564072304,-1.0383461071734417,13
AUDCHF,1,2012-11-02 00:00:00+00:00,2012-11-05 00:00:00+00:00,0.9731000065803528,0.968999981880188,150721.16545659976,2012-11-06 00:00:00+00:00,0.9813000559806824,target,1177.0071113798376,58.91389103953014,1.9046639859275734,1
NZDJPY,1,2012-10-24 00:00:00+00:00,2012-10-25 00:00:00+00:00,65.49299621582031,64.66200256347656,1213.5808025082674,2012-11-08 00:00:00+00:00,64.66200256347656,stop,-1040.0686650644127,31.590721573808338,-1.031325148733015,10
AUDJPY,1,2012-11-01 00:00:00+00:00,2012-11-02 00:00:00+00:00,83.5270004272461,82.7490005493164,1283.408170085228,2012-11-08 00:00:00+00:00,82.7490005493164,stop,-1041.1713952887549,42.67999562848394,-1.0427444799654813,4
AUDUSD,1,2012-11-06 00:00:00+00:00,2012-11-07 00:00:00+00:00,1.0429050922393799,1.036720633506775,144072.13140994764,2012-11-09 00:00:00+00:00,1.036720633506775,stop,-950.9313733919046,59.92322216864155,-1.067253281674666,2
GBPAUD,-1,2012-11-05 00:00:00+00:00,2012-11-06 00:00:00+00:00,1.5393999814987183,1.5494999885559082,95952.02841319566,2012-11-14 00:00:00+00:00,1.5191999673843384,target,1879.5365544099668,58.69577383996517,1.939433706698141,6
USDCAD,1,2012-11-14 00:00:00+00:00,2012-11-15 00:00:00+00:00,1.0037800073623657,0.9994999766349792,146745.18826666032,2012-11-16 00:00:00+00:00,0.9994999766349792,stop,-686.8682545579239,58.794339680504535,-1.0936105421477016,1
CADJPY,1,2012-11-16 00:00:00+00:00,2012-11-19 00:00:00+00:00,81.5270004272461,80.7699966430664,1270.4742680696831,2012-11-22 00:00:00+00:00,83.04100799560547,target,1881.6917732535962,41.81588400974156,1.9565212190844774,3
EURUSD,-1,2012-11-02 00:00:00+00:00,2012-11-05 00:00:00+00:00,1.2825446128845215,1.2950832843780518,77981.02437103914,2012-11-23 00:00:00+00:00,1.2950832843780518,stop,-1017.9796600926185,40.20121277518062,-1.0411148485482307,14
AUDNZD,1,2012-11-08 00:00:00+00:00,2012-11-09 00:00:00+00:00,1.278499960899353,1.268697191029787,98526.42777340476,2012-11-23 00:00:00+00:00,1.268697191029787,stop,-1016.0251447759331,50.19324724283375,-1.0519689268609123,10
GBPUSD,-1,2012-11-09 00:00:00+00:00,2012-11-12 00:00:00+00:00,1.5894461870193481,1.6010528802871704,83249.69944706728,2012-11-23 00:00:00+00:00,1.6010528802871704,stop,-1019.375343808386,53.12161768788323,-1.054976882626022,9
NZDJPY,1,2012-11-23 00:00:00+00:00,2012-11-26 00:00:00+00:00,68.0,67.03099822998047,1002.9410950067609,2012-11-28 00:00:00+00:00,67.03099822998047,stop,-998.9373237318047,27.085627444926523,-1.0278701241644292,2
EURJPY,1,2012-11-23 00:00:00+00:00,2012-11-26 00:00:00+00:00,107.08999633789062,105.72799682617188,713.5477567539418,2012-11-28 00:00:00+00:00,105.72799682617188,stop,-1002.2228566106966,30.371160323818508,-1.0312508178355366,2
CHFJPY,1,2012-11-23 00:00:00+00:00,2012-11-26 00:00:00+00:00,88.9530029296875,87.73970031738281,800.9969536295899,2012-11-28 00:00:00+00:00,87.73970031738281,stop,-1000.1577596927742,28.306063405896097,-1.029125908319185,2
EURAUD,1,2012-11-30 00:00:00+00:00,2012-12-03 00:00:00+00:00,1.2461999654769897,1.242569923400879,113142.45884856615,2012-12-03 00:00:00+00:00,1.2534600496292114,target,764.8602363509567,56.56353607891193,1.8622792814685887,0
GBPCHF,-1,2012-11-22 00:00:00+00:00,2012-11-23 00:00:00+00:00,1.4905999898910522,1.4976799488067627,98265.70236399795,2012-12-04 00:00:00+00:00,1.4976799488067627,stop,-754.4462209678137,58.72908540727711,-1.0844151773837787,7
AUDJPY,1,2012-11-16 00:00:00+00:00,2012-11-19 00:00:00+00:00,84.48799896240234,83.45999908447266,935.558310151327,2012-12-06 00:00:00+00:00,86.54399871826172,target,1891.5055759169522,32.00208134638555,1.9667252883288062,13
EURNZD,1,2012-11-30 00:00:00+00:00,2012-12-03 00:00:00+00:00,1.5861599445343018,1.5751999616622925,85765.41889261542,2012-12-06 00:00:00+00:00,1.5751999616622925,stop,-994.2145933988199,54.22707132505406,-1.057689139538172,3
EURUSD,1,2012-12-03 00:00:00+00:00,2012-12-05 00:00:00+00:00,1.3099292516708374,1.299511432647705,90730.64117518881,2012-12-06 00:00:00+00:00,1.299511432647705,stop,-992.5666448952439,47.35124527936897,-1.0500957192388232,1
EURGBP,1,2012-12-04 00:00:00+00:00,2012-12-05 00:00:00+00:00,0.8133999705314636,0.8100000023841858,172376.4747084275,2012-12-06 00:00:00+00:00,0.8100000023841858,stop,-642.0417162232876,55.96719287459127,-1.0954950106938748,1
EURCHF,1,2012-12-04 00:00:00+00:00,2012-12-05 00:00:00+00:00,1.2135000228881836,1.2102866760687903,70354.37990400143,2012-12-06 00:00:00+00:00,1.2102866760687903,stop,-260.1778249398504,34.104802044936896,-1.150857460161401,1
NZDCAD,1,2012-12-06 00:00:00+00:00,2012-12-07 00:00:00+00:00,0.8240000009536743,0.8216999769210815,166007.32949497402,2012-12-07 00:00:00+00:00,0.8216999769210815,stop,-436.4604991203726,54.63965169538521,-1.1431028506271381,0
NZDUSD,1,2012-12-06 00:00:00+00:00,2012-12-07 00:00:00+00:00,0.8320159912109375,0.8285690546035767,164407.94540870274,2012-12-11 00:00:00+00:00,0.8389098644256592,target,1078.4648337693816,54.942697371098305,1.9030486460314715,2
AUDNZD,-1,2012-12-06 00:00:00+00:00,2012-12-07 00:00:00+00:00,1.2585999965667725,1.262719988822937,108684.28415327618,2012-12-13 00:00:00+00:00,1.2503600120544434,target,841.019913655332,54.536904501238894,1.8782055959028963,4
NZDCHF,1,2012-12-11 00:00:00+00:00,2012-12-12 00:00:00+00:00,0.781719982624054,0.7776899933815002,176932.74104478513,2012-12-14 00:00:00+00:00,0.7776899933815002,stop,-768.2191793594745,55.18213629344906,-1.0773902798319825,2
AUDNZD,-1,2012-12-13 00:00:00+00:00,2012-12-14 00:00:00+00:00,1.2479000091552734,1.2514499425888062,111952.53137067708,2012-12-14 00:00:00+00:00,1.2514499425888062,stop,-453.38574485717254,55.96171077578587,-1.1408110883508513,0
GBPCAD,-1,2012-12-07 00:00:00+00:00,2012-12-10 00:00:00+00:00,1.582610011100769,1.5920000076293945,86774.83576183583,2012-12-17 00:00:00+00:00,1.5938999652862549,stop_gap,-1034.812146503548,55.128226299363405,-1.2699958029173912,5
GBPNZD,-1,2012-12-06 00:00:00+00:00,2012-12-07 00:00:00+00:00,1.9286999702453613,1.9414000511169434,70923.44157851241,2012-12-19 00:00:00+00:00,1.9414000511169434,stop,-955.6296062916491,54.89616255361781,-1.0609460689344448,8
GBPCAD,1,2012-12-19 00:00:00+00:00,2012-12-20 00:00:00+00:00,1.6065000295639038,1.6018999814987183,84711.43270570831,2012-12-24 00:00:00+00:00,1.6018999814987183,stop,-444.03429444301423,54.357632326025026,-1.1394941950865556,2
GBPUSD,1,2012-12-14 00:00:00+00:00,2012-12-17 00:00:00+00:00,1.6175994873046875,1.610565423965454,84964.75865421968,2012-12-25 00:00:00+00:00,1.610565423965454,stop,-652.5035444928778,54.85605051641761,-1.0917866318679454,6
GBPCHF,-1,2012-12-24 00:00:00+00:00,2012-12-25 00:00:00+00:00,1.4780000448226929,1.481950044631958,90453.72797542378,2012-12-27 00:00:00+00:00,1.4701000452041626,target,661.2510877829668,53.333328717522306,1.8507291021578394,2
CADJPY,1,2012-12-26 00:00:00+00:00,2012-12-27 00:00:00+00:00,86.18299865722656,85.5009994506836,1322.935970992817,2013-01-02 00:00:00+00:00,87.5469970703125,target,1758.515832930828,45.966732117677964,1.9490527279032563,4
AUDJPY,1,2012-12-27 00:00:00+00:00,2012-12-28 00:00:00+00:00,89.63800048828125,88.69000244140625,967.2123930597179,2013-01-02 00:00:00+00:00,91.53399658203125,target,1798.7845588994576,35.04636016835703,1.9617779809425702,3
EURUSD,1,2012-12-14 00:00:00+00:00,2012-12-17 00:00:00+00:00,1.3166556358337402,1.3068478107452393,93421.28949612577,2013-01-03 00:00:00+00:00,1.3068478107452393,stop,-965.2778819156027,49.018214995387716,-1.053498169531079,13
CADCHF,-1,2012-12-18 00:00:00+00:00,2012-12-19 00:00:00+00:00,0.9257000088691711,0.9337900280952454,112703.34614698001,2013-01-03 00:00:00+00:00,0.9337900280952454,stop,-953.6863870305383,41.91414985857226,-1.0459699781916776,11
EURJPY,1,2013-01-02 00:00:00+00:00,2013-01-03 00:00:00+00:00,115.0260009765625,114.18199920654297,1100.699301028595,2013-01-03 00:00:00+00:00,114.18199920654297,stop,-979.4499754457364,50.457817118341254,-1.0543145780790961,0
AUDJPY,1,2013-01-04 00:00:00+00:00,2013-01-07 00:00:00+00:00,92.55999755859375,91.44969940185547,830.3020529984817,2013-01-08 00:00:00+00:00,91.44969940185547,stop,-952.4395648118028,30.556725831577896,-1.0331459970177765,1
NZDJPY,1,2012-12-31 00:00:00+00:00,2013-01-01 00:00:00+00:00,71.76200103759766,70.677001953125,836.0536739560993,2013-01-10 00:00:00+00:00,73.93199920654297,target,1789.8733407892416,24.36160083549492,1.973143940427387,7
USDJPY,1,2013-01-02 00:00:00+00:00,2013-01-03 00:00:00+00:00,87.2509994506836,86.53199768066406,1292.058235548098,2013-01-10 00:00:00+00:00,88.68900299072266,target,1812.5193708314355,45.464945823354284,1.9510599250856846,5
EURCHF,1,2013-01-10 00:00:00+00:00,2013-01-11 00:00:00+00:00,1.2131999731063843,1.2101157903671265,113736.8665385365,2013-01-11 00:00:00+00:00,1.2193683385849,target,646.2360217083066,55.33453948254093,1.8422552411873843,0
GBPAUD,-1,2013-01-09 00:00:00+00:00,2013-01-10 00:00:00+00:00,1.5243500471115112,1.5302000045776367,90150.97063753661,2013-01-14 00:00:00+00:00,1.5302000045776367,stop,-582.4534741636598,55.07413040414286,-1.1044298208790986,2
CHFJPY,1,2013-01-10 00:00:00+00:00,2013-01-11 00:00:00+00:00,97.68000030517578,96.12129974365234,590.1734937932019,2013-01-15 00:00:00+00:00,96.12129974365234,stop,-942.7790342420092,22.87527807029631,-1.0248670340965824,2
AUDJPY,1,2013-01-14 00:00:00+00:00,2013-01-15 00:00:00+00:00,94.5,94.05000305175781,1473.0173953970668,2013-01-15 00:00:00+00:00,94.05000305175781,stop,-718.4008195158176,55.54748687948186,-1.0838005696653217,0
USDJPY,1,2013-01-10 00:00:00+00:00,2013-01-11 00:00:00+00:00,89.29000091552734,88.19502457976341,840.1129103214128,2013-01-16 00:00:00+00:00,88.19502457976341,stop,-949.7252484331765,29.821492261463774,-1.0324180568471308,3
CADJPY,1,2013-01-10 00:00:00+00:00,2013-01-11 00:00:00+00:00,90.80999755859375,89.45350646972656,678.1495018444456,2013-01-16 00:00:00+00:00,89.45350646972656,stop,-944.3528772632206,24.449121091507926,-1.0265779120125085,3
EURJPY,1,2013-01-10 00:00:00+00:00,2013-01-11 00:00:00+00:00,118.5199966430664,116.57127380371094,472.0546901764474,2013-01-16 00:00:00+00:00,116.57127380371094,stop,-942.098943538501,22.195187366788176,-1.024127727730079,3
CADCHF,1,2013-01-15 00:00:00+00:00,2013-01-16 00:00:00+00:00,0.9460999965667725,0.9359999895095825,88281.5605599991,2013-01-22 00:00:00+00:00,0.9359999895095825,stop,-924.8753294558868,33.230944780154644,-1.0372692806137505,4
USDCHF,1,2013-01-17 00:00:00+00:00,2013-01-18 00:00:00+00:00,0.9331700205802917,0.9297999739646912,141335.41106822295,2013-01-22 00:00:00+00:00,0.9297999739646912,stop,-528.9676497323384,52.660725997356046,-1.1105604881499822,2
EURJPY,1,2013-01-17 00:00:00+00:00,2013-01-18 00:00:00+00:00,120.12000274658203,117.82233792543411,382.6782950565872,2013-01-22 00:00:00+00:00,117.82233792543411,stop,-897.4775302184121,18.211073850028157,-1.0207116667741938,2
AUDJPY,1,2013-01-17 00:00:00+00:00,2013-01-18 00:00:00+00:00,94.70999908447266,93.14624786376953,562.2802685794423,2013-01-23 00:00:00+00:00,93.14624786376953,stop,-900.3920285660607,21.125572197676732,-1.0240263597509807,3
AUDCHF,1,2013-01-15 00:00:00+00:00,2013-01-16 00:00:00+00:00,0.9843999743461609,0.9724411610513926,74559.60409264045,2013-01-24 00:00:00+00:00,0.9724411610513926,stop,-920.824644741219,29.180260065486927,-1.032726343110543,6
NZDCAD,1,2013-01-22 00:00:00+00:00,2013-01-23 00:00:00+00:00,0.8338000178337097,0.8292999863624573,151516.05067070178,2013-01-24 00:00:00+00:00,0.8428000807762146,target,1312.8476277369782,50.80636509909698,1.9254849611910252,1
EURUSD,1,2013-01-11 00:00:00+00:00,2013-01-14 00:00:00+00:00,1.3360053300857544,1.3252054452896118,86342.06567415265,2013-01-30 00:00:00+00:00,1.3576050996780396,target,1818.4543469582009,46.514377725449606,1.9501177932800566,12
AUDCAD,1,2013-01-22 00:00:00+00:00,2013-01-23 00:00:00+00:00,1.0475599765777588,1.042799949645996,120598.42737027937,2013-01-31 00:00:00+00:00,1.042799949645996,stop,-624.4705861588448,50.41882394808761,-1.0878297520661158,6
EURGBP,1,2013-01-24 00:00:00+00:00,2013-01-25 00:00:00+00:00,0.847000002861023,0.8399826884269714,121051.37516141936,2013-02-01 00:00:00+00:00,0.861034631729126,target,1657.559136095932,41.35198826809399,1.9513194213928362,5
EURJPY,1,2013-01-24 00:00:00+00:00,2013-01-25 00:00:00+00:00,121.0199966430664,118.49077779054642,335.856883770915,2013-02-01 00:00:00+00:00,126.07843434810638,target,1682.31318256055,16.597941803475557,1.9804604942949104,5
USDCHF,-1,2013-01-31 00:00:00+00:00,2013-02-01 00:00:00+00:00,0.9090999960899353,0.9122466086409986,150028.95396548143,2013-02-01 00:00:00+00:00,0.9028067709878087,target,889.7982837518333,54.367695389530226,1.884834453707021,0
NZDJPY,1,2013-01-24 00:00:00+00:00,2013-01-25 00:00:00+00:00,75.70999908447266,74.37999725341797,638.6875133159758,2013-02-04 00:00:00+00:00,78.4739990234375,target,1745.6371689540338,19.695078868931255,2.0550070500097517,6
USDJPY,1,2013-01-24 00:00:00+00:00,2013-01-25 00:00:00+00:00,90.54000091552734,89.111328125,594.576706306884,2013-02-05 00:00:00+00:00,93.39734649658203,target,1677.0381519258026,21.872972438223414,1.9742505983691039,7
CHFJPY,1,2013-01-30 00:00:00+00:00,2013-01-31 00:00:00+00:00,99.86000061035156,98.39700317382812,608.9502941692209,2013-02-05 00:00:00+00:00,102.78599548339844,target,1757.105170892826,24.68026778670077,1.9722971495322228,3
NZDUSD,1,2013-02-01 00:00:00+00:00,2013-02-04 00:00:00+00:00,0.846023678779602,0.8398420810699463,154080.9642538922,2013-02-06 00:00:00+00:00,0.8398420810699463,stop,-1004.418500109459,51.95196437604781,-1.0545446610741491,2
GBPCHF,-1,2013-02-01 00:00:00+00:00,2013-02-04 00:00:00+00:00,1.4261000156402588,1.4420377728529274,59761.641680443696,2013-02-07 00:00:00+00:00,1.4420377728529274,stop,-986.7474602946253,34.28092456121401,-1.0359917364811324,3
NZDJPY,1,2013-02-05 00:00:00+00:00,2013-02-06 00:00:00+00:00,79.1510009765625,77.65172576904297,643.3714381326403,2013-02-07 00:00:00+00:00,77.65172576904297,stop,-984.7673255803413,20.17647916188792,-1.0209171372886272,1
GBPCAD,-1,2013-02-01 00:00:00+00:00,2013-02-04 00:00:00+00:00,1.5652199983596802,1.5794494152069092,66936.44201722096,2013-02-08 00:00:00+00:00,1.5794494152069092,stop,-994.5651321063169,42.098596372905654,-1.0441995543082143,4
EURJPY,1,2013-02-05 00:00:00+00:00,2013-02-06 00:00:00+00:00,127.08999633789062,124.38636308908463,356.7757745413302,2013-02-08 00:00:00+00:00,124.38636308908463,stop,-982.5349810011321,17.944134582678608,-1.0186028455995675,2
AUDCAD,-1,2013-02-06 00:00:00+00:00,2013-02-07 00:00:00+00:00,1.0269999504089355,1.0347700119018555,121688.02822228803,2013-02-08 00:00:00+00:00,1.0347700119018555,stop,-995.7020065116612,50.17854427230826,-1.0530695918993556,1
EURAUD,1,2013-01-30 00:00:00+00:00,2013-01-31 00:00:00+00:00,1.302649974822998,1.2874622344970703,58658.67470876341,2013-02-14 00:00:00+00:00,1.2874622344970703,stop,-921.2792292489038,30.386509909140482,-1.0341079338168346,10
NZDCAD,1,2013-02-13 00:00:00+00:00,2013-02-14 00:00:00+00:00,0.846589982509613,0.8414999842643738,157969.7987458511,2013-02-19 00:00:00+00:00,0.8567699790000916,target,1554.3161107720757,53.81588606228574,1.9330703124268116,3
EURNZD,-1,2013-02-14 00:00:00+00:00,2013-02-15 00:00:00+00:00,1.5688999891281128,1.5893000364303589,44164.81438868286,2013-02-20 00:00:00+00:00,1.5893000364303589,stop,-928.860566210274,27.896263586224677,-1.0309626735542985,3
NZDCAD,1,2013-02-19 00:00:00+00:00,2013-02-20 00:00:00+00:00,0.8557000160217285,0.8496999740600586,150865.7196024807,2013-02-20 00:00:00+00:00,0.8496999740600586,stop,-956.6579275351631,51.457279342750454,-1.0568462687753317,0
GBPUSD,-1,2013-02-13 00:00:00+00:00,2013-02-14 00:00:00+00:00,1.5532773733139038,1.5685674902051687,58310.279818156676,2013-02-21 00:00:00+00:00,1.522697139531374,target,1747.269801852457,35.87218691150527,1.9597651929711206,5
EURGBP,1,2013-02-20 00:00:00+00:00,2013-02-21 00:00:00+00:00,0.8715000152587891,0.867881715297699,156505.64804326213,2013-02-21 00:00:00+00:00,0.867881715297699,stop,-620.7289932123851,54.444612987070784,-1.0961435894901572,0
USDJPY,1,2013-02-05 00:00:00+00:00,2013-02-06 00:00:00+00:00,93.56999969482422,92.14547929167747,677.1337527266629,2013-02-26 00:00:00+00:00,92.14547929167747,stop,-989.7416902635653,25.150843845111922,-1.0260741058641574,14
GBPAUD,-1,2013-02-22 00:00:00+00:00,2013-02-25 00:00:00+00:00,1.4652999639511108,1.4818958975374699,55560.46876804729,2013-02-26 00:00:00+00:00,1.4818958975374699,stop,-954.8273664245985,32.74951672311091,-1.035517084304447,1
EURUSD,-1,2013-02-20 00:00:00+00:00,2013-02-21 00:00:00+00:00,1.327316164970398,1.3415955305099487,63679.14796587921,2013-03-01 00:00:00+00:00,1.2987574338912964,target,1785.150436249621,33.445225854240554,1.9632186235223401,6
GBPCHF,-1,2013-02-22 00:00:00+00:00,2013-02-25 00:00:00+00:00,1.4043999910354614,1.4221047973260283,52080.65169245984,2013-03-04 00:00:00+00:00,1.4221047973260283,stop,-951.5190919794327,29.441242277944934,-1.0319292370893371,5
EURUSD,-1,2013-03-01 00:00:00+00:00,2013-03-04 00:00:00+00:00,1.3017443418502808,1.3099995851516724,104082.51907727044,2013-03-07 00:00:00+00:00,1.3099995851516724,stop,-913.5938958260256,54.3673774214252,-1.0632747898916968,3
GBPNZD,-1,2013-02-13 00:00:00+00:00,2013-02-14 00:00:00+00:00,1.8357000350952148,1.8619421478360891,33974.8176218024,2013-03-14 00:00:00+00:00,1.8229000568389893,max_hold,410.0168726433858,24.86005417491482,0.4598813501415006,20
GBPCAD,-1,2013-02-13 00:00:00+00:00,2013-02-14 00:00:00+00:00,1.5551999807357788,1.5722038745880127,52433.34274665864,2013-03-14 00:00:00+00:00,1.5336999893188477,max_hold,1094.9241488461666,32.39227016800358,1.2280840849977916,20
GBPUSD,-1,2013-02-22 00:00:00+00:00,2013-02-25 00:00:00+00:00,1.5096617937088013,1.5249559632502496,60289.50098941869,2013-03-25 00:00:00+00:00,1.5243902206420898,max_hold,-924.5538065513135,36.584296384231166,-1.00268519285072,20
NZDUSD,-1,2013-02-26 00:00:00+00:00,2013-02-27 00:00:00+00:00,0.8263097405433655,0.8352823853492737,98942.36621261323,2013-03-25 00:00:00+00:00,0.8359106779098511,stop_gap,-982.8322651729164,32.892804273736274,-1.1070739637030345,18
USDJPY,1,2013-03-07 00:00:00+00:00,2013-03-08 00:00:00+00:00,94.89800262451172,93.80999755859375,816.8592274340488,2013-04-01 00:00:00+00:00,93.80999755859375,stop,-919.5765518381224,30.829574248039176,-1.0346888091047424,16
AUDJPY,1,2013-03-07 00:00:00+00:00,2013-03-08 00:00:00+00:00,97.47000122070312,96.06999969482422,634.8185778098615,2013-04-04 00:00:00+00:00,100.27000427246094,target,1752.3881493675096,25.105805812656925,1.9717514585751577,19
EURJPY,-1,2013-04-01 00:00:00+00:00,2013-04-02 00:00:00+00:00,119.70600128173828,120.78099822998047,809.2577463319061,2013-04-04 00:00:00+00:00,120.78099822998047,stop,-908.8728010975445,38.92319344939514,-1.0447418943662972,2
CADCHF,1,2013-03-08 00:00:00+00:00,2013-03-11 00:00:00+00:00,0.925599992275238,0.9148979187011719,86449.66363656217,2013-04-05 00:00:00+00:00,0.9148979187011719,stop,-957.0127457573016,31.822085065541195,-1.0343951646050424,19
AUDCHF,1,2013-03-25 00:00:00+00:00,2013-03-26 00:00:00+00:00,0.9920200109481812,0.9800999760627747,73761.97751504667,2013-04-05 00:00:00+00:00,0.9800999760627747,stop,-908.338839223701,29.093494027775254,-1.0330891646873515,8
GBPAUD,1,2013-04-05 00:00:00+00:00,2013-04-08 00:00:00+00:00,1.4827799797058105,1.4652957916259766,50953.623640371385,2013-04-08 00:00:00+00:00,1.4652957916259766,stop,-920.925767740476,30.043028663147492,-1.033722764338506,0
NZDJPY,1,2013-04-04 00:00:00+00:00,2013-04-05 00:00:00+00:00,81.08799743652344,79.54585266113281,564.1237906729406,2013-04-09 00:00:00+00:00,84.17228698730469,target,1721.2756613002882,18.64545161937165,1.9785674747194901,2
AUDUSD,1,2013-03-14 00:00:00+00:00,2013-03-15 00:00:00+00:00,1.0380982160568237,1.0300040245056152,113360.03878977854,2013-04-10 00:00:00+00:00,1.0542865991592407,target,1787.6771716705784,47.43856476320734,1.9482991030795742,18
GBPJPY,1,2013-04-04 00:00:00+00:00,2013-04-05 00:00:00+00:00,146.79299926757812,144.15790289640427,330.1437343911213,2013-04-10 00:00:00+00:00,152.06319200992584,target,1720.1880131128075,19.733099806852486,1.9773172477070071,3
AUDJPY,1,2013-04-04 00:00:00+00:00,2013-04-05 00:00:00+00:00,100.51300048828125,98.75032103061676,493.54438929725086,2013-04-10 00:00:00+00:00,104.03835940361023,target,1719.7300777201067,20.191035199553152,1.9767908613216703,3
NZDCAD,1,2013-04-08 00:00:00+00:00,2013-04-09 00:00:00+00:00,0.8604000210762024,0.8520600199699402,109055.03853827158,2013-04-11 00:00:00+00:00,0.8770800232887268,target,1781.142093465766,37.896190639539036,1.9583338174125584,2
CHFJPY,1,2013-04-10 00:00:00+00:00,2013-04-11 00:00:00+00:00,106.77279663085938,106.11080169677734,1332.6047356254785,2013-04-12 00:00:00+00:00,106.11080169677734,stop,-938.9155223714715,56.73793825368018,-1.0643157786767163,1
USDJPY,1,2013-04-05 00:00:00+00:00,2013-04-08 00:00:00+00:00,98.78500366210938,97.10929465293884,531.6452523689128,2013-04-15 00:00:00+00:00,97.10929465293884,stop,-911.7119938103954,20.829254733066982,-1.0233804672819673,5
AUDUSD,1,2013-04-10 00:00:00+00:00,2013-04-11 00:00:00+00:00,1.0537962913513184,1.0477018356323242,135022.23873249858,2013-04-15 00:00:00+00:00,1.0477018356323242,stop,-879.636851394165,56.749796359496806,-1.0689642594476176,2
EURCAD,1,2013-04-15 00:00:00+00:00,2013-04-16 00:00:00+00:00,1.3351000547409058,1.3273999691009521,100806.55323131364,2013-04-17 00:00:00+00:00,1.350500226020813,target,1498.292964367188,54.14522153212741,1.93024492437261,1
EURNZD,-1,2013-03-25 00:00:00+00:00,2013-03-26 00:00:00+00:00,1.5399999618530273,1.5621792078018188,39642.706845217785,2013-04-23 00:00:00+00:00,1.550950050354004,max_hold,-458.59787341483326,24.506725041429135,-0.5215812354544135,20
CADCHF,-1,2013-04-15 00:00:00+00:00,2013-04-16 00:00:00+00:00,0.9085999727249146,0.9157900214195251,124789.91492621401,2013-04-23 00:00:00+00:00,0.9157900214195251,stop,-942.7786593480964,45.53309443230414,-1.0507476394565154,5
USDJPY,1,2013-04-19 00:00:00+00:00,2013-04-22 00:00:00+00:00,99.81400299072266,98.16151028871536,562.7877755096674,2013-04-26 00:00:00+00:00,98.16151028871536,stop,-952.2863315534286,22.283639744783912,-1.023960833598715,4
EURCHF,1,2013-04-23 00:00:00+00:00,2013-04-24 00:00:00+00:00,1.2288999557495117,1.2230104207992554,111685.47913716358,2013-04-30 00:00:00+00:00,1.2230104207992554,stop,-712.5440898556975,54.76855704124645,-1.0832632931889485,4
GBPAUD,1,2013-04-22 00:00:00+00:00,2013-04-23 00:00:00+00:00,1.4903000593185425,1.4774999618530273,72271.61494487934,2013-05-02 00:00:00+00:00,1.5159002542495728,target,1806.714840267398,43.45259030187408,1.9530284777648428,7
CADJPY,1,2013-04-04 00:00:00+00:00,2013-04-05 00:00:00+00:00,95.16999816894531,93.37564086914062,484.8312855831576,2013-05-03 00:00:00+00:00,96.85299682617188,max_hold,797.3506515128802,18.61975110500218,0.9165365551256432,20
USDCAD,-1,2013-04-30 00:00:00+00:00,2013-05-01 00:00:00+00:00,1.006600022315979,1.0122100114822388,134072.37228127287,2013-05-03 00:00:00+00:00,1.0122100114822388,stop,-806.2778860759996,54.13333008331275,-1.071971976200595,2
EURAUD,1,2013-04-15 00:00:00+00:00,2013-04-16 00:00:00+00:00,1.2624000310897827,1.2464261054992676,56169.384277622485,2013-05-08 00:00:00+00:00,1.294347882270813,target,1765.7689386222726,28.72219120931215,1.9679884834961456,16
AUDUSD,-1,2013-04-15 00:00:00+00:00,2013-04-16 00:00:00+00:00,1.0337947607040405,1.0448891706764698,80873.66224481858,2013-05-09 00:00:00+00:00,1.011605940759182,target,1761.407320734494,33.08380909709034,1.9631273640230305,17
CADCHF,1,2013-05-06 00:00:00+00:00,2013-05-07 00:00:00+00:00,0.9316999912261963,0.9265999794006348,147646.05354425072,2013-05-09 00:00:00+00:00,0.9419000148773193,target,1450.6673087820036,55.32592936433363,1.9265256603244354,2
AUDCAD,-1,2013-05-07 00:00:00+00:00,2013-05-08 00:00:00+00:00,1.0228899717330933,1.031599998474121,106741.12942811684,2013-05-13 00:00:00+00:00,1.0054699182510376,target,1816.1342982641015,43.30188510871939,1.9534247149798123,3
EURNZD,1,2013-05-13 00:00:00+00:00,2013-05-14 00:00:00+00:00,1.5714999437332153,1.559999942779541,86761.74376287611,2013-05-15 00:00:00+00:00,1.559999942779541,stop,-1052.099014164941,54.338878149419074,-1.0544608630751848,1
GBPNZD,1,2013-05-01 00:00:00+00:00,2013-05-02 00:00:00+00:00,1.829200029373169,1.8091000318527222,45950.057019461514,2013-05-16 00:00:00+00:00,1.8694000244140625,target,1813.2018876383875,33.99017667274134,1.9631980048751267,10
NZDCAD,-1,2013-05-16 00:00:00+00:00,2013-05-17 00:00:00+00:00,0.8317999839782715,0.8394399881362915,131609.44199219893,2013-05-20 00:00:00+00:00,0.8394399881362915,stop,-1049.4868760881056,43.990192033011155,-1.0437497136794147,1
EURCHF,1,2013-05-09 00:00:00+00:00,2013-05-10 00:00:00+00:00,1.2374000549316406,1.2297664880752563,117913.80968577652,2013-05-21 00:00:00+00:00,1.2526671886444092,target,1741.4832360419316,58.722663012762496,1.9347600593425471,7
GBPJPY,1,2013-05-03 00:00:00+00:00,2013-05-06 00:00:00+00:00,154.35899353027344,152.0500030517578,394.8556589170456,2013-05-23 00:00:00+00:00,152.0500030517578,stop,-935.9154220761733,24.197465248701747,-1.0265405162501156,13
AUDUSD,-1,2013-05-16 00:00:00+00:00,2013-05-17 00:00:00+00:00,0.9828009605407715,0.9914733171463013,115942.72811774783,2013-05-23 00:00:00+00:00,0.9654562473297119,target,1965.8161169590746,45.177251151114,1.9550697164222188,4
USDCHF,1,2013-05-22 00:00:00+00:00,2013-05-23 00:00:00+00:00,0.9801499843597412,0.9682000279426575,85947.2765507675,2013-05-23 00:00:00+00:00,0.9682000279426575,stop,-1060.5572844137241,33.49107546500911,-1.0326084873333432,0
GBPAUD,1,2013-05-09 00:00:00+00:00,2013-05-10 00:00:00+00:00,1.5326499938964844,1.514799952507019,54493.45145253256,2013-05-27 00:00:00+00:00,1.5702999830245972,target,2017.859763955796,33.818090785397196,2.0744713317349754,11
AUDJPY,-1,2013-05-23 00:00:00+00:00,2013-05-24 00:00:00+00:00,99.13999938964844,99.98400115966797,1180.0376069162694,2013-05-27 00:00:00+00:00,97.39600372314453,target,2011.596497816392,46.38397495722174,2.019768828022599,1
AUDCHF,-1,2013-05-23 00:00:00+00:00,2013-05-24 00:00:00+00:00,0.9393900036811829,0.9484999775886536,109325.65109875934,2013-05-30 00:00:00+00:00,0.9211700558662415,target,1951.2262698702132,40.68138798367372,1.9591533394399372,4
AUDUSD,-1,2013-05-28 00:00:00+00:00,2013-05-29 00:00:00+00:00,0.9573042392730713,0.9695559740066528,84473.41456398171,2013-05-30 00:00:00+00:00,0.9695559740066528,stop,-1067.499559598412,32.553692320644075,-1.031454487959134,1
EURJPY,1,2013-05-09 00:00:00+00:00,2013-05-10 00:00:00+00:00,131.39100646972656,129.6199951171875,549.2400500358008,2013-06-03 00:00:00+00:00,129.6199951171875,stop,-1001.3819029968241,28.671539114298234,-1.0294759264205402,16
USDCAD,1,2013-05-22 00:00:00+00:00,2013-05-23 00:00:00+00:00,1.0374499559402466,1.027629017829895,104579.23646480947,2013-06-04 00:00:00+00:00,1.027629017829895,stop,-1070.2590854119978,43.192876463282744,-1.0420546174014373,8
EURAUD,1,2013-05-30 00:00:00+00:00,2013-05-31 00:00:00+00:00,1.348889946937561,1.337399959564209,89414.68566318967,2013-06-05 00:00:00+00:00,1.3718699216842651,target,2006.0920408410154,48.65517768356836,1.9526412035067697,3
AUDCHF,-1,2013-05-30 00:00:00+00:00,2013-05-31 00:00:00+00:00,0.9219599962234497,0.9302300214767456,124228.59396382702,2013-06-05 00:00:00+00:00,0.9054199457168579,target,2009.3446503595949,45.40256816498886,1.9558071496526075,3
EURNZD,1,2013-05-30 00:00:00+00:00,2013-05-31 00:00:00+00:00,1.6128000020980835,1.594599962234497,56448.97576943229,2013-06-06 00:00:00+00:00,1.6492000818252563,target,2017.9199057851288,36.82731273945494,1.9641539237455214,4
NZDJPY,-1,2013-05-31 00:00:00+00:00,2013-06-03 00:00:00+00:00,80.14399719238281,81.8345638513565,619.0798939733237,2013-06-07 00:00:00+00:00,76.76286387443542,target,2073.7640794019544,19.427576582586575,1.9814373647754213,4
EURCAD,1,2013-06-04 00:00:00+00:00,2013-06-05 00:00:00+00:00,1.352910041809082,1.343400001525879,109616.38061743767,2013-06-10 00:00:00+00:00,1.343400001525879,stop,-1101.5681449653234,59.11194959456498,-1.0567044925792217,3
AUDCAD,-1,2013-06-05 00:00:00+00:00,2013-06-06 00:00:00+00:00,0.9836000204086304,0.9956441521644592,90636.71066176672,2013-06-10 00:00:00+00:00,0.9595117568969727,target,2148.057518261889,35.22345198862385,1.9677334686019985,2
NZDUSD,-1,2013-05-22 00:00:00+00:00,2013-05-23 00:00:00+00:00,0.8043111562728882,0.817834734916687,75946.3331416105,2013-06-11 00:00:00+00:00,0.7772639989852905,target,2030.1094511714837,24.022966725946404,1.9766101089524346,13
EURAUD,1,2013-06-05 00:00:00+00:00,2013-06-06 00:00:00+00:00,1.3763999938964844,1.3579824017360806,59271.61789759855,2013-06-11 00:00:00+00:00,1.4132351782172918,target,2150.211732251467,33.06923799904587,1.969706841721566,3
GBPNZD,1,2013-06-05 00:00:00+00:00,2013-06-06 00:00:00+00:00,1.9371000528335571,1.907366394996643,36713.96540287064,2013-06-11 00:00:00+00:00,1.9965673685073853,target,2154.396864327811,28.884105922702147,1.9735406424401822,3
NZDCHF,-1,2013-06-11 00:00:00+00:00,2013-06-12 00:00:00+00:00,0.7293000221252441,0.7371000051498413,150985.99697098922,2013-06-12 00:00:00+00:00,0.7371000051498413,stop,-1221.9693873408783,44.281174015282915,-1.0376000825296878,0
EURNZD,1,2013-06-11 00:00:00+00:00,2013-06-12 00:00:00+00:00,1.6860300302505493,1.6767696142196655,104774.66523688672,2013-06-12 00:00:00+00:00,1.6767696142196655,stop,-1040.724230991766,70.4672414016177,-1.072627398882624,0
AUDUSD,-1,2013-06-07 00:00:00+00:00,2013-06-10 00:00:00+00:00,0.9417969584465027,0.9562972784042358,80167.64671771806,2013-06-13 00:00:00+00:00,0.9562972784042358,stop,-1192.8896773087854,30.43314964335734,-1.0261800324735382,3
AUDCHF,-1,2013-06-05 00:00:00+00:00,2013-06-06 00:00:00+00:00,0.895799994468689,0.911410550121218,69929.63667814119,2013-06-19 00:00:00+00:00,0.864578883163631,target,2158.6604391847723,24.620531065740423,1.9774463008644136,9
GBPUSD,1,2013-06-06 00:00:00+00:00,2013-06-07 00:00:00+00:00,1.5601354837417603,1.54280102904886,64432.441114510286,2013-06-20 00:00:00+00:00,1.54280102904886,stop,-1156.8871860809265,39.98595482848911,-1.0358007975187304,9
USDCHF,-1,2013-06-11 00:00:00+00:00,2013-06-12 00:00:00+00:00,0.9243199825286865,0.9347900152206421,112481.80860318114,2013-06-20 00:00:00+00:00,0.9347900152206421,stop,-1219.5114243134155,41.823210987820104,-1.0355129740746223,6
EURUSD,1,2013-06-12 00:00:00+00:00,2013-06-13 00:00:00+00:00,1.3339380025863647,1.3180596828460693,73534.94300557578,2013-06-20 00:00:00+00:00,1.3180596828460693,stop,-1206.6142368567705,39.00289972983859,-1.0334040090993042,5
AUDNZD,-1,2013-06-19 00:00:00+00:00,2013-06-20 00:00:00+00:00,1.1797000169754028,1.1884000301361084,130742.17580048631,2013-06-20 00:00:00+00:00,1.1884000301361084,stop,-1199.3807606580303,61.92211053451862,-1.0544389991915704,0
EURAUD,1,2013-06-19 00:00:00+00:00,2013-06-20 00:00:00+00:00,1.4316999912261963,1.407066279090941,46174.87790220625,2013-06-26 00:00:00+00:00,1.407066279090941,stop,-1163.6745873084708,26.21593718495905,-1.0230478155686031,4
NZDCHF,-1,2013-06-20 00:00:00+00:00,2013-06-21 00:00:00+00:00,0.7190700173377991,0.7325000166893005,83221.75481692552,2013-06-26 00:00:00+00:00,0.7325000166893005,stop,-1141.8285543164034,24.160441094279903,-1.0216168295475727,3
CADCHF,-1,2013-06-20 00:00:00+00:00,2013-06-21 00:00:00+00:00,0.8928499817848206,0.9041600227355957,98820.87236346593,2013-06-27 00:00:00+00:00,0.9041600227355957,stop,-1153.1845324806402,35.51641925851668,-1.0317772501857698,4
EURGBP,1,2013-07-01 00:00:00+00:00,2013-07-02 00:00:00+00:00,0.8591600060462952,0.8547000288963318,185978.65221413074,2013-07-03 00:00:00+00:00,0.8547000288963318,stop,-893.2088151324679,63.74827587645856,-1.0768551038409109,1
EURCAD,1,2013-06-18 00:00:00+00:00,2013-06-19 00:00:00+00:00,1.367840051651001,1.3575999736785889,113427.89514541619,2013-07-04 00:00:00+00:00,1.3575999736785889,stop,-1223.3386756192879,61.82818508364103,-1.053230845168801,11
GBPCAD,1,2013-06-20 00:00:00+00:00,2013-06-21 00:00:00+00:00,1.6093599796295166,1.5919349514879286,64141.538489375926,2013-07-04 00:00:00+00:00,1.5919349514879286,stop,-1158.7353096301463,41.06719640802274,-1.0367436414461446,9
EURUSD,-1,2013-07-04 00:00:00+00:00,2013-07-05 00:00:00+00:00,1.2906056642532349,1.3023037910461426,89330.08420819118,2013-07-10 00:00:00+00:00,1.3023037910461426,stop,-1091.3196154857653,46.32496399722171,-1.044330335979456,3
USDCHF,1,2013-07-04 00:00:00+00:00,2013-07-05 00:00:00+00:00,0.95660001039505,0.945900022983551,97663.16644125326,2013-07-10 00:00:00+00:00,0.945900022983551,stop,-1082.1554869714125,37.16083548286884,-1.0355607901245572,3
USDCAD,1,2013-06-21 00:00:00+00:00,2013-06-24 00:00:00+00:00,1.0479400157928467,1.0365139245986938,96660.99356219749,2013-07-11 00:00:00+00:00,1.0365139245986938,stop,-1144.754405141665,40.29707778257678,-1.03648586213732,13
AUDUSD,-1,2013-06-28 00:00:00+00:00,2013-07-01 00:00:00+00:00,0.9129918813705444,0.9285050630569458,69041.96515796059,2013-07-11 00:00:00+00:00,0.9285050630569458,stop,-1096.4886630567662,25.428113575130734,-1.0237410607527626,8
AUDCAD,-1,2013-07-12 00:00:00+00:00,2013-07-15 00:00:00+00:00,0.9434199929237366,0.9516400098800659,120768.68271301391,2013-07-16 00:00:00+00:00,0.9516400098800659,stop,-1038.4933997346802,45.77278004014714,-1.046108420770218,1
GBPUSD,-1,2013-07-04 00:00:00+00:00,2013-07-05 00:00:00+00:00,1.5040533542633057,1.523030400276184,55066.244281611456,2013-07-17 00:00:00+00:00,1.523030400276184,stop,-1078.3326781862174,33.338026697673826,-1.0319025811760714,8
GBPCHF,-1,2013-07-16 00:00:00+00:00,2013-07-17 00:00:00+00:00,1.4230999946594238,1.4347000122070312,84561.34563007497,2013-07-18 00:00:00+00:00,1.4347000122070312,stop,-1029.2449759826188,48.33188282445299,-1.049272339376002,1
EURGBP,1,2013-07-10 00:00:00+00:00,2013-07-11 00:00:00+00:00,0.8679599761962891,0.8593030571937561,115210.57810728805,2013-07-19 00:00:00+00:00,0.8593030571937561,stop,-1037.1684374338327,39.799794524043016,-1.0399047982979779,6
NZDUSD,1,2013-07-23 00:00:00+00:00,2013-07-24 00:00:00+00:00,0.7998080253601074,0.794567346572876,180001.0693265978,2013-07-24 00:00:00+00:00,0.794567346572876,stop,-1000.7256400700637,57.397854371185815,-1.0608461398480507,0
AUDNZD,-1,2013-07-03 00:00:00+00:00,2013-07-04 00:00:00+00:00,1.1686999797821045,1.1809500455856323,86978.5111820874,2013-07-25 00:00:00+00:00,1.1441998481750488,target,2090.7504542371003,40.234516709803856,1.9622385729994842,15
CHFJPY,1,2013-07-24 00:00:00+00:00,2013-07-25 00:00:00+00:00,107.0199966430664,106.33000183105469,1372.7789743910462,2013-07-25 00:00:00+00:00,106.33000183105469,stop,-1005.7868487869171,58.57647841832705,-1.0618410442397639,0
CADJPY,1,2013-07-18 00:00:00+00:00,2013-07-19 00:00:00+00:00,96.80999755859375,95.6050033569336,800.3480687429179,2013-07-26 00:00:00+00:00,95.6050033569336,stop,-995.2145770211021,30.79979487598182,-1.0319362534110839,5
GBPJPY,1,2013-07-18 00:00:00+00:00,2013-07-19 00:00:00+00:00,152.9669952392578,151.37899780273438,607.3150749263733,2013-07-26 00:00:00+00:00,151.37899780273438,stop,-1001.381564058688,36.96678191356779,-1.0383307914788942,5
EURJPY,1,2013-07-18 00:00:00+00:00,2013-07-19 00:00:00+00:00,131.75,130.5500030517578,803.6810289874826,2013-07-26 00:00:00+00:00,130.5500030517578,stop,-1006.5758894163315,42.161107271211314,-1.0437167783528096,5
GBPUSD,1,2013-07-26 00:00:00+00:00,2013-07-29 00:00:00+00:00,1.5391956567764282,1.533445119857788,91052.53129257855,2013-07-29 00:00:00+00:00,1.533445119857788,stop,-579.5552868266773,55.954344093067974,-1.1068644830945915,0
NZDUSD,1,2013-07-25 00:00:00+00:00,2013-07-26 00:00:00+00:00,0.8059965968132019,0.7962417006492615,98012.78032941399,2013-07-30 00:00:00+00:00,0.7962417006492615,stop,-987.512460909449,31.407966056912542,-1.032849930343395,2
USDJPY,-1,2013-07-26 00:00:00+00:00,2013-07-29 00:00:00+00:00,97.98100280761719,99.35299682617188,680.9925738678938,2013-08-01 00:00:00+00:00,99.35299682617188,stop,-961.1943356913636,26.876597664452007,-1.0287660145693154,3
GBPNZD,-1,2013-07-04 00:00:00+00:00,2013-07-05 00:00:00+00:00,1.9236899614334106,1.9630337627604604,26560.591916421832,2013-08-02 00:00:00+00:00,1.9132599830627441,max_hold,256.6440668644793,20.382332335899953,0.24559366547848108,20
AUDCAD,-1,2013-07-30 00:00:00+00:00,2013-07-31 00:00:00+00:00,0.933899998664856,0.9443699717521667,87386.49562618409,2013-08-08 00:00:00+00:00,0.9443699717521667,stop,-947.7613435114775,32.827086110928015,-1.035879174755347,6
AUDUSD,-1,2013-07-31 00:00:00+00:00,2013-08-01 00:00:00+00:00,0.8955758213996887,0.9072763323783875,81841.569344613,2013-08-08 00:00:00+00:00,0.9072763323783875,stop,-987.0978305428805,29.509649912302667,-1.0308166396674512,5
CHFJPY,-1,2013-08-09 00:00:00+00:00,2013-08-12 00:00:00+00:00,104.125,105.29299926757812,760.6631759120056,2013-08-13 00:00:00+00:00,105.29299926757812,stop,-920.3133444220758,31.85931208320281,-1.0358592689363257,1
EURJPY,-1,2013-08-09 00:00:00+00:00,2013-08-12 00:00:00+00:00,128.11399841308594,129.6719970703125,570.2534005519846,2013-08-13 00:00:00+00:00,129.6719970703125,stop,-917.8547004466903,29.4006681078173,-1.0330919406493315,1
CADCHF,-1,2013-08-02 00:00:00+00:00,2013-08-05 00:00:00+00:00,0.89410001039505,0.905323420651257,83992.59083364665,2013-08-14 00:00:00+00:00,0.905323420651257,stop,-972.9109526038168,30.22764719606981,-1.0320655378351007,7
AUDCHF,-1,2013-07-30 00:00:00+00:00,2013-07-31 00:00:00+00:00,0.8431000113487244,0.857420027256012,63891.986107007775,2013-08-15 00:00:00+00:00,0.857420027256012,stop,-936.664177936794,21.72992053624443,-1.0237502534859522,11
GBPCHF,1,2013-08-14 00:00:00+00:00,2013-08-15 00:00:00+00:00,1.4489500522613525,1.4401999711990356,87029.11795457178,2013-08-20 00:00:00+00:00,1.4401999711990356,stop,-811.7998725204793,50.28803563603759,-1.0660371030367435,3
EURUSD,1,2013-07-25 00:00:00+00:00,2013-07-26 00:00:00+00:00,1.3275980949401855,1.3168394565582275,88868.54087929026,2013-08-23 00:00:00+00:00,1.3356306552886963,max_hold,666.5064670848697,47.3354506121233,0.6971063002770084,20
CHFJPY,1,2013-08-23 00:00:00+00:00,2013-08-26 00:00:00+00:00,107.15499877929688,106.73934784531593,1203.0342217791806,2013-08-26 00:00:00+00:00,106.73934784531593,stop,-551.5067416604534,51.464443766901475,-1.1029201809200893,0
GBPUSD,1,2013-08-15 00:00:00+00:00,2013-08-16 00:00:00+00:00,1.563966155052185,1.5511090755462646,66375.14611992073,2013-08-27 00:00:00+00:00,1.5511090755462646,stop,-894.743245602009,41.35271472110357,-1.048456964572149,7
EURAUD,1,2013-07-30 00:00:00+00:00,2013-07-31 00:00:00+00:00,1.4621000289916992,1.440000057220459,41399.79303463174,2013-08-28 00:00:00+00:00,1.497059941291809,max_hold,1422.831411668204,24.50172206522085,1.5551187423134187,20
AUDJPY,-1,2013-07-30 00:00:00+00:00,2013-07-31 00:00:00+00:00,88.87899780273438,90.29499816894531,646.1398451815473,2013-08-28 00:00:00+00:00,86.63400268554688,max_hold,1427.8996088602914,22.681188592569377,1.5606581536438968,20
EURNZD,1,2013-08-27 00:00:00+00:00,2013-08-28 00:00:00+00:00,1.7244000434875488,1.7055699825286865,46321.13610581794,2013-08-28 00:00:00+00:00,1.7055699825286865,stop,-904.0058382391043,31.776021682794784,-1.0364307904632877,0
NZDCHF,-1,2013-08-27 00:00:00+00:00,2013-08-28 00:00:00+00:00,0.7117800116539001,0.7229200005531311,78297.18902291935,2013-08-29 00:00:00+00:00,0.7229200005531311,stop,-894.6964121657012,22.466595609391725,-1.0257576560476838,1
AUDCHF,-1,2013-08-27 00:00:00+00:00,2013-08-28 00:00:00+00:00,0.8203499913215637,0.8308500051498413,83069.39693805996,2013-08-29 00:00:00+00:00,0.8308500051498413,stop,-899.6626541425107,27.432837586201273,-1.0314513870834066,1
NZDJPY,-1,2013-08-27 00:00:00+00:00,2013-08-28 00:00:00+00:00,75.19300079345703,76.74491882324219,562.0334320602351,2013-09-02 00:00:00+00:00,76.74491882324219,stop,-889.3086546407626,17.078838084453118,-1.0195806629861415,3
CADCHF,-1,2013-08-20 00:00:00+00:00,2013-08-21 00:00:00+00:00,0.881600022315979,0.893224153900519,74531.95627348733,2013-09-04 00:00:00+00:00,0.893224153900519,stop,-892.8254905551782,26.45622357897924,-1.0305368906624732,10
EURCAD,1,2013-08-20 00:00:00+00:00,2013-08-21 00:00:00+00:00,1.3947999477386475,1.380855810828507,62131.437216896105,2013-09-04 00:00:00+00:00,1.380855810828507,stop,-900.8603632760253,34.49109629982626,-1.0398110801185354,10
EURGBP,-1,2013-09-02 00:00:00+00:00,2013-09-03 00:00:00+00:00,0.8482999801635742,0.8511300086975098,144874.94562701177,2013-09-04 00:00:00+00:00,0.8426399230957031,target,771.0054946449619,48.99496530864647,1.880500151642797,1
GBPCHF,1,2013-09-04 00:00:00+00:00,2013-09-05 00:00:00+00:00,1.4615000486373901,1.4567634793929756,84097.43230243477,2013-09-05 00:00:00+00:00,1.4709731871262193,target,747.3439288712311,49.3226938846664,1.8761773307031615,0
AUDNZD,1,2013-09-03 00:00:00+00:00,2013-09-04 00:00:00+00:00,1.1603000164031982,1.1486999988555908,70516.24364047647,2013-09-06 00:00:00+00:00,1.1486999988555908,stop,-850.5540651492579,32.56440152837054,-1.0398102848686646,2
CADJPY,1,2013-09-05 00:00:00+00:00,2013-09-06 00:00:00+00:00,95.31300354003906,94.8874740600586,1300.4858693389222,2013-09-06 00:00:00+00:00,94.8874740600586,stop,-602.8656823938277,49.47060669208824,-1.0893947359928284,0
NZDJPY,1,2013-09-09 00:00:00+00:00,2013-09-10 00:00:00+00:00,79.91999816894531,79.25299835205078,1229.5292690015044,2013-09-11 00:00:00+00:00,81.25399780273438,target,1600.5579654911185,39.63362908982215,1.951671951958822,1
CHFJPY,1,2013-09-10 00:00:00+00:00,2013-09-11 00:00:00+00:00,107.27999877929688,106.66600036621094,1189.7416157755893,2013-09-12 00:00:00+00:00,106.66600036621094,stop,-781.4075558109308,50.90809174241986,-1.0696894306518552,1
USDJPY,1,2013-09-02 00:00:00+00:00,2013-09-03 00:00:00+00:00,99.5719985961914,98.35399627685547,672.6720277982033,2013-09-18 00:00:00+00:00,98.35399627685547,stop,-845.9439460756657,26.627856065045847,-1.0325001014745123,11
GBPUSD,1,2013-09-11 00:00:00+00:00,2013-09-12 00:00:00+00:00,1.582453727722168,1.5719810724258423,80830.9399066876,2013-09-18 00:00:00+00:00,1.6033990383148193,target,1641.526047144892,51.50309469661805,1.9391586436124801,4
GBPJPY,1,2013-09-02 00:00:00+00:00,2013-09-03 00:00:00+00:00,154.75999450683594,152.58999633789062,377.5653370292166,2013-09-19 00:00:00+00:00,159.09999084472656,target,1614.93164979139,23.700530229849537,1.9710727880010968,12
AUDJPY,1,2013-09-04 00:00:00+00:00,2013-09-05 00:00:00+00:00,91.4000015258789,89.9800033569336,577.0354924310776,2013-09-19 00:00:00+00:00,94.23999786376953,target,1617.3545116446317,21.424173692542148,1.9738534874974478,10
NZDCAD,1,2013-09-13 00:00:00+00:00,2013-09-16 00:00:00+00:00,0.8445000052452087,0.836899995803833,110546.50703590307,2013-09-19 00:00:00+00:00,0.8597000241279602,target,1642.6303222604067,37.67867210753745,1.9551526865191715,3
USDCAD,-1,2013-09-18 00:00:00+00:00,2013-09-19 00:00:00+00:00,1.0220500230789185,1.0304641723632812,103330.49386246812,2013-09-23 00:00:00+00:00,1.0304641723632812,stop,-911.8556620806938,42.41746109495379,-1.0487872065511525,2
AUDJPY,1,2013-09-19 00:00:00+00:00,2013-09-20 00:00:00+00:00,93.86000061035156,93.0510025024414,1092.22374660112,2013-09-23 00:00:00+00:00,93.0510025024414,stop,-924.4366716350137,40.829727220165665,-1.0462080198421306,1
EURJPY,1,2013-09-19 00:00:00+00:00,2013-09-20 00:00:00+00:00,134.5,132.86190897226334,539.4126025070292,2013-09-24 00:00:00+00:00,132.86190897226334,stop,-912.4506210408431,28.8436766259952,-1.0326431076716993,2
EURAUD,-1,2013-09-04 00:00:00+00:00,2013-09-05 00:00:00+00:00,1.4396799802780151,1.4562000036239624,49599.76905054445,2013-10-03 00:00:00+00:00,1.4478000402450562,max_hold,-431.39676747300706,28.64366843120114,-0.5264856949054698,20
GBPUSD,1,2013-09-27 00:00:00+00:00,2013-09-30 00:00:00+00:00,1.6168670654296875,1.6032065153121948,62463.30185541773,2013-10-07 00:00:00+00:00,1.6032065153121948,stop,-893.5103511141144,40.22728561410721,-1.0471441274772455,5
EURCHF,-1,2013-09-26 00:00:00+00:00,2013-09-27 00:00:00+00:00,1.2276699542999268,1.2310999631881714,103671.2565633253,2013-10-09 00:00:00+00:00,1.2310999631881714,stop,-406.57408485691406,50.98075338921896,-1.143368136794912,8
USDJPY,-1,2013-10-07 00:00:00+00:00,2013-10-09 00:00:00+00:00,96.91600036621094,97.30526950955391,1296.5095223696178,2013-10-09 00:00:00+00:00,97.30526950955391,stop,-555.0530962769564,50.36194516812971,-1.0997876524236307,0
USDCAD,1,2013-10-09 00:00:00+00:00,2013-10-10 00:00:00+00:00,1.039199948310852,1.0355000495910645,117878.74185238489,2013-10-14 00:00:00+00:00,1.0355000495910645,stop,-485.05201116457624,48.9126050947647,-1.1121490156909495,2
GBPCAD,1,2013-09-25 00:00:00+00:00,2013-09-26 00:00:00+00:00,1.6586999893188477,1.646299958229065,68316.42658126545,2013-10-16 00:00:00+00:00,1.646299958229065,stop,-892.2829708040986,45.15715725354863,-1.0533063171151424,14
CHFJPY,1,2013-09-18 00:00:00+00:00,2013-09-19 00:00:00+00:00,107.62000274658203,106.62999725341797,878.2155321249897,2013-10-17 00:00:00+00:00,108.23999786376953,max_hold,506.5750206956116,37.91432106010411,0.5826463802962346,20
AUDCAD,1,2013-10-08 00:00:00+00:00,2013-10-09 00:00:00+00:00,0.978600025177002,0.9717000126838684,42300.22337847643,2013-10-17 00:00:00+00:00,0.992400050163269,target,567.0693908544766,16.67474869317747,1.942869666473744,6
NZDCAD,1,2013-10-15 00:00:00+00:00,2013-10-16 00:00:00+00:00,0.8713799715042114,0.8650000095367432,129219.0233758595,2013-10-23 00:00:00+00:00,0.8650000095367432,stop,-869.2871196832771,44.87466507190112,-1.0544322988097685,5
AUDJPY,1,2013-10-16 00:00:00+00:00,2013-10-17 00:00:00+00:00,94.44029998779297,93.51000213623047,881.4383795324026,2013-10-23 00:00:00+00:00,93.51000213623047,stop,-853.1335527110905,33.13332194736494,-1.0404064788085554,4
GBPAUD,-1,2013-10-14 00:00:00+00:00,2013-10-15 00:00:00+00:00,1.6792000532150269,1.6919000148773193,64579.971911316556,2013-10-25 00:00:00+00:00,1.6919000148773193,stop,-863.7042769671737,43.541109541528215,-1.0530883503074107,8
AUDCAD,1,2013-10-17 00:00:00+00:00,2013-10-18 00:00:00+00:00,0.9901999831199646,0.9836000204086304,123564.40457264382,2013-10-28 00:00:00+00:00,1.003399908542633,target,1581.7733285414565,49.26759671387522,1.9395875407526484,6
GBPCHF,-1,2013-10-23 00:00:00+00:00,2013-10-24 00:00:00+00:00,1.4422999620437622,1.453410029411316,73372.1234417744,2013-10-31 00:00:00+00:00,1.453410029411316,stop,-857.6621125275046,42.492878188924294,-1.0521276765595828,5
EURGBP,1,2013-10-23 00:00:00+00:00,2013-10-24 00:00:00+00:00,0.852400004863739,0.8482900261878967,143448.36280278236,2013-10-31 00:00:00+00:00,0.8482900261878967,stop,-638.3619523217972,48.79224011787405,-1.0827590683644168,5
USDCAD,1,2013-10-25 00:00:00+00:00,2013-10-28 00:00:00+00:00,1.0440800189971924,1.0408999919891357,115990.51600601089,2013-11-04 00:00:00+00:00,1.0408999919891357,stop,-417.2205550448452,48.36758146730449,-1.1311297046033888,5
EURJPY,-1,2013-11-07 00:00:00+00:00,2013-11-08 00:00:00+00:00,131.61000061035156,133.0855079293251,543.9270485549027,2013-11-11 00:00:00+00:00,133.0855079293251,stop,-831.3633504755809,28.79500934514508,-1.0358785761528877,1
EURGBP,-1,2013-11-05 00:00:00+00:00,2013-11-06 00:00:00+00:00,0.8396000266075134,0.845921620959416,124891.63593770184,2013-11-13 00:00:00+00:00,0.845921620959416,stop,-831.6157715382611,42.10151119460887,-1.0533258400884151,5
GBPAUD,1,2013-11-07 00:00:00+00:00,2013-11-08 00:00:00+00:00,1.7009999752044678,1.687600016593933,59893.34478238457,2013-11-14 00:00:00+00:00,1.727799892425537,target,1564.06422372852,41.07245853235169,1.9488237245011433,4
EURUSD,-1,2013-11-07 00:00:00+00:00,2013-11-08 00:00:00+00:00,1.3408960103988647,1.3530993461608887,65766.30822762265,2013-11-18 00:00:00+00:00,1.3530993461608887,stop,-838.0031669270944,35.434825796658586,-1.044151786185271,6
AUDNZD,-1,2013-11-13 00:00:00+00:00,2013-11-14 00:00:00+00:00,1.1292599439620972,1.1331000328063965,102911.82397031169,2013-11-18 00:00:00+00:00,1.1215797662734985,target,744.0534903407472,46.327604009030594,1.8827714773538635,2
EURJPY,1,2013-11-19 00:00:00+00:00,2013-11-20 00:00:00+00:00,135.822998046875,134.61500549316406,654.400426231748,2013-11-20 00:00:00+00:00,134.61500549316406,stop,-825.9057909903883,35.394948957172915,-1.0447747798956637,0
GBPJPY,1,2013-11-14 00:00:00+00:00,2013-11-15 00:00:00+00:00,160.83200073242188,159.22960275411606,496.33259601008007,2013-11-22 00:00:00+00:00,164.0367966890335,target,1558.396102110287,32.248594717372754,1.9594521708315018,5
CHFJPY,1,2013-11-19 00:00:00+00:00,2013-11-20 00:00:00+00:00,110.17870330810547,109.16999816894531,783.6887226443512,2013-11-27 00:00:00+00:00,112.19611358642578,target,1546.1671568263614,34.85452724006934,1.9559088561639173,5
GBPAUD,1,2013-11-21 00:00:00+00:00,2013-11-22 00:00:00+00:00,1.753100037574768,1.7330124867148697,40608.27931568699,2013-11-27 00:00:00+00:00,1.7932751392945647,target,1602.6393134255336,28.802438748105743,1.9646908157036793,3
EURAUD,1,2013-11-21 00:00:00+00:00,2013-11-22 00:00:00+00:00,1.4595999717712402,1.4424102306365967,47453.936024833245,2013-11-27 00:00:00+00:00,1.4939794540405273,target,1603.4099583502923,28.031793823347066,1.9656355566651411,3
USDJPY,1,2013-11-14 00:00:00+00:00,2013-11-15 00:00:00+00:00,100.20800018310547,99.20386505126953,792.0471291146649,2013-11-28 00:00:00+00:00,102.21627044677734,target,1558.5787843445542,32.065912483105734,1.959681866670719,9
GBPCHF,1,2013-11-05 00:00:00+00:00,2013-11-06 00:00:00+00:00,1.4656000137329102,1.4537030458450317,66362.64532142451,2013-12-02 00:00:00+00:00,1.489393949508667,target,1539.8082774253944,39.22024326191027,1.950323578392569,18
EURNZD,1,2013-11-28 00:00:00+00:00,2013-11-29 00:00:00+00:00,1.6764999628067017,1.6603000164031982,54633.303755009445,2013-12-02 00:00:00+00:00,1.6603000164031982,stop,-921.5166740442518,36.460081366776734,-1.0411951977629788,1
NZDJPY,1,2013-12-02 00:00:00+00:00,2013-12-03 00:00:00+00:00,84.30000305175781,83.44499969482422,1026.294861665614,2013-12-05 00:00:00+00:00,83.44499969482422,stop,-911.9167188055784,34.43116687778029,-1.0392384430742323,2
GBPNZD,1,2013-11-27 00:00:00+00:00,2013-11-28 00:00:00+00:00,1.9950200319290161,1.9754999876022339,44473.60996704986,2013-12-09 00:00:00+00:00,1.9694000482559204,stop_gap,-1174.675575717781,35.26241447833708,-1.3531151490723439,7
EURJPY,1,2013-11-27 00:00:00+00:00,2013-11-28 00:00:00+00:00,138.70599365234375,137.34800720214844,639.2750368046593,2013-12-09 00:00:00+00:00,141.42196655273438,target,1700.437913443651,35.81576241402309,1.958743629560547,7
GBPJPY,1,2013-11-27 00:00:00+00:00,2013-11-28 00:00:00+00:00,166.38999938964844,164.62759906053543,492.58209022563796,2013-12-10 00:00:00+00:00,169.91480004787445,target,1703.1221316457043,33.131544211969796,1.961835595025475,8
AUDUSD,-1,2013-12-04 00:00:00+00:00,2013-12-05 00:00:00+00:00,0.9034240245819092,0.9139096736907959,83761.73079117227,2013-12-10 00:00:00+00:00,0.9139096736907959,stop,-908.7407210277535,30.444603198488764,-1.034663256025466,3
AUDCHF,-1,2013-11-26 00:00:00+00:00,2013-11-27 00:00:00+00:00,0.8270400166511536,0.8375300168991089,80002.75681253658,2013-12-11 00:00:00+00:00,0.8060600161552429,target,1652.327376646205,26.13050095503113,1.9688636798054469,10
EURCAD,1,2013-12-09 00:00:00+00:00,2013-12-10 00:00:00+00:00,1.4611899852752686,1.4565831422805786,91365.19390610233,2013-12-12 00:00:00+00:00,1.4565831422805786,stop,-474.22168501944657,53.316581514630926,-1.1266712640703842,2
EURCHF,-1,2013-12-10 00:00:00+00:00,2013-12-11 00:00:00+00:00,1.22107994556427,1.2237999439239502,108809.83589644033,2013-12-12 00:00:00+00:00,1.2237999439239502,stop,-349.1679710677309,53.20539591234409,-1.1797706885217163,1
CHFJPY,1,2013-12-12 00:00:00+00:00,2013-12-13 00:00:00+00:00,116.33999633789062,115.53730010986328,1116.538807435374,2013-12-27 00:00:00+00:00,117.94538879394531,target,1740.1652334461196,52.31774490292749,1.9416253927821236,10
EURAUD,1,2013-12-27 00:00:00+00:00,2013-12-30 00:00:00+00:00,1.5529999732971191,1.5401099920272827,72331.15417436024,2013-12-31 00:00:00+00:00,1.5401099920272827,stop,-977.0928652891802,44.74564275602587,-1.047992466405867,1
CADJPY,1,2013-12-31 00:00:00+00:00,2014-01-01 00:00:00+00:00,99.03299713134766,98.41600036621094,1382.6465887502761,2014-01-01 00:00:00+00:00,98.41600036621094,stop,-907.6889091546717,54.600436568432244,-1.064003252092839,0
GBPUSD,1,2014-01-01 00:00:00+00:00,2014-01-02 00:00:00+00:00,1.6576601266860962,1.6536965370178223,82540.47519593577,2014-01-02 00:00:00+00:00,1.6536965370178223,stop,-381.82076521410124,54.66419051306998,-1.1670887725946644,0
EURUSD,1,2013-12-05 00:00:00+00:00,2013-12-06 00:00:00+00:00,1.367091417312622,1.3555078506469727,74248.83690755075,2014-01-03 00:00:00+00:00,1.366624355316162,max_hold,-75.27385331157342,40.595043310702735,-0.08752098384274981,20
AUDCHF,-1,2013-12-11 00:00:00+00:00,2013-12-12 00:00:00+00:00,0.8022300004959106,0.8125200271606445,86470.35188213049,2014-01-03 00:00:00+00:00,0.8125200271606445,stop,-917.7078271946732,27.925600618628454,-1.031384758859579,16
EURCHF,1,2014-01-02 00:00:00+00:00,2014-01-03 00:00:00+00:00,1.2286299467086792,1.2265000343322754,107750.30687875398,2014-01-06 00:00:00+00:00,1.2328897714614868,target,405.9515233605452,53.04590100418788,1.7688618794425477,1
AUDNZD,-1,2013-12-11 00:00:00+00:00,2013-12-12 00:00:00+00:00,1.092900037765503,1.1032873392105103,85660.57616472854,2014-01-09 00:00:00+00:00,1.0755000114440918,max_hold,1453.3470004593357,37.149279514183924,1.633373826820451,20
GBPAUD,1,2013-12-12 00:00:00+00:00,2013-12-13 00:00:00+00:00,1.8308000564575195,1.8056774139404297,35674.65041007726,2014-01-10 00:00:00+00:00,1.8516499996185303,max_hold,717.540409658423,26.274023680616494,0.8006105701704439,20
AUDUSD,-1,2013-12-12 00:00:00+00:00,2013-12-13 00:00:00+00:00,0.892299473285675,0.9055473208427429,67651.85705177962,2014-01-10 00:00:00+00:00,0.889758825302124,max_hold,147.7676435472862,24.11191065479988,0.16487480810934843,20
EURCHF,1,2014-01-07 00:00:00+00:00,2014-01-08 00:00:00+00:00,1.2380000352859497,1.2329683868447319,107359.47890446373,2014-01-10 00:00:00+00:00,1.2329683868447319,stop,-593.2515311174715,53.05637643786699,-1.0982170535560158,2
AUDUSD,1,2014-01-10 00:00:00+00:00,2014-01-13 00:00:00+00:00,0.9013068675994873,0.8907859970349818,83863.9549167086,2014-01-15 00:00:00+00:00,0.8907859970349818,stop,-912.3802137474643,30.05839904125206,-1.0340673873639412,2
AUDCAD,1,2014-01-10 00:00:00+00:00,2014-01-13 00:00:00+00:00,0.9827600121498108,0.9716842174530029,79662.16771429547,2014-01-16 00:00:00+00:00,0.9716842174530029,stop,-913.4608675075834,31.13905280137127,-1.0352921714983774,3
EURCAD,1,2014-01-10 00:00:00+00:00,2014-01-13 00:00:00+00:00,1.4907000064849854,1.4744000434875488,54130.29556232575,2014-01-23 00:00:00+00:00,1.5232999324798584,target,1732.0138879082247,32.62974150419976,1.9630183217049162,8
CADJPY,-1,2014-01-10 00:00:00+00:00,2014-01-13 00:00:00+00:00,95.27400207519531,96.40403363108635,780.7939611124363,2014-01-23 00:00:00+00:00,93.01393896341324,target,1735.2408119497763,29.402817462648002,1.9666756313030316,8
NZDCAD,1,2014-01-10 00:00:00+00:00,2014-01-13 00:00:00+00:00,0.9053699970245361,0.8945221900939941,81336.42314577298,2014-01-23 00:00:00+00:00,0.9270656108856201,target,1734.8348778139518,29.808751598472444,1.9662155563858545,8
EURNZD,-1,2014-01-03 00:00:00+00:00,2014-01-06 00:00:00+00:00,1.6441999673843384,1.6665858807973564,38734.504063638815,2014-01-24 00:00:00+00:00,1.6665858807973564,stop,-892.7555836428584,25.64832957804635,-1.0295791892615505,14
NZDCHF,1,2014-01-03 00:00:00+00:00,2014-01-06 00:00:00+00:00,0.7479000091552734,0.7373650074005127,82307.2719160173,2014-01-24 00:00:00+00:00,0.7373650074005127,stop,-891.5568763818129,24.44962231700101,-1.0281967682802635,14
GBPUSD,1,2014-01-23 00:00:00+00:00,2014-01-24 00:00:00+00:00,1.6633952856063843,1.6558758020401,83691.34680390127,2014-01-24 00:00:00+00:00,1.6558758020401,stop,-684.8745604786025,55.5588535464769,-1.088284549288183,0
NZDJPY,-1,2014-01-24 00:00:00+00:00,2014-01-27 00:00:00+00:00,84.01499938964844,85.27848514914513,724.9672641675226,2014-01-28 00:00:00+00:00,85.27848514914513,stop,-940.5322612424342,24.54644686549519,-1.0267978460803915,1
GBPJPY,-1,2014-01-24 00:00:00+00:00,2014-01-27 00:00:00+00:00,168.31300354003906,170.75546264648438,375.0260595806001,2014-01-28 00:00:00+00:00,170.75546264648438,stop,-941.4177165373329,25.431902160393967,-1.0277645153027757,1
USDJPY,-1,2014-01-24 00:00:00+00:00,2014-01-27 00:00:00+00:00,102.072998046875,103.18336293101311,824.9412670213808,2014-01-28 00:00:00+00:00,103.18336293101311,stop,-949.8507028747983,33.86488849785939,-1.0369709748407998,1
AUDCHF,-1,2014-01-24 00:00:00+00:00,2014-01-27 00:00:00+00:00,0.7772799730300903,0.7882999777793884,83120.27401215788,2014-01-28 00:00:00+00:00,0.7882999777793884,stop,-942.0121012767838,26.02628689984491,-1.028413416988939,1
CADCHF,-1,2014-01-22 00:00:00+00:00,2014-01-23 00:00:00+00:00,0.8212000131607056,0.8309745786245912,92366.82492135325,2014-01-29 00:00:00+00:00,0.8016508822329342,target,1775.7116368644095,29.979516905657142,1.9667944134930677,4
CADCHF,-1,2014-01-29 00:00:00+00:00,2014-01-30 00:00:00+00:00,0.8001999855041504,0.8084200024604797,106689.82411221918,2014-01-30 00:00:00+00:00,0.8084200024604797,stop,-911.3168399861064,34.32467671586931,-1.0391390917199022,0
GBPAUD,1,2014-01-23 00:00:00+00:00,2014-01-24 00:00:00+00:00,1.8983999490737915,1.871899962425232,35021.85203987019,2014-01-31 00:00:00+00:00,1.871899962425232,stop,-954.4871885936795,26.408577129290894,-1.0284551080081692,5
GBPNZD,1,2014-01-31 00:00:00+00:00,2014-02-03 00:00:00+00:00,2.0280001163482666,2.015199899673462,63976.58183857505,2014-02-03 00:00:00+00:00,2.015199899673462,stop,-870.6481329900835,51.73402334294842,-1.0631739308597823,0
AUDUSD,-1,2014-01-16 00:00:00+00:00,2014-01-17 00:00:00+00:00,0.8820675611495972,0.8906305432319641,102597.19922113782,2014-02-04 00:00:00+00:00,0.8906305432319641,stop,-914.9127507464686,36.37477211483368,-1.0414037560123344,12
EURJPY,-1,2014-01-29 00:00:00+00:00,2014-01-30 00:00:00+00:00,139.64999389648438,141.22999572753906,555.0576879299088,2014-02-04 00:00:00+00:00,136.489990234375,target,1723.329602313139,30.6547242273353,1.9650456121374835,3
EURNZD,1,2014-02-03 00:00:00+00:00,2014-02-04 00:00:00+00:00,1.6749000549316406,1.660099983215332,59009.760584107906,2014-02-04 00:00:00+00:00,1.660099983215332,stop,-912.7081993668058,39.359510759808714,-1.0450673497003673,0
AUDJPY,-1,2014-02-03 00:00:00+00:00,2014-02-04 00:00:00+00:00,88.47799682617188,89.8280029296875,646.9220297098375,2014-02-04 00:00:00+00:00,89.8280029296875,stop,-896.4187044612976,23.07001585430047,-1.0264155842394376,0
CADJPY,-1,2014-01-29 00:00:00+00:00,2014-01-30 00:00:00+00:00,91.43000030517578,92.70288845896721,688.9781797858878,2014-02-07 00:00:00+00:00,92.70288845896721,stop,-902.3648717781243,25.37270850788732,-1.0289315111018489,6
NZDUSD,1,2014-02-14 00:00:00+00:00,2014-02-17 00:00:00+00:00,0.838082492351532,0.8335416913032532,147800.06165509127,2014-02-18 00:00:00+00:00,0.8335416913032532,stop,-720.5439063807747,49.41323148166377,-1.0736268409860596,1
GBPUSD,1,2014-02-14 00:00:00+00:00,2014-02-17 00:00:00+00:00,1.6764459609985352,1.6646136045455933,69790.91304100088,2014-02-19 00:00:00+00:00,1.6646136045455933,stop,-872.4260797981323,46.63511952073889,-1.0564732744290075,2
CADCHF,-1,2014-02-21 00:00:00+00:00,2014-02-24 00:00:00+00:00,0.79830002784729,0.802010178565979,152777.34142247905,2014-02-24 00:00:00+00:00,0.802010178565979,stop,-615.7251908354156,48.89822775741558,-1.0862665874112394,0
USDCHF,-1,2014-02-18 00:00:00+00:00,2014-02-19 00:00:00+00:00,0.8877999782562256,0.8927099704742432,137344.01660721796,2014-02-26 00:00:00+00:00,0.8927099704742432,stop,-723.266530326268,48.90847759355086,-1.0725259784403225,5
EURCHF,-1,2014-01-29 00:00:00+00:00,2014-01-30 00:00:00+00:00,1.2222000360488892,1.2283936738967896,107632.81018695167,2014-02-27 00:00:00+00:00,1.2187000513076782,max_hold,324.16900615043136,52.544187157552635,0.48627394718608047,20
NZDCAD,1,2014-02-27 00:00:00+00:00,2014-02-28 00:00:00+00:00,0.9303399920463562,0.9231699705123901,111479.2745902151,2014-03-03 00:00:00+00:00,0.9231699705123901,stop,-840.6343886171153,41.325589214357166,-1.0517016567880093,1
EURCHF,-1,2014-02-27 00:00:00+00:00,2014-02-28 00:00:00+00:00,1.2175999879837036,1.2190842628479004,98469.38328979224,2014-03-03 00:00:00+00:00,1.2115999460220337,target,542.9800678006827,47.840363877829795,3.7150814231788614,1
USDCHF,-1,2014-02-28 00:00:00+00:00,2014-03-03 00:00:00+00:00,0.8794999718666077,0.8876850581727922,97566.9391008846,2014-03-05 00:00:00+00:00,0.8876850581727922,stop,-833.0775840121603,34.48376684116981,-1.0431806083389528,2
AUDCHF,-1,2014-02-28 00:00:00+00:00,2014-03-03 00:00:00+00:00,0.7831000089645386,0.7954813241958618,64499.91800149341,2014-03-05 00:00:00+00:00,0.7954813241958618,stop,-818.9574904804973,20.363673309506794,-1.025499412682213,2
AUDNZD,-1,2014-02-28 00:00:00+00:00,2014-03-03 00:00:00+00:00,1.0647200345993042,1.0707000494003296,112507.57822053184,2014-03-05 00:00:00+00:00,1.0707000494003296,stop,-720.847171413159,48.05018842685669,-1.0714185551391437,2
NZDJPY,1,2014-03-05 00:00:00+00:00,2014-03-06 00:00:00+00:00,86.10299682617188,85.52799987792969,1343.6652770026824,2014-03-06 00:00:00+00:00,87.25299072265625,target,1498.6203832650979,46.586484205973946,1.9397019451742166,0
GBPJPY,1,2014-03-06 00:00:00+00:00,2014-03-07 00:00:00+00:00,172.4810028076172,171.052001953125,551.1470725103702,2014-03-11 00:00:00+00:00,171.052001953125,stop,-825.4570795451015,37.86744197691483,-1.0480801678572573,2
USDJPY,1,2014-03-06 00:00:00+00:00,2014-03-07 00:00:00+00:00,103.0469970703125,102.3239974975586,1089.3362420232932,2014-03-13 00:00:00+00:00,102.3239974975586,stop,-832.333251056817,44.743613488630174,-1.0568108204505884,4
EURJPY,1,2014-03-06 00:00:00+00:00,2014-03-07 00:00:00+00:00,142.83900451660156,141.09132432937622,450.64860454737004,2014-03-14 00:00:00+00:00,141.09132432937622,stop,-813.1801988648099,25.590561296623157,-1.0324922524065174,5
GBPJPY,-1,2014-03-14 00:00:00+00:00,2014-03-17 00:00:00+00:00,168.63800048828125,169.3692169189453,682.1146723071782,2014-03-17 00:00:00+00:00,169.3692169189453,stop,-544.8853924558798,46.111936467838305,-1.0924506625487782,0
NZDUSD,1,2014-03-06 00:00:00+00:00,2014-03-07 00:00:00+00:00,0.847529411315918,0.8409014344215393,118828.0602239515,2014-03-18 00:00:00+00:00,0.8607853651046753,target,1534.580128909579,40.5991462267945,1.9484513961456487,7
CHFJPY,1,2014-03-06 00:00:00+00:00,2014-03-07 00:00:00+00:00,117.04000091552734,115.72400665283203,598.4749781166292,2014-03-18 00:00:00+00:00,115.72400665283203,stop,-815.4503244353493,27.860686867162563,-1.0353746234564323,7
EURGBP,1,2014-03-18 00:00:00+00:00,2014-03-19 00:00:00+00:00,0.8392000198364258,0.8361999988555908,136874.9762308612,2014-03-19 00:00:00+00:00,0.8361999988555908,stop,-456.4918679910011,45.864067547130844,-1.1116925534451243,0
AUDNZD,-1,2014-03-11 00:00:00+00:00,2014-03-12 00:00:00+00:00,1.0599000453948975,1.0662000179290771,109488.61116345918,2014-03-24 00:00:00+00:00,1.0662000179290771,stop,-736.3319917608493,46.556748625576915,-1.0674955343627006,8
EURNZD,-1,2014-03-18 00:00:00+00:00,2014-03-19 00:00:00+00:00,1.61489999294281,1.6292599439620972,53326.775564332194,2014-03-27 00:00:00+00:00,1.5861800909042358,target,1497.399114401701,34.14065583895302,1.9554165598538933,6
GBPUSD,-1,2014-03-19 00:00:00+00:00,2014-03-20 00:00:00+00:00,1.6534391641616821,1.665389895439148,63166.08799230918,2014-03-31 00:00:00+00:00,1.665389895439148,stop,-796.8084331268833,41.927489682035755,-1.0555418573566084,7
NZDUSD,1,2014-03-27 00:00:00+00:00,2014-03-28 00:00:00+00:00,0.8667764663696289,0.8594757318496704,106517.32275482817,2014-04-02 00:00:00+00:00,0.8594757318496704,stop,-814.429847720526,36.775152510791344,-1.0472898225103278,3
GBPNZD,-1,2014-03-18 00:00:00+00:00,2014-03-19 00:00:00+00:00,1.923799991607666,1.947160005569458,32781.2254895409,2014-04-03 00:00:00+00:00,1.947160005569458,stop,-791.1488476260181,25.37896250569118,-1.0331417609895999,11
USDCHF,1,2014-04-03 00:00:00+00:00,2014-04-04 00:00:00+00:00,0.8909000158309937,0.8844799995422363,117015.55975365605,2014-04-08 00:00:00+00:00,0.8844799995422363,stop,-792.7912169113985,41.549417254870605,-1.0553076483149197,2
GBPAUD,-1,2014-03-24 00:00:00+00:00,2014-03-25 00:00:00+00:00,1.8071000576019287,1.8203999996185303,56658.49371919578,2014-04-10 00:00:00+00:00,1.7805001735687256,target,1466.455757393622,40.65360503295357,1.9460508891438406,12
AUDCAD,1,2014-03-18 00:00:00+00:00,2014-03-19 00:00:00+00:00,1.0160200595855713,1.0032570445910096,59999.136994403125,2014-04-16 00:00:00+00:00,1.0259000062942505,max_hold,568.2855877185767,24.502688352868816,0.74211012833089,20
GBPNZD,1,2014-04-17 00:00:00+00:00,2014-04-18 00:00:00+00:00,1.9564000368118286,1.9437799453735352,58830.048642104564,2014-04-24 00:00:00+00:00,1.9437799453735352,stop,-788.330148795597,45.8895556129855,-1.0618090605960422,4
EURAUD,1,2014-04-28 00:00:00+00:00,2014-04-29 00:00:00+00:00,1.4970200061798096,1.485700011253357,66776.45539564332,2014-04-30 00:00:00+00:00,1.485700011253357,stop,-795.7442303255368,39.835094040363664,-1.0526982571425563,1
AUDNZD,1,2014-04-02 00:00:00+00:00,2014-04-03 00:00:00+00:00,1.0783100128173828,1.0715999603271484,104848.53636549383,2014-05-01 00:00:00+00:00,1.0779000520706177,max_hold,-88.19887814564012,45.21509388001067,-0.12536455727686188,20
GBPUSD,1,2014-04-08 00:00:00+00:00,2014-04-09 00:00:00+00:00,1.6746772527694702,1.6636361244600266,67017.18655299343,2014-05-06 00:00:00+00:00,1.6967595093883574,target,1434.7018700508063,45.18884128823025,1.9389294885872452,19
AUDNZD,-1,2014-05-02 00:00:00+00:00,2014-05-05 00:00:00+00:00,1.070770025253296,1.0764299631118774,104921.42970396095,2014-05-07 00:00:00+00:00,1.0764299631118774,stop,-638.9062306858712,45.05745852792046,-1.0758736241285622,2
GBPUSD,1,2014-05-06 00:00:00+00:00,2014-05-07 00:00:00+00:00,1.6977063417434692,1.6880291104316711,66579.67351520703,2014-05-09 00:00:00+00:00,1.6880291104316711,stop,-689.3911334735924,45.08423220293655,-1.0699732256693582,2
EURGBP,-1,2014-04-16 00:00:00+00:00,2014-04-17 00:00:00+00:00,0.8226000070571899,0.8267499804496765,139899.5034078891,2014-05-12 00:00:00+00:00,0.8143000602722168,target,1115.3581322201037,45.80030130954485,1.9211127439856373,17
EURJPY,-1,2014-05-09 00:00:00+00:00,2014-05-12 00:00:00+00:00,140.19000244140625,140.79600524902344,801.8662302516176,2014-05-13 00:00:00+00:00,140.79600524902344,stop,-530.9958250139257,45.062638148035376,-1.092734226362835,1
AUDCHF,1,2014-05-12 00:00:00+00:00,2014-05-13 00:00:00+00:00,0.8308899998664856,0.8278394204098731,135401.31631727022,2014-05-13 00:00:00+00:00,0.8278394204098731,stop,-457.97130333967135,44.9188293839203,-1.1087484816486834,0
NZDCHF,1,2014-05-13 00:00:00+00:00,2014-05-14 00:00:00+00:00,0.7673199772834778,0.7641000151634216,145945.68950683586,2014-05-15 00:00:00+00:00,0.7737599015235901,target,894.8963904954545,44.982793099521714,1.9042796268187034,1
EURAUD,-1,2014-05-13 00:00:00+00:00,2014-05-14 00:00:00+00:00,1.4636000394821167,1.4748300313949585,66480.92834863435,2014-05-20 00:00:00+00:00,1.4748300313949585,stop,-785.650199513269,39.06991179989028,-1.0523318287970786,4
GBPJPY,-1,2014-05-15 00:00:00+00:00,2014-05-16 00:00:00+00:00,170.39700317382812,171.0030059814453,667.1982113988691,2014-05-21 00:00:00+00:00,171.0030059814453,stop,-449.8802844408717,45.5562950959912,-1.1126727483318646,3
GBPAUD,1,2014-05-21 00:00:00+00:00,2014-05-22 00:00:00+00:00,1.829390048980713,1.8221999406814575,60927.62029439445,2014-05-22 00:00:00+00:00,1.8221999406814575,stop,-482.5727260047952,44.4965376721897,-1.1015726005139683,0
AUDJPY,-1,2014-05-20 00:00:00+00:00,2014-05-21 00:00:00+00:00,93.48799896240234,94.48932647705078,747.0395682831137,2014-05-27 00:00:00+00:00,94.48932647705078,stop,-776.1165742616326,28.08530000866069,-1.0375456227237403,4
AUDCAD,-1,2014-05-22 00:00:00+00:00,2014-05-23 00:00:00+00:00,1.0049999952316284,1.0115599632263184,110447.68538922725,2014-06-03 00:00:00+00:00,1.0115599632263184,stop,-769.0781572129698,44.544875972055294,-1.0614807864943938,7
EURCAD,-1,2014-05-08 00:00:00+00:00,2014-05-09 00:00:00+00:00,1.4990999698638916,1.5130877494812012,53722.356232758204,2014-06-06 00:00:00+00:00,1.4917900562286377,max_hold,360.57025245685765,32.135531886949266,0.47982852272920967,20
CADCHF,1,2014-05-08 00:00:00+00:00,2014-05-09 00:00:00+00:00,0.8123000264167786,0.803872840013355,89170.50644579779,2014-06-06 00:00:00+00:00,0.8163999915122986,max_hold,336.5495628882107,29.046401089403147,0.44786301278454266,20
GBPUSD,-1,2014-05-28 00:00:00+00:00,2014-05-29 00:00:00+00:00,1.6713744401931763,1.6812649623025209,67742.29624403306,2014-06-06 00:00:00+00:00,1.6812649623025209,stop,-715.429777060037,45.42309832065631,-1.0677949933366635,6
NZDJPY,-1,2014-05-20 00:00:00+00:00,2014-05-21 00:00:00+00:00,86.68699645996094,87.60199737548828,817.5197003183958,2014-06-11 00:00:00+00:00,87.60199737548828,stop,-776.5282114548022,28.49693720183024,-1.0380959168188375,15
AUDCHF,1,2014-06-10 00:00:00+00:00,2014-06-11 00:00:00+00:00,0.842989981174469,0.8375999927520752,126881.51427504311,2014-06-18 00:00:00+00:00,0.8375999927520752,stop,-726.537053111727,42.64716015345103,-1.0623596877108008,5
EURCAD,-1,2014-06-11 00:00:00+00:00,2014-06-12 00:00:00+00:00,1.4709999561309814,1.4764100313186646,72569.01791926172,2014-06-19 00:00:00+00:00,1.4764100313186646,stop,-435.38197287845736,42.77812963892887,-1.108960037899654,5
CADJPY,1,2014-06-19 00:00:00+00:00,2014-06-20 00:00:00+00:00,94.19000244140625,93.9520034790039,1113.2876558818364,2014-06-20 00:00:00+00:00,94.66600036621094,target,487.87240257744804,42.050211332981135,1.8412967847411446,0
NZDJPY,1,2014-06-18 00:00:00+00:00,2014-06-19 00:00:00+00:00,88.81300354003906,88.41600036621094,1194.6770573022395,2014-06-24 00:00:00+00:00,88.41600036621094,stop,-516.636868419699,42.346284971065174,-1.0892834191713427,3
EURAUD,-1,2014-06-10 00:00:00+00:00,2014-06-11 00:00:00+00:00,1.444599986076355,1.4546699523925781,70811.12420259696,2014-06-25 00:00:00+00:00,1.4546699523925781,stop,-754.1257482760006,41.06011274195585,-1.0575825151231755,10
AUDNZD,-1,2014-06-25 00:00:00+00:00,2014-06-26 00:00:00+00:00,1.075700044631958,1.080340027809143,97176.32442531295,2014-07-01 00:00:00+00:00,1.080340027809143,stop,-492.799720464832,41.90320991070234,-1.0929330986820132,3
USDCAD,-1,2014-06-26 00:00:00+00:00,2014-06-27 00:00:00+00:00,1.069200038909912,1.0724600553512573,99310.66099065838,2014-07-02 00:00:00+00:00,1.0626800060272217,target,605.165091977714,42.34368328310025,1.8692104728123742,3
EURNZD,-1,2014-06-11 00:00:00+00:00,2014-06-12 00:00:00+00:00,1.5722299814224243,1.586899995803833,48511.20996444985,2014-07-10 00:00:00+00:00,1.5461299419403076,max_hold,1235.889412799999,30.25508259739505,1.7366286654585934,20
GBPJPY,1,2014-07-01 00:00:00+00:00,2014-07-02 00:00:00+00:00,174.1199951171875,173.27000427246094,603.1908589091239,2014-07-10 00:00:00+00:00,173.27000427246094,stop,-554.6152021171634,41.908494421656414,-1.0817397037967866,6
EURGBP,-1,2014-07-02 00:00:00+00:00,2014-07-03 00:00:00+00:00,0.7954999804496765,0.7979000210762024,132997.35644321333,2014-07-15 00:00:00+00:00,0.7979000210762024,stop,-361.5826562761662,42.3835975919108,-1.132781085779566,8
AUDNZD,-1,2014-07-10 00:00:00+00:00,2014-07-11 00:00:00+00:00,1.065000057220459,1.0683000087738037,99695.01190396304,2014-07-15 00:00:00+00:00,1.0683000087738037,stop,-371.52458448800843,42.53587509480463,-1.1292928112130627,2
EURCAD,-1,2014-06-20 00:00:00+00:00,2014-06-23 00:00:00+00:00,1.461300015449524,1.4730404615402222,60174.35408393391,2014-07-21 00:00:00+00:00,1.4528000354766846,max_hold,476.4099869318936,35.07081766008871,0.6743491602867413,20
AUDJPY,-1,2014-07-10 00:00:00+00:00,2014-07-11 00:00:00+00:00,95.06099700927734,95.76499938964844,1005.443507414922,2014-07-23 00:00:00+00:00,95.76499938964844,stop,-746.2075743738233,38.372951825056646,-1.0542117474939041,8
CHFJPY,-1,2014-07-16 00:00:00+00:00,2014-07-17 00:00:00+00:00,113.16999816894531,113.58999633789062,920.9264286126322,2014-07-23 00:00:00+00:00,112.33000183105469,target,732.0410455708734,41.53378193042971,1.892618579473206,4
EURUSD,-1,2014-07-16 00:00:00+00:00,2014-07-17 00:00:00+00:00,1.3529053926467896,1.3572019338607788,77035.12958576443,2014-07-24 00:00:00+00:00,1.344312310218811,target,620.4131153282262,41.556103052253874,1.874447022917707,5
NZDCHF,-1,2014-07-24 00:00:00+00:00,2014-07-25 00:00:00+00:00,0.7741000056266785,0.7781199812889099,136323.511883337,2014-08-06 00:00:00+00:00,0.7660600543022156,target,1054.0423942754762,41.99200564639152,1.9233746574936241,8
AUDCHF,1,2014-07-22 00:00:00+00:00,2014-07-23 00:00:00+00:00,0.8470600247383118,0.840499997138977,107371.96323357182,2014-08-08 00:00:00+00:00,0.840499997138977,stop,-740.6023687316745,36.23932652469078,-1.0514497842066528,12
EURGBP,1,2014-08-08 00:00:00+00:00,2014-08-11 00:00:00+00:00,0.79899001121521,0.7940897941589355,134421.11709179296,2014-08-13 00:00:00+00:00,0.7940897941589355,stop,-701.5213641076177,42.82871341095375,-1.0650207852868194,2
GBPNZD,1,2014-07-23 00:00:00+00:00,2014-07-24 00:00:00+00:00,1.9781999588012695,1.9616471529006958,42637.14297717759,2014-08-14 00:00:00+00:00,1.9616471529006958,stop,-739.3611167782024,33.59676492197137,-1.0476033747434375,15
AUDCAD,1,2014-07-23 00:00:00+00:00,2014-07-24 00:00:00+00:00,1.0128999948501587,1.0073000192642212,104516.39186166204,2014-08-21 00:00:00+00:00,1.018880009651184,max_hold,582.5387072570783,42.47086302543036,0.9953005534741143,20
EURGBP,1,2014-08-13 00:00:00+00:00,2014-08-14 00:00:00+00:00,0.8008000254631042,0.7954028415260836,130288.44605538482,2014-08-25 00:00:00+00:00,0.7954028415260836,stop,-744.7840664553322,41.59335822583428,-1.0591494707467888,7
CHFJPY,1,2014-08-21 00:00:00+00:00,2014-08-22 00:00:00+00:00,113.9020004272461,113.4800033569336,916.6265418625021,2014-08-25 00:00:00+00:00,113.4800033569336,stop,-428.4985911987458,41.6848759620918,-1.107764730980619,1
USDCAD,1,2014-08-25 00:00:00+00:00,2014-08-26 00:00:00+00:00,1.0994000434875488,1.0938999652862549,93164.88473414103,2014-08-27 00:00:00+00:00,1.0938999652862549,stop,-553.2818601532725,40.86770850096039,-1.079755229962287,1
NZDCHF,-1,2014-08-25 00:00:00+00:00,2014-08-26 00:00:00+00:00,0.7613000273704529,0.7664300203323364,133106.71715570314,2014-08-27 00:00:00+00:00,0.7664300203323364,stop,-723.5067484581496,40.67022626996881,-1.059560707355897,1
GBPJPY,-1,2014-08-06 00:00:00+00:00,2014-08-07 00:00:00+00:00,172.13299560546875,173.1580047607422,632.6931438063958,2014-09-01 00:00:00+00:00,173.1580047607422,stop,-692.20891459024,43.69264970995068,-1.067373251953852,17
EURCHF,-1,2014-08-27 00:00:00+00:00,2014-08-28 00:00:00+00:00,1.2069300413131714,1.208400011062622,83475.80135747108,2014-09-03 00:00:00+00:00,1.208400011062622,stop,-163.0312251396072,40.3243223329704,-1.328623096261455,4
AUDJPY,1,2014-09-01 00:00:00+00:00,2014-09-02 00:00:00+00:00,97.35199737548828,97.0999984741211,1030.6985170135745,2014-09-03 00:00:00+00:00,97.85599517822266,target,479.229670169559,40.24011768686135,1.8450723463518013,1
CADJPY,1,2014-08-27 00:00:00+00:00,2014-08-28 00:00:00+00:00,95.55400085449219,95.01499938964844,1054.371888984973,2014-09-04 00:00:00+00:00,96.63200378417969,target,1096.0888811564744,40.527104149470254,1.928688132714302,5
GBPAUD,-1,2014-09-03 00:00:00+00:00,2014-09-04 00:00:00+00:00,1.762470006942749,1.7764453371055424,48239.562385441444,2014-09-08 00:00:00+00:00,1.7309999465942383,target,1484.3972471025286,33.70469235306254,2.2018346614612465,2
AUDNZD,1,2014-09-03 00:00:00+00:00,2014-09-04 00:00:00+00:00,1.1217000484466553,1.1161999702453613,90152.95294568334,2014-09-09 00:00:00+00:00,1.1161999702453613,stop,-536.1989502952888,40.350659016457044,-1.081377025445403,3
AUDCHF,1,2014-09-04 00:00:00+00:00,2014-09-05 00:00:00+00:00,0.8707200288772583,0.8625261783599854,84823.30840356232,2014-09-09 00:00:00+00:00,0.8625261783599854,stop,-724.4334449544898,29.403935515157883,-1.0423060245871827,2
CADCHF,1,2014-09-04 00:00:00+00:00,2014-09-05 00:00:00+00:00,0.8565999865531921,0.8488635073881596,89837.96047441584,2014-09-09 00:00:00+00:00,0.8488635073881596,stop,-725.6725818311844,30.643072391852463,-1.0440888796456596,2
NZDUSD,-1,2014-09-02 00:00:00+00:00,2014-09-03 00:00:00+00:00,0.8304957747459412,0.8380270439665765,89483.73644865066,2014-09-12 00:00:00+00:00,0.8154332363046706,target,1318.3954445587185,29.456775567608233,1.9562907934152494,7
AUDUSD,-1,2014-09-09 00:00:00+00:00,2014-09-10 00:00:00+00:00,0.920810341835022,0.9291089773178101,81748.26484583339,2014-09-12 00:00:00+00:00,0.9042130708694458,target,1326.9596031536594,29.838499458322307,1.9560163013187002,2
NZDCAD,-1,2014-09-10 00:00:00+00:00,2014-09-11 00:00:00+00:00,0.8974000215530396,0.9049687385559082,91713.23019531158,2014-09-15 00:00:00+00:00,0.9049687385559082,stop,-727.2116969658035,33.060212198542054,-1.0476267974988582,2
CADJPY,1,2014-09-10 00:00:00+00:00,2014-09-11 00:00:00+00:00,97.51000213623047,96.7448199391365,907.1715042555026,2014-09-15 00:00:00+00:00,96.7448199391365,stop,-729.3959725974605,35.244487830199134,-1.0507734818748045,2
AUDCAD,-1,2014-09-09 00:00:00+00:00,2014-09-10 00:00:00+00:00,1.010200023651123,1.0177253484725952,90148.80651667029,2014-09-16 00:00:00+00:00,0.9951493740081787,target,1320.6421316423998,36.155970969581944,1.9467039776957562,4
CADJPY,1,2014-09-16 00:00:00+00:00,2014-09-17 00:00:00+00:00,97.61299896240234,96.81159460544586,860.3850047823439,2014-09-18 00:00:00+00:00,99.21580767631531,target,1345.1628722369567,33.86971074823123,1.9508790275645067,1
EURNZD,1,2014-09-12 00:00:00+00:00,2014-09-15 00:00:00+00:00,1.589900016784668,1.5774999856948853,56331.38808467706,2014-09-19 00:00:00+00:00,1.5774999856948853,stop,-734.1957713324277,35.684807751816564,-1.0510869687268674,4
GBPAUD,1,2014-09-12 00:00:00+00:00,2014-09-15 00:00:00+00:00,1.8036999702453613,1.7854000329971313,38170.128897473296,2014-09-19 00:00:00+00:00,1.8402998447418213,target,1369.2035386331363,27.818388528085926,1.9601747288467928,4
GBPJPY,1,2014-09-17 00:00:00+00:00,2014-09-18 00:00:00+00:00,176.47999572753906,174.98420956730843,474.08394209707814,2014-09-19 00:00:00+00:00,179.47156804800034,target,1384.5062146427185,33.75018411006545,1.9524060894211437,1
CADCHF,1,2014-09-19 00:00:00+00:00,2014-09-22 00:00:00+00:00,0.8586000204086304,0.8518000245094299,107813.04331264683,2014-09-22 00:00:00+00:00,0.8518000245094299,stop,-770.0089392312585,36.88068682494078,-1.0503059140114825,0
NZDJPY,1,2014-09-18 00:00:00+00:00,2014-09-19 00:00:00+00:00,88.65499877929688,87.95838287472725,1046.3599262072366,2014-09-23 00:00:00+00:00,87.95838287472725,stop,-765.8711994992042,36.96023299894304,-1.0507061008786864,2
NZDCAD,-1,2014-09-17 00:00:00+00:00,2014-09-18 00:00:00+00:00,0.8913000226020813,0.8987399935722351,95313.30192296866,2014-09-26 00:00:00+00:00,0.8764200806617737,target,1384.5589507692462,33.697447983537835,1.9524804569707264,6
NZDUSD,-1,2014-09-25 00:00:00+00:00,2014-09-26 00:00:00+00:00,0.794975757598877,0.8050955317448825,72828.25988986254,2014-09-29 00:00:00+00:00,0.7747362093068659,target,1451.1472048483947,22.863878215607752,1.968977332018317,1
EURUSD,-1,2014-09-19 00:00:00+00:00,2014-09-22 00:00:00+00:00,1.2840760946273804,1.2929586172103882,82536.04148542056,2014-09-30 00:00:00+00:00,1.2663110494613647,target,1424.1567329869572,42.09977182567839,1.942575161047885,6
EURAUD,1,2014-09-22 00:00:00+00:00,2014-09-23 00:00:00+00:00,1.447100043296814,1.4358999729156494,63848.098902495454,2014-10-02 00:00:00+00:00,1.4358999729156494,stop,-751.91801544571,36.814814034205874,-1.0514818196332207,7
USDCAD,1,2014-09-26 00:00:00+00:00,2014-09-29 00:00:00+00:00,1.1164900064468384,1.1090999841690063,101749.10487582469,2014-10-02 00:00:00+00:00,1.1090999841690063,stop,-797.2185096549637,45.29035787315146,-1.0602322944896116,3
USDCAD,1,2014-10-03 00:00:00+00:00,2014-10-06 00:00:00+00:00,1.1259299516677856,1.1155999898910522,73843.32753541353,2014-10-06 00:00:00+00:00,1.1155999898910522,stop,-795.9031568386198,33.104405930993124,-1.0433986105661597,0
GBPUSD,-1,2014-10-03 00:00:00+00:00,2014-10-06 00:00:00+00:00,1.5963729619979858,1.6115226745605469,50350.707827467624,2014-10-07 00:00:00+00:00,1.6115226745605469,stop,-795.1027140950999,32.30396318747339,-1.0423492607310068,1
USDCHF,1,2014-10-03 00:00:00+00:00,2014-10-06 00:00:00+00:00,0.9675999879837036,0.9583828449249268,82758.6971411131,2014-10-07 00:00:00+00:00,0.9583828449249268,stop,-794.6771169011602,31.878365993533677,-1.0417913190806916,1
EURUSD,-1,2014-09-30 00:00:00+00:00,2014-10-01 00:00:00+00:00,1.2629133462905884,1.2701992988586426,90848.10651462982,2014-10-08 00:00:00+00:00,1.2701992988586426,stop,-707.9406924431432,46.02569748001461,-1.0695341514095453,5
CHFJPY,-1,2014-10-07 00:00:00+00:00,2014-10-08 00:00:00+00:00,112.90499877929688,113.5999984741211,962.3812987961852,2014-10-08 00:00:00+00:00,113.5999984741211,stop,-712.4515436559982,43.59683468811415,-1.0651813227948845,0
AUDJPY,-1,2014-09-23 00:00:00+00:00,2014-09-24 00:00:00+00:00,96.08300018310547,96.9572982788086,819.1678174488452,2014-10-10 00:00:00+00:00,94.33440399169922,target,1401.196963837191,31.19676187642988,1.956441079967887,12
AUDCAD,-1,2014-10-10 00:00:00+00:00,2014-10-13 00:00:00+00:00,0.9704999923706055,0.9810536298900843,68611.9365409525,2014-10-13 00:00:00+00:00,0.9810536298900843,stop,-750.885482420058,26.77997465736329,-1.0369835257020854,0
GBPJPY,-1,2014-10-10 00:00:00+00:00,2014-10-13 00:00:00+00:00,172.72000122070312,173.9669952392578,580.6808188237823,2014-10-14 00:00:00+00:00,170.22601318359375,target,1408.3825810340613,39.828434491327954,1.9449963657721816,1
CADJPY,-1,2014-10-09 00:00:00+00:00,2014-10-10 00:00:00+00:00,96.43399810791016,97.4749984741211,691.2562711580501,2014-10-15 00:00:00+00:00,94.35199737548828,target,1412.8196596768685,26.376403165406124,1.9633456429649825,3
GBPUSD,-1,2014-10-14 00:00:00+00:00,2014-10-15 00:00:00+00:00,1.5894966125488281,1.6057690382003784,45340.79316936,2014-10-16 00:00:00+00:00,1.6057690382003784,stop,-766.779861629086,28.97517579835605,-1.0392721493300514,1
CHFJPY,-1,2014-10-10 00:00:00+00:00,2014-10-13 00:00:00+00:00,112.23320007324219,113.1449966430664,794.1524806375305,2014-10-17 00:00:00+00:00,113.1449966430664,stop,-759.9024385634686,35.796930800773964,-1.049436070319887,4
EURJPY,-1,2014-10-10 00:00:00+00:00,2014-10-13 00:00:00+00:00,135.66400146484375,136.96360155940056,557.175634870687,2014-10-20 00:00:00+00:00,136.96360155940056,stop,-754.4857993223559,30.38029155966139,-1.0419556145257463,5
USDJPY,-1,2014-10-15 00:00:00+00:00,2014-10-16 00:00:00+00:00,106.0199966430664,107.22294616699219,606.6993228112558,2014-10-20 00:00:00+00:00,107.22294616699219,stop,-755.7035313413223,25.87486979942838,-1.0354533483855828,2
AUDCHF,-1,2014-10-16 00:00:00+00:00,2014-10-17 00:00:00+00:00,0.8270699977874756,0.8306954503059387,130540.72686588368,2014-10-20 00:00:00+00:00,0.8306954503059387,stop,-516.5503882913786,43.281181313452336,-1.09145150513769,1
GBPCAD,1,2014-10-20 00:00:00+00:00,2014-10-21 00:00:00+00:00,1.8243000507354736,1.8121999502182007,57923.01806694239,2014-10-21 00:00:00+00:00,1.8121999502182007,stop,-743.0017519249552,42.12741105113514,-1.060106938711171,0
USDCAD,1,2014-10-14 00:00:00+00:00,2014-10-15 00:00:00+00:00,1.1313999891281128,1.1196831464767456,62969.58214631641,2014-10-22 00:00:00+00:00,1.1196831464767456,stop,-766.1546387158614,28.34995288513153,-1.038424739540941,5
AUDJPY,1,2014-10-30 00:00:00+00:00,2014-10-31 00:00:00+00:00,96.39520263671875,95.41590118408203,705.3702029680757,2014-10-31 00:00:00+00:00,98.35380554199219,target,1354.0660993412175,27.47402948536975,1.9602269540897015,0
EURAUD,-1,2014-10-30 00:00:00+00:00,2014-10-31 00:00:00+00:00,1.4280999898910522,1.4408700466156006,54092.95191973592,2014-11-04 00:00:00+00:00,1.4408700466156006,stop,-721.8082760620771,31.038211648783474,-1.0449327688731644,2
AUDCAD,1,2014-11-04 00:00:00+00:00,2014-11-05 00:00:00+00:00,0.9963300228118896,0.9844118356704712,60592.621060300306,2014-11-05 00:00:00+00:00,0.9844118356704712,stop,-746.1578653555716,24.00366816985933,-1.033238978965162,0
CHFJPY,1,2014-10-31 00:00:00+00:00,2014-11-03 00:00:00+00:00,116.96299743652344,115.70424845814705,559.3665895948947,2014-11-06 00:00:00+00:00,119.48049539327621,target,1381.7525283376947,26.451718043221994,1.9624319865371762,3
GBPAUD,1,2014-11-05 00:00:00+00:00,2014-11-06 00:00:00+00:00,1.8604999780654907,1.8366832807660103,30831.58234958595,2014-11-07 00:00:00+00:00,1.8366832807660103,stop,-757.1044661053272,22.798002021234797,-1.0310469853342106,1
USDJPY,1,2014-10-31 00:00:00+00:00,2014-11-03 00:00:00+00:00,112.8219985961914,111.4712905883789,521.2837409106402,2014-11-11 00:00:00+00:00,115.5234146118164,target,1384.3976961375452,23.806550243371245,1.966188782196114,6
EURJPY,1,2014-10-31 00:00:00+00:00,2014-11-03 00:00:00+00:00,141.05999755859375,139.49881654977798,451.0060775877329,2014-11-11 00:00:00+00:00,144.18235957622528,target,1382.4750390502657,25.7292073306508,1.9634581313090416,6
NZDJPY,1,2014-10-31 00:00:00+00:00,2014-11-03 00:00:00+00:00,87.71099853515625,86.27769470214844,491.2441500368334,2014-11-12 00:00:00+00:00,90.57760620117188,target,1390.6875995619264,17.516646818990093,1.975122008239916,7
CADJPY,1,2014-10-31 00:00:00+00:00,2014-11-03 00:00:00+00:00,99.927001953125,98.61882019042969,538.2295819043993,2014-11-14 00:00:00+00:00,102.54336547851562,target,1386.409138138764,21.79510824215241,1.9690455297260099,9
GBPJPY,1,2014-10-31 00:00:00+00:00,2014-11-03 00:00:00+00:00,180.1719970703125,177.97064208984375,319.84942430344825,2014-11-19 00:00:00+00:00,184.57470703125,target,1384.8714417162234,23.332804664692993,1.9668616186541714,12
EURJPY,1,2014-11-11 00:00:00+00:00,2014-11-12 00:00:00+00:00,144.33200073242188,142.64964294433594,450.10570964686724,2014-11-19 00:00:00+00:00,147.69671630859375,target,1488.1889335885076,26.288758584202107,1.965283399392318,5
USDJPY,1,2014-11-11 00:00:00+00:00,2014-11-12 00:00:00+00:00,115.7020034790039,114.63300323486328,708.361714823651,2014-11-19 00:00:00+00:00,117.84000396728516,target,1481.3912487971074,33.086443375602244,1.9563064632161924,5
EURGBP,1,2014-11-14 00:00:00+00:00,2014-11-17 00:00:00+00:00,0.7990999817848206,0.79339998960495,139076.2440978339,2014-11-21 00:00:00+00:00,0.79339998960495,stop,-837.0292867127881,44.29578294935945,-1.0558772686395483,4
AUDCHF,-1,2014-11-19 00:00:00+00:00,2014-11-20 00:00:00+00:00,0.824209988117218,0.8342072928790003,80884.9957487763,2014-11-21 00:00:00+00:00,0.8342072928790003,stop,-835.4601681005968,26.828214944615254,-1.0331772876892984,1
EURNZD,-1,2014-11-21 00:00:00+00:00,2014-11-24 00:00:00+00:00,1.5672999620437622,1.5893046855926514,35858.75764447992,2014-11-25 00:00:00+00:00,1.5893046855926514,stop,-811.7004329812031,22.638384207806617,-1.028690245897643,1
NZDCHF,1,2014-11-21 00:00:00+00:00,2014-11-24 00:00:00+00:00,0.7662000060081482,0.7556286701001227,74641.65888195451,2014-11-25 00:00:00+00:00,0.7556286701001227,stop,-811.7804121571664,22.718363383769997,-1.0287916057033613,1
EURCAD,-1,2014-11-21 00:00:00+00:00,2014-11-24 00:00:00+00:00,1.3896499872207642,1.4074897477403283,44230.529210751665,2014-11-26 00:00:00+00:00,1.4074897477403283,stop,-813.8058429241468,24.743794150750155,-1.0313584897274106,2
AUDNZD,-1,2014-11-25 00:00:00+00:00,2014-11-26 00:00:00+00:00,1.0925999879837036,1.0985900163650513,104295.13149185268,2014-12-01 00:00:00+00:00,1.0806199312210083,target,1204.1303438983327,45.331251446833775,1.9274387438306004,3
AUDNZD,-1,2014-12-01 00:00:00+00:00,2014-12-02 00:00:00+00:00,1.0781300067901611,1.0847599506378174,107346.57676485159,2014-12-04 00:00:00+00:00,1.0847599506378174,stop,-758.137542758881,46.43576656979382,-1.0652461018411967,2
GBPUSD,-1,2014-11-06 00:00:00+00:00,2014-11-07 00:00:00+00:00,1.5843089818954468,1.5994438603520393,48575.39078528381,2014-12-05 00:00:00+00:00,1.5679388046264648,max_hold,764.5634244486979,30.624333616469553,1.0399639321068697,20
USDJPY,1,2014-11-19 00:00:00+00:00,2014-11-20 00:00:00+00:00,118.13899993896484,116.85700225830078,630.7592949287692,2014-12-05 00:00:00+00:00,120.70299530029297,target,1587.1335446086641,30.130361703298945,1.9627390908982707,11
EURJPY,1,2014-12-05 00:00:00+00:00,2014-12-08 00:00:00+00:00,149.47999572753906,148.2899932861328,672.6726711854617,2014-12-08 00:00:00+00:00,148.2899932861328,stop,-840.5424677597015,40.06034678173845,-1.0500452736318409,0
AUDJPY,1,2014-11-11 00:00:00+00:00,2014-11-12 00:00:00+00:00,100.6969985961914,99.21082565188408,509.52269652526024,2014-12-09 00:00:00+00:00,99.21082565188408,stop,-777.6103608198302,20.371514733475447,-1.0269023635524799,19
USDJPY,1,2014-12-05 00:00:00+00:00,2014-12-08 00:00:00+00:00,121.59500122070312,120.13664519786835,548.8934858457758,2014-12-09 00:00:00+00:00,120.13664519786835,stop,-827.0191061863486,26.53698520838565,-1.0331512528674156,1
EURNZD,1,2014-12-08 00:00:00+00:00,2014-12-09 00:00:00+00:00,1.6087000370025635,1.5981999635696411,73205.03060182523,2014-12-10 00:00:00+00:00,1.5981999635696411,stop,-815.6104395142701,46.95224253577632,-1.0610833823412542,1
EURAUD,1,2014-11-28 00:00:00+00:00,2014-12-01 00:00:00+00:00,1.4737000465393066,1.458899974822998,52619.495391335855,2014-12-11 00:00:00+00:00,1.5033001899719238,target,1526.2149608904588,31.329650045021694,1.959770462014305,8
AUDCHF,-1,2014-12-04 00:00:00+00:00,2014-12-05 00:00:00+00:00,0.8136000037193298,0.8232799768447876,81094.59530178596,2014-12-12 00:00:00+00:00,0.7942400574684143,target,1543.9095784679191,26.077427814403777,1.9667800717967032,5
GBPJPY,1,2014-11-19 00:00:00+00:00,2014-11-20 00:00:00+00:00,185.11900329589844,182.6805934906006,331.62266301550045,2014-12-16 00:00:00+00:00,182.6805934906006,stop,-833.0260895044547,24.39413634847322,-1.0301671684544078,18
EURCAD,1,2014-12-10 00:00:00+00:00,2014-12-11 00:00:00+00:00,1.430999994277954,1.416100025177002,51698.961101246736,2014-12-16 00:00:00+00:00,1.4607999324798584,target,1510.7252355345988,29.90061038520806,1.9611838131050485,3
CADCHF,-1,2014-12-10 00:00:00+00:00,2014-12-11 00:00:00+00:00,0.8406000137329102,0.8485000133514404,97507.96964003063,2014-12-16 00:00:00+00:00,0.8248000144958496,target,1508.1478908415995,32.477955078207216,1.9578379719330012,3
NZDCAD,1,2014-12-16 00:00:00+00:00,2014-12-17 00:00:00+00:00,0.906000018119812,0.8999000191688538,133982.27908119874,2014-12-17 00:00:00+00:00,0.8999000191688538,stop,-865.6834824000595,48.39172055775144,-1.0592098474707108,0
NZDJPY,-1,2014-12-15 00:00:00+00:00,2014-12-16 00:00:00+00:00,91.17500305175781,92.33000183105469,696.7410949428772,2014-12-18 00:00:00+00:00,92.33000183105469,stop,-830.3062097509011,25.571095605909765,-1.0317757920046504,2
EURUSD,-1,2014-12-19 00:00:00+00:00,2014-12-22 00:00:00+00:00,1.2224938869476318,1.23099946975708,93736.06000009165,2015-01-02 00:00:00+00:00,1.2054827213287354,target,1549.0418489179347,45.517792206442515,1.94290863629993,9
AUDUSD,-1,2014-12-12 00:00:00+00:00,2014-12-15 00:00:00+00:00,0.821220338344574,0.8298754692077637,92633.02077306552,2015-01-05 00:00:00+00:00,0.8039100766181946,target,1573.3936861892662,30.10814789763735,1.962447005350908,15
GBPAUD,1,2014-12-11 00:00:00+00:00,2014-12-12 00:00:00+00:00,1.906149983406067,1.8802000284194946,30071.990661406417,2015-01-06 00:00:00+00:00,1.8802000284194946,stop,-803.1394204594048,22.772616439286875,-1.0291819389573877,17
EURJPY,-1,2015-01-02 00:00:00+00:00,2015-01-05 00:00:00+00:00,143.906005859375,145.28799438476562,587.0922947414587,2015-01-06 00:00:00+00:00,141.14202880859375,target,1589.239728398941,33.46990095695213,1.9587481329358507,1
AUDJPY,-1,2014-12-10 00:00:00+00:00,2014-12-11 00:00:00+00:00,98.02300262451172,99.45999908447266,536.0576343944808,2015-01-08 00:00:00+00:00,96.37000274658203,max_hold,865.2620332969415,20.841170920412424,1.1232604406689675,20
GBPNZD,-1,2015-01-05 00:00:00+00:00,2015-01-06 00:00:00+00:00,1.9814599752426147,2.005180597305298,34681.94232195241,2015-01-08 00:00:00+00:00,1.9340187311172485,target,1618.1952111062533,27.15928133136112,1.9669867114276094,2
GBPAUD,-1,2015-01-06 00:00:00+00:00,2015-01-07 00:00:00+00:00,1.8734999895095825,1.886299967765808,66331.18642960164,2015-01-09 00:00:00+00:00,1.8479000329971313,target,1648.70651228269,49.36897573440332,1.941853025872185,2
EURJPY,-1,2015-01-09 00:00:00+00:00,2015-01-12 00:00:00+00:00,140.3300018310547,141.3470001220703,859.4662236062937,2015-01-14 00:00:00+00:00,138.29600524902344,target,1700.2574327657844,47.89392842072304,1.9452061995498875,2
AUDNZD,-1,2014-12-18 00:00:00+00:00,2014-12-19 00:00:00+00:00,1.049739956855774,1.0580899715423584,95383.15980370433,2015-01-15 00:00:00+00:00,1.0580899715423584,stop,-836.6610809936509,40.210295779885946,-1.0504868555928333,19
GBPCHF,1,2014-12-18 00:00:00+00:00,2014-12-19 00:00:00+00:00,1.5351300239562988,1.5184580087661743,47771.71662400679,2015-01-15 00:00:00+00:00,1.5184580087661743,stop,-825.6258136509001,29.17502843713527,-1.0366313009903114,19
EURAUD,-1,2015-01-08 00:00:00+00:00,2015-01-09 00:00:00+00:00,1.4529999494552612,1.4652700424194336,70468.71223902632,2015-01-15 00:00:00+00:00,1.4284597635269165,target,1688.7047494082299,40.6105510684977,1.953032797365174,4
EURGBP,-1,2015-01-14 00:00:00+00:00,2015-01-15 00:00:00+00:00,0.7734000086784363,0.7781000137329102,173314.2686362577,2015-01-15 00:00:00+00:00,0.7639999985694885,target,1575.865205634199,53.29067157151027,1.9345787934511052,0
NZDCAD,1,2015-01-15 00:00:00+00:00,2015-01-16 00:00:00+00:00,0.9374300241470337,0.9248086214065552,72820.85443306288,2015-01-20 00:00:00+00:00,0.9248086214065552,stop,-946.2232935709433,27.121961865496417,-1.0295092183308776,2
EURNZD,-1,2015-01-15 00:00:00+00:00,2015-01-16 00:00:00+00:00,1.4833999872207642,1.5060337535105646,40607.5294733262,2015-01-20 00:00:00+00:00,1.5060337535105646,stop,-943.3800354525075,24.278703747060646,-1.0264156985846273,2
CADJPY,-1,2015-01-12 00:00:00+00:00,2015-01-13 00:00:00+00:00,98.81500244140625,100.41012573242188,547.2448663694009,2015-01-21 00:00:00+00:00,95.624755859375,target,1724.5648325594875,21.28123190964193,1.9756207235646368,6
AUDCAD,1,2015-01-15 00:00:00+00:00,2015-01-16 00:00:00+00:00,0.9829999804496765,0.9714999794960022,79921.84830313329,2015-01-21 00:00:00+00:00,1.0059999823570251,target,1806.4097527504186,31.79291066047499,1.9654086991676083,3
EURUSD,-1,2015-01-15 00:00:00+00:00,2015-01-16 00:00:00+00:00,1.1639004945755005,1.1777984625659883,66132.06566129,2015-01-22 00:00:00+00:00,1.1361045585945249,target,1807.7818463713859,30.42081703950779,1.9669015635272118,4
USDCAD,1,2015-01-20 00:00:00+00:00,2015-01-21 00:00:00+00:00,1.2111999988555908,1.1989052295684814,71919.55134787576,2015-01-22 00:00:00+00:00,1.2357895374298096,target,1733.2713041885788,35.197277920518516,1.960194624573379,1
EURCAD,1,2015-01-21 00:00:00+00:00,2015-01-22 00:00:00+00:00,1.4338200092315674,1.412008285522461,43281.65535927261,2015-01-22 00:00:00+00:00,1.412008285522461,stop,-968.6819402622626,24.634431893042066,-1.02609448324862,0
USDCHF,-1,2015-01-15 00:00:00+00:00,2015-01-16 00:00:00+00:00,0.854200005531311,0.8949843049049377,22535.665582618458,2015-01-26 00:00:00+00:00,0.8949843049049377,stop,-926.9851382379178,7.883806532470875,-1.0085777337715767,6
CHFJPY,1,2015-01-15 00:00:00+00:00,2015-01-16 00:00:00+00:00,135.76600646972656,129.7496964931488,152.76828077070869,2015-01-27 00:00:00+00:00,129.7496964931488,stop,-927.2138071972997,8.112475491852926,-1.0088265300157924,7
GBPUSD,-1,2015-01-22 00:00:00+00:00,2015-01-23 00:00:00+00:00,1.5006002187728882,1.5167629532516003,58554.0773361123,2015-01-27 00:00:00+00:00,1.5167629532516003,stop,-981.7297879347278,35.33578330517181,-1.0373372856678262,2
NZDJPY,-1,2015-01-21 00:00:00+00:00,2015-01-22 00:00:00+00:00,89.15899658203125,90.65319061279297,631.8105205439474,2015-01-28 00:00:00+00:00,86.17060852050781,target,1865.939998925121,22.155017813319986,1.976531882540963,4
GBPAUD,1,2015-01-27 00:00:00+00:00,2015-01-28 00:00:00+00:00,1.9179999828338623,1.8950400352478027,39888.481765322605,2015-01-28 00:00:00+00:00,1.8950400352478027,stop,-946.2567260656391,30.419275446339178,-1.0332147101276206,0
GBPJPY,-1,2015-01-06 00:00:00+00:00,2015-01-07 00:00:00+00:00,179.61599731445312,182.07360064983368,345.4738735846788,2015-02-04 00:00:00+00:00,178.19000244140625,max_hold,467.9214475578971,24.722524945499078,0.5511197244879927,20
AUDNZD,1,2015-01-20 00:00:00+00:00,2015-01-21 00:00:00+00:00,1.0673999786376953,1.0557209413964301,75711.23139588178,2015-02-04 00:00:00+00:00,1.0557209413964301,stop,-916.3831109061769,32.14881985162822,-1.0363578071749369,10
USDCAD,1,2015-01-28 00:00:00+00:00,2015-01-29 00:00:00+00:00,1.2526999711990356,1.2393800020217896,70491.4702566989,2015-02-04 00:00:00+00:00,1.2393800020217896,stop,-974.0782873399113,35.13407626192216,-1.0374187048041812,4
CADJPY,-1,2015-01-28 00:00:00+00:00,2015-01-29 00:00:00+00:00,93.87000274658203,95.19000244140625,711.32153648189,2015-02-06 00:00:00+00:00,95.19000244140625,stop,-965.8407017535079,26.896490675518784,-1.0286454619541658,6
NZDJPY,-1,2015-01-28 00:00:00+00:00,2015-01-29 00:00:00+00:00,86.16000366210938,87.80802047252655,569.7418892470563,2015-02-09 00:00:00+00:00,87.80802047252655,stop,-958.7675852257983,19.82337414780899,-1.021112408931144,7
CADCHF,-1,2015-01-15 00:00:00+00:00,2015-01-16 00:00:00+00:00,0.7141000032424927,0.7471401691436768,27817.697237183318,2015-02-13 00:00:00+00:00,0.743399977684021,max_hold,-823.166676710167,8.108858638522843,-0.8956212425269068,20
AUDCHF,-1,2015-01-15 00:00:00+00:00,2015-01-16 00:00:00+00:00,0.7020999789237976,0.738430380821228,25298.408046800418,2015-02-13 00:00:00+00:00,0.7215999960899353,max_hold,-500.52285976938754,7.203468580823396,-0.5445785382996212,20
NZDUSD,-1,2015-01-28 00:00:00+00:00,2015-01-29 00:00:00+00:00,0.7324396967887878,0.7457907199859619,70327.50952576651,2015-02-13 00:00:00+00:00,0.7457907199859619,stop,-959.7362638213899,20.792052743400802,-1.0221440768238292,11
USDJPY,1,2015-02-10 00:00:00+00:00,2015-02-11 00:00:00+00:00,119.3479995727539,118.39800262451172,916.4541894522589,2015-02-16 00:00:00+00:00,118.39800262451172,stop,-914.2053471312555,43.57666394784201,-1.0500519507219839,3
NZDCHF,1,2015-02-13 00:00:00+00:00,2015-02-16 00:00:00+00:00,0.6965000033378601,0.6883999705314636,106765.5720130361,2015-02-19 00:00:00+00:00,0.7127000689506531,target,1699.5184614388186,30.090810359738988,1.9652050774121388,3
EURUSD,-1,2015-01-22 00:00:00+00:00,2015-01-23 00:00:00+00:00,1.1346487998962402,1.1514617102220654,56289.71940544178,2015-02-20 00:00:00+00:00,1.1366735696792603,max_hold,-139.54414271935576,25.570419772541612,-0.14744825309198475,20
EURJPY,-1,2015-01-22 00:00:00+00:00,2015-01-23 00:00:00+00:00,134.6999969482422,136.85089111328125,440.0002659416617,2015-02-20 00:00:00+00:00,135.22900390625,max_hold,-256.5169686406957,23.75376643226872,-0.27104669660402525,20
CHFJPY,-1,2015-02-19 00:00:00+00:00,2015-02-20 00:00:00+00:00,125.30599975585938,126.47699737548828,764.9191299618439,2015-02-23 00:00:00+00:00,126.52999877929688,stop_gap,-974.7871026604757,38.526834578516784,-1.0882739655340912,1
GBPJPY,1,2015-02-06 00:00:00+00:00,2015-02-09 00:00:00+00:00,181.21800231933594,179.57000732421875,530.3133501336545,2015-02-24 00:00:00+00:00,184.5139923095703,target,1709.1169818636388,38.7905118645438,1.955614914400526,11
NZDCAD,1,2015-02-20 00:00:00+00:00,2015-02-23 00:00:00+00:00,0.9434000253677368,0.9371299743652344,139912.7529920143,2015-02-24 00:00:00+00:00,0.9371299743652344,stop,-929.8821230297981,52.622025869342394,-1.0599845200296594,1
AUDCHF,1,2015-02-17 00:00:00+00:00,2015-02-18 00:00:00+00:00,0.7313399910926819,0.7231600284576416,105987.73809024256,2015-02-25 00:00:00+00:00,0.7476999163627625,target,1702.5994558339592,31.352018867280847,1.9638374898897528,5
AUDCHF,1,2015-02-25 00:00:00+00:00,2015-02-26 00:00:00+00:00,0.7477999925613403,0.7422167570330203,160613.27342122237,2015-02-27 00:00:00+00:00,0.7422167570330203,stop,-944.605028006115,47.86329352096001,-1.053374669294766,1
NZDJPY,1,2015-02-26 00:00:00+00:00,2015-02-27 00:00:00+00:00,90.00700378417969,89.56476593017578,1468.195008746638,2015-03-04 00:00:00+00:00,90.8914794921875,target,1245.4639698074793,53.118850047239896,1.918189507461399,3
USDCHF,1,2015-02-27 00:00:00+00:00,2015-03-02 00:00:00+00:00,0.954289972782135,0.9449999928474426,95681.40347770041,2015-03-05 00:00:00+00:00,0.9728699326515198,target,1740.8779639665167,36.878672895568904,1.9585109996150392,3
GBPUSD,1,2015-02-05 00:00:00+00:00,2015-02-06 00:00:00+00:00,1.5321444272994995,1.5171514749526978,58165.10453720628,2015-03-06 00:00:00+00:00,1.5248318910598755,max_hold,-460.896304234868,35.56186942502741,-0.5285104174286396,20
CHFJPY,-1,2015-03-04 00:00:00+00:00,2015-03-05 00:00:00+00:00,124.1500015258789,124.91941398382187,1079.2552188849174,2015-03-09 00:00:00+00:00,122.57450103759766,target,1647.1113829295912,53.25574140368346,1.9835337626957037,2
EURGBP,-1,2015-02-26 00:00:00+00:00,2015-02-27 00:00:00+00:00,0.7267000079154968,0.7322999835014343,157319.53551133123,2015-03-10 00:00:00+00:00,0.7155000567436218,target,1716.5938672516481,45.377248857316886,1.9484926302792918,7
GBPCHF,1,2015-02-23 00:00:00+00:00,2015-02-24 00:00:00+00:00,1.4694199562072754,1.4456000328063965,37523.74906352773,2015-03-11 00:00:00+00:00,1.5170598030090332,target,1765.2128734004366,22.412783413627494,1.974924522560756,11
EURJPY,-1,2015-03-06 00:00:00+00:00,2015-03-09 00:00:00+00:00,130.8979949951172,132.5,581.1851716147024,2015-03-12 00:00:00+00:00,127.69398498535156,target,1832.0651425282324,30.05796485262689,1.9677164579146387,3
AUDUSD,-1,2015-03-10 00:00:00+00:00,2015-03-11 00:00:00+00:00,0.7640587091445923,0.7685213685035706,186963.78003348527,2015-03-12 00:00:00+00:00,0.7685213685035706,stop,-891.6630556606106,57.30739290422258,-1.0686846095283888,1
GBPUSD,-1,2015-03-06 00:00:00+00:00,2015-03-09 00:00:00+00:00,1.5057973861694336,1.5202571121044457,64389.986219310056,2015-03-13 00:00:00+00:00,1.4768779342994094,target,1823.712222824526,38.410884556333,1.9587450642719757,4
CADCHF,1,2015-03-10 00:00:00+00:00,2015-03-11 00:00:00+00:00,0.7874000072479248,0.7807999849319458,144293.75901081192,2015-03-18 00:00:00+00:00,0.7807999849319458,stop,-997.598323878327,45.256294350471876,-1.0475210512056354,5
USDCAD,1,2015-03-13 00:00:00+00:00,2015-03-16 00:00:00+00:00,1.2814500331878662,1.2689000368118286,78147.69500531192,2015-03-18 00:00:00+00:00,1.2689000368118286,stop,-1020.6140849977785,39.86079588542241,-1.0406430407401426,2
CHFJPY,-1,2015-03-10 00:00:00+00:00,2015-03-11 00:00:00+00:00,121.26100158691406,123.33100128173828,460.0686811254465,2015-03-20 00:00:00+00:00,123.33100128173828,stop,-974.8478535625775,22.505824034722465,-1.0236320810558788,7
GBPCAD,-1,2015-03-12 00:00:00+00:00,2015-03-13 00:00:00+00:00,1.8894000053405762,1.9052799940109253,61702.6899595591,2015-03-24 00:00:00+00:00,1.857640027999878,target,1913.4355450870735,46.240489888652405,1.952808026364189,7
AUDNZD,-1,2015-03-20 00:00:00+00:00,2015-03-23 00:00:00+00:00,1.027899980545044,1.032960057258606,140437.69224769212,2015-03-24 00:00:00+00:00,1.032960057258606,stop,-768.5099817998624,57.884485550927224,-1.0814556835583198,1
EURAUD,-1,2015-03-11 00:00:00+00:00,2015-03-12 00:00:00+00:00,1.3872599601745605,1.4066699743270874,51091.534109470704,2015-03-26 00:00:00+00:00,1.4066699743270874,stop,-1020.2366334487474,28.549233309612443,-1.0287885409309496,10
EURGBP,1,2015-03-24 00:00:00+00:00,2015-03-25 00:00:00+00:00,0.7350999712944031,0.7303000092506409,202147.4090502759,2015-03-27 00:00:00+00:00,0.7303000092506409,stop,-1029.5452525440983,59.24536185790107,-1.0610588153483174,2
GBPCAD,-1,2015-03-24 00:00:00+00:00,2015-03-25 00:00:00+00:00,1.8550000190734863,1.8730499744415283,54884.18172792978,2015-03-30 00:00:00+00:00,1.8761999607086182,stop_gap,-1204.4982208748024,40.9567715507218,-1.2158579444437108,3
NZDCAD,1,2015-03-20 00:00:00+00:00,2015-03-23 00:00:00+00:00,0.9521200060844421,0.9417999982833862,93253.09561259803,2015-04-01 00:00:00+00:00,0.9417999982833862,stop,-997.6954548446092,35.322780649985035,-1.036703848308604,7
GBPAUD,-1,2015-03-12 00:00:00+00:00,2015-03-13 00:00:00+00:00,1.9323999881744385,1.9627760220319033,32256.94381582577,2015-04-02 00:00:00+00:00,1.9627760220319033,stop,-1004.9673122306586,25.129294742795672,-1.0256463765380557,14
AUDCHF,-1,2015-03-30 00:00:00+00:00,2015-03-31 00:00:00+00:00,0.74058997631073,0.7448958326131105,188501.77950701324,2015-04-02 00:00:00+00:00,0.7319782637059689,target,1567.8068038627162,55.516346737731666,1.9316016078287346,2
AUDNZD,-1,2015-03-30 00:00:00+00:00,2015-03-31 00:00:00+00:00,1.0206999778747559,1.0262999534606934,136771.36420665152,2015-04-03 00:00:00+00:00,1.0095000267028809,target,1476.2979559775424,55.53464484768671,1.9274925408719348,3
EURCHF,-1,2015-04-01 00:00:00+00:00,2015-04-02 00:00:00+00:00,1.0403300523757935,1.045799970626831,132729.872267277,2015-04-03 00:00:00+00:00,1.045799970626831,stop,-781.3999050698817,55.378354297214,-1.0762764607170099,1
EURAUD,1,2015-04-02 00:00:00+00:00,2015-04-03 00:00:00+00:00,1.4337199926376343,1.4155000448226929,51528.94949598689,2015-04-07 00:00:00+00:00,1.4155000448226929,stop,-968.2182338582819,29.363463082649417,-1.0312758309343104,2
AUDCAD,-1,2015-04-06 00:00:00+00:00,2015-04-07 00:00:00+00:00,0.9466999769210815,0.9543300271034241,123067.61762022633,2015-04-07 00:00:00+00:00,0.9543300271034241,stop,-985.8031449876416,46.79104672397304,-1.0498300786651147,0
EURCHF,-1,2015-04-10 00:00:00+00:00,2015-04-13 00:00:00+00:00,1.0386199951171875,1.0425000190734863,133729.76047725734,2015-04-14 00:00:00+00:00,1.0308599472045898,target,982.3991372438895,55.35021139983593,1.893326434803982,1
EURCAD,-1,2015-04-10 00:00:00+00:00,2015-04-13 00:00:00+00:00,1.3338199853897095,1.344249963760376,88778.96529778768,2015-04-15 00:00:00+00:00,1.3129600286483765,target,1804.9296974487222,46.995678203433044,1.9492466825917503,2
GBPNZD,-1,2015-03-18 00:00:00+00:00,2015-03-19 00:00:00+00:00,1.9943000078201294,2.0263500213623047,29929.971381049443,2015-04-16 00:00:00+00:00,1.9529000520706177,max_hold,1215.4715737940378,23.62791696556134,1.2670982395715162,20
GBPJPY,-1,2015-04-10 00:00:00+00:00,2015-04-13 00:00:00+00:00,175.9219970703125,177.5,586.7940232591652,2015-04-16 00:00:00+00:00,177.5,stop,-967.4398709399132,41.477183113835515,-1.0447935793300842,3
EURCHF,-1,2015-04-16 00:00:00+00:00,2015-04-17 00:00:00+00:00,1.0290299654006958,1.034209966659546,138439.13420761368,2015-04-22 00:00:00+00:00,1.034209966659546,stop,-774.2415194409556,57.12662997139911,-1.07966175407912,3
GBPCHF,1,2015-04-22 00:00:00+00:00,2015-04-23 00:00:00+00:00,1.457800030708313,1.4372105598449707,45529.37744354663,2015-04-23 00:00:00+00:00,1.4372105598449707,stop,-963.7873962760899,26.361605976073058,-1.0281212723704094,0
EURNZD,-1,2015-04-09 00:00:00+00:00,2015-04-10 00:00:00+00:00,1.4083000421524048,1.4293999671936035,43879.67669189403,2015-04-24 00:00:00+00:00,1.4293999671936035,stop,-950.7613608227365,24.903471791737502,-1.026897725975853,10
GBPCAD,-1,2015-04-15 00:00:00+00:00,2015-04-16 00:00:00+00:00,1.8242000341415405,1.8476382438093424,40423.30059251381,2015-04-28 00:00:00+00:00,1.8476382438093424,stop,-977.1353592392592,29.685564487341367,-1.031332071263063,8
AUDCAD,-1,2015-04-15 00:00:00+00:00,2015-04-16 00:00:00+00:00,0.944570004940033,0.9569399952888489,76592.60581740145,2015-04-28 00:00:00+00:00,0.9569399952888489,stop,-976.5781159329933,29.12832118107554,-1.030743920514229,8
CADJPY,1,2015-04-15 00:00:00+00:00,2015-04-16 00:00:00+00:00,96.78199768066406,95.5511274933815,769.7398186592185,2015-04-29 00:00:00+00:00,99.24373805522919,target,1864.7218266482582,30.17776285557727,1.9681484306369192,9
GBPUSD,1,2015-04-24 00:00:00+00:00,2015-04-27 00:00:00+00:00,1.5175197124481201,1.502990961074829,62560.45356025435,2015-04-29 00:00:00+00:00,1.5465772151947021,target,1779.512292445325,38.338258709183364,1.9578202303981096,2
CADCHF,1,2015-04-28 00:00:00+00:00,2015-04-29 00:00:00+00:00,0.7942000031471252,0.7875999808311462,141838.97946380096,2015-04-29 00:00:00+00:00,0.7875999808311462,stop,-981.0126088254409,44.872179088666954,-1.0479331707757609,0
GBPJPY,1,2015-04-22 00:00:00+00:00,2015-04-23 00:00:00+00:00,180.33999633789062,178.46800231933594,500.7632401645045,2015-04-30 00:00:00+00:00,184.083984375,target,1838.353553924947,36.498026675086805,1.961065689622849,5
AUDCHF,1,2015-04-28 00:00:00+00:00,2015-04-29 00:00:00+00:00,0.7646499872207642,0.750977884978056,68470.84765154161,2015-04-30 00:00:00+00:00,0.750977884978056,stop,-956.8956947635251,20.75526502675112,-1.022171102077695,1
NZDCHF,-1,2015-04-29 00:00:00+00:00,2015-04-30 00:00:00+00:00,0.714900016784668,0.7293187202885747,65651.16812230424,2015-05-06 00:00:00+00:00,0.6860626097768545,target,1874.8144890953845,18.39496658589109,1.9805674258274062,4
CHFJPY,1,2015-04-29 00:00:00+00:00,2015-04-30 00:00:00+00:00,126.50569915771484,124.48223876953125,467.6446471219756,2015-05-06 00:00:00+00:00,130.55261993408203,target,1868.4784490105346,24.04238938429031,1.974592206440715,4
EURGBP,1,2015-05-01 00:00:00+00:00,2015-05-04 00:00:00+00:00,0.7383000254631042,0.7300000190734863,116864.6014281673,2015-05-08 00:00:00+00:00,0.7300000190734863,stop,-1004.2953984702858,34.31845989634579,-1.0353806967274921,4
NZDCAD,-1,2015-04-23 00:00:00+00:00,2015-04-24 00:00:00+00:00,0.9207299947738647,0.9351493716239929,64619.287390498204,2015-05-11 00:00:00+00:00,0.8918912410736084,target,1840.113654826789,23.42605851386958,1.9748585357788002,11
GBPNZD,1,2015-04-29 00:00:00+00:00,2015-04-30 00:00:00+00:00,2.027400016784668,1.9972434043884277,31389.624119672517,2015-05-11 00:00:00+00:00,2.0877132415771484,target,1867.3750840033038,25.83437167797165,1.9727083851177205,7
GBPCHF,-1,2015-05-01 00:00:00+00:00,2015-05-04 00:00:00+00:00,1.4140000343322754,1.4354000091552734,45326.078492930224,2015-05-11 00:00:00+00:00,1.4376100301742554,stop_gap,-1095.9989850743514,25.850460323010566,-1.129922724436819,5
CADCHF,-1,2015-05-06 00:00:00+00:00,2015-05-07 00:00:00+00:00,0.7609400153160095,0.7698100209236145,117186.33183004524,2015-05-11 00:00:00+00:00,0.7703800201416016,stop_gap,-1142.1294935316837,35.889955562626454,-1.0987894781404974,2
USDCAD,-1,2015-04-15 00:00:00+00:00,2015-04-16 00:00:00+00:00,1.2304699420928955,1.2486692541278899,52059.64889937177,2015-05-13 00:00:00+00:00,1.1940713180229068,target,1869.6554361551018,25.244153348733818,1.9733556822867393,19
NZDUSD,-1,2015-05-08 00:00:00+00:00,2015-05-11 00:00:00+00:00,0.7422802448272705,0.7499062418937683,129985.92646459506,2015-05-13 00:00:00+00:00,0.7499062418937683,stop,-1030.0649424918777,38.79264858687668,-1.0391342003861095,2
NZDJPY,-1,2015-05-11 00:00:00+00:00,2015-05-12 00:00:00+00:00,88.1719970703125,88.90899658203125,1360.8568677987425,2015-05-13 00:00:00+00:00,88.90899658203125,stop,-1051.1472243604642,48.19637727368351,-1.048054575569358,1
GBPAUD,1,2015-05-11 00:00:00+00:00,2015-05-12 00:00:00+00:00,1.9726999998092651,1.9460599422454834,37648.22372044473,2015-05-13 00:00:00+00:00,1.9460599422454834,stop,-1032.4577172878194,29.506870201038844,-1.0294200561141613,1
EURJPY,1,2015-04-29 00:00:00+00:00,2015-04-30 00:00:00+00:00,132.21099853515625,130.26535034179688,486.5240957082898,2015-05-14 00:00:00+00:00,136.102294921875,target,1867.1012791881362,26.108176493139023,1.9724191357540584,10
EURUSD,1,2015-04-29 00:00:00+00:00,2015-04-30 00:00:00+00:00,1.1113210916519165,1.096059799194336,62026.51121926712,2015-05-14 00:00:00+00:00,1.1418436765670776,target,1865.2582657263167,27.951189954958572,1.9704721631607314,10
EURUSD,1,2015-05-14 00:00:00+00:00,2015-05-15 00:00:00+00:00,1.140393853187561,1.1339620351791382,131729.27168978215,2015-05-15 00:00:00+00:00,1.1339620351791382,stop,-907.1785508383499,59.919848947582565,-1.07072202246358,0
AUDJPY,1,2015-05-13 00:00:00+00:00,2015-05-14 00:00:00+00:00,96.66999816894531,95.44000244140625,810.8594053196769,2015-05-19 00:00:00+00:00,95.44000244140625,stop,-1028.508444348242,31.154840170174488,-1.031237506978129,3
AUDUSD,1,2015-05-13 00:00:00+00:00,2015-05-14 00:00:00+00:00,0.8112273812294006,0.7965589165687561,67993.04680154874,2015-05-19 00:00:00+00:00,0.7965589165687561,stop,-1019.2172619766832,21.863657798615773,-1.0219216712177361,3
EURJPY,1,2015-05-15 00:00:00+00:00,2015-05-18 00:00:00+00:00,136.57400512695312,135.7220001220703,1079.9586251796914,2015-05-19 00:00:00+00:00,135.7220001220703,stop,-978.9438376135898,58.81368389413147,-1.0639188745813708,1
EURNZD,1,2015-05-15 00:00:00+00:00,2015-05-18 00:00:00+00:00,1.535249948501587,1.5210000276565552,69003.55279920148,2015-05-19 00:00:00+00:00,1.5210000276565552,stop,-1025.4735867340667,42.17842131947733,-1.042894974777684,1
NZDUSD,-1,2015-05-20 00:00:00+00:00,2015-05-21 00:00:00+00:00,0.7303001284599304,0.7374087572097778,132826.59104239687,2015-05-22 00:00:00+00:00,0.7374087572097778,stop,-983.2050774134356,38.99015358522848,-1.0412937273085534,1
GBPJPY,1,2015-05-21 00:00:00+00:00,2015-05-22 00:00:00+00:00,189.54100036621094,187.94700622558594,592.1928609012402,2015-05-25 00:00:00+00:00,187.94700622558594,stop,-988.6610909124331,44.709140515900486,-1.0473637884821565,1
GBPUSD,1,2015-05-11 00:00:00+00:00,2015-05-12 00:00:00+00:00,1.5579478740692139,1.539883017539978,55519.447135581904,2015-05-26 00:00:00+00:00,1.539883017539978,stop,-1037.3488187711146,34.39797168433382,-1.0342967671688477,10
USDJPY,1,2015-05-19 00:00:00+00:00,2015-05-20 00:00:00+00:00,120.66200256347656,119.8499984741211,1160.8045717019731,2015-05-26 00:00:00+00:00,122.2860107421875,target,1828.753085422826,56.403032906225334,1.9401608892146087,4
EURGBP,-1,2015-05-26 00:00:00+00:00,2015-05-27 00:00:00+00:00,0.7070000171661377,0.7102994322776794,199172.5473873405,2015-05-27 00:00:00+00:00,0.7102994322776794,stop,-713.6103410053363,56.45742835128006,-1.0859121633095474,0
AUDCAD,1,2015-05-13 00:00:00+00:00,2015-05-14 00:00:00+00:00,0.9696999788284302,0.9573000073432922,80431.92723253046,2015-05-28 00:00:00+00:00,0.9573000073432922,stop,-1028.3520687110376,30.99846453297024,-1.031080716411023,10
USDCAD,1,2015-05-22 00:00:00+00:00,2015-05-25 00:00:00+00:00,1.2294000387191772,1.2173000574111938,76461.06141039821,2015-06-01 00:00:00+00:00,1.253600001335144,target,1812.3842639998552,37.97056370892294,1.9589586136233768,5
GBPAUD,1,2015-05-28 00:00:00+00:00,2015-05-29 00:00:00+00:00,2.00068998336792,1.978600025177002,42738.74560043925,2015-06-02 00:00:00+00:00,1.978600025177002,stop,-978.1110761150966,34.01397266911423,-1.0360280447265033,2
EURNZD,1,2015-05-29 00:00:00+00:00,2015-06-01 00:00:00+00:00,1.5443999767303467,1.5253000259399414,50602.446495246775,2015-06-04 00:00:00+00:00,1.5825998783111572,target,1901.3617072955822,31.64676857107643,1.9672564616594477,3
NZDUSD,-1,2015-05-26 00:00:00+00:00,2015-05-27 00:00:00+00:00,0.724480152130127,0.7324934005737305,117151.81877687991,2015-06-05 00:00:00+00:00,0.7084536552429199,target,1843.9590986141818,33.57416034412635,1.9642358821779233,7
CHFJPY,1,2015-05-29 00:00:00+00:00,2015-06-01 00:00:00+00:00,131.95790100097656,130.77000427246094,813.6264834579147,2015-06-09 00:00:00+00:00,134.3336944580078,target,1889.67609698912,43.33237887753821,1.9551658676942838,6
USDJPY,1,2015-06-05 00:00:00+00:00,2015-06-08 00:00:00+00:00,125.60199737548828,124.35900115966797,809.7168822880735,2015-06-09 00:00:00+00:00,124.35900115966797,stop,-1046.954548655397,40.47952808550009,-1.0402191085304626,1
NZDCHF,-1,2015-05-28 00:00:00+00:00,2015-05-29 00:00:00+00:00,0.6771799921989441,0.6888899803161621,80623.23325997317,2015-06-11 00:00:00+00:00,0.6537600159645081,target,1866.733269545326,21.460937346638524,1.9772682944706583,9
GBPNZD,1,2015-06-10 00:00:00+00:00,2015-06-11 00:00:00+00:00,2.2005300521850586,2.1638498436659575,27180.51307852478,2015-06-17 00:00:00+00:00,2.273890469223261,target,1969.6503656526977,24.323409100191697,1.9756030802328821,4
AUDUSD,-1,2015-05-26 00:00:00+00:00,2015-05-27 00:00:00+00:00,0.7748934030532837,0.7843137383460999,99653.20769368438,2015-06-18 00:00:00+00:00,0.7843137383460999,stop,-969.8426280990238,31.075998619869736,-1.0331030073332617,16
USDCHF,-1,2015-06-17 00:00:00+00:00,2015-06-18 00:00:00+00:00,0.9210000038146973,0.9321100115776062,96580.58234774225,2015-06-23 00:00:00+00:00,0.9321100115776062,stop,-1108.8059085178866,35.794888888204454,-1.0333592928994877,3
EURJPY,1,2015-06-02 00:00:00+00:00,2015-06-03 00:00:00+00:00,138.3040008544922,136.35258811712265,489.15754712301685,2015-06-29 00:00:00+00:00,134.4459991455078,stop_gap,-1913.8541969587645,26.683544195560568,-2.0049842014757018,18
EURCAD,1,2015-06-02 00:00:00+00:00,2015-06-03 00:00:00+00:00,1.3839000463485718,1.3664000034332275,54545.481554181555,2015-06-29 00:00:00+00:00,1.3560199737548828,stop_gap,-1550.6220367716012,29.89005138329715,-1.624456393348819,18
NZDJPY,-1,2015-06-10 00:00:00+00:00,2015-06-11 00:00:00+00:00,86.5479965209961,87.84592917561531,768.1345282655958,2015-06-29 00:00:00+00:00,83.56400299072266,target,2265.9746826247265,26.13378009945027,2.2728229541590093,12
NZDCAD,-1,2015-06-10 00:00:00+00:00,2015-06-11 00:00:00+00:00,0.864579975605011,0.8783132852986455,72596.25753860014,2015-06-30 00:00:00+00:00,0.837113356217742,target,1969.2664612791448,24.707313473744627,1.9752180156162722,13
AUDCAD,-1,2015-06-05 00:00:00+00:00,2015-06-08 00:00:00+00:00,0.9491000175476074,0.9622677564620972,76434.91620739643,2015-07-01 00:00:00+00:00,0.9622677564620972,stop,-1035.6940676994868,29.219047129589917,-1.0290310703518952,17
NZDUSD,-1,2015-06-17 00:00:00+00:00,2015-06-18 00:00:00+00:00,0.6884681582450867,0.6989096999168396,102763.65821844626,2015-07-02 00:00:00+00:00,0.6675850749015808,target,2118.1514410639434,27.870598195420634,1.974025804315561,10
CADJPY,-1,2015-06-29 00:00:00+00:00,2015-06-30 00:00:00+00:00,98.83699798583984,99.83899688720703,991.963256347062,2015-07-07 00:00:00+00:00,96.83300018310547,target,1949.0726964021296,38.819489710618136,1.960944069319445,5
GBPNZD,1,2015-06-30 00:00:00+00:00,2015-07-01 00:00:00+00:00,2.311500072479248,2.2964000701904297,65989.65333941391,2015-07-07 00:00:00+00:00,2.3417000770568848,target,1931.4752199696006,61.41261295735968,1.9383682192819023,4
GBPCHF,1,2015-06-23 00:00:00+00:00,2015-06-24 00:00:00+00:00,1.4687999486923218,1.4558000564575195,78173.79748427178,2015-07-08 00:00:00+00:00,1.4558000564575195,stop,-1061.976360585805,45.72541770501678,-1.0449942192185309,10
CHFJPY,-1,2015-07-01 00:00:00+00:00,2015-07-02 00:00:00+00:00,129.9499969482422,131.3260040283203,758.4198129444264,2015-07-08 00:00:00+00:00,127.19798278808594,target,2048.1768400279834,39.00522453813262,1.9626240324691167,4
CADCHF,-1,2015-07-07 00:00:00+00:00,2015-07-08 00:00:00+00:00,0.7439000010490417,0.7476434737909585,214395.34694882212,2015-07-08 00:00:00+00:00,0.7476434737909585,stop,-866.5391334522203,63.955996155514725,-1.0796876898895909,0
EURNZD,1,2015-06-10 00:00:00+00:00,2015-06-11 00:00:00+00:00,1.6055899858474731,1.5765942502766848,34383.91431534692,2015-07-09 00:00:00+00:00,1.6483999490737915,max_hold,1449.5971251958163,22.37698222106681,1.453978125038744,20
EURCAD,1,2015-07-08 00:00:00+00:00,2015-07-09 00:00:00+00:00,1.409559965133667,1.3982000350952148,93891.7344898797,2015-07-09 00:00:00+00:00,1.3982000350952148,stop,-1119.328626284517,52.72509129055895,-1.0494326988058011,0
GBPJPY,-1,2015-07-08 00:00:00+00:00,2015-07-09 00:00:00+00:00,185.75999450683594,188.22507870197296,432.68442396332426,2015-07-10 00:00:00+00:00,188.22507870197296,stop,-1098.967038188405,32.36350319444703,-1.0303425800990154,1
CHFJPY,-1,2015-07-08 00:00:00+00:00,2015-07-09 00:00:00+00:00,127.80000305175781,129.4340057373047,652.7550685371012,2015-07-10 00:00:00+00:00,129.4340057373047,stop,-1100.1856956013935,33.58216060743556,-1.031485139047121,1
USDJPY,-1,2015-07-08 00:00:00+00:00,2015-07-09 00:00:00+00:00,120.9010009765625,122.22528839111328,805.4169535060985,2015-07-10 00:00:00+00:00,122.22528839111328,stop,-1105.767142053909,39.16360705995112,-1.0367180548114094,1
EURCAD,1,2015-07-10 00:00:00+00:00,2015-07-13 00:00:00+00:00,1.4128999710083008,1.4050999879837036,109384.61889656055,2015-07-13 00:00:00+00:00,1.4050999879837036,stop,-914.8473408581757,61.649170312972736,-1.0722565664593235,0
EURAUD,1,2015-07-08 00:00:00+00:00,2015-07-09 00:00:00+00:00,1.4916000366210938,1.475600004196167,66662.5858415309,2015-07-15 00:00:00+00:00,1.475600004196167,stop,-1106.163780479953,39.560245485994926,-1.0370899253453338,4
GBPAUD,1,2015-07-13 00:00:00+00:00,2015-07-14 00:00:00+00:00,2.094249963760376,2.079400062561035,67920.72738176171,2015-07-20 00:00:00+00:00,2.1239497661590576,target,1959.9315432335125,57.300638779535745,1.943188851248294,4
NZDCHF,-1,2015-07-15 00:00:00+00:00,2015-07-16 00:00:00+00:00,0.6255000233650208,0.6353800296783447,104580.04779347568,2015-07-21 00:00:00+00:00,0.6353800296783447,stop,-1059.6241116890858,26.37257924182306,-1.0255238714036645,3
GBPCAD,1,2015-07-14 00:00:00+00:00,2015-07-15 00:00:00+00:00,1.9909000396728516,1.9704999923706055,49345.03123079403,2015-07-22 00:00:00+00:00,2.0317001342773438,target,1973.5828762355043,39.69906624251398,1.9605628348370812,5
NZDUSD,-1,2015-07-15 00:00:00+00:00,2015-07-16 00:00:00+00:00,0.6565988063812256,0.6684350967407227,87295.2167499181,2015-07-23 00:00:00+00:00,0.6684350967407227,stop,-1056.3853568020668,23.13382435480409,-1.0223893443448484,5
USDCAD,1,2015-07-22 00:00:00+00:00,2015-07-23 00:00:00+00:00,1.3041399717330933,1.2935999631881714,97612.33180742004,2015-07-28 00:00:00+00:00,1.2935999631881714,stop,-1079.5491018353407,50.71429049538405,-1.0492929379297866,3
GBPCHF,1,2015-07-15 00:00:00+00:00,2015-07-16 00:00:00+00:00,1.4886000156402588,1.475790023803711,80659.81193675079,2015-07-30 00:00:00+00:00,1.5142199993133545,target,2018.0616853573115,48.44137953721393,1.9531175342924678,10
NZDCHF,1,2015-07-28 00:00:00+00:00,2015-07-29 00:00:00+00:00,0.6454600095748901,0.6365000009536743,112124.91819125417,2015-07-31 00:00:00+00:00,0.6365000009536743,stop,-1033.3881659077508,28.747932260994926,-1.0286151512732498,2
AUDCHF,-1,2015-07-03 00:00:00+00:00,2015-07-06 00:00:00+00:00,0.70660001039505,0.7207773923873901,74077.81319086727,2015-08-03 00:00:00+00:00,0.705839991569519,max_hold,35.37443925746028,20.926093321767908,0.03368258155110003,20
GBPAUD,1,2015-07-24 00:00:00+00:00,2015-07-27 00:00:00+00:00,2.1337199211120605,2.1089999675750732,41572.218802569674,2015-08-04 00:00:00+00:00,2.1089999675750732,stop,-1062.9391731350954,35.27585590610312,-1.034326277210343,6
CADJPY,-1,2015-08-03 00:00:00+00:00,2015-08-04 00:00:00+00:00,94.16999816894531,94.61000061035156,1651.706768611458,2015-08-05 00:00:00+00:00,94.61000061035156,stop,-789.1168510287151,62.3618403524455,-1.0858086142322096,1
USDCAD,1,2015-07-31 00:00:00+00:00,2015-08-03 00:00:00+00:00,1.3122999668121338,1.2978451251983643,71338.45068172016,2015-08-12 00:00:00+00:00,1.2978451251983643,stop,-1068.426746959679,37.24074138370497,-1.036114475159992,7
USDJPY,1,2015-08-05 00:00:00+00:00,2015-08-06 00:00:00+00:00,124.78399658203125,124.02899932861328,1217.2972387445147,2015-08-12 00:00:00+00:00,124.02899932861328,stop,-979.6319464225415,60.57587457715557,-1.0659109671682212,4
AUDUSD,-1,2015-07-15 00:00:00+00:00,2015-07-16 00:00:00+00:00,0.7370826601982117,0.7489514946937561,87055.85479645418,2015-08-13 00:00:00+00:00,0.7384979128837585,max_hold,-148.8976179153991,25.691585622138533,-0.1441058766810964,20
EURUSD,1,2015-08-12 00:00:00+00:00,2015-08-13 00:00:00+00:00,1.1155858039855957,1.103302240371704,78981.76513949259,2015-08-18 00:00:00+00:00,1.103302240371704,stop,-1005.2278753064545,35.05033887805126,-1.0361277576134003,3
GBPCAD,1,2015-07-22 00:00:00+00:00,2015-07-23 00:00:00+00:00,2.0357000827789307,2.0127999782562256,44927.07927686023,2015-08-20 00:00:00+00:00,2.057800054550171,max_hold,956.1053827449588,36.78180103792456,0.9293089349297242,20
GBPCHF,1,2015-08-04 00:00:00+00:00,2015-08-05 00:00:00+00:00,1.5223000049591064,1.5069999694824219,66454.20185114453,2015-08-20 00:00:00+00:00,1.5069999694824219,stop,-1057.0135882911097,40.261942393840854,-1.0395986006575975,11
AUDCHF,1,2015-08-04 00:00:00+00:00,2015-08-05 00:00:00+00:00,0.7211700081825256,0.7087841629981995,82089.80741854665,2015-08-20 00:00:00+00:00,0.7087841629981995,stop,-1040.2285784031837,23.476932505914647,-1.0230901347449473,11
EURCAD,1,2015-08-20 00:00:00+00:00,2015-08-21 00:00:00+00:00,1.468999981880188,1.4586100578308105,91829.51580433201,2015-08-21 00:00:00+00:00,1.4897798299789429,target,1853.8627258972988,54.34066349893132,1.9430452080727882,0
EURAUD,1,2015-08-20 00:00:00+00:00,2015-08-21 00:00:00+00:00,1.5312999486923218,1.5111700296401978,47397.19480379343,2015-08-24 00:00:00+00:00,1.5715597867965698,target,1878.7900199298674,29.413369466362788,1.9691716620672501,1
EURUSD,1,2015-08-20 00:00:00+00:00,2015-08-21 00:00:00+00:00,1.1235954761505127,1.110839605331421,74797.06467943409,2015-08-24 00:00:00+00:00,1.1491072177886963,target,1874.205091317091,33.99829807913902,1.9643661694889911,1
NZDJPY,-1,2015-08-21 00:00:00+00:00,2015-08-24 00:00:00+00:00,80.63200378417969,81.76564025878906,882.5054123653296,2015-08-24 00:00:00+00:00,78.36473083496094,target,1972.8175532250887,28.063095769961116,1.9719492556599456,0
USDJPY,-1,2015-08-21 00:00:00+00:00,2015-08-24 00:00:00+00:00,121.74400329589844,122.79085391759872,955.6667434295614,2015-08-24 00:00:00+00:00,119.65030205249786,target,1954.7421470601012,46.13850193494861,1.9538818050360756,0
GBPAUD,1,2015-08-21 00:00:00+00:00,2015-08-24 00:00:00+00:00,2.160799980163574,2.132539987564087,35401.29463854407,2015-08-24 00:00:00+00:00,2.217319965362549,target,1969.8824261641585,30.998222830891358,1.969015420438535,0
GBPCHF,-1,2015-08-24 00:00:00+00:00,2015-08-25 00:00:00+00:00,1.4702999591827393,1.4850000143051147,74153.03977180654,2015-08-25 00:00:00+00:00,1.4850000143051147,stop,-1133.8826674315908,43.828895294332725,-1.0402080121317299,0
GBPUSD,1,2015-08-24 00:00:00+00:00,2015-08-25 00:00:00+00:00,1.5763919353485107,1.5633060932159424,83300.23861622982,2015-08-26 00:00:00+00:00,1.5633060932159424,stop,-1142.361291129723,52.30751899246506,-1.0479861822687024,1
USDCHF,-1,2015-08-21 00:00:00+00:00,2015-08-24 00:00:00+00:00,0.9473000168800354,0.9592999815940857,83370.27219139638,2015-08-27 00:00:00+00:00,0.9592999815940857,stop,-1032.2310766641056,31.79075216658068,-1.031776760080665,3
GBPNZD,1,2015-08-24 00:00:00+00:00,2015-08-25 00:00:00+00:00,2.437700033187866,2.385174512863159,20752.841007545754,2015-08-27 00:00:00+00:00,2.385174512863159,stop,-1110.0714418679652,20.01766973070727,-1.0183639286816637,2
CHFJPY,-1,2015-08-27 00:00:00+00:00,2015-08-28 00:00:00+00:00,125.302001953125,126.47699737548828,873.9739879893473,2015-09-03 00:00:00+00:00,122.95201110839844,target,2010.437360338181,43.39350996594783,1.9577438331526078,4
AUDUSD,-1,2015-08-24 00:00:00+00:00,2015-08-25 00:00:00+00:00,0.7177205085754395,0.7276961207389832,109271.86765749633,2015-09-04 00:00:00+00:00,0.697769284248352,target,2149.1729016121203,30.934642662395653,1.971620993887538,8
GBPUSD,-1,2015-08-27 00:00:00+00:00,2015-08-28 00:00:00+00:00,1.5411882400512695,1.550988793373108,99947.11305848365,2015-09-04 00:00:00+00:00,1.5215871334075928,target,1897.8509104821894,61.22311130476648,1.9374979090898032,5
AUDUSD,-1,2015-09-04 00:00:00+00:00,2015-09-07 00:00:00+00:00,0.6935774683952332,0.7022964954376221,128892.9387788143,2015-09-08 00:00:00+00:00,0.7022964954376221,stop,-1159.8046782581107,35.98365947264982,-1.0320190304960999,1
GBPJPY,-1,2015-09-04 00:00:00+00:00,2015-09-07 00:00:00+00:00,181.02999877929688,183.2469940185547,506.9117871275558,2015-09-08 00:00:00+00:00,183.2469940185547,stop,-1160.752279071183,36.931260285722146,-1.0328622259847342,1
GBPCAD,-1,2015-08-31 00:00:00+00:00,2015-09-01 00:00:00+00:00,2.018899917602539,2.0493853092193604,34420.704845484746,2015-09-10 00:00:00+00:00,2.0493853092193604,stop,-1077.335315945557,28.006649003936516,-1.0266900637390997,7
EURJPY,-1,2015-09-03 00:00:00+00:00,2015-09-04 00:00:00+00:00,133.58999633789062,135.34500122070312,623.5666458206731,2015-09-10 00:00:00+00:00,135.34500122070312,stop,-1127.9022870485749,33.53977887428064,-1.0306477777004939,4
AUDCAD,-1,2015-08-31 00:00:00+00:00,2015-09-01 00:00:00+00:00,0.9341999888420105,0.9470000267028809,81978.55962203143,2015-09-14 00:00:00+00:00,0.9470000267028809,stop,-1080.1722804686833,30.843613527062665,-1.0293936632999454,9
EURGBP,1,2015-08-21 00:00:00+00:00,2015-08-24 00:00:00+00:00,0.7257000207901001,0.7158331871032715,101394.26246061368,2015-09-21 00:00:00+00:00,0.7268999814987183,max_hold,92.21206985558202,29.4570611764721,0.09217148449298651,20
EURCHF,1,2015-09-08 00:00:00+00:00,2015-09-09 00:00:00+00:00,1.0959500074386597,1.0872000455856323,121799.8570322775,2015-09-21 00:00:00+00:00,1.0872000455856323,stop,-1118.925575604286,53.18147286767356,-1.0499007901907358,8
NZDUSD,-1,2015-08-24 00:00:00+00:00,2015-08-25 00:00:00+00:00,0.6464123725891113,0.6588535904884338,87616.32349487401,2015-09-22 00:00:00+00:00,0.6329914927482605,max_hold,1153.4688171326213,22.41933258919828,1.0581760704070828,20
EURGBP,-1,2015-09-21 00:00:00+00:00,2015-09-22 00:00:00+00:00,0.7214000225067139,0.7284500002861023,146220.69445126405,2015-09-23 00:00:00+00:00,0.7284500002861023,stop,-1073.2522622047456,42.399615436589315,-1.0411306267384743,1
CADCHF,-1,2015-09-29 00:00:00+00:00,2015-09-30 00:00:00+00:00,0.7233999967575073,0.7274810262024403,213444.84475894517,2015-09-30 00:00:00+00:00,0.7274810262024403,stop,-933.0113112722721,61.936614941877124,-1.0711036782526224,0
EURGBP,1,2015-09-29 00:00:00+00:00,2015-09-30 00:00:00+00:00,0.7422999739646912,0.7382299900054932,208010.2457525779,2015-09-30 00:00:00+00:00,0.7382299900054932,stop,-908.1914438917242,61.59308032989867,-1.0727536019214154,0
USDCAD,1,2015-09-24 00:00:00+00:00,2015-09-25 00:00:00+00:00,1.333799958229065,1.3287228345870972,114710.89016140206,2015-10-01 00:00:00+00:00,1.3287228345870972,stop,-643.4854443574156,61.08407192779285,-1.104883118102841,4
GBPUSD,-1,2015-09-30 00:00:00+00:00,2015-10-01 00:00:00+00:00,1.5122873783111572,1.521375298500061,98748.90705707642,2015-10-02 00:00:00+00:00,1.521375298500061,stop,-957.3363608191811,59.914174742990525,-1.0667625290221028,1
GBPNZD,-1,2015-09-30 00:00:00+00:00,2015-10-01 00:00:00+00:00,2.3667500019073486,2.3851099014282227,54225.6873808603,2015-10-05 00:00:00+00:00,2.3300302028656006,target,1940.219116509717,50.937227016126194,1.9488365369382006,2
NZDJPY,1,2015-10-05 00:00:00+00:00,2015-10-06 00:00:00+00:00,78.2249984741211,77.29199981689453,1087.3052787706167,2015-10-09 00:00:00+00:00,80.09099578857422,target,1994.4811669215478,34.427563255129456,1.9660629748957397,3
EURNZD,-1,2015-10-05 00:00:00+00:00,2015-10-06 00:00:00+00:00,1.7234899997711182,1.7416000366210938,56016.14030341999,2015-10-09 00:00:00+00:00,1.687269926071167,target,1990.6972088672244,38.21152130945276,1.962332932239761,3
USDCAD,-1,2015-10-09 00:00:00+00:00,2015-10-12 00:00:00+00:00,1.295300006866455,1.2999999523162842,124293.01996165518,2015-10-12 00:00:00+00:00,1.2999999523162842,stop,-648.6859475409356,64.51553392663662,-1.110439577943489,0
AUDCHF,1,2015-10-12 00:00:00+00:00,2015-10-13 00:00:00+00:00,0.7069000005722046,0.7023098468780518,227026.4943539109,2015-10-13 00:00:00+00:00,0.7023098468780518,stop,-1106.0720960242995,63.98559429512826,-1.0614014231917932,0
NZDCAD,1,2015-09-29 00:00:00+00:00,2015-09-30 00:00:00+00:00,0.8539999723434448,0.8429999947547913,93579.58460194005,2015-10-14 00:00:00+00:00,0.875999927520752,target,2026.3681323555636,32.37853439813789,1.9685453922806408,10
AUDNZD,-1,2015-10-02 00:00:00+00:00,2015-10-05 00:00:00+00:00,1.0920000076293945,1.1004799604415894,116472.17396721161,2015-10-14 00:00:00+00:00,1.0750401020050049,target,1924.8771038227492,50.47997452865262,1.9488902790468827,7
NZDCHF,1,2015-10-05 00:00:00+00:00,2015-10-06 00:00:00+00:00,0.6333000063896179,0.6255999803543091,131746.8746776322,2015-10-15 00:00:00+00:00,0.6487000584602356,target,1995.1288298005793,33.779900376098006,1.9667014096063784,7
EURGBP,1,2015-10-13 00:00:00+00:00,2015-10-14 00:00:00+00:00,0.7462000250816345,0.7392799854278564,153188.87897221852,2015-10-15 00:00:00+00:00,0.7392799854278564,stop,-1105.5849205146803,45.51180350911766,-1.0429327022627242,1
EURUSD,1,2015-10-14 00:00:00+00:00,2015-10-15 00:00:00+00:00,1.1474995613098145,1.138498306274414,119196.83004597174,2015-10-15 00:00:00+00:00,1.138498306274414,stop,-1127.417806516646,54.49673986157822,-1.050792869629708,0
NZDJPY,1,2015-10-15 00:00:00+00:00,2015-10-16 00:00:00+00:00,81.41999816894531,80.83300018310547,1815.674931315642,2015-10-16 00:00:00+00:00,80.83300018310547,stop,-1124.7172679499017,58.91974032772336,-1.0552823015635762,0
GBPNZD,-1,2015-10-15 00:00:00+00:00,2015-10-16 00:00:00+00:00,2.262049913406372,2.276057720184326,70674.66911133828,2015-10-16 00:00:00+00:00,2.276057720184326,stop,-1054.1429600866,64.1458510791322,-1.0647939781798377,0
GBPCAD,-1,2015-10-02 00:00:00+00:00,2015-10-05 00:00:00+00:00,2.0003700256347656,2.014699935913086,68924.26539962064,2015-10-19 00:00:00+00:00,2.014699935913086,stop,-1043.0256887012547,55.34714952555375,-1.0560376148010118,10
GBPCHF,-1,2015-10-13 00:00:00+00:00,2015-10-14 00:00:00+00:00,1.4616999626159668,1.4788299798965454,61883.949072686264,2015-10-19 00:00:00+00:00,1.4788299798965454,stop,-1096.4674380473932,36.39432104183068,-1.0343318969776683,3
AUDNZD,-1,2015-10-22 00:00:00+00:00,2015-10-23 00:00:00+00:00,1.061650037765503,1.0731799602508545,89298.95481187104,2015-10-26 00:00:00+00:00,1.0731799602508545,stop,-1067.7376445085629,38.12761750477789,-1.0370311248966086,1
GBPJPY,1,2015-10-22 00:00:00+00:00,2015-10-23 00:00:00+00:00,185.9739990234375,184.49000549316406,693.8103205976048,2015-10-27 00:00:00+00:00,184.49000549316406,stop,-1081.0163769524922,51.406349948707174,-1.0499279810806643,2
AUDCHF,1,2015-10-26 00:00:00+00:00,2015-10-27 00:00:00+00:00,0.7121999859809875,0.70660001039505,183472.4841880608,2015-10-28 00:00:00+00:00,0.70660001039505,stop,-1079.503584124669,52.062151980224655,-1.050671649352861,1
NZDJPY,1,2015-10-22 00:00:00+00:00,2015-10-23 00:00:00+00:00,82.08300018310547,80.51226806640625,655.4968960381589,2015-10-29 00:00:00+00:00,80.51226806640625,stop,-1050.9261657333943,21.31613872960935,-1.0207031188222209,4
NZDCAD,1,2015-10-14 00:00:00+00:00,2015-10-15 00:00:00+00:00,0.8791999816894531,0.8655722737312317,78730.85260884147,2015-11-04 00:00:00+00:00,0.8655722737312317,stop,-1100.394548110572,27.47348145550437,-1.0256062466376539,14
GBPNZD,1,2015-11-04 00:00:00+00:00,2015-11-05 00:00:00+00:00,2.334399938583374,2.312999963760376,45801.27128752235,2015-11-05 00:00:00+00:00,2.312999963760376,stop,-1022.7174171560519,42.571364741770196,-1.043433695046681,0
EURUSD,-1,2015-10-22 00:00:00+00:00,2015-10-23 00:00:00+00:00,1.1084016561508179,1.1233848109841347,68717.8393641322,2015-11-06 00:00:00+00:00,1.0784353464841843,target,2029.1651112350476,30.054942772522487,1.9708093919209548,10
CHFJPY,-1,2015-10-27 00:00:00+00:00,2015-10-28 00:00:00+00:00,122.03600311279297,123.09400177001953,962.0656714134195,2015-11-09 00:00:00+00:00,123.09400177001953,stop,-1065.0304210654008,47.16623254623157,-1.0463384340251238,8
GBPUSD,-1,2015-11-06 00:00:00+00:00,2015-11-09 00:00:00+00:00,1.505366563796997,1.5210514068603516,62449.86228119399,2015-11-11 00:00:00+00:00,1.5210514068603516,stop,-1017.3161663032054,37.7998770945764,-1.0385903506771854,2
EURAUD,-1,2015-10-22 00:00:00+00:00,2015-10-23 00:00:00+00:00,1.5366899967193604,1.5680820941925049,32798.38271031749,2015-11-20 00:00:00+00:00,1.4916399717330933,max_hold,1457.7030955532682,19.864865055685456,1.415781759425221,20
NZDCHF,1,2015-10-22 00:00:00+00:00,2015-10-23 00:00:00+00:00,0.6611999869346619,0.647446770220995,74863.21552547309,2015-11-20 00:00:00+00:00,0.6647999882698059,max_hold,249.65395145877858,19.853724386100808,0.24247428143768535,20
EURNZD,-1,2015-10-22 00:00:00+00:00,2015-10-23 00:00:00+00:00,1.631500005722046,1.66904735006392,27421.647124468604,2015-11-20 00:00:00+00:00,1.6347999572753906,max_hold,-108.40357202125723,17.91346499759611,-0.10528604925955982,20
CADCHF,1,2015-10-28 00:00:00+00:00,2015-10-29 00:00:00+00:00,0.753059983253479,0.7418000102043152,88363.26036274353,2015-11-26 00:00:00+00:00,0.7682999968528748,max_hold,1319.77082400964,26.886465605519213,1.326445590780844,20
EURCAD,-1,2015-10-28 00:00:00+00:00,2015-10-29 00:00:00+00:00,1.441409945487976,1.4657104015350342,40944.413894701036,2015-11-26 00:00:00+00:00,1.4125699996948242,max_hold,1157.4637700310034,23.370907224548155,1.1633176657002555,20
GBPAUD,-1,2015-11-20 00:00:00+00:00,2015-11-23 00:00:00+00:00,2.101799964904785,2.1263999938964844,40979.70739551331,2015-12-02 00:00:00+00:00,2.0525999069213867,target,1982.1547617716776,34.04921823027891,1.9662244310912966,7
CADCHF,1,2015-11-26 00:00:00+00:00,2015-11-27 00:00:00+00:00,0.769860029220581,0.7669937610626221,197761.16685594677,2015-12-02 00:00:00+00:00,0.7669937610626221,stop,-627.622535210692,60.78599977067815,-1.1072372650141407,3
EURUSD,-1,2015-11-06 00:00:00+00:00,2015-11-09 00:00:00+00:00,1.0732377767562866,1.0884767770767212,64276.93868443308,2015-12-03 00:00:00+00:00,1.0884767770767212,stop,-1007.3059679746231,27.78967876599417,-1.028370818405119,18
EURJPY,-1,2015-11-13 00:00:00+00:00,2015-11-16 00:00:00+00:00,130.86300659179688,132.32785034179688,664.0671656253663,2015-12-03 00:00:00+00:00,132.32785034179688,stop,-1007.7099184230133,34.95528127648058,-1.035934325,13
GBPUSD,-1,2015-12-02 00:00:00+00:00,2015-12-03 00:00:00+00:00,1.4949917793273926,1.507605791091919,82197.93923527644,2015-12-03 00:00:00+00:00,1.507605791091919,stop,-1086.2072390618634,49.36146652826305,-1.047607337403368,0
AUDCAD,1,2015-11-20 00:00:00+00:00,2015-11-23 00:00:00+00:00,0.964959979057312,0.9553599953651428,105010.80234368502,2015-12-04 00:00:00+00:00,0.9841599464416504,target,1975.2682505538146,40.93572944814193,1.9593932659054643,9
GBPJPY,-1,2015-12-02 00:00:00+00:00,2015-12-03 00:00:00+00:00,184.1699981689453,185.61599731445312,717.0445264471275,2015-12-04 00:00:00+00:00,185.61599731445312,stop,-1089.876377337235,53.03060480363462,-1.051146087690603,1
NZDJPY,1,2015-12-04 00:00:00+00:00,2015-12-07 00:00:00+00:00,82.89700317382812,81.76399993896484,868.3456724110729,2015-12-08 00:00:00+00:00,81.76399993896484,stop,-1012.4349897148487,28.596533893571994,-1.029066290023905,1
AUDNZD,1,2015-11-12 00:00:00+00:00,2015-11-13 00:00:00+00:00,1.0895700454711914,1.0778000354766846,80787.25084139282,2015-12-09 00:00:00+00:00,1.0778000354766846,stop,-985.8859239110575,35.01917407913319,-1.036828687179695,18
NZDCAD,1,2015-12-04 00:00:00+00:00,2015-12-07 00:00:00+00:00,0.9009600281715393,0.8893725872039795,84905.58515686334,2015-12-11 00:00:00+00:00,0.9241349101066589,target,1936.6847609022855,30.99215074026796,1.9684987402587382,4
AUDJPY,-1,2015-12-11 00:00:00+00:00,2015-12-14 00:00:00+00:00,86.59500122070312,88.00732421875,707.4063599084237,2015-12-15 00:00:00+00:00,88.00732421875,stop,-1023.7892301574255,24.702959094133902,-1.0247255515460576,1
USDCHF,-1,2015-12-09 00:00:00+00:00,2015-12-10 00:00:00+00:00,0.9833599925041199,0.9943000078201294,90801.7980866448,2015-12-17 00:00:00+00:00,0.9943000078201294,stop,-1029.2880785957934,35.91501680669528,-1.0361546111810311,5
AUDCAD,1,2015-12-04 00:00:00+00:00,2015-12-07 00:00:00+00:00,0.9825699925422668,0.974399983882904,120420.73599197503,2015-12-18 00:00:00+00:00,0.9989100098609924,target,1919.9546555939974,47.72225604855619,1.9514938090026994,9
EURGBP,1,2015-12-03 00:00:00+00:00,2015-12-04 00:00:00+00:00,0.7213900089263916,0.7124372124671936,110487.37468660953,2015-12-22 00:00:00+00:00,0.7392956018447876,target,1946.0644900853977,32.27746367532288,1.9673691763812973,12
GBPCHF,-1,2015-12-03 00:00:00+00:00,2015-12-04 00:00:00+00:00,1.5038599967956543,1.5226582288742065,52620.42583296704,2015-12-22 00:00:00+00:00,1.4662635326385498,target,1947.084120781652,31.25783297906857,1.9683999695607233,12
AUDCAD,1,2015-12-18 00:00:00+00:00,2015-12-21 00:00:00+00:00,0.9994000196456909,0.9923700094223022,143776.66542055458,2015-12-29 00:00:00+00:00,1.0134600400924683,target,1963.6223941129883,57.88046146947417,1.9427352167130165,6
GBPCHF,-1,2015-12-22 00:00:00+00:00,2015-12-23 00:00:00+00:00,1.4640400409698486,1.4796600341796875,67334.80654793922,2015-12-31 00:00:00+00:00,1.4796600341796875,stop,-1091.411916083694,39.642695019069635,-1.037691438601847,6
EURUSD,1,2015-12-03 00:00:00+00:00,2015-12-04 00:00:00+00:00,1.0918341875076294,1.0773115470074117,68112.33651797232,2016-01-01 00:00:00+00:00,1.0859060287475586,max_hold,-433.4469392895669,29.666194891659035,-0.4381921320180345,20
GBPJPY,-1,2015-12-18 00:00:00+00:00,2015-12-21 00:00:00+00:00,180.7899932861328,182.89652299880981,479.8182630458874,2016-01-04 00:00:00+00:00,176.5769338607788,target,1987.208619931727,34.294235650735466,1.9660705543343353,10
GBPAUD,-1,2015-12-29 00:00:00+00:00,2015-12-30 00:00:00+00:00,2.032910108566284,2.0530800819396973,52087.45406005034,2016-01-04 00:00:00+00:00,2.0530800819396973,stop,-1093.168326747652,42.56576526755933,-1.0405155734701355,3
NZDCHF,1,2015-12-31 00:00:00+00:00,2016-01-01 00:00:00+00:00,0.6848099827766418,0.6756500005722046,114119.0865857137,2016-01-04 00:00:00+00:00,0.6756500005722046,stop,-1076.379692439009,31.050890127237125,-1.0297044241568465,1
EURJPY,-1,2016-01-01 00:00:00+00:00,2016-01-04 00:00:00+00:00,130.5500030517578,130.94613805413246,1198.0485903663666,2016-01-04 00:00:00+00:00,129.75773304700851,target,886.8056991205337,62.372263258917435,1.868576250753738,0
CADCHF,-1,2015-12-11 00:00:00+00:00,2015-12-14 00:00:00+00:00,0.7163000106811523,0.725059986114502,114051.26403205727,2016-01-05 00:00:00+00:00,0.725059986114502,stop,-1031.964056975249,32.877785911957275,-1.0329078547711066,16
CHFJPY,-1,2015-12-31 00:00:00+00:00,2016-01-01 00:00:00+00:00,120.11000061035156,121.46565681695938,771.086944622515,2016-01-06 00:00:00+00:00,117.39868819713593,target,2054.0296347887706,36.627969834773054,1.9649603361604795,3
USDJPY,-1,2016-01-04 00:00:00+00:00,2016-01-05 00:00:00+00:00,119.4739990234375,120.447998046875,1068.789037986383,2016-01-07 00:00:00+00:00,117.5260009765625,target,2031.3383581183296,50.66060040055456,1.9513346534653464,2
AUDJPY,-1,2016-01-04 00:00:00+00:00,2016-01-05 00:00:00+00:00,85.7969970703125,87.08427885174751,808.6803482132524,2016-01-07 00:00:00+00:00,83.22243350744247,target,2054.6624201239993,27.336538394884908,1.9737401036796562,2
NZDJPY,-1,2016-01-04 00:00:00+00:00,2016-01-05 00:00:00+00:00,80.55000305175781,81.71248626708984,895.4963525749567,2016-01-07 00:00:00+00:00,78.22503662109375,target,2053.5624647374875,28.43649378139653,1.9726834697346571,2
GBPJPY,-1,2016-01-04 00:00:00+00:00,2016-01-05 00:00:00+00:00,175.76499938964844,177.33399963378906,663.4794883856885,2016-01-07 00:00:00+00:00,172.6269989013672,target,2035.768769562126,46.23018895675814,1.9555905743683504,2
USDCHF,1,2016-01-05 00:00:00+00:00,2016-01-06 00:00:00+00:00,1.0084999799728394,1.0003999471664429,131335.76087613168,2016-01-07 00:00:00+00:00,1.0003999471664429,stop,-1116.592051840679,52.768080090968624,-1.0496022664390416,1
NZDUSD,-1,2016-01-07 00:00:00+00:00,2016-01-08 00:00:00+00:00,0.6626027226448059,0.6667110919952393,254760.6741785376,2016-01-08 00:00:00+00:00,0.6667110919952393,stop,-1114.382322213349,67.73137672250829,-1.064712478419197,0
AUDCHF,-1,2016-01-07 00:00:00+00:00,2016-01-08 00:00:00+00:00,0.6969000101089478,0.7091932892799377,91543.30806048676,2016-01-13 00:00:00+00:00,0.7091932892799377,stop,-1151.1111286370506,25.743686413548595,-1.0228758052238336,3
NZDCHF,-1,2016-01-08 00:00:00+00:00,2016-01-11 00:00:00+00:00,0.6464999914169312,0.658124559558928,99515.64200755768,2016-01-13 00:00:00+00:00,0.658124559558928,stop,-1182.7924716652562,25.966109953836856,-1.022445987412858,2
AUDUSD,-1,2016-01-06 00:00:00+00:00,2016-01-07 00:00:00+00:00,0.708014726638794,0.7173087000846863,118410.83550548047,2016-01-15 00:00:00+00:00,0.6894267797470093,target,2167.9198785194853,33.094443268236034,1.9699280073367667,6
EURCAD,1,2016-01-07 00:00:00+00:00,2016-01-08 00:00:00+00:00,1.5409599542617798,1.519231085665524,51791.35016801658,2016-01-15 00:00:00+00:00,1.5844176914542913,target,2218.3613788356893,32.373505611314464,1.9712329463278668,5
EURGBP,1,2016-01-07 00:00:00+00:00,2016-01-08 00:00:00+00:00,0.746999979019165,0.7387199585791677,135913.60678137006,2016-01-15 00:00:00+00:00,0.7635600198991597,target,2209.6737529044735,41.06113154253039,1.9635131335758198,5
GBPUSD,-1,2016-01-08 00:00:00+00:00,2016-01-11 00:00:00+00:00,1.452897071838379,1.4647936820983887,97239.99832120833,2016-01-18 00:00:00+00:00,1.4274091720581055,target,2422.427136980703,56.01619486421201,2.0940282977273634,5
CADCHF,-1,2016-01-07 00:00:00+00:00,2016-01-08 00:00:00+00:00,0.7044600248336792,0.715369701385498,103153.14453899938,2016-01-20 00:00:00+00:00,0.6826406717300415,target,2222.1181247184472,28.61675972855684,1.974571185681349,8
EURCAD,1,2016-01-15 00:00:00+00:00,2016-01-18 00:00:00+00:00,1.5917799472808838,1.5648571252822876,45462.1004210156,2016-01-21 00:00:00+00:00,1.5648571252822876,stop,-1252.6695076344215,28.70147031711352,-1.0234495260023466,3
AUDCHF,-1,2016-01-15 00:00:00+00:00,2016-01-18 00:00:00+00:00,0.6869000196456909,0.7018407583236694,81921.52099690636,2016-01-21 00:00:00+00:00,0.7018407583236694,stop,-1246.7215886776435,22.753551360335408,-1.0185899881913638,3
CADJPY,-1,2016-01-13 00:00:00+00:00,2016-01-14 00:00:00+00:00,81.78299713134766,83.21608451008797,796.7964068769288,2016-01-22 00:00:00+00:00,83.21608451008797,stop,-1168.1730091989339,26.29413507797779,-1.0230270790307945,6
EURGBP,1,2016-01-15 00:00:00+00:00,2016-01-18 00:00:00+00:00,0.7649000287055969,0.7544368505477905,116978.6100224363,2016-01-22 00:00:00+00:00,0.7544368505477905,stop,-1259.5140205754856,35.545983258177486,-1.0290415943671922,4
GBPJPY,-1,2016-01-15 00:00:00+00:00,2016-01-18 00:00:00+00:00,166.99200439453125,169.64644646644592,461.10180752012,2016-01-22 00:00:00+00:00,169.64644646644592,stop,-1255.012956951862,31.04491963455394,-1.0253641587754188,4
GBPCHF,-1,2016-01-19 00:00:00+00:00,2016-01-20 00:00:00+00:00,1.4222999811172485,1.4441399574279785,55589.3687842561,2016-01-22 00:00:00+00:00,1.4441399574279785,stop,-1245.939214744928,31.868717368342203,-1.0262494784587926,2
EURCHF,1,2016-01-25 00:00:00+00:00,2016-01-26 00:00:00+00:00,1.0987999439239502,1.0956000089645386,151719.0677549218,2016-01-27 00:00:00+00:00,1.1051998138427734,target,904.1045401205412,66.87775771608815,1.8622472152889022,1
EURAUD,1,2016-01-07 00:00:00+00:00,2016-01-08 00:00:00+00:00,1.5577600002288818,1.5320775667205453,43818.56734324676,2016-01-28 00:00:00+00:00,1.5320775667205453,stop,-1152.4458933249155,27.078451101413442,-1.024061875335501,14
NZDJPY,-1,2016-01-13 00:00:00+00:00,2016-01-14 00:00:00+00:00,76.10199737548828,77.70539671182632,712.1612490677835,2016-01-29 00:00:00+00:00,77.70539671182632,stop,-1163.7860072987726,21.907133177816558,-1.0191851637457443,11
USDCHF,1,2016-01-22 00:00:00+00:00,2016-01-25 00:00:00+00:00,1.0162800550460815,1.0068000555038452,117713.18950766504,2016-02-03 00:00:00+00:00,1.0068000555038452,stop,-1163.549625136313,47.62864248847029,-1.042681017051456,7
AUDNZD,1,2016-01-27 00:00:00+00:00,2016-01-28 00:00:00+00:00,1.0906699895858765,1.0771081447601318,84288.36725615531,2016-02-03 00:00:00+00:00,1.0771081447601318,stop,-1179.6494532468769,36.54369590352391,-1.0319687795016041,4
USDJPY,1,2016-01-29 00:00:00+00:00,2016-02-01 00:00:00+00:00,121.34200286865234,119.7767186164856,729.7390461794503,2016-02-03 00:00:00+00:00,119.7767186164856,stop,-1177.4397863423915,35.190749166514614,-1.0308082983843183,2
CADCHF,1,2016-01-29 00:00:00+00:00,2016-02-01 00:00:00+00:00,0.7330800294876099,0.7214699983596802,98384.6662071408,2016-02-05 00:00:00+00:00,0.7214699983596802,stop,-1170.8701209701453,28.6210837942686,-1.0250567808444224,4
AUDUSD,1,2016-02-04 00:00:00+00:00,2016-02-05 00:00:00+00:00,0.7199942469596863,0.7154611349105835,222615.64392241742,2016-02-05 00:00:00+00:00,0.7154611349105835,stop,-1073.0526226148752,63.91096483138995,-1.063332005312085,0
EURJPY,1,2016-01-29 00:00:00+00:00,2016-02-01 00:00:00+00:00,131.36399841308594,129.73182678222656,699.8338995602178,2016-02-08 00:00:00+00:00,129.73182678222656,stop,-1178.7937790769424,36.544741901065706,-1.031993672755829,5
NZDCAD,-1,2016-01-22 00:00:00+00:00,2016-01-25 00:00:00+00:00,0.9149399995803833,0.928271634504199,83704.73606761865,2016-02-10 00:00:00+00:00,0.928271634504199,stop,-1146.7780913174056,30.857108669562813,-1.027651696804146,12
EURGBP,1,2016-02-09 00:00:00+00:00,2016-02-10 00:00:00+00:00,0.7803999781608582,0.7732800245285034,150196.38570355967,2016-02-10 00:00:00+00:00,0.7732800245285034,stop,-1116.0627261453806,46.6714241887678,-1.0436429809213665,0
EURUSD,1,2016-02-03 00:00:00+00:00,2016-02-04 00:00:00+00:00,1.1092008352279663,1.0956473350524902,79042.93215396408,2016-02-11 00:00:00+00:00,1.1363078355789185,target,2107.1184717342458,35.498317903545335,1.9668645199876864,5
USDCHF,-1,2016-02-08 00:00:00+00:00,2016-02-09 00:00:00+00:00,0.9872199892997742,0.9970899820327759,105512.79933821852,2016-02-11 00:00:00+00:00,0.9674800038337708,target,2041.5719517853852,41.249173628383375,1.960391055069418,2
USDJPY,-1,2016-02-08 00:00:00+00:00,2016-02-09 00:00:00+00:00,115.6500015258789,117.42379373311996,587.1096729682254,2016-02-11 00:00:00+00:00,112.10241711139679,target,2056.077995808998,26.743129604770658,1.9743202819690453,2
EURUSD,1,2016-02-11 00:00:00+00:00,2016-02-12 00:00:00+00:00,1.131733775138855,1.1265860334970057,142774.0000153853,2016-02-12 00:00:00+00:00,1.1265860334970057,stop,-799.4495357311729,64.48587047858427,-1.0877402156423912,0
GBPNZD,-1,2016-02-11 00:00:00+00:00,2016-02-12 00:00:00+00:00,2.1566998958587646,2.1895101070404053,32831.6809939751,2016-02-15 00:00:00+00:00,2.1895101070404053,stop,-1105.7530629301816,28.538676069601824,-1.0264930327868853,1
GBPJPY,-1,2016-02-11 00:00:00+00:00,2016-02-12 00:00:00+00:00,162.83999633789062,164.85000610351562,535.924951849986,2016-02-15 00:00:00+00:00,165.04100036621094,stop_gap,-1214.7168993734228,35.143921474234205,-1.1276463758654196,1
GBPCAD,-1,2016-01-21 00:00:00+00:00,2016-01-22 00:00:00+00:00,2.0299899578094482,2.0582594871520996,40322.75129615458,2016-02-17 00:00:00+00:00,1.9734508991241455,target,2247.5244518855516,32.285950000599456,1.971676635939648,18
GBPAUD,-1,2016-02-17 00:00:00+00:00,2016-02-18 00:00:00+00:00,1.990399956703186,2.0171101093292236,40217.02241484109,2016-02-19 00:00:00+00:00,2.0171101093292236,stop,-1106.436831295846,32.23402443066534,-1.0300073917370716,1
EURJPY,-1,2016-02-18 00:00:00+00:00,2016-02-19 00:00:00+00:00,125.80500030517578,127.09400177001953,826.9422239373712,2016-02-23 00:00:00+00:00,123.22699737548828,target,2090.6724611941167,41.18701479872293,1.9613604787158483,2
GBPJPY,-1,2016-02-22 00:00:00+00:00,2016-02-23 00:00:00+00:00,159.7790069580078,161.54100036621094,614.6919571590697,2016-02-24 00:00:00+00:00,156.25502014160156,target,2127.313638250173,38.85271492934427,1.9641276720300676,1
GBPUSD,-1,2016-02-22 00:00:00+00:00,2016-02-23 00:00:00+00:00,1.4151077270507812,1.4301036596298218,72225.12977309321,2016-02-29 00:00:00+00:00,1.3851158618927002,target,2125.7170507584933,40.44930242102396,1.962653558567511,4
GBPCAD,-1,2016-02-22 00:00:00+00:00,2016-02-23 00:00:00+00:00,1.9387400150299072,1.9705203725025058,34080.270416203064,2016-02-29 00:00:00+00:00,1.8751793000847101,target,2140.1704728585796,25.99588032093723,1.9759982604449742,4
EURCAD,-1,2016-02-22 00:00:00+00:00,2016-02-23 00:00:00+00:00,1.510740041732788,1.5336500406265259,47275.56651632174,2016-03-01 00:00:00+00:00,1.4649200439453125,target,2138.0311499174295,28.13520326208774,1.9740230447021851,5
GBPNZD,-1,2016-02-24 00:00:00+00:00,2016-02-25 00:00:00+00:00,2.0899999141693115,2.1161301136016846,43708.0822867863,2016-03-01 00:00:00+00:00,2.1161301136016846,stop,-1178.8692824328452,36.76837547254749,-1.0321936312706435,3
EURJPY,-1,2016-02-29 00:00:00+00:00,2016-03-01 00:00:00+00:00,122.36799621582031,124.21832883358002,641.0998891874245,2016-03-02 00:00:00+00:00,124.21832883358002,stop,-1217.8653293384848,31.617293132860958,-1.0266531890193835,1
USDCAD,-1,2016-02-03 00:00:00+00:00,2016-02-04 00:00:00+00:00,1.3792999982833862,1.401508092880249,48239.54572717972,2016-03-03 00:00:00+00:00,1.3428800106048584,max_hold,1730.6203155983897,26.263345403275796,1.6154268219758987,20
EURAUD,-1,2016-03-01 00:00:00+00:00,2016-03-02 00:00:00+00:00,1.514299988746643,1.5306199789047241,71609.7759390771,2016-03-04 00:00:00+00:00,1.481660008430481,target,2294.433672272197,42.90800482405838,1.9632847818147288,2
CADJPY,1,2016-03-04 00:00:00+00:00,2016-03-07 00:00:00+00:00,85.33000183105469,84.38999938964844,1270.0175722981874,2016-03-08 00:00:00+00:00,84.38999938964844,stop,-1236.9290953732873,43.109476784152555,-1.0361105447698202,1
NZDCHF,1,2016-03-04 00:00:00+00:00,2016-03-07 00:00:00+00:00,0.6744999885559082,0.6670100092887878,159388.90830176053,2016-03-09 00:00:00+00:00,0.6670100092887878,stop,-1236.5839813956075,42.76436280647265,-1.0358214609146832,2
CHFJPY,-1,2016-02-18 00:00:00+00:00,2016-02-19 00:00:00+00:00,114.02999877929688,115.0999984741211,996.1963009452376,2016-03-10 00:00:00+00:00,115.0999984741211,stop,-1111.5814291363092,45.651691139889486,-1.0428280490848287,14
CADCHF,1,2016-03-01 00:00:00+00:00,2016-03-02 00:00:00+00:00,0.7421299815177917,0.7358999848365784,187587.71446416128,2016-03-10 00:00:00+00:00,0.7545899748802185,target,2281.1884219335348,56.15325516272038,1.9519511796559574,6
EURCHF,-1,2016-02-23 00:00:00+00:00,2016-02-24 00:00:00+00:00,1.0928599834442139,1.1011700630187988,134282.04376893333,2016-03-11 00:00:00+00:00,1.1011700630187988,stop,-1174.818236903637,58.92376774590022,-1.0528040682828863,12
AUDUSD,1,2016-03-02 00:00:00+00:00,2016-03-03 00:00:00+00:00,0.7286505103111267,0.7166917324066162,99260.26039703775,2016-03-11 00:00:00+00:00,0.7525680661201477,target,2344.6575893438076,29.405228320299578,1.975227927330725,6
AUDJPY,1,2016-03-11 00:00:00+00:00,2016-03-14 00:00:00+00:00,86.01200103759766,84.11000061035156,622.2121054120532,2016-03-15 00:00:00+00:00,84.11000061035156,stop,-1204.6180840958734,21.170393764456655,-1.0178887448405327,1
AUDUSD,1,2016-03-11 00:00:00+00:00,2016-03-14 00:00:00+00:00,0.7563723921775818,0.7449899315834045,103971.16515710279,2016-03-15 00:00:00+00:00,0.7449899315834045,stop,-1214.6673683562979,31.219678024881027,-1.0263802771173927,1
AUDNZD,1,2016-03-15 00:00:00+00:00,2016-03-16 00:00:00+00:00,1.1285500526428223,1.1211999654769897,152405.13045261372,2016-03-16 00:00:00+00:00,1.1211999654769897,stop,-1188.7656823462512,68.574688999464,-1.061216961577761,0
GBPAUD,-1,2016-03-16 00:00:00+00:00,2016-03-17 00:00:00+00:00,1.8890800476074219,1.899283578619361,90572.39562178215,2016-03-17 00:00:00+00:00,1.899283578619361,stop,-992.782481375223,68.62423382275628,-1.0742559339858733,0
AUDCAD,1,2016-03-08 00:00:00+00:00,2016-03-09 00:00:00+00:00,0.9973599910736084,0.9878000020980835,123767.77026950977,2016-03-18 00:00:00+00:00,0.9878000020980835,stop,-1232.3582844984312,49.13976519661911,-1.041530591682773,7
GBPUSD,1,2016-03-17 00:00:00+00:00,2016-03-18 00:00:00+00:00,1.4478065967559814,1.4259850978851318,52855.79408854272,2016-03-22 00:00:00+00:00,1.4259850978851318,stop,-1183.7719594340574,30.379308413062986,-1.0263390861613093,2
AUDUSD,1,2016-03-17 00:00:00+00:00,2016-03-18 00:00:00+00:00,0.7646428942680359,0.7544892430305481,113593.88106247046,2016-03-23 00:00:00+00:00,0.7544892430305481,stop,-1187.9054740854888,34.512823064494384,-1.0299228740827708,3
USDCAD,-1,2016-03-09 00:00:00+00:00,2016-03-10 00:00:00+00:00,1.3246999979019165,1.343791232444346,62073.165187384715,2016-03-31 00:00:00+00:00,1.2865175288170576,target,2337.6894033914123,32.417307375244214,1.972644854151096,15
CHFJPY,1,2016-03-28 00:00:00+00:00,2016-03-29 00:00:00+00:00,116.41000366210938,115.88999938964844,1414.9955669006977,2016-04-04 00:00:00+00:00,115.88999938964844,stop,-801.5444352035003,65.74069490185117,-1.0893454209337128,4
GBPNZD,-1,2016-03-30 00:00:00+00:00,2016-03-31 00:00:00+00:00,2.082520008087158,2.1004600524902344,63227.39558608155,2016-04-05 00:00:00+00:00,2.1004600524902344,stop,-1187.198071308929,52.89578700376363,-1.0466328841400208,3
USDCHF,-1,2016-03-16 00:00:00+00:00,2016-03-17 00:00:00+00:00,0.9779000282287598,0.9912400245666504,85506.5229401551,2016-04-11 00:00:00+00:00,0.9512200355529785,target,2248.3229359772463,32.99046979761334,1.971077652273377,17
GBPCAD,-1,2016-03-16 00:00:00+00:00,2016-03-17 00:00:00+00:00,1.8692899942398071,1.8905400037765503,53677.93839881025,2016-04-12 00:00:00+00:00,1.8267899751663208,target,2241.633815191888,39.67959058297172,1.965213380605639,18
EURAUD,1,2016-04-05 00:00:00+00:00,2016-04-06 00:00:00+00:00,1.5078999996185303,1.4930700063705444,77500.67532993233,2016-04-12 00:00:00+00:00,1.4930700063705444,stop,-1195.8499322790442,46.515440421804875,-1.0404716301053833,4
AUDCHF,-1,2016-04-04 00:00:00+00:00,2016-04-05 00:00:00+00:00,0.7285000085830688,0.7353000044822693,166322.37210326325,2016-04-13 00:00:00+00:00,0.7353000044822693,stop,-1179.6839863390426,48.69253809156295,-1.0430529675242144,6
EURUSD,1,2016-03-16 00:00:00+00:00,2016-03-17 00:00:00+00:00,1.1217050552368164,1.1058415533043444,71904.470257765,2016-04-14 00:00:00+00:00,1.128006100654602,max_hold,420.720475056523,32.35285777947132,0.36884057577667473,20
AUDJPY,-1,2016-04-05 00:00:00+00:00,2016-04-06 00:00:00+00:00,83.23999786376953,84.56600189208984,866.7654602174432,2016-04-15 00:00:00+00:00,84.56600189208984,stop,-1178.4241807783665,29.089688921127127,-1.0253100286532952,7
EURGBP,1,2016-04-01 00:00:00+00:00,2016-04-04 00:00:00+00:00,0.8008999824523926,0.7918000221252441,128576.91762403591,2016-04-18 00:00:00+00:00,0.7918000221252441,stop,-1211.0017408234357,40.956891457676086,-1.0350045483127228,10
USDCAD,-1,2016-04-12 00:00:00+00:00,2016-04-13 00:00:00+00:00,1.2769099473953247,1.2918800115585327,75410.07545033182,2016-04-18 00:00:00+00:00,1.2977999448776245,stop_gap,-1614.1480997452738,38.83181344780377,-1.4298495468951569,3
CADCHF,1,2016-04-13 00:00:00+00:00,2016-04-14 00:00:00+00:00,0.7541199922561646,0.7473999857902527,165847.77666034596,2016-04-18 00:00:00+00:00,0.7444999814033508,stop_gap,-1645.1659695255976,49.70855813804337,-1.4761495986447053,2
EURJPY,-1,2016-04-15 00:00:00+00:00,2016-04-18 00:00:00+00:00,122.1240005493164,123.55999755859375,737.8921760398918,2016-04-19 00:00:00+00:00,123.55999755859375,stop,-1095.868617958841,36.257659996405295,-1.0342178982993215,1
NZDUSD,1,2016-04-18 00:00:00+00:00,2016-04-19 00:00:00+00:00,0.6981777548789978,0.6882786154747009,107422.82222506161,2016-04-22 00:00:00+00:00,0.6882786154747009,stop,-1093.1809036479474,29.787411239061914,-1.0280116546242775,3
EURNZD,-1,2016-04-18 00:00:00+00:00,2016-04-19 00:00:00+00:00,1.6195900440216064,1.641160011291504,49299.72674983761,2016-04-25 00:00:00+00:00,1.641160011291504,stop,-1095.5443097541763,32.15081734529085,-1.0302341678548927,4
GBPCAD,-1,2016-04-12 00:00:00+00:00,2016-04-13 00:00:00+00:00,1.8216400146484375,1.844349980354309,49709.175375458755,2016-04-26 00:00:00+00:00,1.844349980354309,stop,-1165.3403359610782,36.44666791725374,-1.0322852974987533,9
NZDCHF,1,2016-04-18 00:00:00+00:00,2016-04-19 00:00:00+00:00,0.673229992389679,0.6649699807167053,128739.95031850363,2016-04-27 00:00:00+00:00,0.6649699807167053,stop,-1097.8494520196732,34.45595961078776,-1.0324018906047048,6
AUDUSD,1,2016-04-18 00:00:00+00:00,2016-04-19 00:00:00+00:00,0.7771819233894348,0.7637085914611816,78925.79935472243,2016-04-27 00:00:00+00:00,0.7637085914611816,stop,-1087.7166955294244,24.323203120538942,-1.0228731916211373,6
EURAUD,-1,2016-04-18 00:00:00+00:00,2016-04-19 00:00:00+00:00,1.4552600383758545,1.4793599843978882,44124.31013068096,2016-04-27 00:00:00+00:00,1.4793599843978882,stop,-1089.2911092090005,25.897616800114932,-1.0243537476813493,6
CADJPY,1,2016-04-22 00:00:00+00:00,2016-04-25 00:00:00+00:00,87.9489974975586,86.02014923095703,540.5777150484467,2016-04-28 00:00:00+00:00,86.02014923095703,stop,-1061.5011574001157,18.80876876548579,-1.0180386554754806,3
CADCHF,1,2016-04-22 00:00:00+00:00,2016-04-25 00:00:00+00:00,0.7720500230789185,0.7649000287055969,145831.21806713348,2016-04-29 00:00:00+00:00,0.7649000287055969,stop,-1087.519448266646,44.82705963201595,-1.042991643672316,4
EURCAD,-1,2016-04-12 00:00:00+00:00,2016-04-13 00:00:00+00:00,1.453320026397705,1.4747999906539917,52555.658593027074,2016-05-04 00:00:00+00:00,1.4747999906539917,stop,-1159.67152323094,30.77785518711552,-1.0272637326777183,15
CHFJPY,-1,2016-04-29 00:00:00+00:00,2016-05-02 00:00:00+00:00,111.03600311279297,111.875,1178.4896582500414,2016-05-04 00:00:00+00:00,111.875,stop,-1041.2888172531766,52.53966237571386,-1.0531375042057307,2
GBPAUD,1,2016-04-27 00:00:00+00:00,2016-04-28 00:00:00+00:00,1.9119000434875488,1.8826480507850647,34491.76515051887,2016-05-06 00:00:00+00:00,1.970404028892517,target,1991.1242208960616,26.78150406148725,1.9734561394714802,6
AUDUSD,-1,2016-05-04 00:00:00+00:00,2016-05-05 00:00:00+00:00,0.7467144727706909,0.7519361972808838,184432.77422486397,2016-05-06 00:00:00+00:00,0.7362710237503052,target,1871.4120494539595,54.70222585172094,1.9431993973015547,1
USDJPY,-1,2016-04-29 00:00:00+00:00,2016-05-02 00:00:00+00:00,106.46499633789062,108.08999633789062,608.461018386131,2016-05-09 00:00:00+00:00,108.08999633789062,stop,-1014.8588247461298,26.10966986866695,-1.026406768329327,5
CHFJPY,-1,2016-05-06 00:00:00+00:00,2016-05-09 00:00:00+00:00,110.30000305175781,110.94000244140625,1354.8117275523298,2016-05-09 00:00:00+00:00,110.94000244140625,stop,-927.0263895312123,59.94771080917611,-1.0691375676513364,0
EURNZD,1,2016-05-09 00:00:00+00:00,2016-05-10 00:00:00+00:00,1.6812599897384644,1.6639200448989868,57416.417003356895,2016-05-16 00:00:00+00:00,1.6639200448989868,stop,-1034.0111540826583,38.413650364009555,-1.0385835141415392,4
AUDNZD,-1,2016-04-27 00:00:00+00:00,2016-04-28 00:00:00+00:00,1.0972199440002441,1.110984206199646,73302.35706514076,2016-05-18 00:00:00+00:00,1.0696914196014404,target,1986.137782856901,31.767942100648348,1.9685139481911955,14
GBPAUD,1,2016-05-16 00:00:00+00:00,2016-05-17 00:00:00+00:00,1.9816499948501587,1.9658000469207764,62453.7518553118,2016-05-18 00:00:00+00:00,2.0133498907089233,target,1929.8768834995724,49.900546302941194,1.9495897411984147,1
GBPCAD,1,2016-05-04 00:00:00+00:00,2016-05-05 00:00:00+00:00,1.8656500577926636,1.8436399698257446,43755.260728639994,2016-05-19 00:00:00+00:00,1.9096702337265015,target,1893.0762505677712,33.03802473790925,1.9656946369574402,10
AUDCAD,-1,2016-04-27 00:00:00+00:00,2016-04-28 00:00:00+00:00,0.9566299915313721,0.9690046310424805,81533.91955968198,2016-05-26 00:00:00+00:00,0.9365400075912476,max_hold,1607.1436204451613,30.871514084253374,1.592882760148739,20
AUDCHF,-1,2016-05-03 00:00:00+00:00,2016-05-04 00:00:00+00:00,0.7150099873542786,0.728654617909342,71752.63931690318,2016-06-01 00:00:00+00:00,0.7184299826622009,max_hold,-265.96431002505955,20.570620230204995,-0.27165875154825053,20
EURAUD,1,2016-05-06 00:00:00+00:00,2016-05-09 00:00:00+00:00,1.5442800521850586,1.5246000289916992,50621.802699908505,2016-06-01 00:00:00+00:00,1.5246000289916992,stop,-1027.3086996196635,31.070448395801808,-1.0311877689474704,17
GBPCHF,1,2016-05-24 00:00:00+00:00,2016-05-25 00:00:00+00:00,1.4515199661254883,1.4333384474739432,57605.77057736297,2016-06-01 00:00:00+00:00,1.4333384474739432,stop,-1080.5972905733468,33.23689838439684,-1.0317339653401756,5
USDJPY,1,2016-05-27 00:00:00+00:00,2016-05-30 00:00:00+00:00,110.76200103759766,109.48799896240234,837.0594402482525,2016-06-01 00:00:00+00:00,109.48799896240234,stop,-1103.2879322810359,36.87246834293553,-1.034576081827219,2
EURNZD,-1,2016-06-01 00:00:00+00:00,2016-06-02 00:00:00+00:00,1.6404600143432617,1.6474189758300781,90063.41727892369,2016-06-02 00:00:00+00:00,1.6474189758300781,stop,-685.9713757060227,59.22352349091755,-1.0944933808414417,0
NZDUSD,-1,2016-05-09 00:00:00+00:00,2016-05-10 00:00:00+00:00,0.6772773265838623,0.6851192116737366,126958.95085279956,2016-06-03 00:00:00+00:00,0.6851192116737366,stop,-1030.1911907471829,34.59368702853415,-1.034746659065861,18
EURUSD,-1,2016-05-18 00:00:00+00:00,2016-05-19 00:00:00+00:00,1.1221959590911865,1.1316953897476196,108691.16419619763,2016-06-03 00:00:00+00:00,1.1316953897476196,stop,-1081.4997921841698,48.99561493540561,-1.0474531880984352,11
EURGBP,-1,2016-05-18 00:00:00+00:00,2016-05-19 00:00:00+00:00,0.7685999870300293,0.7779048085212708,110964.42615483285,2016-06-03 00:00:00+00:00,0.7779048085212708,stop,-1066.8255806855736,34.32140343680942,-1.0332409342190394,11
AUDNZD,-1,2016-06-02 00:00:00+00:00,2016-06-03 00:00:00+00:00,1.0607099533081055,1.0645204135216773,139312.59281743426,2016-06-03 00:00:00+00:00,1.053089032880962,target,1002.7944208685471,58.89576349217258,1.889052824713387,0
NZDCHF,1,2016-06-03 00:00:00+00:00,2016-06-06 00:00:00+00:00,0.6767799854278564,0.6737208962440491,215288.89055283356,2016-06-06 00:00:00+00:00,0.6737208962440491,stop,-716.7374837852161,58.149567301153624,-1.0882943124914757,0
CHFJPY,-1,2016-06-03 00:00:00+00:00,2016-06-06 00:00:00+00:00,109.2979965209961,110.16799926757812,1116.4961856618531,2016-06-06 00:00:00+00:00,110.16799926757812,stop,-1020.3613375102584,49.006589436084695,-1.050451793778994,0
EURJPY,-1,2016-06-02 00:00:00+00:00,2016-06-03 00:00:00+00:00,121.45500183105469,122.48400115966797,957.371883625701,2016-06-07 00:00:00+00:00,122.48400115966797,stop,-1031.8430940406795,46.708068556600736,-1.0474128595048675,2
GBPJPY,-1,2016-06-03 00:00:00+00:00,2016-06-06 00:00:00+00:00,153.54200744628906,156.5184451341629,326.3480878607077,2016-06-07 00:00:00+00:00,156.5184451341629,stop,-991.592275238345,20.237527164171226,-1.020834331848683,1
GBPNZD,-1,2016-06-03 00:00:00+00:00,2016-06-06 00:00:00+00:00,2.0751399993896484,2.1086692810058594,28970.341780437593,2016-06-07 00:00:00+00:00,2.1086692810058594,stop,-995.5960250336187,24.241276959444903,-1.0249561522270891,1
NZDUSD,1,2016-06-03 00:00:00+00:00,2016-06-06 00:00:00+00:00,0.6935774683952332,0.6836361289024353,97708.63863746791,2016-06-09 00:00:00+00:00,0.7134601473808289,target,1915.21355015851,27.495945989837534,1.9716931985514545,3
AUDUSD,1,2016-06-07 00:00:00+00:00,2016-06-08 00:00:00+00:00,0.7447125315666199,0.7362686395645142,109180.00169403233,2016-06-14 00:00:00+00:00,0.7362686395645142,stop,-954.2428484487132,32.33870535458544,-1.0350781646842904,4
EURCHF,-1,2016-06-07 00:00:00+00:00,2016-06-08 00:00:00+00:00,1.09621000289917,1.1027795870322734,126148.84109649816,2016-06-14 00:00:00+00:00,1.083070834632963,target,1602.5080993381985,54.9827504156969,1.9336554401807275,4
AUDCHF,-1,2016-06-14 00:00:00+00:00,2016-06-15 00:00:00+00:00,0.7083699703216553,0.7142199873924255,163123.5041769445,2016-06-15 00:00:00+00:00,0.7142199873924255,stop,-1000.6868558608401,46.411571781850434,-1.0486354121878407,0
GBPCAD,-1,2016-06-10 00:00:00+00:00,2016-06-13 00:00:00+00:00,1.8131099939346313,1.836659550666809,40529.07739086776,2016-06-16 00:00:00+00:00,1.836659550666809,stop,-984.026165785459,29.584358466396793,-1.0309965031283537,3
CADJPY,-1,2016-06-15 00:00:00+00:00,2016-06-16 00:00:00+00:00,81.95999908447266,82.86299896240234,1057.0368646499583,2016-06-16 00:00:00+00:00,80.15399932861328,target,1874.7362249724965,34.272094519687336,1.9640943476571082,0
AUDJPY,-1,2016-06-16 00:00:00+00:00,2016-06-17 00:00:00+00:00,77.42400360107422,78.53700256347656,858.8203754082257,2016-06-21 00:00:00+00:00,78.53700256347656,stop,-982.6546846920033,26.78849797265682,-1.0280253641616912,2
USDCHF,-1,2016-06-07 00:00:00+00:00,2016-06-08 00:00:00+00:00,0.9652799963951111,0.971310019493103,143259.59512323275,2016-06-23 00:00:00+00:00,0.9532199501991272,target,1672.7486300855282,54.96870511860685,1.9363684047169534,11
USDJPY,-1,2016-06-16 00:00:00+00:00,2016-06-17 00:00:00+00:00,104.77300262451172,105.86000061035156,879.3633467322561,2016-06-23 00:00:00+00:00,105.86000061035156,stop,-992.9107752507216,37.0445885313751,-1.0387549942095105,4
GBPAUD,-1,2016-06-07 00:00:00+00:00,2016-06-08 00:00:00+00:00,1.9534399509429932,1.9805799722671509,33968.438420994455,2016-06-24 00:00:00+00:00,1.8991599082946777,target,1817.634925972406,26.17336021584935,1.9716094559158772,12
EURAUD,-1,2016-06-23 00:00:00+00:00,2016-06-24 00:00:00+00:00,1.5004500150680542,1.5091099739074707,98009.92882707677,2016-06-24 00:00:00+00:00,1.5091099739074707,stop,-907.7553015606877,58.99335206406183,-1.0695051799848578,0
AUDCHF,1,2016-06-23 00:00:00+00:00,2016-06-24 00:00:00+00:00,0.7260299921035767,0.7203199863433838,171697.43238045226,2016-06-24 00:00:00+00:00,0.7203199863433838,stop,-1030.0602434272814,49.66691552457311,-1.0506601933234514,0
NZDCAD,1,2016-06-08 00:00:00+00:00,2016-06-09 00:00:00+00:00,0.9037799835205078,0.8912034630775452,76577.08395828221,2016-07-04 00:00:00+00:00,0.9289330244064331,target,1898.077760151715,28.068763575891456,1.9708550068957673,17
EURNZD,-1,2016-06-21 00:00:00+00:00,2016-06-22 00:00:00+00:00,1.578629970550537,1.5952999591827393,56324.88724754233,2016-07-04 00:00:00+00:00,1.5452899932861328,target,1842.6795723065072,35.19088794668939,1.9625204307841932,8
EURNZD,-1,2016-07-04 00:00:00+00:00,2016-07-05 00:00:00+00:00,1.5446699857711792,1.5526299476623535,98846.58295663899,2016-07-05 00:00:00+00:00,1.5526299476623535,stop,-848.046536369993,61.23150296234603,-1.077821978943585,0
EURGBP,1,2016-06-24 00:00:00+00:00,2016-06-27 00:00:00+00:00,0.8212599754333496,0.8043424491770566,57703.41086746033,2016-07-06 00:00:00+00:00,0.8550950279459357,target,1933.051656551909,19.34628030394355,1.9801820316045828,7
GBPAUD,-1,2016-06-24 00:00:00+00:00,2016-06-27 00:00:00+00:00,1.808500051498413,1.8518572617322206,22515.26247107892,2016-07-06 00:00:00+00:00,1.721785631030798,target,1936.5008751078453,15.897061748007435,1.9837153467047726,7
AUDCAD,1,2016-06-15 00:00:00+00:00,2016-06-16 00:00:00+00:00,0.957260012626648,0.9461608564015478,85997.9029385613,2016-07-08 00:00:00+00:00,0.9794583250768483,target,1875.6975763671524,33.31074312503141,1.965101521261162,16
EURJPY,-1,2016-06-24 00:00:00+00:00,2016-06-27 00:00:00+00:00,112.82499694824219,115.73085021972656,335.94227829998516,2016-07-12 00:00:00+00:00,115.73085021972656,stop,-991.5552828312044,15.356314403278127,-1.015730721809723,11
GBPUSD,-1,2016-07-05 00:00:00+00:00,2016-07-06 00:00:00+00:00,1.2963778972625732,1.328233003616333,33214.9108980675,2016-07-13 00:00:00+00:00,1.328233003616333,stop,-1075.4997626315524,17.43524344295791,-1.0164784312551456,5
AUDNZD,-1,2016-07-07 00:00:00+00:00,2016-07-08 00:00:00+00:00,1.0359599590301514,1.0473552555777133,94696.17607834809,2016-07-13 00:00:00+00:00,1.0473552555777133,stop,-1118.5474052107538,39.45639687784158,-1.03656447563102,3
CHFJPY,-1,2016-06-24 00:00:00+00:00,2016-06-27 00:00:00+00:00,105.0,107.49099731445312,391.8908152826498,2016-07-14 00:00:00+00:00,107.49099731445312,stop,-992.8536224634831,16.654654035556874,-1.01706071669219,13
GBPJPY,-1,2016-06-24 00:00:00+00:00,2016-06-27 00:00:00+00:00,137.33399963378906,142.79061889648438,178.90179274588604,2016-07-15 00:00:00+00:00,142.79061889648438,stop,-986.2219277173909,10.022959289464673,-1.010267332391885,14
EURNZD,-1,2016-07-07 00:00:00+00:00,2016-07-08 00:00:00+00:00,1.5295499563217163,1.5530784130096436,45863.22947763113,2016-07-15 00:00:00+00:00,1.5530784130096436,stop,-1107.3668667922923,28.275858459380004,-1.0262034047555113,5
NZDCHF,1,2016-07-07 00:00:00+00:00,2016-07-08 00:00:00+00:00,0.7077400088310242,0.6969376404304057,99893.92773080526,2016-07-18 00:00:00+00:00,0.6958400011062622,stop_gap,-1216.7803356688114,28.041824015415646,-1.1275975114912833,6
AUDCHF,1,2016-07-12 00:00:00+00:00,2016-07-13 00:00:00+00:00,0.7515299916267395,0.7402399778366089,90258.33937517321,2016-07-19 00:00:00+00:00,0.7402399778366089,stop,-1045.9468322546975,26.928936034702936,-1.026426362220521,4
USDJPY,1,2016-07-20 00:00:00+00:00,2016-07-21 00:00:00+00:00,107.16500091552734,105.85099792480469,708.7452523984388,2016-07-21 00:00:00+00:00,105.85099792480469,stop,-961.4881968846316,30.19481557259933,-1.032422452664766,0
CADCHF,1,2016-07-13 00:00:00+00:00,2016-07-14 00:00:00+00:00,0.758620023727417,0.7527899742126465,173859.6520929522,2016-07-22 00:00:00+00:00,0.7527899742126465,stop,-1066.165023605019,52.55464328233381,-1.0518489592279066,6
GBPCHF,-1,2016-06-24 00:00:00+00:00,2016-06-27 00:00:00+00:00,1.307229995727539,1.3409858755767345,28919.37561068172,2016-07-25 00:00:00+00:00,1.2967400550842285,max_hold,288.3014960019757,15.061037595678297,0.2953306706175456,20
GBPCAD,-1,2016-06-24 00:00:00+00:00,2016-06-27 00:00:00+00:00,1.7495299577713013,1.790306793525815,23940.03728746577,2016-07-25 00:00:00+00:00,1.7237299680709839,max_hold,601.0227210150861,16.62999442674498,0.6156764557772221,20
NZDUSD,-1,2016-07-20 00:00:00+00:00,2016-07-21 00:00:00+00:00,0.6960880160331726,0.7068636417388916,86425.92149593346,2016-07-26 00:00:00+00:00,0.7068636417388916,stop,-955.5436592794721,24.25027796743963,-1.0260393539286998,3
USDCAD,1,2016-07-25 00:00:00+00:00,2016-07-26 00:00:00+00:00,1.3222399950027466,1.3122800588607788,92564.27002851326,2016-07-28 00:00:00+00:00,1.3122800588607788,stop,-970.7067036441249,48.772485132271335,-1.0529023482944344,2
USDCHF,1,2016-07-26 00:00:00+00:00,2016-07-27 00:00:00+00:00,0.992139995098114,0.9833999872207642,104742.23853226921,2016-07-28 00:00:00+00:00,0.9833999872207642,stop,-956.8324858749061,41.38449601161577,-1.0452068238391086,1
EURAUD,-1,2016-07-08 00:00:00+00:00,2016-07-11 00:00:00+00:00,1.460800051689148,1.4808399677276611,54749.84518559848,2016-07-29 00:00:00+00:00,1.4808399677276611,stop,-1129.3931677719552,32.21086713096625,-1.0293578078247783,14
EURCAD,1,2016-07-28 00:00:00+00:00,2016-07-29 00:00:00+00:00,1.4574899673461914,1.4520922768861055,91954.30274883594,2016-08-02 00:00:00+00:00,1.4682853482663631,target,938.8741995930975,53.807525829381575,1.8915915857996048,2
CADCHF,-1,2016-07-29 00:00:00+00:00,2016-08-01 00:00:00+00:00,0.7422500252723694,0.7457299828529358,180039.27139868322,2016-08-02 00:00:00+00:00,0.7352901101112366,target,1199.8550047196452,53.20304988735524,1.9150828651685392,1
EURCAD,1,2016-08-02 00:00:00+00:00,2016-08-03 00:00:00+00:00,1.4701800346374512,1.4587299823760986,79632.44287209208,2016-08-03 00:00:00+00:00,1.4587299823760986,stop,-958.4428845060908,46.64725192146595,-1.0511597667881312,0
EURUSD,1,2016-08-02 00:00:00+00:00,2016-08-03 00:00:00+00:00,1.1218559741973877,1.1163579225540161,121913.4612939446,2016-08-03 00:00:00+00:00,1.1163579225540161,stop,-724.860186870124,54.57368065383423,-1.0814184384553673,0
GBPCAD,1,2016-08-02 00:00:00+00:00,2016-08-03 00:00:00+00:00,1.7477699518203735,1.7277100086212158,45453.55006902062,2016-08-04 00:00:00+00:00,1.7277100086212158,stop,-943.3902130637867,31.59458047916192,-1.0346509451790225,1
AUDCAD,1,2016-08-05 00:00:00+00:00,2016-08-08 00:00:00+00:00,1.0033199787139893,0.993939995765686,94406.21636742006,2016-08-12 00:00:00+00:00,0.993939995765686,stop,-923.2394511987679,37.710751458543214,-1.0425855779373452,4
EURGBP,1,2016-08-09 00:00:00+00:00,2016-08-10 00:00:00+00:00,0.854390025138855,0.8499876805581152,155464.81366159077,2016-08-12 00:00:00+00:00,0.8631947143003345,target,1315.4145615446532,53.40479829298111,1.9219695456392205,2
EURAUD,-1,2016-08-08 00:00:00+00:00,2016-08-09 00:00:00+00:00,1.447160005569458,1.4594899415969849,72138.63767880447,2016-08-15 00:00:00+00:00,1.4594899415969849,stop,-931.4011411721489,41.936353479551244,-1.0471478512244878,4
GBPAUD,-1,2016-08-08 00:00:00+00:00,2016-08-09 00:00:00+00:00,1.7009700536727905,1.7221699953079224,41956.001719297485,2016-08-19 00:00:00+00:00,1.7221699953079224,stop,-918.1890416486838,28.724253956086173,-1.0322938629539244,8
GBPCHF,-1,2016-08-10 00:00:00+00:00,2016-08-11 00:00:00+00:00,1.2679699659347534,1.2818599939346313,64672.819504948864,2016-08-24 00:00:00+00:00,1.2818599939346313,stop,-931.28821230738,32.980938552588746,-1.0367145402427094,9
GBPJPY,-1,2016-08-12 00:00:00+00:00,2016-08-15 00:00:00+00:00,130.7239990234375,132.52000427246094,496.24441141906937,2016-08-24 00:00:00+00:00,132.52000427246094,stop,-917.3842408022294,26.126673095034533,-1.0293143913069336,7
USDCHF,-1,2016-08-16 00:00:00+00:00,2016-08-17 00:00:00+00:00,0.961679995059967,0.9721710085868835,85106.84586378404,2016-08-26 00:00:00+00:00,0.9721710085868835,stop,-925.7738630483356,32.91679185817932,-1.03686680984035,7
USDJPY,-1,2016-08-16 00:00:00+00:00,2016-08-17 00:00:00+00:00,100.21199798583984,101.2509994506836,859.3414941185173,2016-08-26 00:00:00+00:00,101.2509994506836,stop,-927.4821738354957,34.62510264533941,-1.038780118075545,7
EURUSD,1,2016-08-16 00:00:00+00:00,2016-08-17 00:00:00+00:00,1.1279042959213257,1.1179429292678833,89631.98547476501,2016-08-29 00:00:00+00:00,1.1179429292678833,stop,-933.1170203634963,40.25994917334009,-1.0450911466934731,8
GBPNZD,-1,2016-08-10 00:00:00+00:00,2016-08-11 00:00:00+00:00,1.7863099575042725,1.8200000524520874,26663.8391831856,2016-09-01 00:00:00+00:00,1.8200000524520874,stop,-917.5388877848291,19.23161403003777,-1.0214087257132545,15
NZDJPY,1,2016-08-30 00:00:00+00:00,2016-08-31 00:00:00+00:00,74.49099731445312,73.8499984741211,1281.5218902315453,2016-09-02 00:00:00+00:00,75.77299499511719,target,1604.3947719054067,38.51331909165979,1.9531156742087912,2
USDJPY,1,2016-08-30 00:00:00+00:00,2016-08-31 00:00:00+00:00,102.87300109863281,101.75599670410156,735.4080695835182,2016-09-06 00:00:00+00:00,101.75599670410156,stop,-851.5512087495168,30.097163250983776,-1.036638888585323,4
AUDNZD,-1,2016-08-24 00:00:00+00:00,2016-08-25 00:00:00+00:00,1.0403200387954712,1.0466699600219727,120596.63275201606,2016-09-07 00:00:00+00:00,1.0276201963424683,target,1481.6809104952476,49.87732581800957,1.9348672161000244,9
EURCHF,1,2016-08-26 00:00:00+00:00,2016-08-29 00:00:00+00:00,1.0949900150299072,1.0898000001907349,111478.91855387039,2016-09-07 00:00:00+00:00,1.0898000001907349,stop,-627.2888471822928,48.71160563281825,-1.0841920527367526,7
EURNZD,-1,2016-09-02 00:00:00+00:00,2016-09-05 00:00:00+00:00,1.529979944229126,1.5380500555038452,82440.05151661468,2016-09-07 00:00:00+00:00,1.5138397216796875,target,1280.4142484523722,50.1865300129615,1.9245656085203182,2
AUDNZD,-1,2016-09-07 00:00:00+00:00,2016-09-08 00:00:00+00:00,1.0294400453567505,1.036389946937561,122131.69637513995,2016-09-08 00:00:00+00:00,1.036389946937561,stop,-899.2639339809682,50.460664276309316,-1.0594491869639795,0
NZDCHF,1,2016-09-06 00:00:00+00:00,2016-09-07 00:00:00+00:00,0.7193700075149536,0.715690016746521,173929.85325442252,2016-09-09 00:00:00+00:00,0.715690016746521,stop,-689.9802102173319,49.91995588621726,-1.0779925882734047,2
AUDUSD,-1,2016-09-13 00:00:00+00:00,2016-09-14 00:00:00+00:00,0.7467144727706909,0.7570022940635681,80493.31928024853,2016-09-19 00:00:00+00:00,0.7570022940635681,stop,-852.308714789674,24.20783076397061,-1.0292329488241667,3
EURAUD,1,2016-09-09 00:00:00+00:00,2016-09-12 00:00:00+00:00,1.490280032157898,1.4747123718261719,53036.707227130595,2016-09-21 00:00:00+00:00,1.4747123718261719,stop,-857.1081300373245,31.450686812153847,-1.038091689320091,7
EURCAD,1,2016-09-13 00:00:00+00:00,2016-09-14 00:00:00+00:00,1.4761799573898315,1.4643000364303589,69705.92538878831,2016-09-21 00:00:00+00:00,1.4643000364303589,stop,-869.0946598369944,40.99377581129099,-1.0495033595568757,5
USDCAD,1,2016-09-13 00:00:00+00:00,2016-09-14 00:00:00+00:00,1.3159799575805664,1.3029999732971191,63798.296357087245,2016-09-22 00:00:00+00:00,1.3029999732971191,stop,-861.5181755823832,33.41729155667969,-1.0403541310018,6
NZDCAD,1,2016-09-07 00:00:00+00:00,2016-09-08 00:00:00+00:00,0.9592999815940857,0.9510999917984009,103512.72268062278,2016-09-23 00:00:00+00:00,0.9510999917984009,stop,-888.353410235628,39.550140530969124,-1.0465951792866333,11
CHFJPY,-1,2016-09-21 00:00:00+00:00,2016-09-22 00:00:00+00:00,103.1259994506836,104.47557067871094,590.844084316729,2016-09-29 00:00:00+00:00,104.47557067871094,stop,-821.9182083651829,24.532031921163465,-1.0307655595818894,5
EURJPY,-1,2016-09-21 00:00:00+00:00,2016-09-22 00:00:00+00:00,112.33999633789062,113.84326934814453,530.4333750456539,2016-09-29 00:00:00+00:00,113.84326934814453,stop,-821.3812070433576,23.995030599338293,-1.0300921075737044,5
EURCHF,-1,2016-09-29 00:00:00+00:00,2016-09-30 00:00:00+00:00,1.0838500261306763,1.0900782346725464,106048.9049736593,2016-09-30 00:00:00+00:00,1.0900782346725464,stop,-706.603238122812,46.10854230989468,-1.0698091030892318,0
CADJPY,-1,2016-09-21 00:00:00+00:00,2016-09-22 00:00:00+00:00,76.77400207519531,77.85199737548828,739.6935554610602,2016-10-04 00:00:00+00:00,77.85199737548828,stop,-820.2613475040986,22.875171060079218,-1.0286876945397927,8
EURNZD,1,2016-09-23 00:00:00+00:00,2016-09-26 00:00:00+00:00,1.5534700155258179,1.5336720943450928,39149.41492089016,2016-10-04 00:00:00+00:00,1.5336720943450928,stop,-799.2489923511042,24.17196147581771,-1.031186527935837,6
GBPUSD,-1,2016-09-16 00:00:00+00:00,2016-09-19 00:00:00+00:00,1.3014394044876099,1.319105863571167,46614.764282932716,2016-10-06 00:00:00+00:00,1.2661064863204956,target,1623.0985424910557,23.93710929712647,1.970933101209876,13
GBPCHF,-1,2016-10-04 00:00:00+00:00,2016-10-05 00:00:00+00:00,1.2451800107955933,1.2535200119018555,91761.61532329192,2016-10-06 00:00:00+00:00,1.2285000085830688,target,1485.1861717430957,45.39777487422762,1.9406791440945668,1
GBPAUD,-1,2016-10-03 00:00:00+00:00,2016-10-04 00:00:00+00:00,1.6733499765396118,1.6923799514770508,39736.482416927516,2016-10-07 00:00:00+00:00,1.6352900266647339,target,1486.0737859299752,26.294743062254497,1.9652270692517306,3
AUDNZD,1,2016-09-23 00:00:00+00:00,2016-09-26 00:00:00+00:00,1.0526200532913208,1.0454299449920654,107797.68518306682,2016-10-10 00:00:00+00:00,1.0670002698898315,target,1504.4560288893906,45.69803286118244,1.9410406565530964,10
GBPJPY,-1,2016-09-21 00:00:00+00:00,2016-09-22 00:00:00+00:00,130.87600708007812,133.18946743011475,344.67250602820883,2016-10-11 00:00:00+00:00,126.24908638000488,target,1577.047562822914,17.724790065124843,1.9777713853227687,13
EURNZD,1,2016-10-04 00:00:00+00:00,2016-10-05 00:00:00+00:00,1.5599900484085083,1.5387539863586426,36037.376963376344,2016-10-17 00:00:00+00:00,1.5387539863586426,stop,-787.6260946874451,22.33412137878352,-1.0291837914910098,8
NZDCAD,-1,2016-10-10 00:00:00+00:00,2016-10-11 00:00:00+00:00,0.9384999871253967,0.9502900242805481,70041.64818951646,2016-10-20 00:00:00+00:00,0.9502900242805481,stop,-852.2524276589932,26.4587930965536,-1.0320404420537501,7
GBPJPY,-1,2016-10-11 00:00:00+00:00,2016-10-12 00:00:00+00:00,126.7699966430664,128.35699462890625,527.9703958546859,2016-10-27 00:00:00+00:00,128.35699462890625,stop,-864.8278545194672,26.93989971501568,-1.0321521506074198,11
EURUSD,-1,2016-10-20 00:00:00+00:00,2016-10-21 00:00:00+00:00,1.0930275917053223,1.1029006242752075,81231.43740433421,2016-11-01 00:00:00+00:00,1.1029006242752075,stop,-837.6763082757536,35.67568108416674,-1.0444833580855097,7
USDJPY,1,2016-10-27 00:00:00+00:00,2016-10-28 00:00:00+00:00,105.23500061035156,104.32599639892578,889.991693564425,2016-11-01 00:00:00+00:00,104.32599639892578,stop,-846.3077069106929,37.30150932666723,-1.0461078165260815,2
AUDNZD,1,2016-10-10 00:00:00+00:00,2016-10-11 00:00:00+00:00,1.0659600496292114,1.0586999654769897,113744.3612564375,2016-11-02 00:00:00+00:00,1.0586999654769897,stop,-874.1272538235091,48.33361926106954,-1.0585299004958786,16
GBPCAD,-1,2016-10-06 00:00:00+00:00,2016-10-07 00:00:00+00:00,1.6391299962997437,1.6624433463439345,34431.712140114236,2016-11-03 00:00:00+00:00,1.6624433463439345,stop,-825.4543223319764,22.735764588676375,-1.0283234570440154,19
EURGBP,1,2016-10-06 00:00:00+00:00,2016-10-07 00:00:00+00:00,0.8987900018692017,0.8872878551483154,69788.5861850188,2016-11-03 00:00:00+00:00,0.8872878551483154,stop,-827.6481274348241,24.929569691524136,-1.031056426254314,19
GBPCHF,-1,2016-11-01 00:00:00+00:00,2016-11-02 00:00:00+00:00,1.193179965019226,1.2094777557067573,48137.88100579222,2016-11-03 00:00:00+00:00,1.2094777557067573,stop,-807.672879065278,23.131770291591067,-1.0294844591735266,1
GBPUSD,-1,2016-10-06 00:00:00+00:00,2016-10-07 00:00:00+00:00,1.2398948669433594,1.25832200050354,43561.770208140275,2016-11-04 00:00:00+00:00,1.2465718984603882,max_hold,-312.5262913902584,21.662978772939177,-0.38933482772451444,20
CADJPY,-1,2016-11-02 00:00:00+00:00,2016-11-03 00:00:00+00:00,77.16999816894531,77.78900146484375,1244.72386129331,2016-11-07 00:00:00+00:00,77.9729995727539,stop_gap,-1038.1370462129146,38.622038240333424,-1.3473757068553258,2
NZDJPY,1,2016-11-03 00:00:00+00:00,2016-11-04 00:00:00+00:00,75.51300048828125,74.86399841308594,1144.3427793301769,2016-11-08 00:00:00+00:00,76.81100463867188,target,1450.4995019629764,34.862175077136335,1.9530590082994381,2
GBPJPY,1,2016-11-04 00:00:00+00:00,2016-11-07 00:00:00+00:00,130.093994140625,128.3159942626953,415.343134767154,2016-11-09 00:00:00+00:00,128.3159942626953,stop,-759.9458058426494,21.465762927715797,-1.029067492254748,2
CHFJPY,1,2016-11-04 00:00:00+00:00,2016-11-07 00:00:00+00:00,106.87799835205078,105.70909497141838,631.7716717658913,2016-11-09 00:00:00+00:00,105.70909497141838,stop,-765.3413435838976,26.861300668963935,-1.0363737665312347,2
EURNZD,-1,2016-11-07 00:00:00+00:00,2016-11-08 00:00:00+00:00,1.5053900480270386,1.517840027809143,60049.083727488236,2016-11-09 00:00:00+00:00,1.517840027809143,stop,-783.9183175313979,36.308439190269496,-1.0485660238610468,1
GBPNZD,-1,2016-11-08 00:00:00+00:00,2016-11-09 00:00:00+00:00,1.679800033569336,1.695199966430664,48955.056641564,2016-11-09 00:00:00+00:00,1.695199966430664,stop,-786.9492487356567,33.0446632330557,-1.0438313599207332,0
USDJPY,1,2016-11-09 00:00:00+00:00,2016-11-10 00:00:00+00:00,105.8499984741211,104.2630844116211,453.80055292514487,2016-11-16 00:00:00+00:00,109.0238265991211,target,1420.7829858889002,19.501972125475632,1.9729192865384615,4
GBPJPY,1,2016-11-09 00:00:00+00:00,2016-11-10 00:00:00+00:00,131.43499755859375,129.2065887451172,323.1644367281453,2016-11-16 00:00:00+00:00,135.89181518554688,target,1423.0068542418178,17.27810377255812,1.97600738148876,4
EURGBP,-1,2016-11-09 00:00:00+00:00,2016-11-10 00:00:00+00:00,0.8791999816894531,0.8918588757514954,56888.26176107588,2016-11-18 00:00:00+00:00,0.8538821935653687,target,1420.5665515265057,19.71840648787022,1.9726187427312236,6
GBPCHF,1,2016-11-09 00:00:00+00:00,2016-11-10 00:00:00+00:00,1.222640037536621,1.2048217058181763,40415.8195271292,2016-11-21 00:00:00+00:00,1.2582767009735107,target,1420.231301381284,20.053656633091897,1.9721532096527086,7
AUDUSD,-1,2016-11-16 00:00:00+00:00,2016-11-17 00:00:00+00:00,0.7491759061813354,0.7572888731956482,95630.4939801055,2016-11-21 00:00:00+00:00,0.7325470447540283,target,1561.8866530721814,28.339579547921694,2.013137340298135,2
EURJPY,1,2016-11-10 00:00:00+00:00,2016-11-11 00:00:00+00:00,116.27799987792969,114.9800033569336,574.900345795837,2016-11-23 00:00:00+00:00,118.87399291992188,target,1465.3995051300822,27.03779239481301,1.9637669301890894,8
GBPJPY,1,2016-11-17 00:00:00+00:00,2016-11-18 00:00:00+00:00,136.78500366210938,135.0,446.8876006582146,2016-11-24 00:00:00+00:00,140.35501098632812,target,1570.6219202138452,24.77008723852454,1.9689479612248038,4
NZDJPY,1,2016-11-21 00:00:00+00:00,2016-11-22 00:00:00+00:00,78.3280029296875,77.59500122070312,1113.9739312791555,2016-11-29 00:00:00+00:00,79.79400634765625,target,1597.860831524039,35.228759259288346,1.956856305424872,5
EURCHF,-1,2016-11-01 00:00:00+00:00,2016-11-02 00:00:00+00:00,1.0782099962234497,1.084153413772583,109144.94090042237,2016-11-30 00:00:00+00:00,1.0771100521087646,max_hold,73.00487953172512,47.04845585934301,0.11254132819864815,20
CHFJPY,1,2016-11-23 00:00:00+00:00,2016-11-24 00:00:00+00:00,110.58100128173828,109.61000061035156,864.1769878747856,2016-11-30 00:00:00+00:00,112.52300262451172,target,1639.6726016310367,38.56026921570151,1.954046580917884,4
GBPCHF,1,2016-11-21 00:00:00+00:00,2016-11-22 00:00:00+00:00,1.2588800191879272,1.242799997329712,50780.07993966056,2016-12-05 00:00:00+00:00,1.291040062904358,target,1607.192561661649,25.89702912167841,1.9682846192054209,9
EURGBP,-1,2016-12-02 00:00:00+00:00,2016-12-05 00:00:00+00:00,0.8341900110244751,0.847440779209137,65975.18882964805,2016-12-07 00:00:00+00:00,0.847440779209137,stop,-896.4111149064418,22.189181785482567,-1.0253816347369227,2
GBPNZD,1,2016-11-10 00:00:00+00:00,2016-11-11 00:00:00+00:00,1.740380048751831,1.710286546498537,24796.670141002538,2016-12-09 00:00:00+00:00,1.7520400285720825,max_hold,271.8085957232785,17.320077730243135,0.36424792676255724,20
CADCHF,1,2016-11-28 00:00:00+00:00,2016-11-29 00:00:00+00:00,0.7552300095558167,0.7476900219917297,110157.8626416179,2016-12-09 00:00:00+00:00,0.7703099846839905,target,1627.5677837804342,33.61004502795265,1.9595346814229249,8
NZDJPY,1,2016-11-29 00:00:00+00:00,2016-11-30 00:00:00+00:00,80.27100372314453,79.12200164794922,734.3536819589978,2016-12-12 00:00:00+00:00,82.56900787353516,target,1663.6313765791604,23.916432417253525,1.9716554016546926,8
CADJPY,1,2016-11-30 00:00:00+00:00,2016-12-01 00:00:00+00:00,85.40599822998047,83.88224792480469,574.3951100618787,2016-12-15 00:00:00+00:00,88.45349884033203,target,1730.4966395055271,19.972808991001003,1.9771800541755749,10
EURNZD,-1,2016-12-08 00:00:00+00:00,2016-12-09 00:00:00+00:00,1.4785699844360352,1.4999422449618578,41333.06705470597,2016-12-16 00:00:00+00:00,1.4999422449618578,stop,-908.0032865646656,24.62220914019298,-1.0278726925099866,5
AUDJPY,1,2016-12-09 00:00:00+00:00,2016-12-12 00:00:00+00:00,85.95999908447266,85.03500366210938,989.9245900949279,2016-12-19 00:00:00+00:00,85.03500366210938,stop,-949.5301459230942,33.85443160043826,-1.0369720754530234,5
NZDCAD,-1,2016-12-16 00:00:00+00:00,2016-12-19 00:00:00+00:00,0.9280999898910522,0.9397000074386597,81588.33812173393,2016-12-28 00:00:00+00:00,0.9397000074386597,stop,-976.9042934374233,30.47813954518206,-1.0322033995149422,7
CHFJPY,1,2016-11-30 00:00:00+00:00,2016-12-01 00:00:00+00:00,112.7229995727539,111.2903823852539,610.9341224473227,2016-12-29 00:00:00+00:00,113.80000305175781,max_hold,630.3000489534572,27.67812636450773,0.7201497283997955,20
GBPJPY,1,2016-11-30 00:00:00+00:00,2016-12-01 00:00:00+00:00,143.4949951171875,140.6074676513672,303.10870965157045,2016-12-29 00:00:00+00:00,143.04400634765625,max_hold,-154.06911739973833,17.37049339977165,-0.1760317696856323,20
USDJPY,1,2016-11-30 00:00:00+00:00,2016-12-01 00:00:00+00:00,114.6709976196289,112.67755126953125,439.0560720158772,2016-12-29 00:00:00+00:00,117.0469970703125,max_hold,1022.8495474162283,20.347438512792316,1.1686574116386321,20
GBPUSD,-1,2016-12-28 00:00:00+00:00,2016-12-29 00:00:00+00:00,1.2224938869476318,1.2298610210418701,110675.69127777636,2016-12-30 00:00:00+00:00,1.2298610210418701,stop,-869.6458735559338,54.283214940037155,-1.0665755469255664,1
EURGBP,1,2016-12-29 00:00:00+00:00,2016-12-30 00:00:00+00:00,0.8600000143051147,0.8515200018882751,104772.244770807,2017-01-02 00:00:00+00:00,0.8514299988746643,stop_gap,-933.7618272185418,35.86207284979545,-1.0509774036873292,1
EURJPY,1,2016-12-05 00:00:00+00:00,2016-12-06 00:00:00+00:00,122.49099731445312,120.69617462158203,494.3261461598207,2017-01-03 00:00:00+00:00,122.85099792480469,max_hold,153.70192173071447,24.25579259955668,0.17323839983677009,20
AUDCHF,-1,2016-12-30 00:00:00+00:00,2017-01-02 00:00:00+00:00,0.734000027179718,0.738789975643158,181738.77772664317,2017-01-03 00:00:00+00:00,0.738789975643158,stop,-924.0519901113973,53.53261099220976,-1.0614950250118216,1
GBPCAD,-1,2017-01-03 00:00:00+00:00,2017-01-04 00:00:00+00:00,1.6432100534439087,1.653630018234253,80471.68879990595,2017-01-09 00:00:00+00:00,1.6223701238632202,target,1624.4669774732374,52.5573503558802,1.9373207061057784,3
GBPCHF,-1,2017-01-06 00:00:00+00:00,2017-01-09 00:00:00+00:00,1.246999979019165,1.2543699741363525,107368.03099367203,2017-01-10 00:00:00+00:00,1.23225998878479,target,1529.365076117889,53.238652212909074,1.932720173395445,1
GBPAUD,-1,2017-01-06 00:00:00+00:00,2017-01-09 00:00:00+00:00,1.6762200593948364,1.6928399801254272,53705.8046452261,2017-01-11 00:00:00+00:00,1.6429802179336548,target,1749.5203676179913,35.65206433451685,1.9600575678893688,2
EURUSD,-1,2016-12-14 00:00:00+00:00,2016-12-15 00:00:00+00:00,1.0515247583389282,1.0666667222976685,63206.83422649933,2017-01-12 00:00:00+00:00,1.0596587657928467,max_hold,-540.8131061432365,26.688245406302748,-0.5650683215241693,20
AUDCAD,-1,2016-12-16 00:00:00+00:00,2016-12-19 00:00:00+00:00,0.9723299741744995,0.9825500249862671,92604.83840280975,2017-01-12 00:00:00+00:00,0.9825500249862671,stop,-982.6324231760747,36.206269283833535,-1.038255778472449,18
USDJPY,-1,2017-01-12 00:00:00+00:00,2017-01-13 00:00:00+00:00,114.69599914550781,115.28580749034882,1207.6933770500757,2017-01-13 00:00:00+00:00,115.28580749034882,stop,-767.857132736574,55.549500943227045,-1.0779852671287158,0
GBPJPY,-1,2017-01-09 00:00:00+00:00,2017-01-10 00:00:00+00:00,141.1540069580078,143.35414123535156,413.7676732138595,2017-01-16 00:00:00+00:00,136.7537384033203,target,1797.691033155906,22.9978482332533,1.9747372014314644,4
GBPAUD,-1,2017-01-11 00:00:00+00:00,2017-01-12 00:00:00+00:00,1.6392600536346436,1.6554900407791138,56114.0411683027,2017-01-16 00:00:00+00:00,1.6043800115585327,target,1920.8573665803328,36.40275043068119,2.109139936979882,2
GBPCHF,-1,2017-01-13 00:00:00+00:00,2017-01-16 00:00:00+00:00,1.2155799865722656,1.2290558628737926,70082.6496961325,2017-01-17 00:00:00+00:00,1.2290558628737926,stop,-978.6904297625991,34.26531157426709,-1.0362816605725158,1
GBPCAD,-1,2017-01-13 00:00:00+00:00,2017-01-16 00:00:00+00:00,1.579859972000122,1.6006772038526833,45367.468877574865,2017-01-17 00:00:00+00:00,1.6006772038526833,stop,-973.2837024562265,28.858584267894404,-1.0305567733345056,1
CHFJPY,-1,2017-01-16 00:00:00+00:00,2017-01-17 00:00:00+00:00,112.86499786376953,113.30899810791016,1249.8846764983514,2017-01-18 00:00:00+00:00,113.30899810791016,stop,-611.4873838703746,56.53828235748046,-1.1018801223451784,1
USDJPY,-1,2017-01-17 00:00:00+00:00,2017-01-18 00:00:00+00:00,112.90799713134766,114.2760009765625,664.3431238801395,2017-01-18 00:00:00+00:00,114.2760009765625,stop,-939.0095734097899,30.18562539971775,-1.0332139414523693,0
NZDCAD,1,2017-01-18 00:00:00+00:00,2017-01-19 00:00:00+00:00,0.9452599883079529,0.9393600225448608,141920.3701603505,2017-01-19 00:00:00+00:00,0.957059919834137,target,1620.6550609574485,53.99558910538587,1.9355142051826035,0
AUDJPY,1,2017-01-19 00:00:00+00:00,2017-01-20 00:00:00+00:00,86.92400360107422,86.0260009765625,1027.0296056563304,2017-01-23 00:00:00+00:00,86.0260009765625,stop,-957.8002363305465,35.52495499992616,-1.0385188194013746,1
NZDJPY,1,2017-01-19 00:00:00+00:00,2017-01-20 00:00:00+00:00,82.65799713134766,81.697998046875,960.7043342517786,2017-01-23 00:00:00+00:00,81.697998046875,stop,-953.8547847162168,31.57950338559659,-1.0342408649834298,1
EURGBP,1,2017-01-09 00:00:00+00:00,2017-01-10 00:00:00+00:00,0.869629979133606,0.8592246174812317,87488.01542009448,2017-01-24 00:00:00+00:00,0.8592246174812317,stop,-940.5952522161277,30.25081152154803,-1.0332300722333922,10
AUDNZD,1,2017-01-10 00:00:00+00:00,2017-01-11 00:00:00+00:00,1.0537899732589722,1.045799970626831,113853.81336531225,2017-01-24 00:00:00+00:00,1.045799970626831,stop,-957.5015327911201,47.80926432297213,-1.0525554255874674,9
AUDCAD,1,2017-01-18 00:00:00+00:00,2017-01-19 00:00:00+00:00,0.9958800077438354,0.9859303832054138,89887.2427600265,2017-01-26 00:00:00+00:00,0.9859303832054138,stop,-929.9722105993412,35.627894343119635,-1.0398368879809736,5
NZDUSD,1,2017-01-23 00:00:00+00:00,2017-01-24 00:00:00+00:00,0.7234790325164795,0.717900812625885,160225.3361235301,2017-01-31 00:00:00+00:00,0.7346354722976685,target,1740.8189365548362,46.725377328088314,1.9477211535790226,5
NZDCHF,1,2017-01-24 00:00:00+00:00,2017-01-25 00:00:00+00:00,0.7258099913597107,0.7200000286102295,153027.29531610588,2017-02-01 00:00:00+00:00,0.7200000286102295,stop,-933.3325648198194,44.249679379385,-1.049770027186458,5
EURNZD,-1,2017-01-25 00:00:00+00:00,2017-01-26 00:00:00+00:00,1.4724600315093994,1.4846099615097046,73574.13468030318,2017-02-01 00:00:00+00:00,1.4846099615097046,stop,-937.4333593838031,43.51277318509415,-1.0486763297063413,4
EURUSD,1,2017-01-31 00:00:00+00:00,2017-02-01 00:00:00+00:00,1.080263614654541,1.0686043500900269,75670.81993223517,2017-02-07 00:00:00+00:00,1.0686043500900269,stop,-914.7874295673083,32.52132016366698,-1.0368611236644343,4
EURNZD,-1,2017-02-07 00:00:00+00:00,2017-02-08 00:00:00+00:00,1.4635599851608276,1.46904614334926,88102.6046116287,2017-02-08 00:00:00+00:00,1.46904614334926,stop,-535.0188733566664,51.67404764435269,-1.1069092806945842,0
USDJPY,-1,2017-02-06 00:00:00+00:00,2017-02-07 00:00:00+00:00,111.7979965209961,112.77100372314453,902.5011151716321,2017-02-09 00:00:00+00:00,112.77100372314453,stop,-918.6748396396576,40.53475463066309,-1.0461597817052708,2
USDCHF,-1,2017-01-30 00:00:00+00:00,2017-01-31 00:00:00+00:00,0.9945399761199951,1.004289984703064,90593.9454168641,2017-02-10 00:00:00+00:00,1.004289984703064,stop,-919.508123862175,36.21637847367936,-1.0410016041276944,8
AUDUSD,1,2017-01-17 00:00:00+00:00,2017-01-18 00:00:00+00:00,0.7549676895141602,0.746597409248352,108577.48117736774,2017-02-15 00:00:00+00:00,0.7669417858123779,max_hold,1267.0681959535439,33.04901948218496,1.3941844278288114,20
AUDJPY,1,2017-02-10 00:00:00+00:00,2017-02-13 00:00:00+00:00,87.4020004272461,86.47200012207031,914.6730821595337,2017-02-17 00:00:00+00:00,86.47200012207031,stop,-882.4538191424091,31.80757359797034,-1.0373922459125327,4
AUDNZD,1,2017-02-09 00:00:00+00:00,2017-02-10 00:00:00+00:00,1.0604000091552734,1.0535000562667847,119178.31678042919,2017-02-22 00:00:00+00:00,1.074199914932251,target,1593.7699370382272,50.87960519047662,1.9381271159793367,8
AUDCHF,1,2017-02-22 00:00:00+00:00,2017-02-23 00:00:00+00:00,0.7780200242996216,0.7734000086784363,166049.63523450997,2017-02-24 00:00:00+00:00,0.7734000086784363,stop,-818.6744547898611,51.522546114303594,-1.067160813303918,1
EURGBP,-1,2017-02-21 00:00:00+00:00,2017-02-22 00:00:00+00:00,0.8442000150680542,0.851170003414154,123013.90092167596,2017-02-27 00:00:00+00:00,0.851170003414154,stop,-899.1162717281935,41.710815895830066,-1.0486477145813557,3
CHFJPY,-1,2017-02-24 00:00:00+00:00,2017-02-27 00:00:00+00:00,111.16999816894531,112.18099975585938,841.129231038126,2017-02-28 00:00:00+00:00,112.18099975585938,stop,-887.9563980065684,37.57341062721781,-1.044184104321053,1
AUDUSD,1,2017-02-15 00:00:00+00:00,2017-02-16 00:00:00+00:00,0.7723796963691711,0.76377272605896,100747.38347817285,2017-03-02 00:00:00+00:00,0.76377272605896,stop,-898.0824058647524,30.952667436658224,-1.03569554365967,10
EURAUD,-1,2017-02-10 00:00:00+00:00,2017-02-13 00:00:00+00:00,1.3845100402832031,1.3980400562286377,62871.0453095565,2017-03-06 00:00:00+00:00,1.3988499641418457,stop_gap,-936.5645532425108,34.99855059020293,-1.1010035701069623,15
EURJPY,-1,2017-02-06 00:00:00+00:00,2017-02-07 00:00:00+00:00,120.0979995727539,121.46600341796875,641.9134625101025,2017-03-07 00:00:00+00:00,120.52899932861328,max_hold,-307.5568876323385,30.89234200763825,-0.35023670241541044,20
EURNZD,1,2017-03-02 00:00:00+00:00,2017-03-03 00:00:00+00:00,1.4881700277328491,1.4736000299453735,56464.18485906885,2017-03-07 00:00:00+00:00,1.5173100233078003,target,1611.4257006980508,33.940396238440584,1.9587442620804765,2
AUDUSD,-1,2017-03-08 00:00:00+00:00,2017-03-09 00:00:00+00:00,0.7527286410331726,0.7609770894050598,103876.71209012189,2017-03-15 00:00:00+00:00,0.7609770894050598,stop,-888.2694515867421,31.44775486997999,-1.036702799416126,4
GBPAUD,-1,2017-03-15 00:00:00+00:00,2017-03-16 00:00:00+00:00,1.5936199426651,1.6130428314208984,42308.164184804176,2017-03-17 00:00:00+00:00,1.6130428314208984,stop,-848.8803694497691,27.13360302626601,-1.0330194217183961,1
GBPUSD,-1,2017-03-01 00:00:00+00:00,2017-03-02 00:00:00+00:00,1.2271143198013306,1.2402485609054565,62875.61028430482,2017-03-20 00:00:00+00:00,1.2402485609054565,stop,-856.8508144265783,31.02738938345593,-1.037571457096698,12
NZDCAD,-1,2017-03-07 00:00:00+00:00,2017-03-08 00:00:00+00:00,0.933459997177124,0.9391199946403503,136134.41376156663,2017-03-20 00:00:00+00:00,0.9391199946403503,stop,-821.5049524298113,50.98451588154222,-1.0661689339609726,8
NZDJPY,-1,2017-02-24 00:00:00+00:00,2017-02-27 00:00:00+00:00,80.6240005493164,81.58399963378906,885.8164566338938,2017-03-21 00:00:00+00:00,78.7040023803711,target,1672.538901359155,28.227073399546086,1.966806634400655,16
AUDCAD,1,2017-03-17 00:00:00+00:00,2017-03-20 00:00:00+00:00,1.0268000364303589,1.0211999416351318,118329.51606685731,2017-03-23 00:00:00+00:00,1.0211999416351318,stop,-711.124276309628,48.46776926188478,-1.0731416182387126,3
GBPCAD,1,2017-03-23 00:00:00+00:00,2017-03-24 00:00:00+00:00,1.6707600355148315,1.6619800329208374,73354.52993111209,2017-03-27 00:00:00+00:00,1.6883200407028198,target,1238.8251781543881,49.280747998382,1.9234833921685768,1
USDCAD,1,2017-02-28 00:00:00+00:00,2017-03-01 00:00:00+00:00,1.3311899900436401,1.3183962106704712,64311.39258701703,2017-03-29 00:00:00+00:00,1.3377000093460083,max_hold,384.34040059919545,34.328006504462266,0.46712086617841636,20
EURCAD,1,2017-03-27 00:00:00+00:00,2017-03-28 00:00:00+00:00,1.4538300037384033,1.444599986076355,86361.99847286292,2017-03-29 00:00:00+00:00,1.444599986076355,stop,-847.1856125051329,50.06284127081645,-1.062804429979206,1
AUDJPY,-1,2017-03-21 00:00:00+00:00,2017-03-22 00:00:00+00:00,85.58499908447266,86.62999477982521,773.3642227010497,2017-04-04 00:00:00+00:00,83.49500769376755,target,1590.1724817212737,26.15208560326839,1.9676400567906267,9
NZDJPY,-1,2017-03-21 00:00:00+00:00,2017-03-22 00:00:00+00:00,78.52899932861328,79.42375886440277,903.2172906089123,2017-04-07 00:00:00+00:00,76.7394802570343,target,1588.2763322348794,28.048235089662768,1.965293808364133,12
EURJPY,-1,2017-03-31 00:00:00+00:00,2017-04-03 00:00:00+00:00,118.73999786376953,119.80500030517578,773.7235153445887,2017-04-11 00:00:00+00:00,116.60999298095703,target,1611.6157011802866,36.419164450539725,1.9558029199381053,6
CHFJPY,-1,2017-03-31 00:00:00+00:00,2017-04-03 00:00:00+00:00,111.03399658203125,112.03399658203125,824.017432815413,2017-04-11 00:00:00+00:00,109.03399658203125,target,1611.766893076448,36.26797255437813,1.9559864013671875,6
CADJPY,-1,2017-03-21 00:00:00+00:00,2017-03-22 00:00:00+00:00,83.50399780273438,84.41658419370651,885.5734554636214,2017-04-14 00:00:00+00:00,81.6788250207901,target,1587.0682626863295,29.256304638212747,1.9637989730161192,17
GBPCHF,1,2017-03-30 00:00:00+00:00,2017-03-31 00:00:00+00:00,1.2480900287628174,1.235990047454834,66854.21686396986,2017-04-18 00:00:00+00:00,1.2722899913787842,target,1584.1699423385749,33.69960648923268,1.9583407617583888,12
EURCAD,-1,2017-04-07 00:00:00+00:00,2017-04-10 00:00:00+00:00,1.4186099767684937,1.4290800094604492,82192.24622083483,2017-04-18 00:00:00+00:00,1.4290800094604492,stop,-907.367112259149,46.811607301747,-1.0543969645561262,6
EURGBP,-1,2017-04-11 00:00:00+00:00,2017-04-12 00:00:00+00:00,0.8493499755859375,0.8547400236129761,157863.8268823446,2017-04-18 00:00:00+00:00,0.8385698795318604,target,1648.4949196959635,53.29229755991766,1.9373690235541303,4
USDJPY,-1,2017-04-14 00:00:00+00:00,2017-04-17 00:00:00+00:00,108.2959976196289,109.21900177001953,989.2848041773755,2017-04-20 00:00:00+00:00,109.21900177001953,stop,-956.1508368894604,43.036856715366056,-1.0471319656141511,3
CHFJPY,-1,2017-04-11 00:00:00+00:00,2017-04-12 00:00:00+00:00,108.79000091552734,109.96800231933594,758.8085892762832,2017-04-24 00:00:00+00:00,110.76499938964844,stop_gap,-1531.965849980664,33.32004401002487,-1.7138430121176402,8
EURGBP,-1,2017-04-18 00:00:00+00:00,2017-04-19 00:00:00+00:00,0.835099995136261,0.8436402678489685,106295.66487582003,2017-04-24 00:00:00+00:00,0.8477699756622314,stop_gap,-1382.5403604608373,35.77635648911552,-1.5229671179910944,3
EURNZD,1,2017-04-24 00:00:00+00:00,2017-04-25 00:00:00+00:00,1.549180030822754,1.5390000343322754,84141.55538610359,2017-04-25 00:00:00+00:00,1.569540023803711,target,1660.6386858258554,52.48279124202094,1.938728465033491,0
GBPNZD,1,2017-04-18 00:00:00+00:00,2017-04-19 00:00:00+00:00,1.8222999572753906,1.8014657497406006,43572.28201275175,2017-04-26 00:00:00+00:00,1.8639683723449707,target,1783.4641077895592,32.12382464657874,1.9646133089202953,5
GBPCAD,1,2017-04-18 00:00:00+00:00,2017-04-19 00:00:00+00:00,1.7186700105667114,1.6978643359616399,43632.03709803224,2017-04-27 00:00:00+00:00,1.7602813597768545,target,1785.2291853855218,30.358747050616117,1.966557668171014,6
AUDCHF,-1,2017-04-26 00:00:00+00:00,2017-04-27 00:00:00+00:00,0.7428299784660339,0.7491300106048584,149539.5026190305,2017-05-01 00:00:00+00:00,0.7491300106048584,stop,-986.7250634623482,44.62139093863109,-1.0473635675563167,2
GBPJPY,1,2017-04-21 00:00:00+00:00,2017-04-24 00:00:00+00:00,141.0749969482422,139.27538114786148,486.80252007437315,2017-05-02 00:00:00+00:00,144.6742285490036,target,1724.2943249657044,27.820688616271916,1.9682433077730486,6
AUDCAD,1,2017-05-01 00:00:00+00:00,2017-05-02 00:00:00+00:00,1.0298999547958374,1.0206999778747559,102772.35522597819,2017-05-03 00:00:00+00:00,1.0206999778747559,stop,-987.6522931455512,42.14899694135784,-1.044578371234208,1
GBPAUD,1,2017-04-18 00:00:00+00:00,2017-04-19 00:00:00+00:00,1.6990000009536743,1.6767753707244992,40846.30236170923,2017-05-04 00:00:00+00:00,1.7434492614120245,target,1787.4656677490514,28.12226468708645,1.9690213134988706,11
NZDCAD,1,2017-05-02 00:00:00+00:00,2017-05-03 00:00:00+00:00,0.954230010509491,0.9438999891281128,92697.65947951887,2017-05-04 00:00:00+00:00,0.9438999891281128,stop,-992.7592460979963,35.190441670853176,-1.0367497787189355,1
CADCHF,-1,2017-05-04 00:00:00+00:00,2017-05-05 00:00:00+00:00,0.7168999910354614,0.7250585437286645,120203.0970488351,2017-05-08 00:00:00+00:00,0.7250585437286645,stop,-1015.3488774980559,34.66557633892966,-1.0353483905537664,1
USDCHF,-1,2017-05-04 00:00:00+00:00,2017-05-05 00:00:00+00:00,0.9858999848365784,0.9936425089836121,126661.96224067893,2017-05-08 00:00:00+00:00,0.9936425089836121,stop,-1030.8298484803406,50.14654732121447,-1.051134293060709,1
EURJPY,1,2017-04-25 00:00:00+00:00,2017-04-26 00:00:00+00:00,121.36299896240234,119.91403388977051,633.0400866772503,2017-05-09 00:00:00+00:00,124.26092910766602,target,1803.4079917992349,31.097958543096556,1.9660966392207193,9
NZDCHF,-1,2017-04-25 00:00:00+00:00,2017-04-26 00:00:00+00:00,0.6904100179672241,0.6976546009536833,126612.25316703599,2017-05-10 00:00:00+00:00,0.6976546009536833,stop,-952.4021729597696,35.14919778860386,-1.0383200695337562,10
GBPAUD,1,2017-05-09 00:00:00+00:00,2017-05-10 00:00:00+00:00,1.7634899616241455,1.750100016593933,70355.10165762411,2017-05-10 00:00:00+00:00,1.750100016593933,stop,-991.4907398107407,49.439796020148435,-1.0524810216963578,0
NZDUSD,-1,2017-05-10 00:00:00+00:00,2017-05-11 00:00:00+00:00,0.6831207275390625,0.6916348338127136,108546.44580608273,2017-05-15 00:00:00+00:00,0.6916348338127136,stop,-954.0209412274769,29.844966007376286,-1.03229359646605,2
GBPNZD,1,2017-05-10 00:00:00+00:00,2017-05-11 00:00:00+00:00,1.8927299976348877,1.868149995803833,37598.69431956205,2017-05-15 00:00:00+00:00,1.868149995803833,stop,-952.4568106692725,28.280835449171796,-1.0306011368045318,2
GBPCHF,1,2017-05-08 00:00:00+00:00,2017-05-09 00:00:00+00:00,1.2916100025177002,1.281599998474121,93021.87512274724,2017-05-16 00:00:00+00:00,1.281599998474121,stop,-979.0223099953832,47.8729638753731,-1.0514127664642134,5
CHFJPY,1,2017-05-16 00:00:00+00:00,2017-05-17 00:00:00+00:00,114.49800109863281,113.83999633789062,1164.2627988731986,2017-05-17 00:00:00+00:00,113.83999633789062,stop,-819.2595516104982,53.1690871969096,-1.0694031444936576,0
EURJPY,1,2017-05-15 00:00:00+00:00,2017-05-16 00:00:00+00:00,124.78099822998047,123.7699966430664,872.8247098778936,2017-05-18 00:00:00+00:00,123.7699966430664,stop,-925.8154567823424,43.388289997985794,-1.049169259097152,2
USDCAD,1,2017-04-27 00:00:00+00:00,2017-04-28 00:00:00+00:00,1.3625400066375732,1.3528000116348267,97707.52830024032,2017-05-22 00:00:00+00:00,1.3517199754714966,stop_gap,-1110.2392281721438,53.04072680322635,-1.1666210464475857,16
NZDCHF,-1,2017-05-18 00:00:00+00:00,2017-05-19 00:00:00+00:00,0.6746000051498413,0.680180013179779,155537.27997334846,2017-05-22 00:00:00+00:00,0.680180013179779,stop,-910.043031008606,42.14375980264647,-1.0485583537178078,1
EURNZD,1,2017-05-16 00:00:00+00:00,2017-05-17 00:00:00+00:00,1.6102900505065918,1.58992600440979,43640.889631593374,2017-05-24 00:00:00+00:00,1.58992600440979,stop,-916.6371432931771,27.9320551299718,-1.0314300609977405,5
EURCAD,1,2017-05-17 00:00:00+00:00,2017-05-18 00:00:00+00:00,1.5168100595474243,1.5084999799728394,86134.80201394508,2017-05-24 00:00:00+00:00,1.5084999799728394,stop,-767.9039551339803,52.11689625697566,-1.0728106154066848,4
EURGBP,1,2017-05-22 00:00:00+00:00,2017-05-23 00:00:00+00:00,0.8648800253868103,0.8600299954414368,147467.77773094643,2017-05-26 00:00:00+00:00,0.8745800852775574,target,1379.1434125512974,51.30286339426009,1.9282701290401867,3
GBPCHF,-1,2017-05-25 00:00:00+00:00,2017-05-26 00:00:00+00:00,1.2577999830245972,1.2631700038909912,99835.1576120608,2017-05-26 00:00:00+00:00,1.247059941291809,target,1022.2191420849564,50.014617068052615,1.90670949008813,0
AUDCHF,-1,2017-05-03 00:00:00+00:00,2017-05-04 00:00:00+00:00,0.7384799718856812,0.74754134635441,105197.18452311071,2017-05-31 00:00:00+00:00,0.7203572229482234,target,1875.7690509249328,30.693113114823895,1.9678009732437745,19
GBPCAD,-1,2017-05-26 00:00:00+00:00,2017-05-29 00:00:00+00:00,1.7237099409103394,1.743340015411377,43807.28822192162,2017-05-31 00:00:00+00:00,1.743340015411377,stop,-890.3167428280256,30.37641134327724,-1.0353238593785108,2
USDCAD,-1,2017-05-24 00:00:00+00:00,2017-05-25 00:00:00+00:00,1.3412100076675415,1.3533714646473527,68711.38392621405,2017-06-02 00:00:00+00:00,1.3533714646473527,stop,-872.6602240548807,37.029684412938366,-1.0443134646907533,6
AUDNZD,-1,2017-05-26 00:00:00+00:00,2017-05-29 00:00:00+00:00,1.0553900003433228,1.062190055847168,122221.21649887804,2017-06-02 00:00:00+00:00,1.0417898893356323,target,1610.9581364129976,51.26397546670895,1.9383187420016479,4
EURAUD,1,2017-05-31 00:00:00+00:00,2017-06-01 00:00:00+00:00,1.5133999586105347,1.4962463853880763,50224.644830006146,2017-06-07 00:00:00+00:00,1.4962463853880763,stop,-891.7638064017266,30.23168373825135,-1.0350906053796212,4
AUDCHF,-1,2017-05-31 00:00:00+00:00,2017-06-01 00:00:00+00:00,0.7188400030136108,0.7282596752047539,91460.94526235653,2017-06-07 00:00:00+00:00,0.7282596752047539,stop,-888.002743555216,26.470620891740722,-1.030725053884126,4
CADCHF,-1,2017-06-02 00:00:00+00:00,2017-06-05 00:00:00+00:00,0.7135400176048279,0.7190700173377991,158847.85695150454,2017-06-07 00:00:00+00:00,0.7190700173377991,stop,-923.9420133044374,45.51340677957127,-1.0518123003298196,2
GBPNZD,-1,2017-05-26 00:00:00+00:00,2017-05-29 00:00:00+00:00,1.817139983177185,1.8423700332641602,34083.97242654261,2017-06-09 00:00:00+00:00,1.7666798830032349,target,1695.4504994693789,24.430163500117814,1.9715908620567462,9
GBPJPY,-1,2017-05-26 00:00:00+00:00,2017-05-29 00:00:00+00:00,142.5659942626953,144.43912887573242,459.09158129881376,2017-06-12 00:00:00+00:00,138.8197250366211,target,1694.0443000038908,25.836362965605463,1.9699556329437449,10
AUDCAD,1,2017-06-07 00:00:00+00:00,2017-06-08 00:00:00+00:00,1.0185400247573853,1.0087000131607056,86598.78125536843,2017-06-12 00:00:00+00:00,1.0087000131607056,stop,-887.2443151303117,35.11130331915872,-1.0412040172514054,2
NZDCAD,1,2017-06-02 00:00:00+00:00,2017-06-05 00:00:00+00:00,0.9631400108337402,0.9538999795913696,95067.70956539515,2017-06-13 00:00:00+00:00,0.9538999795913696,stop,-914.8783267318624,36.44972020699645,-1.0414942317864562,6
AUDUSD,1,2017-06-07 00:00:00+00:00,2017-06-08 00:00:00+00:00,0.7539772391319275,0.7501313090324402,169527.59995624694,2017-06-14 00:00:00+00:00,0.7616690993309021,target,1252.5938215027302,51.38877722841541,1.9211818052197631,4
GBPJPY,-1,2017-06-12 00:00:00+00:00,2017-06-13 00:00:00+00:00,139.25100708007812,140.7740020751953,567.8874907346257,2017-06-14 00:00:00+00:00,140.7740020751953,stop,-896.6943461369187,31.804539958425764,-1.0367729388544349,1
EURAUD,-1,2017-06-14 00:00:00+00:00,2017-06-15 00:00:00+00:00,1.4774500131607056,1.4887100458145142,76580.50631498125,2017-06-27 00:00:00+00:00,1.4887100458145142,stop,-907.7290095774035,45.4300078255194,-1.0526847505716947,8
GBPUSD,-1,2017-06-08 00:00:00+00:00,2017-06-09 00:00:00+00:00,1.2725884914398193,1.286674976348877,62067.485664945074,2017-06-28 00:00:00+00:00,1.286674976348877,stop,-906.0821098823573,31.769409719958507,-1.03633643856947,13
USDCAD,-1,2017-06-12 00:00:00+00:00,2017-06-13 00:00:00+00:00,1.3312400579452515,1.3426425457000732,75850.97434660753,2017-06-28 00:00:00+00:00,1.308435082435608,target,1689.735226085705,40.04438627128124,1.953700013591076,11
NZDCHF,1,2017-06-14 00:00:00+00:00,2017-06-15 00:00:00+00:00,0.7035999894142151,0.6976600289344788,145169.14795873544,2017-06-28 00:00:00+00:00,0.6976600289344788,stop,-902.9829463383485,40.68394458646438,-1.047180785903508,9
AUDUSD,1,2017-06-14 00:00:00+00:00,2017-06-15 00:00:00+00:00,0.7589556574821472,0.7533524632453918,153894.18344547943,2017-06-30 00:00:00+00:00,0.770162045955658,target,1677.5335394312508,47.064464072517566,1.9454197859711084,11
CADCHF,1,2017-06-30 00:00:00+00:00,2017-07-03 00:00:00+00:00,0.7388399839401245,0.7347999811172485,179394.12640711124,2017-07-04 00:00:00+00:00,0.7469199895858765,target,1396.1982316839285,53.30732250026993,1.9264475774564769,1
EURCHF,1,2017-06-28 00:00:00+00:00,2017-06-29 00:00:00+00:00,1.0917999744415283,1.0884699821472168,118029.38766639939,2017-07-06 00:00:00+00:00,1.0984599590301514,target,734.3708951072529,51.703007755582206,1.868452552445049,5
USDCAD,-1,2017-06-28 00:00:00+00:00,2017-06-29 00:00:00+00:00,1.3036799430847168,1.3160550561733544,69421.30899573656,2017-07-12 00:00:00+00:00,1.2789297169074416,target,1682.3354705226502,35.85762864433796,1.9582612354086135,8
EURAUD,1,2017-07-06 00:00:00+00:00,2017-07-07 00:00:00+00:00,1.5066900253295898,1.4910450214520097,57743.65975661982,2017-07-12 00:00:00+00:00,1.4910450214520097,stop,-938.0198193143572,34.6200385163703,-1.038321946996478,2
EURUSD,1,2017-06-27 00:00:00+00:00,2017-06-28 00:00:00+00:00,1.1336840391159058,1.1236073970794678,83849.99303962202,2017-07-18 00:00:00+00:00,1.1538373231887817,target,1651.490999174729,38.36173006144694,1.9545975464041927,13
AUDCAD,-1,2017-07-04 00:00:00+00:00,2017-07-05 00:00:00+00:00,0.9843699932098389,0.9959572553634644,77246.9391428393,2017-07-18 00:00:00+00:00,0.9959572553634644,stop,-925.6753781039229,30.59484369068967,-1.0341811071902554,9
EURAUD,-1,2017-07-18 00:00:00+00:00,2017-07-19 00:00:00+00:00,1.4582600593566895,1.476267311256379,50544.71224796513,2017-07-21 00:00:00+00:00,1.476267311256379,stop,-939.8363339527091,29.66496830628305,-1.0325927286068972,2
USDCAD,-1,2017-07-12 00:00:00+00:00,2017-07-13 00:00:00+00:00,1.2749099731445312,1.287850260734558,70197.89468491652,2017-07-24 00:00:00+00:00,1.2490293979644775,target,1781.32684484163,35.43504603284493,1.9609909848826819,7
EURCHF,1,2017-07-25 00:00:00+00:00,2017-07-26 00:00:00+00:00,1.1092400550842285,1.1026118185836822,124694.73823589637,2017-07-27 00:00:00+00:00,1.1224965280853212,target,1597.3552689925182,55.65716180996016,1.9326597177700102,1
GBPJPY,1,2017-06-28 00:00:00+00:00,2017-06-29 00:00:00+00:00,145.38099670410156,143.31300354003906,415.42523665592245,2017-07-28 00:00:00+00:00,145.26300048828125,max_hold,-73.1667761449104,24.14817026325378,-0.08516711675816067,20
GBPNZD,-1,2017-07-27 00:00:00+00:00,2017-07-28 00:00:00+00:00,1.7417999505996704,1.749940037727356,80000.67675293473,2017-07-28 00:00:00+00:00,1.749940037727356,stop,-707.0807914649856,55.86831242228931,-1.085791219026419,0
EURCAD,-1,2017-07-12 00:00:00+00:00,2017-07-13 00:00:00+00:00,1.455399990081787,1.4743373394012451,47967.692316045606,2017-07-31 00:00:00+00:00,1.4743373394012451,stop,-936.4874931947325,28.106547757495044,-1.0309413665034182,12
AUDJPY,1,2017-07-18 00:00:00+00:00,2017-07-19 00:00:00+00:00,88.6729965209961,87.609619140625,855.9250765036938,2017-08-03 00:00:00+00:00,87.609619140625,stop,-940.3483079057148,30.17694225928886,-1.0331552314193673,11
EURJPY,1,2017-07-06 00:00:00+00:00,2017-07-07 00:00:00+00:00,129.2449951171875,128.0030059814453,727.3813874854336,2017-08-07 00:00:00+00:00,130.48399353027344,max_hold,863.439978376184,37.784406426515716,0.9557673100313288,20
GBPCHF,1,2017-07-28 00:00:00+00:00,2017-07-31 00:00:00+00:00,1.273710012435913,1.2598999738693237,66616.71410264376,2017-08-09 00:00:00+00:00,1.2598999738693237,stop,-953.7355453580271,33.75615442105983,-1.03669229414659,7
NZDJPY,-1,2017-08-07 00:00:00+00:00,2017-08-08 00:00:00+00:00,81.48400115966797,82.11100006103516,1447.2697253383149,2017-08-09 00:00:00+00:00,80.2300033569336,target,1768.064298958209,46.808756580020194,1.94841649509625,1
USDJPY,-1,2017-07-28 00:00:00+00:00,2017-07-31 00:00:00+00:00,110.52200317382812,111.27899932861328,1215.3025945000575,2017-08-11 00:00:00+00:00,109.00801086425781,target,1786.5997027477108,53.359079126223975,1.9419997016760564,9
EURJPY,-1,2017-08-10 00:00:00+00:00,2017-08-11 00:00:00+00:00,128.38800048828125,129.531005859375,823.9318926894226,2017-08-14 00:00:00+00:00,129.531005859375,stop,-984.2601177715692,42.50153901211992,-1.0451299727665937,1
AUDUSD,1,2017-07-18 00:00:00+00:00,2017-07-19 00:00:00+00:00,0.7919538021087646,0.7829135060310364,100679.3757439792,2017-08-15 00:00:00+00:00,0.7829135060310364,stop,-941.8826971390492,31.71133149262322,-1.0348410559698293,19
NZDJPY,-1,2017-08-10 00:00:00+00:00,2017-08-11 00:00:00+00:00,79.31500244140625,80.34857177734375,911.1711677332477,2017-08-15 00:00:00+00:00,80.34857177734375,stop,-970.8547478325218,29.0961690730725,-1.03089557104051,2
EURGBP,1,2017-08-11 00:00:00+00:00,2017-08-14 00:00:00+00:00,0.9091200232505798,0.905210018157959,153065.87327780118,2017-08-15 00:00:00+00:00,0.905210018157959,stop,-654.0307464631297,55.54240244046943,-1.0928044848244638,1
AUDJPY,-1,2017-08-10 00:00:00+00:00,2017-08-11 00:00:00+00:00,85.80899810791016,86.89330971240997,868.5313104196408,2017-08-16 00:00:00+00:00,86.89330971240997,stop,-971.758051104185,29.999472344735768,-1.0318547375318345,3
NZDUSD,-1,2017-08-15 00:00:00+00:00,2017-08-16 00:00:00+00:00,0.7233901023864746,0.7312774658203125,115155.72252288197,2017-08-16 00:00:00+00:00,0.7312774658203125,stop,-941.7776939936529,33.50265896949125,-1.0368860286560666,0
USDCAD,1,2017-08-15 00:00:00+00:00,2017-08-16 00:00:00+00:00,1.2752699851989746,1.2713473751209676,106833.26419884893,2017-08-16 00:00:00+00:00,1.2713473751209676,stop,-473.47792786647454,54.41268905368713,-1.129843002984066,0
EURNZD,1,2017-08-01 00:00:00+00:00,2017-08-02 00:00:00+00:00,1.5899800062179565,1.5715999603271484,49789.07871926103,2017-08-23 00:00:00+00:00,1.6267400979995728,target,1798.2195973448067,32.031506097343225,1.964997692352594,15
NZDCAD,-1,2017-08-18 00:00:00+00:00,2017-08-21 00:00:00+00:00,0.9199900031089783,0.9272900223731995,121189.63795643169,2017-08-23 00:00:00+00:00,0.9053899645805359,target,1725.129955928443,44.24342748344304,1.9499897219001583,2
EURGBP,1,2017-08-15 00:00:00+00:00,2017-08-16 00:00:00+00:00,0.9122800230979919,0.9050999879837036,126500.08259941329,2017-08-28 00:00:00+00:00,0.9266400933265686,target,1770.0253607240375,46.52470932428592,1.9487768489386608,8
GBPJPY,-1,2017-08-17 00:00:00+00:00,2017-08-18 00:00:00+00:00,140.65199279785156,142.01800537109375,642.3513184232685,2017-08-30 00:00:00+00:00,142.01800537109375,stop,-913.7746666053857,36.314689200504986,-1.0413861488109202,8
NZDJPY,-1,2017-08-23 00:00:00+00:00,2017-08-24 00:00:00+00:00,78.80599975585938,79.84677124023438,897.7427593179217,2017-08-30 00:00:00+00:00,79.84677124023438,stop,-962.8309394837152,28.48587528149351,-1.030487532254281,4
AUDNZD,1,2017-08-23 00:00:00+00:00,2017-08-24 00:00:00+00:00,1.0935900211334229,1.0860999822616577,124745.02204846764,2017-09-01 00:00:00+00:00,1.1085700988769531,target,1813.7484258594534,54.94170254499009,1.941197631742293,6
EURJPY,1,2017-08-29 00:00:00+00:00,2017-08-30 00:00:00+00:00,131.38699340820312,130.0418243408203,680.3783864396108,2017-09-05 00:00:00+00:00,130.0418243408203,stop,-950.7980629921733,35.57410343777914,-1.038869287747995,4
USDCAD,-1,2017-09-01 00:00:00+00:00,2017-09-04 00:00:00+00:00,1.237779974937439,1.249060034751892,82845.84751068937,2017-09-07 00:00:00+00:00,1.2152198553085327,target,1828.3680606232163,40.64416997606094,1.956507325836997,3
GBPNZD,1,2017-08-30 00:00:00+00:00,2017-08-31 00:00:00+00:00,1.793179988861084,1.777500033378601,57940.26495244817,2017-09-11 00:00:00+00:00,1.8245398998260498,target,1775.0792204204495,41.92232977485477,1.9538554826545431,7
GBPAUD,-1,2017-08-16 00:00:00+00:00,2017-08-17 00:00:00+00:00,1.6249300241470337,1.6439779996871948,46466.79110702303,2017-09-12 00:00:00+00:00,1.6439779996871948,stop,-915.4774336946668,30.379133258315314,-1.0343228918678733,18
AUDUSD,1,2017-09-07 00:00:00+00:00,2017-09-08 00:00:00+00:00,0.8056005239486694,0.7977407574653625,123295.40342251582,2017-09-13 00:00:00+00:00,0.7977407574653625,stop,-1008.6100013892742,39.53692202318331,-1.0407987001857961,3
GBPNZD,1,2017-09-12 00:00:00+00:00,2017-09-13 00:00:00+00:00,1.8246999979019165,1.8041499853134155,46517.77358812487,2017-09-15 00:00:00+00:00,1.8658000230789185,target,1877.5468967694171,34.33476888059131,1.9640827468587936,2
NZDCAD,-1,2017-08-31 00:00:00+00:00,2017-09-01 00:00:00+00:00,0.8951699733734131,0.9058549404144287,86629.00483419676,2017-09-20 00:00:00+00:00,0.9058549404144287,stop,-956.8322606419828,31.20419919260715,-1.033711379864334,13
GBPAUD,1,2017-09-14 00:00:00+00:00,2017-09-15 00:00:00+00:00,1.6740299463272095,1.6537834899500012,48265.93349889144,2017-09-22 00:00:00+00:00,1.714522859081626,target,1921.7179013084092,32.71033287266897,1.9665269542256947,5
NZDJPY,1,2017-09-20 00:00:00+00:00,2017-09-21 00:00:00+00:00,82.55500030517578,81.41000366210938,826.207973168543,2017-09-22 00:00:00+00:00,81.41000366210938,stop,-973.0991944723578,27.09383871967656,-1.0286402593335422,1
CADCHF,1,2017-09-11 00:00:00+00:00,2017-09-12 00:00:00+00:00,0.7898600101470947,0.7792999744415283,92420.75750786738,2017-09-27 00:00:00+00:00,0.7792999744415283,stop,-1004.9710901039169,29.004590885342807,-1.0297188386164544,11
EURCAD,-1,2017-09-01 00:00:00+00:00,2017-09-04 00:00:00+00:00,1.4706799983978271,1.4879300594329834,54174.075871098736,2017-10-02 00:00:00+00:00,1.4723999500274658,max_hold,-125.06451736280556,31.887727284140233,-0.13382953339230427,20
AUDCAD,-1,2017-09-06 00:00:00+00:00,2017-09-07 00:00:00+00:00,0.9798200130462646,0.9905743489507586,88792.81006601009,2017-10-05 00:00:00+00:00,0.9812600016593933,max_hold,-162.68659647675213,34.82596105400155,-0.1703689221111429,20
CADJPY,1,2017-09-11 00:00:00+00:00,2017-09-12 00:00:00+00:00,90.36599731445312,89.08224487304688,760.2450969047268,2017-10-10 00:00:00+00:00,89.74700164794922,max_hold,-497.97442533486264,27.386004869994505,-0.5102372117624685,20
EURUSD,-1,2017-09-26 00:00:00+00:00,2017-09-27 00:00:00+00:00,1.1781338453292847,1.186380386352539,117155.50508316648,2017-10-11 00:00:00+00:00,1.186380386352539,stop,-1021.5308505862251,55.40317181780389,-1.0573456004163233,10
USDCAD,1,2017-10-05 00:00:00+00:00,2017-10-06 00:00:00+00:00,1.2568000555038452,1.246000051498413,86904.76209790891,2017-10-11 00:00:00+00:00,1.246000051498413,stop,-982.072828324073,43.501049575530445,-1.0463481329403843,3
NZDUSD,-1,2017-10-05 00:00:00+00:00,2017-10-06 00:00:00+00:00,0.7114601731300354,0.716650664806366,180825.21604428592,2017-10-13 00:00:00+00:00,0.716650664806366,stop,-990.2194689095496,51.6476901610072,-1.0550279598539307,5
CHFJPY,1,2017-09-15 00:00:00+00:00,2017-09-18 00:00:00+00:00,115.68000030517578,114.51602521538734,845.4167056348498,2017-10-16 00:00:00+00:00,114.7750015258789,max_hold,-804.0671882857413,38.96610168901671,-0.8171049260478206,20
GBPAUD,-1,2017-10-19 00:00:00+00:00,2017-10-20 00:00:00+00:00,1.6697299480438232,1.6847100257873535,59880.66713516556,2017-10-20 00:00:00+00:00,1.6847100257873535,stop,-937.190269718814,40.17322069957564,-1.0447853479970077,0
EURCAD,1,2017-10-20 00:00:00+00:00,2017-10-23 00:00:00+00:00,1.4852800369262695,1.4737000465393066,78114.39115124432,2017-10-25 00:00:00+00:00,1.5084400177001953,target,1762.3572733608532,46.77052386888324,1.9482949474984559,2
NZDUSD,-1,2017-10-19 00:00:00+00:00,2017-10-20 00:00:00+00:00,0.7032002806663513,0.7121444789227098,100290.38079310703,2017-10-26 00:00:00+00:00,0.6853118841536343,target,1766.183215289345,27.85088274913155,1.9689516684442256,4
NZDCAD,-1,2017-10-19 00:00:00+00:00,2017-10-20 00:00:00+00:00,0.8771700263023376,0.8894525724463165,73031.84848680379,2017-10-31 00:00:00+00:00,0.8894525724463165,stop,-922.8209918122734,25.803942793035056,-1.028766390584491,7
AUDNZD,1,2017-10-19 00:00:00+00:00,2017-10-20 00:00:00+00:00,1.1202199459075928,1.1083228588104248,75398.0400154226,2017-11-01 00:00:00+00:00,1.1083228588104248,stop,-930.6226009324806,33.60555191324224,-1.0374636713426855,8
GBPCAD,1,2017-10-31 00:00:00+00:00,2017-11-01 00:00:00+00:00,1.713320016860962,1.6933000087738037,45732.86081622839,2017-11-02 00:00:00+00:00,1.6933000087738037,stop,-946.7311392869991,31.158895897226227,-1.034032154340836,1
NZDCHF,-1,2017-10-19 00:00:00+00:00,2017-10-20 00:00:00+00:00,0.6861000061035156,0.6956673860549927,93757.8578010538,2017-11-09 00:00:00+00:00,0.6956673860549927,stop,-922.9273591528645,25.910310133626076,-1.0288849695353677,14
EURNZD,1,2017-10-19 00:00:00+00:00,2017-10-20 00:00:00+00:00,1.6853400468826294,1.6642768578603864,42586.95338450297,2017-11-09 00:00:00+00:00,1.6642768578603864,stop,-925.5470448148851,28.52999579564679,-1.0318054108635284,14
USDCHF,1,2017-10-26 00:00:00+00:00,2017-10-27 00:00:00+00:00,0.9977999925613403,0.9879454374313354,95378.78325662606,2017-11-15 00:00:00+00:00,0.9879454374313354,stop,-977.7950744292297,37.879596594021436,-1.0403010669440882,13
NZDJPY,-1,2017-10-19 00:00:00+00:00,2017-10-20 00:00:00+00:00,79.18800354003906,80.23824310302734,854.1070824516705,2017-11-17 00:00:00+00:00,77.0875244140625,target,1767.3388909905823,26.695207047894435,1.9702400226650298,19
AUDCAD,-1,2017-11-10 00:00:00+00:00,2017-11-13 00:00:00+00:00,0.9705100059509277,0.9746699929237366,134692.2196380107,2017-11-17 00:00:00+00:00,0.9621900320053101,target,1068.5718264643037,52.06393160135864,1.9070814379665582,4
AUDJPY,-1,2017-11-13 00:00:00+00:00,2017-11-14 00:00:00+00:00,86.50499725341797,87.08499908447266,1514.769438717438,2017-11-17 00:00:00+00:00,85.3449935913086,target,1705.075473328498,52.06262283509267,1.9407415695456578,2
NZDCAD,-1,2017-11-17 00:00:00+00:00,2017-11-20 00:00:00+00:00,0.8700299859046936,0.8755999803543091,159755.56318134425,2017-11-23 00:00:00+00:00,0.8755999803543091,stop,-945.61241988847,55.774819673187594,-1.0626797739943712,3
CADJPY,-1,2017-10-25 00:00:00+00:00,2017-10-26 00:00:00+00:00,88.72799682617188,89.80123901367188,875.6878000084204,2017-11-24 00:00:00+00:00,87.50299835205078,max_hold,1041.8515523245899,30.86466649218247,1.1085589897065513,20
CHFJPY,-1,2017-11-17 00:00:00+00:00,2017-11-20 00:00:00+00:00,113.16400146484375,113.7699966430664,1228.236264038803,2017-11-24 00:00:00+00:00,113.7699966430664,stop,-800.0509669296135,55.74571320388968,-1.0748963048760527,4
NZDJPY,-1,2017-11-17 00:00:00+00:00,2017-11-20 00:00:00+00:00,76.1709976196289,77.14945983886719,947.0107116386821,2017-11-28 00:00:00+00:00,77.14945983886719,stop,-955.6534256577166,29.039223105307737,-1.0313390654118162,6
GBPAUD,1,2017-11-15 00:00:00+00:00,2017-11-17 00:00:00+00:00,1.7395299673080444,1.7237199544906616,56586.86759886618,2017-11-29 00:00:00+00:00,1.77114999294281,target,1749.5465276486952,39.73167641854158,1.955589157316926,8
EURUSD,1,2017-11-24 00:00:00+00:00,2017-11-27 00:00:00+00:00,1.1928761005401611,1.183726191520691,98965.95205689942,2017-11-29 00:00:00+00:00,1.183726191520691,stop,-952.5699990447631,47.040541698882315,-1.0519481076151391,2
GBPUSD,1,2017-11-29 00:00:00+00:00,2017-11-30 00:00:00+00:00,1.3414536714553833,1.3353630304336548,101577.5165475545,2017-11-30 00:00:00+00:00,1.3536349534988403,target,1182.5922964600024,54.75208187968272,1.9115006576372036,0
AUDCHF,-1,2017-11-30 00:00:00+00:00,2017-12-01 00:00:00+00:00,0.7439299821853638,0.7475100159645081,189711.12807902385,2017-12-01 00:00:00+00:00,0.7475100159645081,stop,-735.7607997047115,56.588552902237886,-1.0833198841216722,0
EURCAD,1,2017-11-24 00:00:00+00:00,2017-11-27 00:00:00+00:00,1.5165899991989136,1.5055999755859375,82395.58796549895,2017-12-04 00:00:00+00:00,1.5055999755859375,stop,-955.3324813290477,49.80302398316685,-1.054998789469688,5
EURAUD,1,2017-11-24 00:00:00+00:00,2017-11-27 00:00:00+00:00,1.567020058631897,1.5533000230789185,66000.51828213355,2017-12-05 00:00:00+00:00,1.5533000230789185,stop,-946.7180058656934,41.18854851981263,-1.0454855976088693,6
GBPAUD,1,2017-11-29 00:00:00+00:00,2017-11-30 00:00:00+00:00,1.7731000185012817,1.756500005722046,54723.4649041877,2017-12-05 00:00:00+00:00,1.756500005722046,stop,-947.0406053438609,38.63038861028106,-1.0425252687592907,3
CHFJPY,1,2017-12-01 00:00:00+00:00,2017-12-04 00:00:00+00:00,114.8479995727539,114.06999969482422,1155.6890902928055,2017-12-05 00:00:00+00:00,114.06999969482422,stop,-952.0375780375136,52.911606865039296,-1.0588478239551258,1
GBPJPY,1,2017-11-30 00:00:00+00:00,2017-12-01 00:00:00+00:00,152.27699279785156,150.40773755311966,503.34412249635545,2017-12-06 00:00:00+00:00,150.40773755311966,stop,-971.3495568796011,30.470915998311117,-1.0323855964779582,3
GBPCHF,1,2017-12-07 00:00:00+00:00,2017-12-08 00:00:00+00:00,1.3409600257873535,1.3256111168302596,56042.720612533005,2017-12-11 00:00:00+00:00,1.3256111168302596,stop,-890.0829966974542,29.88838030783236,-1.0347460676204634,1
EURGBP,-1,2017-12-07 00:00:00+00:00,2017-12-08 00:00:00+00:00,0.8729000091552734,0.8827978372573853,86907.41115276485,2017-12-11 00:00:00+00:00,0.8827978372573853,stop,-890.7112473092636,30.516630919641745,-1.03547642630888,1
AUDUSD,-1,2017-12-07 00:00:00+00:00,2017-12-08 00:00:00+00:00,0.7510326504707336,0.756887674331665,146915.64660041968,2017-12-12 00:00:00+00:00,0.756887674331665,stop,-904.5020342976737,44.30741790805185,-1.0515085970823874,2
GBPAUD,1,2017-12-07 00:00:00+00:00,2017-12-08 00:00:00+00:00,1.7950700521469116,1.7705209665000439,35039.78228612254,2017-12-12 00:00:00+00:00,1.7705209665000439,stop,-885.1821229925705,24.987506602948645,-1.029048666577135,2
AUDNZD,-1,2017-12-11 00:00:00+00:00,2017-12-12 00:00:00+00:00,1.0888999700546265,1.0973999500274658,97772.88691514419,2017-12-14 00:00:00+00:00,1.0973999500274658,stop,-873.8197516351678,42.75217096975504,-1.051442472266244,2
NZDJPY,1,2017-12-13 00:00:00+00:00,2017-12-14 00:00:00+00:00,79.15399932861328,78.60700225830078,1529.3727755613613,2017-12-14 00:00:00+00:00,78.60700225830078,stop,-884.8175038222251,48.25507617446382,-1.0576825764338318,0
NZDCAD,1,2017-12-12 00:00:00+00:00,2017-12-13 00:00:00+00:00,0.892300009727478,0.8873999714851379,138533.750860051,2017-12-18 00:00:00+00:00,0.9021000862121582,target,1307.9243589712971,49.716995166830635,1.9267597513654222,3
AUDCAD,1,2017-12-14 00:00:00+00:00,2017-12-15 00:00:00+00:00,0.9807000160217285,0.977400004863739,123199.9528868831,2017-12-19 00:00:00+00:00,0.9873000383377075,target,764.6309355852973,48.49150279569318,1.880727672717421,2
AUDUSD,1,2017-12-14 00:00:00+00:00,2017-12-15 00:00:00+00:00,0.7665596008300781,0.7628987431526184,157616.17966718922,2017-12-25 00:00:00+00:00,0.7738813161849976,target,1105.461120384412,48.55968246858758,1.9158426219899378,6
AUDJPY,1,2017-12-20 00:00:00+00:00,2017-12-21 00:00:00+00:00,86.86399841308594,86.44999694824219,1429.5849646809072,2017-12-27 00:00:00+00:00,87.69200134277344,target,1133.792012443828,49.90852654916414,1.9156737284387437,4
GBPNZD,-1,2017-12-27 00:00:00+00:00,2017-12-28 00:00:00+00:00,1.8955899477005005,1.9036903381347656,68388.9301360331,2017-12-29 00:00:00+00:00,1.9036903381347656,stop,-605.9427782905884,51.96574280703918,-1.09380486821386,1
NZDUSD,1,2017-12-13 00:00:00+00:00,2017-12-14 00:00:00+00:00,0.7022520899772644,0.6935774683952332,96437.91602167753,2018-01-01 00:00:00+00:00,0.7196013331413269,target,1645.7007390927533,27.424116202769092,1.9672180876209324,12
NZDJPY,1,2017-12-20 00:00:00+00:00,2017-12-21 00:00:00+00:00,79.4520034790039,78.56594270467758,934.3186509813843,2018-01-01 00:00:00+00:00,78.56594270467758,stop,-857.3909302179295,29.527822861837254,-1.035667518699002,7
USDCHF,-1,2018-01-02 00:00:00+00:00,2018-01-03 00:00:00+00:00,0.9714999794960022,0.9747700095176697,133645.6640799959,2018-01-03 00:00:00+00:00,0.9747700095176697,stop,-489.0474428394136,52.02210903213971,-1.119036826947614,0
AUDUSD,1,2017-12-27 00:00:00+00:00,2017-12-28 00:00:00+00:00,0.7775444984436035,0.7730364799499512,166726.62305417747,2018-01-05 00:00:00+00:00,0.7865605354309082,target,1451.0578101448832,52.15559007998745,1.9306078696847895,6
EURUSD,1,2017-12-29 00:00:00+00:00,2018-01-01 00:00:00+00:00,1.200494647026062,1.193801760673523,107359.77903702628,2018-01-09 00:00:00+00:00,1.193801760673523,stop,-769.9570265844771,51.41022665595465,-1.0715474992875462,6
AUDJPY,1,2018-01-04 00:00:00+00:00,2018-01-05 00:00:00+00:00,88.68599700927734,88.10299682617188,1475.13024363779,2018-01-09 00:00:00+00:00,88.10299682617188,stop,-912.1585604550395,52.157358309793196,-1.0606480062814891,2
GBPCHF,1,2018-01-09 00:00:00+00:00,2018-01-10 00:00:00+00:00,1.3311699628829956,1.3255000114440918,96228.7983138833,2018-01-10 00:00:00+00:00,1.3255000114440918,stop,-596.7422452930011,51.12963182921416,-1.09371050186069,0
CADCHF,1,2018-01-05 00:00:00+00:00,2018-01-08 00:00:00+00:00,0.7865399718284607,0.77920001745224,118882.41586529114,2018-01-11 00:00:00+00:00,0.77920001745224,stop,-909.8192990946502,37.227790508516954,-1.0426634801533163,3
NZDCHF,1,2018-01-11 00:00:00+00:00,2018-01-12 00:00:00+00:00,0.7084400057792664,0.7026000022888184,144271.05416682595,2018-01-12 00:00:00+00:00,0.7026000022888184,stop,-883.2579057919856,40.71444588710984,-1.048323259065718,0
GBPNZD,-1,2018-01-10 00:00:00+00:00,2018-01-11 00:00:00+00:00,1.874500036239624,1.8941099643707275,42609.67902083516,2018-01-15 00:00:00+00:00,1.894219994544983,stop_gap,-872.3778838618194,32.11679016622482,-1.0440477993920974,2
AUDUSD,1,2018-01-11 00:00:00+00:00,2018-01-12 00:00:00+00:00,0.7885813117027283,0.783944845199585,160264.4104167833,2018-01-15 00:00:00+00:00,0.7978542447090149,target,1435.2713092643453,50.84983182250992,1.9315670433362901,1
NZDUSD,1,2018-01-15 00:00:00+00:00,2018-01-16 00:00:00+00:00,0.7296713590621948,0.7248898148536682,173367.05916231332,2018-01-17 00:00:00+00:00,0.7248898148536682,stop,-879.3968563055447,50.43459861869507,-1.0608406452175865,1
AUDCHF,1,2017-12-21 00:00:00+00:00,2017-12-22 00:00:00+00:00,0.7620099782943726,0.7541999816894531,107362.7655047091,2018-01-19 00:00:00+00:00,0.7675999999046326,max_hold,567.3155478279932,32.8446314806086,0.6765815507898955,20
USDJPY,-1,2018-01-10 00:00:00+00:00,2018-01-11 00:00:00+00:00,111.4260025024414,112.28437805175781,973.434930612132,2018-01-24 00:00:00+00:00,109.7092514038086,target,1628.093330467508,43.052156108425336,1.9484758730412677,9
USDCHF,-1,2018-01-12 00:00:00+00:00,2018-01-15 00:00:00+00:00,0.9681000113487244,0.976795299211517,94456.51639318315,2018-01-24 00:00:00+00:00,0.9507094356231391,target,1606.404389913975,36.24881119665851,1.955865533671806,7
GBPCHF,1,2018-01-17 00:00:00+00:00,2018-01-18 00:00:00+00:00,1.3342399597167969,1.3231500387191772,74708.69084966874,2018-01-26 00:00:00+00:00,1.3231500387191772,stop,-868.2195049304457,39.70602557203098,-1.047924417117243,6
GBPJPY,1,2018-01-17 00:00:00+00:00,2018-01-18 00:00:00+00:00,153.9219970703125,152.2633740901947,499.5188715518535,2018-01-30 00:00:00+00:00,152.2633740901947,stop,-859.1025535759711,30.589074217556398,-1.0369204303607034,8
GBPNZD,1,2018-01-24 00:00:00+00:00,2018-01-25 00:00:00+00:00,1.9370100498199463,1.91404724214226,37957.80406839378,2018-01-31 00:00:00+00:00,1.91404724214226,stop,-900.8532903187138,29.235535628892116,-1.0335416935595765,4
CADJPY,-1,2018-01-26 00:00:00+00:00,2018-01-29 00:00:00+00:00,88.22100067138672,88.83599853515625,1380.9474941511403,2018-01-31 00:00:00+00:00,88.83599853515625,stop,-898.1810427560778,48.90128387523919,-1.0575797119428352,2
AUDUSD,1,2018-01-24 00:00:00+00:00,2018-01-25 00:00:00+00:00,0.8051205277442932,0.799424409866333,153019.61324612726,2018-02-01 00:00:00+00:00,0.799424409866333,stop,-920.7231238476636,49.105369157841885,-1.056338192853032,5
AUDCHF,-1,2018-01-31 00:00:00+00:00,2018-02-01 00:00:00+00:00,0.7505199909210205,0.7575799822807312,116109.10815692597,2018-02-05 00:00:00+00:00,0.7361900210380554,target,1629.315908311377,34.52411471530821,1.987626778221483,2
EURJPY,1,2018-02-01 00:00:00+00:00,2018-02-02 00:00:00+00:00,136.86500549316406,135.52000427246094,615.7023374640859,2018-02-05 00:00:00+00:00,135.52000427246094,stop,-861.6620129195376,33.54161744057463,-1.0405033104168084,1
EURCAD,1,2018-01-19 00:00:00+00:00,2018-01-22 00:00:00+00:00,1.5302300453186035,1.5181200504302979,69013.29200820811,2018-02-06 00:00:00+00:00,1.5544500350952148,target,1628.9244414607924,42.57678542830035,1.9490556336503062,11
CHFJPY,1,2018-01-31 00:00:00+00:00,2018-02-01 00:00:00+00:00,117.22599792480469,116.31999969482422,904.7802448678992,2018-02-06 00:00:00+00:00,116.31999969482422,stop,-861.9908613544529,42.26156098284113,-1.0515555085851909,3
EURCHF,-1,2018-02-05 00:00:00+00:00,2018-02-06 00:00:00+00:00,1.1516900062561035,1.1612582206726074,86457.49881800212,2018-02-07 00:00:00+00:00,1.1612582206726074,stop,-867.2382303244351,39.994343719157825,-1.0483464965613474,1
GBPCHF,-1,2018-02-05 00:00:00+00:00,2018-02-06 00:00:00+00:00,1.298009991645813,1.3124440908432007,57311.777845824494,2018-02-08 00:00:00+00:00,1.3124440908432007,stop,-857.1658394957444,29.921952890467196,-1.0361706545977107,2
AUDNZD,-1,2018-02-06 00:00:00+00:00,2018-02-07 00:00:00+00:00,1.0765999555587769,1.0843600034713745,104524.6853358129,2018-02-08 00:00:00+00:00,1.0843600034713745,stop,-856.2912982032852,45.17473194818355,-1.055694500430134,1
AUDCAD,-1,2018-02-08 00:00:00+00:00,2018-02-09 00:00:00+00:00,0.980239987373352,0.9853100180625916,123903.49927575146,2018-02-09 00:00:00+00:00,0.9853100180625916,stop,-676.9022485672215,48.707704734997144,-1.0775360200326825,0
GBPAUD,1,2018-02-01 00:00:00+00:00,2018-02-02 00:00:00+00:00,1.7744499444961548,1.7609699964523315,61433.50054367774,2018-02-13 00:00:00+00:00,1.7609699964523315,stop,-871.5590400518405,43.43864457287759,-1.0524545039707105,7
USDCAD,1,2018-02-08 00:00:00+00:00,2018-02-09 00:00:00+00:00,1.2591999769210815,1.2547099590301514,96454.23029831325,2018-02-14 00:00:00+00:00,1.2547099590301514,stop,-481.5766692776176,48.49544958229163,-1.111977724678083,3
EURCHF,-1,2018-02-08 00:00:00+00:00,2018-02-09 00:00:00+00:00,1.146589994430542,1.1570903062820435,77112.0999599706,2018-02-15 00:00:00+00:00,1.1570903062820435,stop,-845.2294222287177,35.52832512487281,-1.0438783215830523,4
USDJPY,-1,2018-02-13 00:00:00+00:00,2018-02-14 00:00:00+00:00,107.75900268554688,108.75299835205078,785.003224104573,2018-02-16 00:00:00+00:00,105.77101135253906,target,1527.0552560104823,33.52434989259844,1.9570360271712017,2
NZDCAD,1,2018-02-14 00:00:00+00:00,2018-02-15 00:00:00+00:00,0.9202799797058105,0.9150999784469604,128191.85277124526,2018-02-21 00:00:00+00:00,0.9306399822235107,target,1280.6133456085533,47.454571850200495,1.9285359261731068,4
NZDCAD,1,2018-02-21 00:00:00+00:00,2018-02-22 00:00:00+00:00,0.9287800192832947,0.9257858735509217,130220.61756295222,2018-02-23 00:00:00+00:00,0.9257858735509217,stop,-438.2000495183017,48.30054317521191,-1.123879467374114,1
CADJPY,-1,2018-02-13 00:00:00+00:00,2018-02-14 00:00:00+00:00,85.58399963378906,86.41500091552734,938.9754505785321,2018-02-28 00:00:00+00:00,83.9219970703125,target,1528.7472119768813,31.83239392619939,1.959204395846531,10
GBPJPY,-1,2018-02-09 00:00:00+00:00,2018-02-12 00:00:00+00:00,150.3990020751953,152.74400329589844,334.8664740399981,2018-03-02 00:00:00+00:00,145.70899963378906,target,1550.6932522992302,19.831328493463467,1.9747455993545113,14
CADCHF,-1,2018-02-15 00:00:00+00:00,2018-02-16 00:00:00+00:00,0.7385799884796143,0.7437400221824646,154473.66473383803,2018-03-02 00:00:00+00:00,0.7282599210739136,target,1548.8610051775,45.317627281316994,1.943146111284379,10
USDCAD,1,2018-02-27 00:00:00+00:00,2018-02-28 00:00:00+00:00,1.2773200273513794,1.2666699886322021,76935.5613796723,2018-03-05 00:00:00+00:00,1.2986201047897339,target,1599.0971351209546,39.63628002934077,1.951625713294306,3
EURGBP,1,2018-03-02 00:00:00+00:00,2018-03-05 00:00:00+00:00,0.8928999900817871,0.8895999789237976,143240.13275710246,2018-03-05 00:00:00+00:00,0.8895999789237976,stop,-523.7591428103138,51.065106439978194,-1.1080299358800687,0
GBPUSD,-1,2018-02-28 00:00:00+00:00,2018-03-01 00:00:00+00:00,1.3753076791763306,1.3915947675704956,50879.65242194865,2018-03-06 00:00:00+00:00,1.3915947675704956,stop,-856.8372034158547,28.155806955183564,-1.0339766369505072,3
GBPCAD,1,2018-02-20 00:00:00+00:00,2018-02-21 00:00:00+00:00,1.7704800367355347,1.7548400163650513,51237.85641029812,2018-03-07 00:00:00+00:00,1.8017600774765015,target,1566.1154507869112,36.60678520702065,1.954319239622555,10
EURAUD,1,2018-03-06 00:00:00+00:00,2018-03-07 00:00:00+00:00,1.59483003616333,1.5827800035476685,71860.94761330813,2018-03-08 00:00:00+00:00,1.5827800035476685,stop,-911.595976252553,45.66921371983881,-1.0527402728450876,1
AUDCHF,1,2018-03-08 00:00:00+00:00,2018-03-09 00:00:00+00:00,0.7410799860954285,0.73580002784729,163154.27767287617,2018-03-19 00:00:00+00:00,0.7351800203323364,stop_gap,-1010.7762793731971,48.1716270012155,-1.1733459760902205,6
NZDCAD,1,2018-03-05 00:00:00+00:00,2018-03-06 00:00:00+00:00,0.9375699758529663,0.9296200275421143,108116.85809573227,2018-03-21 00:00:00+00:00,0.9296200275421143,stop,-899.8983767197648,40.374943326967156,-1.0469736388309916,11
NZDUSD,-1,2018-03-20 00:00:00+00:00,2018-03-21 00:00:00+00:00,0.7179678678512573,0.7249581217765808,123166.34197569772,2018-03-22 00:00:00+00:00,0.7249581217765808,stop,-896.5079886401808,35.54398317682488,-1.0412839363217,1
EURCHF,1,2018-03-06 00:00:00+00:00,2018-03-07 00:00:00+00:00,1.1651899814605713,1.1592999696731567,111474.5375832108,2018-03-26 00:00:00+00:00,1.1769700050354004,target,1260.9544404352882,52.21824028810754,1.9204701086846525,13
NZDJPY,-1,2018-03-22 00:00:00+00:00,2018-03-23 00:00:00+00:00,75.74500274658203,76.76000213623047,816.6678204601602,2018-03-26 00:00:00+00:00,76.76000213623047,stop,-853.8265253019649,24.909185989382514,-1.030050265337723,1
CHFJPY,-1,2018-02-28 00:00:00+00:00,2018-03-01 00:00:00+00:00,112.84600067138672,114.10566711425781,657.8578012857909,2018-03-29 00:00:00+00:00,111.63600158691406,max_hold,766.471889982226,29.535447286775543,0.9249295244901791,20
EURAUD,1,2018-03-26 00:00:00+00:00,2018-03-27 00:00:00+00:00,1.6060099601745605,1.5978000164031982,77201.10782716594,2018-04-03 00:00:00+00:00,1.5978000164031982,stop,-683.2842902398165,49.467535891905904,-1.0780470625816756,5
AUDJPY,-1,2018-03-22 00:00:00+00:00,2018-03-23 00:00:00+00:00,80.78199768066406,82.07945251464844,638.8795336844572,2018-04-04 00:00:00+00:00,82.07945251464844,stop,-849.7271087837735,20.80976947119114,-1.0251047583205928,8
GBPUSD,1,2018-03-21 00:00:00+00:00,2018-03-22 00:00:00+00:00,1.4144271612167358,1.4003640413284302,59486.82835312941,2018-04-05 00:00:00+00:00,1.4003640413284302,stop,-870.05899912826,33.48860022314061,-1.04003082139527,10
USDCHF,1,2018-03-08 00:00:00+00:00,2018-03-09 00:00:00+00:00,0.9514399766921997,0.9421600103378296,92828.76049569914,2018-04-06 00:00:00+00:00,0.9620000123977661,max_hold,944.7505728440301,35.52445249402513,1.0967009274721886,20
CADCHF,1,2018-04-03 00:00:00+00:00,2018-04-04 00:00:00+00:00,0.7477999925613403,0.7389844655990601,93083.43998756458,2018-04-12 00:00:00+00:00,0.7654310464859009,target,1612.9877997822518,28.171350122094776,1.9656689601081812,6
EURNZD,-1,2018-04-04 00:00:00+00:00,2018-04-05 00:00:00+00:00,1.6787699460983276,1.6914900541305542,65289.671055275176,2018-04-18 00:00:00+00:00,1.6914900541305542,stop,-874.5003025687749,44.00863335713907,-1.0529910593792173,9
AUDCHF,1,2018-04-18 00:00:00+00:00,2018-04-19 00:00:00+00:00,0.7544199824333191,0.7494999766349792,169513.89825980406,2018-04-20 00:00:00+00:00,0.7494999766349792,stop,-884.9964293239047,50.987066986478446,-1.0611348856367513,1
USDCAD,-1,2018-04-09 00:00:00+00:00,2018-04-10 00:00:00+00:00,1.2703700065612793,1.281690001487732,72842.60539228648,2018-04-23 00:00:00+00:00,1.281690001487732,stop,-861.7576634910243,37.17974002074992,-1.0450894196442675,9
USDJPY,1,2018-04-20 00:00:00+00:00,2018-04-23 00:00:00+00:00,107.84300231933594,107.40499877929688,1135.4044604703815,2018-04-23 00:00:00+00:00,108.71900939941406,target,945.4452513095563,49.177094814781555,1.9011140358822505,0
GBPJPY,1,2018-03-26 00:00:00+00:00,2018-03-27 00:00:00+00:00,150.24899291992188,148.24000549316406,411.4369473084329,2018-04-24 00:00:00+00:00,151.57000732421875,max_hold,518.6782362343478,24.83589762002648,0.6275054723874193,20
NZDCHF,1,2018-04-10 00:00:00+00:00,2018-04-11 00:00:00+00:00,0.7045900225639343,0.6980999708175659,131396.04060517473,2018-04-24 00:00:00+00:00,0.6980999708175659,stop,-889.6286850608741,36.86158226536558,-1.0432258492905357,9
GBPUSD,-1,2018-04-23 00:00:00+00:00,2018-04-24 00:00:00+00:00,1.393844723701477,1.404297113418579,78357.09312311347,2018-04-30 00:00:00+00:00,1.372939944267273,target,1594.678308068152,43.35944077592599,1.9470592899259815,4
EURUSD,-1,2018-04-23 00:00:00+00:00,2018-04-24 00:00:00+00:00,1.2211204767227173,1.2289692163467407,100606.64242812656,2018-05-01 00:00:00+00:00,1.2054229974746704,target,1530.4454034022128,48.82527832897611,1.9381673086269746,5
EURCAD,-1,2018-04-03 00:00:00+00:00,2018-04-04 00:00:00+00:00,1.572409987449646,1.5884900093078613,51030.99872547354,2018-05-02 00:00:00+00:00,1.540310025215149,max_hold,1606.324089676558,31.769042199810627,1.9575482240953672,20
USDJPY,1,2018-05-01 00:00:00+00:00,2018-05-02 00:00:00+00:00,109.84600067138672,109.25800323486328,1185.9770977518879,2018-05-03 00:00:00+00:00,109.25800323486328,stop,-749.3219593853269,51.97046613171054,-1.074525496302063,1
CADCHF,1,2018-04-30 00:00:00+00:00,2018-05-01 00:00:00+00:00,0.7717400193214417,0.7680000066757202,166486.22789546018,2018-05-07 00:00:00+00:00,0.7792200446128845,target,1193.678497202778,51.642698132185544,1.917061239581175,4
CHFJPY,-1,2018-05-02 00:00:00+00:00,2018-05-03 00:00:00+00:00,109.88500213623047,110.5,1187.6003791150556,2018-05-07 00:00:00+00:00,108.6550064086914,target,1408.8357529353377,51.90763939995134,1.9289298316565147,2
EURJPY,-1,2018-05-08 00:00:00+00:00,2018-05-09 00:00:00+00:00,129.38800048828125,130.08900451660156,1022.926748209579,2018-05-09 00:00:00+00:00,130.08900451660156,stop,-770.160964964474,53.08519379296109,-1.074030103828824,0
AUDNZD,1,2018-04-24 00:00:00+00:00,2018-04-25 00:00:00+00:00,1.0686700344085693,1.0625,113667.36023878558,2018-05-10 00:00:00+00:00,1.081010103225708,target,1353.7933542885785,48.86969332052752,1.9303186985586767,11
EURUSD,-1,2018-05-08 00:00:00+00:00,2018-05-09 00:00:00+00:00,1.186676025390625,1.1938873529434204,111533.76639024042,2018-05-10 00:00:00+00:00,1.1938873529434204,stop,-857.4091625802416,53.10263994325419,-1.0660228885986809,1
AUDCAD,-1,2018-05-09 00:00:00+00:00,2018-05-10 00:00:00+00:00,0.9581999778747559,0.9643700122833252,137542.09154591785,2018-05-11 00:00:00+00:00,0.9643700122833252,stop,-901.5262969828581,52.886859517951436,-1.0623195873101743,1
GBPJPY,-1,2018-05-03 00:00:00+00:00,2018-05-04 00:00:00+00:00,148.08599853515625,149.42999267578125,646.0441399507699,2018-05-16 00:00:00+00:00,149.42999267578125,stop,-906.7212312116465,38.44169253269419,-1.0442734059945504,8
NZDJPY,-1,2018-05-15 00:00:00+00:00,2018-05-16 00:00:00+00:00,75.6719970703125,76.0770034790039,1714.9621211533965,2018-05-16 00:00:00+00:00,76.0770034790039,stop,-746.6194073031262,52.04875757299273,-1.0749365922576999,0
CADJPY,1,2018-05-21 00:00:00+00:00,2018-05-22 00:00:00+00:00,86.8499984741211,86.0999984741211,1161.2694718282455,2018-05-23 00:00:00+00:00,86.0999984741211,stop,-911.1204141929405,40.16831032175638,-1.046119999186198,1
EURAUD,-1,2018-05-16 00:00:00+00:00,2018-05-17 00:00:00+00:00,1.5715700387954712,1.5846408302895725,65126.737799627605,2018-05-25 00:00:00+00:00,1.5454284558072686,target,1661.916032203909,40.59998873596532,1.952305895231985,6
GBPJPY,-1,2018-05-23 00:00:00+00:00,2018-05-24 00:00:00+00:00,146.94700622558594,148.76712036132812,481.0823824685362,2018-05-29 00:00:00+00:00,143.30677795410156,target,1723.32249317229,27.92719640273448,1.9681059798965483,3
CADCHF,-1,2018-05-25 00:00:00+00:00,2018-05-28 00:00:00+00:00,0.7645400166511536,0.7700899839401245,156689.88423595263,2018-05-30 00:00:00+00:00,0.7700899839401245,stop,-917.7159314497151,48.09219942753346,-1.0553023079484067,2
CADJPY,-1,2018-05-29 00:00:00+00:00,2018-05-30 00:00:00+00:00,83.23300170898438,84.19200134277344,942.1446588360562,2018-05-30 00:00:00+00:00,84.19200134277344,stop,-935.064097276264,31.547714476164813,-1.034916593740553,0
GBPCAD,-1,2018-05-10 00:00:00+00:00,2018-05-11 00:00:00+00:00,1.7267800569534302,1.7418999671936035,57849.082343717586,2018-06-05 00:00:00+00:00,1.7418999671936035,stop,-914.8049237815843,40.13199126817801,-1.0458822832814287,17
EURCAD,-1,2018-05-16 00:00:00+00:00,2018-05-17 00:00:00+00:00,1.5104000568389893,1.5226099491119385,69718.71589365968,2018-06-05 00:00:00+00:00,1.5226099491119385,stop,-893.5495230514413,42.291512581503966,-1.0496811919081466,13
NZDJPY,1,2018-06-06 00:00:00+00:00,2018-06-07 00:00:00+00:00,77.5,77.16504669189453,1627.438638473717,2018-06-07 00:00:00+00:00,77.16504669189453,stop,-595.4575302969777,50.34157460154614,-1.092350212969501,0
NZDCHF,-1,2018-05-14 00:00:00+00:00,2018-05-15 00:00:00+00:00,0.6917600035667419,0.6969199776649475,166481.70970420737,2018-06-12 00:00:00+00:00,0.6917999982833862,max_hold,-52.72587572334937,46.06748691727313,-0.06137757883793461,20
USDCHF,-1,2018-05-30 00:00:00+00:00,2018-05-31 00:00:00+00:00,0.9885600209236145,0.9934499859809875,132606.6203832877,2018-06-14 00:00:00+00:00,0.9934499859809875,stop,-701.0072697669045,52.5655297162952,-1.0810643832276938,10
CADCHF,-1,2018-06-07 00:00:00+00:00,2018-06-08 00:00:00+00:00,0.7556099891662598,0.761929988861084,134624.5059317915,2018-06-14 00:00:00+00:00,0.761929988861084,stop,-891.6864503595182,40.859613954734584,-1.0480234193451035,4
CADCHF,-1,2018-06-18 00:00:00+00:00,2018-06-19 00:00:00+00:00,0.7525299787521362,0.7577400207519531,159973.88489474167,2018-06-22 00:00:00+00:00,0.7421098947525024,target,1619.1206489343308,47.82066941662447,1.9426246516416885,3
AUDNZD,-1,2018-06-14 00:00:00+00:00,2018-06-15 00:00:00+00:00,1.0723600387573242,1.077929973602295,114510.9863949052,2018-06-26 00:00:00+00:00,1.077929973602295,stop,-687.0650993230311,49.24636607008257,-1.0772105984076705,7
NZDCAD,1,2018-06-22 00:00:00+00:00,2018-06-25 00:00:00+00:00,0.918150007724762,0.9143000245094299,138630.03947347542,2018-06-26 00:00:00+00:00,0.9143000245094299,stop,-584.5298491740568,50.80652406035947,-1.095192624473619,1
GBPCAD,1,2018-06-15 00:00:00+00:00,2018-06-18 00:00:00+00:00,1.7515000104904175,1.7369500398635864,56709.53946885745,2018-06-28 00:00:00+00:00,1.7369500398635864,stop,-864.6878126961299,39.56567916313763,-1.0479513002441543,8
GBPNZD,1,2018-06-26 00:00:00+00:00,2018-06-27 00:00:00+00:00,1.9299800395965576,1.92313739284873,65515.34907632796,2018-06-29 00:00:00+00:00,1.9436653330922127,target,845.8401348219204,50.75664575792146,1.8867793263208097,2
GBPUSD,-1,2018-06-28 00:00:00+00:00,2018-06-29 00:00:00+00:00,1.3077536821365356,1.3123483890667558,96487.48845947263,2018-06-29 00:00:00+00:00,1.3123483890667558,stop,-493.89314557584703,50.56141367157359,-1.1140487134868367,0
AUDNZD,1,2018-06-29 00:00:00+00:00,2018-07-02 00:00:00+00:00,1.0913300514221191,1.0861999988555908,113540.99936430674,2018-07-06 00:00:00+00:00,1.0861999988555908,stop,-631.9190828059203,49.44778761086806,-1.0848930891852955,4
NZDUSD,-1,2018-06-27 00:00:00+00:00,2018-06-28 00:00:00+00:00,0.6791402101516724,0.6850581765174866,142661.00646800932,2018-07-09 00:00:00+00:00,0.6850581765174866,stop,-883.1866209637338,38.92358297285136,-1.0461036208164212,7
GBPNZD,1,2018-06-29 00:00:00+00:00,2018-07-02 00:00:00+00:00,1.9482200145721436,1.9337999820709229,57286.373274714984,2018-07-09 00:00:00+00:00,1.9337999820709229,stop,-870.5487338159717,44.4773693175205,-1.0538420422605073,5
AUDUSD,-1,2018-06-14 00:00:00+00:00,2018-06-15 00:00:00+00:00,0.7465025782585144,0.7554431557655334,91565.30489756755,2018-07-13 00:00:00+00:00,0.7407023310661316,max_hold,503.86612845829825,27.235274193494103,0.6154866624888332,20
USDCAD,1,2018-06-14 00:00:00+00:00,2018-06-15 00:00:00+00:00,1.3118900060653687,1.2977938842959702,58076.023943532426,2018-07-13 00:00:00+00:00,1.3165299892425537,max_hold,238.94213757955464,30.529636516232458,0.29187454857656575,20
CADCHF,1,2018-07-13 00:00:00+00:00,2018-07-16 00:00:00+00:00,0.7615900039672852,0.7590206773020327,159183.26585774773,2018-07-16 00:00:00+00:00,0.7590206773020327,stop,-457.4049644988056,48.411154868524946,-1.1183664733514849,0
EURJPY,1,2018-07-09 00:00:00+00:00,2018-07-10 00:00:00+00:00,130.4320068359375,129.70700073242188,910.6591181147293,2018-07-17 00:00:00+00:00,131.88201904296875,target,1272.6911058154687,47.77573189520181,1.9276381192911565,5
NZDJPY,1,2018-07-17 00:00:00+00:00,2018-07-18 00:00:00+00:00,76.53099822998047,76.10900115966797,1610.781724924107,2018-07-19 00:00:00+00:00,76.10900115966797,stop,-728.919113132743,49.17394430185451,-1.0723417341625687,1
USDJPY,1,2018-07-11 00:00:00+00:00,2018-07-12 00:00:00+00:00,111.98600006103516,111.0935287475586,907.441850730298,2018-07-23 00:00:00+00:00,111.05799865722656,stop_gap,-882.5872031506221,40.479891798237134,-1.0897943596231772,7
CHFJPY,1,2018-07-11 00:00:00+00:00,2018-07-12 00:00:00+00:00,112.47000122070312,111.58699798583984,917.1719745174732,2018-07-25 00:00:00+00:00,111.58699798583984,stop,-850.9655804982168,41.09976007334499,-1.0507488512748733,9
GBPCHF,-1,2018-07-19 00:00:00+00:00,2018-07-20 00:00:00+00:00,1.3004200458526611,1.3065799474716187,93741.03275820869,2018-07-25 00:00:00+00:00,1.3065799474716187,stop,-626.3121138050118,48.876574354972234,-1.0846442087744084,3
EURCAD,-1,2018-07-26 00:00:00+00:00,2018-07-27 00:00:00+00:00,1.5216599702835083,1.5305399894714355,76326.09891964412,2018-07-31 00:00:00+00:00,1.5305399894714355,stop,-724.3697261562307,46.59250321015793,-1.068743093796566,2
GBPCAD,-1,2018-07-26 00:00:00+00:00,2018-07-27 00:00:00+00:00,1.7131600379943848,1.721809983253479,67794.2322013832,2018-08-02 00:00:00+00:00,1.6958601474761963,target,1126.610413641978,46.222381206598996,1.9211782252174032,4
EURGBP,1,2018-07-17 00:00:00+00:00,2018-07-18 00:00:00+00:00,0.8891299962997437,0.8841999769210815,138646.46772921755,2018-08-08 00:00:00+00:00,0.8989900350570679,target,1317.4762401314906,49.58330524469593,1.9274599187542314,15
CADJPY,1,2018-07-31 00:00:00+00:00,2018-08-01 00:00:00+00:00,85.86399841308594,84.97950744628906,879.1021893014004,2018-08-08 00:00:00+00:00,84.97950744628906,stop,-807.5957253342257,30.03778000578064,-1.0386309215747163,5
EURCHF,-1,2018-08-02 00:00:00+00:00,2018-08-03 00:00:00+00:00,1.1532599925994873,1.1570600271224976,101741.81937117386,2018-08-09 00:00:00+00:00,1.1456599235534668,target,726.4655931170626,46.7792589716056,1.8790053141763654,4
USDCAD,-1,2018-07-25 00:00:00+00:00,2018-07-26 00:00:00+00:00,1.3038300275802612,1.3165070582181215,61349.00640197942,2018-08-13 00:00:00+00:00,1.3165070582181215,stop,-809.8742490905786,32.15101533039782,-1.0413399187972723,12
EURJPY,-1,2018-08-09 00:00:00+00:00,2018-08-10 00:00:00+00:00,128.00799560546875,129.00100708007812,808.2676902043315,2018-08-13 00:00:00+00:00,126.02197265625,target,1564.1733387199176,41.064843137915815,1.948836448569409,1
AUDCAD,-1,2018-08-13 00:00:00+00:00,2018-08-14 00:00:00+00:00,0.9539600014686584,0.9584599733352661,127508.99947018012,2018-08-14 00:00:00+00:00,0.9449600577354431,target,1099.1479413456107,48.42587936459404,1.915603025285773,0
GBPJPY,-1,2018-08-08 00:00:00+00:00,2018-08-09 00:00:00+00:00,142.8000030517578,144.2291259765625,551.28590669492,2018-08-15 00:00:00+00:00,139.94175720214844,target,1544.5363452264778,31.174309532418476,1.9604314289069924,4
EURUSD,-1,2018-08-14 00:00:00+00:00,2018-08-15 00:00:00+00:00,1.1348161697387695,1.1431001424789429,99389.16226340621,2018-08-20 00:00:00+00:00,1.1437852382659912,stop_gap,-936.7218642184074,45.2936570147622,-1.1377136434934019,3
GBPUSD,-1,2018-08-14 00:00:00+00:00,2018-08-15 00:00:00+00:00,1.2719409465789795,1.2818048000335693,83470.12804368125,2018-08-21 00:00:00+00:00,1.2818048000335693,stop,-865.9694077508731,42.63229689215117,-1.0517798801121532,4
USDJPY,-1,2018-08-20 00:00:00+00:00,2018-08-21 00:00:00+00:00,109.93599700927734,110.67500305175781,1099.3663693465662,2018-08-23 00:00:00+00:00,110.67500305175781,stop,-860.9448526819302,48.50646283500306,-1.0597047892384088,2
AUDCHF,-1,2018-08-23 00:00:00+00:00,2018-08-24 00:00:00+00:00,0.714389979839325,0.7210299968719482,120862.53282499146,2018-08-24 00:00:00+00:00,0.7210299968719482,stop,-837.2269753745179,34.69769881058295,-1.0432354305616647,0
CHFJPY,1,2018-08-24 00:00:00+00:00,2018-08-27 00:00:00+00:00,113.25,112.86000061035156,1058.5254691905184,2018-08-27 00:00:00+00:00,112.86000061035156,stop,-460.69292580857626,47.868638896948156,-1.1159540279353652,0
USDCHF,-1,2018-08-21 00:00:00+00:00,2018-08-22 00:00:00+00:00,0.9843500256538391,0.9905200004577637,122011.49715149301,2018-08-29 00:00:00+00:00,0.97201007604599,target,1457.8760414324815,47.73968499516866,1.936584502729073,5
GBPCHF,-1,2018-08-28 00:00:00+00:00,2018-08-29 00:00:00+00:00,1.2564899921417236,1.2631900310516357,96555.61539104955,2018-08-29 00:00:00+00:00,1.2631900310516357,stop,-695.5842311361343,48.65785104559376,-1.0752138922496621,0
CADJPY,1,2018-08-29 00:00:00+00:00,2018-08-30 00:00:00+00:00,86.55000305175781,85.90599822998047,1241.0041326661358,2018-08-30 00:00:00+00:00,85.90599822998047,stop,-842.0163673413444,42.80372205874272,-1.053557363376811,0
GBPCAD,-1,2018-08-08 00:00:00+00:00,2018-08-09 00:00:00+00:00,1.676900029182434,1.6916500329971313,53413.90668620775,2018-08-31 00:00:00+00:00,1.6916500329971313,stop,-823.8408111172638,35.98548373781573,-1.0456752432677077,16
EURNZD,1,2018-08-08 00:00:00+00:00,2018-08-09 00:00:00+00:00,1.7342699766159058,1.7209571953862906,59180.37063711442,2018-09-04 00:00:00+00:00,1.7608955390751362,target,1534.341616627565,41.36903813133141,1.9474915803781738,18
CADCHF,-1,2018-08-30 00:00:00+00:00,2018-08-31 00:00:00+00:00,0.7454000115394592,0.7519699931144714,122137.52993214126,2018-09-06 00:00:00+00:00,0.7322600483894348,target,1568.7870925835211,36.09554995981899,1.9550178324533232,4
GBPAUD,1,2018-08-29 00:00:00+00:00,2018-08-30 00:00:00+00:00,1.7828400135040283,1.7650614976882935,44953.84505467319,2018-09-07 00:00:00+00:00,1.818397045135498,target,1566.0474000173579,32.377890547845666,1.9594877649409603,6
AUDCHF,-1,2018-08-29 00:00:00+00:00,2018-08-30 00:00:00+00:00,0.7094500064849854,0.717445969581604,99952.01774012367,2018-09-07 00:00:00+00:00,0.693458080291748,target,1570.3805917697493,28.044698795454206,1.9649095907566156,6
EURCAD,1,2018-09-04 00:00:00+00:00,2018-09-05 00:00:00+00:00,1.5264500379562378,1.517199993133545,80082.16138214566,2018-09-11 00:00:00+00:00,1.517199993133545,stop,-789.5119968790723,48.74841459610093,-1.065808330433662,4
AUDJPY,-1,2018-09-06 00:00:00+00:00,2018-09-07 00:00:00+00:00,79.44400024414062,80.25499725341797,1027.1197936220071,2018-09-13 00:00:00+00:00,80.25499725341797,stop,-865.7970810672771,32.806000270266765,-1.03938337519638,4
NZDCAD,-1,2018-09-11 00:00:00+00:00,2018-09-12 00:00:00+00:00,0.8509100079536438,0.8591600060462952,104024.43634910646,2018-09-18 00:00:00+00:00,0.8591600060462952,stop,-893.7792153340322,35.57781386477045,-1.0414562523480622,4
AUDUSD,-1,2018-08-31 00:00:00+00:00,2018-09-03 00:00:00+00:00,0.7189124226570129,0.7264801859855652,107649.3593196118,2018-09-19 00:00:00+00:00,0.7264801859855652,stop,-845.7839914582374,31.119117657135185,-1.0381986736606652,12
GBPAUD,1,2018-09-07 00:00:00+00:00,2018-09-10 00:00:00+00:00,1.8172099590301514,1.7967000007629395,41519.47508304623,2018-09-21 00:00:00+00:00,1.7967000007629395,stop,-881.5722301354235,30.00952890560037,-1.035240539378088,9
GBPNZD,1,2018-09-07 00:00:00+00:00,2018-09-10 00:00:00+00:00,1.9778300523757935,1.9611999988555908,51206.25139271631,2018-09-21 00:00:00+00:00,1.9611999988555908,stop,-891.9032938391867,40.340592609363696,-1.0473724278330931,9
USDJPY,1,2018-09-25 00:00:00+00:00,2018-09-26 00:00:00+00:00,112.97699737548828,112.72547149658203,1078.3729112578949,2018-09-26 00:00:00+00:00,112.72547149658203,stop,-319.9169799799673,48.67828568713377,-1.1794665979131278,0
CADJPY,1,2018-09-19 00:00:00+00:00,2018-09-20 00:00:00+00:00,86.93199920654297,86.41000366210938,1394.6190864106943,2018-09-27 00:00:00+00:00,86.41000366210938,stop,-776.3341624238875,48.34921313545598,-1.0664151273768983,5
EURNZD,-1,2018-09-28 00:00:00+00:00,2018-10-01 00:00:00+00:00,1.7519899606704712,1.7634700536727905,68365.77906053272,2018-10-03 00:00:00+00:00,1.7634700536727905,stop,-832.9129343182772,48.06743252734573,-1.0612444518286226,2
USDCHF,1,2018-09-27 00:00:00+00:00,2018-09-28 00:00:00+00:00,0.9769999980926514,0.9682625541463494,90434.96453504277,2018-10-05 00:00:00+00:00,0.9944748859852552,target,1544.682814576817,35.65805224466261,1.9548729606462922,5
CADCHF,1,2018-10-03 00:00:00+00:00,2018-10-04 00:00:00+00:00,0.7700200080871582,0.7666000127792358,156313.98389820193,2018-10-05 00:00:00+00:00,0.7666000127792358,stop,-582.6321309343753,48.03903943987285,-1.0898609432186552,1
NZDCAD,-1,2018-10-05 00:00:00+00:00,2018-10-08 00:00:00+00:00,0.8335300087928772,0.8375499844551086,142821.16840677257,2018-10-08 00:00:00+00:00,0.8375499844551086,stop,-621.8707404740561,47.7331194273718,-1.083138811458395,0
EURJPY,1,2018-09-13 00:00:00+00:00,2018-09-14 00:00:00+00:00,130.98899841308594,129.4281463623047,533.3221899809749,2018-10-09 00:00:00+00:00,129.4281463623047,stop,-860.2142823509929,27.77724839204079,-1.033368587963868,17
USDJPY,1,2018-09-27 00:00:00+00:00,2018-09-28 00:00:00+00:00,113.38899993896484,112.61555626988411,1021.6263510824078,2018-10-10 00:00:00+00:00,112.61555626988411,stop,-836.3488754282689,46.178442017529065,-1.0584411160744165,8
GBPJPY,1,2018-09-13 00:00:00+00:00,2018-09-14 00:00:00+00:00,146.89500427246094,145.00387573242188,440.1800387094563,2018-10-12 00:00:00+00:00,148.32000732421875,max_hold,601.2683474373995,25.98955104644781,0.7222988921790909,20
GBPCHF,1,2018-10-09 00:00:00+00:00,2018-10-10 00:00:00+00:00,1.304479956626892,1.295989990234375,87940.85599025305,2018-10-15 00:00:00+00:00,1.295989990234375,stop,-792.3524225072152,45.73751062078154,-1.0612598407728275,3
GBPAUD,1,2018-10-05 00:00:00+00:00,2018-10-08 00:00:00+00:00,1.8606699705123901,1.8383426666259766,35545.63517492047,2018-10-17 00:00:00+00:00,1.8383426666259766,stop,-819.9349491274689,26.29675074142817,-1.0331344317787448,7
GBPCAD,1,2018-10-10 00:00:00+00:00,2018-10-11 00:00:00+00:00,1.7231299877166748,1.7023884248919785,37093.15772513551,2018-10-17 00:00:00+00:00,1.7023884248919785,stop,-794.782720276117,25.41265895384972,-1.033030475490786,4
CHFJPY,-1,2018-10-08 00:00:00+00:00,2018-10-09 00:00:00+00:00,113.94000244140625,114.86000061035156,833.7812632823457,2018-10-26 00:00:00+00:00,112.10000610351562,target,1496.4608862659475,37.693584775387436,1.9508607699069542,13
NZDCHF,1,2018-10-16 00:00:00+00:00,2018-10-17 00:00:00+00:00,0.6517400145530701,0.6481999754905701,172536.17487935448,2018-10-26 00:00:00+00:00,0.6481999754905701,stop,-655.6421334582133,44.857334690967164,-1.073442126885776,7
GBPJPY,-1,2018-10-18 00:00:00+00:00,2018-10-19 00:00:00+00:00,146.08799743652344,147.71400451660156,460.54085163995234,2018-10-26 00:00:00+00:00,142.8359832763672,target,1471.0731116361999,26.612259227343962,1.964462149734427,5
GBPNZD,-1,2018-10-29 00:00:00+00:00,2018-10-30 00:00:00+00:00,1.9612200260162354,1.968997735530138,58559.46111291277,2018-10-30 00:00:00+00:00,1.94566460698843,target,865.1599439060149,45.757011747814644,1.8995363705465957,0
GBPUSD,-1,2018-10-30 00:00:00+00:00,2018-10-31 00:00:00+00:00,1.2706480026245117,1.2815583944320679,70695.96287300142,2018-10-31 00:00:00+00:00,1.2815583944320679,stop,-807.4067918949984,36.08613773810974,-1.0467848715623396,0
EURJPY,-1,2018-10-24 00:00:00+00:00,2018-10-25 00:00:00+00:00,127.69300079345703,129.21099853515625,497.4653418501395,2018-11-02 00:00:00+00:00,129.21099853515625,stop,-780.711432671877,25.560167169735323,-1.0338477446008634,6
EURNZD,-1,2018-10-30 00:00:00+00:00,2018-10-31 00:00:00+00:00,1.7298500537872314,1.7442599534988403,53527.13548280271,2018-11-06 00:00:00+00:00,1.7010302543640137,target,1505.912269297839,36.729039015938326,1.9523816212907124,4
AUDNZD,-1,2018-10-15 00:00:00+00:00,2018-10-16 00:00:00+00:00,1.0858299732208252,1.0934699773788452,98025.38824944066,2018-11-07 00:00:00+00:00,1.0705499649047852,target,1455.5527515048932,42.27599612961356,1.9435502941222362,16
EURAUD,-1,2018-10-30 00:00:00+00:00,2018-10-31 00:00:00+00:00,1.5980700254440308,1.6114599704742432,57604.4675625269,2018-11-08 00:00:00+00:00,1.571290135383606,target,1506.1274473981052,36.513860915672126,1.9526605948915183,6
GBPCHF,1,2018-11-06 00:00:00+00:00,2018-11-07 00:00:00+00:00,1.3130899667739868,1.30840003490448,90802.74371104978,2018-11-09 00:00:00+00:00,1.30840003490448,stop,-473.46637852181163,47.607696952697864,-1.1117922423872706,2
GBPNZD,-1,2018-11-09 00:00:00+00:00,2018-11-12 00:00:00+00:00,1.9222500324249268,1.9381099939346313,50622.8340597341,2018-11-15 00:00:00+00:00,1.8905301094055176,target,1567.1496521138645,38.60274728522641,1.951919427553498,3
USDJPY,1,2018-11-07 00:00:00+00:00,2018-11-08 00:00:00+00:00,113.56600189208984,112.94999694824219,1073.1521388392748,2018-11-16 00:00:00+00:00,112.94999694824219,stop,-709.684248753043,48.617225727363405,-1.0735435652270842,6
USDCAD,1,2018-11-09 00:00:00+00:00,2018-11-12 00:00:00+00:00,1.3192499876022339,1.3142800331115723,91287.80071002207,2018-11-16 00:00:00+00:00,1.3142800331115723,stop,-501.7780478203538,48.08183273895645,-1.1059780336283611,4
NZDCAD,1,2018-11-06 00:00:00+00:00,2018-11-07 00:00:00+00:00,0.8835399746894836,0.8732423190958798,77190.4961854214,2018-11-20 00:00:00+00:00,0.9041352858766913,target,1562.1639815574217,27.59830807630111,1.9652799563101229,9
GBPAUD,-1,2018-11-15 00:00:00+00:00,2018-11-16 00:00:00+00:00,1.7554199695587158,1.7796744108200073,34048.84586336922,2018-11-22 00:00:00+00:00,1.7796744108200073,stop,-849.9089087418525,24.073176733995574,-1.0291500788848968,4
CADJPY,-1,2018-11-20 00:00:00+00:00,2018-11-21 00:00:00+00:00,84.68000030517578,85.54299926757812,940.7339763726596,2018-11-22 00:00:00+00:00,85.54299926757812,stop,-843.8793573578679,32.02691185163167,-1.0394491782699022,1
AUDUSD,1,2018-11-01 00:00:00+00:00,2018-11-02 00:00:00+00:00,0.7204506993293762,0.7121429443359375,93696.49093763354,2018-11-30 00:00:00+00:00,0.7322788834571838,max_hold,1081.0362141021087,27.22313283767862,1.3887793056442412,20
EURCHF,-1,2018-11-23 00:00:00+00:00,2018-11-26 00:00:00+00:00,1.1306899785995483,1.1352699995040894,104572.00421484702,2018-11-30 00:00:00+00:00,1.1352699995040894,stop,-526.3331606099362,47.391195276185655,-1.0989497657470066,4
USDCHF,-1,2018-11-19 00:00:00+00:00,2018-11-20 00:00:00+00:00,0.9931300282478333,1.0006500482559204,108458.33809859645,2018-12-05 00:00:00+00:00,1.0006500482559204,stop,-858.857287271665,43.24841472633793,-1.0530259247810407,11
CADCHF,-1,2018-11-19 00:00:00+00:00,2018-11-20 00:00:00+00:00,0.7537000179290771,0.7601000070571899,127439.10282013728,2018-12-06 00:00:00+00:00,0.7409000396728516,target,1593.123647007511,38.09409808314306,1.9532936688583828,12
NZDCHF,1,2018-11-30 00:00:00+00:00,2018-12-03 00:00:00+00:00,0.6899499893188477,0.6822060346603394,103919.11431323567,2018-12-06 00:00:00+00:00,0.6822060346603394,stop,-833.2635571363356,28.518647742297617,-1.035438121334339,3
NZDJPY,1,2018-11-30 00:00:00+00:00,2018-12-03 00:00:00+00:00,78.5979995727539,77.7020034790039,898.1567163155258,2018-12-06 00:00:00+00:00,77.7020034790039,stop,-832.8212888942527,28.076379500214692,-1.034888545640327,3
EURNZD,-1,2018-11-30 00:00:00+00:00,2018-12-03 00:00:00+00:00,1.6402000188827515,1.657243251800537,47217.855513447685,2018-12-07 00:00:00+00:00,1.657243251800537,stop,-835.8845493778208,31.13963998378278,-1.0386950443802503,4
EURCAD,1,2018-12-06 00:00:00+00:00,2018-12-07 00:00:00+00:00,1.523360013961792,1.516129970550537,78150.29209402854,2018-12-07 00:00:00+00:00,1.516129970550537,stop,-612.5374104633781,47.50740602130257,-1.0840794394064304,0
GBPNZD,-1,2018-11-15 00:00:00+00:00,2018-11-16 00:00:00+00:00,1.8703700304031372,1.8982463963329792,29624.942292918808,2018-12-11 00:00:00+00:00,1.8146172985434532,target,1629.8379566216781,21.833507394035955,1.9735619245476919,17
AUDJPY,-1,2018-12-07 00:00:00+00:00,2018-12-10 00:00:00+00:00,80.79000091552734,81.66999816894531,886.6739820002483,2018-12-11 00:00:00+00:00,81.66999816894531,stop,-809.0804796981893,28.809810860797214,-1.0369228423051247,1
EURAUD,1,2018-12-07 00:00:00+00:00,2018-12-10 00:00:00+00:00,1.5873500108718872,1.572282592765987,51784.705105186214,2018-12-11 00:00:00+00:00,1.572282592765987,stop,-812.9859318346137,32.72412852402381,-1.041939933987769,1
AUDCHF,-1,2018-12-07 00:00:00+00:00,2018-12-10 00:00:00+00:00,0.7107499837875366,0.718559980392456,99906.65915858501,2018-12-13 00:00:00+00:00,0.718559980392456,stop,-808.830185522052,28.559516684659975,-1.0366020636495459,3
GBPCAD,-1,2018-12-11 00:00:00+00:00,2018-12-12 00:00:00+00:00,1.6713000535964966,1.693910002708435,34820.76325349611,2018-12-13 00:00:00+00:00,1.693910002708435,stop,-810.73152173418,23.43583653377567,-1.0297675155272954,1
USDCAD,1,2018-12-05 00:00:00+00:00,2018-12-06 00:00:00+00:00,1.3362699747085571,1.325279951095581,72673.43186301782,2018-12-24 00:00:00+00:00,1.3597099781036377,target,1664.2802665203421,39.18522308095181,2.0837814558904886,12
AUDUSD,-1,2018-12-14 00:00:00+00:00,2018-12-17 00:00:00+00:00,0.7175660133361816,0.7228515148162842,145074.6240984324,2018-12-24 00:00:00+00:00,0.7049004435539246,target,1796.1800178482179,41.27275730519223,2.342460131264378,5
AUDJPY,-1,2018-12-19 00:00:00+00:00,2018-12-20 00:00:00+00:00,79.96299743652344,80.97659301757812,771.8751297496341,2018-12-24 00:00:00+00:00,77.93580627441406,target,1540.362809360147,24.375631920338378,1.9688438255528624,2
AUDCHF,-1,2018-12-19 00:00:00+00:00,2018-12-20 00:00:00+00:00,0.7070599794387817,0.7149400115013123,99285.03011560085,2018-12-25 00:00:00+00:00,0.6912999153137207,target,1536.9712004278954,27.76724085259013,1.9645087765213118,3
EURCAD,1,2018-12-24 00:00:00+00:00,2018-12-25 00:00:00+00:00,1.5508999824523926,1.5443999767303467,80089.94982506968,2018-12-25 00:00:00+00:00,1.5638999938964844,target,991.2774295184615,49.892834764181956,1.904160085097018,0
NZDCHF,-1,2018-12-28 00:00:00+00:00,2018-12-31 00:00:00+00:00,0.6595399975776672,0.662883996963501,191765.5617482341,2019-01-01 00:00:00+00:00,0.662883996963501,stop,-691.9829967466632,50.71907603650616,-1.079092358697396,1
GBPCHF,-1,2018-12-07 00:00:00+00:00,2018-12-10 00:00:00+00:00,1.2584999799728394,1.2692400217056274,72650.61796317954,2019-01-03 00:00:00+00:00,1.2370198965072632,target,1524.2811254416486,36.26021223313539,1.9535286744955267,18
NZDUSD,-1,2018-12-27 00:00:00+00:00,2018-12-28 00:00:00+00:00,0.6701110005378723,0.6739816665649414,189304.0893910343,2019-01-03 00:00:00+00:00,0.6623696684837341,target,1415.0170072461956,50.44880793605827,1.931149799042178,4
CADJPY,-1,2019-01-02 00:00:00+00:00,2019-01-03 00:00:00+00:00,78.8270034790039,80.1933362185955,631.49541110468,2019-01-03 00:00:00+00:00,80.1933362185955,stop,-882.9169780524485,20.08412295826828,-1.0232769566430986,0
AUDUSD,-1,2019-01-02 00:00:00+00:00,2019-01-03 00:00:00+00:00,0.6920079588890076,0.7005942268297076,100489.85904623794,2019-01-03 00:00:00+00:00,0.7005942268297076,stop,-890.8213345642514,27.98847947007131,-1.0324378925823545,0
EURAUD,1,2018-12-27 00:00:00+00:00,2018-12-28 00:00:00+00:00,1.6249099969863892,1.6071223593316972,47544.16342793584,2019-01-04 00:00:00+00:00,1.6071223593316972,stop,-876.4312065622114,30.73285491063273,-1.0363402090717262,5
NZDCAD,-1,2019-01-08 00:00:00+00:00,2019-01-09 00:00:00+00:00,0.8926600217819214,0.8979700207710266,139748.7573102065,2019-01-09 00:00:00+00:00,0.8979700207710266,stop,-792.1134246957273,50.04766464981934,-1.0674437055911636,0
AUDNZD,1,2019-01-08 00:00:00+00:00,2019-01-09 00:00:00+00:00,1.0624799728393555,1.055400013923645,117412.21663797612,2019-01-09 00:00:00+00:00,1.055400013923645,stop,-881.0066667631761,49.73299676381028,-1.0598274654408917,0
USDCHF,-1,2019-01-09 00:00:00+00:00,2019-01-10 00:00:00+00:00,0.9728000164031982,0.9817000031471252,91928.4073066024,2019-01-10 00:00:00+00:00,0.9817000031471252,stop,-854.0964211946804,35.934814775596905,-1.0439214141725324,0
EURNZD,1,2018-12-27 00:00:00+00:00,2018-12-28 00:00:00+00:00,1.7059500217437744,1.6853630542755127,41079.306748571165,2019-01-11 00:00:00+00:00,1.6853630542755127,stop,-873.560909677626,27.86255802604735,-1.032946212998564,10
EURUSD,1,2019-01-09 00:00:00+00:00,2019-01-10 00:00:00+00:00,1.1555217504501343,1.144164800643921,72040.61128908643,2019-01-15 00:00:00+00:00,1.144164800643921,stop,-851.2957714019047,33.13416498282133,-1.0404983131973675,3
USDCAD,-1,2019-01-08 00:00:00+00:00,2019-01-09 00:00:00+00:00,1.324779987335205,1.3319000005722046,94165.16699913035,2019-01-22 00:00:00+00:00,1.3319000005722046,stop,-720.4905784429875,50.03334294490976,-1.0746257036181293,9
GBPCHF,1,2019-01-11 00:00:00+00:00,2019-01-14 00:00:00+00:00,1.2639600038528442,1.2492082440294325,53648.02231299698,2019-01-23 00:00:00+00:00,1.2934635234996676,target,1555.3653374328887,27.4401428918382,1.9653272076285602,7
EURGBP,-1,2019-01-15 00:00:00+00:00,2019-01-16 00:00:00+00:00,0.8866400122642517,0.8933500051498413,118508.60201022518,2019-01-23 00:00:00+00:00,0.8732200264930725,target,1548.6720421542022,41.71171058535824,1.9475450997113035,5
GBPUSD,1,2019-01-11 00:00:00+00:00,2019-01-14 00:00:00+00:00,1.2849836349487305,1.2716660499572754,59425.394369185466,2019-01-25 00:00:00+00:00,1.3116188049316406,target,1551.9446555227507,30.86082480197605,1.9610049052955707,9
EURUSD,-1,2019-01-24 00:00:00+00:00,2019-01-25 00:00:00+00:00,1.1309914588928223,1.1393414735794067,102345.72909451666,2019-01-25 00:00:00+00:00,1.1393414735794067,stop,-901.0601169006424,46.47177585223247,-1.054379136269541,0
EURNZD,-1,2019-01-25 00:00:00+00:00,2019-01-28 00:00:00+00:00,1.6685800552368164,1.6756600141525269,75729.10198289155,2019-01-30 00:00:00+00:00,1.6756600141525269,stop,-586.8101902165304,50.65125945401158,-1.0944706066575745,2
GBPNZD,1,2019-01-17 00:00:00+00:00,2019-01-18 00:00:00+00:00,1.918869972229004,1.899999976158142,43503.02589444201,2019-01-31 00:00:00+00:00,1.899999976158142,stop,-854.1284073491591,33.22647965043849,-1.0404755775681804,9
GBPAUD,1,2019-01-22 00:00:00+00:00,2019-01-23 00:00:00+00:00,1.819219946861267,1.8001199960708618,42750.589884161236,2019-01-31 00:00:00+00:00,1.8001199960708618,stop,-847.479946558608,30.945783510330998,-1.0378989452135163,6
AUDCHF,1,2019-02-05 00:00:00+00:00,2019-02-06 00:00:00+00:00,0.7242000102996826,0.7178999781608582,130318.86410935291,2019-02-06 00:00:00+00:00,0.7178999781608582,stop,-858.5995986696789,37.58656648565773,-1.0457807184688308,0
GBPJPY,1,2019-01-23 00:00:00+00:00,2019-01-24 00:00:00+00:00,143.21800231933594,141.66000366210938,537.065687450928,2019-02-07 00:00:00+00:00,141.66000366210938,stop,-867.3472603154214,30.5996404244149,-1.0365697370354048,10
NZDJPY,1,2019-01-25 00:00:00+00:00,2019-01-28 00:00:00+00:00,74.79199981689453,74.0,1063.6371917787512,2019-02-08 00:00:00+00:00,74.0,stop,-874.0526020998616,31.652140968877234,-1.0375737460143148,9
CADJPY,1,2019-01-30 00:00:00+00:00,2019-01-31 00:00:00+00:00,82.87000274658203,82.2699966430664,1341.6841959454568,2019-02-08 00:00:00+00:00,82.2699966430664,stop,-849.3318520176347,44.31314545990674,-1.0550461065052643,6
EURUSD,-1,2019-02-11 00:00:00+00:00,2019-02-12 00:00:00+00:00,1.128031611442566,1.133144497871399,101927.48775667447,2019-02-12 00:00:00+00:00,1.133144497871399,stop,-567.2388689157002,46.095200039556794,-1.0884500816041034,0
GBPUSD,-1,2019-02-14 00:00:00+00:00,2019-02-15 00:00:00+00:00,1.2799180746078491,1.2878466844558716,88607.36709178072,2019-02-18 00:00:00+00:00,1.2903226613998413,stop_gap,-967.4714941982813,45.54845288193642,-1.3771184543677641,1
USDCHF,1,2019-02-11 00:00:00+00:00,2019-02-12 00:00:00+00:00,1.0039000511169434,0.9991000294685364,114530.7524753381,2019-02-20 00:00:00+00:00,0.9991000294685364,stop,-595.631112577488,45.881021287523566,-1.0834579602885845,6
CADJPY,1,2019-02-20 00:00:00+00:00,2019-02-21 00:00:00+00:00,84.10299682617188,83.68299865722656,1335.514109487649,2019-02-21 00:00:00+00:00,83.68299865722656,stop,-605.7295934539441,44.81611286850191,-1.0798984414168937,0
CHFJPY,1,2019-02-19 00:00:00+00:00,2019-02-20 00:00:00+00:00,110.4280014038086,109.86000061035156,1010.1661146068896,2019-02-28 00:00:00+00:00,111.56400299072266,target,1102.7005491296354,44.84976011060384,1.9218339104621953,6
EURCAD,-1,2019-01-31 00:00:00+00:00,2019-02-01 00:00:00+00:00,1.5023000240325928,1.5117700099945068,79967.65053098598,2019-03-01 00:00:00+00:00,1.4971100091934204,max_hold,367.0621382423368,47.97115466723018,0.4847032351460222,20
CADJPY,1,2019-02-22 00:00:00+00:00,2019-02-25 00:00:00+00:00,84.34200286865234,83.59100341796875,1000.0974292780011,2019-03-06 00:00:00+00:00,83.59100341796875,stop,-784.6624935934883,33.589873575635224,-1.0447225377152436,7
AUDCAD,-1,2019-02-06 00:00:00+00:00,2019-02-07 00:00:00+00:00,0.9397799968719482,0.9496673941612244,79503.38688839693,2019-03-07 00:00:00+00:00,0.9452400207519531,max_hold,-464.06348610261944,29.973095150705166,-0.5903502926761633,20
EURJPY,1,2019-02-28 00:00:00+00:00,2019-03-01 00:00:00+00:00,126.6510009765625,125.91000366210938,897.898083204317,2019-03-07 00:00:00+00:00,125.91000366210938,stop,-710.6948766984516,45.354808391444024,-1.0681678596433426,4
EURCAD,1,2019-03-06 00:00:00+00:00,2019-03-07 00:00:00+00:00,1.5206799507141113,1.5090999603271484,63979.98958207948,2019-03-07 00:00:00+00:00,1.5090999603271484,stop,-779.6567217473489,38.7690574288827,-1.0523278484661314,0
GBPNZD,1,2019-02-27 00:00:00+00:00,2019-02-28 00:00:00+00:00,1.9462699890136719,1.9191999435424805,27547.06865322638,2019-03-08 00:00:00+00:00,1.9191999435424805,stop,-766.9968741626908,21.296473121821336,-1.0285590206094768,6
EURUSD,-1,2019-03-07 00:00:00+00:00,2019-03-08 00:00:00+00:00,1.1201971769332886,1.1286840438842773,85063.95975892876,2019-03-12 00:00:00+00:00,1.1286840438842773,stop,-760.1862571323384,38.2597483340472,-1.0529967356341214,2
USDCHF,1,2019-03-07 00:00:00+00:00,2019-03-08 00:00:00+00:00,1.0109100341796875,1.0040357294492424,105018.1126828724,2019-03-13 00:00:00+00:00,1.0040357294492424,stop,-764.247669049223,42.32116025093187,-1.0586225325364198,3
AUDNZD,-1,2019-03-08 00:00:00+00:00,2019-03-11 00:00:00+00:00,1.0343799591064453,1.038390040397644,102327.70244269547,2019-03-27 00:00:00+00:00,1.038390040397644,stop,-452.76276348508384,42.420358348280104,-1.1033779541603497,12
NZDUSD,1,2019-03-20 00:00:00+00:00,2019-03-21 00:00:00+00:00,0.6918500065803528,0.6846922039985657,98293.16787689019,2019-03-27 00:00:00+00:00,0.6846922039985657,stop,-730.6240297200502,27.060938918811836,-1.0384627040170542,4
GBPCAD,1,2019-03-01 00:00:00+00:00,2019-03-04 00:00:00+00:00,1.7581000328063965,1.7371892929077148,35981.56133218771,2019-03-29 00:00:00+00:00,1.7371892929077148,stop,-777.5542636152227,25.153193449384666,-1.0334305657537681,19
CADJPY,-1,2019-03-22 00:00:00+00:00,2019-03-25 00:00:00+00:00,82.01300048828125,82.91903686523438,777.1624045990599,2019-03-29 00:00:00+00:00,82.91903686523438,stop,-729.7732051161269,25.635795749016033,-1.0364073764693993,4
USDCHF,-1,2019-03-20 00:00:00+00:00,2019-03-21 00:00:00+00:00,0.9908000230789185,0.9977443218231201,101315.21075309416,2019-04-01 00:00:00+00:00,0.9977443218231201,stop,-743.857048680363,40.29395787912472,-1.0572712787324259,7
NZDJPY,-1,2019-03-27 00:00:00+00:00,2019-03-28 00:00:00+00:00,75.01000213623047,75.94244384765625,734.8813169162713,2019-04-01 00:00:00+00:00,75.94244384765625,stop,-707.4204192995142,22.186426459274198,-1.032377883600481,2
GBPCHF,-1,2019-03-29 00:00:00+00:00,2019-04-01 00:00:00+00:00,1.2956000566482544,1.3065400123596191,60522.03551173803,2019-04-01 00:00:00+00:00,1.3065400123596191,stop,-693.6057507926607,31.4973627326022,-1.0475713090191892,0
EURAUD,-1,2019-03-29 00:00:00+00:00,2019-04-01 00:00:00+00:00,1.5776699781417847,1.5868200063705444,62951.225278423386,2019-04-02 00:00:00+00:00,1.5868200063705444,stop,-615.8471927138593,39.841704381270034,-1.0691689665954454,1
NZDUSD,-1,2019-04-02 00:00:00+00:00,2019-04-03 00:00:00+00:00,0.6749277710914612,0.679394006729126,143328.37535794507,2019-04-03 00:00:00+00:00,0.679394006729126,stop,-678.9608459376326,38.82254802538172,-1.0606471260226074,0
EURCAD,-1,2019-04-01 00:00:00+00:00,2019-04-02 00:00:00+00:00,1.4912999868392944,1.5017999410629272,62025.162836249336,2019-04-05 00:00:00+00:00,1.5017999410629272,stop,-688.3908725766495,37.129502082660295,-1.0570116757493189,3
AUDNZD,1,2019-04-01 00:00:00+00:00,2019-04-02 00:00:00+00:00,1.0465500354766846,1.0413000583648682,93344.03732507899,2019-04-05 00:00:00+00:00,1.0570499897003174,target,940.8364151089702,39.27170385343184,1.919862506811989,3
NZDUSD,-1,2019-04-05 00:00:00+00:00,2019-04-08 00:00:00+00:00,0.6731604337692261,0.6768189668655396,143784.26856006618,2019-04-10 00:00:00+00:00,0.6768189668655396,stop,-564.8606653945126,38.821160138285265,-1.0737989442815248,2
NZDCAD,-1,2019-04-08 00:00:00+00:00,2019-04-09 00:00:00+00:00,0.8970400094985962,0.9010999798774719,107871.65133794224,2019-04-10 00:00:00+00:00,0.9010999798774719,stop,-476.74937515061356,38.79366599815728,-1.0885789708581075,1
EURAUD,-1,2019-04-10 00:00:00+00:00,2019-04-11 00:00:00+00:00,1.5735000371932983,1.5833300352096558,60050.40035807844,2019-04-12 00:00:00+00:00,1.5833300352096558,stop,-628.2090983434239,37.91378194204383,-1.0642284986660198,1
EURNZD,1,2019-04-05 00:00:00+00:00,2019-04-08 00:00:00+00:00,1.6655999422073364,1.658400058746338,58111.12148864165,2019-04-16 00:00:00+00:00,1.6799997091293335,target,797.9032954540587,38.883309558236476,1.9070651721111977,6
GBPAUD,-1,2019-04-16 00:00:00+00:00,2019-04-17 00:00:00+00:00,1.8202999830245972,1.8326400518417358,51570.80274234598,2019-04-24 00:00:00+00:00,1.8326400518417358,stop,-674.0642647891751,37.67700999354202,-1.0592045326326365,5
NZDCHF,-1,2019-03-27 00:00:00+00:00,2019-03-28 00:00:00+00:00,0.6753000020980835,0.6827630996704102,91816.29828626434,2019-04-25 00:00:00+00:00,0.6725999712944031,max_hold,223.154996449413,24.751837203410467,0.32566247264595477,20
USDJPY,1,2019-04-12 00:00:00+00:00,2019-04-15 00:00:00+00:00,112.03500366210938,111.62100219726562,838.2543360939553,2019-04-25 00:00:00+00:00,111.62100219726562,stop,-384.53464639553783,37.496123341015235,-1.1080459973463068,8
GBPJPY,-1,2019-04-25 00:00:00+00:00,2019-04-26 00:00:00+00:00,143.86500549316406,144.8470001220703,634.9185547937942,2019-04-30 00:00:00+00:00,144.8470001220703,stop,-660.148332471793,36.661721871368485,-1.0588011374230841,2
AUDCHF,1,2019-04-10 00:00:00+00:00,2019-04-11 00:00:00+00:00,0.7175999879837036,0.7107999920845032,92636.63154857604,2019-05-06 00:00:00+00:00,0.7081000208854675,stop_gap,-906.4593610869742,26.414409284083,-1.4389872060305913,17
GBPCHF,1,2019-04-30 00:00:00+00:00,2019-05-01 00:00:00+00:00,1.3286000490188599,1.3178000450134277,57092.48164942607,2019-05-09 00:00:00+00:00,1.3178000450134277,stop,-646.8169402549775,30.21790976111556,-1.0490073909732112,6
AUDJPY,-1,2019-05-09 00:00:00+00:00,2019-05-10 00:00:00+00:00,76.72000122070312,76.99531555175781,1205.7988407707837,2019-05-10 00:00:00+00:00,76.99531555175781,stop,-369.0436513879154,37.06995015458944,-1.1116653217314194,0
EURAUD,1,2019-05-01 00:00:00+00:00,2019-05-02 00:00:00+00:00,1.597190022468567,1.5892000198364258,57700.72474502579,2019-05-13 00:00:00+00:00,1.6131700277328491,target,885.0098648605921,37.04802031781982,1.9196405759045132,7
NZDJPY,-1,2019-05-03 00:00:00+00:00,2019-05-06 00:00:00+00:00,73.06600189208984,73.76935577392578,884.4587010049679,2019-05-15 00:00:00+00:00,71.65929412841797,target,1218.5742118866583,25.60070946417156,1.958847089706042,7
AUDCAD,-1,2019-05-13 00:00:00+00:00,2019-05-14 00:00:00+00:00,0.936020016670227,0.9386900067329407,101366.95495370682,2019-05-15 00:00:00+00:00,0.9306800365447998,target,503.4531847866075,37.84434004126595,1.8601717602410985,1
AUDUSD,-1,2019-04-24 00:00:00+00:00,2019-04-25 00:00:00+00:00,0.7013606429100037,0.7083133459091187,90394.21335106489,2019-05-17 00:00:00+00:00,0.6874552369117737,target,1231.8600527479869,25.10818378919133,1.9600496129347518,16
GBPCAD,-1,2019-05-15 00:00:00+00:00,2019-05-16 00:00:00+00:00,1.7266700267791748,1.7412699460983276,43875.23607896026,2019-05-22 00:00:00+00:00,1.6974701881408691,target,1251.1028216637908,30.04699205941573,1.9530937104504666,4
AUDCHF,-1,2019-05-10 00:00:00+00:00,2019-05-13 00:00:00+00:00,0.7055699825286865,0.7127100229263306,86347.17150158841,2019-05-24 00:00:00+00:00,0.6912899017333984,target,1208.9216054892659,24.12297999801344,1.9608724935303445,9
GBPJPY,-1,2019-05-15 00:00:00+00:00,2019-05-16 00:00:00+00:00,140.57899475097656,141.63400268554688,607.1754399861447,2019-05-28 00:00:00+00:00,138.46897888183594,target,1247.2635984896576,33.88621523354901,1.947100308066126,8
EURAUD,1,2019-05-13 00:00:00+00:00,2019-05-14 00:00:00+00:00,1.6171799898147583,1.6073999404907227,58670.95775557248,2019-05-30 00:00:00+00:00,1.6073999404907227,stop,-611.6426993119944,37.837838574083946,-1.0659419972940358,12
GBPJPY,-1,2019-05-28 00:00:00+00:00,2019-05-29 00:00:00+00:00,138.43699645996094,138.99600219726562,730.7101264108454,2019-05-31 00:00:00+00:00,137.31898498535156,target,776.6427683285019,40.299537612090205,1.9013405541149175,2
GBPCHF,-1,2019-05-22 00:00:00+00:00,2019-05-23 00:00:00+00:00,1.2777600288391113,1.2863600254058838,70173.81263179828,2019-06-03 00:00:00+00:00,1.2605600357055664,target,1171.36437609982,35.62471932177847,1.9409692772587397,7
NZDJPY,-1,2019-05-31 00:00:00+00:00,2019-06-03 00:00:00+00:00,70.70800018310547,71.20999908447266,1370.8066376763618,2019-06-03 00:00:00+00:00,71.20999908447266,stop,-727.051853180731,38.90842708034903,-1.056541159305754,0
NZDCHF,-1,2019-05-31 00:00:00+00:00,2019-06-03 00:00:00+00:00,0.6527000069618225,0.656029999256134,158145.41567960315,2019-06-03 00:00:00+00:00,0.656029999256134,stop,-568.0169457629129,41.39393016914167,-1.0786025846638505,0
GBPAUD,-1,2019-06-03 00:00:00+00:00,2019-06-04 00:00:00+00:00,1.8165299892425537,1.8242000341415405,55808.62227041039,2019-06-07 00:00:00+00:00,1.8242000341415405,stop,-468.69146389736034,40.636825332717066,-1.0949337343218166,3
GBPNZD,-1,2019-06-03 00:00:00+00:00,2019-06-04 00:00:00+00:00,1.9210599660873413,1.9346799850463867,49622.07288029387,2019-06-12 00:00:00+00:00,1.9346799850463867,stop,-714.1195351892593,38.26596177252372,-1.0566187163575573,6
GBPUSD,-1,2019-05-21 00:00:00+00:00,2019-05-23 00:00:00+00:00,1.2663357257843018,1.2779647782444954,56779.841284914626,2019-06-20 00:00:00+00:00,1.2653743028640747,max_hold,25.83942209695478,28.750018721216296,0.039133103583041014,20
AUDCHF,-1,2019-06-13 00:00:00+00:00,2019-06-14 00:00:00+00:00,0.686460018157959,0.6901500225067139,144960.21918457173,2019-06-20 00:00:00+00:00,0.6790800094604492,target,1030.2178820332872,39.58979634177412,1.9259870775990178,4
GBPCAD,-1,2019-06-07 00:00:00+00:00,2019-06-10 00:00:00+00:00,1.6879500150680542,1.700659990310669,53055.937846131426,2019-06-27 00:00:00+00:00,1.6625300645828247,target,1313.1267404239425,35.5525725721317,1.9472779448315964,13
AUDCHF,-1,2019-06-20 00:00:00+00:00,2019-06-21 00:00:00+00:00,0.6789299845695496,0.6836699843406677,143845.2212548776,2019-06-27 00:00:00+00:00,0.6836699843406677,stop,-721.0270146265174,39.20069880195591,-1.0574936723504853,4
EURGBP,1,2019-06-03 00:00:00+00:00,2019-06-04 00:00:00+00:00,0.8880100250244141,0.8825600147247314,114163.16613061113,2019-06-28 00:00:00+00:00,0.8989100456237793,target,1203.5807719349102,40.80009057750662,1.9344250754626187,18
EURCHF,-1,2019-06-20 00:00:00+00:00,2019-06-21 00:00:00+00:00,1.1079800128936768,1.1148818731307983,92306.67176619779,2019-07-01 00:00:00+00:00,1.1148818731307983,stop,-678.1247439831245,41.036996498970524,-1.064413413475655,6
NZDUSD,1,2019-06-27 00:00:00+00:00,2019-06-28 00:00:00+00:00,0.6702592372894287,0.6672716736793518,154040.2184808573,2019-07-01 00:00:00+00:00,0.6672716736793518,stop,-501.41166197181127,41.20671075010621,-1.0895399118169304,1
CHFJPY,1,2019-06-28 00:00:00+00:00,2019-07-01 00:00:00+00:00,110.60199737548828,110.20999908447266,937.7294281218699,2019-07-01 00:00:00+00:00,110.20999908447266,stop,-409.00071469140187,41.41238143256951,-1.1126596730245233,0
GBPAUD,-1,2019-06-27 00:00:00+00:00,2019-06-28 00:00:00+00:00,1.808940052986145,1.8195699453353882,57075.89877311825,2019-07-03 00:00:00+00:00,1.7876802682876587,target,1172.3652519126213,41.056067476472734,1.9323300706515645,3
EURCAD,-1,2019-07-01 00:00:00+00:00,2019-07-02 00:00:00+00:00,1.4823299646377563,1.4873700141906738,68099.72558418638,2019-07-04 00:00:00+00:00,1.4722498655319214,target,646.2107678385379,40.24121513022541,1.882755921379408,2
AUDUSD,1,2019-07-03 00:00:00+00:00,2019-07-04 00:00:00+00:00,0.7030865550041199,0.6986167430877686,149892.17483934757,2019-07-05 00:00:00+00:00,0.6986167430877686,stop,-712.010700430827,42.0208711660959,-1.062718670240429,1
CADCHF,1,2019-07-01 00:00:00+00:00,2019-07-02 00:00:00+00:00,0.7516300082206726,0.7472000122070312,134303.13147823507,2019-07-08 00:00:00+00:00,0.7604900002479553,target,1149.3081836746185,40.616490461646414,1.9317326695639303,4
USDJPY,1,2019-07-09 00:00:00+00:00,2019-07-10 00:00:00+00:00,108.92400360107422,108.69364929199219,975.5932040791985,2019-07-10 00:00:00+00:00,108.69364929199219,stop,-267.1933591208172,42.4612606500283,-1.1889416818467857,0
EURGBP,1,2019-07-09 00:00:00+00:00,2019-07-10 00:00:00+00:00,0.8992000222206116,0.895799994468689,118177.84146832989,2019-07-12 00:00:00+00:00,0.895799994468689,stop,-444.2337861362235,42.42584548159154,-1.1055873744368283,2
GBPCAD,-1,2019-07-02 00:00:00+00:00,2019-07-03 00:00:00+00:00,1.650189995765686,1.660949945449829,62075.646876882834,2019-07-16 00:00:00+00:00,1.6286700963974,target,1295.15420176382,40.70747224796385,1.939054360133391,9
USDCAD,-1,2019-07-12 00:00:00+00:00,2019-07-15 00:00:00+00:00,1.3032000064849854,1.306879997253418,80129.68822138292,2019-07-16 00:00:00+00:00,1.306879997253418,stop,-336.7054923185578,41.828979386484846,-1.1418525299643667,1
CADJPY,1,2019-07-05 00:00:00+00:00,2019-07-08 00:00:00+00:00,82.93299865722656,82.52999877929688,1271.9604655800324,2019-07-18 00:00:00+00:00,82.52999877929688,stop,-554.6923906112671,42.09247825112561,-1.0821156563553065,8
EURGBP,1,2019-07-16 00:00:00+00:00,2019-07-17 00:00:00+00:00,0.9034600257873535,0.899399995803833,116786.39464471619,2019-07-18 00:00:00+00:00,0.899399995803833,stop,-516.2661683189525,42.10990439414597,-1.0888101826296317,1
GBPCAD,-1,2019-07-16 00:00:00+00:00,2019-07-17 00:00:00+00:00,1.6236499547958374,1.6341300010681152,64984.35134104672,2019-07-18 00:00:00+00:00,1.6341300010681152,stop,-723.3799524768662,42.34094344873656,-1.062171098699851,1
NZDUSD,1,2019-07-18 00:00:00+00:00,2019-07-19 00:00:00+00:00,0.6778006553649902,0.67298823595047,141960.7881896696,2019-07-23 00:00:00+00:00,0.67298823595047,stop,-721.5266643223636,38.351811137798535,-1.056137621223944,2
AUDCAD,1,2019-07-18 00:00:00+00:00,2019-07-19 00:00:00+00:00,0.9212899804115295,0.9143000245094299,97736.64709091459,2019-07-25 00:00:00+00:00,0.9143000245094299,stop,-719.055735687479,35.880882502914,-1.0525207892762125,4
NZDCAD,1,2019-07-18 00:00:00+00:00,2019-07-19 00:00:00+00:00,0.8832499980926514,0.8779000043869019,116021.76982618593,2019-07-25 00:00:00+00:00,0.8779000043869019,stop,-661.5820863434274,40.86634804341391,-1.0658374607277346,4
EURJPY,-1,2019-07-23 00:00:00+00:00,2019-07-24 00:00:00+00:00,120.66999816894531,121.06500244140625,839.6870939530972,2019-07-25 00:00:00+00:00,121.06500244140625,stop,-372.2763416756333,40.59635203385126,-1.1223961447830957,1
GBPCHF,-1,2019-07-15 00:00:00+00:00,2019-07-16 00:00:00+00:00,1.2319999933242798,1.238070011138916,84974.22218540599,2019-07-29 00:00:00+00:00,1.2198599576950073,target,989.9211064514609,41.66897844908231,1.919214077259962,9
GBPUSD,-1,2019-07-26 00:00:00+00:00,2019-07-29 00:00:00+00:00,1.2377768754959106,1.2459505796432495,80159.53103627708,2019-07-30 00:00:00+00:00,1.221429467201233,target,1270.974817129505,39.425765430408234,1.9398263920893737,1
USDCAD,1,2019-07-26 00:00:00+00:00,2019-07-29 00:00:00+00:00,1.3167999982833862,1.3140549659729004,75349.03857582451,2019-07-31 00:00:00+00:00,1.3140549659729004,stop,-246.4820238925115,39.64647843782927,-1.1916811655882225,2
AUDJPY,-1,2019-07-26 00:00:00+00:00,2019-07-29 00:00:00+00:00,75.02300262451172,75.5739974975586,1200.49046698189,2019-08-01 00:00:00+00:00,73.92101287841797,target,1287.1670107522864,35.761174145053985,1.9459363334256439,3
GBPCHF,-1,2019-07-29 00:00:00+00:00,2019-07-30 00:00:00+00:00,1.2112900018692017,1.2229019403457642,58586.91169522518,2019-08-05 00:00:00+00:00,1.1880661249160767,target,1332.501055168436,28.114173105073323,1.958674322437582,4
AUDCAD,-1,2019-07-30 00:00:00+00:00,2019-07-31 00:00:00+00:00,0.9037899971008301,0.9094600081443787,114389.40137526247,2019-08-05 00:00:00+00:00,0.8924499750137329,target,1256.0841750979992,41.09416302730061,1.9366406887634426,3
AUDCHF,-1,2019-08-01 00:00:00+00:00,2019-08-02 00:00:00+00:00,0.6733999848365784,0.6802841320168227,102169.39313609329,2019-08-05 00:00:00+00:00,0.6596316904760897,target,1379.4592718706444,27.23900745957701,1.961272423717549,1
AUDNZD,-1,2019-08-05 00:00:00+00:00,2019-08-06 00:00:00+00:00,1.030400037765503,1.0385748918633908,89657.357593915,2019-08-06 00:00:00+00:00,1.0385748918633908,stop,-770.0355821561311,37.09976502371657,-1.0506180270584513,0
USDCHF,-1,2019-08-05 00:00:00+00:00,2019-08-06 00:00:00+00:00,0.9706699848175049,0.979088899679482,87058.22889866968,2019-08-06 00:00:00+00:00,0.979088899679482,stop,-766.8843281851653,33.94851105275071,-1.0463185319358155,0
EURGBP,1,2019-08-05 00:00:00+00:00,2019-08-06 00:00:00+00:00,0.924780011177063,0.9163421469274908,86862.71732441986,2019-08-06 00:00:00+00:00,0.9163421469274908,stop,-764.9207918482468,31.984974715832344,-1.0436395301855659,0
NZDUSD,-1,2019-07-31 00:00:00+00:00,2019-08-01 00:00:00+00:00,0.6552221179008484,0.6615848988294601,108127.23457694435,2019-08-07 00:00:00+00:00,0.6424965560436249,target,1347.916065764927,28.06374629449504,1.959209072620779,4
USDCAD,1,2019-08-06 00:00:00+00:00,2019-08-07 00:00:00+00:00,1.3280800580978394,1.319272525375709,80160.97745830263,2019-08-13 00:00:00+00:00,1.319272525375709,stop,-748.4633061555596,42.44287415360047,-1.0601156457090786,4
GBPUSD,-1,2019-08-09 00:00:00+00:00,2019-08-12 00:00:00+00:00,1.2021976709365845,1.2140100002288818,61408.68417384713,2019-08-15 00:00:00+00:00,1.2140100002288818,stop,-755.0548256235772,29.67522675540536,-1.040909927438969,3
EURJPY,-1,2019-08-01 00:00:00+00:00,2019-08-02 00:00:00+00:00,119.01399993896484,119.96435460448265,740.0912156114751,2019-08-26 00:00:00+00:00,116.84700012207031,target,1568.8657978652157,34.91173085010195,2.2305647499792323,16
AUDNZD,1,2019-08-16 00:00:00+00:00,2019-08-19 00:00:00+00:00,1.0557899475097656,1.051900029182434,101783.97797695619,2019-08-28 00:00:00+00:00,1.0635697841644287,target,748.7193498717493,43.14337285079479,1.8910332015568019,7
EURGBP,-1,2019-08-27 00:00:00+00:00,2019-08-28 00:00:00+00:00,0.902899980545044,0.9093800187110901,115996.05392357467,2019-08-28 00:00:00+00:00,0.9093800187110901,stop,-793.7023222391764,42.04346570366608,-1.0559342384355712,0
NZDUSD,-1,2019-08-07 00:00:00+00:00,2019-08-08 00:00:00+00:00,0.6450406312942505,0.653215765953064,88705.88253426077,2019-09-03 00:00:00+00:00,0.6286903619766235,target,1427.7675831190777,22.597486373866694,1.968838898772201,18
NZDCAD,-1,2019-08-29 00:00:00+00:00,2019-08-30 00:00:00+00:00,0.8388100266456604,0.8436300158500671,134364.89271559293,2019-09-03 00:00:00+00:00,0.8436300158500671,stop,-692.8495075024987,45.212175162071205,-1.069810946504093,2
CHFJPY,-1,2019-08-30 00:00:00+00:00,2019-09-02 00:00:00+00:00,107.27100372314453,108.00199890136719,1032.3444677266004,2019-09-04 00:00:00+00:00,108.00199890136719,stop,-799.0860068350412,44.44717866206173,-1.0588986108356904,2
NZDJPY,-1,2019-08-07 00:00:00+00:00,2019-08-08 00:00:00+00:00,68.43599700927734,69.42837524414062,730.7521560530595,2019-09-05 00:00:00+00:00,67.58999633789062,max_hold,598.3365570546401,19.880257583540427,0.8250840697146986,20
NZDCHF,-1,2019-08-07 00:00:00+00:00,2019-08-08 00:00:00+00:00,0.6287299990653992,0.6370015586726367,87671.80183431681,2019-09-05 00:00:00+00:00,0.6234099864959717,max_hold,444.45961400632933,21.955473736592168,0.6128934340120517,20
EURAUD,-1,2019-09-03 00:00:00+00:00,2019-09-04 00:00:00+00:00,1.622040033340454,1.6350599527359009,56777.60345802243,2019-09-12 00:00:00+00:00,1.5960001945495605,target,1441.9371185859638,36.542522394220676,1.9505674324064495,6
AUDJPY,1,2019-09-05 00:00:00+00:00,2019-09-06 00:00:00+00:00,72.94300079345703,72.2699966430664,1105.8388471290311,2019-09-12 00:00:00+00:00,74.28900909423828,target,1455.9052923471038,32.562975214939826,1.9562463292976013,4
EURGBP,-1,2019-09-04 00:00:00+00:00,2019-09-05 00:00:00+00:00,0.9010699987411499,0.9080600142478943,105017.21496032758,2019-09-16 00:00:00+00:00,0.8868100047111511,target,1459.9932226522055,37.5516357291643,1.9888965934187752,7
GBPNZD,1,2019-08-22 00:00:00+00:00,2019-08-23 00:00:00+00:00,1.917389988899231,1.893030047416687,29746.51333072051,2019-09-17 00:00:00+00:00,1.9661098718643188,target,1426.1425320165192,23.104116075610836,1.9681156880976383,17
GBPCHF,1,2019-09-05 00:00:00+00:00,2019-09-06 00:00:00+00:00,1.2151999473571777,1.2003599405288696,50150.52502276181,2019-09-20 00:00:00+00:00,1.244879961013794,target,1463.7934077614932,24.6748598005504,1.9668452995091856,10
AUDNZD,1,2019-09-12 00:00:00+00:00,2019-09-13 00:00:00+00:00,1.0720700025558472,1.0666999816894531,108571.36486792643,2019-09-20 00:00:00+00:00,1.0828100442886353,target,1119.2693361047786,46.791653562513346,1.919744071747286,5
EURJPY,1,2019-09-12 00:00:00+00:00,2019-09-13 00:00:00+00:00,119.61399841308594,118.31964927911758,599.5090523713137,2019-09-23 00:00:00+00:00,118.31964927911758,stop,-804.5026978740386,28.528675131040593,-1.0367649873512443,6
NZDUSD,-1,2019-09-20 00:00:00+00:00,2019-09-23 00:00:00+00:00,0.6267313361167908,0.6305806636810303,194927.99774934107,2019-09-24 00:00:00+00:00,0.6305806636810303,stop,-799.358776911916,49.01706213336184,-1.0653263188863598,1
GBPUSD,1,2019-09-17 00:00:00+00:00,2019-09-18 00:00:00+00:00,1.2503125667572021,1.239464521408081,75857.11013813817,2019-09-25 00:00:00+00:00,1.239464521408081,stop,-860.6748297910698,37.77345895927337,-1.045902778021978,5
GBPAUD,1,2019-09-19 00:00:00+00:00,2019-09-20 00:00:00+00:00,1.8442000150680542,1.8268500566482544,47488.255720944406,2019-09-26 00:00:00+00:00,1.8268500566482544,stop,-858.7856151012166,34.866352914011074,-1.0423176814940016,4
EURCAD,-1,2019-09-30 00:00:00+00:00,2019-10-01 00:00:00+00:00,1.4431899785995483,1.448889970779419,81915.14883819749,2019-10-01 00:00:00+00:00,1.448889970779419,stop,-514.2967396917313,47.38103190106895,-1.1014766286730104,0
NZDCAD,-1,2019-09-30 00:00:00+00:00,2019-10-01 00:00:00+00:00,0.8288000226020813,0.8317300081253052,142638.89801501096,2019-10-02 00:00:00+00:00,0.8317300081253052,stop,-465.30114097334643,47.371234740757345,-1.113347319812031,1
EURUSD,-1,2019-09-26 00:00:00+00:00,2019-09-27 00:00:00+00:00,1.0923112630844116,1.0967316627502441,107931.52425423724,2019-10-03 00:00:00+00:00,1.0967316627502441,stop,-524.3538216748827,47.253347928657924,-1.0990427604433537,4
AUDCAD,-1,2019-10-01 00:00:00+00:00,2019-10-02 00:00:00+00:00,0.8866199851036072,0.8943284715060145,101512.45582415932,2019-10-03 00:00:00+00:00,0.8943284715060145,stop,-818.6650757008405,36.157690305337795,-1.046207474817714,1
EURAUD,1,2019-10-02 00:00:00+00:00,2019-10-03 00:00:00+00:00,1.6336899995803833,1.6273000240325928,69795.50275876457,2019-10-03 00:00:00+00:00,1.6273000240325928,stop,-491.5120436121286,45.52048763787665,-1.10206580601832,0
GBPJPY,1,2019-09-05 00:00:00+00:00,2019-09-06 00:00:00+00:00,131.94000244140625,129.968994140625,377.5905629042907,2019-10-04 00:00:00+00:00,131.8090057373047,max_hold,-69.38094653304536,19.91782729272957,-0.09322462298330907,20
USDCAD,1,2019-10-03 00:00:00+00:00,2019-10-04 00:00:00+00:00,1.3337700366973877,1.330887276912108,84794.16683672972,2019-10-04 00:00:00+00:00,1.330887276912108,stop,-289.6306935457994,45.18947936258313,-1.1848684949204689,0
CHFJPY,-1,2019-10-03 00:00:00+00:00,2019-10-04 00:00:00+00:00,107.0,107.5,1056.971205734107,2019-10-04 00:00:00+00:00,107.5,stop,-573.8296675930467,45.34406472599319,-1.0858,0
CADJPY,-1,2019-10-03 00:00:00+00:00,2019-10-04 00:00:00+00:00,80.08499908447266,80.5459976196289,1412.1985428788887,2019-10-07 00:00:00+00:00,80.5459976196289,stop,-696.3900315143015,45.36857189734316,-1.069688289421422,1
GBPCHF,-1,2019-10-08 00:00:00+00:00,2019-10-09 00:00:00+00:00,1.21274995803833,1.2241400480270386,64817.288586452916,2019-10-10 00:00:00+00:00,1.2241400480270386,stop,-769.8652703791032,31.590520555316402,-1.0427896532596523,1
GBPJPY,-1,2019-10-08 00:00:00+00:00,2019-10-09 00:00:00+00:00,130.68800354003906,132.10000610351562,522.8565223040696,2019-10-10 00:00:00+00:00,132.10000610351562,stop,-765.7548347888742,27.480084965087464,-1.0372220301068762,1
GBPAUD,1,2019-10-11 00:00:00+00:00,2019-10-14 00:00:00+00:00,1.8558000326156616,1.8330199718475342,31734.70677407382,2019-10-16 00:00:00+00:00,1.9013601541519165,target,1421.9906221781557,23.846475366058705,1.9670136069871738,2
GBPUSD,1,2019-10-11 00:00:00+00:00,2019-10-14 00:00:00+00:00,1.2610976696014404,1.2442506551742554,42910.781129597366,2019-10-17 00:00:00+00:00,1.2947916984558105,target,1423.9020556913806,21.935041852833926,1.9696576579891456,3
GBPJPY,1,2019-10-11 00:00:00+00:00,2019-10-14 00:00:00+00:00,136.76300048828125,134.62403911352158,337.97643908054755,2019-10-17 00:00:00+00:00,141.0409232378006,target,1427.0588613635055,18.778236180709037,1.9740244095097514,3
GBPCHF,1,2019-10-11 00:00:00+00:00,2019-10-14 00:00:00+00:00,1.2585999965667725,1.2394211879000068,37693.610762425946,2019-11-11 00:00:00+00:00,1.2759000062942505,max_hold,632.9929415366972,19.10689131704217,0.875607553038789,20
CADJPY,1,2019-10-11 00:00:00+00:00,2019-10-14 00:00:00+00:00,82.12000274658203,81.16555786132812,757.4230423790189,2019-11-11 00:00:00+00:00,82.56500244140625,max_hold,312.10577917875656,24.94724353273812,0.4317302131877443,20
USDCAD,-1,2019-10-11 00:00:00+00:00,2019-10-14 00:00:00+00:00,1.3202199935913086,1.3292924165725708,79683.07366898481,2019-11-11 00:00:00+00:00,1.3225599527359009,max_hold,-228.5721027317831,42.11696583082136,-0.31617960712173976,20
EURGBP,-1,2019-10-11 00:00:00+00:00,2019-10-14 00:00:00+00:00,0.8744300007820129,0.8853699564933777,66080.57361887839,2019-11-11 00:00:00+00:00,0.861329972743988,max_hold,842.7173642330181,22.940002943057465,1.1657155092567368,20
EURCHF,-1,2019-11-11 00:00:00+00:00,2019-11-12 00:00:00+00:00,1.0958800315856934,1.0994999408721924,108306.29135976708,2019-11-13 00:00:00+00:00,1.0886402130126953,target,736.7984425404231,47.31945721855655,1.8793052492919713,1
AUDJPY,1,2019-10-17 00:00:00+00:00,2019-10-18 00:00:00+00:00,74.11599731445312,73.37999725341797,1066.9320891472178,2019-11-14 00:00:00+00:00,73.37999725341797,stop,-816.735724657748,31.473641925029078,-1.0400804299826887,19
NZDJPY,1,2019-10-17 00:00:00+00:00,2019-10-18 00:00:00+00:00,68.98999786376953,68.27999877929688,1106.0043595914824,2019-11-15 00:00:00+00:00,69.21399688720703,max_hold,217.17305232460197,30.57084414150769,0.2765612361784206,20
CADCHF,-1,2019-11-13 00:00:00+00:00,2019-11-14 00:00:00+00:00,0.7467300295829773,0.7499300241470337,160704.96324727839,2019-11-18 00:00:00+00:00,0.7499300241470337,stop,-562.359148593844,48.10413978567023,-1.0935414122599512,2
EURNZD,-1,2019-11-13 00:00:00+00:00,2019-11-14 00:00:00+00:00,1.7160500288009644,1.7332134246826172,46612.074046897054,2019-11-19 00:00:00+00:00,1.7332134246826172,stop,-832.1769444320163,32.155464700206515,-1.0401932516999242,3
AUDCHF,-1,2019-11-14 00:00:00+00:00,2019-11-15 00:00:00+00:00,0.6707000136375427,0.677033007144928,122287.04326410609,2019-11-19 00:00:00+00:00,0.677033007144928,stop,-807.4051082731016,32.962057244178084,-1.042562273882353,2
GBPCAD,1,2019-11-18 00:00:00+00:00,2019-11-19 00:00:00+00:00,1.7097200155258179,1.704505657311529,66835.43273609596,2019-11-20 00:00:00+00:00,1.7201487319543958,target,651.1604229928668,45.847352393170304,1.8684452196597725,1
CADJPY,-1,2019-11-20 00:00:00+00:00,2019-11-21 00:00:00+00:00,81.53700256347656,81.83399963378906,1419.5294823610975,2019-11-21 00:00:00+00:00,81.83399963378906,stop,-467.97808831984526,46.38199083637964,-1.1100152281134403,0
EURCAD,1,2019-11-20 00:00:00+00:00,2019-11-21 00:00:00+00:00,1.4738399982452393,1.4682300090789795,78532.39101938672,2019-11-22 00:00:00+00:00,1.4682300090789795,stop,-486.77542126355434,46.2095584443191,-1.1048868338291542,1
CHFJPY,-1,2019-11-22 00:00:00+00:00,2019-11-25 00:00:00+00:00,108.97699737548828,109.37999725341797,1047.702231556808,2019-11-26 00:00:00+00:00,109.37999725341797,stop,-467.97849353380343,45.75462210974861,-1.1083657869826966,1
NZDCHF,1,2019-11-22 00:00:00+00:00,2019-11-25 00:00:00+00:00,0.6388999819755554,0.635200023651123,178706.28667982636,2019-12-02 00:00:00+00:00,0.6462998986244202,target,1276.4769663981676,45.93465966067557,1.9305289536850583,5
NZDJPY,1,2019-11-26 00:00:00+00:00,2019-11-27 00:00:00+00:00,70.10399627685547,69.80000305175781,1622.6147832460797,2019-12-02 00:00:00+00:00,70.71198272705078,target,940.8297842504189,45.69801784980157,1.9073558438950935,3
USDCAD,1,2019-11-19 00:00:00+00:00,2019-11-20 00:00:00+00:00,1.3271499872207642,1.3203264474868774,86733.98487465274,2019-12-04 00:00:00+00:00,1.3203264474868774,stop,-637.7580282793092,45.92523620878643,-1.0775983298392733,10
NZDCAD,1,2019-11-13 00:00:00+00:00,2019-11-14 00:00:00+00:00,0.8499100208282471,0.8406861701514572,86734.0016404338,2019-12-06 00:00:00+00:00,0.8683577221818268,target,1570.2365120154316,29.806447448188045,1.9627429410293085,16
EURNZD,-1,2019-12-02 00:00:00+00:00,2019-12-03 00:00:00+00:00,1.7044700384140015,1.7130199670791626,69537.49448180133,2019-12-06 00:00:00+00:00,1.6873701810836792,target,1141.9092206375801,47.17201410929435,1.9206580463456122,3
NZDUSD,1,2019-12-02 00:00:00+00:00,2019-12-03 00:00:00+00:00,0.6497810482978821,0.6437086088117212,130122.96640773726,2019-12-12 00:00:00+00:00,0.6619259272702038,target,1546.1910379977294,34.136640543728134,1.9567980223250483,7
GBPCHF,1,2019-12-04 00:00:00+00:00,2019-12-05 00:00:00+00:00,1.295390009880066,1.2829390014521778,63847.7544152077,2019-12-12 00:00:00+00:00,1.3202920267358422,target,1556.536771790544,33.40108486042456,1.957984414647777,5
GBPCAD,1,2019-12-06 00:00:00+00:00,2019-12-09 00:00:00+00:00,1.7417700290679932,1.7275999784469604,56942.806745110945,2019-12-12 00:00:00+00:00,1.7701101303100586,target,1573.7696455183195,39.99526264549077,1.950432355489749,3
NZDCHF,1,2019-12-12 00:00:00+00:00,2019-12-13 00:00:00+00:00,0.6516000032424927,0.6453999876976013,138188.08275680477,2019-12-17 00:00:00+00:00,0.6453999876976013,stop,-892.6142496276439,35.84598841672095,-1.0418386044857189,2
NZDJPY,1,2019-12-04 00:00:00+00:00,2019-12-05 00:00:00+00:00,71.2509994506836,70.53600311279297,1111.8503497105924,2019-12-25 00:00:00+00:00,72.68099212646484,target,1557.9316896170496,32.006167033918906,1.9597390968457893,14
CHFJPY,1,2019-12-12 00:00:00+00:00,2019-12-13 00:00:00+00:00,111.05999755859375,110.41500091552734,1157.1694760198022,2019-12-25 00:00:00+00:00,110.41500091552734,stop,-797.6272490788417,51.25682158715705,-1.0686747755526904,8
CADJPY,1,2019-12-12 00:00:00+00:00,2019-12-13 00:00:00+00:00,83.1760025024414,82.46737119555473,1209.0465844291869,2019-12-25 00:00:00+00:00,82.46737119555473,stop,-896.8223722515008,40.054111040577936,-1.0467502273998421,8
AUDUSD,1,2019-12-26 00:00:00+00:00,2019-12-27 00:00:00+00:00,0.694800078868866,0.6921852231025696,180666.41921293596,2019-12-30 00:00:00+00:00,0.7000297904014587,target,894.4334725316683,50.39978357846343,1.8933149669478002,1
NZDCAD,1,2019-12-06 00:00:00+00:00,2019-12-09 00:00:00+00:00,0.8689299821853638,0.8615999817848206,110079.45566034465,2019-12-31 00:00:00+00:00,0.8657389879226685,end,-389.4531946488594,38.19028319607658,-0.4826641014173382,17
GBPCHF,-1,2019-12-19 00:00:00+00:00,2019-12-20 00:00:00+00:00,1.2733900547027588,1.2866899967193604,64199.58892938587,2019-12-31 00:00:00+00:00,1.2826999425888062,end,-630.5109606814366,32.819985418526706,-0.7384322332568477,8
EURNZD,-1,2019-12-26 00:00:00+00:00,2019-12-27 00:00:00+00:00,1.6628299951553345,1.6698499917984009,75490.00359858033,2019-12-31 00:00:00+00:00,1.666200041770935,end,-304.6665290325409,50.26169789346922,-0.5749080559706561,3
EURCHF,-1,2019-12-30 00:00:00+00:00,2019-12-31 00:00:00+00:00,1.0849699974060059,1.0903199911117554,118099.5125932596,2019-12-31 00:00:00+00:00,1.0872000455856323,end,-314.6740477427698,51.306444669398445,-0.498034639809265,1
