symbol,side,signal_date,entry_date,entry,stop,qty,exit_date,exit,reason,pnl,costs,r,bars
EURNZD,1,2005-01-04 00:00:00+00:00,2005-01-05 00:00:00+00:00,1.8901000022888184,1.8761999607086182,71942.23083652082,2005-01-07 00:00:00+00:00,1.8761999607086182,stop,-1054.1912042675083,54.19120426750828,-1.0541912042675083,2
EURCHF,1,2005-01-21 00:00:00+00:00,2005-01-24 00:00:00+00:00,1.5463999509811401,1.5397000312805176,97028.45916838512,2005-02-03 00:00:00+00:00,1.5597997903823853,target,1239.887815251882,60.277954954747855,1.9072765083714391,8
GBPAUD,-1,2005-01-19 00:00:00+00:00,2005-01-20 00:00:00+00:00,2.45989990234375,2.4809000492095947,47116.722291433565,2005-02-07 00:00:00+00:00,2.4178996086120605,target,1932.9509909244507,45.96518499019908,1.9535450914499155,12
EURCHF,1,2005-02-11 00:00:00+00:00,2005-02-14 00:00:00+00:00,1.5571999549865723,1.5525000095367432,100050.50751317115,2005-02-15 00:00:00+00:00,1.5525000095367432,stop,-532.4573394724707,62.22541193284961,-1.1323291939329376,1
NZDCAD,1,2005-02-09 00:00:00+00:00,2005-02-10 00:00:00+00:00,0.8784199953079224,0.8693900108337402,113429.04399989247,2005-02-21 00:00:00+00:00,0.8964799642562866,target,2008.259971358938,40.265041121763204,1.960688748366315,7
USDJPY,1,2005-02-16 00:00:00+00:00,2005-02-17 00:00:00+00:00,105.5,104.29000091552734,846.3026015419869,2005-02-22 00:00:00+00:00,104.29000091552734,stop,-1059.5345377630927,35.50916471046132,-1.0346760594462696,3
EURNZD,-1,2005-02-18 00:00:00+00:00,2005-02-21 00:00:00+00:00,1.8070000410079956,1.8274999856948853,50559.15588146126,2005-02-23 00:00:00+00:00,1.8274999856948853,stop,-1073.2113496660365,36.75145068024921,-1.035458632520382,2
GBPAUD,-1,2005-02-07 00:00:00+00:00,2005-02-08 00:00:00+00:00,2.4184999465942383,2.4481000900268555,34499.37593524685,2005-03-02 00:00:00+00:00,2.4481000900268555,stop,-1054.765408857064,33.578932837975444,-1.0328822733423546,16
AUDCAD,1,2005-03-04 00:00:00+00:00,2005-03-07 00:00:00+00:00,0.9729599952697754,0.9662799835205078,150309.52445333364,2005-03-09 00:00:00+00:00,0.9662799835205078,stop,-1062.366637177663,58.29724780257206,-1.0580609750874437,2
GBPJPY,1,2005-03-14 00:00:00+00:00,2005-03-15 00:00:00+00:00,200.77999877929688,199.5500030517578,742.1897567312009,2005-03-21 00:00:00+00:00,199.5500030517578,stop,-972.3143951368716,59.42416533423834,-1.0650945353496508,4
CHFJPY,1,2005-03-16 00:00:00+00:00,2005-03-17 00:00:00+00:00,90.36000061035156,89.47000122070312,1115.7302254078497,2005-03-21 00:00:00+00:00,89.47000122070312,stop,-1033.127573320911,40.12835369561134,-1.0404112640801,2
NZDCAD,1,2005-03-16 00:00:00+00:00,2005-03-17 00:00:00+00:00,0.8954899907112122,0.884850025177002,93327.29663762104,2005-03-22 00:00:00+00:00,0.884850025177002,stop,-1026.230083781025,33.230864155725264,-1.0334651462951447,3
CADCHF,1,2005-04-14 00:00:00+00:00,2005-04-15 00:00:00+00:00,0.977400004863739,0.9629999995231628,67768.28137267129,2005-04-15 00:00:00+00:00,0.9629999995231628,stop,-1002.1631283827,26.299514694564834,-1.0269499900658963,0
GBPUSD,-1,2005-04-01 00:00:00+00:00,2005-04-04 00:00:00+00:00,1.8794167041778564,1.8964896202087402,56412.68314907007,2005-04-18 00:00:00+00:00,1.8964896202087402,stop,-1005.7308038965645,42.60180141563818,-1.0442327053861944,10
EURUSD,-1,2005-04-12 00:00:00+00:00,2005-04-13 00:00:00+00:00,1.291605830192566,1.3000012636184692,111054.78241918117,2005-04-18 00:00:00+00:00,1.3000012636184692,stop,-989.9151048122521,57.56207238383819,-1.0617384943060801,3
USDJPY,1,2005-04-14 00:00:00+00:00,2005-04-15 00:00:00+00:00,108.29000091552734,107.12999725341797,841.2590800908373,2005-04-19 00:00:00+00:00,107.12999725341797,stop,-1012.1084195866906,36.244805898555356,-1.0371412617400226,2
NZDUSD,-1,2005-04-14 00:00:00+00:00,2005-04-15 00:00:00+00:00,0.7143877744674683,0.7243629712611437,97829.0086774892,2005-04-19 00:00:00+00:00,0.7243629712611437,stop,-1004.013925525861,28.15031183772569,-1.0288465636415478,2
EURGBP,-1,2005-04-22 00:00:00+00:00,2005-04-25 00:00:00+00:00,0.6809999942779541,0.6855000257492065,201099.05205511142,2005-05-16 00:00:00+00:00,0.6855000257492065,stop,-959.9124348191848,54.960371732150556,-1.0607329094810458,15
CHFJPY,-1,2005-05-20 00:00:00+00:00,2005-05-23 00:00:00+00:00,87.5999984741211,88.12999725341797,1546.901678161972,2005-05-31 00:00:00+00:00,86.54000091552734,target,1585.8365107780708,53.875491458194396,1.9342866413312605,6
EURJPY,-1,2005-05-23 00:00:00+00:00,2005-05-24 00:00:00+00:00,135.4499969482422,136.22000122070312,1002.3593546280633,2005-05-31 00:00:00+00:00,133.9099884033203,target,1489.6428709936702,53.99910021592336,1.9300367556427482,5
GBPAUD,-1,2005-06-02 00:00:00+00:00,2005-06-03 00:00:00+00:00,2.405900001525879,2.422800064086914,55274.668644255806,2005-06-09 00:00:00+00:00,2.3720998764038086,target,1815.4702442498512,52.82047200697164,1.9434558320636532,4
CHFJPY,-1,2005-06-21 00:00:00+00:00,2005-06-22 00:00:00+00:00,85.5999984741211,86.41500091552734,1168.2882397692,2005-06-28 00:00:00+00:00,86.41500091552734,stop,-992.3503878482747,40.19262017016648,-1.0422121433385756,4
USDJPY,1,2005-06-22 00:00:00+00:00,2005-06-23 00:00:00+00:00,108.7699966430664,108.13999938964844,1323.4568996659486,2005-06-28 00:00:00+00:00,110.02999114990234,target,1609.63395291493,57.914470698285974,1.9305393835906752,3
EURJPY,-1,2005-06-21 00:00:00+00:00,2005-06-22 00:00:00+00:00,131.9499969482422,133.4499969482422,634.7718451187388,2005-06-29 00:00:00+00:00,133.4499969482422,stop,-985.851456442143,33.69368876403469,-1.0353866658528645,5
GBPCAD,-1,2005-06-10 00:00:00+00:00,2005-06-13 00:00:00+00:00,2.2651000022888184,2.2939999103546143,33105.35890987622,2005-06-30 00:00:00+00:00,2.2073001861572266,target,1883.8715752757787,29.61208268542087,1.9690490351854144,13
GBPUSD,-1,2005-06-09 00:00:00+00:00,2005-06-10 00:00:00+00:00,1.8208967447280884,1.8392157554626465,51984.25146257667,2005-07-01 00:00:00+00:00,1.7842587232589722,target,1867.1178594599155,37.48226168190453,1.9606402821612408,15
GBPAUD,-1,2005-06-29 00:00:00+00:00,2005-06-30 00:00:00+00:00,2.365299940109253,2.382200002670288,57410.91727511536,2005-07-18 00:00:00+00:00,2.3314998149871826,target,1886.5666708322024,53.92951643952472,1.9444167767056033,12
NZDCHF,-1,2005-07-20 00:00:00+00:00,2005-07-21 00:00:00+00:00,0.8712999820709229,0.880649983882904,106520.21133933222,2005-07-21 00:00:00+00:00,0.880649983882904,stop,-1033.2877851612443,37.3236161258675,-1.0374748583194682,0
NZDJPY,-1,2005-07-21 00:00:00+00:00,2005-07-22 00:00:00+00:00,75.58000183105469,76.73999786376953,850.0036529245544,2005-07-26 00:00:00+00:00,76.73999786376953,stop,-1011.8953764164216,25.89451123081352,-1.0262621587314114,2
USDCAD,-1,2005-07-21 00:00:00+00:00,2005-07-22 00:00:00+00:00,1.2167999744415283,1.2245999574661255,121548.43267951462,2005-07-26 00:00:00+00:00,1.2245999574661255,stop,-1007.4253786200555,59.34966705344981,-1.0626001344928244,2
CADCHF,1,2005-07-22 00:00:00+00:00,2005-07-25 00:00:00+00:00,1.062999963760376,1.0476000308990479,64113.531938728454,2005-07-27 00:00:00+00:00,1.0476000308990479,stop,-1014.40769139253,27.063604033495416,-1.0274105090413672,2
EURCAD,-1,2005-07-22 00:00:00+00:00,2005-07-25 00:00:00+00:00,1.4702999591827393,1.4879000186920166,56098.906190549285,2005-07-27 00:00:00+00:00,1.4879000186920166,stop,-1020.5344439693707,33.19035661033618,-1.0336157951774587,2
USDCHF,1,2005-07-13 00:00:00+00:00,2005-07-14 00:00:00+00:00,1.2914999723434448,1.2699999809265137,46160.710312636584,2005-08-02 00:00:00+00:00,1.2699999809265137,stop,-1016.1030069828772,23.648131461745344,-1.0238279160544481,13
NZDUSD,-1,2005-07-26 00:00:00+00:00,2005-07-27 00:00:00+00:00,0.6811061501502991,0.6868131756782532,169772.58711526977,2005-08-02 00:00:00+00:00,0.6868131756782532,stop,-1015.343529195834,46.44704058217779,-1.047938083302001,4
EURUSD,-1,2005-07-15 00:00:00+00:00,2005-07-18 00:00:00+00:00,1.2038040161132812,1.225295066833496,46735.37548749376,2005-08-03 00:00:00+00:00,1.225295066833496,stop,-1027.0972965775827,22.704971547568878,-1.0226056800532504,12
CADCHF,1,2005-08-01 00:00:00+00:00,2005-08-02 00:00:00+00:00,1.0546000003814697,1.0413999557495117,71060.97458591554,2005-08-03 00:00:00+00:00,1.0413999557495117,stop,-967.7967960474595,29.78875992294075,-1.0317574677142598,1
NZDCAD,-1,2005-07-29 00:00:00+00:00,2005-08-01 00:00:00+00:00,0.8301699757575989,0.8433600068092346,72262.81146011657,2005-08-05 00:00:00+00:00,0.8433600068092346,stop,-977.3355233580526,24.186796320615855,-1.0253756791931024,4
GBPAUD,-1,2005-08-03 00:00:00+00:00,2005-08-04 00:00:00+00:00,2.3041000366210938,2.326900005340576,39772.14932989519,2005-08-08 00:00:00+00:00,2.326900005340576,stop,-943.6407256713243,36.83696504313009,-1.0406228631182683,2
USDJPY,1,2005-07-26 00:00:00+00:00,2005-07-27 00:00:00+00:00,112.51000213623047,110.58677005767822,503.7855282358922,2005-08-10 00:00:00+00:00,110.58677005767822,stop,-991.3750736591423,22.47858504548616,-1.0232001924969814,10
EURGBP,1,2005-08-03 00:00:00+00:00,2005-08-04 00:00:00+00:00,0.6934999823570251,0.6875,151134.40451478207,2005-08-11 00:00:00+00:00,0.6875,stop,-948.5470826218848,41.743321993690714,-1.0460334681064543,5
EURNZD,1,2005-07-27 00:00:00+00:00,2005-07-28 00:00:00+00:00,1.7717000246047974,1.7541999816894531,54601.51114381245,2005-08-12 00:00:00+00:00,1.7541999816894531,stop,-994.0326819564933,38.50389369712879,-1.0402959012540787,11
GBPCHF,-1,2005-08-03 00:00:00+00:00,2005-08-04 00:00:00+00:00,2.2428998947143555,2.266200065612793,38918.33088181358,2005-08-12 00:00:00+00:00,2.266200065612793,stop,-941.9010894752311,35.09732884703689,-1.0387044368041913,6
AUDNZD,-1,2005-09-14 00:00:00+00:00,2005-09-15 00:00:00+00:00,1.087399959564209,1.0961999893188477,97259.0697719659,2005-09-20 00:00:00+00:00,1.0961999893188477,stop,-898.3576878582742,42.47497995649567,-1.049627103765917,3
AUDCAD,-1,2005-09-16 00:00:00+00:00,2005-09-19 00:00:00+00:00,0.9037899971008301,0.9155300259590149,72429.2822667616,2005-10-13 00:00:00+00:00,0.8803099393844604,target,1674.7995124004287,25.84421557836091,1.9696065493869468,17
GBPAUD,-1,2005-10-07 00:00:00+00:00,2005-10-10 00:00:00+00:00,2.3232998847961426,2.347399950027466,36058.11567083051,2005-10-14 00:00:00+00:00,2.347399950027466,stop,-902.686266767174,33.68332698155973,-1.0387608895660003,4
NZDJPY,1,2005-09-28 00:00:00+00:00,2005-09-29 00:00:00+00:00,77.94200134277344,76.72000122070312,701.9774430239438,2005-10-18 00:00:00+00:00,80.38600158691406,target,1693.4045048005964,22.228537331133904,1.9740870724854842,13
GBPUSD,-1,2005-10-17 00:00:00+00:00,2005-10-18 00:00:00+00:00,1.7527869939804077,1.7728923559188843,43451.6282368058,2005-10-20 00:00:00+00:00,1.7728923559188843,stop,-904.2500141959102,30.639301678801438,-1.035072030642254,2
GBPCAD,-1,2005-10-07 00:00:00+00:00,2005-10-10 00:00:00+00:00,2.0652999877929688,2.103300094604492,22868.434136140146,2005-10-21 00:00:00+00:00,2.103300094604492,stop,-888.0688110704572,19.065871284842945,-1.0219399387642423,9
AUDJPY,1,2005-09-27 00:00:00+00:00,2005-09-28 00:00:00+00:00,85.55000305175781,84.62000274658203,921.7881043500026,2005-10-26 00:00:00+00:00,87.05000305175781,max_hold,1350.8620300376122,31.82012648739171,1.5757844278366162,20
AUDCAD,-1,2005-10-17 00:00:00+00:00,2005-10-18 00:00:00+00:00,0.882889986038208,0.8942599892616272,76834.69347816038,2005-11-04 00:00:00+00:00,0.8601499795913696,target,1720.4362367383512,26.785188295866362,1.9693396750840073,13
EURCAD,-1,2005-10-10 00:00:00+00:00,2005-10-11 00:00:00+00:00,1.416100025177002,1.4400999546051025,36722.14651309644,2005-11-08 00:00:00+00:00,1.3991999626159668,max_hold,599.9298017208184,20.676771726010408,0.6807104417710578,20
CADCHF,1,2005-10-11 00:00:00+00:00,2005-10-12 00:00:00+00:00,1.0966999530792236,1.0736000537872314,38126.09316533202,2005-11-09 00:00:00+00:00,1.1049000024795532,max_hold,295.848166393606,16.787681003684952,0.33592048654116097,20
AUDCHF,-1,2005-11-11 00:00:00+00:00,2005-11-14 00:00:00+00:00,0.958299994468689,0.9629999995231628,140590.14139352116,2005-11-14 00:00:00+00:00,0.9629999995231628,stop,-714.7975427216836,54.02316756293716,-1.0817573586293483,0
CADJPY,1,2005-10-17 00:00:00+00:00,2005-10-18 00:00:00+00:00,97.52999877929688,95.95999908447266,556.4400524389405,2005-11-15 00:00:00+00:00,99.4800033569336,max_hold,1063.135798252414,21.92485118393597,1.2169445532429795,20
GBPAUD,1,2005-11-10 00:00:00+00:00,2005-11-11 00:00:00+00:00,2.3822999000549316,2.361999988555908,44432.85169406474,2005-11-15 00:00:00+00:00,2.361999988555908,stop,-944.1435117073105,42.16055466856267,-1.0467420746030254,2
GBPJPY,1,2005-11-14 00:00:00+00:00,2005-11-15 00:00:00+00:00,206.42999267578125,203.77566957473755,338.19351413344714,2005-11-18 00:00:00+00:00,203.77566957473755,stop,-925.4206360743464,27.745778886788177,-1.0309084950576832,3
NZDJPY,1,2005-11-09 00:00:00+00:00,2005-11-10 00:00:00+00:00,80.91899871826172,79.55960619449615,663.9750767080517,2005-11-28 00:00:00+00:00,83.63778376579285,target,1783.3531900326486,21.852320454536063,1.975789659041492,12
CHFJPY,1,2005-11-14 00:00:00+00:00,2005-11-15 00:00:00+00:00,90.13999938964844,89.18000030517578,935.0788679977401,2005-12-05 00:00:00+00:00,92.05999755859375,target,1761.2754409960057,34.0742733791108,1.9620416311025282,14
AUDCAD,-1,2005-11-21 00:00:00+00:00,2005-11-22 00:00:00+00:00,0.8701000213623047,0.8775799870491028,118483.31173803512,2005-12-20 00:00:00+00:00,0.8657000064849854,max_hold,480.19566719855516,41.132667162864095,0.5418280031555546,20
EURAUD,1,2006-01-03 00:00:00+00:00,2006-01-04 00:00:00+00:00,1.621399998664856,1.6064000129699707,61222.58283197396,2006-01-09 00:00:00+00:00,1.6064000129699707,stop,-957.8607173990089,39.52285071547194,-1.043037374532103,3
EURGBP,1,2006-01-11 00:00:00+00:00,2006-01-12 00:00:00+00:00,0.6869999766349792,0.6823999881744385,197203.3166665619,2006-01-13 00:00:00+00:00,0.6823999881744385,stop,-961.1430240272504,54.01004298069807,-1.0595392782636863,1
AUDJPY,-1,2006-01-06 00:00:00+00:00,2006-01-09 00:00:00+00:00,86.18000030517578,86.94999694824219,1184.9995010696475,2006-01-17 00:00:00+00:00,86.94999694824219,stop,-953.4774299320928,41.03179207309795,-1.0449690265048304,6
NZDJPY,-1,2006-01-17 00:00:00+00:00,2006-01-18 00:00:00+00:00,79.6500015258789,80.29000091552734,1390.0217240185698,2006-01-19 00:00:00+00:00,78.37000274658203,target,1735.2958621862615,43.93024775364559,1.95061870157118,1
USDJPY,-1,2006-01-20 00:00:00+00:00,2006-01-23 00:00:00+00:00,115.16999816894531,115.9000015258789,1181.2529669333264,2006-01-26 00:00:00+00:00,115.9000015258789,stop,-916.9090557908545,54.59042454175879,-1.0633065581137715,3
USDCHF,-1,2006-01-20 00:00:00+00:00,2006-01-23 00:00:00+00:00,1.2730000019073486,1.288599967956543,58138.97355492364,2006-01-30 00:00:00+00:00,1.288599967956543,stop,-936.7517721730582,29.785758581242,-1.0328410967278507,5
AUDNZD,1,2006-02-08 00:00:00+00:00,2006-02-09 00:00:00+00:00,1.0937999486923218,1.0857000350952148,109683.81263097667,2006-02-10 00:00:00+00:00,1.0857000350952148,stop,-936.2405788823709,47.81117357019377,-1.0538153884645385,1
AUDJPY,-1,2006-03-07 00:00:00+00:00,2006-03-08 00:00:00+00:00,86.18000030517578,87.31999969482422,771.1118159409257,2006-03-13 00:00:00+00:00,87.31999969482422,stop,-905.8245795365036,26.757580013150125,-1.0304386127879428,3
EURCHF,1,2006-03-09 00:00:00+00:00,2006-03-10 00:00:00+00:00,1.5642999410629272,1.557800054550171,83873.90383481712,2006-03-23 00:00:00+00:00,1.57729971408844,target,1037.6420671435692,52.69964547273208,1.9033337074736358,9
CADJPY,-1,2006-03-31 00:00:00+00:00,2006-04-03 00:00:00+00:00,100.69999694824219,101.43000030517578,1206.001542373058,2006-04-06 00:00:00+00:00,101.43000030517578,stop,-929.138992088921,48.75381768949681,-1.055377826782187,3
USDCAD,1,2006-03-31 00:00:00+00:00,2006-04-03 00:00:00+00:00,1.1683000326156616,1.1577999591827393,83845.62070194939,2006-04-06 00:00:00+00:00,1.1577999591827393,stop,-919.3918339248513,39.00665952542727,-1.0443063566489936,3
EURCHF,1,2006-04-10 00:00:00+00:00,2006-04-11 00:00:00+00:00,1.577299952507019,1.5720000267028809,81966.00761662525,2006-04-12 00:00:00+00:00,1.5720000267028809,stop,-486.04086804613036,51.62710921659128,-1.1188431723610517,1
GBPNZD,1,2006-04-20 00:00:00+00:00,2006-04-21 00:00:00+00:00,2.8399999141693115,2.805799961090088,24999.94861455124,2006-04-21 00:00:00+00:00,2.805799961090088,stop,-883.2260109545591,28.228941353904958,-1.0330164188364879,0
AUDNZD,1,2006-04-17 00:00:00+00:00,2006-04-18 00:00:00+00:00,1.180649995803833,1.1677000522613525,66180.94161163156,2006-05-08 00:00:00+00:00,1.206549882888794,target,1682.48148776024,31.597427157410138,1.9631318874733046,14
GBPNZD,1,2006-04-24 00:00:00+00:00,2006-04-25 00:00:00+00:00,2.8417999744415283,2.8022000789642334,21428.819888728653,2006-05-08 00:00:00+00:00,2.920999765396118,target,1672.460056054908,24.697999535958655,1.9708948739870193,9
EURNZD,1,2006-04-20 00:00:00+00:00,2006-04-21 00:00:00+00:00,1.9665000438690186,1.9391000270843506,31204.25349808832,2006-05-09 00:00:00+00:00,2.0213000774383545,target,1685.1068740243118,24.88726517699653,1.970891987748425,12
NZDCAD,-1,2006-04-20 00:00:00+00:00,2006-04-21 00:00:00+00:00,0.7127000093460083,0.724049985408783,75330.2971629033,2006-05-10 00:00:00+00:00,0.690000057220459,target,1688.8609766323332,21.133162568975244,1.9752827660814722,13
NZDJPY,-1,2006-04-24 00:00:00+00:00,2006-04-25 00:00:00+00:00,72.01899719238281,73.96976447105408,434.9975709934144,2006-05-15 00:00:00+00:00,68.11746263504028,target,1684.9662516643575,12.19180392650905,1.9856326829592021,14
USDCAD,-1,2006-05-16 00:00:00+00:00,2006-05-17 00:00:00+00:00,1.107100009918213,1.117300033569336,91406.25411275271,2006-05-18 00:00:00+00:00,1.117300033569336,stop,-973.0107689353291,40.66481512468822,-1.0436155859941096,1
USDJPY,-1,2006-06-02 00:00:00+00:00,2006-06-05 00:00:00+00:00,111.62999725341797,113.33000183105469,547.6382505743796,2006-06-06 00:00:00+00:00,113.33000183105469,stop,-955.6268729349767,24.639340069566934,-1.0264658109800155,1
USDCHF,-1,2006-05-30 00:00:00+00:00,2006-05-31 00:00:00+00:00,1.2117999792099,1.2295500040054321,52192.98294943987,2006-06-08 00:00:00+00:00,1.2295500040054321,stop,-951.9110091148631,25.48426760951463,-1.0275081303979905,6
EURUSD,1,2006-05-30 00:00:00+00:00,2006-05-31 00:00:00+00:00,1.2866039276123047,1.2707933187484741,58595.2602764531,2006-06-08 00:00:00+00:00,1.2707933187484741,stop,-956.3970129615074,29.97027145615886,-1.032350395464039,6
GBPUSD,1,2006-05-30 00:00:00+00:00,2006-05-31 00:00:00+00:00,1.8817862272262573,1.8536025285720825,32871.013590975876,2006-06-08 00:00:00+00:00,1.8536025285720825,stop,-950.9839444172336,24.557202911885142,-1.026507441777838,6
GBPCAD,1,2006-06-02 00:00:00+00:00,2006-06-05 00:00:00+00:00,2.076900005340576,2.0506999492645264,35533.79924695853,2006-06-09 00:00:00+00:00,2.0506999492645264,stop,-960.3213944971484,29.33386163173857,-1.0315083291625338,4
CADCHF,-1,2006-06-02 00:00:00+00:00,2006-06-05 00:00:00+00:00,1.0936000347137451,1.1109000444412231,53814.277999318096,2006-06-09 00:00:00+00:00,1.1109000444412231,stop,-954.7142488872428,23.726716021832843,-1.0254855357179773,4
USDCAD,-1,2006-05-25 00:00:00+00:00,2006-05-26 00:00:00+00:00,1.1073999404907227,1.1272000074386597,46596.60235226709,2006-06-23 00:00:00+00:00,1.117799997329712,max_hold,-505.34466429873993,20.73735133138165,-0.5477303109666155,20
GBPJPY,1,2006-06-26 00:00:00+00:00,2006-06-27 00:00:00+00:00,211.94000244140625,210.91000366210938,610.8377862342412,2006-06-29 00:00:00+00:00,210.91000366210938,stop,-680.8207264971553,51.658552327481374,-1.0821068946105301,2
EURAUD,1,2006-06-14 00:00:00+00:00,2006-06-15 00:00:00+00:00,1.7086000442504883,1.680799961090088,31023.7880515788,2006-07-13 00:00:00+00:00,1.6891000270843506,max_hold,-626.0463049395893,21.081905375185244,-0.7258811804257216,20
AUDCAD,1,2006-08-04 00:00:00+00:00,2006-08-07 00:00:00+00:00,0.8627499938011169,0.8535000085830688,91588.7068319635,2006-08-07 00:00:00+00:00,0.8535000085830688,stop,-878.6320079995473,31.437823663744368,-1.0371081674603224,0
AUDJPY,1,2006-08-07 00:00:00+00:00,2006-08-08 00:00:00+00:00,87.81800079345703,87.19999694824219,1356.6385884934782,2006-08-08 00:00:00+00:00,87.19999694824219,stop,-885.8950981392583,47.48723388345071,-1.0566397763045814,0
AUDCAD,1,2006-08-10 00:00:00+00:00,2006-08-11 00:00:00+00:00,0.8658000230789185,0.8498796299099922,52169.503631113104,2006-08-18 00:00:00+00:00,0.8498796299099922,stop,-848.460240412332,17.90123117728637,-1.0215532321945116,5
EURCHF,1,2006-08-22 00:00:00+00:00,2006-08-23 00:00:00+00:00,1.580299973487854,1.5760999917984009,78222.1916973588,2006-08-29 00:00:00+00:00,1.5760999917984009,stop,-377.9118774694308,49.38010463163162,-1.1503054155313353,4
GBPCHF,1,2006-08-22 00:00:00+00:00,2006-08-23 00:00:00+00:00,2.3297998905181885,2.3120999336242676,46559.25744389946,2006-08-30 00:00:00+00:00,2.3651998043060303,target,1604.4745596419023,43.71913989807004,1.946949026791848,5
AUDJPY,1,2006-08-09 00:00:00+00:00,2006-08-10 00:00:00+00:00,88.33000183105469,87.12000274658203,685.5781330082165,2006-09-07 00:00:00+00:00,89.38999938964844,max_hold,702.3429578869492,24.368189327021522,0.8466564739560017,20
AUDNZD,-1,2006-09-06 00:00:00+00:00,2006-09-07 00:00:00+00:00,1.1792000532150269,1.1957499980926514,50635.83015860439,2006-09-14 00:00:00+00:00,1.1461001634597778,target,1652.4916945474565,23.54870136786228,1.9718996016739776,5
EURNZD,-1,2006-09-12 00:00:00+00:00,2006-09-13 00:00:00+00:00,1.970900058746338,1.9970999956130981,32413.13296884874,2006-09-14 00:00:00+00:00,1.9185001850128174,target,1673.230545421477,25.21352945400764,1.9703098502600316,1
NZDCHF,1,2006-09-12 00:00:00+00:00,2006-09-13 00:00:00+00:00,0.8046000003814697,0.791100025177002,62905.451645325615,2006-09-15 00:00:00+00:00,0.8315999507904053,target,1677.8588954933794,20.585179382105302,1.9757599562015435,2
EURGBP,-1,2006-08-22 00:00:00+00:00,2006-08-23 00:00:00+00:00,0.6781499981880188,0.6827999949455261,177225.2525637784,2006-09-20 00:00:00+00:00,0.6736000180244446,max_hold,758.4585360443535,47.91284760526908,0.9203512138846872,20
NZDCHF,1,2006-10-02 00:00:00+00:00,2006-10-03 00:00:00+00:00,0.8190000057220459,0.8113999962806702,117997.26790805657,2006-10-10 00:00:00+00:00,0.8342000246047974,target,1754.5460829387266,39.01461737681676,1.9564947900899559,5
GBPCHF,1,2006-09-12 00:00:00+00:00,2006-09-13 00:00:00+00:00,2.3445000648498535,2.3160998821258545,29901.992029090845,2006-10-11 00:00:00+00:00,2.3566999435424805,max_hold,336.68562638718447,28.11504903562188,0.3964636002652809,20
EURNZD,-1,2006-10-02 00:00:00+00:00,2006-10-03 00:00:00+00:00,1.93149995803833,1.9515999555587769,44615.94332265561,2006-10-17 00:00:00+00:00,1.8912999629974365,target,1759.4491353933865,34.111564922156816,1.9619621851480629,10
AUDNZD,-1,2006-10-19 00:00:00+00:00,2006-10-20 00:00:00+00:00,1.134850025177002,1.145900011062622,84994.00533860593,2006-10-24 00:00:00+00:00,1.145900011062622,stop,-977.9525755051517,38.770016151235254,-1.0412805963708547,2
EURCHF,1,2006-09-28 00:00:00+00:00,2006-09-29 00:00:00+00:00,1.5841000080108643,1.5757999420166016,84883.6658420386,2006-10-27 00:00:00+00:00,1.5910999774932861,max_hold,540.2785475401303,53.904522910236025,0.766852876798897,20
EURNZD,-1,2006-10-31 00:00:00+00:00,2006-11-01 00:00:00+00:00,1.9002000093460083,1.9348464235663414,26951.84143294895,2006-11-10 00:00:00+00:00,1.9348464235663414,stop,-954.4569749562553,20.672312669570033,-1.0221382011340248,7
NZDCHF,1,2006-10-31 00:00:00+00:00,2006-11-01 00:00:00+00:00,0.8345000147819519,0.8210999965667725,69685.3278325324,2006-11-13 00:00:00+00:00,0.8210999965667725,stop,-956.8588681967613,23.074205910076046,-1.02471041434068,8
GBPCHF,1,2006-10-20 00:00:00+00:00,2006-10-23 00:00:00+00:00,2.3698999881744385,2.3573999404907227,59477.956520614556,2006-11-14 00:00:00+00:00,2.3573999404907227,stop,-799.7113205610684,56.23402792341015,-1.0756365103282535,16
EURCHF,1,2006-11-02 00:00:00+00:00,2006-11-03 00:00:00+00:00,1.5911999940872192,1.5857000350952148,88580.74660400486,2006-11-23 00:00:00+00:00,1.5857000350952148,stop,-543.4729090974122,56.28243529425297,-1.1155244987753863,14
GBPUSD,1,2006-12-19 00:00:00+00:00,2006-12-20 00:00:00+00:00,1.9714144468307495,1.943899154663086,32693.05032067066,2007-01-04 00:00:00+00:00,1.943899154663086,stop,-925.1595403443494,25.60070891896885,-1.028459182462145,11
CHFJPY,1,2006-12-19 00:00:00+00:00,2006-12-20 00:00:00+00:00,97.25,96.27999877929688,927.37907151634,2007-01-05 00:00:00+00:00,96.27999877929688,stop,-935.4539655410811,35.89513411570056,-1.0399030423155577,12
EURUSD,1,2006-12-19 00:00:00+00:00,2006-12-20 00:00:00+00:00,1.3207945823669434,1.3056023120880127,59211.61320259882,2007-01-05 00:00:00+00:00,1.3056023120880127,stop,-930.6614708315752,31.102639406194726,-1.03457543666923,12
USDCAD,1,2006-12-21 00:00:00+00:00,2006-12-22 00:00:00+00:00,1.1549999713897705,1.142899990081787,73921.19490224493,2007-01-09 00:00:00+00:00,1.1791999340057373,target,1754.380783932414,34.5093692295086,1.9614181237808122,12
CADCHF,-1,2006-12-21 00:00:00+00:00,2006-12-22 00:00:00+00:00,1.0521999597549438,1.061900019645691,92210.2633030314,2007-01-11 00:00:00+00:00,1.061900019645691,stop,-933.4334197308546,38.988343149893154,-1.0435894211625907,14
EURAUD,-1,2007-01-05 00:00:00+00:00,2007-01-08 00:00:00+00:00,1.6683000326156616,1.6754624750465155,79561.48291623751,2007-01-11 00:00:00+00:00,1.653975147753954,target,1086.8440542006222,52.86502800120341,1.907230662935365,3
AUDNZD,-1,2007-01-15 00:00:00+00:00,2007-01-16 00:00:00+00:00,1.125599980354309,1.1373000144958496,77742.49580724342,2007-01-17 00:00:00+00:00,1.1373000144958496,stop,-944.7745538656893,35.184698672369926,-1.0386819383170143,1
GBPCAD,1,2007-01-09 00:00:00+00:00,2007-01-10 00:00:00+00:00,2.2804999351501465,2.2597999572753906,42954.59732274859,2007-01-18 00:00:00+00:00,2.321899890899658,target,1738.7795821506345,39.538846249251506,1.9555323213010527,6
AUDCAD,1,2007-01-11 00:00:00+00:00,2007-01-12 00:00:00+00:00,0.9180999994277954,0.9114999771118164,135683.01337813959,2007-01-22 00:00:00+00:00,0.9313000440597534,target,1740.8353982215874,50.18643416841061,1.9439577639302807,6
NZDCHF,1,2007-01-09 00:00:00+00:00,2007-01-10 00:00:00+00:00,0.8589000105857849,0.8456000089645386,66854.06810624286,2007-02-01 00:00:00+00:00,0.8456000089645386,stop,-911.9497662787652,22.790552078821925,-1.0256315761169148,16
NZDJPY,1,2007-01-11 00:00:00+00:00,2007-01-12 00:00:00+00:00,82.83999633789062,81.1435399055481,527.8714496419132,2007-02-09 00:00:00+00:00,82.95999908447266,max_hold,45.841807012422876,17.5042167868451,0.0511906735958099,20
AUDJPY,1,2007-01-11 00:00:00+00:00,2007-01-12 00:00:00+00:00,93.80000305175781,92.0199966430664,503.0942089996996,2007-02-09 00:00:00+00:00,94.6500015258789,max_hold,408.6676887911081,18.961621197795186,0.45635143179217263,20
EURJPY,1,2007-01-12 00:00:00+00:00,2007-01-15 00:00:00+00:00,155.44000244140625,153.66000366210938,505.5702952312373,2007-02-09 00:00:00+00:00,159.0,target,1768.0347117473636,31.79430497336255,1.9646696384178852,19
GBPCAD,1,2007-02-01 00:00:00+00:00,2007-02-02 00:00:00+00:00,2.319700002670288,2.3020999431610107,51699.85076828457,2007-02-09 00:00:00+00:00,2.3020999431610107,stop,-957.7097236386351,47.789273496068766,-1.0525202763478732,5
EURCAD,1,2007-01-29 00:00:00+00:00,2007-01-30 00:00:00+00:00,1.531999945640564,1.520400047302246,81850.76436074317,2007-02-12 00:00:00+00:00,1.520400047302246,stop,-999.4288000096515,49.96825451141922,-1.0526280473141707,9
USDCHF,1,2007-01-24 00:00:00+00:00,2007-01-25 00:00:00+00:00,1.2483999729156494,1.2374000549316406,85731.13144472036,2007-02-14 00:00:00+00:00,1.2374000549316406,stop,-985.6575043547341,42.62208978653311,-1.0451967011292456,14
EURCHF,1,2007-02-19 00:00:00+00:00,2007-02-20 00:00:00+00:00,1.6222000122070312,1.6194902081042528,82953.06102132876,2007-02-21 00:00:00+00:00,1.6276196204125881,target,395.65659292865155,53.916497258601495,1.7601435742688933,1
AUDJPY,1,2007-02-13 00:00:00+00:00,2007-02-14 00:00:00+00:00,94.38999938964844,93.19000244140625,756.9006086887774,2007-02-27 00:00:00+00:00,93.19000244140625,stop,-936.6743040619406,28.395883512753457,-1.0312634131454803,9
AUDJPY,-1,2007-03-13 00:00:00+00:00,2007-03-14 00:00:00+00:00,90.66000366210938,92.70500183105469,437.3305662126353,2007-03-15 00:00:00+00:00,92.70500183105469,stop,-910.3784314638376,16.038224335181685,-1.0179330239290858,1
NZDJPY,-1,2007-03-13 00:00:00+00:00,2007-03-14 00:00:00+00:00,79.47000122070312,82.21499633789062,325.8075766797683,2007-03-19 00:00:00+00:00,82.21499633789062,stop,-904.875846576664,10.535639448007938,-1.0117803486458843,3
NZDCHF,-1,2007-03-13 00:00:00+00:00,2007-03-14 00:00:00+00:00,0.8335000276565552,0.8561999797821045,39398.33010141266,2007-03-21 00:00:00+00:00,0.8561999797821045,stop,-907.6544788617415,13.314271733085551,-1.0148872561324644,5
USDCHF,-1,2007-03-27 00:00:00+00:00,2007-03-28 00:00:00+00:00,1.210800051689148,1.2228000164031982,72259.47244197868,2007-03-30 00:00:00+00:00,1.2228000164031982,stop,-902.281250970657,35.17013141102327,-1.0405601204017365,2
USDCHF,-1,2007-03-30 00:00:00+00:00,2007-04-02 00:00:00+00:00,1.2146600484848022,1.2232999801635742,99316.561629558,2007-04-06 00:00:00+00:00,1.2232999801635742,stop,-906.5142685370582,48.42596148713109,-1.0564347061826511,4
GBPAUD,-1,2007-04-20 00:00:00+00:00,2007-04-23 00:00:00+00:00,2.3928000926971436,2.4137001037597656,40596.060200406355,2007-04-24 00:00:00+00:00,2.4137001037597656,stop,-887.4831015530903,39.02499426572594,-1.045995192845165,1
GBPUSD,1,2007-04-30 00:00:00+00:00,2007-05-01 00:00:00+00:00,2.0,1.9872022867202759,63094.75520800452,2007-05-03 00:00:00+00:00,1.9872022867202759,stop,-857.7828970555045,50.314310449082335,-1.062311167621443,2
AUDCHF,1,2007-04-25 00:00:00+00:00,2007-04-26 00:00:00+00:00,1.0049999952316284,0.9925000071525574,67383.99920478334,2007-05-04 00:00:00+00:00,0.9925000071525574,stop,-869.2190944943667,26.91990771444214,-1.0319600305176073,6
GBPNZD,-1,2007-05-02 00:00:00+00:00,2007-05-03 00:00:00+00:00,2.694000005722046,2.7065000534057617,46571.65045165951,2007-05-04 00:00:00+00:00,2.7065000534057617,stop,-632.4498915586627,50.302040203573355,-1.0864076713269375,1
EURUSD,1,2007-05-04 00:00:00+00:00,2007-05-07 00:00:00+00:00,1.3598041534423828,1.353692889213562,90448.27353176357,2007-05-08 00:00:00+00:00,1.353692889213562,stop,-601.8395231416212,49.08622454835529,-1.0888031327416365,1
EURCHF,1,2007-04-19 00:00:00+00:00,2007-04-20 00:00:00+00:00,1.6411999464035034,1.632200002670288,77597.78138779718,2007-05-18 00:00:00+00:00,1.6561000347137451,max_hold,1105.041162736063,51.17263262094481,1.5823019272288967,20
AUDCAD,-1,2007-05-15 00:00:00+00:00,2007-05-16 00:00:00+00:00,0.9151999950408936,0.9280999898910522,63426.04891671345,2007-05-21 00:00:00+00:00,0.8894000053405762,target,1613.4996792031743,22.891729579859245,1.9720216942511528,3
EURUSD,1,2007-05-15 00:00:00+00:00,2007-05-16 00:00:00+00:00,1.3595083951950073,1.3467469215393066,64114.515804843606,2007-05-21 00:00:00+00:00,1.3467469215393066,stop,-852.8977542468576,34.702049855340846,-1.0424128966567336,3
AUDCAD,-1,2007-06-14 00:00:00+00:00,2007-06-15 00:00:00+00:00,0.8921999931335449,0.9006999731063843,97217.45638629684,2007-06-18 00:00:00+00:00,0.9006999731063843,stop,-861.2066671484912,34.860234854584675,-1.042185980954518,1
NZDCAD,-1,2007-06-11 00:00:00+00:00,2007-06-12 00:00:00+00:00,0.7955999970436096,0.8118000030517578,51184.663125827574,2007-06-20 00:00:00+00:00,0.8118000030517578,stop,-845.6466956661153,16.454845502667318,-1.019844437085849,6
USDCAD,-1,2007-06-19 00:00:00+00:00,2007-06-20 00:00:00+00:00,1.062399983406067,1.0748000144958496,65785.17119824496,2007-06-21 00:00:00+00:00,1.0748000144958496,stop,-843.8573816542893,28.119213549373274,-1.0344708812813044,1
EURCAD,-1,2007-06-19 00:00:00+00:00,2007-06-20 00:00:00+00:00,1.4256000518798828,1.440999984741211,52970.24184783133,2007-06-22 00:00:00+00:00,1.440999984741211,stop,-846.1070675490802,30.368899444164292,-1.0372287342085706,2
CADCHF,1,2007-06-28 00:00:00+00:00,2007-06-29 00:00:00+00:00,1.1620999574661255,1.1431000232696533,41854.02243082095,2007-07-02 00:00:00+00:00,1.1431000232696533,stop,-814.5200503835168,19.296378340248665,-1.024265346994347,1
EURCAD,-1,2007-06-28 00:00:00+00:00,2007-06-29 00:00:00+00:00,1.4241000413894653,1.444000005722046,39961.06016840011,2007-07-03 00:00:00+00:00,1.444000005722046,stop,-818.146135753591,22.92246371032286,-1.02882517776593,2
EURAUD,-1,2007-06-28 00:00:00+00:00,2007-06-29 00:00:00+00:00,1.5875999927520752,1.6085000038146973,38048.959383828245,2007-07-06 00:00:00+00:00,1.6085000038146973,stop,-819.5453278344727,24.32165579120455,-1.0305846727735253,5
CADCHF,1,2007-07-05 00:00:00+00:00,2007-07-06 00:00:00+00:00,1.1518000364303589,1.1431000232696533,90171.57886835196,2007-07-10 00:00:00+00:00,1.1431000232696533,stop,-825.880875221907,41.38695234564506,-1.052756243405818,2
EURCAD,-1,2007-07-05 00:00:00+00:00,2007-07-06 00:00:00+00:00,1.4358999729156494,1.4462000131607056,76164.16093643964,2007-07-10 00:00:00+00:00,1.4462000131607056,stop,-828.3964683111479,43.902545434885994,-1.0559628878626899,2
NZDCAD,1,2007-07-11 00:00:00+00:00,2007-07-12 00:00:00+00:00,0.8241999745368958,0.8129000067710876,67141.52974069575,2007-07-24 00:00:00+00:00,0.846799910068512,target,1494.95554594403,22.43869768978663,1.9704246964374257,8
EURAUD,-1,2007-07-12 00:00:00+00:00,2007-07-13 00:00:00+00:00,1.5893000364303589,1.6086000204086304,40076.8767610091,2007-07-25 00:00:00+00:00,1.550700068473816,target,1521.7978793265127,25.168279446760053,1.9674611117974057,8
CADJPY,1,2007-06-28 00:00:00+00:00,2007-06-29 00:00:00+00:00,116.20999908447266,114.10312080383301,377.44167726758195,2007-07-26 00:00:00+00:00,114.10312080383301,stop,-812.6096260967425,17.385954053474357,-1.0218629734811622,19
AUDJPY,1,2007-06-28 00:00:00+00:00,2007-06-29 00:00:00+00:00,104.26000213623047,102.45471215248108,440.4963630228954,2007-07-26 00:00:00+00:00,102.45471215248108,stop,-813.435088008767,18.21141596549888,-1.0229009983049246,19
NZDJPY,1,2007-07-11 00:00:00+00:00,2007-07-12 00:00:00+00:00,95.58000183105469,93.44100189208984,354.6971217699404,2007-07-26 00:00:00+00:00,93.44100189208984,stop,-772.1061630118412,13.409041194932911,-1.0176737736434551,10
GBPNZD,-1,2007-07-12 00:00:00+00:00,2007-07-13 00:00:00+00:00,2.577899932861328,2.6226000785827637,17303.815611852013,2007-07-26 00:00:00+00:00,2.6226000785827637,stop,-791.480778044129,17.99769865749257,-1.023268380572416,9
AUDNZD,-1,2007-07-23 00:00:00+00:00,2007-07-24 00:00:00+00:00,1.0946999788284302,1.1108201034367085,51195.57798886123,2007-07-26 00:00:00+00:00,1.1108201034367085,stop,-847.8616716487925,22.58257507552091,-1.0273635612113385,2
USDCAD,-1,2007-06-28 00:00:00+00:00,2007-06-29 00:00:00+00:00,1.0592999458312988,1.0749000310897827,50975.597816736095,2007-07-27 00:00:00+00:00,1.0535999536514282,max_hold,269.01924181901416,21.541267100610725,0.33829380497161154,20
AUDCHF,1,2007-06-28 00:00:00+00:00,2007-06-29 00:00:00+00:00,1.0424000024795532,1.0250999927520752,45966.6603990514,2007-07-27 00:00:00+00:00,1.0480999946594238,max_hold,242.79094412281978,19.218660686541057,0.3053115150596391,20
NZDCHF,1,2007-07-12 00:00:00+00:00,2007-07-13 00:00:00+00:00,0.9466400146484375,0.9276654981076717,40764.31026449861,2007-07-27 00:00:00+00:00,0.9276654981076717,stop,-788.7640336771265,15.280954290490037,-1.019756029185031,10
GBPUSD,1,2007-08-03 00:00:00+00:00,2007-08-06 00:00:00+00:00,2.039900302886963,2.021182060241699,40162.51106439942,2007-08-07 00:00:00+00:00,2.021182060241699,stop,-784.3922804150337,32.62065306851845,-1.0433917055152209,1
CHFJPY,-1,2007-08-07 00:00:00+00:00,2007-08-08 00:00:00+00:00,99.24299621582031,99.93900299072266,1052.4271241393903,2007-08-08 00:00:00+00:00,99.93900299072266,stop,-774.421316213061,41.92490772105528,-1.057235649533581,0
EURUSD,1,2007-08-03 00:00:00+00:00,2007-08-06 00:00:00+00:00,1.3818072080612183,1.36768348980695,53227.60011297527,2007-08-09 00:00:00+00:00,1.36768348980695,stop,-781.0413856226097,29.269758276094436,-1.0389343747640574,3
USDCHF,-1,2007-07-26 00:00:00+00:00,2007-07-27 00:00:00+00:00,1.2029999494552612,1.2158000469207764,58315.84899547018,2007-08-15 00:00:00+00:00,1.2158000469207764,stop,-774.6594259940631,28.210875067781764,-1.0377934621653084,13
CHFJPY,-1,2007-08-09 00:00:00+00:00,2007-08-10 00:00:00+00:00,98.80999755859375,100.23999786376953,504.29492323056087,2007-08-15 00:00:00+00:00,95.94999694824219,target,1422.6404929409566,19.643295295641856,1.9727608457422119,3
EURJPY,-1,2007-08-09 00:00:00+00:00,2007-08-10 00:00:00+00:00,161.72000122070312,165.2254979610443,205.71746246955894,2007-08-16 00:00:00+00:00,154.70900774002075,target,1429.264793681567,13.018994555031489,1.9819466950107663,4
GBPJPY,-1,2007-08-09 00:00:00+00:00,2007-08-10 00:00:00+00:00,239.22000122070312,244.02000427246094,150.23779908935876,2007-08-16 00:00:00+00:00,229.6199951171875,target,1428.1962904016245,14.08749783497354,1.9804650125725982,4
USDJPY,-1,2007-08-09 00:00:00+00:00,2007-08-10 00:00:00+00:00,118.2760009765625,119.80999755859375,470.1065846987711,2007-08-16 00:00:00+00:00,115.2080078125,target,1420.3313142458776,21.952473990720804,1.9695587315481637,4
CADCHF,-1,2007-08-21 00:00:00+00:00,2007-08-22 00:00:00+00:00,1.1332999467849731,1.1435999870300293,74469.71201630893,2007-08-23 00:00:00+00:00,1.1435999870300293,stop,-800.953047277955,33.91201647223122,-1.0442114764533639,1
EURCHF,-1,2007-08-28 00:00:00+00:00,2007-08-29 00:00:00+00:00,1.6334999799728394,1.6444000005722046,71048.68888894319,2007-08-31 00:00:00+00:00,1.6444000005722046,stop,-821.0102716327362,46.578099185363556,-1.0601448401067415,2
CADCHF,-1,2007-08-28 00:00:00+00:00,2007-08-29 00:00:00+00:00,1.128000020980835,1.1510000228881836,33670.96122717873,2007-09-04 00:00:00+00:00,1.1510000228881836,stop,-789.779396870143,15.34722442277047,-1.019817390042397,4
AUDCHF,-1,2007-08-28 00:00:00+00:00,2007-08-29 00:00:00+00:00,0.9769999980926514,1.0016000270843506,31480.945518750774,2007-09-04 00:00:00+00:00,1.0016000270843506,stop,-786.8898123665718,12.457639919199222,-1.0160861601085482,4
AUDUSD,-1,2007-08-28 00:00:00+00:00,2007-08-29 00:00:00+00:00,0.8140670657157898,0.8331944942474365,40488.04423271317,2007-09-11 00:00:00+00:00,0.8331944942474365,stop,-787.7710522279004,13.33887978052784,-1.0172240775307333,8
GBPAUD,1,2007-09-05 00:00:00+00:00,2007-09-06 00:00:00+00:00,2.4541499614715576,2.43179988861084,32570.419997901856,2007-09-12 00:00:00+00:00,2.43179988861084,stop,-759.7787477984596,31.82748774117386,-1.043722003776282,3
CHFJPY,-1,2007-08-27 00:00:00+00:00,2007-08-28 00:00:00+00:00,96.11000061035156,97.19999694824219,696.3615142063978,2007-09-13 00:00:00+00:00,97.19999694824219,stop,-785.9542288551716,26.92272852222748,-1.0354698434918945,11
CADJPY,-1,2007-08-27 00:00:00+00:00,2007-08-28 00:00:00+00:00,109.4800033569336,111.23999786376953,431.2692439577593,2007-09-13 00:00:00+00:00,111.23999786376953,stop,-778.0694499435058,19.037949610561668,-1.0250818966040418,11
EURJPY,-1,2007-08-28 00:00:00+00:00,2007-08-29 00:00:00+00:00,155.4600067138672,159.64999389648438,184.82924617531643,2007-09-13 00:00:00+00:00,159.64999389648438,stop,-786.0804812223956,11.648308775022956,-1.015041096159799,10
AUDJPY,-1,2007-09-05 00:00:00+00:00,2007-09-06 00:00:00+00:00,94.66999816894531,96.43099975585938,413.37342650152306,2007-09-13 00:00:00+00:00,96.43099975585938,stop,-743.7504749212931,15.799214864007391,-1.0217036712908005,4
AUDCHF,-1,2007-09-07 00:00:00+00:00,2007-09-11 00:00:00+00:00,0.9772999882698059,1.0039000511169434,28151.68764862997,2007-09-18 00:00:00+00:00,1.0039000511169434,stop,-759.9914856421941,11.154824935653831,-1.0148962057027617,5
EURAUD,1,2007-09-07 00:00:00+00:00,2007-09-11 00:00:00+00:00,1.6733499765396118,1.6407999992370605,23005.750626064077,2007-09-18 00:00:00+00:00,1.6407999992370605,stop,-764.0855622825592,15.248901576018886,-1.0203634549110232,5
NZDCHF,-1,2007-09-13 00:00:00+00:00,2007-09-14 00:00:00+00:00,0.8388000130653381,0.8522499799728394,50703.34836830341,2007-09-18 00:00:00+00:00,0.8522499799728394,stop,-699.1067370342331,17.148379381046354,-1.0251457866724571,2
AUDCAD,-1,2007-09-13 00:00:00+00:00,2007-09-14 00:00:00+00:00,0.8640000224113464,0.8784300088882446,47259.80573474367,2007-09-26 00:00:00+00:00,0.8784300088882446,stop,-698.4277386103072,16.4693809571204,-1.0241501270162539,8
GBPJPY,-1,2007-08-28 00:00:00+00:00,2007-08-29 00:00:00+00:00,228.6999969482422,235.49000549316406,114.05466831504306,2007-09-27 00:00:00+00:00,232.6699981689453,max_hold,-463.32145279033176,10.524280352720771,-0.5982724753365244,20
USDJPY,-1,2007-09-05 00:00:00+00:00,2007-09-06 00:00:00+00:00,115.12999725341797,116.55999755859375,509.0567165772759,2007-10-03 00:00:00+00:00,116.55999755859375,stop,-751.5399296618475,23.58866960456175,-1.032404188163237,18
AUDUSD,1,2007-10-18 00:00:00+00:00,2007-10-19 00:00:00+00:00,0.8965393900871277,0.8823010921478271,46603.02084468059,2007-10-22 00:00:00+00:00,0.8823010921478271,stop,-680.127563672587,16.579868014591455,-1.024986701216934,1
AUDNZD,1,2007-09-25 00:00:00+00:00,2007-09-26 00:00:00+00:00,1.1728999614715576,1.1588000059127808,46727.364779144176,2007-10-24 00:00:00+00:00,1.1862000226974487,max_hold,599.4299073850178,22.046905102147683,0.9098072100711031,20
EURUSD,1,2007-10-10 00:00:00+00:00,2007-10-11 00:00:00+00:00,1.414107084274292,1.4016989469528198,52284.27074889807,2007-10-26 00:00:00+00:00,1.4389233589172363,target,1267.6670991813803,29.833723229334908,1.9540135578890734,11
CADCHF,1,2007-10-22 00:00:00+00:00,2007-10-23 00:00:00+00:00,1.2032999992370605,1.1928999423980713,62313.7104185211,2007-10-31 00:00:00+00:00,1.224100112915039,target,1265.8801988701666,30.252061531706318,1.9533194837348982,6
NZDCAD,-1,2007-10-29 00:00:00+00:00,2007-10-30 00:00:00+00:00,0.7342000007629395,0.7412999868392944,97471.96084491689,2007-11-01 00:00:00+00:00,0.7200000286102295,target,1355.750384003108,28.348745664747703,1.9590365385584043,2
CADJPY,1,2007-10-23 00:00:00+00:00,2007-10-24 00:00:00+00:00,118.72000122070312,115.8499984741211,228.63966486994772,2007-11-06 00:00:00+00:00,124.46000671386719,target,1301.272813205244,11.120119103446278,1.9830536742012403,9
EURCHF,1,2007-10-26 00:00:00+00:00,2007-10-29 00:00:00+00:00,1.6748000383377075,1.663540005683899,60470.44270070695,2007-11-06 00:00:00+00:00,1.663540005683899,stop,-721.2733394697186,40.374180069496816,-1.0592953883289573,6
EURGBP,1,2007-10-11 00:00:00+00:00,2007-10-12 00:00:00+00:00,0.6977999806404114,0.6897413739934564,80312.8347782622,2007-11-09 00:00:00+00:00,0.6960999965667725,max_hold,-158.9201517452122,22.3896117133728,-0.2455466752218312,20
GBPAUD,-1,2007-10-23 00:00:00+00:00,2007-10-24 00:00:00+00:00,2.2811999320983887,2.3194000720977783,17177.85500694054,2007-11-12 00:00:00+00:00,2.3194000720977783,stop,-672.0021541177473,15.80568796340236,-1.0240868227408049,13
AUDNZD,1,2007-11-07 00:00:00+00:00,2007-11-08 00:00:00+00:00,1.2015000581741333,1.1871999502182007,48893.91678933125,2007-11-12 00:00:00+00:00,1.1871999502182007,stop,-722.5468683648251,23.35857988900193,-1.033408139515497,2
AUDUSD,1,2007-10-23 00:00:00+00:00,2007-10-24 00:00:00+00:00,0.8986340761184692,0.8761919215321541,29239.459323325515,2007-11-21 00:00:00+00:00,0.8910273313522339,max_hold,-232.88285056051083,10.465746385253023,-0.35489805656120993,20
NZDCHF,-1,2007-12-04 00:00:00+00:00,2007-12-05 00:00:00+00:00,0.8507999777793884,0.8683000206947327,38474.10032755605,2007-12-05 00:00:00+00:00,0.8683000206947327,stop,-686.5265720243697,13.228165162878959,-1.0196468089454431,0
EURNZD,1,2007-12-04 00:00:00+00:00,2007-12-05 00:00:00+00:00,1.9371000528335571,1.9041999578475952,20464.93808448818,2007-12-05 00:00:00+00:00,1.9041999578475952,stop,-689.0208002379974,15.722393376506714,-1.0233513004282826,0
EURUSD,1,2007-12-04 00:00:00+00:00,2007-12-05 00:00:00+00:00,1.4764070510864258,1.4626084566116333,48794.70935184625,2007-12-05 00:00:00+00:00,1.4626084566116333,stop,-701.9800883572298,28.68168149573913,-1.0425987663173535,0
USDCHF,-1,2007-12-04 00:00:00+00:00,2007-12-05 00:00:00+00:00,1.1169999837875366,1.1328999996185303,42345.76959030698,2007-12-06 00:00:00+00:00,1.1328999996185303,stop,-692.3531561212004,19.054749259709762,-1.0283006005443136,1
USDJPY,-1,2007-12-04 00:00:00+00:00,2007-12-05 00:00:00+00:00,109.85399627685547,111.76000213623047,353.25096381512304,2007-12-07 00:00:00+00:00,111.76000213623047,stop,-688.9554785683598,15.657071706869152,-1.0232542830152427,2
AUDCHF,-1,2007-12-04 00:00:00+00:00,2007-12-05 00:00:00+00:00,0.9742799997329712,1.0016000270843506,24644.86576831687,2007-12-11 00:00:00+00:00,1.0016000270843506,stop,-683.0374664685329,9.739059607042247,-1.0144647002098814,4
GBPJPY,-1,2007-12-04 00:00:00+00:00,2007-12-05 00:00:00+00:00,226.1300048828125,229.32000732421875,211.06516976980126,2007-12-11 00:00:00+00:00,229.32000732421875,stop,-692.5243336911177,19.225926829627024,-1.0285548378455946,4
GBPJPY,-1,2007-12-11 00:00:00+00:00,2007-12-12 00:00:00+00:00,225.6300048828125,229.7899932861328,149.70796248748914,2007-12-12 00:00:00+00:00,229.7899932861328,stop,-636.4193878330531,13.636000000385769,-1.0218952532562569,0
EURAUD,1,2007-12-11 00:00:00+00:00,2007-12-12 00:00:00+00:00,1.6712000370025635,1.6538000106811523,35792.09458242704,2007-12-12 00:00:00+00:00,1.6538000106811523,stop,-646.5851310713213,23.801743238653998,-1.0382183335388664,0
EURUSD,1,2007-12-10 00:00:00+00:00,2007-12-11 00:00:00+00:00,1.4711940288543701,1.454101324081421,36634.948850002875,2007-12-14 00:00:00+00:00,1.454101324081421,stop,-647.6239741903854,21.433609125190763,-1.034228583384478,3
AUDCHF,-1,2007-12-17 00:00:00+00:00,2007-12-19 00:00:00+00:00,0.9920700192451477,1.0123000144958496,29755.385753131646,2007-12-25 00:00:00+00:00,1.0123000144958496,stop,-613.8794731778524,11.928160709196174,-1.0198158230775802,4
EURGBP,1,2007-12-19 00:00:00+00:00,2007-12-20 00:00:00+00:00,0.720300018787384,0.7113000154495239,67339.54758930959,2007-12-28 00:00:00+00:00,0.7383000254631042,target,1192.4680127288366,19.644293418714966,1.9675866777045596,6
AUDNZD,-1,2007-12-28 00:00:00+00:00,2007-12-31 00:00:00+00:00,1.1302000284194946,1.1406999826431274,59580.44999662189,2007-12-31 00:00:00+00:00,1.1406999826431274,stop,-652.6522464992624,27.06024891128893,-1.0432554268846503,0
GBPCHF,-1,2007-12-04 00:00:00+00:00,2007-12-05 00:00:00+00:00,2.2992000579833984,2.335700035095215,18446.543262174233,2008-01-02 00:00:00+00:00,2.2262001037597656,target,1329.9012157505322,16.69559797244911,1.975203271235597,19
GBPJPY,-1,2007-12-19 00:00:00+00:00,2007-12-20 00:00:00+00:00,226.10299682617188,230.2729949951172,145.33727078999203,2008-01-02 00:00:00+00:00,217.76300048828125,target,1199.2102516183195,12.90205452923211,1.9787114536106993,9
EURAUD,1,2007-12-14 00:00:00+00:00,2007-12-17 00:00:00+00:00,1.6704000234603882,1.6496000289916992,28858.21497995828,2008-01-10 00:00:00+00:00,1.6496000289916992,stop,-619.4125670087963,19.16185504942702,-1.0319230859166795,17
AUDCHF,-1,2008-01-11 00:00:00+00:00,2008-01-14 00:00:00+00:00,0.9816499948501587,0.9911999702453613,65340.9531529722,2008-01-15 00:00:00+00:00,0.9625500440597534,target,1222.6018130874616,25.40717673248386,1.9592836639163163,1
EURGBP,1,2008-01-23 00:00:00+00:00,2008-01-24 00:00:00+00:00,0.7473999857902527,0.739799976348877,83795.60901873575,2008-01-25 00:00:00+00:00,0.739799976348877,stop,-661.771585000239,24.924165312017823,-1.039136792489824,1
EURJPY,-1,2008-01-25 00:00:00+00:00,2008-01-28 00:00:00+00:00,156.83999633789062,159.0800018310547,280.18574149626994,2008-01-30 00:00:00+00:00,159.0800018310547,stop,-645.3208558459838,17.703255788093237,-1.0282070735212976,2
AUDJPY,-1,2008-01-25 00:00:00+00:00,2008-01-28 00:00:00+00:00,93.98999786376953,95.3550033569336,459.7912632593751,2008-01-30 00:00:00+00:00,95.3550033569336,stop,-645.0294355185137,17.411835460623003,-1.0277427456766939,2
AUDCHF,-1,2008-01-30 00:00:00+00:00,2008-01-31 00:00:00+00:00,0.9587000012397766,0.9762099981307983,35326.85810404085,2008-02-01 00:00:00+00:00,0.9762099981307983,stop,-632.244033769692,13.670858198370816,-1.0221006321293262,1
NZDCHF,-1,2008-01-30 00:00:00+00:00,2008-01-31 00:00:00+00:00,0.8427000045776367,0.8566399812698364,44374.04661640874,2008-02-01 00:00:00+00:00,0.8566399812698364,stop,-633.6544939211458,15.081318349824627,-1.0243808153108085,1
AUDJPY,-1,2008-01-30 00:00:00+00:00,2008-01-31 00:00:00+00:00,93.98999786376953,96.22599792480469,276.64273644292865,2008-02-01 00:00:00+00:00,96.22599792480469,stop,-629.0975502893547,10.524374718033553,-1.0170139526472566,1
NZDJPY,-1,2008-01-30 00:00:00+00:00,2008-01-31 00:00:00+00:00,82.55000305175781,84.44300079345703,326.7691038110109,2008-02-01 00:00:00+00:00,84.44300079345703,stop,-629.4868064131631,10.913630841841911,-1.0176432332872534,1
CADJPY,-1,2008-02-05 00:00:00+00:00,2008-02-06 00:00:00+00:00,105.66000366210938,108.44999694824219,213.79787179937296,2008-02-13 00:00:00+00:00,108.44999694824219,stop,-605.6498794020254,9.155252492291122,-1.0153484240750361,5
USDCHF,-1,2008-01-22 00:00:00+00:00,2008-01-23 00:00:00+00:00,1.097100019454956,1.1114000082015991,44491.6792812304,2008-02-20 00:00:00+00:00,1.0942000150680542,max_hold,109.52714142720917,19.498923668989374,0.1721500921163417,20
NZDCAD,1,2008-01-22 00:00:00+00:00,2008-01-23 00:00:00+00:00,0.7865999937057495,0.7646999955177307,29051.624003737157,2008-02-20 00:00:00+00:00,0.8108000159263611,max_hold,693.7685335426121,9.281412892679638,1.0904358079696044,20
EURJPY,-1,2008-01-30 00:00:00+00:00,2008-01-31 00:00:00+00:00,157.49200439453125,159.38999938964844,325.9087495818864,2008-02-21 00:00:00+00:00,159.38999938964844,stop,-639.2280990949821,20.654923523660923,-1.0333912370263774,15
EURCHF,-1,2008-02-05 00:00:00+00:00,2008-02-06 00:00:00+00:00,1.6088000535964966,1.6210999488830566,48495.91098238995,2008-02-21 00:00:00+00:00,1.6210999488830566,stop,-627.8220155101882,31.3273886004539,-1.0525191463379175,11
EURGBP,1,2008-01-30 00:00:00+00:00,2008-01-31 00:00:00+00:00,0.7472000122070312,0.739300012588501,78300.40575196905,2008-02-27 00:00:00+00:00,0.7630000114440918,target,1213.496496218939,23.649854923703238,1.9617670861626677,19
GBPJPY,-1,2008-01-30 00:00:00+00:00,2008-01-31 00:00:00+00:00,210.67999267578125,213.97999572753906,187.4462434941767,2008-02-28 00:00:00+00:00,210.9600067138672,max_hold,-68.29454636333962,15.806966798495313,-0.110406576069617,20
EURCHF,-1,2008-02-22 00:00:00+00:00,2008-02-25 00:00:00+00:00,1.6102999448776245,1.6227999925613403,46780.9521403674,2008-02-29 00:00:00+00:00,1.5852998495101929,target,1139.6296246802356,29.89864020820488,1.9488705983329837,4
GBPCHF,-1,2008-02-15 00:00:00+00:00,2008-02-18 00:00:00+00:00,2.1412999629974365,2.1833999156951904,14019.092116672888,2008-03-03 00:00:00+00:00,2.0499000549316406,target,1269.5923668036762,11.75136382614976,2.151110921961717,10
EURNZD,1,2008-03-14 00:00:00+00:00,2008-03-17 00:00:00+00:00,1.9276000261306763,1.8961000442504883,19565.556069221766,2008-03-31 00:00:00+00:00,1.993899941444397,target,1281.8494449570487,15.345265498208288,2.0798620002194963,10
GBPCHF,-1,2008-04-04 00:00:00+00:00,2008-04-07 00:00:00+00:00,2.004199981689453,2.024899959564209,30521.694128355197,2008-04-10 00:00:00+00:00,1.9628000259399414,target,1239.3808741460273,24.215912168009424,1.9616714565432722,3
USDCHF,-1,2008-04-04 00:00:00+00:00,2008-04-07 00:00:00+00:00,1.0058000087738037,1.0214999914169312,40241.98035872248,2008-04-18 00:00:00+00:00,1.0214999914169312,stop,-648.1149065148011,16.31651335778273,-1.0258255062603927,9
AUDCHF,-1,2008-04-11 00:00:00+00:00,2008-04-14 00:00:00+00:00,0.9307000041007996,0.9465000033378601,40908.786569303746,2008-04-18 00:00:00+00:00,0.9465000033378601,stop,-661.7175914745126,15.358794890440706,-1.02376202655802,4
EURCAD,1,2008-04-17 00:00:00+00:00,2008-04-18 00:00:00+00:00,1.6062999963760376,1.5879000425338745,34849.75083666498,2008-04-18 00:00:00+00:00,1.5879000425338745,stop,-663.4972219012152,22.2634150956952,-1.0347196527372855,0
EURAUD,1,2008-04-14 00:00:00+00:00,2008-04-15 00:00:00+00:00,1.7080999612808228,1.6830999851226807,26160.56268541451,2008-04-21 00:00:00+00:00,1.6830999851226807,stop,-671.756583174277,17.743139755332635,-1.0271296254440552,4
EURUSD,1,2008-03-25 00:00:00+00:00,2008-03-26 00:00:00+00:00,1.5612071752548218,1.5345896482467651,23225.874998836465,2008-04-24 00:00:00+00:00,1.5876039266586304,max_hold,598.4608698706213,14.62677860959807,0.9680459486573154,20
NZDCHF,-1,2008-04-09 00:00:00+00:00,2008-04-10 00:00:00+00:00,0.7986999750137329,0.8123000264167786,47273.21125429285,2008-04-24 00:00:00+00:00,0.8123000264167786,stop,-658.1495317250773,15.231428679658134,-1.023691086947947,10
GBPCHF,-1,2008-04-21 00:00:00+00:00,2008-04-22 00:00:00+00:00,1.9973000288009644,2.0485000610351562,12127.626449801763,2008-04-25 00:00:00+00:00,2.0485000610351562,stop,-630.7480555901099,9.813190436021376,-1.015803896651199,3
EURGBP,1,2008-04-21 00:00:00+00:00,2008-04-22 00:00:00+00:00,0.8029999732971191,0.7875000238418579,40060.444516051066,2008-04-25 00:00:00+00:00,0.7875000238418579,stop,-633.6780925317215,12.743227377633074,-1.0205226475315905,3
EURCAD,1,2008-04-21 00:00:00+00:00,2008-04-22 00:00:00+00:00,1.600100040435791,1.580199956893921,31202.626051676158,2008-04-28 00:00:00+00:00,1.579699993133545,stop_gap,-656.3786696818041,19.84362227331426,-1.057081356703847,4
EURNZD,1,2008-04-28 00:00:00+00:00,2008-04-29 00:00:00+00:00,1.9980000257492065,1.982200026512146,37675.392136970404,2008-05-02 00:00:00+00:00,1.982200026512146,stop,-625.2622865705966,29.99111955050731,-1.0503822815753734,2
EURGBP,1,2008-05-23 00:00:00+00:00,2008-05-26 00:00:00+00:00,0.7960000038146973,0.7919965265318751,109666.57952901218,2008-05-28 00:00:00+00:00,0.7919965265318751,stop,-473.87768938661645,34.83002955740956,-1.079330862555921,2
GBPCAD,-1,2008-05-29 00:00:00+00:00,2008-05-30 00:00:00+00:00,1.9536000490188599,1.9701000452041626,36268.8729056168,2008-05-30 00:00:00+00:00,1.9701000452041626,stop,-626.8979005953332,28.461636007426296,-1.0475600121376758,0
AUDNZD,1,2008-05-28 00:00:00+00:00,2008-05-29 00:00:00+00:00,1.2237999439239502,1.2122000455856323,50751.729854940684,2008-06-02 00:00:00+00:00,1.2122000455856323,stop,-613.4411494899297,24.726242678845736,-1.0420003679077559,2
CADCHF,1,2008-05-28 00:00:00+00:00,2008-05-29 00:00:00+00:00,1.0478999614715576,1.0311000347137451,35042.706750927515,2008-06-02 00:00:00+00:00,1.0311000347137451,stop,-603.2856642513841,14.570757440300198,-1.0247501078564942,2
EURCHF,1,2008-05-12 00:00:00+00:00,2008-05-13 00:00:00+00:00,1.6230000257492065,1.6062999963760376,35270.50946992515,2008-06-03 00:00:00+00:00,1.6062999963760376,stop,-611.7983555567031,22.779811402319584,-1.038674183739025,15
USDJPY,1,2008-05-13 00:00:00+00:00,2008-05-14 00:00:00+00:00,104.64299774169922,102.58000183105469,286.21286193356417,2008-06-11 00:00:00+00:00,107.33999633789062,max_hold,759.7812349633944,12.13445188335304,1.2867703632752838,20
EURAUD,-1,2008-05-15 00:00:00+00:00,2008-05-16 00:00:00+00:00,1.642199993133545,1.6629999876022339,28470.79272709842,2008-06-13 00:00:00+00:00,1.648300051689148,max_hold,-192.41013170866813,18.736628948930992,-0.32491155585357884,20
EURGBP,1,2008-06-12 00:00:00+00:00,2008-06-13 00:00:00+00:00,0.7936999797821045,0.7886000275611877,107184.46582860072,2008-06-13 00:00:00+00:00,0.7886000275611877,stop,-580.5552507638839,33.91959621353636,-1.0620515620069422,0
NZDUSD,-1,2008-06-23 00:00:00+00:00,2008-06-24 00:00:00+00:00,0.7584951519966125,0.7648183703422546,89023.97286425083,2008-06-30 00:00:00+00:00,0.7648183703422546,stop,-590.0403027524627,27.12228433528833,-1.0481815885225194,4
AUDNZD,1,2008-06-04 00:00:00+00:00,2008-06-05 00:00:00+00:00,1.2426999807357788,1.2215359807014465,26914.275962366115,2008-07-04 00:00:00+00:00,1.2690999507904053,max_hold,697.0154241445487,13.520655303869606,1.2236632974064487,20
GBPJPY,1,2008-07-03 00:00:00+00:00,2008-07-04 00:00:00+00:00,211.66000366210938,209.50999450683594,260.011750401023,2008-07-15 00:00:00+00:00,209.50999450683594,stop,-580.9294735289319,21.901829688060623,-1.039178437648595,7
GBPNZD,1,2008-07-11 00:00:00+00:00,2008-07-14 00:00:00+00:00,2.6173999309539795,2.595599889755249,25854.144536317588,2008-07-15 00:00:00+00:00,2.595599889755249,stop,-590.5769462161385,26.955530166482816,-1.0478255960453213,1
EURJPY,1,2008-07-02 00:00:00+00:00,2008-07-03 00:00:00+00:00,168.11000061035156,166.16000366210938,287.0721234029318,2008-07-16 00:00:00+00:00,166.16000366210938,stop,-578.9816845444022,19.191919983280492,-1.0342841566571463,9
GBPNZD,1,2008-07-17 00:00:00+00:00,2008-07-18 00:00:00+00:00,2.615999937057495,2.586699962615967,18537.851162343424,2008-07-23 00:00:00+00:00,2.6745998859405518,target,1066.7018600993852,19.61527041565165,1.9638866591262318,3
CHFJPY,1,2008-07-17 00:00:00+00:00,2008-07-18 00:00:00+00:00,104.12000274658203,102.91000366210938,448.8917158926931,2008-07-30 00:00:00+00:00,102.91000366210938,stop,-561.7453762211329,18.58681096361455,-1.0342198616619482,8
AUDNZD,1,2008-07-17 00:00:00+00:00,2008-07-18 00:00:00+00:00,1.2736999988555908,1.2599999904632568,39646.58631606749,2008-08-05 00:00:00+00:00,1.2599999904632568,stop,-563.2490763226282,20.090511065109794,-1.0369882983536947,12
CADJPY,-1,2008-08-18 00:00:00+00:00,2008-08-19 00:00:00+00:00,103.43800354003906,104.43000030517578,532.3884142705208,2008-08-22 00:00:00+00:00,104.43000030517578,stop,-550.2608881415705,22.13330338894649,-1.041909008406205,3
NZDCAD,-1,2008-08-21 00:00:00+00:00,2008-08-22 00:00:00+00:00,0.7506999969482422,0.7595499753952026,59469.42880112748,2008-08-25 00:00:00+00:00,0.7330000400543213,target,1034.9593675435035,17.64695874255083,1.9664699740028826,1
EURJPY,1,2008-07-17 00:00:00+00:00,2008-07-18 00:00:00+00:00,168.36000061035156,165.43606996536255,185.76314940587767,2008-08-26 00:00:00+00:00,160.61599731445312,stop_gap,-1450.7727647462812,12.222323490690641,-2.6709930719005626,10
GBPAUD,1,2008-08-25 00:00:00+00:00,2008-08-26 00:00:00+00:00,2.1531999111175537,2.1242001056671143,18624.639569103812,2008-08-28 00:00:00+00:00,2.1242001056671143,stop,-556.0439308096657,15.933006721098609,-1.0294995083611491,2
NZDUSD,-1,2008-08-22 00:00:00+00:00,2008-08-25 00:00:00+00:00,0.7094210982322693,0.7219173908233643,42221.197944922365,2008-09-02 00:00:00+00:00,0.6844285130500793,target,1043.4468860638942,11.770000068681028,1.9776917897669006,6
NZDCAD,-1,2008-09-01 00:00:00+00:00,2008-09-02 00:00:00+00:00,0.7400000095367432,0.7474499940872192,72263.35955883686,2008-09-03 00:00:00+00:00,0.725100040435791,target,1055.5472142174974,21.17461034016702,1.9606683734698778,1
NZDJPY,-1,2008-08-25 00:00:00+00:00,2008-08-26 00:00:00+00:00,76.02999877929688,78.27379202842712,240.7133207562362,2008-09-04 00:00:00+00:00,71.54241228103638,target,1073.1173191534665,7.104529023667427,1.9868461667653614,7
GBPAUD,1,2008-09-04 00:00:00+00:00,2008-09-05 00:00:00+00:00,2.15120005607605,2.1017597652971745,11343.312808960047,2008-09-15 00:00:00+00:00,2.2500806376338005,target,1111.6483466076947,9.985020733757501,1.9821955711652472,6
CADJPY,-1,2008-09-08 00:00:00+00:00,2008-09-09 00:00:00+00:00,101.45999908447266,103.12999725341797,335.4465020257587,2008-09-15 00:00:00+00:00,98.12000274658203,target,1107.00040562655,13.389682697704362,1.9760981771666135,4
EURNZD,1,2008-09-09 00:00:00+00:00,2008-09-10 00:00:00+00:00,2.113300085067749,2.0903000831604004,24742.951636897764,2008-09-15 00:00:00+00:00,2.1593000888824463,target,1117.032521790597,21.14334789357013,1.9628469580901637,3
USDCHF,1,2008-09-16 00:00:00+00:00,2008-09-17 00:00:00+00:00,1.121899962425232,1.1051000356674194,35400.916366808466,2008-09-17 00:00:00+00:00,1.1051000356674194,stop,-610.5003702581001,15.767568136272114,-1.026512020322434,0
GBPCHF,-1,2008-09-15 00:00:00+00:00,2008-09-16 00:00:00+00:00,1.99399995803833,2.030955098569393,16071.295198512415,2008-09-19 00:00:00+00:00,2.030955098569393,stop,-606.8542207523232,12.937248175097594,-1.0217829238301745,3
USDCAD,1,2008-08-29 00:00:00+00:00,2008-09-01 00:00:00+00:00,1.0621999502182007,1.0414492283016443,25651.184693976713,2008-09-22 00:00:00+00:00,1.0414492283016443,stop,-543.0728191368465,10.792218721908988,-1.0202754312546727,15
AUDCAD,-1,2008-09-24 00:00:00+00:00,2008-09-25 00:00:00+00:00,0.8650000095367432,0.880299985408783,37343.44551893407,2008-09-29 00:00:00+00:00,0.8344000577926636,target,1130.0153400712102,12.69229076583772,1.9777855850029802,2
AUDCHF,-1,2008-09-26 00:00:00+00:00,2008-09-29 00:00:00+00:00,0.9056000113487244,0.9203000068664551,38797.43669607352,2008-09-29 00:00:00+00:00,0.8762000203132629,target,1126.8184362767502,13.82585478669355,1.9757578153066397,0
EURNZD,1,2008-09-22 00:00:00+00:00,2008-09-23 00:00:00+00:00,2.1382999420166016,2.091599941253662,12279.439146931834,2008-10-01 00:00:00+00:00,2.091599941253662,stop,-583.8379771730315,10.388159642846254,-1.0181152026302625,6
GBPNZD,1,2008-09-23 00:00:00+00:00,2008-09-24 00:00:00+00:00,2.706199884414673,2.642899990081787,9014.173895868516,2008-10-01 00:00:00+00:00,2.642899990081787,stop,-580.2397983977501,9.64354329101591,-1.016900817705528,5
GBPAUD,1,2008-09-24 00:00:00+00:00,2008-09-25 00:00:00+00:00,2.217400074005127,2.1805999279022217,15525.857256675867,2008-10-03 00:00:00+00:00,2.2910003662109375,target,1128.708274498902,13.999356338145851,1.9754979209723293,6
AUDNZD,-1,2008-09-15 00:00:00+00:00,2008-09-16 00:00:00+00:00,1.2151999473571777,1.2421018742024899,22077.116482855967,2008-10-06 00:00:00+00:00,1.1613960936665535,target,1177.340267628376,10.49367752607505,1.9823314065591708,14
GBPCAD,-1,2008-09-25 00:00:00+00:00,2008-09-26 00:00:00+00:00,1.9011000394821167,1.9358999729156494,16257.52770259006,2008-10-07 00:00:00+00:00,1.9358999729156494,stop,-578.2369086432271,12.476026799279019,-1.0220517663904523,7
NZDCHF,-1,2008-09-22 00:00:00+00:00,2008-09-23 00:00:00+00:00,0.7422999739646912,0.7645999789237976,25715.232735677524,2008-10-08 00:00:00+00:00,0.6976999640464783,target,1139.4936483513068,7.405986709063686,1.9870852052216865,11
NZDCAD,-1,2008-09-23 00:00:00+00:00,2008-09-24 00:00:00+00:00,0.708899974822998,0.7250000238418579,35440.653282379964,2008-10-08 00:00:00+00:00,0.6766998767852783,target,1131.371197427675,9.82131278579321,1.982787631888758,10
NZDUSD,-1,2008-09-29 00:00:00+00:00,2008-09-30 00:00:00+00:00,0.6677796840667725,0.6919936537742615,25688.857786783687,2008-10-08 00:00:00+00:00,0.6193517446517944,target,1237.4454612932968,6.612987245050195,1.9893686872143028,6
NZDJPY,-1,2008-09-29 00:00:00+00:00,2008-09-30 00:00:00+00:00,69.26699829101562,73.27383279800415,155.24205533926107,2008-10-08 00:00:00+00:00,61.253329277038574,target,1240.0059997553033,4.052448783043671,1.9934851151281439,6
GBPCHF,-1,2008-09-22 00:00:00+00:00,2008-09-23 00:00:00+00:00,1.9951000213623047,2.035399913787842,14229.561991753688,2008-10-10 00:00:00+00:00,1.9145002365112305,target,1135.773255213893,11.126379846477535,1.980597465538662,13
AUDCAD,-1,2008-10-15 00:00:00+00:00,2008-10-16 00:00:00+00:00,0.7818999886512756,0.82600998878479,15005.09362875289,2008-10-17 00:00:00+00:00,0.82600998878479,stop,-666.700049919293,4.825367951606823,-1.0072904555546096,1
EURNZD,1,2008-10-17 00:00:00+00:00,2008-10-20 00:00:00+00:00,2.202199935913086,2.1638998985290527,17036.138037909164,2008-10-20 00:00:00+00:00,2.1638998985290527,stop,-667.3610196248408,14.876295893369726,-1.022799454688064,0
GBPCHF,-1,2008-10-15 00:00:00+00:00,2008-10-16 00:00:00+00:00,1.948099970817566,1.992799997329712,14807.031082807971,2008-10-24 00:00:00+00:00,1.858699917793274,target,1312.475883080034,11.273480855338125,1.9829673484082768,6
NZDCHF,-1,2008-10-21 00:00:00+00:00,2008-10-22 00:00:00+00:00,0.7010999917984009,0.7200000286102295,34519.247626990495,2008-10-24 00:00:00+00:00,0.6632999181747437,target,1295.4104900625744,9.419611670921302,1.9855619338358195,2
AUDNZD,-1,2008-10-23 00:00:00+00:00,2008-10-24 00:00:00+00:00,1.1265000104904175,1.1476999521255493,31254.08300319781,2008-10-29 00:00:00+00:00,1.1476999521255493,stop,-676.8003424068532,14.215606879493759,-1.0214547756947334,3
EURAUD,1,2008-10-24 00:00:00+00:00,2008-10-27 00:00:00+00:00,2.0376999378204346,1.891494244337082,4655.76663552317,2008-10-30 00:00:00+00:00,1.891494244337082,stop,-684.358271878877,3.6586822355561432,-1.0053748853256592,3
GBPAUD,1,2008-10-24 00:00:00+00:00,2008-10-27 00:00:00+00:00,2.5597000122070312,2.3994998931884766,4249.057952101027,2008-10-31 00:00:00+00:00,2.3994998931884766,stop,-684.9139752021366,4.214385558815889,-1.0061912562060222,4
GBPCAD,1,2008-10-28 00:00:00+00:00,2008-10-29 00:00:00+00:00,2.0399999618530273,1.9569000452756882,7931.350622282114,2008-10-31 00:00:00+00:00,1.9569000452756882,stop,-665.4347381290188,6.340163071747945,-1.0096195042588494,2
EURNZD,1,2008-10-24 00:00:00+00:00,2008-10-27 00:00:00+00:00,2.2571001052856445,2.127700090408325,5260.428990589172,2008-11-03 00:00:00+00:00,2.127700090408325,stop,-685.3127756567948,4.613186013473927,-1.0067771247164865,5
GBPNZD,1,2008-10-24 00:00:00+00:00,2008-10-27 00:00:00+00:00,2.836199998855591,2.7054998874664307,5208.102597682834,2008-11-03 00:00:00+00:00,2.7054998874664307,stop,-686.4719379580273,5.772348314706477,-1.00848002320338,5
CHFJPY,-1,2008-10-31 00:00:00+00:00,2008-11-03 00:00:00+00:00,85.23300170898438,87.95999908447266,233.6572382913828,2008-11-12 00:00:00+00:00,79.77900695800781,target,1266.654101122873,7.711250046008624,1.9878978975080643,7
EURJPY,-1,2008-11-05 00:00:00+00:00,2008-11-06 00:00:00+00:00,126.83999633789062,130.90899658203125,155.92910460831882,2008-11-12 00:00:00+00:00,118.70199584960938,target,1261.2937008426486,7.657428597107938,1.9879310898277245,4
AUDNZD,-1,2008-11-05 00:00:00+00:00,2008-11-06 00:00:00+00:00,1.134600043296814,1.15910005569458,25896.948720635308,2008-11-13 00:00:00+00:00,1.15910005569458,stop,-646.3555314886976,11.879966768819253,-1.0187240729657796,5
USDCHF,1,2008-10-31 00:00:00+00:00,2008-11-03 00:00:00+00:00,1.1555999517440796,1.1216000318527222,18740.711084628434,2008-11-20 00:00:00+00:00,1.2235997915267944,target,1265.4477721686294,8.917579000252319,1.9860046744176263,13
USDJPY,-1,2008-11-05 00:00:00+00:00,2008-11-06 00:00:00+00:00,98.20999908447266,100.51000213623047,275.858575159268,2008-11-20 00:00:00+00:00,93.60999298095703,target,1258.3680915001103,10.583037939646307,1.9833200228218106,10
USDCAD,1,2008-11-06 00:00:00+00:00,2008-11-07 00:00:00+00:00,1.1971999406814575,1.1471999883651733,13056.297565112916,2008-11-21 00:00:00+00:00,1.2971998453140259,target,1299.114986195264,6.513525170462202,1.990022391340629,10
AUDCAD,-1,2008-10-24 00:00:00+00:00,2008-10-27 00:00:00+00:00,0.7871999740600586,0.8478000164031982,11232.658647149952,2008-11-24 00:00:00+00:00,0.8036999702453613,max_hold,-188.91283203201252,3.574007203230531,-0.27752746572243536,20
EURUSD,-1,2008-10-30 00:00:00+00:00,2008-10-31 00:00:00+00:00,1.2879958152770996,1.3265942335128784,16620.67504349104,2008-11-28 00:00:00+00:00,1.289607048034668,max_hold,-35.34807599942707,8.568299916455388,-0.05509949442071485,20
AUDJPY,-1,2008-11-06 00:00:00+00:00,2008-11-07 00:00:00+00:00,64.69999694824219,70.36100006103516,115.3177701329304,2008-12-05 00:00:00+00:00,59.45000076293945,max_hold,602.5545131158899,2.863340179612376,0.9230106540574854,20
CADJPY,-1,2008-11-06 00:00:00+00:00,2008-11-07 00:00:00+00:00,81.22000122070312,87.44999694824219,104.78566667343992,2008-12-05 00:00:00+00:00,72.47000122070312,max_hold,913.6536815192262,3.220901873373073,1.3995614733681288,20
USDJPY,-1,2008-11-25 00:00:00+00:00,2008-11-26 00:00:00+00:00,95.47000122070312,97.3499984741211,367.6973149026309,2008-12-05 00:00:00+00:00,91.71000671386719,target,1368.774766948017,13.765117264198931,1.9800872041068927,7
USDCAD,1,2008-11-28 00:00:00+00:00,2008-12-01 00:00:00+00:00,1.2418999671936035,1.2128000259399414,23910.306786457448,2008-12-05 00:00:00+00:00,1.3000998497009277,target,1379.421046591287,12.155999094613382,1.9825291756107952,4
USDCHF,1,2008-11-26 00:00:00+00:00,2008-11-27 00:00:00+00:00,1.2023999691009521,1.1830999851226807,35738.47413382812,2008-12-11 00:00:00+00:00,1.1830999851226807,stop,-706.8028038728064,17.05082568205389,-1.024720227300803,10
EURGBP,1,2008-12-01 00:00:00+00:00,2008-12-02 00:00:00+00:00,0.847100019454956,0.8230999708175659,29862.721464966133,2008-12-12 00:00:00+00:00,0.8951001167297363,target,1423.0081677274213,10.405367480621909,1.9854816949539804,8
AUDUSD,-1,2008-11-14 00:00:00+00:00,2008-11-17 00:00:00+00:00,0.6386104226112366,0.6971994340419769,11688.504888055852,2008-12-15 00:00:00+00:00,0.6659119725227356,max_hold,-322.1638828704775,3.0495832784203523,-0.47043726660430407,20
AUDCHF,-1,2008-11-14 00:00:00+00:00,2008-11-17 00:00:00+00:00,0.765250027179718,0.8173999786376953,13131.708225009541,2008-12-15 00:00:00+00:00,0.7800999879837036,max_hold,-199.06396953169497,4.058617100928025,-0.2906815899768096,20
EURJPY,-1,2008-11-28 00:00:00+00:00,2008-12-01 00:00:00+00:00,120.79000091552734,126.13999938964844,130.0539665961784,2008-12-17 00:00:00+00:00,126.13999938964844,stop,-702.211368045207,6.422845202256731,-1.0092310306815833,12
GBPCHF,-1,2008-12-01 00:00:00+00:00,2008-12-02 00:00:00+00:00,1.7899999618530273,1.8633253127336502,9774.338056299985,2008-12-18 00:00:00+00:00,1.6433492600917816,target,1426.7017920159185,6.711743192124619,1.9906353009410498,12
AUDJPY,-1,2008-12-09 00:00:00+00:00,2008-12-10 00:00:00+00:00,60.67100143432617,62.61000061035156,380.59728921718306,2008-12-18 00:00:00+00:00,62.61000061035156,stop,-747.3619132276517,9.38408303803647,-1.0127159416640272,6
NZDCHF,-1,2008-12-12 00:00:00+00:00,2008-12-15 00:00:00+00:00,0.6431999802589417,0.6607000231742859,42071.46600689215,2008-12-29 00:00:00+00:00,0.6081998944282532,target,1461.9752758063316,10.529645457786284,1.9856983222185136,10
CADJPY,-1,2008-12-19 00:00:00+00:00,2008-12-22 00:00:00+00:00,73.55999755859375,75.3219985961914,417.78244696666746,2009-01-02 00:00:00+00:00,75.3219985961914,stop,-748.5731619779215,12.440056932565625,-1.0168991950603814,9
EURCAD,1,2009-01-01 00:00:00+00:00,2009-01-02 00:00:00+00:00,1.711400032043457,1.670199990272522,18088.573810909664,2009-01-05 00:00:00+00:00,1.670199990272522,stop,-757.4836609066474,12.233664320527271,-1.0164155174459146,1
GBPCHF,-1,2009-01-13 00:00:00+00:00,2009-01-14 00:00:00+00:00,1.622499942779541,1.6929999589920044,10390.16671059812,2009-02-05 00:00:00+00:00,1.6929999589920044,stop,-739.3966408890403,6.88971934167561,-1.009405671317237,16
USDJPY,-1,2009-01-20 00:00:00+00:00,2009-01-21 00:00:00+00:00,89.80999755859375,91.2300033569336,518.0923539147605,2009-02-05 00:00:00+00:00,91.2300033569336,stop,-754.4532346799095,18.75908804541119,-1.0254984875593023,11
AUDNZD,1,2009-02-12 00:00:00+00:00,2009-02-13 00:00:00+00:00,1.2562999725341797,1.2412999868392944,47837.94047459354,2009-03-02 00:00:00+00:00,1.2862999439239502,target,1410.8102968925048,24.326548690846103,1.9660986354496977,11
GBPNZD,1,2009-02-17 00:00:00+00:00,2009-02-18 00:00:00+00:00,2.8052000999450684,2.7130000591278076,7820.295741167059,2009-03-11 00:00:00+00:00,2.7130000591278076,stop,-729.6623779792342,8.630791440581,-1.0119700601217951,15
NZDCAD,-1,2009-02-17 00:00:00+00:00,2009-02-18 00:00:00+00:00,0.6414999961853027,0.6583999991416931,42664.5834559461,2009-03-11 00:00:00+00:00,0.6583999991416931,stop,-732.1235249056557,11.091938367002513,-1.015383429206271,15
NZDUSD,-1,2009-02-12 00:00:00+00:00,2009-02-13 00:00:00+00:00,0.5227938294410706,0.5446919798851013,32768.44885259605,2009-03-13 00:00:00+00:00,0.5203996896743774,max_hold,71.61547979595073,6.836766694898848,0.09980299790413458,20
USDJPY,1,2009-03-13 00:00:00+00:00,2009-03-16 00:00:00+00:00,98.08000183105469,95.66999816894531,297.8314235844243,2009-03-19 00:00:00+00:00,95.66999816894531,stop,-729.3157891936074,11.540967663896442,-1.0160788137417534,3
CHFJPY,1,2009-03-17 00:00:00+00:00,2009-03-18 00:00:00+00:00,83.66719818115234,81.3740005493164,313.87238949466075,2009-04-03 00:00:00+00:00,88.25359344482422,target,1428.7506026413944,10.792237934291787,1.9850060204808135,12
EURUSD,1,2009-04-02 00:00:00+00:00,2009-04-03 00:00:00+00:00,1.3466018438339233,1.312404751777649,21437.356709807525,2009-04-10 00:00:00+00:00,1.312404751777649,stop,-744.4956754252512,11.400414576771242,-1.015551068443106,5
AUDNZD,-1,2009-04-02 00:00:00+00:00,2009-04-03 00:00:00+00:00,1.2282999753952026,1.242300033569336,52363.72961670665,2009-04-14 00:00:00+00:00,1.242300033569336,stop,-758.9692270205703,25.873966172090427,-1.035294139184782,7
CHFJPY,1,2009-04-13 00:00:00+00:00,2009-04-14 00:00:00+00:00,88.30799865722656,86.41999816894531,381.34134539348304,2009-04-15 00:00:00+00:00,86.41999816894531,stop,-733.2988481822449,13.326201877520123,-1.0185093169107426,1
EURJPY,1,2009-03-31 00:00:00+00:00,2009-04-01 00:00:00+00:00,131.0800018310547,126.5,158.17293275766454,2009-04-20 00:00:00+00:00,126.5,stop,-732.580758515262,8.148436861868506,-1.011248030517566,13
AUDCAD,1,2009-04-17 00:00:00+00:00,2009-04-20 00:00:00+00:00,0.8773999810218811,0.8658000230789185,60531.260575044806,2009-04-20 00:00:00+00:00,0.8658000230789185,stop,-723.2636956415616,21.103618736528936,-1.0300552814531254,0
USDJPY,1,2009-03-23 00:00:00+00:00,2009-03-24 00:00:00+00:00,97.1050033569336,93.75668048858643,214.58824375137058,2009-04-21 00:00:00+00:00,98.05999755859375,max_hold,196.55450556935565,8.37602295763953,0.2735582073449197,20
EURCHF,1,2009-04-02 00:00:00+00:00,2009-04-03 00:00:00+00:00,1.5269999504089355,1.5061999559402466,35244.97383650926,2009-04-27 00:00:00+00:00,1.5041999816894531,stop_gap,-824.9512134513948,21.366912460007274,-1.1252987947249875,16
AUDCAD,1,2009-04-21 00:00:00+00:00,2009-04-22 00:00:00+00:00,0.8765000104904175,0.86080002784729,43582.08903465086,2009-04-28 00:00:00+00:00,0.86080002784729,stop,-699.3810743854006,15.143032990147265,-1.0221312351462783,4
AUDUSD,1,2009-04-23 00:00:00+00:00,2009-04-24 00:00:00+00:00,0.7134703397750854,0.6957973837852478,38636.0090533421,2009-05-06 00:00:00+00:00,0.7488162517547607,target,1354.325591647582,11.299383597785582,1.9834517033554466,8
EURAUD,-1,2009-04-29 00:00:00+00:00,2009-04-30 00:00:00+00:00,1.8295999765396118,1.864400029182434,19509.345803950593,2009-05-07 00:00:00+00:00,1.7599998712539673,target,1343.846373063326,14.006148945682671,1.979370147024568,5
AUDCHF,1,2009-05-14 00:00:00+00:00,2009-05-15 00:00:00+00:00,0.8396000266075134,0.8295000195503235,69385.9789721945,2009-05-19 00:00:00+00:00,0.8598000407218933,target,1378.014847110982,23.58290746741283,1.966348537031573,2
EURCHF,-1,2009-05-13 00:00:00+00:00,2009-05-14 00:00:00+00:00,1.5049999952316284,1.517199993133545,57503.86476136752,2009-05-20 00:00:00+00:00,1.517199993133545,stop,-736.3046653233257,34.75763588255148,-1.0495442706246765,4
NZDUSD,1,2009-05-18 00:00:00+00:00,2009-05-19 00:00:00+00:00,0.5970149636268616,0.5837030410766602,53690.88409917552,2009-05-26 00:00:00+00:00,0.6236388087272644,target,1416.3501855167933,13.107596043337352,1.9816607440773362,5
EURAUD,-1,2009-05-14 00:00:00+00:00,2009-05-15 00:00:00+00:00,1.7927000522613525,1.8138999938964844,33056.64182244053,2009-06-01 00:00:00+00:00,1.7503001689910889,target,1378.1738167202407,23.4239378581539,1.966575377590841,11
AUDCHF,1,2009-05-26 00:00:00+00:00,2009-05-27 00:00:00+00:00,0.8532999753952026,0.8409000039100647,58693.20257747158,2009-06-11 00:00:00+00:00,0.8780999183654785,target,1435.2637957227228,20.324280941421684,1.972074131043997,11
EURCHF,1,2009-06-01 00:00:00+00:00,2009-06-02 00:00:00+00:00,1.5152000188827515,1.507599949836731,73615.5682178913,2009-06-15 00:00:00+00:00,1.507599949836731,stop,-603.9884287792685,44.50502746126175,-1.0795466449163975,9
GBPCHF,1,2009-06-05 00:00:00+00:00,2009-06-08 00:00:00+00:00,1.7364000082015991,1.7120000123977661,30362.59679506487,2009-06-15 00:00:00+00:00,1.7851999998092651,target,1460.3094845627666,21.384984223346216,1.9711344211997146,5
EURUSD,1,2009-06-11 00:00:00+00:00,2009-06-12 00:00:00+00:00,1.4108949899673462,1.3810819387435913,26109.618497151176,2009-06-15 00:00:00+00:00,1.3810819387435913,stop,-792.9868841805641,14.579490492298085,-1.0187298972369947,1
CADCHF,1,2009-06-04 00:00:00+00:00,2009-06-05 00:00:00+00:00,0.9731000065803528,0.9591000080108643,52694.99861579024,2009-06-16 00:00:00+00:00,0.9591000080108643,stop,-758.093360659126,20.363455418862813,-1.0276028601717466,7
EURCAD,-1,2009-06-04 00:00:00+00:00,2009-06-05 00:00:00+00:00,1.5570000410079956,1.5770000219345093,36886.53043974986,2009-06-17 00:00:00+00:00,1.5770000219345093,stop,-760.8503829842446,23.12047774398134,-1.0313400305176073,8
AUDCHF,1,2009-06-18 00:00:00+00:00,2009-06-19 00:00:00+00:00,0.8684999942779541,0.8533999919891357,49758.847404650056,2009-06-22 00:00:00+00:00,0.8533999919891357,stop,-768.494661431726,17.13595173254663,-1.0228066188776959,1
AUDUSD,1,2009-06-18 00:00:00+00:00,2009-06-19 00:00:00+00:00,0.8005764484405518,0.785484254360199,49784.59100769901,2009-06-22 00:00:00+00:00,0.785484254360199,stop,-767.1509863796432,15.792276680463807,-1.0210182918978694,1
EURAUD,-1,2009-06-05 00:00:00+00:00,2009-06-08 00:00:00+00:00,1.7559000253677368,1.781599998474121,28826.770803468986,2009-06-23 00:00:00+00:00,1.781599998474121,stop,-761.2421748739674,20.394940480911064,-1.027529211872701,11
NZDCHF,1,2009-06-05 00:00:00+00:00,2009-06-08 00:00:00+00:00,0.680400013923645,0.6699000000953674,70556.78654421204,2009-06-24 00:00:00+00:00,0.7014000415802002,target,1462.1953944735199,19.49907431259303,1.9736800336056222,12
EURGBP,-1,2009-06-24 00:00:00+00:00,2009-06-25 00:00:00+00:00,0.8482999801635742,0.8600000143051147,62271.293828000045,2009-07-02 00:00:00+00:00,0.8600000143051147,stop,-749.8518740058886,21.275610180386117,-1.0292016240944706,5
EURNZD,-1,2009-06-24 00:00:00+00:00,2009-06-25 00:00:00+00:00,2.1805999279022217,2.214200019836426,21683.75804602573,2009-07-02 00:00:00+00:00,2.214200019836426,stop,-747.6354195709928,19.059155745490273,-1.0261594519225994,5
GBPCHF,1,2009-06-24 00:00:00+00:00,2009-06-25 00:00:00+00:00,1.8025000095367432,1.7549737803637981,15329.982548673455,2009-07-07 00:00:00+00:00,1.7549737803637981,stop,-739.4834660488101,10.907202223307703,-1.0149705703642302,8
GBPUSD,1,2009-06-09 00:00:00+00:00,2009-06-10 00:00:00+00:00,1.6308425664901733,1.5805778503417969,14931.72349859228,2009-07-08 00:00:00+00:00,1.6116554737091064,max_hold,-296.17958098492346,9.6832168361966,-0.39462258834913233,20
NZDUSD,1,2009-06-18 00:00:00+00:00,2009-06-19 00:00:00+00:00,0.6402048468589783,0.6244925856590271,47819.8968396423,2009-07-08 00:00:00+00:00,0.6244925856590271,stop,-763.4542498504537,12.0955401512743,-1.016098223119177,13
AUDUSD,1,2009-06-24 00:00:00+00:00,2009-06-25 00:00:00+00:00,0.7976389527320862,0.7791802883148193,39470.69231856061,2009-07-08 00:00:00+00:00,0.7791802883148193,stop,-741.0238932465721,12.447629421069733,-1.0170848681724978,9
NZDCHF,1,2009-06-24 00:00:00+00:00,2009-06-25 00:00:00+00:00,0.7006999850273132,0.6777999997138977,31815.57777675428,2009-07-08 00:00:00+00:00,0.6777999997138977,stop,-737.3478185214601,8.771554695957718,-1.012039308898016,9
NZDCAD,1,2009-07-06 00:00:00+00:00,2009-07-07 00:00:00+00:00,0.7372000217437744,0.7260000109672546,62499.905359723365,2009-07-08 00:00:00+00:00,0.7260000109672546,stop,-718.2895862737244,18.28997271335669,-1.0261285468720895,1
GBPCAD,1,2009-07-09 00:00:00+00:00,2009-07-10 00:00:00+00:00,1.8973000049591064,1.8650000095367432,20818.155592837502,2009-07-13 00:00:00+00:00,1.8650000095367432,stop,-688.0911597684398,15.664829417741878,-1.02329597862352,1
AUDNZD,-1,2009-07-21 00:00:00+00:00,2009-07-22 00:00:00+00:00,1.2375999689102173,1.2489999532699585,58381.2571799109,2009-07-27 00:00:00+00:00,1.2532000541687012,stop_gap,-939.8357968503042,29.08320734621967,-1.4121287148384396,3
EURCAD,-1,2009-08-07 00:00:00+00:00,2009-08-10 00:00:00+00:00,1.5383000373840332,1.5586999654769897,32191.84954961694,2009-08-14 00:00:00+00:00,1.5586999654769897,stop,-676.6510476209141,19.93963162945306,-1.0303628521507417,4
CADCHF,1,2009-08-07 00:00:00+00:00,2009-08-10 00:00:00+00:00,0.996999979019165,0.9797234572470188,38011.78412255601,2009-08-14 00:00:00+00:00,0.9797234572470188,stop,-671.7391728973305,15.027756905869458,-1.0228833495808527,4
GBPCAD,-1,2009-08-06 00:00:00+00:00,2009-08-07 00:00:00+00:00,1.8034000396728516,1.819599986076355,40373.73452199989,2009-08-17 00:00:00+00:00,1.819599986076355,stop,-683.3071436082333,29.25480824255945,-1.0447285433606828,6
EURCAD,-1,2009-08-19 00:00:00+00:00,2009-08-20 00:00:00+00:00,1.5506000518798828,1.561400055885315,58851.71974731514,2009-08-25 00:00:00+00:00,1.561400055885315,stop,-672.2281206367351,36.62931163916239,-1.057629610251995,3
CADCHF,1,2009-08-21 00:00:00+00:00,2009-08-24 00:00:00+00:00,0.9854000210762024,0.9714999794960022,46271.605916144785,2009-08-27 00:00:00+00:00,0.9714999794960022,stop,-661.287027345806,18.10978112875611,-1.0281567503130307,3
EURUSD,1,2009-07-30 00:00:00+00:00,2009-07-31 00:00:00+00:00,1.4260046482086182,1.4034957941621542,29150.620437186935,2009-08-28 00:00:00+00:00,1.430206060409546,max_hold,105.82170951829919,16.652062851111367,0.16127742672774512,20
AUDNZD,-1,2009-08-31 00:00:00+00:00,2009-09-01 00:00:00+00:00,1.2235000133514404,1.2303999662399292,76447.05508223308,2009-09-01 00:00:00+00:00,1.2303999662399292,stop,-564.9997639123367,37.51868538122241,-1.0711280212850505,0
AUDNZD,-1,2009-09-09 00:00:00+00:00,2009-09-10 00:00:00+00:00,1.2253999710083008,1.2366301836445928,55050.92081850473,2009-09-22 00:00:00+00:00,1.2029395457357168,target,1209.730627939618,26.736465291344192,1.9567534543576404,8
EURNZD,-1,2009-09-04 00:00:00+00:00,2009-09-07 00:00:00+00:00,2.0692999362945557,2.096132282167673,23151.82828514636,2009-09-25 00:00:00+00:00,2.0156352445483208,target,1223.5209847115757,18.914743572565513,1.9695521576819306,14
NZDCHF,1,2009-09-03 00:00:00+00:00,2009-09-04 00:00:00+00:00,0.7284700274467468,0.7195515586063266,69283.54700517895,2009-09-29 00:00:00+00:00,0.7463069651275873,target,1215.3707540215237,20.435556217436066,1.9669275742515273,17
AUDUSD,1,2009-10-02 00:00:00+00:00,2009-10-05 00:00:00+00:00,0.8771929740905762,0.8664294686168432,60797.049844325,2009-10-07 00:00:00+00:00,0.8987199850380421,target,1287.1847038333492,21.594053739065068,1.9670012160357513,2
EURAUD,-1,2009-10-02 00:00:00+00:00,2009-10-05 00:00:00+00:00,1.669600009918213,1.684999942779541,42493.00205908632,2009-10-07 00:00:00+00:00,1.6388001441955566,target,1280.6619866602066,28.116770912207585,1.9570335769135496,2
EURUSD,1,2009-10-02 00:00:00+00:00,2009-10-05 00:00:00+00:00,1.464986801147461,1.4538805522024632,58920.827547354915,2009-10-13 00:00:00+00:00,1.4871992990374565,target,1273.9897079530754,34.789049619338755,1.946837386505467,6
NZDCAD,1,2009-10-14 00:00:00+00:00,2009-10-15 00:00:00+00:00,0.7688999772071838,0.7605914371088147,83385.01524553803,2009-10-20 00:00:00+00:00,0.7855170574039221,target,1359.6924679155522,25.923017625794216,1.9625826675635536,3
AUDCAD,1,2009-10-14 00:00:00+00:00,2009-10-15 00:00:00+00:00,0.9496999979019165,0.9399599684402347,71129.94324054579,2009-10-20 00:00:00+00:00,0.9691800568252802,target,1358.3175196657144,27.297965875632183,1.9605980646716472,3
GBPNZD,-1,2009-10-16 00:00:00+00:00,2009-10-19 00:00:00+00:00,2.168800115585327,2.2064894661307335,18638.291841229227,2009-10-23 00:00:00+00:00,2.2064894661307335,stop,-718.7746995944581,16.30958482278274,-1.0232176438086664,4
GBPCHF,-1,2009-10-23 00:00:00+00:00,2009-10-26 00:00:00+00:00,1.6424000263214111,1.6645778063684702,32158.35352566214,2009-10-26 00:00:00+00:00,1.6645778063684702,stop,-734.470283616735,21.269392449033838,-1.0298224423334779,0
EURGBP,1,2009-10-22 00:00:00+00:00,2009-10-23 00:00:00+00:00,0.9197999835014343,0.908793761394918,65058.552150803385,2009-10-27 00:00:00+00:00,0.908793761394918,stop,-739.8420072031142,23.793132302994444,-1.033228363505652,2
GBPNZD,-1,2009-10-23 00:00:00+00:00,2009-10-26 00:00:00+00:00,2.158900022506714,2.1970079764723778,18715.276391125866,2009-10-27 00:00:00+00:00,2.1970079764723778,stop,-729.5052955947431,16.304404427041945,-1.0228608862228807,1
CHFJPY,1,2009-10-29 00:00:00+00:00,2009-10-30 00:00:00+00:00,89.84200286865234,88.40848863124847,481.86610342802237,2009-10-30 00:00:00+00:00,88.40848863124847,stop,-707.940493741033,17.178573954637407,-1.0248690228319903,0
AUDJPY,1,2009-10-29 00:00:00+00:00,2009-10-30 00:00:00+00:00,83.65599822998047,81.77512419223785,367.25581082262875,2009-10-30 00:00:00+00:00,81.77512419223785,stop,-702.9130279864895,12.15110820009387,-1.0175908773370879,0
EURJPY,1,2009-10-29 00:00:00+00:00,2009-10-30 00:00:00+00:00,135.75,133.56585812568665,316.2623856582374,2009-10-30 00:00:00+00:00,133.56585812568665,stop,-707.7968149436807,17.034895157285014,-1.024661022371576,0
EURAUD,-1,2009-10-29 00:00:00+00:00,2009-10-30 00:00:00+00:00,1.621899962425232,1.6419999599456787,34366.268905442215,2009-11-03 00:00:00+00:00,1.6419999599456787,stop,-713.195532268926,22.433612482530137,-1.0324766201493378,2
AUDCHF,1,2009-10-29 00:00:00+00:00,2009-10-30 00:00:00+00:00,0.9305999875068665,0.9192000031471252,60593.23398949615,2009-11-03 00:00:00+00:00,0.9192000031471252,stop,-713.1789925198887,22.417072733493022,-1.032452675938513,2
AUDCAD,1,2009-11-06 00:00:00+00:00,2009-11-09 00:00:00+00:00,0.9884999990463257,0.9709971379488707,37662.8925159834,2009-11-11 00:00:00+00:00,0.9709971379488707,stop,-673.9684422468414,14.76006601120546,-1.022390592327561,2
NZDUSD,1,2009-11-13 00:00:00+00:00,2009-11-16 00:00:00+00:00,0.7438815832138062,0.7313148975372314,53170.18267941603,2009-11-19 00:00:00+00:00,0.7313148975372314,stop,-683.8602663721908,15.68729327391286,-1.0234778925600234,3
AUDCAD,1,2009-11-20 00:00:00+00:00,2009-11-23 00:00:00+00:00,0.9779000282287598,0.9710999727249146,93503.46442771872,2009-11-24 00:00:00+00:00,0.9710999727249146,stop,-672.2763983620631,36.44765045175913,-1.0573230615500588,1
AUDJPY,1,2009-11-05 00:00:00+00:00,2009-11-06 00:00:00+00:00,82.62000274658203,80.22000122070312,273.04635605671683,2009-11-26 00:00:00+00:00,80.22000122070312,stop,-664.2042451125012,8.892573940705706,-1.0135699917030387,14
EURAUD,-1,2009-11-06 00:00:00+00:00,2009-11-09 00:00:00+00:00,1.614400029182434,1.6394438333809376,26322.21410974884,2009-11-26 00:00:00+00:00,1.6394438333809376,stop,-676.338051201653,17.12967496601705,-1.0259852204303515,13
AUDCHF,1,2009-11-06 00:00:00+00:00,2009-11-09 00:00:00+00:00,0.9351999759674072,0.9205610509961843,45031.201234483015,2009-11-26 00:00:00+00:00,0.9205610509961843,stop,-675.9218058852975,16.71342964966167,-1.0253537883500548,13
AUDUSD,1,2009-11-05 00:00:00+00:00,2009-11-06 00:00:00+00:00,0.9100009202957153,0.8919015526771545,36206.32968965045,2009-12-04 00:00:00+00:00,0.9243853092193604,max_hold,507.52264923285213,13.283278520795523,0.774475217762146,20
NZDJPY,-1,2009-12-08 00:00:00+00:00,2009-12-09 00:00:00+00:00,62.37799835205078,64.87999725341797,247.77037481254285,2009-12-11 00:00:00+00:00,64.87999725341797,stop,-626.2273578261305,6.306152253811985,-1.010172506113886,2
USDJPY,-1,2009-12-09 00:00:00+00:00,2009-12-10 00:00:00+00:00,88.06099700927734,90.30766081809998,274.71806545366474,2009-12-17 00:00:00+00:00,90.30766081809998,stop,-626.9993538076963,9.800218523180755,-1.0158785357316857,5
GBPJPY,-1,2009-12-08 00:00:00+00:00,2009-12-09 00:00:00+00:00,143.58450317382812,148.32121515274048,130.87584981569117,2009-12-30 00:00:00+00:00,148.32121515274048,stop,-627.5618873627284,7.6406817904098885,-1.0123252466954342,15
USDCHF,1,2009-12-29 00:00:00+00:00,2009-12-30 00:00:00+00:00,1.0377000570297241,1.027899980545044,61619.113947858415,2010-01-04 00:00:00+00:00,1.027899980545044,stop,-629.3281184244396,25.45608881720405,-1.0421547738082206,3
EURUSD,-1,2010-01-05 00:00:00+00:00,2010-01-06 00:00:00+00:00,1.4365959167480469,1.4483097791671753,50779.15525341869,2010-01-11 00:00:00+00:00,1.4483097791671753,stop,-624.1186532429788,29.298614844870194,-1.0492562673641146,3
GBPUSD,-1,2010-01-05 00:00:00+00:00,2010-01-06 00:00:00+00:00,1.5993603467941284,1.623903751373291,24235.433045956146,2010-01-13 00:00:00+00:00,1.623903751373291,stop,-610.4434786462227,15.623440248114143,-1.0262658270393665,5
AUDNZD,-1,2010-01-12 00:00:00+00:00,2010-01-13 00:00:00+00:00,1.2462999820709229,1.2589999437332153,46030.66518850213,2010-01-20 00:00:00+00:00,1.2589999437332153,stop,-607.651807600092,23.0641244162939,-1.0394536612380907,5
EURUSD,-1,2010-01-15 00:00:00+00:00,2010-01-18 00:00:00+00:00,1.437235951423645,1.4577046632766724,28298.291285855506,2010-01-28 00:00:00+00:00,1.3962985277175903,target,1142.4223037145714,16.036836811850712,1.972313504635885,8
EURNZD,-1,2010-01-29 00:00:00+00:00,2010-02-01 00:00:00+00:00,1.9722000360488892,2.000200033187866,20993.649360845502,2010-02-04 00:00:00+00:00,2.000200033187866,stop,-604.5011568752725,16.67903483491097,-1.0283742891081016,3
EURCHF,-1,2010-02-03 00:00:00+00:00,2010-02-04 00:00:00+00:00,1.4709999561309814,1.4758000373840332,59587.9710371024,2010-02-05 00:00:00+00:00,1.4758000373840332,stop,-321.14586921572754,35.11876653314125,-1.1227812546565341,1
AUDCAD,-1,2010-02-18 00:00:00+00:00,2010-02-19 00:00:00+00:00,0.9341999888420105,0.9430000185966492,65745.87449258087,2010-02-24 00:00:00+00:00,0.9430000185966492,stop,-603.2492829967582,24.6836312173068,-1.0426634922785154,3
USDCHF,1,2010-03-01 00:00:00+00:00,2010-03-02 00:00:00+00:00,1.0791000127792358,1.069700002670288,61153.62816096706,2010-03-03 00:00:00+00:00,1.069700002670288,stop,-601.1261063393385,26.281383427416095,-1.0457191000976502,1
NZDCAD,-1,2010-03-01 00:00:00+00:00,2010-03-02 00:00:00+00:00,0.7281000018119812,0.7383999824523926,55810.272172410936,2010-03-04 00:00:00+00:00,0.7075000405311584,target,1133.6652000050658,16.024245818779058,1.9721242186279333,2
NZDUSD,-1,2010-02-18 00:00:00+00:00,2010-02-19 00:00:00+00:00,0.6959910988807678,0.7083156108856201,46944.305101221355,2010-03-10 00:00:00+00:00,0.7083156108856201,stop,-591.7504923072445,13.184840527793126,-1.0227888407948889,13
CHFJPY,-1,2010-02-23 00:00:00+00:00,2010-02-24 00:00:00+00:00,83.23999786376953,85.44190216064453,260.8185188590399,2010-03-12 00:00:00+00:00,85.44190216064453,stop,-583.0964900448324,8.799072664539263,-1.0153214560926933,12
EURUSD,-1,2010-03-04 00:00:00+00:00,2010-03-05 00:00:00+00:00,1.3583080768585205,1.3733999729156494,39356.77702495487,2010-03-12 00:00:00+00:00,1.3733999729156494,stop,-615.4706329266652,21.502244922447268,-1.036200992101106,5
USDCHF,1,2010-03-04 00:00:00+00:00,2010-03-05 00:00:00+00:00,1.0769000053405762,1.0648000240325928,49088.372360734626,2010-03-12 00:00:00+00:00,1.0648000240325928,stop,-614.9949017095912,21.026513705373283,-1.0354000551713267,5
NZDJPY,-1,2010-02-23 00:00:00+00:00,2010-02-24 00:00:00+00:00,62.61800003051758,64.46199798583984,311.4414610508211,2010-03-17 00:00:00+00:00,64.46199798583984,stop,-582.2130134308031,7.915596050509961,-1.0137830953282319,15
GBPJPY,-1,2010-03-15 00:00:00+00:00,2010-03-16 00:00:00+00:00,135.89999389648438,138.01199340820312,262.15400963064286,2010-03-17 00:00:00+00:00,138.01199340820312,stop,-568.0305654865945,14.361425151564315,-1.025938641158281,1
EURJPY,-1,2010-02-23 00:00:00+00:00,2010-02-24 00:00:00+00:00,121.94000244140625,125.22100067138672,175.0374054251507,2010-03-24 00:00:00+00:00,121.71800231933594,max_hold,30.328472378376365,8.529852992877867,0.052809696614556076,20
EURGBP,1,2010-03-19 00:00:00+00:00,2010-03-22 00:00:00+00:00,0.9010999798774719,0.8914999961853027,57231.30605475895,2010-03-24 00:00:00+00:00,0.8914999961853027,stop,-569.9381723799902,20.518567572760446,-1.0373458962753244,2
AUDCHF,1,2010-03-17 00:00:00+00:00,2010-03-18 00:00:00+00:00,0.9728000164031982,0.9635000228881836,58627.50720632043,2010-03-26 00:00:00+00:00,0.9635000228881836,stop,-567.9395257216854,22.704088901430804,-1.0416408900966494,6
EURCAD,-1,2010-03-01 00:00:00+00:00,2010-03-02 00:00:00+00:00,1.4121500253677368,1.4408051017671824,20060.833721003288,2010-03-30 00:00:00+00:00,1.3763999938964844,max_hold,705.9873092135978,11.188127651832012,1.2281356705117896,20
CADCHF,1,2010-03-01 00:00:00+00:00,2010-03-02 00:00:00+00:00,1.0356999635696411,1.0149788446724415,27741.973093432236,2010-03-30 00:00:00+00:00,1.0398999452590942,max_hold,104.99953165702522,11.516247364691438,0.18265720719352105,20
CADCHF,1,2010-03-30 00:00:00+00:00,2010-03-31 00:00:00+00:00,1.045300006866455,1.0333000421524048,44586.86312812837,2010-03-31 00:00:00+00:00,1.0333000421524048,stop,-553.5764354244754,18.535651176744963,-1.0346434360191927,0
NZDCAD,-1,2010-03-19 00:00:00+00:00,2010-03-22 00:00:00+00:00,0.7179999947547913,0.7275999784469604,57231.30605475895,2010-04-06 00:00:00+00:00,0.6988000273704529,target,1082.6221464775315,16.21706313692782,1.9704832827313874,11
CADCHF,1,2010-04-01 00:00:00+00:00,2010-04-02 00:00:00+00:00,1.0449999570846558,1.0324000120162964,42196.21168995431,2010-04-06 00:00:00+00:00,1.0701998472213745,target,1045.4892150307667,17.85068374180944,1.966425253557372,2
GBPUSD,-1,2010-03-19 00:00:00+00:00,2010-03-22 00:00:00+00:00,1.4994301795959473,1.5336704403162003,16046.011135722749,2010-04-09 00:00:00+00:00,1.5336704403162003,stop,-559.1534380718052,9.733833264575578,-1.017716574325721,14
GBPAUD,-1,2010-04-06 00:00:00+00:00,2010-04-07 00:00:00+00:00,1.645400047302246,1.6627000570297241,31824.838861007553,2010-04-12 00:00:00+00:00,1.6627000570297241,stop,-571.6259724221409,21.05595055128945,-1.038243910338127,3
NZDCAD,-1,2010-04-13 00:00:00+00:00,2010-04-14 00:00:00+00:00,0.710099995136261,0.7217000126838684,46877.07738395729,2010-04-19 00:00:00+00:00,0.7217000126838684,stop,-557.1986401874425,13.423719952986971,-1.024686169688001,3
GBPCAD,-1,2010-04-28 00:00:00+00:00,2010-04-29 00:00:00+00:00,1.5356999635696411,1.5542999505996704,28994.537618514674,2010-04-30 00:00:00+00:00,1.5542999505996704,stop,-557.2166473965874,17.918623750517845,-1.0332258286974134,1
CADJPY,1,2010-04-20 00:00:00+00:00,2010-04-21 00:00:00+00:00,93.29000091552734,90.67053079605103,205.39161116688888,2010-05-05 00:00:00+00:00,90.67053079605103,stop,-545.5739782426357,7.556789999871727,-1.014045629331199,10
EURCHF,-1,2010-04-13 00:00:00+00:00,2010-04-14 00:00:00+00:00,1.434999942779541,1.446329951286316,47994.21994337421,2010-05-06 00:00:00+00:00,1.4123399257659912,target,1060.2186692880086,27.331171180902498,1.9497380806582285,16
EURCAD,-1,2010-04-20 00:00:00+00:00,2010-04-21 00:00:00+00:00,1.340399980545044,1.367852795869112,19597.887571519146,2010-05-12 00:00:00+00:00,1.2854943498969078,target,1065.7419801129897,10.292396372538185,1.9808697629045002,15
EURAUD,-1,2010-05-10 00:00:00+00:00,2010-05-11 00:00:00+00:00,1.4160000085830688,1.4427000284194946,20372.1649983177,2010-05-19 00:00:00+00:00,1.4427000284194946,stop,-555.5847913329242,11.64758176690263,-1.0214134675143764,6
USDCAD,1,2010-06-01 00:00:00+00:00,2010-06-02 00:00:00+00:00,1.0539000034332275,1.0414999723434448,44740.26508702268,2010-06-02 00:00:00+00:00,1.0414999723434448,stop,-573.5304281201193,18.749750075917845,-1.0337966890664205,0
EURGBP,-1,2010-05-10 00:00:00+00:00,2010-05-11 00:00:00+00:00,0.8598999977111816,0.8801000118255615,26927.565816838036,2010-06-08 00:00:00+00:00,0.8237000107765198,max_hold,965.7104807442281,9.067050007556333,1.7754080135733257,20
USDCAD,1,2010-06-04 00:00:00+00:00,2010-06-07 00:00:00+00:00,1.0637999773025513,1.0335999727249146,18620.793055525413,2010-06-10 00:00:00+00:00,1.0335999727249146,stop,-570.1590856009198,7.811050084826157,-1.0138900637888024,3
NZDUSD,-1,2010-06-04 00:00:00+00:00,2010-06-07 00:00:00+00:00,0.6667110919952393,0.6900835037231445,24060.334126524194,2010-06-11 00:00:00+00:00,0.6900835037231445,stop,-568.8770217789029,6.528986262809326,-1.0116102232967124,4
AUDJPY,-1,2010-06-04 00:00:00+00:00,2010-06-07 00:00:00+00:00,74.78199768066406,78.97000122070312,134.275921722561,2010-06-14 00:00:00+00:00,78.97000122070312,stop,-566.477073789927,4.129038273833453,-1.0073424961288324,5
NZDJPY,-1,2010-06-04 00:00:00+00:00,2010-06-07 00:00:00+00:00,60.994998931884766,63.9119987487793,192.78302050590295,2010-06-14 00:00:00+00:00,63.9119987487793,stop,-567.164025175134,4.815989659040447,-1.008564073055969,5
CADJPY,-1,2010-06-04 00:00:00+00:00,2010-06-07 00:00:00+00:00,86.03700256347656,89.66600036621094,154.959596584042,2010-06-14 00:00:00+00:00,89.66600036621094,stop,-567.7934088066114,5.445373290517825,-1.0096832796535342,5
GBPUSD,-1,2010-06-04 00:00:00+00:00,2010-06-07 00:00:00+00:00,1.4420026540756226,1.476995825767517,16070.221941223757,2010-06-14 00:00:00+00:00,1.476995825767517,stop,-571.7298261995284,9.381790683434804,-1.0166832461232387,5
EURCHF,-1,2010-05-26 00:00:00+00:00,2010-05-27 00:00:00+00:00,1.4121999740600586,1.4360046312212944,22959.729402456313,2010-06-22 00:00:00+00:00,1.364590659737587,target,1080.3461015685823,12.75087231185382,1.976670190080961,18
USDJPY,-1,2010-06-15 00:00:00+00:00,2010-06-16 00:00:00+00:00,91.48999786376953,92.07599639892578,842.1171635242484,2010-06-23 00:00:00+00:00,90.31800079345703,target,956.3381212832428,30.620727227048803,1.9379493334027704,5
AUDNZD,-1,2010-05-31 00:00:00+00:00,2010-06-01 00:00:00+00:00,1.2403000593185425,1.2503000497817993,54453.6538835924,2010-06-29 00:00:00+00:00,1.2325999736785889,max_hold,392.36610981494414,26.931688497110006,0.7205512505066399,20
AUDCHF,-1,2010-06-01 00:00:00+00:00,2010-06-02 00:00:00+00:00,0.9620000123977661,0.9848999977111816,24226.246019432754,2010-06-29 00:00:00+00:00,0.9162000417709351,target,1100.4610087712022,9.100347317200576,1.9835964955569783,19
AUDNZD,-1,2010-06-29 00:00:00+00:00,2010-06-30 00:00:00+00:00,1.2274999618530273,1.2381000518798828,52381.90400011547,2010-07-08 00:00:00+00:00,1.2381000518798828,stop,-581.0834628237327,25.83056464440814,-1.046520359874044,6
USDJPY,-1,2010-07-14 00:00:00+00:00,2010-07-15 00:00:00+00:00,88.28399658203125,89.13700103759766,631.7373794048056,2010-07-16 00:00:00+00:00,86.57798767089844,target,1055.6562284223949,22.093370337894036,1.9590009212468138,1
EURJPY,-1,2010-06-22 00:00:00+00:00,2010-06-23 00:00:00+00:00,111.12000274658203,113.35600280761719,238.05531005964264,2010-07-21 00:00:00+00:00,112.49199676513672,max_hold,-337.25686626237496,10.646404775363774,-0.6335940875606069,20
AUDCHF,-1,2010-07-15 00:00:00+00:00,2010-07-16 00:00:00+00:00,0.920199990272522,0.9362000226974487,33986.410417351144,2010-07-23 00:00:00+00:00,0.9362000226974487,stop,-556.4021432324016,12.618474547914683,-1.023204953135943,5
AUDNZD,-1,2010-07-14 00:00:00+00:00,2010-07-15 00:00:00+00:00,1.220900058746338,1.2402000427246094,27920.997239522385,2010-07-29 00:00:00+00:00,1.2402000427246094,stop,-552.6180732080161,13.743273827871718,-1.025503649166152,10
CADCHF,-1,2010-07-29 00:00:00+00:00,2010-07-30 00:00:00+00:00,1.0048999786376953,1.0311000347137451,20544.10307178594,2010-08-04 00:00:00+00:00,1.0311000347137451,stop,-546.6222113386286,8.36555882568991,-1.0155419515701924,3
NZDCAD,1,2010-08-03 00:00:00+00:00,2010-08-04 00:00:00+00:00,0.7509999871253967,0.7437999844551086,74951.98074708538,2010-08-04 00:00:00+00:00,0.7437999844551086,stop,-562.0621052605252,22.407643738129167,-1.0415222060333125,0
USDJPY,-1,2010-07-29 00:00:00+00:00,2010-07-30 00:00:00+00:00,86.66999816894531,88.09100341796875,378.78582987842356,2010-08-24 00:00:00+00:00,83.82798767089844,target,1063.5968608140884,12.916444211788985,1.9760031870456474,17
USDCHF,-1,2010-07-29 00:00:00+00:00,2010-07-30 00:00:00+00:00,1.040410041809082,1.063770055770874,23041.79498322731,2010-08-27 00:00:00+00:00,1.0241999626159668,max_hold,363.9948573411836,9.514464088456403,0.6762477632962165,20
CADJPY,-1,2010-08-30 00:00:00+00:00,2010-08-31 00:00:00+00:00,79.75,81.96299743652344,244.66622400570748,2010-09-15 00:00:00+00:00,81.96299743652344,stop,-549.3588682195875,7.913141691087769,-1.014614838207004,11
GBPJPY,-1,2010-08-30 00:00:00+00:00,2010-08-31 00:00:00+00:00,130.74000549316406,133.5850067138672,190.3147607067405,2010-09-15 00:00:00+00:00,133.5850067138672,stop,-551.5067168178973,10.060990289397482,-1.0185817152051488,11
EURJPY,-1,2010-08-30 00:00:00+00:00,2010-08-31 00:00:00+00:00,107.05999755859375,109.52999877929688,219.2086878298662,2010-09-15 00:00:00+00:00,109.52999877929688,stop,-550.9414083073607,9.495681778860906,-1.0175376428580254,11
USDJPY,-1,2010-08-30 00:00:00+00:00,2010-08-31 00:00:00+00:00,84.55799865722656,85.89199829101562,405.88146564222774,2010-09-17 00:00:00+00:00,85.89199829101562,stop,-555.282225444513,13.83649891601316,-1.0255547291964542,13
USDCHF,-1,2010-09-13 00:00:00+00:00,2010-09-14 00:00:00+00:00,1.0079200267791748,1.0276999473571777,27425.970795922163,2010-10-05 00:00:00+00:00,0.968360185623169,target,1074.1267675579552,10.840280677981106,1.9800173089208442,15
CHFJPY,1,2010-10-14 00:00:00+00:00,2010-10-15 00:00:00+00:00,85.4729995727539,84.2750015258789,442.2455305209643,2010-10-18 00:00:00+00:00,84.2750015258789,stop,-544.823340763461,15.01405896014762,-1.0283386106582433,1
USDCHF,-1,2010-10-20 00:00:00+00:00,2010-10-21 00:00:00+00:00,0.9618300199508667,0.9750000238418579,39878.06955935736,2010-10-22 00:00:00+00:00,0.9750000238418579,stop,-540.6417399041585,15.447408642203888,-1.0294127482394684,1
NZDUSD,1,2010-10-20 00:00:00+00:00,2010-10-21 00:00:00+00:00,0.7526719570159912,0.7438262104988098,59372.52782926254,2010-10-27 00:00:00+00:00,0.7438262104988098,stop,-542.9645070813972,17.770175819442585,-1.033835429595639,4
AUDNZD,1,2010-10-07 00:00:00+00:00,2010-10-08 00:00:00+00:00,1.3084499835968018,1.2892431411892176,27600.3775512241,2010-10-29 00:00:00+00:00,1.2892431411892176,stop,-544.4555642174485,14.339462201262648,-1.0270496635486557,15
EURNZD,1,2010-10-14 00:00:00+00:00,2010-10-15 00:00:00+00:00,1.8526999950408936,1.8265999555587769,20299.175492294933,2010-10-29 00:00:00+00:00,1.8265999555587769,stop,-544.7466328805164,14.937351077202958,-1.028193826703754,10
EURCAD,1,2010-11-03 00:00:00+00:00,2010-11-04 00:00:00+00:00,1.4249999523162842,1.4056999683380127,26695.15508728969,2010-11-05 00:00:00+00:00,1.4056999683380127,stop,-530.3292601596526,15.113194677489016,-1.0293337022853613,1
EURGBP,1,2010-11-02 00:00:00+00:00,2010-11-03 00:00:00+00:00,0.8751000165939331,0.8651999831199646,51409.35206642791,2010-11-08 00:00:00+00:00,0.8651999831199646,stop,-526.8478454099675,17.893539077299234,-1.0351574568770883,3
EURUSD,1,2010-10-20 00:00:00+00:00,2010-10-21 00:00:00+00:00,1.3963944911956787,1.3704450130462646,20239.109558887736,2010-11-10 00:00:00+00:00,1.3704450130462646,stop,-536.3940048335969,11.199673571642265,-1.0213248180815877,14
GBPAUD,-1,2010-11-02 00:00:00+00:00,2010-11-03 00:00:00+00:00,1.6043000221252441,1.6406999826431274,13982.276329190496,2010-11-15 00:00:00+00:00,1.6406999826431274,stop,-518.0288036836474,9.074497350979168,-1.0178296896952626,8
AUDCAD,1,2010-10-29 00:00:00+00:00,2010-11-01 00:00:00+00:00,1.0039000511169434,0.9908000230789185,38332.99884635298,2010-11-16 00:00:00+00:00,0.9908000230789185,stop,-517.4559267973943,15.292567128594037,-1.0304533710676944,11
AUDUSD,1,2010-10-20 00:00:00+00:00,2010-10-21 00:00:00+00:00,0.9857072234153748,0.9666505455970764,27559.59544835563,2010-11-18 00:00:00+00:00,0.9816432595252991,max_hold,-122.84507741020586,10.84387668299441,-0.23390404293783898,20
NZDCAD,1,2010-11-16 00:00:00+00:00,2010-11-17 00:00:00+00:00,0.7847999930381775,0.7773000001907349,63185.497649753546,2010-11-23 00:00:00+00:00,0.7773000001907349,stop,-493.6311935254236,19.740413090169092,-1.0416560395457328,4
EURNZD,-1,2010-11-23 00:00:00+00:00,2010-11-24 00:00:00+00:00,1.759600043296814,1.7809499502182007,22036.839072971383,2010-12-13 00:00:00+00:00,1.7809499502182007,stop,-486.08896913689705,15.60450608738005,-1.033166889266092,13
NZDCAD,-1,2010-12-22 00:00:00+00:00,2010-12-23 00:00:00+00:00,0.7519999742507935,0.7601000070571899,57474.32422903877,2010-12-29 00:00:00+00:00,0.7601000070571899,stop,-482.9252966991661,17.381384918483704,-1.037335650791782,4
CHFJPY,1,2010-12-30 00:00:00+00:00,2010-12-31 00:00:00+00:00,87.18900299072266,85.85299682617188,344.62697975446656,2011-01-06 00:00:00+00:00,85.85299682617188,stop,-472.3507577759985,11.926988353513863,-1.0259043714629983,4
EURCAD,-1,2010-12-15 00:00:00+00:00,2010-12-16 00:00:00+00:00,1.3274999856948853,1.3547104969620705,17111.900941004053,2011-01-13 00:00:00+00:00,1.294700026512146,max_hold,552.2954870327331,8.974165371277268,1.1861415929814165,20
GBPCAD,-1,2011-01-05 00:00:00+00:00,2011-01-06 00:00:00+00:00,1.5460000038146973,1.5621999502182007,28382.40760711262,2011-01-13 00:00:00+00:00,1.5621999502182007,stop,-477.43712164156625,17.643639603954085,-1.038372965892785,5
EURCHF,-1,2011-01-06 00:00:00+00:00,2011-01-07 00:00:00+00:00,1.25409996509552,1.2721999883651733,25570.525707621677,2011-01-13 00:00:00+00:00,1.2721999883651733,stop,-475.7468739062468,12.919763581026022,-1.0279148807250023,4
EURJPY,-1,2011-01-06 00:00:00+00:00,2011-01-07 00:00:00+00:00,108.15699768066406,110.19999694824219,226.54296439072127,2011-01-13 00:00:00+00:00,110.19999694824219,stop,-472.72055849695704,9.893448171736246,-1.0213761206960938,4
GBPUSD,1,2011-01-26 00:00:00+00:00,2011-01-27 00:00:00+00:00,1.5921285152435303,1.5758951902389526,27556.56786376987,2011-02-03 00:00:00+00:00,1.6245951652526855,target,876.941071406434,17.72837288011791,1.960368887093813,5
CHFJPY,1,2011-03-14 00:00:00+00:00,2011-03-15 00:00:00+00:00,88.46700286865234,87.5459976196289,495.22424909191096,2011-03-17 00:00:00+00:00,87.5459976196289,stop,-473.53731405678496,17.43318119944465,-1.0382219321062311,2
GBPNZD,1,2011-03-14 00:00:00+00:00,2011-03-15 00:00:00+00:00,2.1875998973846436,2.158099889755249,15461.153047393349,2011-03-17 00:00:00+00:00,2.2465999126434326,target,898.4966973335672,13.71156838111332,1.9699376361814243,2
AUDNZD,1,2011-03-17 00:00:00+00:00,2011-03-18 00:00:00+00:00,1.3619999885559082,1.347000002861023,30690.27771453683,2011-04-05 00:00:00+00:00,1.347000002861023,stop,-476.98171910316086,16.627992413052702,-1.0361200343323083,12
GBPNZD,-1,2011-04-29 00:00:00+00:00,2011-05-02 00:00:00+00:00,2.0653998851776123,2.0831000804901123,26075.60047233163,2011-05-04 00:00:00+00:00,2.0831000804901123,stop,-483.1781467838337,21.634925532846616,-1.0468751885775862,2
AUDJPY,1,2011-04-20 00:00:00+00:00,2011-04-21 00:00:00+00:00,88.02860260009766,85.99539947509766,224.0720092829272,2011-05-05 00:00:00+00:00,85.99539947509766,stop,-463.3826910607657,7.798781561689062,-1.0171182111551393,10
CHFJPY,1,2011-04-20 00:00:00+00:00,2011-04-21 00:00:00+00:00,92.75499725341797,91.46700286865234,353.71575752791716,2011-05-11 00:00:00+00:00,91.46700286865234,stop,-468.6163543643739,13.032444865297231,-1.0286060253524465,14
AUDUSD,1,2011-05-09 00:00:00+00:00,2011-05-10 00:00:00+00:00,1.079901933670044,1.0600968599319458,22454.56112001586,2011-05-12 00:00:00+00:00,1.0600968599319458,stop,-454.324785480085,9.610546741539217,-1.021610611724059,2
NZDUSD,1,2011-05-10 00:00:00+00:00,2011-05-11 00:00:00+00:00,0.7957348227500916,0.7841292023658752,38606.495361544505,2011-05-16 00:00:00+00:00,0.7841292023658752,stop,-460.2509321625954,12.198602631502121,-1.0272258435622208,3
GBPAUD,-1,2011-05-06 00:00:00+00:00,2011-05-09 00:00:00+00:00,1.52524995803833,1.5490000247955322,18652.13764997397,2011-05-25 00:00:00+00:00,1.5490000247955322,stop,-454.4577811214549,11.468266770049464,-1.0258883481403402,12
NZDCAD,1,2011-05-09 00:00:00+00:00,2011-05-10 00:00:00+00:00,0.7634999752044678,0.7533000111579895,43599.588852677545,2011-05-26 00:00:00+00:00,0.7838999032974243,target,875.9352777784185,13.493199698673138,1.9696587189631092,12
GBPNZD,-1,2011-05-06 00:00:00+00:00,2011-05-09 00:00:00+00:00,2.0685999393463135,2.0994999408721924,14336.229529969421,2011-05-27 00:00:00+00:00,2.0067999362945557,target,874.2938550940914,11.685173608719268,1.973622008579982,14
USDCHF,-1,2011-05-17 00:00:00+00:00,2011-05-18 00:00:00+00:00,0.8787999749183655,0.8937600255012512,28967.32821682668,2011-05-31 00:00:00+00:00,0.848879873752594,target,856.6961369035513,10.009253846009827,1.9769027539165218,9
GBPCHF,-1,2011-05-16 00:00:00+00:00,2011-05-17 00:00:00+00:00,1.4328999519348145,1.4545999765396118,19738.546841705695,2011-06-01 00:00:00+00:00,1.3894999027252197,target,845.5118899084716,11.142014347446086,1.9739871276087302,11
AUDCHF,-1,2011-06-16 00:00:00+00:00,2011-06-17 00:00:00+00:00,0.8952999711036682,0.9089999794960022,33742.03584027422,2011-06-27 00:00:00+00:00,0.8678999543190002,target,912.6335573569456,11.898791015436103,1.9742598708711843,6
GBPNZD,-1,2011-06-17 00:00:00+00:00,2011-06-20 00:00:00+00:00,1.9938000440597534,2.019700050354004,17789.757399685106,2011-06-30 00:00:00+00:00,1.9420000314712524,target,907.5062715465951,14.003385703471782,1.969607728810439,8
EURCHF,-1,2011-07-05 00:00:00+00:00,2011-07-06 00:00:00+00:00,1.2127000093460083,1.2344000339508057,22426.88907722432,2011-07-11 00:00:00+00:00,1.1692999601364136,target,962.6439197501512,10.6841698195068,1.9780461081232523,3
CHFJPY,1,2011-07-05 00:00:00+00:00,2011-07-06 00:00:00+00:00,96.44200134277344,94.85099792480469,305.884977548419,2011-07-12 00:00:00+00:00,94.85099792480469,stop,-498.3667757420555,11.702730957226574,-1.0240468369969693,4
USDCHF,-1,2011-06-20 00:00:00+00:00,2011-06-21 00:00:00+00:00,0.8448799848556519,0.8543400168418884,48696.18013987941,2011-07-13 00:00:00+00:00,0.8259599208831787,target,905.0621392546433,16.272704206951445,1.9646758085349028,16
AUDNZD,-1,2011-06-21 00:00:00+00:00,2011-06-22 00:00:00+00:00,1.3039000034332275,1.3163000345230103,37240.6358129659,2011-07-13 00:00:00+00:00,1.279099941253662,target,904.3315717191063,19.238512048999105,1.958338815024178,15
GBPCHF,-1,2011-07-05 00:00:00+00:00,2011-07-06 00:00:00+00:00,1.3502999544143677,1.3694000244140625,25479.699539980993,2011-07-13 00:00:00+00:00,1.312099814414978,target,959.7606603366407,13.567429233017316,1.9721215705610307,5
NZDCAD,1,2011-06-17 00:00:00+00:00,2011-06-20 00:00:00+00:00,0.7950000166893005,0.7843999862670898,43467.31191068983,2011-07-18 00:00:00+00:00,0.8086000084877014,max_hold,577.2142489890427,13.940836494871762,1.2527578945000815,20
EURCHF,-1,2011-07-22 00:00:00+00:00,2011-07-25 00:00:00+00:00,1.169700026512146,1.188599944114685,27401.60166214825,2011-07-29 00:00:00+00:00,1.1319001913070679,target,1023.1625207135594,12.613506470839148,1.9756443359572105,4
GBPCHF,-1,2011-07-22 00:00:00+00:00,2011-07-25 00:00:00+00:00,1.3265000581741333,1.3436000347137451,30285.890298885508,2011-07-29 00:00:00+00:00,1.2923001050949097,target,1019.9134882925047,15.862538891893939,1.9693707163024157,4
GBPAUD,-1,2011-07-19 00:00:00+00:00,2011-07-20 00:00:00+00:00,1.5012999773025513,1.5202000141143799,27437.725930446395,2011-08-03 00:00:00+00:00,1.5202000141143799,stop,-535.1546478509702,16.580617732668777,-1.0319734826074616,10
NZDCAD,1,2011-08-05 00:00:00+00:00,2011-08-08 00:00:00+00:00,0.824999988079071,0.8116000294685364,39824.99194514745,2011-08-08 00:00:00+00:00,0.8116000294685364,stop,-546.6887602331046,13.035516503252328,-1.024426941382654,0
AUDNZD,-1,2011-08-11 00:00:00+00:00,2011-08-12 00:00:00+00:00,1.2458000183105469,1.2595000267028809,38924.75663691371,2011-08-15 00:00:00+00:00,1.2595000267028809,stop,-552.7731315061951,19.503638910919328,-1.036573700880582,1
AUDUSD,-1,2011-08-18 00:00:00+00:00,2011-08-19 00:00:00+00:00,1.037699580192566,1.0600968599319458,23412.16585929175,2011-08-29 00:00:00+00:00,1.0600968599319458,stop,-534.1916196943619,9.822791639045374,-1.0187326002490924,6
GBPUSD,1,2011-08-29 00:00:00+00:00,2011-08-30 00:00:00+00:00,1.641497015953064,1.6215076446533203,25925.534795734497,2011-09-01 00:00:00+00:00,1.6215076446533203,stop,-535.1541693497995,16.91902817343893,-1.0326473965756815,2
EURJPY,-1,2011-08-08 00:00:00+00:00,2011-08-09 00:00:00+00:00,109.9800033569336,113.36015725135803,156.26103799556708,2011-09-06 00:00:00+00:00,108.16100311279297,max_hold,277.42147824353253,6.817388020071438,0.5252340864642745,20
GBPJPY,-1,2011-08-08 00:00:00+00:00,2011-08-09 00:00:00+00:00,126.63600158691406,129.79804754257202,167.03943065167,2011-09-06 00:00:00+00:00,123.78600311279297,max_hold,467.69605265777795,8.366069817537777,0.8854754524269859,20
USDJPY,-1,2011-08-08 00:00:00+00:00,2011-08-09 00:00:00+00:00,77.5780029296875,79.21661376953125,322.33788724227315,2011-09-06 00:00:00+00:00,76.9000015258789,max_hold,208.58671733463547,9.958822716321947,0.3949112181994264,20
NZDCAD,1,2011-08-09 00:00:00+00:00,2011-08-10 00:00:00+00:00,0.8223999738693237,0.8009882140904665,24758.410545171504,2011-09-07 00:00:00+00:00,0.816100001335144,max_hold,-164.09063743739833,8.113331012873108,-0.30953422781087764,20
GBPNZD,1,2011-10-07 00:00:00+00:00,2011-10-10 00:00:00+00:00,2.0179998874664307,1.982100009918213,14480.865633365125,2011-10-12 00:00:00+00:00,1.982100009918213,stop,-531.446284856816,11.58498182681293,-1.0222847551054293,2
GBPCAD,1,2011-10-07 00:00:00+00:00,2011-10-10 00:00:00+00:00,1.6125999689102173,1.590499997138977,23523.165930307827,2011-10-17 00:00:00+00:00,1.590499997138977,stop,-534.9307134285507,15.069410398547713,-1.0289873670356224,5
USDCHF,1,2011-10-19 00:00:00+00:00,2011-10-20 00:00:00+00:00,0.902899980545044,0.8881999850273132,34639.29852447709,2011-10-21 00:00:00+00:00,0.8881999850273132,stop,-521.6060223260777,12.408489278928304,-1.0243687144450078,1
GBPCHF,1,2011-10-19 00:00:00+00:00,2011-10-20 00:00:00+00:00,1.4242000579833984,1.405500054359436,27229.809324456906,2011-10-21 00:00:00+00:00,1.405500054359436,stop,-524.6079719480473,15.410438900897935,-1.0302641664594847,1
CHFJPY,-1,2011-10-19 00:00:00+00:00,2011-10-20 00:00:00+00:00,85.0530014038086,87.11799621582031,246.58538127322893,2011-10-27 00:00:00+00:00,87.11799621582031,stop,-517.688503265595,8.490970218445678,-1.016675199048263,5
USDJPY,-1,2011-10-21 00:00:00+00:00,2011-10-24 00:00:00+00:00,76.23999786376953,77.28273165225983,475.38963738207804,2011-10-31 00:00:00+00:00,77.28273165225983,stop,-510.30146053934845,14.59662294290641,-1.0294461982934886,5
AUDNZD,1,2011-11-10 00:00:00+00:00,2011-11-11 00:00:00+00:00,1.305299997329712,1.2950999736785889,47887.68243812637,2011-11-18 00:00:00+00:00,1.325700044631958,target,951.712488031886,25.198498900831524,1.9484118835024076,5
GBPCHF,1,2011-11-25 00:00:00+00:00,2011-11-28 00:00:00+00:00,1.436400055885315,1.4226000308990479,36084.90700866328,2011-12-13 00:00:00+00:00,1.4640001058578491,target,975.0131026684726,20.932134024882803,1.957965291155205,11
AUDNZD,1,2011-11-29 00:00:00+00:00,2011-11-30 00:00:00+00:00,1.311900019645691,1.305799961090088,56925.331141802744,2011-12-14 00:00:00+00:00,1.324100136756897,target,664.4846701655663,30.01103635861223,1.9135745949854408,10
USDJPY,1,2011-12-12 00:00:00+00:00,2011-12-13 00:00:00+00:00,77.9260025024414,77.16300201416016,668.7131051543876,2011-12-30 00:00:00+00:00,77.16300201416016,stop,-530.9704357099885,20.742009957119894,-1.0406523998080153,13
GBPCHF,1,2011-12-20 00:00:00+00:00,2011-12-21 00:00:00+00:00,1.4594000577926636,1.4478000402450562,44283.40208926378,2012-01-12 00:00:00+00:00,1.4478000402450562,stop,-539.4363834822854,25.748142179070285,-1.0501240637974267,16
GBPCAD,-1,2012-01-09 00:00:00+00:00,2012-01-10 00:00:00+00:00,1.580399990081787,1.59089994430542,49038.426428148014,2012-01-12 00:00:00+00:00,1.5594000816345215,target,999.0082944258885,30.794170963190812,1.9401940236148956,2
USDCHF,1,2011-12-21 00:00:00+00:00,2011-12-22 00:00:00+00:00,0.9362000226974487,0.9244599938392639,44154.40461006021,2012-01-19 00:00:00+00:00,0.9387800097465515,max_hold,97.36006665713633,16.557725397663244,0.1878181961262153,20
GBPCHF,1,2012-01-16 00:00:00+00:00,2012-01-17 00:00:00+00:00,1.4637999534606934,1.4443999528884888,26903.170114125023,2012-01-19 00:00:00+00:00,1.4443999528884888,stop,-537.5694749694218,15.647959361278902,-1.0299814414491917,2
EURGBP,-1,2012-01-13 00:00:00+00:00,2012-01-16 00:00:00+00:00,0.8263999819755554,0.8372879596427083,47890.473729160236,2012-01-20 00:00:00+00:00,0.8372879596427083,stop,-537.3653691647864,15.934960732318025,-1.0305600910008719,4
AUDCHF,1,2012-01-20 00:00:00+00:00,2012-01-23 00:00:00+00:00,0.9807500243186951,0.9690999984741211,43251.22276765298,2012-01-24 00:00:00+00:00,0.9690999984741211,stop,-520.7445425924486,16.866679539865068,-1.0334737458750096,1
EURGBP,-1,2012-01-20 00:00:00+00:00,2012-01-23 00:00:00+00:00,0.829200029373169,0.8377299904823303,59071.53111300906,2012-01-24 00:00:00+00:00,0.8377299904823303,stop,-523.5714847588041,19.69362170622059,-1.039084117700494,1
AUDCHF,1,2012-01-25 00:00:00+00:00,2012-01-26 00:00:00+00:00,0.9763100147247314,0.9681000113487244,60101.64432101026,2012-01-30 00:00:00+00:00,0.9681000113487244,stop,-516.8071507393256,23.372447960254625,-1.0473668508287293,1
NZDCHF,1,2012-02-13 00:00:00+00:00,2012-02-14 00:00:00+00:00,0.7634999752044678,0.7547000050544739,55489.71120764579,2012-02-22 00:00:00+00:00,0.7547000050544739,stop,-505.1566979510692,16.848895692004447,-1.034504662047291,6
EURAUD,-1,2012-02-01 00:00:00+00:00,2012-02-02 00:00:00+00:00,1.2288000583648682,1.2470999956130981,26681.328173346832,2012-02-23 00:00:00+00:00,1.2470999956130981,stop,-501.4786916445963,13.212060372918652,-1.0270591097706354,15
EURNZD,-1,2012-02-13 00:00:00+00:00,2012-02-14 00:00:00+00:00,1.581529974937439,1.6014000177383423,24575.075512009746,2012-02-23 00:00:00+00:00,1.6014000177383423,stop,-503.9519512429543,15.644148983889593,-1.0320374749523045,7
NZDCAD,1,2012-02-23 00:00:00+00:00,2012-02-24 00:00:00+00:00,0.8345999717712402,0.8264999985694885,58410.17452482879,2012-02-29 00:00:00+00:00,0.8264999985694885,stop,-492.5258761949116,19.40502783415798,-1.0410149497774017,3
GBPNZD,-1,2012-02-27 00:00:00+00:00,2012-02-28 00:00:00+00:00,1.8827999830245972,1.9048999547958374,21714.259944249636,2012-02-29 00:00:00+00:00,1.9048999547958374,stop,-496.3339520094197,16.44942020813022,-1.0342778712753793,1
NZDUSD,1,2012-02-23 00:00:00+00:00,2012-02-24 00:00:00+00:00,0.837520956993103,0.8219602387398481,30404.820694044072,2012-03-05 00:00:00+00:00,0.8219602387398481,stop,-483.2120940010332,10.091245640279649,-1.0213291079335085,6
AUDUSD,1,2012-02-23 00:00:00+00:00,2012-02-24 00:00:00+00:00,1.0729267597198486,1.060546636581421,38216.16659790668,2012-03-06 00:00:00+00:00,1.060546636581421,stop,-489.42748330980385,16.30663494905022,-1.0344661094634673,7
GBPUSD,1,2012-02-16 00:00:00+00:00,2012-02-17 00:00:00+00:00,1.5807777643203735,1.5640438999980688,29663.18568005201,2012-03-12 00:00:00+00:00,1.5640438999980688,stop,-515.0368103291884,18.657085791865633,-1.0375863172277149,16
EURUSD,1,2012-03-08 00:00:00+00:00,2012-03-09 00:00:00+00:00,1.32722806930542,1.3099807500839233,26414.69780284064,2012-03-12 00:00:00+00:00,1.3099807500839233,stop,-469.51493994638804,13.93221480143113,-1.0305810866665284,1
EURCHF,-1,2012-02-13 00:00:00+00:00,2012-02-14 00:00:00+00:00,1.208400011062622,1.2125600576400757,60614.175495124124,2012-03-13 00:00:00+00:00,1.205399990081787,max_hold,152.5816988454851,29.26209937589961,0.605104037596355,20
AUDJPY,1,2012-03-08 00:00:00+00:00,2012-03-09 00:00:00+00:00,86.81999969482422,84.83271610736847,229.24897484219844,2012-03-29 00:00:00+00:00,84.83271610736847,stop,-463.45296697026333,7.870241825306382,-1.0172751102948476,14
USDJPY,1,2012-03-26 00:00:00+00:00,2012-03-27 00:00:00+00:00,83.01499938964844,82.0199966430664,461.25948514382674,2012-03-29 00:00:00+00:00,82.0199966430664,stop,-474.17924606527396,15.224791460152707,-1.0331727719545765,2
CADJPY,1,2012-03-26 00:00:00+00:00,2012-03-27 00:00:00+00:00,83.7020034790039,81.9000015258789,254.6914301669932,2012-03-29 00:00:00+00:00,81.9000015258789,stop,-467.3899369037643,8.435482298643034,-1.0183797808562525,2
USDJPY,1,2012-03-30 00:00:00+00:00,2012-04-02 00:00:00+00:00,82.86499786376953,81.8499984741211,437.1350630004873,2012-04-02 00:00:00+00:00,81.8499984741211,stop,-458.09236219968363,14.400540060257772,-1.0324561764307942,0
EURCHF,-1,2012-03-27 00:00:00+00:00,2012-03-28 00:00:00+00:00,1.2056000232696533,1.2069100141525269,56683.87654520104,2012-04-04 00:00:00+00:00,1.2029800415039062,target,121.20519195211341,27.305531008171357,1.6322752934752935,5
GBPJPY,1,2012-03-30 00:00:00+00:00,2012-04-02 00:00:00+00:00,132.64999389648438,130.19000244140625,180.36315582459412,2012-04-05 00:00:00+00:00,130.19000244140625,stop,-453.17315238271124,9.481330243285342,-1.0213691796201416,3
NZDJPY,1,2012-03-08 00:00:00+00:00,2012-03-09 00:00:00+00:00,67.22000122070312,65.54155433177948,271.43112370812827,2012-04-06 00:00:00+00:00,67.04000091552734,max_hold,-56.146153751446874,7.288468649778548,-0.12324030445531564,20
EURJPY,1,2012-03-08 00:00:00+00:00,2012-03-09 00:00:00+00:00,108.27200317382812,105.83830070495605,187.19737970110307,2012-04-06 00:00:00+00:00,107.37999725341797,max_hold,-175.0550688601083,8.073897881456325,-0.384244307780567,20
CHFJPY,1,2012-03-08 00:00:00+00:00,2012-03-09 00:00:00+00:00,89.802001953125,87.81454694271088,229.2292015455624,2012-04-06 00:00:00+00:00,89.33000183105469,max_hold,-116.40866835132655,8.212457239740836,-0.255515984093312,20
CADJPY,1,2012-04-03 00:00:00+00:00,2012-04-04 00:00:00+00:00,83.56600189208984,81.8499984741211,251.35244924527805,2012-04-06 00:00:00+00:00,81.8499984741211,stop,-439.6372053869949,8.315543367280986,-1.0192792157211454,2
USDJPY,1,2012-04-03 00:00:00+00:00,2012-04-04 00:00:00+00:00,82.84200286865234,81.54000091552734,331.27574116496305,2012-04-06 00:00:00+00:00,81.54000091552734,stop,-442.2128160472711,10.891154027557178,-1.0252506539471218,2
GBPNZD,1,2012-04-10 00:00:00+00:00,2012-04-11 00:00:00+00:00,1.9462000131607056,1.9280999898910522,22584.78931597855,2012-04-12 00:00:00+00:00,1.9280999898910522,stop,-426.2852620225932,17.5000498631638,-1.0428098897480143,1
NZDUSD,1,2012-04-17 00:00:00+00:00,2012-04-18 00:00:00+00:00,0.8220979571342468,0.8143322467803955,52225.57523274329,2012-04-19 00:00:00+00:00,0.8143322467803955,stop,-422.6613920662911,17.09270174553552,-1.0421450229109581,1
GBPUSD,1,2012-04-09 00:00:00+00:00,2012-04-10 00:00:00+00:00,1.590836763381958,1.5807777643203735,38751.364901556764,2012-04-20 00:00:00+00:00,1.610954761505127,target,754.7851280158317,24.81475834392226,1.9363397589504747,8
EURUSD,-1,2012-04-13 00:00:00+00:00,2012-04-16 00:00:00+00:00,1.30565345287323,1.3199577331542969,28260.755072100856,2012-04-20 00:00:00+00:00,1.3199577331542969,stop,-419.09011243449197,14.840350928578435,-1.036710846466044,4
GBPAUD,1,2012-04-18 00:00:00+00:00,2012-04-19 00:00:00+00:00,1.544600009918213,1.5257999897003174,21629.33735712054,2012-05-04 00:00:00+00:00,1.582200050354004,target,799.737836556719,13.526122670378525,1.9667362053441213,11
AUDCHF,-1,2012-05-17 00:00:00+00:00,2012-05-18 00:00:00+00:00,0.9352999925613403,0.940280020236969,66371.03144168828,2012-05-21 00:00:00+00:00,0.9246000051498413,target,685.4805046689735,24.68869624529696,2.0738855453555316,1
GBPCHF,1,2012-05-22 00:00:00+00:00,2012-05-23 00:00:00+00:00,1.4943000078201294,1.4823999404907227,35164.214060584854,2012-06-04 00:00:00+00:00,1.4823999404907227,stop,-439.39117774193784,20.934662835306934,-1.0500282875031304,8
EURGBP,-1,2012-05-22 00:00:00+00:00,2012-05-23 00:00:00+00:00,0.8033999800682068,0.8097900152206421,65485.79231949188,2012-06-04 00:00:00+00:00,0.8097900152206421,stop,-439.58471990730436,21.12820500067353,-1.050490801906592,8
USDJPY,-1,2012-05-17 00:00:00+00:00,2012-05-18 00:00:00+00:00,79.40399932861328,80.53624188899994,365.5095788691572,2012-06-15 00:00:00+00:00,79.41000366210938,max_hold,-13.804249277880025,11.609607870332823,-0.03335604526413573,20
USDCHF,1,2012-06-11 00:00:00+00:00,2012-06-12 00:00:00+00:00,0.9625200033187866,0.9496999979019165,32141.58764835519,2012-06-15 00:00:00+00:00,0.9496999979019165,stop,-424.34768511315383,12.29235735443462,-1.0298318126871362,3
EURUSD,-1,2012-06-11 00:00:00+00:00,2012-06-12 00:00:00+00:00,1.2478163242340088,1.26479971408844,24262.25454933012,2012-06-15 00:00:00+00:00,1.26479971408844,stop,-424.24767374002096,12.192345981301731,-1.0295890992299972,3
USDCAD,1,2012-06-11 00:00:00+00:00,2012-06-12 00:00:00+00:00,1.0307999849319458,1.0198999643325806,37803.16963646063,2012-06-18 00:00:00+00:00,1.0198999643325806,stop,-427.5599193698249,15.50459161110562,-1.0376274508946148,4
EURJPY,-1,2012-06-11 00:00:00+00:00,2012-06-12 00:00:00+00:00,98.96199798583984,100.76699829101562,228.28546154655132,2012-06-18 00:00:00+00:00,100.76699829101562,stop,-421.1743729785775,9.119045219858275,-1.0221306329648963,4
EURJPY,-1,2012-06-18 00:00:00+00:00,2012-06-19 00:00:00+00:00,99.52799987792969,100.80599975585938,307.90192333315116,2012-06-20 00:00:00+00:00,100.80599975585938,stop,-405.83526519333645,12.33664475925329,-1.0313511766461703,1
CHFJPY,-1,2012-06-18 00:00:00+00:00,2012-06-19 00:00:00+00:00,82.8678970336914,83.91100311279297,377.2373954267503,2012-06-20 00:00:00+00:00,83.91100311279297,stop,-406.0816680147628,12.583047580679567,-1.03197736136101,1
CADJPY,-1,2012-06-11 00:00:00+00:00,2012-06-12 00:00:00+00:00,76.91000366210938,78.08699798583984,350.0911766954959,2012-06-21 00:00:00+00:00,78.08699798583984,stop,-422.90794429696007,10.852616538240852,-1.0263377653609558,7
EURCHF,-1,2012-05-29 00:00:00+00:00,2012-05-30 00:00:00+00:00,1.2009999752044678,1.2038213901687413,53335.710900740065,2012-06-27 00:00:00+00:00,1.2007999420166016,max_hold,-14.951428926679224,25.620341205264875,-0.09935681178687536,20
USDCHF,1,2012-06-21 00:00:00+00:00,2012-06-22 00:00:00+00:00,0.9569299817085266,0.9437999725341797,29114.183981345002,2012-07-12 00:00:00+00:00,0.9831900000572205,target,753.2420035383659,11.297002019002335,1.9704475456794608,14
EURUSD,-1,2012-06-21 00:00:00+00:00,2012-06-22 00:00:00+00:00,1.255020022392273,1.2724264860153198,21961.35361306495,2012-07-12 00:00:00+00:00,1.2202070951461792,target,753.6671379571864,10.871867600181886,1.971559678391409,14
GBPUSD,-1,2012-06-21 00:00:00+00:00,2012-06-22 00:00:00+00:00,1.559989333152771,1.5773866176605225,21972.940812019348,2012-07-20 00:00:00+00:00,1.5718327760696411,max_hold,-273.9983385908604,13.76306836794353,-0.7167674548955385,20
EURJPY,-1,2012-06-25 00:00:00+00:00,2012-06-26 00:00:00+00:00,99.5790023803711,101.58999633789062,191.44548457992795,2012-07-20 00:00:00+00:00,95.55701446533203,target,762.5198435084628,7.471581860804524,1.9805930777548038,18
CHFJPY,-1,2012-06-25 00:00:00+00:00,2012-06-26 00:00:00+00:00,82.91200256347656,84.58999633789062,229.43810552519486,2012-07-20 00:00:00+00:00,79.55601501464844,target,762.5361545369556,7.455270832311811,1.9806354445343688,18
AUDCAD,1,2012-07-16 00:00:00+00:00,2012-07-17 00:00:00+00:00,1.0390000343322754,1.0322999954223633,58828.05901110974,2012-07-27 00:00:00+00:00,1.0524001121520996,target,763.6939664914366,24.606602246645274,1.9375705074371932,8
EURCHF,-1,2012-07-06 00:00:00+00:00,2012-07-09 00:00:00+00:00,1.2008999586105347,1.20169997215271,50583.7003517051,2012-07-31 00:00:00+00:00,1.20169997215271,stop,-64.77412428725228,24.306478992551078,-1.600639815228729,16
GBPNZD,-1,2012-07-25 00:00:00+00:00,2012-07-26 00:00:00+00:00,1.960379958152771,1.9830000400543213,18299.60679169914,2012-08-02 00:00:00+00:00,1.9151397943496704,target,813.6931112719495,14.184097516851573,1.9657338132605362,5
AUDNZD,1,2012-07-30 00:00:00+00:00,2012-07-31 00:00:00+00:00,1.2970199584960938,1.2910399436950684,48655.73097379276,2012-08-02 00:00:00+00:00,1.2910399436950684,stop,-316.1467806470049,25.184789269014715,-1.0865569731281397,2
CHFJPY,-1,2012-07-30 00:00:00+00:00,2012-07-31 00:00:00+00:00,79.7261962890625,80.99700164794922,331.0627848548508,2012-08-03 00:00:00+00:00,80.99700164794922,stop,-431.35825502146616,10.641893899960904,-1.0252946994302592,3
EURJPY,-1,2012-07-30 00:00:00+00:00,2012-07-31 00:00:00+00:00,95.76799774169922,97.2699966430664,280.1043068264232,2012-08-03 00:00:00+00:00,97.2699966430664,stop,-431.5305158431668,10.814154721661552,-1.02570414588307,3
CADCHF,1,2012-08-07 00:00:00+00:00,2012-08-08 00:00:00+00:00,0.9722599983215332,0.9656999707221985,62990.11417220278,2012-08-09 00:00:00+00:00,0.9853800535202026,target,801.7713808350727,24.662394074717582,1.9403161031810212,1
EURCAD,-1,2012-08-07 00:00:00+00:00,2012-08-08 00:00:00+00:00,1.2349499464035034,1.2431800365447998,50190.32010061912,2012-08-09 00:00:00+00:00,1.2184897661209106,target,801.5139323933964,24.62778490383426,1.940378788800533,1
AUDCHF,1,2012-08-15 00:00:00+00:00,2012-08-16 00:00:00+00:00,1.0255000591278076,1.0180000066757202,57232.89848029153,2012-08-17 00:00:00+00:00,1.0180000066757202,stop,-452.64082694930033,23.391086362120475,-1.054492953985536,1
EURAUD,-1,2012-08-15 00:00:00+00:00,2012-08-16 00:00:00+00:00,1.1705000400543213,1.179010033607483,50440.665777908325,2012-08-17 00:00:00+00:00,1.179010033607483,stop,-452.9519110606606,23.70217047348077,-1.0552176698838724,1
EURCHF,-1,2012-08-20 00:00:00+00:00,2012-08-21 00:00:00+00:00,1.2009999752044678,1.2013526705268305,52480.49399029459,2012-09-05 00:00:00+00:00,1.2013526705268305,stop,-43.72495546303496,25.215330717373945,-2.362282113433168,11
GBPCAD,-1,2012-08-28 00:00:00+00:00,2012-08-29 00:00:00+00:00,1.562999963760376,1.5770000219345093,30008.46418209221,2012-09-05 00:00:00+00:00,1.5770000219345093,stop,-438.96555968618543,18.845315420499006,-1.0448569562588874,5
NZDCAD,-1,2012-09-10 00:00:00+00:00,2012-09-11 00:00:00+00:00,0.7893000245094299,0.7950699925422668,72419.7565607039,2012-09-11 00:00:00+00:00,0.7950699925422668,stop,-440.80761848848533,22.94793818739243,-1.0549178091814388,0
EURNZD,1,2012-09-14 00:00:00+00:00,2012-09-17 00:00:00+00:00,1.5821000337600708,1.5572999715805054,16756.64138404656,2012-09-21 00:00:00+00:00,1.5572999715805054,stop,-426.08690825514725,10.521160010113178,-1.0253176785010432,4
NZDCHF,-1,2012-09-14 00:00:00+00:00,2012-09-17 00:00:00+00:00,0.7671999931335449,0.7800999879837036,32214.411949158406,2012-09-27 00:00:00+00:00,0.7800999879837036,stop,-425.53482004516127,9.969071800127214,-1.0239891565708372,8
EURNZD,1,2012-09-24 00:00:00+00:00,2012-09-25 00:00:00+00:00,1.5743000507354736,1.55649995803833,23021.94107218903,2012-09-27 00:00:00+00:00,1.55649995803833,stop,-424.2081038153011,14.415418662159883,-1.035177344995245,2
EURCHF,1,2012-09-27 00:00:00+00:00,2012-09-28 00:00:00+00:00,1.2101500034332275,1.207900047302246,49153.73256251607,2012-10-01 00:00:00+00:00,1.207900047302246,stop,-134.3649790429813,23.77123710332598,-1.2149419730846667,1
EURCAD,1,2012-10-01 00:00:00+00:00,2012-10-02 00:00:00+00:00,1.2654000520706177,1.260159969329834,47450.5936944778,2012-10-03 00:00:00+00:00,1.275880217552185,target,473.17302260921224,24.11705150753292,1.9030061014172943,1
USDCAD,-1,2012-09-06 00:00:00+00:00,2012-09-07 00:00:00+00:00,0.9829099774360657,0.992929995059967,41453.71032729399,2012-10-05 00:00:00+00:00,0.9810400009155273,max_hold,61.234862301260605,16.28260269997645,0.1474235455778428,20
AUDCHF,-1,2012-09-14 00:00:00+00:00,2012-09-17 00:00:00+00:00,0.9754999876022339,0.9886999726295471,31482.28936511299,2012-10-05 00:00:00+00:00,0.9491000175476074,target,819.013333635223,12.11816285484505,1.9708393607846146,14
AUDCAD,-1,2012-09-20 00:00:00+00:00,2012-09-21 00:00:00+00:00,1.0180000066757202,1.0269999504089355,45611.87692352546,2012-10-05 00:00:00+00:00,1.0000001192092896,target,802.5996970814388,18.408954674705193,1.9551552723949295,10
GBPUSD,1,2012-10-04 00:00:00+00:00,2012-10-05 00:00:00+00:00,1.6184896230697632,1.607200264930725,37792.45851863644,2012-10-08 00:00:00+00:00,1.607200264930725,stop,-451.03394942887627,24.381350257248698,-1.0571456737978078,1
GBPAUD,1,2012-09-17 00:00:00+00:00,2012-09-18 00:00:00+00:00,1.5497900247573853,1.529677951708436,20713.62006296915,2012-10-16 00:00:00+00:00,1.565999984741211,max_hold,322.85909425034896,12.907858090549793,0.7749972836708795,20
EURAUD,1,2012-10-01 00:00:00+00:00,2012-10-02 00:00:00+00:00,1.2438000440597534,1.222439967095852,18740.251992302623,2012-10-30 00:00:00+00:00,1.2482000589370728,max_hold,73.11724559184395,9.340141979000922,0.1826592134154615,20
EURCHF,1,2012-10-16 00:00:00+00:00,2012-10-17 00:00:00+00:00,1.209529995918274,1.207200050354004,52362.56527670961,2012-10-31 00:00:00+00:00,1.207200050354004,stop,-147.31116366109242,25.30923696082352,-1.2074494858019953,10
CHFJPY,1,2012-10-30 00:00:00+00:00,2012-10-31 00:00:00+00:00,85.4520034790039,84.572998046875,474.50877215930603,2012-11-07 00:00:00+00:00,84.572998046875,stop,-433.2314592629333,16.13567094208579,-1.038685768099086,5
EURJPY,1,2012-10-30 00:00:00+00:00,2012-10-31 00:00:00+00:00,103.26000213623047,102.16999816894531,382.6552937781473,2012-11-07 00:00:00+00:00,102.16999816894531,stop,-432.8175637443719,15.721775423524388,-1.0376934408444098,5
USDJPY,1,2012-11-14 00:00:00+00:00,2012-11-15 00:00:00+00:00,80.19000244140625,79.2362499833107,427.5039204271068,2012-11-21 00:00:00+00:00,82.09750735759735,target,801.5901205705902,13.875709335085311,1.9659686308703082,4
EURAUD,-1,2012-11-19 00:00:00+00:00,2012-11-20 00:00:00+00:00,1.2272000312805176,1.2389800548553467,35030.64867408726,2012-11-21 00:00:00+00:00,1.2389800548553467,stop,-429.9402448551948,17.278377632891143,-1.0418705458519704,1
AUDJPY,1,2012-12-25 00:00:00+00:00,2012-12-26 00:00:00+00:00,88.16000366210938,86.98200225830078,348.44905040310516,2013-01-02 00:00:00+00:00,90.51600646972656,target,808.4950438492078,12.451897212050767,1.9696645505592507,5
NZDJPY,1,2012-12-26 00:00:00+00:00,2012-12-27 00:00:00+00:00,70.19999694824219,68.73301446437836,281.35755207181467,2013-01-07 00:00:00+00:00,73.31500244140625,target,868.3545144641246,8.075805782771893,2.1038441339512355,7
EURCHF,1,2012-12-14 00:00:00+00:00,2012-12-17 00:00:00+00:00,1.2089999914169312,1.2059999704360962,51048.31471848633,2013-01-11 00:00:00+00:00,1.215000033378601,target,281.5438071547741,24.7482232286762,1.8384011285067154,19
CHFJPY,1,2013-01-17 00:00:00+00:00,2013-01-18 00:00:00+00:00,96.2300033569336,94.375,232.3625699940462,2013-01-31 00:00:00+00:00,99.94001007080078,target,852.9501810341787,9.116513695166983,1.9788496325147344,9
CADJPY,1,2013-01-24 00:00:00+00:00,2013-01-25 00:00:00+00:00,90.30000305175781,88.38300323486328,226.2427261885325,2013-02-06 00:00:00+00:00,94.13400268554688,target,859.0691589022967,8.345370451975851,1.980758057031421,8
GBPAUD,-1,2013-02-01 00:00:00+00:00,2013-02-04 00:00:00+00:00,1.5059599876403809,1.5258447360247374,22587.155132689637,2013-02-07 00:00:00+00:00,1.5258447360247374,stop,-462.8358652570489,13.695968725089052,-1.030493770049917,3
EURCAD,1,2013-02-11 00:00:00+00:00,2013-02-12 00:00:00+00:00,1.347000002861023,1.3341000080108643,34814.05060054856,2013-02-14 00:00:00+00:00,1.3341000080108643,stop,-467.76906374896555,18.667990288725036,-1.0415674586232708,2
GBPCHF,-1,2013-02-11 00:00:00+00:00,2013-02-12 00:00:00+00:00,1.4413000345230103,1.4530999660491943,38059.63386005113,2013-02-20 00:00:00+00:00,1.417700171470642,target,876.4396467112952,21.762500209185838,1.951542088195181,6
EURJPY,1,2013-02-15 00:00:00+00:00,2013-02-18 00:00:00+00:00,125.05000305175781,122.9000015258789,207.87388323817393,2013-02-21 00:00:00+00:00,122.9000015258789,stop,-457.2376322125428,10.30846606009527,-1.0230651003353384,3
CHFJPY,1,2013-02-15 00:00:00+00:00,2013-02-18 00:00:00+00:00,101.54000091552734,99.96099853515625,283.0452770105459,2013-02-21 00:00:00+00:00,99.96099853515625,stop,-458.3359473939317,11.406781241484119,-1.0255225707010431,3
GBPJPY,1,2013-01-24 00:00:00+00:00,2013-01-25 00:00:00+00:00,142.85000610351562,139.31757044792175,122.77853214122355,2013-02-22 00:00:00+00:00,142.1199951171875,max_hold,-96.62731703916612,6.9976396908321234,-0.22279386330108664,20
EURCHF,1,2013-02-11 00:00:00+00:00,2013-02-12 00:00:00+00:00,1.2339999675750732,1.2257000207901,54108.90998401668,2013-02-25 00:00:00+00:00,1.2257000207901,stop,-475.71941051186815,26.618337051627613,-1.0592702592459606,9
EURGBP,1,2013-02-11 00:00:00+00:00,2013-02-12 00:00:00+00:00,0.85589998960495,0.8446000218391418,39743.571200189486,2013-02-25 00:00:00+00:00,0.8784999251365662,target,884.4158976202548,13.786249300226405,1.9693025688092753,9
NZDJPY,1,2013-02-22 00:00:00+00:00,2013-02-25 00:00:00+00:00,78.80799865722656,77.47000122070312,327.97459023683103,2013-02-25 00:00:00+00:00,77.47000122070312,stop,-449.08020357630386,10.251042594599106,-1.0233599849464572,0
CHFJPY,1,2013-02-22 00:00:00+00:00,2013-02-25 00:00:00+00:00,101.23760223388672,99.53459930419922,257.67962775156803,2013-02-25 00:00:00+00:00,99.53459930419922,stop,-449.17614221274414,10.346981231039356,-1.0235786090602825,0
EURCAD,1,2013-02-18 00:00:00+00:00,2013-02-19 00:00:00+00:00,1.3489999771118164,1.332800030708313,27572.288912332224,2013-03-08 00:00:00+00:00,1.332800030708313,stop,-461.45827552583586,14.788672924142286,-1.0331087516096986,13
AUDUSD,-1,2013-02-20 00:00:00+00:00,2013-02-21 00:00:00+00:00,1.0249052047729492,1.0374196767807007,35874.728490173016,2013-03-14 00:00:00+00:00,1.0374196767807007,stop,-463.7503545128073,14.797069036853081,-1.032959039426933,15
GBPCHF,-1,2013-03-07 00:00:00+00:00,2013-03-08 00:00:00+00:00,1.4157999753952026,1.4285000562667847,34375.76409538398,2013-03-14 00:00:00+00:00,1.4285000562667847,stop,-456.12998141478363,19.554997380981135,-1.0447918412555381,4
EURGBP,1,2013-02-27 00:00:00+00:00,2013-02-28 00:00:00+00:00,0.86735999584198,0.8575999736785889,44313.49978515276,2013-03-18 00:00:00+00:00,0.8535100221633911,stop_gap,-628.9923602651505,15.251554634631368,-1.4543151075446117,12
CHFJPY,1,2013-03-18 00:00:00+00:00,2013-03-19 00:00:00+00:00,100.6500015258789,99.80000305175781,489.71808435521683,2013-03-22 00:00:00+00:00,99.80000305175781,stop,-435.8924229015903,19.632798450150943,-1.0471647916273976,3
USDCAD,1,2013-03-19 00:00:00+00:00,2013-03-20 00:00:00+00:00,1.0269999504089355,1.0182000398635864,47022.53941260367,2013-03-26 00:00:00+00:00,1.0182000398635864,stop,-433.02823987591495,19.23409942984926,-1.046482290467224,4
USDJPY,1,2013-03-01 00:00:00+00:00,2013-03-04 00:00:00+00:00,93.5530014038086,91.5301194190979,212.64320616442623,2013-04-01 00:00:00+00:00,94.26200103759766,max_hold,142.7764384413263,7.987516856984033,0.3319208131643963,20
GBPUSD,-1,2013-03-27 00:00:00+00:00,2013-03-28 00:00:00+00:00,1.5128592252731323,1.5255529880523682,31934.71354133944,2013-04-02 00:00:00+00:00,1.5255529880523682,stop,-424.77784284722475,19.4061647306114,-1.0478725223744636,3
GBPAUD,-1,2013-04-02 00:00:00+00:00,2013-04-03 00:00:00+00:00,1.444100022315979,1.4640699625015259,20079.266451134165,2013-04-05 00:00:00+00:00,1.4640699625015259,stop,-412.66053400087566,11.678784002068296,-1.0291254751671444,2
GBPUSD,-1,2013-04-02 00:00:00+00:00,2013-04-03 00:00:00+00:00,1.5108935832977295,1.52587890625,26758.298855217694,2013-04-05 00:00:00+00:00,1.52587890625,stop,-417.2335231649317,16.251773166124323,-1.0405299572017248,2
GBPAUD,-1,2013-04-10 00:00:00+00:00,2013-04-11 00:00:00+00:00,1.4536000490188599,1.4772744588553905,16586.804576696224,2013-04-15 00:00:00+00:00,1.4772744588553905,stop,-402.40557796733543,9.722768540186182,-1.0247598527533452,2
AUDCHF,1,2013-04-10 00:00:00+00:00,2013-04-11 00:00:00+00:00,0.9829000234603882,0.9661747738718987,23478.442420219373,2013-04-15 00:00:00+00:00,0.9661747738718987,stop,-401.8350575075226,9.152248080373369,-1.0233069741293863,2
EURUSD,1,2013-05-03 00:00:00+00:00,2013-05-06 00:00:00+00:00,1.3123359680175781,1.303441047668457,43242.70347293295,2013-05-09 00:00:00+00:00,1.303441047668457,stop,-407.26305704052567,22.622653968124943,-1.0588150745148495,3
AUDNZD,-1,2013-05-14 00:00:00+00:00,2013-05-15 00:00:00+00:00,1.205899953842163,1.216599941253662,35567.123386800275,2013-05-29 00:00:00+00:00,1.184499979019165,target,744.1316151328153,17.003929871175593,1.9553195748568373,10
USDJPY,1,2013-05-28 00:00:00+00:00,2013-05-29 00:00:00+00:00,102.50499725341797,100.75499725341797,221.09490730513326,2013-05-29 00:00:00+00:00,100.75499725341797,stop,-395.90403771284934,8.987949928866158,-1.023229713657924,0
GBPCHF,1,2013-05-28 00:00:00+00:00,2013-05-29 00:00:00+00:00,1.4677000045776367,1.4509999752044678,23168.587260428463,2013-05-30 00:00:00+00:00,1.4509999752044678,stop,-400.4405188177017,13.524431033718496,-1.034954429295453,1
EURCHF,1,2013-05-28 00:00:00+00:00,2013-05-29 00:00:00+00:00,1.2547999620437622,1.2410000562667847,28037.589099302222,2013-05-31 00:00:00+00:00,1.2410000562667847,stop,-400.9113308614676,13.995243077484416,-1.036171261726646,2
NZDCAD,-1,2013-05-30 00:00:00+00:00,2013-05-31 00:00:00+00:00,0.8325999975204468,0.8461700081825256,27767.6304617057,2013-06-07 00:00:00+00:00,0.8054599761962891,target,744.5170740471685,9.097008804855534,1.9758576464748956,5
AUDUSD,-1,2013-06-17 00:00:00+00:00,2013-06-18 00:00:00+00:00,0.9547451138496399,0.9651577472686768,36907.32282188478,2013-06-19 00:00:00+00:00,0.9339198470115662,target,754.6637325621015,13.941113482577384,1.963723586822748,1
USDCHF,-1,2013-06-20 00:00:00+00:00,2013-06-21 00:00:00+00:00,0.9262300133705139,0.9357900023460388,41737.76650495642,2013-06-21 00:00:00+00:00,0.9357900023460388,stop,-414.5558989791224,15.543311328706551,-1.0389544385560197,0
AUDNZD,-1,2013-06-05 00:00:00+00:00,2013-06-06 00:00:00+00:00,1.1965999603271484,1.2099000215530396,28491.1208611055,2013-07-03 00:00:00+00:00,1.1699998378753662,target,744.3818875178423,13.485416176091146,1.964412196936425,19
NZDCAD,-1,2013-06-17 00:00:00+00:00,2013-06-18 00:00:00+00:00,0.8144000172615051,0.8255000114440918,34621.858056936755,2013-07-04 00:00:00+00:00,0.8255000114440918,stop,-395.6577002266217,11.355277204282338,-1.0295477637506913,12
EURCAD,1,2013-06-28 00:00:00+00:00,2013-07-01 00:00:00+00:00,1.3680000305175781,1.358299970626831,40632.01536534692,2013-07-04 00:00:00+00:00,1.358299970626831,stop,-416.28799523302933,22.155012707408993,-1.0562120240875017,3
NZDCHF,-1,2013-06-28 00:00:00+00:00,2013-07-01 00:00:00+00:00,0.7310799956321716,0.7420499920845032,35928.268914057124,2013-07-04 00:00:00+00:00,0.7420499920845032,stop,-404.7183845944296,10.585402068809273,-1.0268574378144595,3
CADCHF,-1,2013-06-28 00:00:00+00:00,2013-07-01 00:00:00+00:00,0.8982999920845032,0.9065999984741211,47485.86495290201,2013-07-04 00:00:00+00:00,0.9065999984741211,stop,-411.2744299666525,17.14144744103219,-1.0434915325563192,3
AUDJPY,-1,2013-07-03 00:00:00+00:00,2013-07-04 00:00:00+00:00,90.86000061035156,92.3499984741211,263.4946330973351,2013-07-09 00:00:00+00:00,92.3499984741211,stop,-402.261410727471,9.654970297705246,-1.0245919814436473,3
NZDUSD,-1,2013-06-19 00:00:00+00:00,2013-06-20 00:00:00+00:00,0.786596417427063,0.8110466673970222,16285.187772165536,2013-07-18 00:00:00+00:00,0.7902015447616577,max_hold,-63.84586576504403,5.135690178602259,-0.16034547425279363,20
AUDUSD,-1,2013-07-11 00:00:00+00:00,2013-07-12 00:00:00+00:00,0.9171788096427917,0.9304922223091125,28412.109898065246,2013-07-24 00:00:00+00:00,0.9304922223091125,stop,-388.76139027685826,10.499246483057824,-1.0277565351313116,8
AUDCAD,-1,2013-06-28 00:00:00+00:00,2013-07-01 00:00:00+00:00,0.9595999717712402,0.9782599806785583,21121.800342284325,2013-07-29 00:00:00+00:00,0.9503200054168701,max_hold,187.94140683454026,8.068189685581501,0.47684770158083195,20
EURAUD,1,2013-07-10 00:00:00+00:00,2013-07-11 00:00:00+00:00,1.418969988822937,1.3868000507354736,11554.836149146697,2013-07-31 00:00:00+00:00,1.4833098649978638,target,736.7296534236922,6.7070736339737556,1.9819565717165504,14
AUDCHF,-1,2013-07-10 00:00:00+00:00,2013-07-11 00:00:00+00:00,0.8756600022315979,0.8956999778747559,18548.84307984401,2013-07-31 00:00:00+00:00,0.835580050945282,target,737.0884224140017,6.348304643664373,1.9829217351992028,14
AUDJPY,-1,2013-07-10 00:00:00+00:00,2013-07-11 00:00:00+00:00,91.45500183105469,93.02200317382812,237.2163656675164,2013-07-31 00:00:00+00:00,88.32099914550781,target,734.907565140486,8.529161917180007,1.9770547738448805,14
GBPAUD,1,2013-07-11 00:00:00+00:00,2013-07-12 00:00:00+00:00,1.6539900302886963,1.61489999294281,9676.689240451904,2013-08-07 00:00:00+00:00,1.7321701049804688,target,749.9709237181195,6.5533638694812595,1.982675073419312,18
EURCAD,1,2013-07-10 00:00:00+00:00,2013-07-11 00:00:00+00:00,1.367419958114624,1.34454994648695,16253.527526808564,2013-08-08 00:00:00+00:00,1.3897000551223755,max_hold,353.1675848094811,8.962585205972474,0.9500945324754909,20
AUDJPY,-1,2013-08-15 00:00:00+00:00,2013-08-16 00:00:00+00:00,88.66600036621094,90.02999877929688,298.69908634440594,2013-08-19 00:00:00+00:00,90.02999877929688,stop,-418.1003460996219,10.675266335632788,-1.0262017898893625,1
GBPAUD,1,2013-08-13 00:00:00+00:00,2013-08-14 00:00:00+00:00,1.698390007019043,1.6800999641418457,22159.111516373654,2013-08-21 00:00:00+00:00,1.7349700927734375,target,795.3661576447058,15.216041865433871,1.9624565111974346,5
AUDUSD,-1,2013-07-24 00:00:00+00:00,2013-07-25 00:00:00+00:00,0.9135757684707642,0.9313674569129944,21339.107538356766,2013-08-22 00:00:00+00:00,0.8967805504798889,max_hold,350.66868520286476,7.726277634566337,0.9236417769141861,20
AUDJPY,-1,2013-08-20 00:00:00+00:00,2013-08-21 00:00:00+00:00,88.1094970703125,90.0999984741211,205.27713799371426,2013-09-03 00:00:00+00:00,90.0999984741211,stop,-415.9208983880317,7.316467041732981,-1.0179059904407453,9
EURNZD,-1,2013-09-26 00:00:00+00:00,2013-09-27 00:00:00+00:00,1.6288399696350098,1.643399953842163,27995.684041313903,2013-10-02 00:00:00+00:00,1.643399953842163,stop,-425.9384365109927,18.321719001008024,-1.0449483993515531,3
NZDJPY,1,2013-09-30 00:00:00+00:00,2013-10-01 00:00:00+00:00,81.60399627685547,80.67500305175781,438.53573670784556,2013-10-02 00:00:00+00:00,80.67500305175781,stop,-421.6297564693552,14.23302810455708,-1.0349365302016178,1
GBPCAD,1,2013-10-08 00:00:00+00:00,2013-10-09 00:00:00+00:00,1.6694999933242798,1.6512000560760498,21815.999710951924,2013-10-14 00:00:00+00:00,1.6512000560760498,stop,-413.72030398139873,14.488878263575128,-1.036291928265727,3
EURUSD,1,2013-10-11 00:00:00+00:00,2013-10-14 00:00:00+00:00,1.3556196689605713,1.3489506244659424,43828.71322813963,2013-10-15 00:00:00+00:00,1.3489506244659424,stop,-316.00320581998096,23.707567159187228,-1.0811081796081796,1
NZDUSD,1,2013-10-02 00:00:00+00:00,2013-10-03 00:00:00+00:00,0.8313933610916138,0.8204118609428406,36346.67669924601,2013-10-22 00:00:00+00:00,0.8533563613891602,target,786.0350604639318,12.247010696430626,1.9693165833509736,12
EURCAD,1,2013-10-17 00:00:00+00:00,2013-10-18 00:00:00+00:00,1.407960057258606,1.3945000171661377,29504.148136709366,2013-10-24 00:00:00+00:00,1.4348801374435425,target,777.4789179817649,16.775115646696776,1.957758815350143,4
EURUSD,1,2013-10-17 00:00:00+00:00,2013-10-18 00:00:00+00:00,1.3669979572296143,1.3512491062283516,25216.2533496819,2013-11-01 00:00:00+00:00,1.3512491062283516,stop,-410.83581813806785,13.708801323836985,-1.034519941337181,10
GBPUSD,1,2013-10-17 00:00:00+00:00,2013-10-18 00:00:00+00:00,1.6150392293930054,1.5941921826452017,19049.557552129998,2013-11-01 00:00:00+00:00,1.5941921826452017,stop,-409.3539045105759,12.226887696345049,-1.0307883553086608,10
USDCHF,-1,2013-10-17 00:00:00+00:00,2013-10-18 00:00:00+00:00,0.9030799865722656,0.9168635522946715,28811.631533680724,2013-11-07 00:00:00+00:00,0.9168635522946715,stop,-407.6141253450183,10.487108530787427,-1.0264074416666875,14
AUDCAD,1,2013-11-05 00:00:00+00:00,2013-11-06 00:00:00+00:00,0.9922699928283691,0.9838500022888184,47057.39557888339,2013-11-08 00:00:00+00:00,0.9838500022888184,stop,-414.82103765441104,18.598212064314122,-1.0469387699626231,2
NZDCAD,1,2013-11-05 00:00:00+00:00,2013-11-06 00:00:00+00:00,0.8735700249671936,0.8595686331391335,28298.817035891236,2013-11-21 00:00:00+00:00,0.8595686331391335,stop,-406.03198034681316,9.8091547567162,-1.0247566624716973,11
GBPCAD,1,2013-12-18 00:00:00+00:00,2013-12-19 00:00:00+00:00,1.7554999589920044,1.7314076982438564,16195.305486970989,2013-12-23 00:00:00+00:00,1.7314076982438564,stop,-401.47582963077514,11.294306942758618,-1.028946288550392,2
EURCAD,1,2013-12-26 00:00:00+00:00,2013-12-27 00:00:00+00:00,1.4581999778747559,1.4487199783325195,39636.96241138472,2013-12-27 00:00:00+00:00,1.4771599769592285,target,728.2470205924036,23.26975043872772,1.9380725718022234,0
CADCHF,-1,2013-12-27 00:00:00+00:00,2013-12-30 00:00:00+00:00,0.8321999907493591,0.8443984715268016,32749.837061779523,2014-01-02 00:00:00+00:00,0.8443984715268016,stop,-410.4799231540049,10.981665291514874,-1.0274886437559756,3
EURCAD,1,2014-01-01 00:00:00+00:00,2014-01-02 00:00:00+00:00,1.4651999473571777,1.4493000507354736,24855.95056211507,2014-01-02 00:00:00+00:00,1.4493000507354736,stop,-409.69557794499264,14.488533573175085,-1.0366606156937426,0
CADJPY,1,2014-01-03 00:00:00+00:00,2014-01-06 00:00:00+00:00,98.63899993896484,97.5989990234375,367.92423678396585,2014-01-07 00:00:00+00:00,97.5989990234375,stop,-397.0816862992746,14.440143199250913,-1.0377380435021826,1
USDCAD,1,2013-12-12 00:00:00+00:00,2013-12-13 00:00:00+00:00,1.0643999576568604,1.055799961090088,44999.13094173618,2014-01-08 00:00:00+00:00,1.0815999507904053,target,754.6711170371166,19.31362617623447,1.950093005461451,18
GBPCAD,1,2013-12-24 00:00:00+00:00,2013-12-25 00:00:00+00:00,1.7392899990081787,1.725000023841858,26751.541956718873,2014-01-08 00:00:00+00:00,1.7678699493408203,target,745.7933531431668,18.76438730143645,1.9509144010744703,10
AUDUSD,-1,2014-01-07 00:00:00+00:00,2014-01-08 00:00:00+00:00,0.8918458819389343,0.9004952907562256,45673.740681659874,2014-01-13 00:00:00+00:00,0.9013068675994873,stop_gap,-448.49860439000395,16.379998737004655,-1.135293338294984,3
GBPJPY,1,2014-01-08 00:00:00+00:00,2014-01-09 00:00:00+00:00,172.38999938964844,170.41900634765625,202.3426955112045,2014-01-13 00:00:00+00:00,170.41900634765625,stop,-412.6890246038083,13.872979653280442,-1.0347854100378568,2
GBPAUD,1,2014-01-08 00:00:00+00:00,2014-01-09 00:00:00+00:00,1.8494999408721924,1.8228000402450562,14936.986115416265,2014-01-13 00:00:00+00:00,1.8228000402450562,stop,-409.78666371644624,10.97061876591835,-1.0275079674070766,2
AUDNZD,-1,2014-01-03 00:00:00+00:00,2014-01-06 00:00:00+00:00,1.0842000246047974,1.0901800394058228,52938.784506968725,2014-01-14 00:00:00+00:00,1.0722399950027466,target,610.3175670998918,22.831862700041437,1.927878438720995,6
EURJPY,1,2014-01-14 00:00:00+00:00,2014-01-15 00:00:00+00:00,142.37399291992188,140.53599548339844,213.37312664644466,2014-01-20 00:00:00+00:00,140.53599548339844,stop,-404.2523375561812,12.073077757025171,-1.0307845900958863,3
CADCHF,-1,2014-01-08 00:00:00+00:00,2014-01-09 00:00:00+00:00,0.84170001745224,0.8536999821662903,33234.76813924041,2014-01-23 00:00:00+00:00,0.8177000880241394,target,786.6021343499079,11.029955551147712,1.972343250250837,10
USDJPY,1,2014-01-15 00:00:00+00:00,2014-01-16 00:00:00+00:00,104.59200286865234,103.28147268295288,297.57747648855366,2014-01-24 00:00:00+00:00,103.28147268295288,stop,-402.3559583792321,12.371692856710347,-1.031723569257683,6
GBPAUD,1,2014-01-15 00:00:00+00:00,2014-01-16 00:00:00+00:00,1.8372000455856323,1.8016999959945679,10985.456922310408,2014-01-24 00:00:00+00:00,1.9082001447677612,target,771.7395445554554,8.228986489588081,1.9788991833335572,6
GBPJPY,1,2014-01-20 00:00:00+00:00,2014-01-21 00:00:00+00:00,171.2270050048828,168.8300018310547,162.90103095674434,2014-01-24 00:00:00+00:00,168.8300018310547,stop,-401.5534156227176,11.079127399527774,-1.0283735132726461,3
AUDUSD,-1,2014-01-15 00:00:00+00:00,2014-01-16 00:00:00+00:00,0.8906305432319641,0.9054483948275447,26318.543076705835,2014-02-12 00:00:00+00:00,0.9054483948275447,stop,-399.4383017026184,9.45403618009665,-1.0242420964533776,19
EURCAD,1,2014-02-10 00:00:00+00:00,2014-02-11 00:00:00+00:00,1.5085300207138062,1.4910000562667847,22185.616470257966,2014-02-12 00:00:00+00:00,1.4910000562667847,stop,-402.2223527346554,13.309284775778949,-1.0342217474090798,1
CADCHF,-1,2014-02-10 00:00:00+00:00,2014-02-11 00:00:00+00:00,0.8105000257492065,0.8213099837303162,35977.296918128755,2014-02-12 00:00:00+00:00,0.8213099837303162,stop,-400.65469060388034,11.741622645003858,-1.0301908668346558,1
CADJPY,-1,2014-02-14 00:00:00+00:00,2014-02-17 00:00:00+00:00,92.54000091552734,93.34600067138672,469.62643411802827,2014-02-18 00:00:00+00:00,93.34600067138672,stop,-395.9781872597838,17.459396015544122,-1.046125572678051,1
CADCHF,-1,2014-02-13 00:00:00+00:00,2014-02-14 00:00:00+00:00,0.8137500286102295,0.82191002368927,46319.174417383496,2014-02-21 00:00:00+00:00,0.7974300384521484,target,741.0027645133237,14.925706108814785,1.960510268659333,5
EURCAD,1,2014-02-14 00:00:00+00:00,2014-02-17 00:00:00+00:00,1.5035200119018555,1.4901000261306763,28205.6030235999,2014-02-21 00:00:00+00:00,1.5303599834442139,target,739.9230995344849,17.114482953994468,1.9547856451254721,4
CADJPY,-1,2014-02-19 00:00:00+00:00,2014-02-20 00:00:00+00:00,92.36100006103516,93.70899963378906,284.64985960001536,2014-03-06 00:00:00+00:00,93.70899963378906,stop,-394.3008489830614,10.592959857781324,-1.0276068336304722,10
EURCAD,1,2014-03-06 00:00:00+00:00,2014-03-07 00:00:00+00:00,1.5230000019073486,1.5128999948501587,37905.84731849519,2014-03-10 00:00:00+00:00,1.5432000160217285,target,742.4532689056142,23.245381945517362,1.9392832103865447,1
CADCHF,-1,2014-03-06 00:00:00+00:00,2014-03-07 00:00:00+00:00,0.8008000254631042,0.805429995059967,72091.16346491386,2014-03-10 00:00:00+00:00,0.7915099859237671,target,646.7714627623262,22.958296263541957,1.9377184556759959,1
EURCHF,-1,2014-03-07 00:00:00+00:00,2014-03-10 00:00:00+00:00,1.2181600332260132,1.2213499546051025,48909.96828267773,2014-03-26 00:00:00+00:00,1.2213499546051025,stop,-179.88222470151504,23.86327122601908,-1.1529511043013565,12
GBPCHF,-1,2014-03-21 00:00:00+00:00,2014-03-24 00:00:00+00:00,1.4550100564956665,1.4646199941635132,41148.953325996925,2014-03-26 00:00:00+00:00,1.4646199941635132,stop,-419.4668206967133,24.027944136750527,-1.0607627260773562,2
NZDJPY,1,2014-04-09 00:00:00+00:00,2014-04-10 00:00:00+00:00,89.0250015258789,88.09200286865234,426.01732732120195,2014-04-10 00:00:00+00:00,88.09200286865234,stop,-412.56457691298954,15.090982567059157,-1.0379672581568402,0
NZDJPY,1,2014-04-14 00:00:00+00:00,2014-04-15 00:00:00+00:00,88.49199676513672,87.625,453.4898820262392,2014-04-15 00:00:00+00:00,87.625,stop,-409.14771595614906,15.97345521716748,-1.0406269097756933,0
GBPNZD,-1,2014-04-04 00:00:00+00:00,2014-04-07 00:00:00+00:00,1.9249000549316406,1.9514199495315552,14810.370341859556,2014-04-16 00:00:00+00:00,1.9514199495315552,stop,-404.2514074177476,11.481946965931723,-1.0292332987211472,7
EURNZD,-1,2014-04-04 00:00:00+00:00,2014-04-07 00:00:00+00:00,1.591539978981018,1.6174104437232018,15182.157118784826,2014-04-28 00:00:00+00:00,1.6174104437232018,stop,-402.5132183525931,9.74375790077729,-1.024807829736988,15
NZDCAD,1,2014-04-09 00:00:00+00:00,2014-04-10 00:00:00+00:00,0.9483100175857544,0.9376000165939331,37112.37698758962,2014-04-29 00:00:00+00:00,0.9376000165939331,stop,-411.4717151765613,13.998120830630917,-1.0352177378063712,13
AUDNZD,1,2014-04-28 00:00:00+00:00,2014-04-29 00:00:00+00:00,1.084149956703186,1.075700044631958,43830.90624023611,2014-05-01 00:00:00+00:00,1.075700044631958,stop,-389.3009403125339,18.933636580298906,-1.051121242046753,2
NZDUSD,1,2014-04-04 00:00:00+00:00,2014-04-07 00:00:00+00:00,0.8610298037528992,0.851716160774231,42171.41040851656,2014-05-05 00:00:00+00:00,0.8663259148597717,max_hold,208.77546967080298,14.5690053862226,0.5315471050896919,20
NZDUSD,1,2014-05-14 00:00:00+00:00,2014-05-15 00:00:00+00:00,0.8661758303642273,0.8606592416763306,64172.5455300598,2014-05-20 00:00:00+00:00,0.8606592416763306,stop,-376.176619201351,22.163080456685357,-1.0626051775739307,3
USDCAD,-1,2014-05-22 00:00:00+00:00,2014-05-23 00:00:00+00:00,1.0893000364303589,1.093999981880188,50509.90649241686,2014-06-04 00:00:00+00:00,1.093999981880188,stop,-259.4494611442796,22.05565595395155,-1.0929074620808605,8
USDCHF,1,2014-06-09 00:00:00+00:00,2014-06-10 00:00:00+00:00,0.8970299959182739,0.8909199833869934,59608.46344245587,2014-06-25 00:00:00+00:00,0.8909199833869934,stop,-385.52384879945356,21.315390195671554,-1.0585252475392406,11
EURCAD,-1,2014-06-09 00:00:00+00:00,2014-06-10 00:00:00+00:00,1.482200026512146,1.4953700304031372,27654.392634835483,2014-06-26 00:00:00+00:00,1.4558600187301636,target,712.1668639923934,16.250053215170666,1.9553825485617047,12
EURUSD,-1,2014-06-09 00:00:00+00:00,2014-06-10 00:00:00+00:00,1.3592681884765625,1.3675774335861206,40191.67759071652,2014-06-30 00:00:00+00:00,1.3675774335861206,stop,-355.8818004819174,21.91930001632004,-1.0656340157525501,14
AUDCHF,1,2014-06-26 00:00:00+00:00,2014-06-27 00:00:00+00:00,0.8406199812889099,0.8356000185012817,66529.04832697718,2014-06-30 00:00:00+00:00,0.8356000185012817,stop,-356.27681117227934,22.30346427453747,-1.0667821683428125,1
CADCHF,1,2014-06-09 00:00:00+00:00,2014-06-10 00:00:00+00:00,0.8223999738693237,0.8148999810218811,48561.17412538214,2014-07-03 00:00:00+00:00,0.837399959564209,target,712.2965504914113,16.120366716152695,1.955738626230837,17
EURAUD,-1,2014-06-26 00:00:00+00:00,2014-06-27 00:00:00+00:00,1.4467400312423706,1.4551299810409546,38656.32121326391,2014-07-03 00:00:00+00:00,1.4551299810409546,stop,-346.7597182400138,22.435123862792462,-1.0691749076442172,4
AUDCHF,1,2014-07-01 00:00:00+00:00,2014-07-02 00:00:00+00:00,0.8420000076293945,0.8348000049591064,51125.0929042165,2014-07-03 00:00:00+00:00,0.8348000049591064,stop,-385.24611671416096,17.145311285075703,-1.0465777608530085,1
GBPCHF,1,2014-07-01 00:00:00+00:00,2014-07-02 00:00:00+00:00,1.5214999914169312,1.513700008392334,36289.92515664917,2014-07-16 00:00:00+00:00,1.5370999574661255,target,543.9223277257112,22.199272645819423,1.9215741896043161,10
GBPUSD,1,2014-07-15 00:00:00+00:00,2014-07-16 00:00:00+00:00,1.7142956256866455,1.7062225341796875,31926.147073212458,2014-07-18 00:00:00+00:00,1.7062225341796875,stop,-279.58349995434105,21.84079316769732,-1.084738743687428,2
EURCHF,-1,2014-07-21 00:00:00+00:00,2014-07-22 00:00:00+00:00,1.214400053024292,1.2157200574874878,44767.32130538202,2014-07-29 00:00:00+00:00,1.2157200574874878,stop,-80.851057488015,21.757993559590265,-1.3681987717872304,5
EURGBP,-1,2014-07-15 00:00:00+00:00,2014-07-16 00:00:00+00:00,0.7915999889373779,0.7979300022125244,57641.64243543926,2014-08-01 00:00:00+00:00,0.7979300022125244,stop,-383.1969856956313,18.32462387805392,-1.050222011299435,12
EURCAD,-1,2014-07-16 00:00:00+00:00,2014-07-17 00:00:00+00:00,1.4526599645614624,1.4648000001907349,30201.575579304033,2014-08-01 00:00:00+00:00,1.4648000001907349,stop,-384.27058111792746,17.622377525011434,-1.048063449792808,11
CADCHF,1,2014-07-16 00:00:00+00:00,2014-07-17 00:00:00+00:00,0.8359299898147583,0.8278999924659729,45659.81626984901,2014-08-06 00:00:00+00:00,0.8278999924659729,stop,-381.8422378519569,15.194034259040865,-1.0414403619331805,14
EURGBP,-1,2014-08-05 00:00:00+00:00,2014-08-06 00:00:00+00:00,0.7922000288963318,0.7983400225639343,57193.411988354135,2014-08-08 00:00:00+00:00,0.7983400225639343,stop,-369.36086992650655,18.193682489429,-1.0518091756300239,2
USDCHF,1,2014-08-11 00:00:00+00:00,2014-08-12 00:00:00+00:00,0.9068999886512756,0.9032300114631653,57360.96346200463,2014-08-15 00:00:00+00:00,0.9032300114631653,stop,-231.27958755319693,20.766160159608575,-1.0986452998116027,3
NZDJPY,-1,2014-08-19 00:00:00+00:00,2014-08-20 00:00:00+00:00,86.69599914550781,87.25,596.0337067534208,2014-08-21 00:00:00+00:00,87.25,stop,-350.9387185766659,20.735535729124877,-1.0627962927259207,1
USDCAD,1,2014-08-19 00:00:00+00:00,2014-08-20 00:00:00+00:00,1.0937999486923218,1.0861599445343018,45090.49704041014,2014-08-28 00:00:00+00:00,1.0861599445343018,stop,-364.1506798986724,19.659095022749575,-1.0570669818533602,6
NZDJPY,-1,2014-08-25 00:00:00+00:00,2014-08-26 00:00:00+00:00,86.51399993896484,87.49099731445312,351.4939516902301,2014-09-02 00:00:00+00:00,87.49099731445312,stop,-355.6410091210499,12.232340819690304,-1.035620361245383,5
USDCAD,1,2014-09-02 00:00:00+00:00,2014-09-03 00:00:00+00:00,1.0928000211715698,1.0833427449688315,35293.91271276545,2014-09-04 00:00:00+00:00,1.0833427449688315,stop,-349.145199367694,15.360918567735057,-1.046020497223298,1
EURCHF,-1,2014-09-16 00:00:00+00:00,2014-09-17 00:00:00+00:00,1.2085700035095215,1.2114200592041016,40993.839146324615,2014-09-17 00:00:00+00:00,1.2114200592041016,stop,-136.67566137499946,19.84093667331726,-1.1698205454241257,0
GBPCAD,-1,2014-09-16 00:00:00+00:00,2014-09-17 00:00:00+00:00,1.784909963607788,1.8032000064849854,18058.614242947882,2014-09-19 00:00:00+00:00,1.8032000064849854,stop,-343.2520875685181,12.959258762236132,-1.0392356649372996,2
GBPCAD,-1,2014-09-19 00:00:00+00:00,2014-09-22 00:00:00+00:00,1.7855099439620972,1.8091199547052383,13914.357025677702,2014-09-23 00:00:00+00:00,1.8091199547052383,stop,-338.521511617199,10.003392757046594,-1.0304500488184791,1
GBPUSD,-1,2014-09-24 00:00:00+00:00,2014-09-25 00:00:00+00:00,1.632759690284729,1.6513369716703892,17370.52372085739,2014-10-03 00:00:00+00:00,1.5956051275134087,target,634.178536427876,11.215677529428799,1.9652439476931203,6
EURCHF,-1,2014-09-18 00:00:00+00:00,2014-09-19 00:00:00+00:00,1.2070000171661377,1.2114800214767456,40781.62316476832,2014-10-06 00:00:00+00:00,1.2114800214767456,stop,-202.42775588523915,19.725908313489683,-1.1079677549825708,11
EURAUD,1,2014-10-03 00:00:00+00:00,2014-10-06 00:00:00+00:00,1.444000005722046,1.4347200393676758,34470.60230873177,2014-10-07 00:00:00+00:00,1.4347200393676758,stop,-339.7322724063962,19.846242766492438,-1.0620416052205637,1
CADCHF,1,2014-09-24 00:00:00+00:00,2014-09-25 00:00:00+00:00,0.8537999987602234,0.8468999862670898,46767.6119861783,2014-10-14 00:00:00+00:00,0.8468999862670898,stop,-338.60464237958377,15.907535400931328,-1.0492955624854228,13
GBPUSD,-1,2014-10-09 00:00:00+00:00,2014-10-10 00:00:00+00:00,1.6122791767120361,1.6225073337554932,30075.32983136714,2014-10-14 00:00:00+00:00,1.591822862625122,target,595.9575081686982,19.272885129284226,1.937347421911422,2
EURCAD,-1,2014-09-16 00:00:00+00:00,2014-09-17 00:00:00+00:00,1.422029972076416,1.438670039176941,19849.248612456802,2014-10-15 00:00:00+00:00,1.4306800365447998,max_hold,-183.02211018280207,11.324830036073262,-0.5541207504996883,20
GBPAUD,1,2014-10-09 00:00:00+00:00,2014-10-10 00:00:00+00:00,1.839400053024292,1.8198000192642212,16493.110373664444,2014-10-15 00:00:00+00:00,1.8198000192642212,stop,-335.33583826671213,12.070318134315073,-1.0373387119336808,3
EURUSD,-1,2014-10-14 00:00:00+00:00,2014-10-15 00:00:00+00:00,1.2644143104553223,1.2793008089065552,21718.007486490435,2014-10-15 00:00:00+00:00,1.2793008089065552,stop,-334.3539696126647,11.048884801160034,-1.0341747943976873,0
USDCHF,1,2014-10-14 00:00:00+00:00,2014-10-15 00:00:00+00:00,0.9546099901199341,0.9470000267028809,42484.44665147902,2014-10-15 00:00:00+00:00,0.9470000267028809,stop,-339.46285467383,16.157769862325402,-1.049976850415903,0
NZDUSD,-1,2014-10-09 00:00:00+00:00,2014-10-10 00:00:00+00:00,0.786101758480072,0.7973846197128296,28651.023305494462,2014-10-16 00:00:00+00:00,0.7973846197128296,stop,-332.33922115750465,9.073701025107567,-1.0280688797908029,4
NZDCHF,-1,2014-10-16 00:00:00+00:00,2014-10-17 00:00:00+00:00,0.7490000128746033,0.7526000142097473,62091.22925901638,2014-10-20 00:00:00+00:00,0.7526000142097473,stop,-242.17574654060175,18.647238307407925,-1.0834221927878407,1
USDCAD,1,2014-10-22 00:00:00+00:00,2014-10-23 00:00:00+00:00,1.125,1.1190799474716187,41432.91375561713,2014-10-28 00:00:00+00:00,1.1190799474716187,stop,-263.8807800220078,18.59575418486028,-1.0758128390487505,3
NZDJPY,-1,2014-10-22 00:00:00+00:00,2014-10-23 00:00:00+00:00,84.09100341796875,85.41999816894531,233.82097855449598,2014-10-28 00:00:00+00:00,85.41999816894531,stop,-318.67389882048957,7.927045653360993,-1.0255096570490374,3
AUDUSD,-1,2014-10-09 00:00:00+00:00,2014-10-10 00:00:00+00:00,0.8763473629951477,0.8899964094161987,23684.110241857063,2014-10-29 00:00:00+00:00,0.8899964094161987,stop,-331.6323762585587,8.366856126161604,-1.0258823029524922,13
NZDJPY,-1,2014-10-29 00:00:00+00:00,2014-10-30 00:00:00+00:00,84.68000030517578,86.1500015258789,208.5171934243457,2014-10-31 00:00:00+00:00,86.1500015258789,stop,-313.64472737827526,7.124198506897472,-1.0232421578193445,1
USDCHF,1,2014-10-21 00:00:00+00:00,2014-10-22 00:00:00+00:00,0.9492999911308289,0.9397900104522705,32368.1893318847,2014-11-03 00:00:00+00:00,0.9683199524879456,target,603.2277332119538,12.41397708033011,1.959671422930599,8
EURUSD,-1,2014-10-21 00:00:00+00:00,2014-10-22 00:00:00+00:00,1.2714234590530396,1.284438967704773,23650.31312895686,2014-11-03 00:00:00+00:00,1.2453924417495728,target,603.7370134639001,11.904696828383882,1.9613258925463906,8
GBPUSD,-1,2014-10-22 00:00:00+00:00,2014-10-23 00:00:00+00:00,1.6045182943344116,1.6186991930007935,21913.05787296861,2014-11-13 00:00:00+00:00,1.576156497001648,target,607.5540441787292,13.939662155527886,1.9551414213419862,15
NZDCAD,-1,2014-10-28 00:00:00+00:00,2014-10-29 00:00:00+00:00,0.8845000267028809,0.8967199921607971,24222.248758310703,2014-11-13 00:00:00+00:00,0.8967199921607971,stop,-304.6240740176516,8.629030878039778,-1.0291526195388674,11
NZDUSD,-1,2014-10-29 00:00:00+00:00,2014-10-30 00:00:00+00:00,0.7782707214355469,0.7961081266403198,17184.14339712139,2014-11-17 00:00:00+00:00,0.7961081266403198,stop,-311.93139924872384,5.410870377346097,-1.0176525546176929,12
AUDUSD,-1,2014-10-29 00:00:00+00:00,2014-10-30 00:00:00+00:00,0.8769621849060059,0.8911861777305603,21549.541865786152,2014-11-26 00:00:00+00:00,0.848514199256897,target,605.6044126269668,7.436645115788757,1.975738508793617,19
AUDJPY,1,2014-12-02 00:00:00+00:00,2014-12-03 00:00:00+00:00,100.7699966430664,99.91609954833984,371.7951536511884,2014-12-09 00:00:00+00:00,99.91609954833984,stop,-332.3976251299939,14.922823593828213,-1.0470047497364237,4
NZDJPY,1,2014-12-11 00:00:00+00:00,2014-12-12 00:00:00+00:00,92.66999816894531,91.37200164794922,240.33460853088127,2014-12-15 00:00:00+00:00,91.37200164794922,stop,-320.7998181438888,8.846332395846776,-1.028357857180643,1
GBPJPY,1,2014-12-11 00:00:00+00:00,2014-12-12 00:00:00+00:00,187.01100158691406,184.98800659179688,154.20378522981528,2014-12-15 00:00:00+00:00,184.98800659179688,stop,-323.42621678062085,11.47273103257885,-1.0367770566982704,1
EURUSD,-1,2014-11-17 00:00:00+00:00,2014-11-18 00:00:00+00:00,1.2451130151748657,1.2575926780700684,24756.11244390806,2014-12-16 00:00:00+00:00,1.2443537712097168,max_hold,6.470025035763184,12.325903937822234,0.020942120798188888,20
GBPUSD,-1,2014-11-27 00:00:00+00:00,2014-11-28 00:00:00+00:00,1.5725990533828735,1.581827998161316,29898.361840760655,2014-12-23 00:00:00+00:00,1.5541411638259888,target,533.1637787093043,18.696882079233827,1.932240569376631,17
EURJPY,1,2014-12-22 00:00:00+00:00,2014-12-23 00:00:00+00:00,146.85000610351562,144.9600067138672,164.49962262386575,2014-12-30 00:00:00+00:00,144.9600067138672,stop,-320.5047137537695,9.60052739726498,-1.0308793764078052,5
CHFJPY,1,2014-12-22 00:00:00+00:00,2014-12-23 00:00:00+00:00,122.04900360107422,120.66000366210938,223.83311736371047,2014-12-30 00:00:00+00:00,120.66000366210938,stop,-321.76944909809856,10.865262741593966,-1.034947302797445,5
GBPJPY,1,2014-12-18 00:00:00+00:00,2014-12-19 00:00:00+00:00,186.25,182.5367968082428,82.33894525639954,2015-01-05 00:00:00+00:00,182.5367968082428,stop,-311.81433750671965,6.073103174735369,-1.019863539793723,11
NZDJPY,1,2014-12-18 00:00:00+00:00,2014-12-19 00:00:00+00:00,92.47100067138672,90.62622320652008,165.73339611674342,2015-01-14 00:00:00+00:00,90.62622320652008,stop,-311.81029927855093,6.069064946566636,-1.0198503318004422,18
AUDJPY,-1,2015-01-02 00:00:00+00:00,2015-01-05 00:00:00+00:00,97.16230010986328,98.27880096435547,270.941414956427,2015-01-14 00:00:00+00:00,94.9292984008789,target,594.6035287319977,10.409113900348476,1.9655904251684408,7
AUDNZD,-1,2015-01-06 00:00:00+00:00,2015-01-07 00:00:00+00:00,1.0429500341415405,1.0558738764375448,23575.55403731466,2015-01-14 00:00:00+00:00,1.0558738764375448,stop,-314.58292972291514,9.896187303733061,-1.032479874986218,5
USDJPY,1,2014-12-17 00:00:00+00:00,2014-12-18 00:00:00+00:00,118.74400329589844,115.9598457813263,110.77506446581008,2015-01-15 00:00:00+00:00,117.43900299072266,max_hold,-149.79413048317483,5.232637549425856,-0.48568980000433304,20
AUDUSD,-1,2015-01-14 00:00:00+00:00,2015-01-15 00:00:00+00:00,0.8135372400283813,0.8256275057792664,24716.876085278564,2015-01-15 00:00:00+00:00,0.8256275057792664,stop,-306.93660678380917,8.103006381096952,-1.0271154460883156,0
AUDNZD,-1,2015-01-15 00:00:00+00:00,2015-01-16 00:00:00+00:00,1.048200011253357,1.0630442891269922,19979.863844442312,2015-01-20 00:00:00+00:00,1.0630442891269922,stop,-305.0231255170916,8.436474732790849,-1.0284452274250415,2
NZDCAD,1,2015-01-26 00:00:00+00:00,2015-01-27 00:00:00+00:00,0.9277999997138977,0.9211999773979187,44717.98415174312,2015-01-28 00:00:00+00:00,0.9211999773979187,stop,-311.67640366171196,16.536710334611918,-1.0560301128872032,1
CHFJPY,1,2015-01-15 00:00:00+00:00,2015-01-16 00:00:00+00:00,135.76600646972656,127.74425983428955,36.97282702424111,2015-01-29 00:00:00+00:00,127.74425983428955,stop,-298.5351946833348,1.94854389903402,-1.0065698975118442,9
AUDJPY,-1,2015-01-21 00:00:00+00:00,2015-01-22 00:00:00+00:00,95.44300079345703,97.38800048828125,151.61544005114743,2015-01-30 00:00:00+00:00,91.5530014038086,target,584.113673028054,5.670296232188752,1.9807716162943494,6
GBPUSD,-1,2015-01-02 00:00:00+00:00,2015-01-05 00:00:00+00:00,1.5286078453063965,1.5463395062834024,17060.236021231,2015-02-02 00:00:00+00:00,1.5084093809127808,max_hold,334.22812368554605,10.362446135968694,1.1048632710594433,20
AUDCAD,1,2015-01-30 00:00:00+00:00,2015-02-02 00:00:00+00:00,0.9866999983787537,0.9747999906539917,24712.247799763394,2015-02-03 00:00:00+00:00,0.9747999906539917,stop,-303.7705544710583,9.694614757642078,-1.0329663649705232,1
AUDCHF,-1,2015-01-15 00:00:00+00:00,2015-01-16 00:00:00+00:00,0.7020999789237976,0.7505405209958553,6122.6947118616745,2015-02-13 00:00:00+00:00,0.7215999960899353,max_hold,-121.13602804598197,1.743376061658836,-0.4084338513741161,20
CHFJPY,1,2015-02-06 00:00:00+00:00,2015-02-09 00:00:00+00:00,128.39999389648438,125.8499984741211,113.75945791040405,2015-02-19 00:00:00+00:00,125.8499984741211,stop,-295.8707651832196,5.784668261160889,-1.0199412116697035,8
EURUSD,-1,2015-02-16 00:00:00+00:00,2015-02-17 00:00:00+00:00,1.1333627700805664,1.1450005769729614,24929.801841253713,2015-02-19 00:00:00+00:00,1.1450005769729614,stop,-301.4880490470685,11.359829352884002,-1.0391545137003841,2
AUDUSD,-1,2015-02-23 00:00:00+00:00,2015-02-24 00:00:00+00:00,0.7799095511436462,0.7849909663200378,55882.774915179965,2015-02-25 00:00:00+00:00,0.7849909663200378,stop,-301.4537772292857,17.490196676414342,-1.0615930981091353,1
EURUSD,-1,2015-02-19 00:00:00+00:00,2015-02-20 00:00:00+00:00,1.1366735696792603,1.1450005769729614,34243.19854524145,2015-02-27 00:00:00+00:00,1.120019555091858,target,554.8314499463221,15.45527814544375,1.945798219091794,5
NZDCAD,1,2015-02-04 00:00:00+00:00,2015-02-05 00:00:00+00:00,0.9251599907875061,0.903837887570262,13641.8188657115,2015-03-05 00:00:00+00:00,0.9423999786376953,max_hold,230.08940853459774,5.095382964750462,0.7910324645020707,20
CADJPY,-1,2015-02-20 00:00:00+00:00,2015-02-23 00:00:00+00:00,94.97000122070312,96.33000183105469,210.17882533458774,2015-03-05 00:00:00+00:00,96.33000183105469,stop,-293.8847727235981,8.041441985584303,-1.0281323407645098,8
EURJPY,-1,2015-02-16 00:00:00+00:00,2015-02-17 00:00:00+00:00,134.26100158691406,136.32699584960938,140.43031238415975,2015-03-10 00:00:00+00:00,130.12901306152344,target,572.8307649187025,7.42567446966653,1.9744055422202855,15
USDCAD,1,2015-02-19 00:00:00+00:00,2015-02-20 00:00:00+00:00,1.248900055885315,1.236199975013733,22452.090418095348,2015-03-11 00:00:00+00:00,1.274300217628479,target,558.9565039549869,11.330224136778924,1.9602648156491702,13
AUDUSD,-1,2015-02-26 00:00:00+00:00,2015-02-27 00:00:00+00:00,0.7802746295928955,0.7912644147872925,26334.992381405278,2015-03-11 00:00:00+00:00,0.7582950592041016,target,570.7281745289035,8.103644206546003,1.9720000043389123,8
GBPAUD,1,2015-03-09 00:00:00+00:00,2015-03-10 00:00:00+00:00,1.9656000137329102,1.9362000226974487,10079.515092245849,2015-03-12 00:00:00+00:00,1.9362000226974487,stop,-304.20330382465113,7.865650470825042,-1.0265428654840343,2
GBPCAD,1,2015-03-10 00:00:00+00:00,2015-03-11 00:00:00+00:00,1.9110100269317627,1.8901000022888184,14413.728692192904,2015-03-12 00:00:00+00:00,1.8901000022888184,stop,-312.3490558885392,10.957633738071781,-1.0363568201771889,1
EURCHF,-1,2015-03-18 00:00:00+00:00,2015-03-19 00:00:00+00:00,1.0641000270843506,1.0689373319037259,41931.264051721126,2015-03-19 00:00:00+00:00,1.0689373319037259,stop,-220.72249622627086,17.88819054638298,-1.0881911493542618,0
USDCAD,1,2015-03-19 00:00:00+00:00,2015-03-20 00:00:00+00:00,1.2699999809265137,1.2508699893951416,15434.046027028086,2015-03-23 00:00:00+00:00,1.2508699893951416,stop,-303.03461442187347,7.78144463001947,-1.0263551603375,1
EURUSD,-1,2015-03-19 00:00:00+00:00,2015-03-20 00:00:00+00:00,1.067270040512085,1.0914051532745361,12233.345362744763,2015-03-23 00:00:00+00:00,1.0914051532745361,stop,-300.53473362617035,5.2815638343163425,-1.0178882544700187,1
EURAUD,-1,2015-03-26 00:00:00+00:00,2015-03-27 00:00:00+00:00,1.389799952507019,1.4068000316619873,17012.713510033864,2015-03-30 00:00:00+00:00,1.4069299697875977,stop_gap,-300.9440694030008,9.515992986587516,-1.0405459353327675,1
EURJPY,-1,2015-03-26 00:00:00+00:00,2015-03-27 00:00:00+00:00,129.75,131.5,165.26712932078493,2015-04-14 00:00:00+00:00,126.25,target,569.973275601523,8.46167702122419,1.9707428571428571,12
EURCAD,-1,2015-03-26 00:00:00+00:00,2015-03-27 00:00:00+00:00,1.358199954032898,1.3760000467300415,16248.088211236416,2015-04-15 00:00:00+00:00,1.3225997686386108,target,569.7233785486222,8.71157407412496,1.9698788116636974,13
GBPJPY,-1,2015-04-09 00:00:00+00:00,2015-04-10 00:00:00+00:00,177.39999389648438,179.26300048828125,157.1601398574039,2015-04-22 00:00:00+00:00,179.26300048828125,stop,-304.00101773795626,11.210641215894046,-1.0382889675168312,8
EURUSD,-1,2015-03-30 00:00:00+00:00,2015-03-31 00:00:00+00:00,1.0829074382781982,1.1045196056365967,13115.472857623492,2015-04-28 00:00:00+00:00,1.0877013206481934,max_hold,-68.56774615875452,5.6937120524437805,-0.24190096416909362,20
CHFJPY,1,2015-05-26 00:00:00+00:00,2015-05-27 00:00:00+00:00,129.19000244140625,128.46800231933594,340.099792655796,2015-05-28 00:00:00+00:00,130.63400268554688,target,473.4309655730103,17.67321805413505,1.928026603546294,1
AUDJPY,1,2015-05-27 00:00:00+00:00,2015-05-28 00:00:00+00:00,95.69200134277344,94.93720245361328,393.90988079575106,2015-05-28 00:00:00+00:00,94.93720245361328,stop,-312.3408858425672,15.018145388724726,-1.0505112571134,0
EURJPY,1,2015-05-27 00:00:00+00:00,2015-05-28 00:00:00+00:00,134.80999755859375,133.0989990234375,173.77147574629026,2015-06-02 00:00:00+00:00,138.23199462890625,target,585.1560989230592,9.489381984625787,1.9680839011165412,3
EURNZD,1,2015-05-28 00:00:00+00:00,2015-05-29 00:00:00+00:00,1.5259000062942505,1.4931999444961548,9111.746677037001,2015-06-09 00:00:00+00:00,1.591300129890442,target,590.2287312588983,5.680627596508032,1.9809345917727519,7
NZDCAD,-1,2015-05-28 00:00:00+00:00,2015-05-29 00:00:00+00:00,0.8921999931335449,0.904770016670227,23703.589620035713,2015-06-10 00:00:00+00:00,0.8670599460601807,target,587.5692037286829,8.340155126723412,1.9720086452653043,8
AUDJPY,1,2015-06-02 00:00:00+00:00,2015-06-03 00:00:00+00:00,96.28199768066406,94.65722274780273,189.5640645678947,2015-06-10 00:00:00+00:00,94.65722274780273,stop,-315.2379832231906,7.239042941969071,-1.0235034670423195,5
AUDNZD,1,2015-05-29 00:00:00+00:00,2015-06-01 00:00:00+00:00,1.076799988746643,1.060905771329999,19044.56711134868,2015-06-12 00:00:00+00:00,1.1085884235799313,target,597.0730252907076,8.323955256583437,1.9725008365616281,9
CADJPY,1,2015-05-20 00:00:00+00:00,2015-05-21 00:00:00+00:00,99.28199768066406,98.33000183105469,308.69810476638435,2015-06-18 00:00:00+00:00,101.00299835205078,max_hold,518.9041258210667,12.365519737688377,1.765704832505209,20
GBPCAD,1,2015-06-11 00:00:00+00:00,2015-06-12 00:00:00+00:00,1.9067000150680542,1.884600043296814,14437.727493026145,2015-06-19 00:00:00+00:00,1.9508999586105347,target,627.0077446340584,11.13899543941526,1.9650895484065851,5
CHFJPY,1,2015-06-17 00:00:00+00:00,2015-06-18 00:00:00+00:00,134.12100219726562,131.5,126.42491903731035,2015-06-25 00:00:00+00:00,131.5,stop,-338.07621332539884,6.716222739479708,-1.0202686592536532,5
CADCHF,-1,2015-06-12 00:00:00+00:00,2015-06-15 00:00:00+00:00,0.754800021648407,0.7620700001716614,44003.997450620256,2015-06-29 00:00:00+00:00,0.7620700001716614,stop,-333.2577853179689,13.349668914618517,-1.0417296974665902,10
EURCAD,1,2015-06-15 00:00:00+00:00,2015-06-16 00:00:00+00:00,1.3882999420166016,1.3747999668121338,23801.927091061025,2015-06-29 00:00:00+00:00,1.3560199737548828,stop_gap,-781.3894715771415,13.064020509947923,-2.431769817918514,9
USDJPY,1,2015-06-22 00:00:00+00:00,2015-06-23 00:00:00+00:00,123.41400146484375,122.5199966430664,375.7256353658498,2015-06-29 00:00:00+00:00,122.46600341796875,stop_gap,-374.66385269936467,18.476684211670598,-1.1154011964601165,4
CHFJPY,1,2015-06-29 00:00:00+00:00,2015-06-30 00:00:00+00:00,132.47000122070312,130.18099975585938,135.64802301594108,2015-07-01 00:00:00+00:00,130.18099975585938,stop,-317.62414119177356,7.125617805125743,-1.0229489587499667,1
GBPJPY,1,2015-06-11 00:00:00+00:00,2015-06-12 00:00:00+00:00,191.75599670410156,189.0050048828125,115.98484865259437,2015-07-07 00:00:00+00:00,189.0050048828125,stop,-327.9058714651105,8.832501428373696,-1.0276817254519133,17
GBPNZD,1,2015-07-10 00:00:00+00:00,2015-07-13 00:00:00+00:00,2.3108999729156494,2.2730000019073486,8050.245701175012,2015-07-16 00:00:00+00:00,2.386699914932251,target,602.6447907078643,7.563366660597556,1.975210535718779,3
EURAUD,1,2015-07-15 00:00:00+00:00,2015-07-16 00:00:00+00:00,1.4840099811553955,1.469099998474121,20997.283598836333,2015-07-16 00:00:00+00:00,1.469099998474121,stop,-325.470592360624,12.401457548166949,-1.039612520587812,0
NZDCAD,-1,2015-07-15 00:00:00+00:00,2015-07-16 00:00:00+00:00,0.8489999771118164,0.85944002866745,29987.316934610553,2015-07-21 00:00:00+00:00,0.85944002866745,stop,-323.3154411958712,10.24630638341415,-1.0327285741200651,3
AUDNZD,1,2015-07-15 00:00:00+00:00,2015-07-16 00:00:00+00:00,1.1216599941253662,1.103498077020049,17237.670065171827,2015-07-27 00:00:00+00:00,1.103498077020049,stop,-320.7404429471088,7.671308134651762,-1.024503559379136,7
CADCHF,-1,2015-06-29 00:00:00+00:00,2015-06-30 00:00:00+00:00,0.7458400130271912,0.7629206161946058,18178.428498297882,2015-07-28 00:00:00+00:00,0.7379099726676941,max_hold,138.76122305887293,5.394448604860996,0.44689817376709623,20
EURNZD,1,2015-06-29 00:00:00+00:00,2015-06-30 00:00:00+00:00,1.6404999494552612,1.603600025177002,8414.611397172637,2015-07-28 00:00:00+00:00,1.6730200052261353,max_hold,268.0672353712021,5.576396555084208,0.8633446383169809,20
NZDCHF,-1,2015-07-10 00:00:00+00:00,2015-07-13 00:00:00+00:00,0.6305000185966492,0.6414300203323364,27914.366901520592,2015-07-28 00:00:00+00:00,0.6414300203323364,stop,-312.20510304017677,7.101024355945816,-1.0232741049761418,11
NZDUSD,-1,2015-07-23 00:00:00+00:00,2015-07-24 00:00:00+00:00,0.6619886159896851,0.6693888902664185,40876.5855978257,2015-07-28 00:00:00+00:00,0.6693888902664185,stop,-313.38237823977994,10.884433319499468,-1.0359818421985245,2
NZDJPY,-1,2015-07-24 00:00:00+00:00,2015-07-27 00:00:00+00:00,81.41100311279297,82.85900115966797,209.8915190357049,2015-07-28 00:00:00+00:00,82.85900115966797,stop,-310.8182857650773,6.895776145749712,-1.0226892577137077,1
CADCHF,-1,2015-07-31 00:00:00+00:00,2015-08-03 00:00:00+00:00,0.7368000149726868,0.7491099834442139,24327.945765588946,2015-08-07 00:00:00+00:00,0.7491099834442139,stop,-306.7060729222277,7.229827570806544,-1.0241415727725673,4
EURNZD,1,2015-07-31 00:00:00+00:00,2015-08-03 00:00:00+00:00,1.6663000583648682,1.6455999612808228,14467.383613492437,2015-08-14 00:00:00+00:00,1.707700252532959,target,589.189899340882,9.762591361960324,1.9674011160701432,9
CADJPY,-1,2015-07-30 00:00:00+00:00,2015-07-31 00:00:00+00:00,95.375,96.14099884033203,383.42546491889135,2015-08-21 00:00:00+00:00,93.84300231933594,target,572.8967228612183,14.510200102063049,1.950595747054312,15
GBPNZD,1,2015-07-30 00:00:00+00:00,2015-07-31 00:00:00+00:00,2.3613500595092773,2.3225998878479004,7579.410590698896,2015-08-24 00:00:00+00:00,2.4388504028320312,target,580.1303849189319,7.276538044349491,1.9752248815603273,16
NZDJPY,-1,2015-07-30 00:00:00+00:00,2015-07-31 00:00:00+00:00,81.97000122070312,83.04000091552734,274.4892946253511,2015-08-24 00:00:00+00:00,79.83000183105469,target,578.5244492216701,8.882473741611332,1.969757000149736,16
GBPCAD,1,2015-08-11 00:00:00+00:00,2015-08-12 00:00:00+00:00,2.0412800312042236,2.0209999084472656,14572.765283862012,2015-08-24 00:00:00+00:00,2.0818402767181396,target,579.0578848332198,12.017052896895493,1.9593383101538895,8
GBPAUD,1,2015-08-11 00:00:00+00:00,2015-08-12 00:00:00+00:00,2.130350112915039,2.0882999897003174,7028.218855767596,2015-08-24 00:00:00+00:00,2.2144503593444824,target,584.9676960093788,6.107241720736466,1.9793351355948539,8
EURAUD,1,2015-08-11 00:00:00+00:00,2015-08-12 00:00:00+00:00,1.509529948234558,1.4777097329497337,9287.726881156732,2015-08-24 00:00:00+00:00,1.5731703788042068,target,585.3486819913176,5.726255738797718,1.98062426479868,8
NZDUSD,-1,2015-07-30 00:00:00+00:00,2015-07-31 00:00:00+00:00,0.6608075499534607,0.6721333265304565,25932.30225627012,2015-08-28 00:00:00+00:00,0.6480881571769714,max_hold,323.0546021762901,6.788535819848155,1.0999346093729443,20
CADCHF,-1,2015-09-01 00:00:00+00:00,2015-09-02 00:00:00+00:00,0.7242000102996826,0.7343699932098389,33662.93099816527,2015-09-03 00:00:00+00:00,0.7343699932098389,stop,-352.1713812339368,9.81994827682694,-1.0286838240810203,1
EURUSD,1,2015-09-01 00:00:00+00:00,2015-09-02 00:00:00+00:00,1.1296244859695435,1.1156704425811768,24534.210151770327,2015-09-03 00:00:00+00:00,1.1156704425811768,stop,-353.3687404830634,11.017307525953502,-1.0321812805945925,1
GBPAUD,1,2015-08-28 00:00:00+00:00,2015-08-31 00:00:00+00:00,2.158900022506714,2.1396000385284424,17294.227139023766,2015-09-04 00:00:00+00:00,2.197499990463257,target,652.4884991329434,15.068114266549753,1.9548559209388512,4
NZDCHF,-1,2015-09-04 00:00:00+00:00,2015-09-07 00:00:00+00:00,0.6111599802970886,0.6248000264167786,24767.246334520754,2015-09-09 00:00:00+00:00,0.6248000264167786,stop,-343.9486474497644,6.122265189179656,-1.0181225194675803,2
EURCHF,1,2015-08-24 00:00:00+00:00,2015-08-25 00:00:00+00:00,1.0804200172424316,1.0714000463485718,37560.93635756257,2015-09-11 00:00:00+00:00,1.0984599590301514,target,661.2289509587657,16.368154423908386,1.9516876495076982,13
USDCAD,1,2015-08-14 00:00:00+00:00,2015-08-17 00:00:00+00:00,1.3099000453948975,1.2951600551605225,20628.733083262876,2015-09-14 00:00:00+00:00,1.3244600296020508,max_hold,289.48532573942543,10.868702166463283,0.952043520315735,20
AUDCHF,-1,2015-09-09 00:00:00+00:00,2015-09-10 00:00:00+00:00,0.6782000064849854,0.6933500170707703,22452.361977233373,2015-09-14 00:00:00+00:00,0.6933500170707703,stop,-346.31242915071164,6.158907519751358,-1.0181062582866136,2
GBPJPY,-1,2015-09-15 00:00:00+00:00,2015-09-16 00:00:00+00:00,184.7310028076172,187.27000427246094,132.85467913116582,2015-09-17 00:00:00+00:00,187.27000427246094,stop,-347.2026398117953,9.884414886418865,-1.0293029375706146,1
EURUSD,1,2015-09-08 00:00:00+00:00,2015-09-09 00:00:00+00:00,1.1207997798919678,1.1089695692062378,28544.661729829306,2015-09-18 00:00:00+00:00,1.1444602012634277,target,662.4465084551085,12.932215978440055,1.961703809994055,7
EURGBP,1,2015-09-09 00:00:00+00:00,2015-09-10 00:00:00+00:00,0.730459988117218,0.7239000201225281,51852.923963394685,2015-09-21 00:00:00+00:00,0.7239000201225281,stop,-355.2360854154918,15.082563784531526,-1.044340460484472,7
GBPNZD,1,2015-08-24 00:00:00+00:00,2015-08-25 00:00:00+00:00,2.437700033187866,2.3676659166812897,4837.621570617262,2015-09-22 00:00:00+00:00,2.449199914932251,max_hold,50.90388146568855,4.728194520494851,0.15024822585964412,20
EURNZD,1,2015-09-09 00:00:00+00:00,2015-09-10 00:00:00+00:00,1.7910000085830688,1.7340999841690063,5978.090961010086,2015-10-01 00:00:00+00:00,1.7340999841690063,stop,-344.3681953116258,4.21467368066558,-1.0123905043242156,15
CADJPY,-1,2015-09-09 00:00:00+00:00,2015-09-10 00:00:00+00:00,90.51499938964844,92.05799865722656,220.44956778551267,2015-10-06 00:00:00+00:00,92.05799865722656,stop,-348.20314933270805,8.049627701747768,-1.023664690176223,18
EURAUD,1,2015-09-23 00:00:00+00:00,2015-09-24 00:00:00+00:00,1.597059965133667,1.5600999593734741,9316.437013470955,2015-10-07 00:00:00+00:00,1.5600999593734741,stop,-350.2182619979857,5.8826963156250995,-1.0170841960631267,9
AUDJPY,-1,2015-09-22 00:00:00+00:00,2015-09-23 00:00:00+00:00,84.93000030517578,86.90299987792969,171.81330575097041,2015-10-08 00:00:00+00:00,86.90299987792969,stop,-344.89221799981414,5.904639159713291,-1.0174184528528063,11
CHFJPY,-1,2015-09-18 00:00:00+00:00,2015-09-21 00:00:00+00:00,123.75900268554688,125.14299774169922,243.25388231337197,2015-10-09 00:00:00+00:00,125.14299774169922,stop,-348.7714460954693,12.109275583898437,-1.035968625656687,14
AUDUSD,-1,2015-09-21 00:00:00+00:00,2015-09-22 00:00:00+00:00,0.7131141424179077,0.7280139923095703,22357.115953346525,2015-10-09 00:00:00+00:00,0.7280139923095703,stop,-339.5615654777048,6.443893762346445,-1.0193441966893086,13
USDJPY,-1,2015-09-14 00:00:00+00:00,2015-09-15 00:00:00+00:00,120.31999969482422,121.29499816894531,348.1484396068393,2015-10-13 00:00:00+00:00,120.02799987792969,max_hold,84.92392441453794,16.73535620277591,0.25018522946907157,20
EURCHF,1,2015-09-23 00:00:00+00:00,2015-09-24 00:00:00+00:00,1.0953400135040283,1.083299994468689,28599.254259622132,2015-10-15 00:00:00+00:00,1.083299994468689,stop,-356.79706158799996,12.461495905639387,-1.0361899761383775,15
GBPJPY,-1,2015-09-22 00:00:00+00:00,2015-09-23 00:00:00+00:00,184.36300659179688,187.93699645996094,94.84850023210524,2015-10-21 00:00:00+00:00,185.0,max_hold,-67.42457486909424,7.0067054432906275,-0.19889983904365463,20
NZDJPY,1,2015-10-30 00:00:00+00:00,2015-11-02 00:00:00+00:00,81.55999755859375,80.26799774169922,241.9490365384152,2015-11-04 00:00:00+00:00,80.26799774169922,stop,-320.4289364150105,7.830825509569815,-1.025050776816558,2
NZDUSD,1,2015-10-30 00:00:00+00:00,2015-11-02 00:00:00+00:00,0.6772773265838623,0.6651589870452881,25795.457365293412,2015-11-04 00:00:00+00:00,0.6651589870452881,stop,-319.5238626442092,6.925751738768481,-1.0221554497521053,2
GBPCHF,-1,2016-01-06 00:00:00+00:00,2016-01-07 00:00:00+00:00,1.4735000133514404,1.4831500053405762,31170.537510047983,2016-01-07 00:00:00+00:00,1.454200029373169,target,583.339277738053,18.251596799983304,1.9393222285361333,0
EURCAD,1,2016-01-06 00:00:00+00:00,2016-01-07 00:00:00+00:00,1.5160000324249268,1.4949300289154053,14532.441002037714,2016-01-13 00:00:00+00:00,1.5581400394439697,target,603.4622139844101,8.934951845286943,1.9708197478896508,4
CADCHF,-1,2016-01-06 00:00:00+00:00,2016-01-07 00:00:00+00:00,0.7160999774932861,0.7254499793052673,32748.505195205642,2016-01-14 00:00:00+00:00,0.6973999738693237,target,603.1391637295728,9.258002100124271,1.9697647127821658,5
AUDNZD,-1,2016-01-07 00:00:00+00:00,2016-01-08 00:00:00+00:00,1.05840003490448,1.072309970855713,22960.580728679768,2016-01-14 00:00:00+00:00,1.072309970855713,stop,-329.16467515838076,9.78446781933253,-1.0306357989458799,4
AUDNZD,-1,2016-01-15 00:00:00+00:00,2016-01-18 00:00:00+00:00,1.0643999576568604,1.0807000398635864,19633.8379372704,2016-01-20 00:00:00+00:00,1.0807000398635864,stop,-328.45648155315575,8.423309142111119,-1.0263201126266135,2
NZDCAD,1,2016-01-15 00:00:00+00:00,2016-01-18 00:00:00+00:00,0.9390400052070618,0.9232500195503235,20268.11039403778,2016-01-22 00:00:00+00:00,0.9232500195503235,stop,-327.5821923725442,7.5490199614996065,-1.0235882421332367,4
AUDCAD,1,2016-01-14 00:00:00+00:00,2016-01-15 00:00:00+00:00,1.0033400058746338,0.9874041974544525,20131.162113590206,2016-01-26 00:00:00+00:00,0.9874041974544525,stop,-328.82154157456665,8.015198856781565,-1.0249845398594024,7
AUDJPY,-1,2016-01-25 00:00:00+00:00,2016-01-26 00:00:00+00:00,82.01000213623047,83.48100280761719,212.0520639899087,2016-01-27 00:00:00+00:00,83.48100280761719,stop,-318.94727033211655,7.018541834021417,-1.0225004662693782,1
NZDCHF,-1,2016-01-25 00:00:00+00:00,2016-01-26 00:00:00+00:00,0.6518999934196472,0.6620000004768372,30884.010944927104,2016-01-27 00:00:00+00:00,0.6620000004768372,stop,-320.0444288565029,8.115700358407736,-1.0260178034818532,1
AUDUSD,-1,2016-01-25 00:00:00+00:00,2016-01-26 00:00:00+00:00,0.6941069960594177,0.7046223282814026,29664.181969061534,2016-01-27 00:00:00+00:00,0.7046223282814026,stop,-320.2271607386369,8.298432240541716,-1.026603616411024,1
EURAUD,1,2016-01-25 00:00:00+00:00,2016-01-26 00:00:00+00:00,1.5637999773025513,1.534000039100647,10467.428703532078,2016-01-28 00:00:00+00:00,1.534000039100647,stop,-318.41392865999535,6.485200161900195,-1.02079064725178,2
NZDCHF,-1,2016-01-27 00:00:00+00:00,2016-01-28 00:00:00+00:00,0.6517300009727478,0.6628100275993347,27217.620266007132,2016-01-29 00:00:00+00:00,0.6628100275993347,stop,-308.72768752411883,7.155730264428222,-1.0237281023389924,1
GBPUSD,-1,2016-01-29 00:00:00+00:00,2016-02-01 00:00:00+00:00,1.4244811534881592,1.4415452480316162,17223.06290069316,2016-02-01 00:00:00+00:00,1.4415452480316162,stop,-303.76832426301985,9.872350597684473,-1.0335913094506233,0
EURNZD,1,2016-01-25 00:00:00+00:00,2016-01-26 00:00:00+00:00,1.6846699714660645,1.652500033378601,9696.28003790451,2016-02-03 00:00:00+00:00,1.652500033378601,stop,-318.40035547830894,6.471626980213805,-1.0207471335242957,6
EURGBP,1,2016-02-03 00:00:00+00:00,2016-02-04 00:00:00+00:00,0.760420024394989,0.7525799870491028,36845.80012311173,2016-02-09 00:00:00+00:00,0.7761000990867615,target,566.4220353375214,11.322862670989508,1.9608032447884198,3
GBPJPY,-1,2016-02-04 00:00:00+00:00,2016-02-05 00:00:00+00:00,170.34500122070312,174.54800415039062,69.33157137719742,2016-02-11 00:00:00+00:00,161.93899536132812,target,578.1940409110921,4.607554325305506,1.9841882576747698,4
GBPCAD,-1,2016-02-11 00:00:00+00:00,2016-02-12 00:00:00+00:00,2.015170097351074,2.028719902038574,22408.69306021105,2016-02-16 00:00:00+00:00,1.9880704879760742,target,589.3253506314377,17.941477904555143,1.9409107263513512,2
GBPNZD,-1,2016-02-15 00:00:00+00:00,2016-02-16 00:00:00+00:00,2.172800064086914,2.1932599544525146,14995.057854889437,2016-02-16 00:00:00+00:00,2.1932599544525146,stop,-319.89110425205945,13.093864515183677,-1.042679212258929,0
CHFJPY,-1,2016-02-03 00:00:00+00:00,2016-02-04 00:00:00+00:00,117.52300262451172,119.04000091552734,190.42371419604984,2016-02-18 00:00:00+00:00,114.48900604248047,target,568.9087803228199,8.836117685690951,1.969411698082842,10
NZDCHF,-1,2016-02-16 00:00:00+00:00,2016-02-17 00:00:00+00:00,0.6503099799156189,0.6588199734687805,36386.53248453677,2016-02-18 00:00:00+00:00,0.6588199734687805,stop,-319.17609678037417,9.52693991506031,-1.0307668847269111,1
EURNZD,1,2016-02-05 00:00:00+00:00,2016-02-08 00:00:00+00:00,1.6811800003051758,1.651129961013794,9701.580312759297,2016-02-22 00:00:00+00:00,1.651129961013794,stop,-297.99860413026215,6.465734543348763,-1.0221784066836457,10
EURCHF,1,2016-02-17 00:00:00+00:00,2016-02-18 00:00:00+00:00,1.1039999723434448,1.0949900150299072,33998.54323261288,2016-02-23 00:00:00+00:00,1.0949900150299072,stop,-321.2779144790638,14.952491230759154,-1.0488124396342997,3
GBPUSD,-1,2016-02-08 00:00:00+00:00,2016-02-09 00:00:00+00:00,1.4436262845993042,1.466813325881958,12859.103841215634,2016-02-24 00:00:00+00:00,1.3972522020339966,target,589.0229129564195,7.306230291978627,1.975495981121502,11
CADJPY,-1,2016-02-18 00:00:00+00:00,2016-02-19 00:00:00+00:00,82.45099639892578,83.5510025024414,277.78190483445877,2016-02-26 00:00:00+00:00,83.5510025024414,stop,-314.78426105633105,9.222470292229902,-1.0301820141489804,5
AUDJPY,-1,2016-02-26 00:00:00+00:00,2016-02-29 00:00:00+00:00,81.04299926757812,81.98699951171875,319.97862529564173,2016-03-02 00:00:00+00:00,81.98699951171875,stop,-312.49312337713724,10.433222978269914,-1.034540245045744,2
NZDJPY,-1,2016-02-26 00:00:00+00:00,2016-02-29 00:00:00+00:00,74.93599700927734,76.57099914550781,184.74587506978597,2016-03-04 00:00:00+00:00,76.57099914550781,stop,-307.6579589156294,5.598058516762096,-1.018532941676038,4
CHFJPY,-1,2016-03-07 00:00:00+00:00,2016-03-08 00:00:00+00:00,113.94300079345703,114.87000274658203,319.15616636898847,2016-03-09 00:00:00+00:00,112.08899688720703,target,577.2888779805825,14.427901171296968,1.9512337602054253,1
GBPJPY,-1,2016-03-08 00:00:00+00:00,2016-03-09 00:00:00+00:00,160.0500030517578,161.81700134277344,168.97124163060073,2016-03-10 00:00:00+00:00,161.81700134277344,stop,-309.44914866655296,10.877253474493195,-1.0364309355624255,1
CHFJPY,-1,2016-03-15 00:00:00+00:00,2016-03-16 00:00:00+00:00,114.47699737548828,115.91000366210938,207.8650256593909,2016-03-23 00:00:00+00:00,115.91000366210938,stop,-307.4497685150162,9.577879976454073,-1.032154360129268,5
GBPCHF,-1,2016-03-10 00:00:00+00:00,2016-03-11 00:00:00+00:00,1.4062600135803223,1.4276299476623535,13956.315524111205,2016-04-01 00:00:00+00:00,1.3635201454162598,target,588.7599003902959,7.73118516627584,1.9740777847197428,15
EURCAD,-1,2016-03-14 00:00:00+00:00,2016-03-15 00:00:00+00:00,1.4733999967575073,1.493299961090088,14835.123415541051,2016-04-01 00:00:00+00:00,1.493299961090088,stop,-304.02069884100763,8.802272002309902,-1.0298161334187967,13
USDJPY,-1,2016-03-08 00:00:00+00:00,2016-03-09 00:00:00+00:00,112.68000030517578,114.54100036621094,160.43626297679063,2016-04-06 00:00:00+00:00,110.36900329589844,max_hold,363.61069419930595,7.1570297196906125,1.2178329576714153,20
GBPJPY,-1,2016-03-15 00:00:00+00:00,2016-03-16 00:00:00+00:00,160.09500122070312,163.96200561523438,77.02910525775845,2016-04-07 00:00:00+00:00,152.36099243164062,target,590.9301359524314,4.813641124692779,1.9838398945657147,16
AUDUSD,1,2016-04-06 00:00:00+00:00,2016-04-07 00:00:00+00:00,0.7611508965492249,0.7512019276618958,31136.757307902037,2016-04-07 00:00:00+00:00,0.7512019276618958,stop,-319.1965822789108,9.417952570276379,-1.0304022023053512,0
EURGBP,1,2016-03-10 00:00:00+00:00,2016-03-11 00:00:00+00:00,0.7823500037193298,0.7666239254176617,18965.02974595065,2016-04-08 00:00:00+00:00,0.808899998664856,max_hold,497.48582317105036,6.035620725692026,1.668041099748735,20
AUDNZD,1,2016-04-04 00:00:00+00:00,2016-04-05 00:00:00+00:00,1.1158000230789185,1.1052500009536743,28878.768425690527,2016-04-11 00:00:00+00:00,1.1052500009536743,stop,-317.4998837020193,12.828237861182325,-1.0421051254237288,4
USDCAD,-1,2016-04-06 00:00:00+00:00,2016-04-07 00:00:00+00:00,1.3078999519348145,1.3215700387954712,22661.05788985104,2016-04-12 00:00:00+00:00,1.280559778213501,target,607.825812259181,11.731447158087835,1.962129578889538,3
USDCHF,-1,2016-04-19 00:00:00+00:00,2016-04-20 00:00:00+00:00,0.9617999792098999,0.9687100052833557,45059.764401353525,2016-04-20 00:00:00+00:00,0.9687100052833557,stop,-328.7618118922742,17.39766501514535,-1.0558756208434328,0
EURJPY,-1,2016-04-21 00:00:00+00:00,2016-04-22 00:00:00+00:00,123.5999984741211,124.90799713134766,235.73246986614524,2016-04-22 00:00:00+00:00,124.90799713134766,stop,-320.05403476673155,11.716280717112465,-1.0379982034740611,0
EURUSD,1,2016-04-19 00:00:00+00:00,2016-04-20 00:00:00+00:00,1.1358860731124878,1.1236006021499634,25344.095299798733,2016-04-25 00:00:00+00:00,1.1233052015304565,stop_gap,-330.3022401225346,11.451431793004911,-1.0608229734712493,3
GBPAUD,-1,2016-04-12 00:00:00+00:00,2016-04-13 00:00:00+00:00,1.8562300205230713,1.8848600387573242,10916.55753196514,2016-04-26 00:00:00+00:00,1.8848600387573242,stop,-320.70920616831256,8.167964972879464,-1.0261340389563884,9
AUDNZD,1,2016-04-14 00:00:00+00:00,2016-04-15 00:00:00+00:00,1.1203999519348145,1.1044000387191772,19648.140061142585,2016-04-27 00:00:00+00:00,1.1044000387191772,stop,-323.11117219184575,8.742636364879669,-1.027810150726063,8
EURUSD,1,2016-04-26 00:00:00+00:00,2016-04-27 00:00:00+00:00,1.1298030614852905,1.1226998567581177,39850.03516601134,2016-04-29 00:00:00+00:00,1.1440094709396362,target,548.0036144628222,18.122301875610127,1.9359778404323165,2
GBPCAD,-1,2016-04-27 00:00:00+00:00,2016-04-28 00:00:00+00:00,1.8294399976730347,1.8501900434494019,14333.23249328018,2016-05-04 00:00:00+00:00,1.8501900434494019,stop,-307.96342893261055,10.548198573733199,-1.0354662354076662,4
EURUSD,1,2016-05-11 00:00:00+00:00,2016-05-12 00:00:00+00:00,1.1425960063934326,1.1361995935440063,39181.72627955776,2016-05-13 00:00:00+00:00,1.1361995935440063,stop,-268.47992652602807,17.85742908876187,-1.0712522988612856,1
USDJPY,-1,2016-04-28 00:00:00+00:00,2016-04-29 00:00:00+00:00,108.08999633789062,110.36454749107361,131.0053536029626,2016-05-20 00:00:00+00:00,110.36454749107361,stop,-303.7021210628606,5.723742952097471,-1.019208584825473,15
CHFJPY,-1,2016-04-28 00:00:00+00:00,2016-04-29 00:00:00+00:00,111.86000061035156,114.2511510848999,124.6171586784172,2016-05-27 00:00:00+00:00,110.8550033569336,max_hold,119.68908000266939,5.550822197891098,0.4016703519279481,20
AUDUSD,-1,2016-06-02 00:00:00+00:00,2016-06-03 00:00:00+00:00,0.7230135202407837,0.7299802899360657,42601.3439807767,2016-06-03 00:00:00+00:00,0.7299802899360657,stop,-309.1736500454153,12.379897821856664,-1.0417121240899019,0
AUDCAD,-1,2016-06-06 00:00:00+00:00,2016-06-07 00:00:00+00:00,0.9448599815368652,0.9536600112915039,33109.356933262425,2016-06-07 00:00:00+00:00,0.9536600112915039,stop,-303.9350813871594,12.57175521749786,-1.043148035762666,0
AUDNZD,-1,2016-05-31 00:00:00+00:00,2016-06-01 00:00:00+00:00,1.0664000511169434,1.0775799751281738,26313.89340642554,2016-06-09 00:00:00+00:00,1.0440402030944824,target,577.2678774689222,11.106779977989817,1.9622458926895845,6
AUDCAD,-1,2016-06-09 00:00:00+00:00,2016-06-10 00:00:00+00:00,0.9439100027084351,0.9544199705123901,27944.77101673327,2016-06-15 00:00:00+00:00,0.9544199705123901,stop,-304.30832295793516,10.609679283171474,-1.0361243727598566,3
AUDJPY,-1,2016-06-01 00:00:00+00:00,2016-06-02 00:00:00+00:00,79.31800079345703,80.78700256347656,200.85934174908292,2016-06-16 00:00:00+00:00,76.37999725341797,target,583.8707776288524,6.254679479869062,1.9788022041600664,10
GBPNZD,-1,2016-06-23 00:00:00+00:00,2016-06-24 00:00:00+00:00,2.015929937362671,2.06400453299284,6170.089229921338,2016-06-24 00:00:00+00:00,1.919780746102333,target,588.3923522410306,4.856737220026755,1.9836266509083431,0
AUDJPY,-1,2016-06-24 00:00:00+00:00,2016-06-27 00:00:00+00:00,75.9260025024414,79.00981760025024,98.09552734464599,2016-07-12 00:00:00+00:00,79.00981760025024,stop,-305.54817044844873,3.039702195509748,-1.0100483210042508,11
EURCHF,-1,2016-06-30 00:00:00+00:00,2016-07-01 00:00:00+00:00,1.0842100381851196,1.0898499488830566,41768.04990510035,2016-07-12 00:00:00+00:00,1.0898499488830566,stop,-253.72932069905153,18.161249207309083,-1.0770955464902454,7
NZDUSD,1,2016-06-29 00:00:00+00:00,2016-06-30 00:00:00+00:00,0.7125044465065002,0.6984215378761292,21424.941040563303,2016-07-20 00:00:00+00:00,0.6984215378761292,stop,-307.7712882909401,6.045801205599315,-1.020037422970136,14
EURAUD,-1,2016-07-22 00:00:00+00:00,2016-07-25 00:00:00+00:00,1.4677200317382812,1.4787499904632568,26497.15347952044,2016-07-29 00:00:00+00:00,1.4787499904632568,stop,-307.8771228886697,15.614613680216031,-1.0534266735836415,4
EURGBP,1,2016-07-19 00:00:00+00:00,2016-07-20 00:00:00+00:00,0.8402500152587891,0.8255800008773804,20120.98560369435,2016-08-15 00:00:00+00:00,0.8695900440216064,target,583.4695629051465,6.880733443480146,1.976689319930766,18
GBPCHF,-1,2016-07-19 00:00:00+00:00,2016-07-20 00:00:00+00:00,1.2922699451446533,1.3205000162124634,10456.054023572513,2016-08-17 00:00:00+00:00,1.2529200315475464,max_hold,406.12229361495093,5.322528779309781,1.3758688565987223,20
GBPUSD,-1,2016-07-19 00:00:00+00:00,2016-07-20 00:00:00+00:00,1.310753345489502,1.348126769065857,7897.9959534951895,2016-08-17 00:00:00+00:00,1.3032373189926147,max_hold,55.23248932066699,4.129057538110793,0.18711768135727297,20
EURAUD,-1,2016-08-03 00:00:00+00:00,2016-08-04 00:00:00+00:00,1.4691599607467651,1.4887700080871582,14646.641529982628,2016-08-19 00:00:00+00:00,1.4887700080871582,stop,-295.8860817655871,8.664747984860632,-1.0301674944225263,11
GBPNZD,-1,2016-07-26 00:00:00+00:00,2016-07-27 00:00:00+00:00,1.8604700565338135,1.9038300514221191,6747.865395941318,2016-08-24 00:00:00+00:00,1.8134599924087524,max_hold,312.259347881608,4.958237088873707,1.0672343996920792,20
EURNZD,-1,2016-07-26 00:00:00+00:00,2016-07-27 00:00:00+00:00,1.5545899868011475,1.5835800170898438,10092.690699570434,2016-08-24 00:00:00+00:00,1.5529299974441528,max_hold,10.481111535981235,6.272647608744361,0.035822155058268156,20
EURNZD,-1,2016-09-12 00:00:00+00:00,2016-09-13 00:00:00+00:00,1.5275299549102783,1.5422699451446533,20452.930542757487,2016-09-13 00:00:00+00:00,1.5422699451446533,stop,-314.033277291793,12.557280827197479,-1.0416526721014492,0
NZDUSD,1,2016-09-12 00:00:00+00:00,2016-09-13 00:00:00+00:00,0.7361059784889221,0.7292882204055786,44219.227608138935,2016-09-13 00:00:00+00:00,0.7292882204055786,stop,-314.43571638790803,12.95971992331247,-1.0429875680826697,0
NZDCAD,1,2016-09-26 00:00:00+00:00,2016-09-27 00:00:00+00:00,0.9621000289916992,0.9459999799728394,18334.807936423458,2016-10-05 00:00:00+00:00,0.9459999799728394,stop,-302.1882359653691,6.9969294375705395,-1.0237030335339894,6
AUDCAD,1,2016-10-07 00:00:00+00:00,2016-10-10 00:00:00+00:00,1.0066699981689453,0.9981799721717834,34413.25436056549,2016-10-11 00:00:00+00:00,0.9981799721717834,stop,-305.9681065649665,13.798682396821535,-1.047228358806226,1
AUDNZD,1,2016-10-24 00:00:00+00:00,2016-10-25 00:00:00+00:00,1.0645099878311157,1.0587999820709229,40738.42609380417,2016-11-02 00:00:00+00:00,1.0587999820709229,stop,-249.9167089134317,17.30006125661835,-1.0743715526420174,6
GBPJPY,-1,2016-11-01 00:00:00+00:00,2016-11-02 00:00:00+00:00,127.35900115966797,128.9969940185547,175.586485647444,2016-11-04 00:00:00+00:00,128.9969940185547,stop,-296.61193926112804,9.002529653599442,-1.031301234774913,2
GBPNZD,-1,2016-11-07 00:00:00+00:00,2016-11-08 00:00:00+00:00,1.68913996219635,1.7176400423049927,9952.409099886538,2016-11-09 00:00:00+00:00,1.7176400423049927,stop,-290.4255902843718,6.781133663622133,-1.0239071609028092,1
EURAUD,-1,2016-11-07 00:00:00+00:00,2016-11-08 00:00:00+00:00,1.4313700199127197,1.4554500579833984,11779.236219984721,2016-11-09 00:00:00+00:00,1.4554500579833984,stop,-290.4453637451763,6.800907124426614,-1.023976873038347,1
GBPAUD,-1,2016-11-07 00:00:00+00:00,2016-11-08 00:00:00+00:00,1.6060099601745605,1.637279987335205,9070.809410032609,2016-11-09 00:00:00+00:00,1.637279987335205,stop,-289.52830961581685,5.88385299506715,-1.0207437616273751,1
GBPCHF,-1,2016-11-07 00:00:00+00:00,2016-11-08 00:00:00+00:00,1.2074999809265137,1.2173000574111938,28943.08601204824,2016-11-09 00:00:00+00:00,1.2173000574111938,stop,-297.6806958350749,14.036239214325228,-1.049485328856938,1
EURGBP,-1,2016-12-08 00:00:00+00:00,2016-12-09 00:00:00+00:00,0.8439199924468994,0.8558300137519836,22834.85898634351,2016-12-29 00:00:00+00:00,0.8558300137519836,stop,-279.7263673666629,7.762710340717602,-1.0285431900188673,14
EURUSD,-1,2017-01-02 00:00:00+00:00,2017-01-03 00:00:00+00:00,1.0459157228469849,1.0590976476669312,20649.162887654365,2017-01-05 00:00:00+00:00,1.0590976476669312,stop,-280.88906557357126,8.693352793686437,-1.0319378755267774,2
GBPJPY,1,2016-12-30 00:00:00+00:00,2017-01-02 00:00:00+00:00,144.06500244140625,142.30299377441406,153.2249380266404,2017-01-09 00:00:00+00:00,142.30299377441406,stop,-278.7594124968776,8.775743694596452,-1.032504720502273,5
CADJPY,1,2016-12-30 00:00:00+00:00,2017-01-02 00:00:00+00:00,86.7969970703125,85.97200012207031,327.25414242747513,2017-01-09 00:00:00+00:00,88.47699737548828,target,538.3152309997571,11.471828148439716,1.9938807165183938,5
USDJPY,1,2017-01-06 00:00:00+00:00,2017-01-09 00:00:00+00:00,117.15899658203125,115.26300048828125,144.0709511535711,2017-01-10 00:00:00+00:00,115.26300048828125,stop,-279.8550122474043,6.697051637386487,-1.0245171388101983,1
CHFJPY,1,2016-12-29 00:00:00+00:00,2016-12-30 00:00:00+00:00,114.35199737548828,113.37999725341797,276.9201229923381,2017-01-12 00:00:00+00:00,113.37999725341797,stop,-281.77910774466403,12.612714392385442,-1.046858429224031,9
EURNZD,-1,2017-02-02 00:00:00+00:00,2017-02-03 00:00:00+00:00,1.4769400358200073,1.4865000247955322,26744.828492862067,2017-02-07 00:00:00+00:00,1.4578200578689575,target,495.6626000134499,15.697931074681435,1.9386032745183615,2
NZDUSD,1,2017-02-15 00:00:00+00:00,2017-02-16 00:00:00+00:00,0.7219799757003784,0.7139797210693359,33772.04137748041,2017-02-21 00:00:00+00:00,0.7139797210693359,stop,-279.88398848908616,9.699058059140203,-1.0358978498308773,3
USDCAD,-1,2017-02-13 00:00:00+00:00,2017-02-14 00:00:00+00:00,1.307070016860962,1.3208600282669067,19455.628989989465,2017-02-28 00:00:00+00:00,1.3208600282669067,stop,-278.51895207571636,10.225606393930818,-1.0381135296812731,10
EURNZD,-1,2017-02-13 00:00:00+00:00,2017-02-14 00:00:00+00:00,1.475790023803711,1.4857699871063232,26883.199621741936,2017-03-02 00:00:00+00:00,1.4857699871063232,stop,-284.2165874747981,15.923241793012537,-1.059350118254139,12
CADJPY,-1,2017-03-14 00:00:00+00:00,2017-03-15 00:00:00+00:00,85.0999984741211,85.87300109863281,337.03126660955957,2017-03-21 00:00:00+00:00,83.55399322509766,target,509.68377357516755,11.368333688229168,1.956363927792418,4
GBPJPY,-1,2017-03-10 00:00:00+00:00,2017-03-13 00:00:00+00:00,139.66000366210938,140.51699829101562,279.10691349053684,2017-03-22 00:00:00+00:00,137.94601440429688,target,462.8898997302003,15.496351773782573,1.9352140588277187,7
AUDCAD,1,2017-03-27 00:00:00+00:00,2017-03-28 00:00:00+00:00,1.021299958229065,1.0154000520706177,39488.17529572408,2017-03-31 00:00:00+00:00,1.0154000520706177,stop,-249.06164201939106,16.085113406303385,-1.069041776448719,3
EURCHF,1,2017-03-20 00:00:00+00:00,2017-03-21 00:00:00+00:00,1.0724300146102905,1.0682599544525146,36839.16495845091,2017-04-03 00:00:00+00:00,1.0682599544525146,stop,-169.3937802180106,15.772246179041169,-1.1026695005860323,9
CADJPY,-1,2017-03-31 00:00:00+00:00,2017-04-03 00:00:00+00:00,83.51699829101562,84.19300079345703,392.4042958347063,2017-04-04 00:00:00+00:00,82.16499328613281,target,517.5297068585742,13.002865047464537,1.950981840753908,1
AUDNZD,1,2017-03-28 00:00:00+00:00,2017-03-29 00:00:00+00:00,1.0920499563217163,1.0791579680517316,20997.364149273617,2017-04-07 00:00:00+00:00,1.0791579680517316,stop,-279.8157009994048,9.117928686371563,-1.0336830577084604,7
CADCHF,-1,2017-04-05 00:00:00+00:00,2017-04-06 00:00:00+00:00,0.746999979019165,0.753030002117157,44527.9365678897,2017-04-07 00:00:00+00:00,0.753030002117157,stop,-281.8631339802892,13.358647969994188,-1.049752047604456,1
NZDCHF,-1,2017-04-04 00:00:00+00:00,2017-04-05 00:00:00+00:00,0.6986899971961975,0.7027199864387512,57867.47396491141,2017-04-13 00:00:00+00:00,0.7027199864387512,stop,-249.4245087207824,16.219211148432464,-1.0695490682127433,6
EURNZD,1,2017-04-04 00:00:00+00:00,2017-04-05 00:00:00+00:00,1.5305299758911133,1.5196000337600708,24660.95717467366,2017-04-13 00:00:00+00:00,1.5196000337600708,stop,-284.5866599243389,15.043825109038961,-1.0558123725282755,6
GBPJPY,-1,2017-04-03 00:00:00+00:00,2017-04-04 00:00:00+00:00,138.2550048828125,140.0780029296875,146.38464628313068,2017-04-19 00:00:00+00:00,140.0780029296875,stop,-275.0076600461455,8.148735779510531,-1.0305357439400025,11
NZDJPY,-1,2017-04-26 00:00:00+00:00,2017-04-27 00:00:00+00:00,76.7300033569336,77.58999633789062,298.6962208204114,2017-05-02 00:00:00+00:00,77.58999633789062,stop,-266.09561348511545,9.218960141170207,-1.0358886649337746,3
EURUSD,1,2017-05-12 00:00:00+00:00,2017-05-15 00:00:00+00:00,1.0928006172180176,1.0839990377426147,28882.963327154317,2017-05-17 00:00:00+00:00,1.1104037761688232,target,495.70438007890476,12.727014339283478,1.9499361586282558,2
GBPJPY,1,2017-05-23 00:00:00+00:00,2017-05-24 00:00:00+00:00,145.0290069580078,143.61900329589844,186.38381669422108,2017-05-26 00:00:00+00:00,143.61900329589844,stop,-273.5617276632373,10.759863566463142,-1.0409428738393611,2
EURCHF,1,2017-05-22 00:00:00+00:00,2017-05-23 00:00:00+00:00,1.0936100482940674,1.0865800380706787,35908.02927867056,2017-06-02 00:00:00+00:00,1.0865800380706787,stop,-268.0910788216443,15.657265890850521,-1.0620252323136403,8
GBPAUD,1,2017-05-31 00:00:00+00:00,2017-06-01 00:00:00+00:00,1.733739972114563,1.7143199443817139,13320.307064476414,2017-06-06 00:00:00+00:00,1.7143199443817139,stop,-267.8665759750867,9.185843372888662,-1.0355103500770377,3
CADCHF,-1,2017-05-12 00:00:00+00:00,2017-05-15 00:00:00+00:00,0.7295899987220764,0.739300012588501,26180.775919190513,2017-06-12 00:00:00+00:00,0.7201200127601624,max_hold,240.34067383506718,7.590906591684719,0.9454202729164493,20
EURCAD,1,2017-05-31 00:00:00+00:00,2017-06-01 00:00:00+00:00,1.516010046005249,1.4969500303268433,13571.905551750044,2017-06-12 00:00:00+00:00,1.4969500303268433,stop,-266.8590545196326,8.178321917434552,-1.0316155047001947,7
EURJPY,1,2017-05-19 00:00:00+00:00,2017-05-22 00:00:00+00:00,124.63700103759766,122.572998046875,127.3525668898485,2017-06-15 00:00:00+00:00,122.572998046875,stop,-269.15264452570335,6.296565588848939,-1.0239544225658237,18
CHFJPY,1,2017-05-18 00:00:00+00:00,2017-05-19 00:00:00+00:00,113.70999908447266,112.44999694824219,207.67125472748356,2017-06-16 00:00:00+00:00,113.84400177001953,max_hold,18.377220869229703,9.451284975142253,0.07023153598827739,20
EURUSD,1,2017-06-16 00:00:00+00:00,2017-06-19 00:00:00+00:00,1.1203352212905884,1.1133625507354736,33189.42444864165,2017-06-20 00:00:00+00:00,1.1133625507354736,stop,-246.24595128340073,14.827028689151634,-1.0640700791574773,1
GBPJPY,-1,2017-06-20 00:00:00+00:00,2017-06-21 00:00:00+00:00,140.63600158691406,142.51699829101562,131.48386899842674,2017-06-27 00:00:00+00:00,142.51699829101562,stop,-254.76673461705457,7.44601038849225,-1.0301066981415232,4
NZDCAD,1,2017-06-16 00:00:00+00:00,2017-06-19 00:00:00+00:00,0.9600099921226501,0.953000009059906,35362.21685688389,2017-06-28 00:00:00+00:00,0.953000009059906,stop,-261.4181961300825,13.529654902241052,-1.0545795898238217,7
EURUSD,1,2017-06-23 00:00:00+00:00,2017-06-26 00:00:00+00:00,1.1199712753295898,1.1120872497558594,31599.145333547287,2017-06-28 00:00:00+00:00,1.1357393264770508,target,484.00123440804293,14.255705427382292,1.9427776944478046,2
AUDNZD,-1,2017-06-16 00:00:00+00:00,2017-06-19 00:00:00+00:00,1.0482100248336792,1.0549499988555908,35473.12113340657,2017-07-04 00:00:00+00:00,1.0549499988555908,stop,-254.00904497193793,14.921130056653542,-1.0624085498505456,11
EURGBP,1,2017-06-08 00:00:00+00:00,2017-06-09 00:00:00+00:00,0.878790020942688,0.866615648381412,20640.814319102577,2017-07-07 00:00:00+00:00,0.8806399703025818,max_hold,30.92124768595979,7.263213551350779,0.12305056002719678,20
NZDCHF,1,2017-06-30 00:00:00+00:00,2017-07-03 00:00:00+00:00,0.7031400203704834,0.6960700154304504,34677.01641519811,2017-07-12 00:00:00+00:00,0.6952900290489197,stop_gap,-281.91295427287247,9.69867635584459,-1.149882836066265,6
USDCHF,-1,2017-07-06 00:00:00+00:00,2017-07-07 00:00:00+00:00,0.9604899883270264,0.968500018119812,30219.595546677356,2017-07-14 00:00:00+00:00,0.968500018119812,stop,-253.7185202164992,11.658659561681201,-1.0481643653356747,4
AUDUSD,1,2017-07-10 00:00:00+00:00,2017-07-12 00:00:00+00:00,0.7639419436454773,0.7571741938591003,35182.00079113587,2017-07-14 00:00:00+00:00,0.7774774432182312,target,465.3599130594249,10.846043617622232,1.954448097653773,2
GBPNZD,-1,2017-07-07 00:00:00+00:00,2017-07-10 00:00:00+00:00,1.7707200050354004,1.786620020866394,15196.277476190084,2017-07-17 00:00:00+00:00,1.786620020866394,stop,-252.4327176657468,10.811665222152177,-1.0447463708679778,4
NZDJPY,1,2017-07-18 00:00:00+00:00,2017-07-19 00:00:00+00:00,82.33799743652344,81.72599792480469,393.34157629658,2017-07-26 00:00:00+00:00,83.56199645996094,target,468.3986322430136,13.051073021367234,1.9457842724643462,5
NZDUSD,1,2017-07-13 00:00:00+00:00,2017-07-14 00:00:00+00:00,0.7324612140655518,0.7219173908233643,22993.121507714583,2017-07-27 00:00:00+00:00,0.7535488605499268,target,478.03721588550025,6.833602041464342,1.971812689942113,9
EURGBP,1,2017-07-18 00:00:00+00:00,2017-07-19 00:00:00+00:00,0.8859000205993652,0.874459981918335,21042.311074643243,2017-08-11 00:00:00+00:00,0.9087800979614258,target,473.89686179753403,7.552843466846756,1.9686245795385866,17
EURUSD,1,2017-08-16 00:00:00+00:00,2017-08-17 00:00:00+00:00,1.1774264574050903,1.1683608293533325,28571.17594794516,2017-08-17 00:00:00+00:00,1.1683608293533325,stop,-272.4200344066853,13.40438026128556,-1.051751236061435,0
EURCHF,1,2017-08-11 00:00:00+00:00,2017-08-14 00:00:00+00:00,1.1386699676513672,1.1262600421905518,20519.37554505957,2017-08-18 00:00:00+00:00,1.1262600421905518,stop,-263.9389109077126,9.294989891044363,-1.0365019115867131,4
AUDCHF,1,2017-08-14 00:00:00+00:00,2017-08-15 00:00:00+00:00,0.7638199925422668,0.7527999877929688,23154.824211115025,2017-08-29 00:00:00+00:00,0.7527999877929688,stop,-262.1896865835955,7.023413807945422,-1.0275248516645483,10
GBPAUD,-1,2017-08-03 00:00:00+00:00,2017-08-04 00:00:00+00:00,1.6518199443817139,1.6728500127792358,12044.6695928409,2017-09-01 00:00:00+00:00,1.628999948501587,max_hold,266.9560321654399,7.903278320679808,1.0539115462012436,20
GBPCAD,-1,2017-08-08 00:00:00+00:00,2017-08-09 00:00:00+00:00,1.6450999975204468,1.6711459960788488,9764.51697874982,2017-09-06 00:00:00+00:00,1.6128699779510498,max_hold,308.34807268246595,6.3625006283497125,1.2124098641676353,20
USDCAD,-1,2017-08-18 00:00:00+00:00,2017-08-21 00:00:00+00:00,1.2586100101470947,1.276005471125245,14700.50048453402,2017-09-06 00:00:00+00:00,1.223819088190794,target,504.1453750433968,7.298590032587498,1.9714588868733522,12
NZDUSD,-1,2017-09-06 00:00:00+00:00,2017-09-07 00:00:00+00:00,0.7204818725585938,0.7264591455459595,44360.43481193288,2017-09-08 00:00:00+00:00,0.7264591455459595,stop,-277.9918152512322,12.837386542067765,-1.0484147543926128,1
EURGBP,1,2017-09-07 00:00:00+00:00,2017-09-08 00:00:00+00:00,0.917900025844574,0.9129199981689453,43646.09507650082,2017-09-08 00:00:00+00:00,0.9129199981689453,stop,-233.34039038130507,15.981628967211115,-1.0735264999820469,0
CADCHF,1,2017-08-14 00:00:00+00:00,2017-08-15 00:00:00+00:00,0.7637900114059448,0.7529000043869019,23431.231249846755,2017-09-11 00:00:00+00:00,0.7855700254440308,target,503.07186288875965,7.260682662540573,1.9715452885541642,19
AUDUSD,1,2017-08-16 00:00:00+00:00,2017-08-17 00:00:00+00:00,0.7932101488113403,0.7808229923248291,20910.0171155059,2017-09-14 00:00:00+00:00,0.798180103302002,max_hold,97.26663398119206,6.6551994818278475,0.3755241523996497,20
AUDNZD,1,2017-09-14 00:00:00+00:00,2017-09-15 00:00:00+00:00,1.1067999601364136,1.097000002861023,26719.63902238643,2017-09-18 00:00:00+00:00,1.0968899726867676,stop_gap,-276.56764727538143,11.776359904460481,-1.0562010777539899,1
EURNZD,1,2017-09-14 00:00:00+00:00,2017-09-15 00:00:00+00:00,1.6489499807357788,1.6327999830245972,16213.706374209038,2017-09-18 00:00:00+00:00,1.6327999830245972,stop,-272.4931868944435,10.641866061196378,-1.040640872184003,1
EURCHF,1,2017-08-21 00:00:00+00:00,2017-08-22 00:00:00+00:00,1.136970043182373,1.1260700225830078,23466.956669811334,2017-09-19 00:00:00+00:00,1.1498600244522095,max_hold,291.7556435122506,10.732988421680496,1.14060474867667,20
EURUSD,1,2017-08-23 00:00:00+00:00,2017-08-24 00:00:00+00:00,1.1816420555114746,1.1666978597640991,17326.696431615554,2017-09-21 00:00:00+00:00,1.187295913696289,max_hold,89.75351062412682,8.209173811558152,0.34662759231339885,20
AUDUSD,1,2017-09-14 00:00:00+00:00,2017-09-15 00:00:00+00:00,0.8002817034721375,0.7959818840026855,49079.840204486885,2017-09-21 00:00:00+00:00,0.7959818840026855,stop,-226.7033248283421,15.668872359501059,-1.0742479352361414,4
EURUSD,1,2017-09-21 00:00:00+00:00,2017-09-22 00:00:00+00:00,1.1944862604141235,1.1866196393966675,31899.350636738935,2017-09-25 00:00:00+00:00,1.1866196393966675,stop,-266.1312485624251,15.19114640025444,-1.0605369419609032,1
GBPAUD,1,2017-10-09 00:00:00+00:00,2017-10-10 00:00:00+00:00,1.6934599876403809,1.678380012512207,16704.47299272979,2017-10-19 00:00:00+00:00,1.678380012512207,stop,-263.1679993032876,11.264962043670984,-1.0447194371541502,7
NZDCAD,-1,2017-09-26 00:00:00+00:00,2017-09-27 00:00:00+00:00,0.890500009059906,0.9063199758529663,15888.84042218222,2017-10-25 00:00:00+00:00,0.8748599886894226,max_hold,242.89188320790134,5.60990465838861,0.9663072350846786,20
GBPNZD,1,2017-11-07 00:00:00+00:00,2017-11-08 00:00:00+00:00,1.905460000038147,1.8811999559402466,10352.749800646068,2017-11-09 00:00:00+00:00,1.8811999559402466,stop,-258.99863531907704,7.840468620873953,-1.0312172553413133,1
NZDUSD,-1,2017-11-10 00:00:00+00:00,2017-11-13 00:00:00+00:00,0.6927126049995422,0.6980510354042053,46562.034437667215,2017-11-17 00:00:00+00:00,0.6820357441902161,target,484.33414469440476,12.802215995619935,1.9484961591710956,3
USDCAD,1,2017-11-13 00:00:00+00:00,2017-11-14 00:00:00+00:00,1.2735300064086914,1.2665599584579468,29428.537158679475,2017-11-30 00:00:00+00:00,1.2874701023101807,target,395.163332859969,15.0732973725631,1.9265141322752228,11
AUDUSD,-1,2017-11-27 00:00:00+00:00,2017-11-28 00:00:00+00:00,0.760861337184906,0.7648183703422546,50076.312763150505,2017-12-05 00:00:00+00:00,0.7648183703422546,stop,-213.43371284365148,15.280082842104417,-1.0771123034283303,5
NZDUSD,-1,2017-11-29 00:00:00+00:00,2017-11-30 00:00:00+00:00,0.6864312887191772,0.6946856379508972,31612.007545383884,2017-12-12 00:00:00+00:00,0.6946856379508972,stop,-269.66852593675577,8.73197574139036,-1.0334639809365636,8
AUDCAD,-1,2017-12-01 00:00:00+00:00,2017-12-04 00:00:00+00:00,0.9649800062179565,0.9763835212215781,22902.05728552136,2017-12-13 00:00:00+00:00,0.9763835212215781,stop,-270.0561976127321,8.89224374348841,-1.0340485109516317,7
EURAUD,1,2017-12-06 00:00:00+00:00,2017-12-07 00:00:00+00:00,1.559499979019165,1.549299955368042,24483.503153996455,2017-12-13 00:00:00+00:00,1.549299955368042,stop,-264.9551738328522,15.222862599742632,-1.0609567201159367,4
AUDJPY,-1,2017-12-06 00:00:00+00:00,2017-12-07 00:00:00+00:00,84.99400329589844,86.17186212539673,216.10978440280923,2017-12-14 00:00:00+00:00,86.17186212539673,stop,-261.9449413544842,7.398123654663271,-1.02906390157031,5
GBPAUD,1,2017-12-06 00:00:00+00:00,2017-12-07 00:00:00+00:00,1.76937997341156,1.749250054359436,12645.198276292234,2017-12-14 00:00:00+00:00,1.749250054359436,stop,-263.44557257223687,8.89875487241598,-1.0349592069263658,5
GBPNZD,1,2017-11-28 00:00:00+00:00,2017-11-29 00:00:00+00:00,1.9364999532699585,1.90802001953125,8978.189058848728,2017-12-15 00:00:00+00:00,1.90802001953125,stop,-262.6015949208752,6.9033654312658435,-1.026998096330371,12
EURCAD,1,2017-12-13 00:00:00+00:00,2017-12-14 00:00:00+00:00,1.5170199871063232,1.505120038986206,20242.73193699285,2017-12-15 00:00:00+00:00,1.505120038986206,stop,-253.12273394450372,12.235274084849529,-1.0507924907837793,1
GBPCAD,1,2017-12-18 00:00:00+00:00,2017-12-19 00:00:00+00:00,1.7210999727249146,1.7006399631500244,11572.373401083638,2017-12-21 00:00:00+00:00,1.7006399631500244,stop,-244.6904010342441,7.919530443868956,-1.0334480775617458,2
GBPUSD,1,2018-01-11 00:00:00+00:00,2018-01-12 00:00:00+00:00,1.354169487953186,1.3459312915802002,25955.831452185255,2018-01-15 00:00:00+00:00,1.3731547594070435,target,478.62051223431934,14.157993695988026,2.238330548280203,1
EURUSD,1,2018-01-11 00:00:00+00:00,2018-01-12 00:00:00+00:00,1.2042099237442017,1.1917957067489624,18875.452770794476,2018-01-15 00:00:00+00:00,1.2290383577346802,target,459.46220055673115,9.18573260333429,1.9607990051662216,1
AUDCHF,1,2018-01-15 00:00:00+00:00,2018-01-16 00:00:00+00:00,0.766789972782135,0.7631000280380249,47673.70512626397,2018-01-24 00:00:00+00:00,0.7631000280380249,stop,-190.50044261785683,14.587104954944012,-1.0829221089699064,6
AUDNZD,-1,2018-01-22 00:00:00+00:00,2018-01-23 00:00:00+00:00,1.0939199924468994,1.100100040435791,33997.54906119243,2018-01-26 00:00:00+00:00,1.100100040435791,stop,-225.0247454446995,14.918260741833661,-1.0710033332047375,3
AUDJPY,1,2018-01-15 00:00:00+00:00,2018-01-16 00:00:00+00:00,88.05899810791016,87.31199645996094,326.2439840353743,2018-02-05 00:00:00+00:00,86.98300170898438,stop_gap,-362.4586318720194,11.421279878756586,-1.4872856063159399,14
NZDUSD,1,2018-02-06 00:00:00+00:00,2018-02-07 00:00:00+00:00,0.7330625653266907,0.7258790135383606,32700.57650115845,2018-02-07 00:00:00+00:00,0.7258790135383606,stop,-244.44793094640085,9.541646142079502,-1.0406189478924661,0
USDJPY,-1,2018-02-05 00:00:00+00:00,2018-02-06 00:00:00+00:00,109.01300048828125,110.46700286865234,162.2589884951799,2018-02-15 00:00:00+00:00,106.10499572753906,target,464.8689453225772,6.9809656946177885,1.9704102277795559,7
NZDJPY,-1,2018-02-21 00:00:00+00:00,2018-02-22 00:00:00+00:00,78.71299743652344,79.18800354003906,449.04277195995536,2018-02-23 00:00:00+00:00,77.76298522949219,target,412.5432330408064,14.052881800301115,1.9341162222936075,1
EURUSD,1,2018-02-13 00:00:00+00:00,2018-02-14 00:00:00+00:00,1.2352999448776245,1.2216575145721436,17253.62437665749,2018-02-28 00:00:00+00:00,1.2216575145721436,stop,-243.85965229845175,8.478284222954596,-1.0360193514562088,10
GBPUSD,1,2018-02-14 00:00:00+00:00,2018-02-15 00:00:00+00:00,1.4015023708343506,1.378796935081482,10691.512217372112,2018-02-28 00:00:00+00:00,1.378796935081482,stop,-248.70056455198284,5.945120799430065,-1.0244901647004467,9
USDCHF,-1,2018-02-08 00:00:00+00:00,2018-02-09 00:00:00+00:00,0.9350000023841858,0.9468200206756592,19809.82923070286,2018-03-01 00:00:00+00:00,0.9468200206756592,stop,-241.6082505178186,7.45570665994657,-1.0318412370718129,14
EURCHF,-1,2018-02-27 00:00:00+00:00,2018-02-28 00:00:00+00:00,1.1484899520874023,1.156000018119812,30895.27265748068,2018-03-01 00:00:00+00:00,1.156000018119812,stop,-246.2651069401771,14.239569193196285,-1.0613706979475865,1
EURAUD,1,2018-02-28 00:00:00+00:00,2018-03-01 00:00:00+00:00,1.570539951324463,1.5622199773788452,22201.43626933576,2018-03-02 00:00:00+00:00,1.5871798992156982,target,355.4095594286929,14.021183203636767,1.924093035118135,1
USDCHF,-1,2018-03-02 00:00:00+00:00,2018-03-05 00:00:00+00:00,0.9369000196456909,0.9488099813461304,19719.80067061081,2018-03-08 00:00:00+00:00,0.9488099813461304,stop,-242.2992357957022,7.437165068427206,-1.0316660968090643,3
AUDUSD,-1,2018-03-08 00:00:00+00:00,2018-03-09 00:00:00+00:00,0.7789981961250305,0.784067690372467,44873.086018136804,2018-03-09 00:00:00+00:00,0.784067690372467,stop,-241.5117694290323,14.027917995363493,-1.0616655551897662,0
EURJPY,-1,2018-03-08 00:00:00+00:00,2018-03-09 00:00:00+00:00,130.95700073242188,132.01100158691406,221.10072563798542,2018-03-13 00:00:00+00:00,132.01100158691406,stop,-244.66883697775467,11.628483226475321,-1.0498990112196886,2
USDJPY,-1,2018-03-12 00:00:00+00:00,2018-03-13 00:00:00+00:00,106.31800079345703,107.02899932861328,324.91936214318577,2018-03-13 00:00:00+00:00,107.02899932861328,stop,-244.88130476667322,13.864114238965051,-1.0600133444930895,0
NZDUSD,1,2018-02-13 00:00:00+00:00,2018-02-14 00:00:00+00:00,0.7282101511955261,0.7178699374198914,22763.684889198295,2018-03-14 00:00:00+00:00,0.7329282760620117,max_hold,100.749728781051,6.652178947517875,0.42802762854507725,20
EURJPY,-1,2018-03-14 00:00:00+00:00,2018-03-15 00:00:00+00:00,131.36399841308594,132.41799926757812,214.4080487747785,2018-03-23 00:00:00+00:00,129.25599670410156,target,440.79672831228464,11.175804924953695,1.9505465305826999,6
EURAUD,1,2018-03-13 00:00:00+00:00,2018-03-14 00:00:00+00:00,1.5768300294876099,1.562399983406067,15752.660155360245,2018-03-26 00:00:00+00:00,1.6056901216506958,target,444.59659222177487,10.02663167569349,1.9558903674575376,8
CADCHF,-1,2018-03-13 00:00:00+00:00,2018-03-14 00:00:00+00:00,0.7282599806785583,0.7404451938346028,18654.7095268478,2018-03-28 00:00:00+00:00,0.7404451938346028,stop,-232.79126563095843,5.479653682224266,-1.024106351784,10
EURCHF,1,2018-03-23 00:00:00+00:00,2018-03-26 00:00:00+00:00,1.1700700521469116,1.1652599573135376,31013.69784126558,2018-03-28 00:00:00+00:00,1.1796902418136597,target,283.78270434893005,14.57495115125931,1.9022987955390334,2
EURCAD,1,2018-03-26 00:00:00+00:00,2018-03-27 00:00:00+00:00,1.5986499786376953,1.5820800065994263,14457.578122900864,2018-04-03 00:00:00+00:00,1.5820800065994263,stop,-248.75879568744134,9.1971304498838,-1.038391494902841,5
CADJPY,-1,2018-04-02 00:00:00+00:00,2018-04-03 00:00:00+00:00,81.88099670410156,82.71499633789062,287.80069742371364,2018-04-03 00:00:00+00:00,82.71499633789062,stop,-249.4998445737408,9.474168318126814,-1.0394714784931482,0
USDJPY,-1,2018-03-14 00:00:00+00:00,2018-03-15 00:00:00+00:00,106.15399932861328,107.2750015258789,201.59306303756603,2018-04-05 00:00:00+00:00,107.2750015258789,stop,-234.59142782328004,8.605161204660876,-1.038078248441456,15
NZDJPY,-1,2018-03-15 00:00:00+00:00,2018-03-16 00:00:00+00:00,77.26000213623047,78.60900115966797,169.2487848768046,2018-04-10 00:00:00+00:00,78.60900115966797,stop,-233.59257339835082,5.276127881557892,-1.0231088385666456,17
EURAUD,1,2018-04-09 00:00:00+00:00,2018-04-10 00:00:00+00:00,1.6002099514007568,1.5901000499725342,21460.94228372279,2018-04-10 00:00:00+00:00,1.5901000499725342,stop,-230.66142280654418,13.693411761331156,-1.0631125837185171,0
AUDJPY,-1,2018-03-15 00:00:00+00:00,2018-03-16 00:00:00+00:00,82.80899810791016,84.45312690734863,138.86773687972035,2018-04-13 00:00:00+00:00,83.25599670410156,max_hold,-66.68589744240988,4.612214000897314,-0.2920766276448758,20
GBPJPY,1,2018-04-24 00:00:00+00:00,2018-04-25 00:00:00+00:00,152.2220001220703,150.8800048828125,168.21698925572846,2018-04-27 00:00:00+00:00,150.8800048828125,stop,-235.94378008732943,10.197381343859226,-1.045171845046561,2
GBPAUD,1,2018-04-23 00:00:00+00:00,2018-04-24 00:00:00+00:00,1.8331899642944336,1.817929983139038,14705.136173852128,2018-04-30 00:00:00+00:00,1.817929983139038,stop,-235.13814410332367,10.738043202815405,-1.0478522209202406,4
AUDCAD,-1,2018-04-19 00:00:00+00:00,2018-04-20 00:00:00+00:00,0.9779300093650818,0.9856500029563904,29016.111085828143,2018-05-01 00:00:00+00:00,0.9624900221824646,target,436.74769461687305,11.260688637709952,1.9497300092649783,7
EURCHF,1,2018-05-10 00:00:00+00:00,2018-05-11 00:00:00+00:00,1.1950900554656982,1.186460018157959,25916.55648243592,2018-05-15 00:00:00+00:00,1.186460018157959,stop,-236.00516473131708,12.344315399763389,-1.055192115368677,2
AUDUSD,-1,2018-05-15 00:00:00+00:00,2018-05-16 00:00:00+00:00,0.7468482851982117,0.7565441131591797,22824.332132863685,2018-05-21 00:00:00+00:00,0.7565441131591797,stop,-228.16358316946682,6.862785485226322,-1.03101111951263,3
CADCHF,1,2018-05-21 00:00:00+00:00,2018-05-22 00:00:00+00:00,0.7800499796867371,0.773169994354248,31834.248369438013,2018-05-23 00:00:00+00:00,0.773169994354248,stop,-228.9082799377444,9.889118085198557,-1.045151839690887,1
AUDNZD,1,2018-06-04 00:00:00+00:00,2018-06-05 00:00:00+00:00,1.0879000425338745,1.0769000053405762,19661.139482322564,2018-06-13 00:00:00+00:00,1.0769000053405762,stop,-224.7857527066943,8.512487138519628,-1.0393598677865077,6
EURUSD,-1,2018-06-12 00:00:00+00:00,2018-06-13 00:00:00+00:00,1.1747568845748901,1.1841003894805908,23164.256716788776,2018-06-14 00:00:00+00:00,1.1841003894805908,stop,-227.36358136112307,10.928235090897147,-1.050491914926192,1
USDCAD,1,2018-05-31 00:00:00+00:00,2018-06-01 00:00:00+00:00,1.2944200038909912,1.2819000482559204,17310.77053069308,2018-06-15 00:00:00+00:00,1.3194599151611328,target,424.4105030116372,9.049655094699585,1.9582445817662462,10
EURAUD,-1,2018-06-14 00:00:00+00:00,2018-06-15 00:00:00+00:00,1.548740029335022,1.5679399967193604,11333.35950498285,2018-06-18 00:00:00+00:00,1.5679399967193604,stop,-224.66462389010678,7.064491039454726,-1.0324654720882152,1
GBPUSD,-1,2018-06-11 00:00:00+00:00,2018-06-12 00:00:00+00:00,1.337148666381836,1.3473457098007202,21234.547908206056,2018-06-19 00:00:00+00:00,1.3167545795440674,target,421.7883268768395,11.27088712387143,1.9479475934953647,5
EURUSD,-1,2018-06-14 00:00:00+00:00,2018-06-15 00:00:00+00:00,1.156336784362793,1.1750913187861443,11602.534509186105,2018-07-06 00:00:00+00:00,1.1750913187861443,stop,-223.0102278551464,5.410095004494369,-1.02486255377522,15
EURJPY,-1,2018-06-14 00:00:00+00:00,2018-06-15 00:00:00+00:00,127.94200134277344,130.25799560546875,93.95538510419837,2018-07-09 00:00:00+00:00,130.25799560546875,stop,-222.45198888008704,4.8518560294349875,-1.0222971188752217,16
EURCHF,-1,2018-06-14 00:00:00+00:00,2018-06-15 00:00:00+00:00,1.1528300046920776,1.1655999422073364,17040.031134893325,2018-07-10 00:00:00+00:00,1.1655999422073364,stop,-225.5013565464991,7.901223695847019,-1.0363107484923733,17
NZDCHF,-1,2018-07-11 00:00:00+00:00,2018-07-12 00:00:00+00:00,0.6721299886703491,0.67985999584198,27557.300406608036,2018-07-13 00:00:00+00:00,0.67985999584198,stop,-220.46956860385245,7.451438829986319,-1.034980303497625,1
GBPCHF,-1,2018-06-18 00:00:00+00:00,2018-06-19 00:00:00+00:00,1.3178000450134277,1.3269000053405762,23624.591850009685,2018-07-17 00:00:00+00:00,1.319159984588623,max_hold,-44.58743828949239,12.459420884827582,-0.20739997904003352,20
EURAUD,1,2018-07-10 00:00:00+00:00,2018-07-11 00:00:00+00:00,1.5813599824905396,1.5699800252914429,18636.8643354533,2018-07-19 00:00:00+00:00,1.5699800252914429,stop,-223.8329377028138,11.746219239983832,-1.0553840397226122,6
USDCAD,1,2018-07-11 00:00:00+00:00,2018-07-12 00:00:00+00:00,1.3209999799728394,1.306589961051941,14782.640532479249,2018-07-25 00:00:00+00:00,1.306589961051941,stop,-220.78667328685165,7.768543512985536,-1.0364689311714097,9
EURNZD,1,2018-07-19 00:00:00+00:00,2018-07-20 00:00:00+00:00,1.7270499467849731,1.7120000123977661,13794.4588543528,2018-07-30 00:00:00+00:00,1.7120000123977661,stop,-217.0936672970387,9.487966632001996,-1.045701859831443,6
NZDUSD,-1,2018-07-11 00:00:00+00:00,2018-07-12 00:00:00+00:00,0.6753607988357544,0.6856819540262222,20638.98137784037,2018-08-09 00:00:00+00:00,0.6692096590995789,max_hold,121.4031455389165,5.550112928504328,0.5699193100033061,20
AUDUSD,-1,2018-07-11 00:00:00+00:00,2018-07-12 00:00:00+00:00,0.7365397214889526,0.7482214141637087,18235.21091546903,2018-08-09 00:00:00+00:00,0.742660641670227,max_hold,-117.01097662397908,5.394706121689206,-0.5493005536580128,20
NZDCHF,-1,2018-07-19 00:00:00+00:00,2018-07-20 00:00:00+00:00,0.6738600134849548,0.6812599897384644,28054.91444199938,2018-08-09 00:00:00+00:00,0.6590600609779358,target,407.7324096006575,7.478991729415968,1.963975017518989,14
GBPAUD,-1,2018-08-16 00:00:00+00:00,2018-08-17 00:00:00+00:00,1.7509000301361084,1.763890027999878,15902.068432909557,2018-08-23 00:00:00+00:00,1.763890027999878,stop,-217.74632137936976,11.178486406357724,-1.0541153292709786,4
NZDUSD,-1,2018-08-23 00:00:00+00:00,2018-08-24 00:00:00+00:00,0.6628486514091492,0.6713978052139282,23907.672785692816,2018-08-28 00:00:00+00:00,0.6713978052139282,stop,-210.77011729930126,6.379745540082924,-1.0312135326393876,2
GBPUSD,-1,2018-08-23 00:00:00+00:00,2018-08-24 00:00:00+00:00,1.281049370765686,1.2936609983444214,16206.502331534426,2018-08-29 00:00:00+00:00,1.2936609983444214,stop,-212.7357816792201,8.345409920001764,-1.0408307389833071,3
NZDCAD,-1,2018-08-23 00:00:00+00:00,2018-08-24 00:00:00+00:00,0.8679500222206116,0.8748300075531006,29707.966206560908,2018-09-11 00:00:00+00:00,0.8541900515556335,target,398.5484876954949,10.2322558229418,1.9499376818248764,12
AUDCAD,-1,2018-09-06 00:00:00+00:00,2018-09-07 00:00:00+00:00,0.9457899928092957,0.9515399932861328,32342.479578580656,2018-09-11 00:00:00+00:00,0.9342899918556213,target,359.777256295845,12.161289702024662,1.934605918999886,2
AUDUSD,-1,2018-09-14 00:00:00+00:00,2018-09-17 00:00:00+00:00,0.7142601609230042,0.7230135202407837,24034.674911219587,2018-09-19 00:00:00+00:00,0.7230135202407837,stop,-217.29302672097086,6.908881137044703,-1.032839362100547,2
GBPCHF,-1,2018-09-21 00:00:00+00:00,2018-09-24 00:00:00+00:00,1.2538000345230103,1.271844383329153,11513.356069359721,2018-09-25 00:00:00+00:00,1.271844383329153,stop,-213.56674154231268,5.815728697464541,-1.0279937441354754,1
EURCHF,-1,2018-08-29 00:00:00+00:00,2018-08-30 00:00:00+00:00,1.1362799406051636,1.1452699899673462,22339.321434721467,2018-09-27 00:00:00+00:00,1.1337699890136719,max_hold,45.92834037779937,10.142275010124402,0.2286908027687167,20
EURAUD,1,2018-09-24 00:00:00+00:00,2018-09-25 00:00:00+00:00,1.6205500364303589,1.606029987335205,14103.119100153766,2018-09-28 00:00:00+00:00,1.606029987335205,stop,-213.87895020130262,9.100968472268544,-1.044443100744645,3
EURNZD,1,2018-09-24 00:00:00+00:00,2018-09-25 00:00:00+00:00,1.7694200277328491,1.7548999786376953,14103.119100153766,2018-09-28 00:00:00+00:00,1.7548999786376953,stop,-214.7187626884138,9.940780959379694,-1.048544188566784,3
GBPNZD,1,2018-09-25 00:00:00+00:00,2018-09-26 00:00:00+00:00,1.983549952507019,1.9554200172424316,7249.623419357271,2018-10-08 00:00:00+00:00,2.039809823036194,target,402.02930630765803,5.833568650655618,1.9713944611837897,8
GBPAUD,1,2018-09-25 00:00:00+00:00,2018-09-26 00:00:00+00:00,1.8181400299072266,1.7935899496078491,8306.752360574896,2018-10-10 00:00:00+00:00,1.8672401905059814,target,401.7401667892069,6.122708169106689,1.9699766340845193,10
NZDCHF,-1,2018-10-10 00:00:00+00:00,2018-10-11 00:00:00+00:00,0.6384400129318237,0.6452400088310242,30399.338627966023,2018-10-11 00:00:00+00:00,0.6452400088310242,stop,-214.5199827428792,7.804604734304721,-1.0377553175264058,0
GBPJPY,1,2018-10-09 00:00:00+00:00,2018-10-10 00:00:00+00:00,148.6439971923828,147.2480010986328,147.6867417830952,2018-10-15 00:00:00+00:00,147.0290069580078,stop_gap,-247.24604224959916,8.733396523238154,-1.1992331803078,3
GBPJPY,1,2018-10-16 00:00:00+00:00,2018-10-17 00:00:00+00:00,148.093994140625,146.51600646972656,128.6596321548227,2018-10-18 00:00:00+00:00,146.51600646972656,stop,-210.60419614417037,7.580882861531985,-1.0373399622878694,1
EURUSD,-1,2018-11-02 00:00:00+00:00,2018-11-05 00:00:00+00:00,1.1397050619125366,1.1455409526824951,26443.32442255339,2018-11-07 00:00:00+00:00,1.1455409526824951,stop,-166.40625327445414,12.085900349856722,-1.0783169563885202,2
EURNZD,-1,2018-12-10 00:00:00+00:00,2018-12-11 00:00:00+00:00,1.6515799760818481,1.6657500267028809,14048.646471934011,2018-12-14 00:00:00+00:00,1.6657500267028809,stop,-208.3908309522701,9.320799287972505,-1.0468217099783792,3
NZDJPY,1,2018-12-10 00:00:00+00:00,2018-12-11 00:00:00+00:00,77.80500030517578,76.97000122070312,238.40748494954374,2018-12-14 00:00:00+00:00,76.97000122070312,stop,-206.44993543366692,7.379903769369317,-1.0370718973000137,3
NZDCHF,1,2018-12-11 00:00:00+00:00,2018-12-12 00:00:00+00:00,0.6837300062179565,0.6764000058174133,27490.01965273837,2018-12-14 00:00:00+00:00,0.6764000058174133,stop,-208.97985521773936,7.478000152226318,-1.0371113216292478,2
GBPAUD,-1,2018-12-10 00:00:00+00:00,2018-12-11 00:00:00+00:00,1.7464900016784668,1.7728699445724487,7546.264693003241,2018-12-19 00:00:00+00:00,1.7728699445724487,stop,-204.3816360051702,5.311604340872613,-1.0266820891947706,6
CADJPY,-1,2018-12-04 00:00:00+00:00,2018-12-05 00:00:00+00:00,85.00399780273438,86.19503891468048,167.2933090133905,2018-12-20 00:00:00+00:00,82.62191557884216,target,392.89787883170516,5.6085387451991835,1.9718522036392712,11
NZDCAD,1,2018-12-17 00:00:00+00:00,2018-12-18 00:00:00+00:00,0.9152200222015381,0.9072999954223633,24406.852005985,2018-12-20 00:00:00+00:00,0.9072999954223633,stop,-202.19931675237586,8.896395269618349,-1.0460230771546404,2
GBPCHF,-1,2018-12-27 00:00:00+00:00,2018-12-28 00:00:00+00:00,1.248110055923462,1.2630000114440918,13041.846977472653,2018-12-31 00:00:00+00:00,1.2630000114440918,stop,-200.74242404986882,6.549902648439737,-1.0337289129425329,1
AUDNZD,-1,2018-12-17 00:00:00+00:00,2018-12-18 00:00:00+00:00,1.0518200397491455,1.0586999654769897,27566.91936515006,2019-01-01 00:00:00+00:00,1.038060188293457,target,367.79440360955255,11.52231194585437,1.9392470119383847,10
NZDCAD,1,2018-12-20 00:00:00+00:00,2018-12-21 00:00:00+00:00,0.9150599837303162,0.9071999788284302,24686.795164415664,2019-01-01 00:00:00+00:00,0.9071999788284302,stop,-203.0354826905631,8.997151686400706,-1.0463679090612654,7
EURJPY,-1,2018-12-04 00:00:00+00:00,2018-12-05 00:00:00+00:00,127.83200073242188,129.24200439453125,141.3139654476982,2019-01-02 00:00:00+00:00,125.7020034790039,max_hold,293.8327791710089,7.165579102189998,1.4746702497673312,20
AUDNZD,-1,2019-01-02 00:00:00+00:00,2019-01-03 00:00:00+00:00,1.0430999994277954,1.0524799823760986,21104.059666559544,2019-01-04 00:00:00+00:00,1.0524799823760986,stop,-206.80076880670973,8.84504899440743,-1.0446819571709982,1
GBPCHF,-1,2019-01-01 00:00:00+00:00,2019-01-02 00:00:00+00:00,1.2522499561309814,1.2631700038909912,17902.137040702484,2019-01-14 00:00:00+00:00,1.2639600038528442,stop_gap,-218.64398617531586,9.009107105362194,-1.1184282323915988,8
EURCHF,-1,2019-01-14 00:00:00+00:00,2019-01-15 00:00:00+00:00,1.1255700588226318,1.1339600086212158,22687.651478399996,2019-01-21 00:00:00+00:00,1.1339600086212158,stop,-200.600943086572,10.25268613502633,-1.053862779198636,4
NZDJPY,-1,2019-01-21 00:00:00+00:00,2019-01-22 00:00:00+00:00,73.76799774169922,74.44000244140625,280.0207815631329,2019-01-23 00:00:00+00:00,74.44000244140625,stop,-196.47554523509774,8.300264009036429,-1.0441092153812968,1
EURJPY,-1,2019-01-24 00:00:00+00:00,2019-01-25 00:00:00+00:00,123.93800354003906,124.96399688720703,181.5996694049833,2019-01-25 00:00:00+00:00,124.96399688720703,stop,-195.36015685578076,9.04010419836538,-1.0485192230757219,0
NZDCHF,-1,2019-01-07 00:00:00+00:00,2019-01-08 00:00:00+00:00,0.6613600254058838,0.6797756608575583,10500.935633287658,2019-01-28 00:00:00+00:00,0.6797756608575583,stop,-196.1980384275153,2.816635903391495,-1.0145651850003525,14
AUDJPY,-1,2019-01-22 00:00:00+00:00,2019-01-23 00:00:00+00:00,77.87799835205078,78.84100341796875,194.98223974497543,2019-01-30 00:00:00+00:00,78.84100341796875,stop,-193.88036903358628,6.1114843951430355,-1.032547908067468,5
EURJPY,-1,2019-01-31 00:00:00+00:00,2019-02-01 00:00:00+00:00,124.61000061035156,125.28399658203125,219.525294553229,2019-02-01 00:00:00+00:00,125.28399658203125,stop,-158.9307748788215,10.971610668148324,-1.0741529646147925,0
USDJPY,-1,2019-01-28 00:00:00+00:00,2019-01-29 00:00:00+00:00,109.26300048828125,109.9739990234375,250.51778906817006,2019-02-04 00:00:00+00:00,109.9739990234375,stop,-189.1023347379744,10.984553679923053,-1.0616701691132286,4
USDCAD,-1,2019-02-12 00:00:00+00:00,2019-02-13 00:00:00+00:00,1.3229600191116333,1.3328499794006348,18010.92645025494,2019-02-14 00:00:00+00:00,1.3328499794006348,stop,-187.6940670709587,9.56671970981123,-1.0537071923628605,1
CHFJPY,-1,2019-02-05 00:00:00+00:00,2019-02-06 00:00:00+00:00,109.93699645996094,110.34964153170586,242.72548070654443,2019-02-19 00:00:00+00:00,110.34964153170586,stop,-110.8533094204231,10.69383601995117,-1.1067680934902038,9
EURCHF,1,2019-02-12 00:00:00+00:00,2019-02-13 00:00:00+00:00,1.1402000188827515,1.131500005722046,20474.37677056358,2019-03-08 00:00:00+00:00,1.131500005722046,stop,-187.42967580383893,9.302328442691435,-1.0522229100724847,17
NZDCHF,1,2019-02-13 00:00:00+00:00,2019-02-14 00:00:00+00:00,0.6865900158882141,0.6745587950572371,14661.4586686997,2019-03-14 00:00:00+00:00,0.6877099871635437,max_hold,12.39056402474823,4.029848538627444,0.07024318534186637,20
USDJPY,1,2019-03-14 00:00:00+00:00,2019-03-15 00:00:00+00:00,111.77100372314453,110.83078980445862,184.2701308759187,2019-03-20 00:00:00+00:00,110.83078980445862,stop,-181.45711417292273,8.203772325309135,-1.0473513078467764,3
GBPAUD,1,2019-03-11 00:00:00+00:00,2019-03-12 00:00:00+00:00,1.8728899955749512,1.8393800258636475,5179.377050133281,2019-03-21 00:00:00+00:00,1.8393800258636475,stop,-177.40621730397518,3.8454492305873726,-1.0221562123357357,7
EURCHF,1,2019-05-06 00:00:00+00:00,2019-05-07 00:00:00+00:00,1.1395399570465088,1.135990023612976,22475.1482241271,2019-05-13 00:00:00+00:00,1.135349988937378,stop_gap,-104.39585205299448,10.225697745912871,-1.3084600557439805,4
AUDNZD,1,2019-05-07 00:00:00+00:00,2019-05-08 00:00:00+00:00,1.062399983406067,1.0534000396728516,19019.07354657969,2019-05-16 00:00:00+00:00,1.0534000396728516,stop,-179.21870302685997,8.048111249758591,-1.0470180722412812,6
NZDCAD,-1,2019-04-30 00:00:00+00:00,2019-05-01 00:00:00+00:00,0.8904100060462952,0.8989199995994568,19926.247436546135,2019-05-21 00:00:00+00:00,0.8733900189399719,target,332.11529130212926,7.029183145292523,1.9585475590793844,14
EURNZD,1,2019-04-30 00:00:00+00:00,2019-05-01 00:00:00+00:00,1.6859500408172607,1.6684999465942383,9717.554246783888,2019-05-29 00:00:00+00:00,1.7058900594711304,max_hold,187.17613491666688,6.592078034193869,1.1038135604104329,20
NZDCAD,-1,2019-05-29 00:00:00+00:00,2019-05-30 00:00:00+00:00,0.879800021648407,0.8836899995803833,29284.562752818318,2019-06-03 00:00:00+00:00,0.8836899995803833,stop,-124.2449096941676,10.328606838128684,-1.090668381778343,2
CHFJPY,-1,2019-05-28 00:00:00+00:00,2019-05-29 00:00:00+00:00,108.58399963378906,109.61000061035156,167.87701227959892,2019-06-10 00:00:00+00:00,109.61000061035156,stop,-179.56792991292735,7.325951371664081,-1.0425329030339083,8
NZDCHF,-1,2019-06-06 00:00:00+00:00,2019-06-07 00:00:00+00:00,0.6554999947547913,0.6596599817276001,39151.03455180403,2019-06-18 00:00:00+00:00,0.6471800208091736,target,315.53533335512907,10.20025405985788,1.9373709569727624,7
NZDJPY,-1,2019-06-10 00:00:00+00:00,2019-06-11 00:00:00+00:00,71.62999725341797,72.2300033569336,287.75490310004375,2019-06-18 00:00:00+00:00,70.42998504638672,target,337.13370506493214,8.175691288214846,1.952647154264788,5
USDJPY,-1,2019-05-23 00:00:00+00:00,2019-05-24 00:00:00+00:00,109.55599975585938,110.59414565563202,166.4681903452533,2019-06-20 00:00:00+00:00,107.47970795631409,target,338.4106301983642,7.225908300629372,1.9581878216232025,19
EURCHF,-1,2019-06-18 00:00:00+00:00,2019-06-19 00:00:00+00:00,1.1204999685287476,1.126330018043518,23941.00500452528,2019-06-20 00:00:00+00:00,1.1088398694992065,target,268.4799619756988,10.674527243802965,1.9235224389645442,1
NZDCAD,-1,2019-06-07 00:00:00+00:00,2019-06-10 00:00:00+00:00,0.8831599950790405,0.891759991645813,19705.256307895255,2019-06-21 00:00:00+00:00,0.8659600019454956,target,332.0369016196144,6.893371570926694,1.959322774528014,9
USDCHF,-1,2019-06-19 00:00:00+00:00,2019-06-20 00:00:00+00:00,0.9926999807357788,1.0013999938964844,20893.873250919612,2019-06-24 00:00:00+00:00,0.9752999544143677,target,355.3301162816602,8.223828240569036,1.954758690618106,2
EURJPY,-1,2019-06-25 00:00:00+00:00,2019-06-26 00:00:00+00:00,121.84600067138672,122.45700073242188,232.0345680548248,2019-06-26 00:00:00+00:00,122.45700073242188,stop,-153.11048352481006,11.337348281045998,-1.0799682412436786,0
EURNZD,1,2019-06-10 00:00:00+00:00,2019-06-11 00:00:00+00:00,1.7118200063705444,1.6948805376887321,10192.4506263854,2019-06-28 00:00:00+00:00,1.6948805376887321,stop,-179.5992235954144,6.944525418840891,-1.040222047196994,13
USDJPY,-1,2019-07-02 00:00:00+00:00,2019-07-03 00:00:00+00:00,107.822998046875,108.52799987792969,257.4122176685438,2019-07-05 00:00:00+00:00,108.52799987792969,stop,-192.61436282629646,11.1382780341253,-1.061376010215787,2
AUDCAD,-1,2019-07-04 00:00:00+00:00,2019-07-05 00:00:00+00:00,0.9162999987602234,0.9202700257301331,30349.345843890424,2019-07-09 00:00:00+00:00,0.908359944820404,target,229.89999590367734,11.07544713504441,1.908078209170345,2
EURJPY,-1,2019-07-10 00:00:00+00:00,2019-07-11 00:00:00+00:00,121.96199798583984,122.30999755859375,228.3917196523905,2019-07-16 00:00:00+00:00,121.26599884033203,target,147.85018962657654,11.110252092547114,1.8602136233091444,3
AUDCAD,-1,2019-07-17 00:00:00+00:00,2019-07-18 00:00:00+00:00,0.914900004863739,0.9191499948501587,31093.14886201944,2019-07-18 00:00:00+00:00,0.9191499948501587,stop,-143.55084924213722,11.405277932298187,-1.0863084386351205,0
EURCHF,-1,2019-07-02 00:00:00+00:00,2019-07-03 00:00:00+00:00,1.1125400066375732,1.1171200275421143,24947.378860379944,2019-07-19 00:00:00+00:00,1.1033799648284912,target,217.46275437760028,11.056279010489245,1.9032353774076,12
GBPCHF,-1,2019-07-26 00:00:00+00:00,2019-07-29 00:00:00+00:00,1.2289999723434448,1.236780047416687,23074.946743430548,2019-07-29 00:00:00+00:00,1.2134398221969604,target,347.77780231329893,11.27183363661106,1.9372129504780584,0
GBPJPY,-1,2019-07-02 00:00:00+00:00,2019-07-03 00:00:00+00:00,135.8179931640625,137.57000732421875,105.61161613915222,2019-07-30 00:00:00+00:00,132.31396484375,target,364.40252402081,5.663569884752075,1.9693915763804215,19
GBPCAD,-1,2019-07-26 00:00:00+00:00,2019-07-29 00:00:00+00:00,1.62909996509552,1.643779993057251,12878.771522520867,2019-07-30 00:00:00+00:00,1.599739909172058,target,369.80475392200196,8.316698204699428,1.9560104397255267,1
EURGBP,1,2019-07-26 00:00:00+00:00,2019-07-29 00:00:00+00:00,0.8992000222206116,0.8905939469113946,21968.286271079865,2019-07-30 00:00:00+00:00,0.9164121728390455,target,370.14427443503456,7.977177691666849,1.9578062675534535,1
EURJPY,-1,2019-07-31 00:00:00+00:00,2019-08-01 00:00:00+00:00,120.4800033569336,121.35900115966797,228.1821252449514,2019-08-02 00:00:00+00:00,118.72200775146484,target,390.22684877562835,10.916324651516167,1.9455739228552582,1
GBPNZD,-1,2019-07-29 00:00:00+00:00,2019-07-30 00:00:00+00:00,1.8424400091171265,1.8659300114959478,8492.252729740594,2019-08-05 00:00:00+00:00,1.8659300114959478,stop,-205.78151990924675,6.298483086087913,-1.031574028480785,4
GBPAUD,-1,2019-07-29 00:00:00+00:00,2019-07-30 00:00:00+00:00,1.7705999612808228,1.7926040273159742,9065.735237500417,2019-08-05 00:00:00+00:00,1.7926040273159742,stop,-205.9436496147237,6.460612791564804,-1.03238677781556,4
GBPNZD,-1,2019-08-05 00:00:00+00:00,2019-08-06 00:00:00+00:00,1.8535200357437134,1.8746999502182007,9534.025022331507,2019-08-07 00:00:00+00:00,1.8746999502182007,stop,-209.0388230975867,7.108988526983462,-1.035205241177464,1
GBPNZD,-1,2019-08-09 00:00:00+00:00,2019-08-12 00:00:00+00:00,1.8600900173187256,1.893048644065857,6083.530284307564,2019-08-16 00:00:00+00:00,1.893048644065857,stop,-205.07127048691058,4.566466541547732,-1.0227748485407466,4
GBPAUD,-1,2019-08-08 00:00:00+00:00,2019-08-09 00:00:00+00:00,1.7826000452041626,1.8100624699145555,7276.831832842481,2019-08-22 00:00:00+00:00,1.8100624699145555,stop,-205.06808653056254,5.228640190935164,-1.0261642047488917,9
CADCHF,-1,2019-08-19 00:00:00+00:00,2019-08-20 00:00:00+00:00,0.7360699772834778,0.7404599785804749,40120.16989245359,2019-08-22 00:00:00+00:00,0.7404599785804749,stop,-187.97532439972582,11.847726536111756,-1.0672678596643677,2
EURAUD,1,2019-08-22 00:00:00+00:00,2019-08-23 00:00:00+00:00,1.640179991722107,1.6303000450134277,17728.996253811805,2019-08-26 00:00:00+00:00,1.660730004310608,target,352.62673200655246,11.704364190766789,2.0131516065589596,1
CADCHF,-1,2019-08-23 00:00:00+00:00,2019-08-26 00:00:00+00:00,0.7306600213050842,0.7415500283241272,18267.198170112137,2019-08-27 00:00:00+00:00,0.7415500283241272,stop,-204.30854683569154,5.378630544921486,-1.0270378163587004,1
AUDCHF,-1,2019-08-23 00:00:00+00:00,2019-08-26 00:00:00+00:00,0.6527100205421448,0.6650739759206772,16089.504547725313,2019-08-30 00:00:00+00:00,0.6650739759206772,stop,-203.1704146115717,4.240498320801643,-1.0213165440365612,4
EURAUD,1,2019-08-28 00:00:00+00:00,2019-08-29 00:00:00+00:00,1.644670009613037,1.6341999769210815,17542.689868556987,2019-08-30 00:00:00+00:00,1.6341999769210815,stop,-195.1765762872469,11.504039858617535,-1.0626334240398958,1
AUDCAD,-1,2019-08-22 00:00:00+00:00,2019-08-23 00:00:00+00:00,0.8983200192451477,0.9047499895095825,30149.175121029162,2019-09-04 00:00:00+00:00,0.9047499895095825,stop,-204.7305142153398,10.872214689884391,-1.0560833078413379,8
GBPJPY,-1,2019-08-23 00:00:00+00:00,2019-08-26 00:00:00+00:00,128.57200622558594,130.63099670410156,96.61526770836907,2019-09-05 00:00:00+00:00,130.63099670410156,stop,-203.93850979454305,5.008593503772986,-1.0251776786375966,8
EURCHF,-1,2019-08-23 00:00:00+00:00,2019-08-26 00:00:00+00:00,1.0841200351715088,1.0927000045776367,23185.387601579514,2019-09-06 00:00:00+00:00,1.0927000045776367,stop,-209.023999562864,10.094083272093933,-1.0507419067996777,9
NZDCAD,-1,2019-09-10 00:00:00+00:00,2019-09-11 00:00:00+00:00,0.8425999879837036,0.8489500284194946,29154.159839048734,2019-09-12 00:00:00+00:00,0.8489500284194946,stop,-194.99323776026682,9.863143910792871,-1.0532768266126005,1
GBPNZD,1,2019-09-04 00:00:00+00:00,2019-09-05 00:00:00+00:00,1.9259799718856812,1.8996000289916992,7129.434247686209,2019-09-19 00:00:00+00:00,1.978739857673645,target,370.5804479846266,5.567688656095944,1.9703962980871343,10
NZDCAD,-1,2019-09-13 00:00:00+00:00,2019-09-16 00:00:00+00:00,0.8435900211334229,0.8501200079917908,28394.755770272975,2019-09-20 00:00:00+00:00,0.830530047416687,target,361.3275179575798,9.507246095318603,1.948725162703665,4
NZDUSD,-1,2019-09-13 00:00:00+00:00,2019-09-16 00:00:00+00:00,0.6385492086410522,0.6452028751373291,27866.948565907514,2019-09-30 00:00:00+00:00,0.6252418756484985,target,363.7911638241085,7.043600228789881,1.9620121902714323,10
EURUSD,-1,2019-09-20 00:00:00+00:00,2019-09-23 00:00:00+00:00,1.1019526720046997,1.1084262132644653,26381.52142011235,2019-09-30 00:00:00+00:00,1.0890055894851685,target,330.00357235576246,11.560162461213414,1.9323103638774308,5
AUDNZD,1,2019-09-25 00:00:00+00:00,2019-09-26 00:00:00+00:00,1.0765800476074219,1.069700002670288,27218.84531024783,2019-10-02 00:00:00+00:00,1.069700002670288,stop,-198.95073180759437,11.683852936195986,-1.0623914544131408,4
NZDCHF,-1,2019-09-27 00:00:00+00:00,2019-09-30 00:00:00+00:00,0.6223800182342529,0.628059983253479,34365.55205752149,2019-10-03 00:00:00+00:00,0.628059983253479,stop,-203.78954574630148,8.59441219318678,-1.0440298486788255,3
GBPNZD,1,2019-10-01 00:00:00+00:00,2019-10-02 00:00:00+00:00,1.9680900573730469,1.9498000144958496,10804.168624356935,2019-10-04 00:00:00+00:00,1.9498000144958496,stop,-206.0746163895908,8.465908997633093,-1.042841781161196,2
NZDUSD,-1,2019-10-07 00:00:00+00:00,2019-10-08 00:00:00+00:00,0.6292117834091187,0.6335208415985107,44418.06504442534,2019-10-10 00:00:00+00:00,0.6335208415985107,stop,-202.61765491089292,11.217627974261367,-1.0586082883780121,2
EURUSD,-1,2019-10-08 00:00:00+00:00,2019-10-09 00:00:00+00:00,1.0960224866867065,1.1001100540161133,26143.942919402114,2019-10-10 00:00:00+00:00,1.1001100540161133,stop,-118.34823969673792,11.483112757515213,-1.1074542564670886,1
NZDCHF,-1,2019-10-08 00:00:00+00:00,2019-10-09 00:00:00+00:00,0.625,0.632669985294342,24906.044562611285,2019-10-11 00:00:00+00:00,0.632669985294342,stop,-197.29371247521604,6.2647169397599125,-1.0327945866134085,2
EURGBP,-1,2019-10-10 00:00:00+00:00,2019-10-11 00:00:00+00:00,0.8855000138282776,0.8987286845222116,14132.093087740483,2019-10-17 00:00:00+00:00,0.8590426724404097,target,368.96680341990134,4.930807927577186,1.9736248225293167,4
NZDUSD,-1,2019-10-14 00:00:00+00:00,2019-10-15 00:00:00+00:00,0.6303103566169739,0.6354895234107971,36254.505624762845,2019-10-18 00:00:00+00:00,0.6354895234107971,stop,-196.94632143230785,9.178189774058191,-1.04888044468996,3
GBPAUD,1,2019-10-31 00:00:00+00:00,2019-11-01 00:00:00+00:00,1.8767499923706055,1.864959955215454,15020.991324072422,2019-11-05 00:00:00+00:00,1.864959955215454,stop,-188.33888434999733,11.240838531977134,-1.0634724029847729,2
EURJPY,1,2019-11-07 00:00:00+00:00,2019-11-08 00:00:00+00:00,120.76799774169922,120.13999938964844,229.928443103751,2019-11-11 00:00:00+00:00,120.13999938964844,stop,-155.4730035010882,11.078320142330735,-1.0767224934093036,1
GBPNZD,1,2019-11-05 00:00:00+00:00,2019-11-06 00:00:00+00:00,2.020620107650757,2.0,9022.952255797272,2019-11-25 00:00:00+00:00,2.0,stop,-193.30981949618524,7.255572654006254,-1.0389970816423277,13
GBPUSD,1,2019-11-11 00:00:00+00:00,2019-11-12 00:00:00+00:00,1.2854461669921875,1.2769761085510254,21515.06930564524,2019-12-04 00:00:00+00:00,1.3023862838745117,target,353.3323098625776,11.135478906358962,1.9388945786184766,16
GBPCHF,1,2019-11-15 00:00:00+00:00,2019-11-18 00:00:00+00:00,1.2777199745178223,1.267359972000122,17914.00366606338,2019-12-05 00:00:00+00:00,1.2984399795532227,target,361.9483783926955,9.229867772318874,1.9502671944399697,13
GBPJPY,1,2019-11-25 00:00:00+00:00,2019-11-26 00:00:00+00:00,140.56500244140625,139.33399963378906,150.11052744529547,2019-12-05 00:00:00+00:00,143.02700805664062,target,361.0589322210845,8.514029255026717,1.9539250424542918,7
EURGBP,-1,2019-11-25 00:00:00+00:00,2019-11-26 00:00:00+00:00,0.8537999987602234,0.8604300022125244,27871.24955024317,2019-12-09 00:00:00+00:00,0.8405399918556213,target,360.12828693582907,9.444674540282175,1.948888714679996,9
EURJPY,1,2019-12-26 00:00:00+00:00,2019-12-27 00:00:00+00:00,121.71499633789062,120.98799896240234,242.69535835128102,2019-12-31 00:00:00+00:00,121.97000122070312,end,50.060257854043314,11.82824356146279,0.28372576058096943,3
GBPJPY,1,2019-12-27 00:00:00+00:00,2019-12-30 00:00:00+00:00,143.2550048828125,140.72415447235107,78.44672247418843,2019-12-31 00:00:00+00:00,144.6678009033203,end,106.31189724551531,4.517320087898883,0.5354767131825476,2
