symbol,side,signal_date,entry_date,entry,stop,qty,exit_date,exit,reason,pnl,costs,r,bars
AIG,1,1995-01-03 00:00:00+00:00,1995-01-04 00:00:00+00:00,176.71397399902344,173.11663818359375,113.17724086783609,1995-01-05 00:00:00+00:00,173.11663818359375,stop,-446.7294055233139,39.59286345793463,-1.097247137918602,1
PCG,1,1995-01-04 00:00:00+00:00,1995-01-05 00:00:00+00:00,10.715020179748535,10.605687141418457,1861.5175618283229,1995-01-11 00:00:00+00:00,10.605687141418457,stop,-243.21424204844365,39.688871108954054,-1.1950069955688916,4
STZ,1,1995-01-06 00:00:00+00:00,1995-01-09 00:00:00+00:00,3.9033303260803223,3.7985432147979736,5150.431839801208,1995-01-12 00:00:00+00:00,4.139101505279541,target,1172.901391281466,41.42199697366659,2.1732515056574493,3
GWW,1,1995-01-11 00:00:00+00:00,1995-01-12 00:00:00+00:00,17.280872344970703,16.901905059814453,1172.6295002256277,1995-01-16 00:00:00+00:00,18.038806915283203,target,847.3595385501917,41.416897839081,1.9068001892414237,2
CTAS,1,1995-01-12 00:00:00+00:00,1995-01-13 00:00:00+00:00,2.1181576251983643,2.058907985687256,9602.290069701796,1995-01-16 00:00:00+00:00,2.236656904220581,target,1096.048257910622,41.81619231123264,1.9265005734152612,1
EIX,1,1995-01-03 00:00:00+00:00,1995-01-04 00:00:00+00:00,5.005162239074707,4.877912521362305,3995.8744681365924,1995-01-20 00:00:00+00:00,5.259661674499512,target,975.9308483729853,41.016947796169156,1.9193332284101896,12
CMI,1,1995-01-16 00:00:00+00:00,1995-01-17 00:00:00+00:00,5.483556270599365,5.346467018127441,3820.4119786338692,1995-01-23 00:00:00+00:00,5.346467018127441,stop,-565.1125729868362,41.37515070113567,-1.0789997982587645,4
UDR,1,1995-01-16 00:00:00+00:00,1995-01-17 00:00:00+00:00,2.5130274295806885,2.4457149505615234,8336.337206317801,1995-01-23 00:00:00+00:00,2.4457149505615234,stop,-602.4772718970763,41.337748600124414,-1.073667504932189,4
PNW,1,1995-01-04 00:00:00+00:00,1995-01-05 00:00:00+00:00,5.191218852996826,5.0932698249816895,3842.2957699870576,1995-01-27 00:00:00+00:00,5.3871169090271,target,712.0531772818799,40.645094751927346,1.892001625984597,16
VRTX,1,1995-01-20 00:00:00+00:00,1995-01-23 00:00:00+00:00,7.125,6.625,2071.478734467001,1995-01-30 00:00:00+00:00,8.125,target,2039.888683766379,31.590050700621767,1.9695,5
NSC,1,1995-01-23 00:00:00+00:00,1995-01-24 00:00:00+00:00,10.316466331481934,10.052458763122559,2015.1722017036966,1995-02-01 00:00:00+00:00,10.052458763122559,stop,-573.0676044264327,41.04689162923181,-1.0771528074789043,6
TRMB,1,1995-01-05 00:00:00+00:00,1995-01-06 00:00:00+00:00,2.75,2.5833330154418945,5969.591305787992,1995-02-03 00:00:00+00:00,3.1458330154418945,max_hold,2327.7656140164177,35.195713509359734,2.3396186320903167,20
AMD,1,1995-02-01 00:00:00+00:00,1995-02-02 00:00:00+00:00,15.0625,14.625,1418.273398841517,1995-02-03 00:00:00+00:00,15.9375,target,1197.0227486222404,43.96647536408703,1.929142857142857,1
USB,1,1995-01-30 00:00:00+00:00,1995-01-31 00:00:00+00:00,1.5911046266555786,1.5518265813589096,13295.019505892953,1995-02-07 00:00:00+00:00,1.6696607172489166,target,1001.0528178937727,43.351938851350006,1.9169824944373943,5
GPC,1,1995-02-03 00:00:00+00:00,1995-02-06 00:00:00+00:00,8.791426658630371,8.641916275024414,2508.0122003128713,1995-02-08 00:00:00+00:00,9.090447425842285,target,705.0997739460795,44.847958368315986,1.880397109196099,2
GLW,1,1995-02-09 00:00:00+00:00,1995-02-10 00:00:00+00:00,5.237617015838623,5.175262451171875,4219.671326163395,1995-02-10 00:00:00+00:00,5.362326145172119,target,481.50326094387697,44.728276215478814,1.8300053377381145,0
BDX,1,1995-02-07 00:00:00+00:00,1995-02-08 00:00:00+00:00,6.138064384460449,6.0197434425354,3600.263085291929,1995-02-21 00:00:00+00:00,6.0197434425354,stop,-469.75782614732987,43.77130671760645,-1.102752797849575,8
SHW,1,1995-01-23 00:00:00+00:00,1995-01-24 00:00:00+00:00,3.4271883964538574,3.3065036684274673,6066.038328247593,1995-02-22 00:00:00+00:00,3.4567675590515137,max_hold,137.6699933587866,41.75834067606387,0.18805367516914095,20
PEP,1,1995-02-10 00:00:00+00:00,1995-02-13 00:00:00+00:00,7.985629558563232,7.745258331298828,2776.36759795924,1995-02-27 00:00:00+00:00,8.466372013092041,target,1289.0409696320592,45.67680408511819,1.931555861494361,9
PGR,1,1995-01-27 00:00:00+00:00,1995-01-30 00:00:00+00:00,1.6140650510787964,1.5466459468007088,13185.765082426995,1995-02-28 00:00:00+00:00,1.63495934009552,max_hold,232.6663141697524,42.84087236909993,0.26172499344943584,20
EXC,1,1995-02-21 00:00:00+00:00,1995-02-22 00:00:00+00:00,2.7719695568084717,2.7325570583343506,7976.664643736977,1995-03-02 00:00:00+00:00,2.7325570583343506,stop,-358.28804593137824,43.90776283151892,-1.1396644929464999,6
PCG,1,1995-02-03 00:00:00+00:00,1995-02-06 00:00:00+00:00,11.097699165344238,10.824359893798828,1986.8087059753036,1995-03-07 00:00:00+00:00,10.98836612701416,max_hold,-261.1046192085274,43.880786803596656,-0.48079115335098754,20
SWK,1,1995-03-02 00:00:00+00:00,1995-03-03 00:00:00+00:00,8.60694408416748,8.446568489074707,2601.575850241821,1995-03-07 00:00:00+00:00,8.446568489074707,stop,-461.5952816338622,44.366006472342136,-1.1063348358169904,2
ATO,1,1995-03-07 00:00:00+00:00,1995-03-08 00:00:00+00:00,5.615289211273193,5.420313835144043,3941.424118026839,1995-03-09 00:00:00+00:00,5.420313835144043,stop,-811.9766419009071,43.49599200411936,-1.0565999833697324,1
GE,1,1995-03-08 00:00:00+00:00,1995-03-09 00:00:00+00:00,21.024120330810547,20.57891273498535,1058.208105538388,1995-03-14 00:00:00+00:00,21.914535522460938,target,896.8065394341054,45.43803366485524,1.9035536314835682,3
LMT,1,1995-03-09 00:00:00+00:00,1995-03-10 00:00:00+00:00,10.874414443969727,10.662230491638184,2028.334069258499,1995-03-14 00:00:00+00:00,11.316461563110352,target,851.6087221386489,45.010509831851536,1.9787370275651597,2
TSN,1,1995-03-14 00:00:00+00:00,1995-03-15 00:00:00+00:00,10.113073348999023,10.021147646009922,2240.8996453811906,1995-03-16 00:00:00+00:00,10.021147646009922,stop,-251.11504391743605,45.11876868774207,-1.2190271092884222,1
MKC,1,1995-02-28 00:00:00+00:00,1995-03-01 00:00:00+00:00,2.8080315589904785,2.7282583713531494,7908.904681401867,1995-03-21 00:00:00+00:00,2.9675779342651367,target,1216.158329351285,45.6787449591584,1.9275996150547083,14
MAS,1,1995-02-27 00:00:00+00:00,1995-02-28 00:00:00+00:00,5.630374908447266,5.491693496704102,3926.73901871793,1995-03-22 00:00:00+00:00,5.491693496704102,stop,-588.239170638127,43.67345997535777,-1.0801986961724133,16
SNPS,1,1995-02-23 00:00:00+00:00,1995-02-24 00:00:00+00:00,12.1875,11.359146296977997,1345.3364318933277,1995-03-24 00:00:00+00:00,12.5625,max_hold,471.204085270638,33.29707668935987,0.42282662432994095,20
LHX,1,1995-03-16 00:00:00+00:00,1995-03-17 00:00:00+00:00,5.049586296081543,4.930839605629444,4405.89338440168,1995-03-24 00:00:00+00:00,5.287079676985741,target,1000.8282675374858,45.5422482275071,1.9129519657877372,5
HAL,1,1995-03-14 00:00:00+00:00,1995-03-15 00:00:00+00:00,5.4576568603515625,5.242221832275391,4152.401490486167,1995-03-28 00:00:00+00:00,5.242221832275391,stop,-939.0029239177106,44.43019223128534,-1.049666383355467,9
GIS,1,1995-03-24 00:00:00+00:00,1995-03-27 00:00:00+00:00,4.794386386871338,4.660678386688232,4699.628003875891,1995-03-29 00:00:00+00:00,4.660678386688232,stop,-672.8131491910463,44.43528718828102,-1.0707142785817707,2
ORCL,1,1995-03-28 00:00:00+00:00,1995-03-29 00:00:00+00:00,1.9261715412139893,1.8526531457901,11765.894627197362,1995-03-29 00:00:00+00:00,1.8526531457901,stop,-909.4709468000507,44.46125308194217,-1.051399716563675,0
TROW,1,1995-03-24 00:00:00+00:00,1995-03-27 00:00:00+00:00,1.8680368661880493,1.760805107653141,10506.137749203688,1995-04-03 00:00:00+00:00,2.082500383257866,target,2211.6783639881505,41.50488852603904,1.9631588877826727,5
TMO,1,1995-03-29 00:00:00+00:00,1995-03-30 00:00:00+00:00,18.413692474365234,17.962369918823242,1220.530697493846,1995-04-06 00:00:00+00:00,17.962369918823242,stop,-595.2511343152108,44.398100804837995,-1.0805988133021727,5
COP,1,1995-03-29 00:00:00+00:00,1995-03-30 00:00:00+00:00,4.991751670837402,4.886291027069092,4502.322711779436,1995-04-07 00:00:00+00:00,4.886291027069092,stop,-519.2919876236565,44.474135986711424,-1.0936656779718494,6
GD,1,1995-03-22 00:00:00+00:00,1995-03-23 00:00:00+00:00,6.0192999839782715,5.905726909637451,3720.201728874964,1995-04-10 00:00:00+00:00,6.246446132659912,target,799.3984451236703,45.631049909058746,1.8920012847426315,12
EOG,1,1995-04-10 00:00:00+00:00,1995-04-11 00:00:00+00:00,3.7187886238098145,3.598179340362549,6065.705075716999,1995-04-18 00:00:00+00:00,3.598179340362549,stop,-775.9629125038084,44.382569719138985,-1.0606667062023596,4
MU,1,1995-04-18 00:00:00+00:00,1995-04-19 00:00:00+00:00,18.914989471435547,18.217796325683594,1208.314366621508,1995-04-19 00:00:00+00:00,18.217796325683594,stop,-887.2965728734662,44.868078551338144,-1.053260399967171,0
AMGN,1,1995-03-21 00:00:00+00:00,1995-03-22 00:00:00+00:00,5.589633941650391,5.401921272277832,4035.1579246353353,1995-04-20 00:00:00+00:00,5.683489799499512,max_hold,333.23437397383276,45.488834599495775,0.4399422499504651,20
INTC,1,1995-04-03 00:00:00+00:00,1995-04-04 00:00:00+00:00,3.1273343563079834,2.9714168906211853,7266.062275976576,1995-04-25 00:00:00+00:00,3.4391692876815796,target,2218.0994067727765,47.71262441265528,1.957884746169617,14
AFL,1,1995-04-25 00:00:00+00:00,1995-04-26 00:00:00+00:00,1.907991647720337,1.8494651317596436,12084.56671814104,1995-04-26 00:00:00+00:00,1.8494651317596436,stop,-752.6748240495026,45.40723714215719,-1.0642009304296107,0
NTRS,1,1995-04-26 00:00:00+00:00,1995-04-27 00:00:00+00:00,4.878407001495361,4.780838489532471,4674.058941451255,1995-04-27 00:00:00+00:00,4.780838489532471,stop,-501.1888584992541,45.14788275501136,-1.098999618798139,0
DIS,1,1995-04-07 00:00:00+00:00,1995-04-10 00:00:00+00:00,13.267007827758789,12.97351360321045,1689.4184009524968,1995-05-01 00:00:00+00:00,12.97351360321045,stop,-540.1657632813171,44.331219756067775,-1.0894072838106132,14
AXP,1,1995-04-19 00:00:00+00:00,1995-04-20 00:00:00+00:00,6.730085372924805,6.562433242797852,3369.5614996777736,1995-05-02 00:00:00+00:00,6.562431812286377,stop_gap,-609.7089373522318,44.789954141092764,-1.0792948332157728,8
BSX,1,1995-04-27 00:00:00+00:00,1995-04-28 00:00:00+00:00,6.71875,6.4375,3374.092358423087,1995-05-02 00:00:00+00:00,7.28125,target,1850.689658595063,47.237293017923214,1.950222222222222,2
TROW,1,1995-05-01 00:00:00+00:00,1995-05-02 00:00:00+00:00,2.0527493953704834,2.0213840007781982,10961.802258409605,1995-05-02 00:00:00+00:00,2.0213840007781982,stop,-388.4810979405845,44.659844662964616,-1.1298926236735687,0
ZBRA,1,1995-04-06 00:00:00+00:00,1995-04-07 00:00:00+00:00,9.277777671813965,8.67346739768982,1850.5474793731742,1995-05-08 00:00:00+00:00,10.0,max_hold,1300.8322660932008,35.67444287849179,1.1632179372310536,20
ALB,1,1995-05-02 00:00:00+00:00,1995-05-03 00:00:00+00:00,4.030631065368652,3.9566731452941895,5641.918100498549,1995-05-10 00:00:00+00:00,4.178546905517578,target,788.2135461025175,46.31550978415697,1.8890020438295048,5
COO,1,1995-05-09 00:00:00+00:00,1995-05-10 00:00:00+00:00,0.822914183139801,0.7771967053413391,24975.82801711463,1995-05-10 00:00:00+00:00,0.7771967053413391,stop,-1181.7959572296586,39.964094359017444,-1.034999981747352,0
MU,1,1995-05-11 00:00:00+00:00,1995-05-12 00:00:00+00:00,20.5670223236084,19.399986267089844,964.1018303215328,1995-05-18 00:00:00+00:00,22.901094436645508,target,2208.375505352334,41.90769092919089,1.9627534072169752,4
EOG,1,1995-04-20 00:00:00+00:00,1995-04-21 00:00:00+00:00,3.738889455795288,3.5670235753059387,6077.062490711307,1995-05-19 00:00:00+00:00,3.6785855293273926,max_hold,-411.54718858853903,45.076459007878455,-0.3940363337981731,20
OXY,1,1995-05-10 00:00:00+00:00,1995-05-11 00:00:00+00:00,4.557552814483643,4.344693183898926,4979.30659333063,1995-05-19 00:00:00+00:00,4.344693183898926,stop,-1104.2203742196,44.32701219519754,-1.04182214341878,6
PCG,1,1995-05-03 00:00:00+00:00,1995-05-04 00:00:00+00:00,11.875991821289062,11.708728790283203,1914.8191252502215,1995-05-25 00:00:00+00:00,12.377799034118652,target,914.4284257248534,46.44162258975362,2.855104437019637,15
IEX,1,1995-05-18 00:00:00+00:00,1995-05-19 00:00:00+00:00,6.112032890319824,5.997141361236572,3743.7807529739925,1995-05-25 00:00:00+00:00,6.341815948486328,target,813.6329109400907,46.62447958316998,1.8916034198676046,4
APD,1,1995-05-19 00:00:00+00:00,1995-05-22 00:00:00+00:00,11.832818984985352,11.577436447143555,1925.6467565189566,1995-05-26 00:00:00+00:00,11.577436447143555,stop,-536.8564381087951,45.07988244215932,-1.0916674085470597,4
ADBE,1,1995-05-25 00:00:00+00:00,1995-05-26 00:00:00+00:00,6.69198751449585,6.448644638061523,3430.0805276124643,1995-05-30 00:00:00+00:00,6.448644638061523,stop,-879.7590884575935,45.073426467005305,-1.054000480084338,1
TROW,1,1995-05-25 00:00:00+00:00,1995-05-26 00:00:00+00:00,2.0945708751678467,2.0683387108147144,10958.834736331633,1995-05-30 00:00:00+00:00,2.0683387108147144,stop,-333.0945920973397,45.62063817507363,-1.1586948575779827,1
CINF,1,1995-05-02 00:00:00+00:00,1995-05-03 00:00:00+00:00,6.170347690582275,5.963698208332062,3685.4471586493705,1995-06-01 00:00:00+00:00,6.005805969238281,max_hold,-651.2843903153635,44.8745709088638,-0.8551575986522076,20
PH,1,1995-05-30 00:00:00+00:00,1995-05-31 00:00:00+00:00,9.793110847473145,9.480803489685059,2306.549399587823,1995-06-05 00:00:00+00:00,10.417725563049316,target,1394.0874045980795,46.61729258785829,1.935285429860937,3
VLO,1,1995-05-26 00:00:00+00:00,1995-05-30 00:00:00+00:00,1.6083723306655884,1.5799893140792847,14200.052493047791,1995-06-09 00:00:00+00:00,1.5799893140792847,stop,-448.3152281587562,45.27490272219739,-1.1123334313338429,8
LUV,1,1995-05-22 00:00:00+00:00,1995-05-23 00:00:00+00:00,3.6205267906188965,3.3942463397979736,5042.212509164312,1995-06-14 00:00:00+00:00,4.073087692260742,target,2243.115400230931,38.792839186263436,1.9659996501908674,15
PPG,1,1995-05-30 00:00:00+00:00,1995-05-31 00:00:00+00:00,9.541133880615234,9.262366861104965,2367.4643106338667,1995-06-14 00:00:00+00:00,9.262366861104965,stop,-704.4875865933371,44.516616921000015,-1.06745238649376,10
ROK,1,1995-06-05 00:00:00+00:00,1995-06-06 00:00:00+00:00,6.177430152893066,6.091390132904053,3739.4208158866286,1995-06-15 00:00:00+00:00,6.349510192871094,target,596.6361820041182,46.84350148832054,1.8544056550967365,7
INTC,1,1995-06-15 00:00:00+00:00,1995-06-16 00:00:00+00:00,4.066745281219482,3.855485677719116,5528.724930436971,1995-06-20 00:00:00+00:00,4.489264488220215,target,2288.688648816045,47.30382451736354,1.9595000197497539,2
ORCL,1,1995-06-01 00:00:00+00:00,1995-06-02 00:00:00+00:00,2.08791184425354,1.9482284784317017,8199.457633787944,1995-06-22 00:00:00+00:00,2.367278575897217,target,2254.1255353016495,36.53014510048404,1.9681050754043743,14
LEN,1,1995-06-14 00:00:00+00:00,1995-06-15 00:00:00+00:00,2.542825937271118,2.4315781593322754,9238.087678946255,1995-06-22 00:00:00+00:00,2.4315781593322754,stop,-1073.670707881904,45.953981194931586,-1.0447146378001189,5
KMB,1,1995-06-12 00:00:00+00:00,1995-06-13 00:00:00+00:00,10.59045696258545,10.344686508178711,2211.3682167053753,1995-06-23 00:00:00+00:00,11.082000732421875,target,1039.0584856111832,47.925784124631036,1.9118299360907067,8
ROK,1,1995-06-22 00:00:00+00:00,1995-06-23 00:00:00+00:00,6.332291603088379,6.24625825881958,3821.088417177873,1995-06-23 00:00:00+00:00,6.24625825881958,stop,-376.80476645881436,48.06375118223083,-1.1462055202992933,0
SPGI,1,1995-06-23 00:00:00+00:00,1995-06-26 00:00:00+00:00,5.077415943145752,5.035316467285156,4736.784866167266,1995-06-26 00:00:00+00:00,5.035316467285156,stop,-247.3179979673722,47.901837837328344,-1.2402104112630112,0
CAT,1,1995-06-27 00:00:00+00:00,1995-06-28 00:00:00+00:00,7.3118133544921875,7.2098588943481445,3263.1112185380134,1995-06-28 00:00:00+00:00,7.2098588943481445,stop,-380.0745743031364,47.385831627123025,-1.1424329276848102,0
ES,1,1995-06-21 00:00:00+00:00,1995-06-22 00:00:00+00:00,8.235361099243164,8.103240966796875,2895.715268348787,1995-06-30 00:00:00+00:00,8.103240966796875,stop,-429.8942242470904,47.31193946610718,-1.123664741803693,6
NI,1,1995-06-28 00:00:00+00:00,1995-06-29 00:00:00+00:00,1.8911277055740356,1.8566185235977173,12657.834222202699,1995-07-03 00:00:00+00:00,1.8566185235977173,stop,-484.2498550758044,47.43835047574133,-1.1086014218402398,2
WY,1,1995-06-22 00:00:00+00:00,1995-06-23 00:00:00+00:00,6.090122222900391,5.902779534459114,3973.031281337793,1995-07-07 00:00:00+00:00,6.464807599782944,target,1438.7555940937023,49.88112892052164,1.9329841483158883,9
LUV,1,1995-07-03 00:00:00+00:00,1995-07-05 00:00:00+00:00,3.910343885421753,3.7456982135772705,6052.843273975199,1995-07-07 00:00:00+00:00,4.239635229110718,target,1943.8183485595703,49.330546266436215,1.9504998884985534,2
PNC,1,1995-06-14 00:00:00+00:00,1995-06-15 00:00:00+00:00,10.00798225402832,9.682140350341797,2347.2112924015187,1995-07-10 00:00:00+00:00,9.635598182678223,stop_gap,-920.1717312076372,46.10763382423516,-1.2031222729534345,16
MRSH,1,1995-07-07 00:00:00+00:00,1995-07-10 00:00:00+00:00,6.500877857208252,6.432613849639893,3768.187671737531,1995-07-11 00:00:00+00:00,6.637405872344971,target,464.95566470748645,49.507518777492244,1.8075371751886002,1
REGN,1,1995-06-28 00:00:00+00:00,1995-06-29 00:00:00+00:00,8.792032241821289,7.801380157470703,1208.1729483193278,1995-07-26 00:00:00+00:00,10.773336410522461,target,2370.119749887413,23.638349129656703,1.9802500101080698,18
KO,1,1995-07-11 00:00:00+00:00,1995-07-12 00:00:00+00:00,7.250681400299072,7.151544570922852,3380.1347023391427,1995-07-26 00:00:00+00:00,7.448955059051514,target,620.5049232008557,49.686751308020604,1.8517237584473678,10
TRMB,1,1995-06-28 00:00:00+00:00,1995-06-29 00:00:00+00:00,4.875,4.4166669845581055,2611.3742828554095,1995-07-28 00:00:00+00:00,5.0,max_hold,300.63446431372904,25.787321043197167,0.25118199239695627,20
J,1,1995-06-30 00:00:00+00:00,1995-07-03 00:00:00+00:00,4.1532368659973145,3.987452417612076,5727.755132744423,1995-08-01 00:00:00+00:00,4.414297580718994,max_hold,1446.2191093028844,49.07273940214398,1.523020902951264,20
MRK,1,1995-07-10 00:00:00+00:00,1995-07-11 00:00:00+00:00,8.216290473937988,7.83804988861084,2960.936673783522,1995-08-08 00:00:00+00:00,8.552505493164062,max_hold,945.8600377491294,49.65134295418569,0.8445582934540888,20
BMY,1,1995-07-11 00:00:00+00:00,1995-07-12 00:00:00+00:00,5.476387977600098,5.326212406158447,4475.263607509426,1995-08-09 00:00:00+00:00,5.506424903869629,max_hold,85.27218021894986,49.1509827965272,0.12687891382830432,20
GILD,1,1995-08-02 00:00:00+00:00,1995-08-03 00:00:00+00:00,0.4318781793117523,0.389223575592041,30223.848505458478,1995-08-10 00:00:00+00:00,0.5171873867511749,target,2549.688147879407,28.68441389043311,1.9777499851528488,5
SBUX,1,1995-08-01 00:00:00+00:00,1995-08-02 00:00:00+00:00,0.9054034352302551,0.8480995893478394,22673.951527340967,1995-08-14 00:00:00+00:00,0.8480995893478394,stop,-1339.0634664504419,39.75884258232949,-1.0306000931975172,8
KO,1,1995-08-08 00:00:00+00:00,1995-08-09 00:00:00+00:00,7.477263450622559,7.3922929763793945,3418.4183727433015,1995-08-15 00:00:00+00:00,7.3922929763793945,stop,-341.2949951781502,50.830364884606716,-1.174996745157018,4
REGN,1,1995-07-26 00:00:00+00:00,1995-07-27 00:00:00+00:00,11.392491340637207,10.24587333202362,1094.481550860351,1995-08-23 00:00:00+00:00,13.68572735786438,target,2482.45686492966,27.44764769395107,1.9781285323358695,19
ITW,1,1995-07-26 00:00:00+00:00,1995-07-27 00:00:00+00:00,7.8899455070495605,7.501364231109619,3181.143026122354,1995-08-24 00:00:00+00:00,7.889942169189453,max_hold,-50.20869784466471,50.198079634261816,-0.04061756577994733,20
INTU,1,1995-08-23 00:00:00+00:00,1995-08-24 00:00:00+00:00,6.558119297027588,6.30308198928833,4026.072346409136,1995-08-25 00:00:00+00:00,6.30308198928833,stop,-1078.5787788321009,51.78012684043813,-1.0504287055110573,1
FITB,1,1995-08-25 00:00:00+00:00,1995-08-28 00:00:00+00:00,4.761623859405518,4.733646057546139,5544.41516836101,1995-08-28 00:00:00+00:00,4.817579463124275,target,257.13001781082914,53.11108020224837,1.6576141552979573,0
HSY,1,1995-08-09 00:00:00+00:00,1995-08-10 00:00:00+00:00,7.189857482910156,7.003911972045898,3590.340419330307,1995-08-30 00:00:00+00:00,7.561748504638672,target,1282.2520796708036,52.96328722713153,1.920667049615854,14
AMGN,1,1995-08-29 00:00:00+00:00,1995-08-30 00:00:00+00:00,7.633605480194092,7.425037384033203,3364.8540672367035,1995-09-01 00:00:00+00:00,8.05074167251587,target,1350.8268740168157,52.77553930874852,1.9247998737994372,2
PPL,1,1995-08-14 00:00:00+00:00,1995-08-15 00:00:00+00:00,2.31748628616333,2.213031619787216,11283.566752224484,1995-09-13 00:00:00+00:00,2.4035747051239014,max_hold,918.1140150985616,53.270406836512564,0.7789729343091436,20
KR,1,1995-08-15 00:00:00+00:00,1995-08-16 00:00:00+00:00,2.7469098567962646,2.64957857131958,9412.665672144341,1995-09-14 00:00:00+00:00,2.8766863346099854,max_hold,1168.6095669441593,52.93303082485127,1.275570141853874,20
EFX,1,1995-08-28 00:00:00+00:00,1995-08-29 00:00:00+00:00,7.730906009674072,7.49054329097271,3428.5834599443715,1995-09-15 00:00:00+00:00,8.211631447076797,target,1593.5469632197473,54.660320233759634,1.9336730024402886,12
NDSN,1,1995-09-05 00:00:00+00:00,1995-09-06 00:00:00+00:00,9.223091125488281,9.061283111572266,2967.8471015075006,1995-09-20 00:00:00+00:00,9.546707153320312,target,904.736998785022,55.70589141764256,1.8839995756418417,10
VRTX,1,1995-08-30 00:00:00+00:00,1995-08-31 00:00:00+00:00,10.25,9.265369236469269,1349.9525511800955,1995-09-22 00:00:00+00:00,9.265369236469269,stop,-1355.5496336867093,26.34482248799324,-1.0198199873082274,15
GILD,1,1995-09-01 00:00:00+00:00,1995-09-05 00:00:00+00:00,0.5011916756629944,0.4471605531871319,25130.78650855632,1995-09-22 00:00:00+00:00,0.4471605531871319,stop,-1381.6774411567055,23.83283739814607,-1.0175519623763838,13
TROW,1,1995-09-20 00:00:00+00:00,1995-09-21 00:00:00+00:00,2.6604511737823486,2.5484304428100586,10333.9334464693,1995-09-22 00:00:00+00:00,2.5484304428100586,stop,-1211.4430144488908,53.82823595640336,-1.0464992646573688,1
CMCSA,1,1995-09-22 00:00:00+00:00,1995-09-25 00:00:00+00:00,2.2063043117523193,2.155291795730591,12197.191823477711,1995-09-25 00:00:00+00:00,2.155291795730591,stop,-675.4086676947555,53.199224379502766,-1.085500509436255,0
KMB,1,1995-09-25 00:00:00+00:00,1995-09-26 00:00:00+00:00,11.969523429870605,11.812029838562012,2240.04033085765,1995-09-26 00:00:00+00:00,11.812029838562012,stop,-406.0636348345905,53.271638451728634,-1.1510001332170712,0
NEE,1,1995-09-14 00:00:00+00:00,1995-09-15 00:00:00+00:00,1.7861144542694092,1.7547358833253384,15223.150585998768,1995-09-29 00:00:00+00:00,1.8488715961575508,target,900.0254812864166,55.33594002365453,1.8841570555617093,10
BAX,1,1995-09-15 00:00:00+00:00,1995-09-18 00:00:00+00:00,5.228960037231445,5.1101202964782715,5243.295535500544,1995-09-29 00:00:00+00:00,5.50059700012207,target,1368.0146362894868,56.25823851185414,2.195455865182064,9
FICO,1,1995-09-29 00:00:00+00:00,1995-10-02 00:00:00+00:00,7.995018005371094,7.782761096954346,3368.9141672163046,1995-10-02 00:00:00+00:00,7.782761096954346,stop,-768.2292893997496,53.153983545033526,-1.0743334067193098,0
WSM,1,1995-09-28 00:00:00+00:00,1995-09-29 00:00:00+00:00,1.6613740921020508,1.5354436337947845,10720.234449351588,1995-10-09 00:00:00+00:00,1.5354436337947845,stop,-1384.2746728816464,34.27063551345706,-1.0253855800166845,6
SPGI,1,1995-09-26 00:00:00+00:00,1995-09-27 00:00:00+00:00,5.489604949951172,5.404756546020508,4881.780086372522,1995-10-10 00:00:00+00:00,5.404756546020508,stop,-467.39512567398594,53.18387700477811,-1.1283979543666405,9
EFX,1,1995-09-29 00:00:00+00:00,1995-10-02 00:00:00+00:00,8.27429485321045,7.931348562240601,3255.205416687979,1995-10-10 00:00:00+00:00,7.931348562240601,stop,-1169.113322224993,52.75269822689013,-1.0472541731523664,6
TECH,1,1995-10-02 00:00:00+00:00,1995-10-03 00:00:00+00:00,1.0024478435516357,0.9764098525047302,26426.866939601525,1995-10-10 00:00:00+00:00,0.9764098525047302,stop,-740.3975337971959,52.295009026088024,-1.0759988622966956,5
CAH,1,1995-09-13 00:00:00+00:00,1995-09-14 00:00:00+00:00,7.254119873046875,7.074525907635689,3723.8986990054786,1995-10-12 00:00:00+00:00,7.472477436065674,max_hold,758.3010882835299,54.8403565601818,1.1338408016297572,20
CLX,1,1995-10-10 00:00:00+00:00,1995-10-11 00:00:00+00:00,7.72910213470459,7.619661331176758,3377.3964576118806,1995-10-17 00:00:00+00:00,7.619661331176758,stop,-421.46384151148806,51.838859358390316,-1.1402471744643028,4
MRSH,1,1995-10-12 00:00:00+00:00,1995-10-13 00:00:00+00:00,7.060037136077881,6.897268772125244,3694.931151368038,1995-10-17 00:00:00+00:00,6.897268772125244,stop,-652.9891828152007,51.5712843893929,-1.0857495005126703,2
TRV,1,1995-10-12 00:00:00+00:00,1995-10-13 00:00:00+00:00,13.170455932617188,12.853445053100586,1980.6718368272589,1995-10-24 00:00:00+00:00,12.68053150177002,stop_gap,-1021.5818451180756,51.20232276546609,-1.6269959537920038,7
ROP,1,1995-10-18 00:00:00+00:00,1995-10-19 00:00:00+00:00,7.282262325286865,6.976709842681885,3444.7507728960377,1995-10-26 00:00:00+00:00,6.976709842681885,stop,-1101.670756010123,49.11860539631344,-1.0466661964138015,5
JCI,1,1995-10-17 00:00:00+00:00,1995-10-18 00:00:00+00:00,7.670515060424805,7.447119325399399,3421.036716730442,1995-10-27 00:00:00+00:00,7.447119325399399,stop,-815.9629941869096,51.71798230401127,-1.0676719919657593,7
OKE,1,1995-10-10 00:00:00+00:00,1995-10-11 00:00:00+00:00,1.2452253103256226,1.2063027620315552,20963.468983332445,1995-11-08 00:00:00+00:00,1.306810975074768,max_hold,1237.549639273292,53.499533513330036,1.5166948478741584,20
LEN,1,1995-10-10 00:00:00+00:00,1995-10-11 00:00:00+00:00,2.8486104011535645,2.719094827771187,9163.851314908004,1995-11-08 00:00:00+00:00,2.85174298286438,max_hold,-23.530677823860398,52.23719085357314,-0.0198259684618892,20
SWK,1,1995-10-27 00:00:00+00:00,1995-10-30 00:00:00+00:00,10.33678913116455,10.007767677307129,2453.317602067882,1995-11-20 00:00:00+00:00,10.994832038879395,target,1562.0550067156444,52.333241697112676,1.935166473432192,15
TECH,1,1995-10-24 00:00:00+00:00,1995-10-25 00:00:00+00:00,1.132635235786438,1.0204711332917213,11502.603831495957,1995-11-22 00:00:00+00:00,1.2498044967651367,max_hold,1320.3473298711738,27.404260395955944,1.0233828711066808,20
PEP,1,1995-10-27 00:00:00+00:00,1995-10-30 00:00:00+00:00,11.475546836853027,11.231965065002441,2209.866517463873,1995-11-28 00:00:00+00:00,11.610880851745605,max_hold,248.05218462818058,51.017923556884995,0.460820965178103,20
USB,1,1995-11-08 00:00:00+00:00,1995-11-09 00:00:00+00:00,2.3812053203582764,2.344329357147217,10907.069946253729,1995-11-30 00:00:00+00:00,2.4549572467803955,target,751.6690567657765,52.748363391235486,1.8688532543690075,14
KO,1,1995-11-08 00:00:00+00:00,1995-11-09 00:00:00+00:00,8.270135879516602,8.014384150505066,3140.452994232705,1995-12-05 00:00:00+00:00,8.781639337539673,target,1552.8022677715496,53.550298537387405,1.933326842860612,17
FICO,1,1995-11-22 00:00:00+00:00,1995-11-24 00:00:00+00:00,8.278030395507812,7.853509426116943,3115.1596283196523,1995-12-05 00:00:00+00:00,7.788085460662842,stop_gap,-1576.3051966278042,50.048515499049046,-1.1919577292664707,7
CASY,1,1995-11-20 00:00:00+00:00,1995-11-21 00:00:00+00:00,9.178425788879395,8.629468500614166,2407.8983363712014,1995-12-06 00:00:00+00:00,8.629468500614166,stop,-1364.712940186635,42.879599033945766,-1.0324394896837397,10
INTU,1,1995-11-28 00:00:00+00:00,1995-11-29 00:00:00+00:00,11.841048240661621,10.436763525009155,938.0074194641725,1995-12-18 00:00:00+00:00,10.436763525009155,stop,-1338.1262350477741,20.896752725625426,-1.0158641702194415,13
HD,1,1995-12-05 00:00:00+00:00,1995-12-06 00:00:00+00:00,5.505590438842773,5.343548774719238,4791.835971301163,1995-12-20 00:00:00+00:00,5.829673767089844,target,1498.6374232271235,54.31672676619043,1.9300472241676623,10
BIIB,1,1995-12-19 00:00:00+00:00,1995-12-20 00:00:00+00:00,2.4583330154418945,2.2430533170700073,5696.845179318233,1995-12-21 00:00:00+00:00,2.888892412185669,target,2422.36790834983,30.46231540010796,1.9751614970289004,1
GILD,1,1995-12-14 00:00:00+00:00,1995-12-15 00:00:00+00:00,0.5705056190490723,0.5069219470024109,20601.46412395015,1995-12-22 00:00:00+00:00,0.697672963142395,target,2593.7071415128335,26.126335563779485,1.9800549647201753,5
UHS,1,1995-12-06 00:00:00+00:00,1995-12-07 00:00:00+00:00,4.599106788635254,4.459857925772667,5758.9457647668605,1995-12-28 00:00:00+00:00,4.877604514360428,target,1549.2774316398882,54.57586642230521,1.9319440668442123,14
FITB,1,1995-11-30 00:00:00+00:00,1995-12-01 00:00:00+00:00,6.301227569580078,6.088019698858261,4189.782049590862,1996-01-02 00:00:00+00:00,6.335068225860596,max_hold,88.84164893342898,52.94332529705781,0.09945392922545197,20
AON,1,1996-01-02 00:00:00+00:00,1996-01-03 00:00:00+00:00,13.826150894165039,13.447829246520996,2026.9370414659704,1996-01-04 00:00:00+00:00,13.447829246520996,stop,-822.1168018135115,55.28264061536379,-1.0720920420772424,1
LOW,1,1995-12-05 00:00:00+00:00,1995-12-06 00:00:00+00:00,2.730402708053589,2.580427050590515,8795.389449982633,1996-01-05 00:00:00+00:00,2.909619092941284,max_hold,1526.67171265912,49.60618824614235,1.1573635750150824,20
ALL,1,1996-01-04 00:00:00+00:00,1996-01-05 00:00:00+00:00,10.076883316040039,9.949533477425575,2739.687102810016,1996-01-05 00:00:00+00:00,10.331582993268967,target,641.8846088582202,55.91281193574661,1.8397448592683876,0
BSX,1,1996-01-05 00:00:00+00:00,1996-01-08 00:00:00+00:00,11.96875,11.375,2325.504187705273,1996-01-09 00:00:00+00:00,11.375,stop,-1435.054099831751,54.28598838174497,-1.0393157894736842,1
FLEX,1,1995-12-22 00:00:00+00:00,1995-12-26 00:00:00+00:00,2.5433309078216553,2.3693545311689377,7881.067430532189,1996-01-10 00:00:00+00:00,2.3693545311689377,stop,-1409.8367609294119,38.71720520967849,-1.0282376580861725,10
ECL,1,1995-12-28 00:00:00+00:00,1995-12-29 00:00:00+00:00,5.164553165435791,5.035438060760498,5406.09699116576,1996-01-10 00:00:00+00:00,5.035438060760498,stop,-753.1509207770105,55.142141877856915,-1.0789992096730114,7
XOM,1,1996-01-05 00:00:00+00:00,1996-01-08 00:00:00+00:00,8.046072006225586,7.762235224246979,3459.250454763719,1996-01-10 00:00:00+00:00,7.762235224246979,stop,-1036.5474111142244,54.684893976056806,-1.0556950622124235,2
BMY,1,1996-01-09 00:00:00+00:00,1996-01-10 00:00:00+00:00,6.783418655395508,6.701812744140625,4026.340633943609,1996-01-11 00:00:00+00:00,6.701812744140625,stop,-382.8693315976153,54.29613514208458,-1.1652482178333528,1
TSN,1,1996-01-10 00:00:00+00:00,1996-01-11 00:00:00+00:00,10.662413597106934,10.350337982177734,2502.3514763640055,1996-01-11 00:00:00+00:00,10.350337982177734,stop,-833.5041656921796,52.58128993689308,-1.0673322444115085,0
EQT,1,1995-12-20 00:00:00+00:00,1995-12-21 00:00:00+00:00,2.4314067363739014,2.3484685719013214,11002.071585979615,1996-01-12 00:00:00+00:00,2.3484685719013214,stop,-965.0801530507763,52.58853031370038,-1.0576317951894811,14
WEC,1,1996-01-11 00:00:00+00:00,1996-01-12 00:00:00+00:00,5.146857261657715,5.084089279174805,5138.283359555801,1996-01-16 00:00:00+00:00,5.272393226623535,target,591.5022984066753,53.537061402979205,1.8340037376361729,2
ROK,1,1996-01-11 00:00:00+00:00,1996-01-12 00:00:00+00:00,7.38527250289917,7.176259994506836,3580.91201254972,1996-01-19 00:00:00+00:00,7.803297519683838,target,1442.521871303196,54.38893284732006,1.9273317652641497,5
ROL,1,1996-01-11 00:00:00+00:00,1996-01-12 00:00:00+00:00,0.8299647569656372,0.8113135695457458,31864.01687497161,1996-01-22 00:00:00+00:00,0.8113135695457458,stop,-646.5994709781603,52.29772029248387,-1.0879985970631,6
LIN,1,1996-01-19 00:00:00+00:00,1996-01-22 00:00:00+00:00,9.945497512817383,9.648621559143066,2716.269612411875,1996-01-25 00:00:00+00:00,10.539249420166016,target,1557.148167630672,55.642095612010166,1.9309989688304094,3
VRTX,1,1996-01-16 00:00:00+00:00,1996-01-17 00:00:00+00:00,12.0625,11.0,1253.2494610668132,1996-01-30 00:00:00+00:00,14.25,target,2708.507069639333,32.97612644432053,2.0340588235294117,9
MGM,1,1996-01-23 00:00:00+00:00,1996-01-24 00:00:00+00:00,6.6917266845703125,6.254412889480591,3079.187847495282,1996-02-06 00:00:00+00:00,7.566354274749756,target,2649.2393371460835,43.903309618542224,1.9673962241314735,9
NKE,1,1996-01-11 00:00:00+00:00,1996-01-12 00:00:00+00:00,3.0214202404022217,2.8322343826293945,6989.425989055939,1996-02-09 00:00:00+00:00,3.021420955657959,max_hold,-42.230992076441765,42.2359913034809,-0.031937513783816825,20
CPT,1,1996-01-12 00:00:00+00:00,1996-01-15 00:00:00+00:00,5.099571228027344,4.964661598205566,5190.051102533511,1996-02-12 00:00:00+00:00,5.2614617347717285,max_hold,786.4457124664416,53.77429055196137,1.1231924213398556,20
ROP,1,1996-01-25 00:00:00+00:00,1996-01-26 00:00:00+00:00,8.265336990356445,7.831655502319336,3157.2707375209593,1996-02-13 00:00:00+00:00,9.132699966430664,target,2683.5694301942503,54.93031297397215,1.9598829153729096,12
NKE,1,1996-02-12 00:00:00+00:00,1996-02-13 00:00:00+00:00,3.043677568435669,2.960212469100952,9418.557151063877,1996-02-14 00:00:00+00:00,2.960212469100952,stop,-842.6687896504953,56.54798144724171,-1.0719329406589388,1
CPT,1,1996-02-14 00:00:00+00:00,1996-02-15 00:00:00+00:00,5.234482765197754,5.199248880147934,5475.801382257498,1996-02-16 00:00:00+00:00,5.180520534515381,stop_gap,-352.5169468250219,57.03048946478558,-1.8271398084843091,1
AES,1,1996-01-30 00:00:00+00:00,1996-01-31 00:00:00+00:00,3.4264354705810547,3.348560333251953,8034.830939830934,1996-02-22 00:00:00+00:00,3.582185745239258,target,1195.1140391204676,56.31308659042854,1.9100018124372382,15
GWW,1,1996-02-16 00:00:00+00:00,1996-02-20 00:00:00+00:00,21.181781768798828,20.911699295043945,1348.9999645534251,1996-02-22 00:00:00+00:00,21.721946716308594,target,670.8053668380569,57.87712820561969,1.8411458252413473,2
PEG,1,1996-02-06 00:00:00+00:00,1996-02-07 00:00:00+00:00,4.041113376617432,3.944126605987549,7070.379546382738,1996-02-23 00:00:00+00:00,3.944126605987549,stop,-742.1919567772054,56.45867744596791,-1.0823332907235146,11
INCY,1,1996-02-09 00:00:00+00:00,1996-02-12 00:00:00+00:00,9.0,8.037913620471954,1487.7176647864758,1996-02-27 00:00:00+00:00,8.037913620471954,stop,-1456.6605069386214,25.347605064282227,-1.0177093387693836,10
BDX,1,1996-02-22 00:00:00+00:00,1996-02-23 00:00:00+00:00,10.318790435791016,9.928834915161133,2782.086404184792,1996-02-28 00:00:00+00:00,9.928834915161133,stop,-1141.2205953871105,56.3306432059113,-1.051922909869943,3
MS,1,1996-02-28 00:00:00+00:00,1996-02-29 00:00:00+00:00,6.2029876708984375,6.106888294219971,4568.67361497993,1996-03-01 00:00:00+00:00,6.106888294219971,stop,-495.28649217244094,56.23980552551207,-1.1280952737737862,1
WM,1,1996-02-13 00:00:00+00:00,1996-02-14 00:00:00+00:00,11.271195411682129,10.790106773376465,2567.252915425885,1996-03-04 00:00:00+00:00,12.233372688293457,target,2409.810247556482,60.342170980488575,1.951142957391894,12
NEM,1,1996-02-26 00:00:00+00:00,1996-02-27 00:00:00+00:00,35.967750549316406,33.95850586891174,712.1334028243876,1996-03-04 00:00:00+00:00,33.95850586891174,stop,-1480.6470742932554,49.79682292988349,-1.0348022603220952,4
MCK,1,1996-02-22 00:00:00+00:00,1996-02-23 00:00:00+00:00,20.525070190429688,20.135038375854492,1398.6683754402918,1996-03-06 00:00:00+00:00,21.305133819580078,target,1032.5437454368189,58.50658348701634,1.8927518155010783,8
GILD,1,1996-02-09 00:00:00+00:00,1996-02-12 00:00:00+00:00,0.7891104221343994,0.7144647240638733,19174.754056449685,1996-03-08 00:00:00+00:00,0.7144647240638733,stop,-1460.1435855080813,28.830683633742257,-1.0201428238339694,18
AXP,1,1996-03-01 00:00:00+00:00,1996-03-04 00:00:00+00:00,9.13655948638916,8.819822311401367,3100.164287533601,1996-03-08 00:00:00+00:00,8.819822311401367,stop,-1037.6050120142654,55.66773358282859,-1.0566917407105199,4
ADSK,1,1996-03-04 00:00:00+00:00,1996-03-05 00:00:00+00:00,8.508960723876953,8.156864166259766,3322.4033145382114,1996-03-08 00:00:00+00:00,8.09818172454834,stop_gap,-1419.949134027731,55.17562511565642,-1.213832207475623,3
HSY,1,1996-03-06 00:00:00+00:00,1996-03-07 00:00:00+00:00,9.705085754394531,9.358474731445312,2918.239471921842,1996-03-08 00:00:00+00:00,9.358474731445312,stop,-1067.126003258765,55.63203468514736,-1.0549998679315886,1
MO,1,1996-03-11 00:00:00+00:00,1996-03-12 00:00:00+00:00,1.358699083328247,1.3335387706756592,20225.96431204792,1996-03-13 00:00:00+00:00,1.3335387706756592,stop,-563.3446925458379,54.453106754627484,-1.1070033544963518,1
OXY,1,1996-03-11 00:00:00+00:00,1996-03-12 00:00:00+00:00,4.615756988525391,4.493000507354736,5953.7361344035535,1996-03-13 00:00:00+00:00,4.861269950866699,target,1405.2956776201333,56.4237177357746,1.9227981541258319,1
WMB,1,1996-03-13 00:00:00+00:00,1996-03-14 00:00:00+00:00,4.1131672859191895,3.9956490993499756,6758.98459051001,1996-03-19 00:00:00+00:00,4.348203659057617,target,1531.4169484203067,57.19027583168736,1.9279994765746886,3
RTX,1,1996-03-11 00:00:00+00:00,1996-03-12 00:00:00+00:00,4.622653007507324,4.463253021240234,5944.854421385165,1996-03-20 00:00:00+00:00,4.941452980041504,target,1838.362208490611,56.85721776667598,1.9399993299151026,6
GWW,1,1996-03-04 00:00:00+00:00,1996-03-05 00:00:00+00:00,21.37470054626465,20.757381439208984,1322.6009529861988,1996-03-25 00:00:00+00:00,20.757381439208984,stop,-872.1907710736907,55.72393178528009,-1.0682500857399746,14
AMGN,1,1996-03-13 00:00:00+00:00,1996-03-14 00:00:00+00:00,10.365848541259766,9.865285873413086,2681.964162707999,1996-03-25 00:00:00+00:00,9.865285873413086,stop,-1396.7503138253837,54.25917747108106,-1.0404167863770248,7
CSCO,1,1996-03-11 00:00:00+00:00,1996-03-12 00:00:00+00:00,3.232544422149658,2.983201742172241,5510.688978857993,1996-03-26 00:00:00+00:00,2.983201742172241,stop,-1408.3030023935748,34.25304388310754,-1.024928528741589,10
AES,1,1996-03-21 00:00:00+00:00,1996-03-22 00:00:00+00:00,3.7379305362701416,3.660055637359619,7544.35818114447,1996-03-26 00:00:00+00:00,3.660055637359619,stop,-643.3291882144161,55.813057513017355,-1.0949983406351511,2
CL,1,1996-03-19 00:00:00+00:00,1996-03-20 00:00:00+00:00,5.251937389373779,5.177613735198975,5389.13662226479,1996-03-28 00:00:00+00:00,5.177613735198975,stop,-456.74660253320127,56.20627591921796,-1.1403261349346883,6
ADSK,1,1996-03-26 00:00:00+00:00,1996-03-27 00:00:00+00:00,9.037102699279785,8.351801574230194,2004.890986401313,1996-04-01 00:00:00+00:00,8.351801574230194,stop,-1408.8169060239595,34.86285744135543,-1.0253741072907936,3
ROP,1,1996-03-26 00:00:00+00:00,1996-03-27 00:00:00+00:00,9.183696746826172,9.041376307606697,2992.159010601987,1996-04-01 00:00:00+00:00,9.468337625265121,target,795.8809164942569,55.80985271251094,1.868943389478108,3
NSC,1,1996-03-29 00:00:00+00:00,1996-04-01 00:00:00+00:00,14.267560005187988,14.035744667053223,1924.9093813422976,1996-04-03 00:00:00+00:00,14.035744667053223,stop,-500.7048158012336,54.4812966865864,-1.122094184534878,2
BF.B,1,1996-04-01 00:00:00+00:00,1996-04-02 00:00:00+00:00,2.4196174144744873,2.2800812423229218,9820.444511633463,1996-04-08 00:00:00+00:00,2.2800812423229218,stop,-1416.4603658606613,46.15312988047727,-1.0336808627062848,3
TMO,1,1996-04-03 00:00:00+00:00,1996-04-04 00:00:00+00:00,33.04029083251953,32.227840423583984,819.8812991041358,1996-04-10 00:00:00+00:00,32.227840423583984,stop,-719.6250169801159,53.512120244353405,-1.080334910953662,3
WMB,1,1996-03-26 00:00:00+00:00,1996-03-27 00:00:00+00:00,4.252053260803223,4.1772685050964355,6462.543925534278,1996-04-11 00:00:00+00:00,4.1772685050964355,stop,-537.7746308900507,54.47486217458871,-1.1127144387413523,10
CHD,1,1996-04-10 00:00:00+00:00,1996-04-11 00:00:00+00:00,1.1840959787368774,1.1415530443191528,22388.13392771454,1996-04-16 00:00:00+00:00,1.1415530443191528,stop,-1004.5238552190319,52.06694179703689,-1.054665928781986,3
WELL,1,1996-03-25 00:00:00+00:00,1996-03-26 00:00:00+00:00,3.499980926513672,3.4406607151031494,7912.098016556309,1996-04-19 00:00:00+00:00,3.618621349334717,target,882.3715751383982,56.323078947393256,1.8799970177687928,17
PH,1,1996-04-01 00:00:00+00:00,1996-04-02 00:00:00+00:00,10.326549530029297,10.054807662963867,2653.949863883133,1996-04-19 00:00:00+00:00,10.870033264160156,target,1386.1239141978645,56.25466802142666,1.921997360866422,12
LH,1,1996-04-19 00:00:00+00:00,1996-04-22 00:00:00+00:00,17.56581687927246,17.056663513183594,1536.2757153145562,1996-04-24 00:00:00+00:00,17.056663513183594,stop,-835.3896275238732,53.189675830884624,-1.0680001011451883,2
BKR,1,1996-04-09 00:00:00+00:00,1996-04-10 00:00:00+00:00,12.400266647338867,11.720087051391602,1965.2758447272965,1996-04-26 00:00:00+00:00,13.760625839233398,target,2622.0676899026994,51.413370080368296,1.9615382574801605,12
KR,1,1996-04-24 00:00:00+00:00,1996-04-25 00:00:00+00:00,3.5904488563537598,3.493117332458496,7577.770404389234,1996-05-01 00:00:00+00:00,3.493117332458496,stop,-791.2335794107463,53.677638223113746,-1.0727777178998525,4
HRL,1,1996-04-26 00:00:00+00:00,1996-04-29 00:00:00+00:00,1.766898274421692,1.725806474685669,15796.392978630121,1996-05-06 00:00:00+00:00,1.717589259147644,stop_gap,-833.9469170675338,55.04233440939885,-1.2847697873241604,5
PPG,1,1996-05-06 00:00:00+00:00,1996-05-07 00:00:00+00:00,12.06181526184082,11.969689406454563,2260.0210488724338,1996-05-07 00:00:00+00:00,11.969689406454563,stop,-262.51807870474283,54.31170638642372,-1.2608551591465633,0
ADSK,1,1996-05-07 00:00:00+00:00,1996-05-08 00:00:00+00:00,9.756159782409668,9.227209091186523,2573.7999761610554,1996-05-09 00:00:00+00:00,9.227209091186523,stop,-1410.2726708148216,48.8593943543184,-1.035888730629502,1
BIIB,1,1996-04-18 00:00:00+00:00,1996-04-19 00:00:00+00:00,4.2708330154418945,3.875,3398.1640545557902,1996-05-10 00:00:00+00:00,5.062499046325684,target,2658.4948558406145,31.716193521531668,1.9764210369078279,15
WY,1,1996-04-12 00:00:00+00:00,1996-04-15 00:00:00+00:00,6.369510650634766,6.149875164031982,4138.378571504489,1996-05-13 00:00:00+00:00,6.50656270980835,max_hold,513.8872387845475,53.28606607997758,0.5653730539351163,20
TGT,1,1996-05-09 00:00:00+00:00,1996-05-10 00:00:00+00:00,4.404847145080566,4.2499871253967285,6171.500311059365,1996-05-20 00:00:00+00:00,4.714567184448242,target,1855.1568509275637,56.280468371366275,1.941111887056795,6
SLB,1,1996-04-22 00:00:00+00:00,1996-04-23 00:00:00+00:00,10.630064964294434,10.159708976745605,2552.3906008686013,1996-05-21 00:00:00+00:00,10.927959442138672,max_hold,705.3185664320179,55.024498868275764,0.5875049127744301,20
UHS,1,1996-05-03 00:00:00+00:00,1996-05-06 00:00:00+00:00,6.155300140380859,6.058038234710693,4454.568319749927,1996-05-21 00:00:00+00:00,6.349823951721191,target,810.8146778184351,55.704929615219356,1.871428345908527,11
NDSN,1,1996-05-21 00:00:00+00:00,1996-05-22 00:00:00+00:00,9.97374439239502,9.770194053649902,2837.140802791272,1996-05-22 00:00:00+00:00,9.770194053649902,stop,-633.5173048488306,56.01633337307335,-1.0969978166961836,0
GD,1,1996-05-22 00:00:00+00:00,1996-05-23 00:00:00+00:00,8.683967590332031,8.515673637390137,3240.7511894563495,1996-05-23 00:00:00+00:00,8.515673637390137,stop,-601.1385859417187,55.73975776696308,-1.1021999954666257,0
PAYX,1,1996-05-22 00:00:00+00:00,1996-05-23 00:00:00+00:00,4.08798885345459,3.9096035957336426,6884.211113684127,1996-05-28 00:00:00+00:00,3.9096035957336426,stop,-1283.0988885413701,55.05711482141788,-1.044833258932748,2
CTAS,1,1996-05-29 00:00:00+00:00,1996-05-30 00:00:00+00:00,3.2475368976593018,3.2026400566101074,8434.130601668008,1996-05-30 00:00:00+00:00,3.2026400566101074,stop,-433.06745584741174,54.40163483617738,-1.1436666100227815,0
AVY,1,1996-05-20 00:00:00+00:00,1996-05-21 00:00:00+00:00,14.053357124328613,13.90026569366455,1994.779123808827,1996-05-31 00:00:00+00:00,13.90026569366455,stop,-361.1448931548572,55.76130323215884,-1.1825943013056912,7
INTC,1,1996-05-23 00:00:00+00:00,1996-05-24 00:00:00+00:00,5.003417015075684,4.879879474639893,5568.653260006548,1996-05-31 00:00:00+00:00,5.250492095947266,target,1318.7749901630082,57.1004643989088,1.9169976261883532,4
SNA,1,1996-05-30 00:00:00+00:00,1996-05-31 00:00:00+00:00,15.012367248535156,14.818910598754883,1817.4434212220629,1996-06-03 00:00:00+00:00,14.818910598754883,stop,-405.81317510502333,54.21665967020475,-1.1542013566407368,1
GEN,1,1996-05-13 00:00:00+00:00,1996-05-14 00:00:00+00:00,0.7078921794891357,0.6525881290435791,24985.735675891367,1996-06-05 00:00:00+00:00,0.6525881290435791,stop,-1415.804987620094,33.99260138125355,-1.0246000120709426,15
WSM,1,1996-05-31 00:00:00+00:00,1996-06-03 00:00:00+00:00,2.172565460205078,2.084089756011963,12563.746458448664,1996-06-10 00:00:00+00:00,2.084089756011963,stop,-1165.065852112587,53.479536897583884,-1.04811100691469,5
TECH,1,1996-05-10 00:00:00+00:00,1996-05-13 00:00:00+00:00,1.536218285560608,1.419314794242382,11685.060654939605,1996-06-11 00:00:00+00:00,1.5752750635147095,max_hold,420.02283086879845,36.35798851138625,0.3074782814413874,20
SNPS,1,1996-05-31 00:00:00+00:00,1996-06-03 00:00:00+00:00,22.75,20.656965255737305,652.0570592824711,1996-06-13 00:00:00+00:00,20.656965255737305,stop,-1393.0818984370046,28.303818117032463,-1.020738769566402,8
REGN,1,1996-06-07 00:00:00+00:00,1996-06-10 00:00:00+00:00,18.079389572143555,16.469579696655273,841.8975897083643,1996-06-17 00:00:00+00:00,16.469579696655273,stop,-1384.381748016616,29.086693954310082,-1.0214615215093767,5
SPGI,1,1996-06-13 00:00:00+00:00,1996-06-14 00:00:00+00:00,6.603096008300781,6.46444845199585,4072.442153345594,1996-06-17 00:00:00+00:00,6.46444845199585,stop,-617.85097165539,53.21681890082969,-1.0942500885594897,1
INCY,1,1996-06-11 00:00:00+00:00,1996-06-12 00:00:00+00:00,8.8125,8.28125,2557.271818337261,1996-06-20 00:00:00+00:00,8.28125,stop,-1402.2640186363724,43.71336514470255,-1.0321764705882353,6
MAS,1,1996-05-31 00:00:00+00:00,1996-06-03 00:00:00+00:00,7.136454105377197,6.821193218231201,3824.807278706199,1996-06-21 00:00:00+00:00,6.82119083404541,stop_gap,-1259.2065568564472,53.38530195790034,-1.044280878771837,14
CTAS,1,1996-06-18 00:00:00+00:00,1996-06-19 00:00:00+00:00,3.299917221069336,3.232571601867676,7901.501189051196,1996-06-28 00:00:00+00:00,3.232571601867676,stop,-583.7479584012073,51.616468201900446,-1.0969994618859482,7
LOW,1,1996-06-03 00:00:00+00:00,1996-06-04 00:00:00+00:00,3.035076379776001,2.8737388253211975,8361.776126280427,1996-07-02 00:00:00+00:00,3.0033516883850098,max_hold,-315.7667507474149,50.49198366061037,-0.23406279825402368,20
AME,1,1996-06-28 00:00:00+00:00,1996-07-01 00:00:00+00:00,2.5390384197235107,2.465656280517578,10074.753459769692,1996-07-05 00:00:00+00:00,2.465656280517578,stop,-789.7280260966157,50.42106524634495,-1.0682004470624165,3
GPC,1,1996-07-02 00:00:00+00:00,1996-07-03 00:00:00+00:00,11.626603126525879,11.438570976257324,2206.001265127138,1996-07-05 00:00:00+00:00,11.438570976257324,stop,-465.68096462812525,50.88180325111745,-1.122666118904882,1
QCOM,1,1996-06-20 00:00:00+00:00,1996-06-21 00:00:00+00:00,1.9946972131729126,1.8121235519647598,7089.691572353584,1996-07-10 00:00:00+00:00,1.8121235519647598,stop,-1321.3801322972363,26.98918509605718,-1.0208508759694395,12
KIM,1,1996-06-21 00:00:00+00:00,1996-06-24 00:00:00+00:00,2.0191636085510254,1.9831072092056274,12667.261419531149,1996-07-10 00:00:00+00:00,1.9831072092056274,stop,-507.43364707545186,50.697810720284224,-1.1110002909446774,11
EVRG,1,1996-07-09 00:00:00+00:00,1996-07-10 00:00:00+00:00,6.975978851318359,6.917356967926025,3622.3130072502877,1996-07-10 00:00:00+00:00,6.917356967926025,stop,-262.6728217737063,50.32601105214526,-1.236999137783779,0
COHR,1,1996-06-11 00:00:00+00:00,1996-06-12 00:00:00+00:00,2.078125,1.8631671965122223,6320.080645822732,1996-07-11 00:00:00+00:00,2.171875,max_hold,565.6472178011345,26.86034274474661,0.41636078592089304,20
ORCL,1,1996-07-10 00:00:00+00:00,1996-07-11 00:00:00+00:00,3.3413922786712646,3.231114387512207,7519.855977534397,1996-07-15 00:00:00+00:00,3.231114387512207,stop,-878.6981625634115,49.424303541084456,-1.0595994953939019,2
TSN,1,1996-07-12 00:00:00+00:00,1996-07-15 00:00:00+00:00,11.05398178100586,10.741128921508789,2260.337665359299,1996-07-16 00:00:00+00:00,10.741128921508789,stop,-756.4174116781581,49.26430964156944,-1.0696656912056088,1
EIX,1,1996-07-12 00:00:00+00:00,1996-07-15 00:00:00+00:00,6.248106479644775,6.109254837036133,3998.928547905209,1996-07-16 00:00:00+00:00,6.109254837036133,stop,-604.6740024972869,49.41620494605479,-1.0889968680565811,1
NKE,1,1996-06-21 00:00:00+00:00,1996-06-24 00:00:00+00:00,4.656085968017578,4.401508957147598,5023.48448332257,1996-07-22 00:00:00+00:00,4.401508957147598,stop,-1324.3643514787734,45.500687562788514,-1.0355789978608523,19
TSN,1,1996-07-17 00:00:00+00:00,1996-07-18 00:00:00+00:00,11.158255577087402,10.740942031145096,2192.1459872786863,1996-07-30 00:00:00+00:00,10.740942031145096,stop,-962.8184533359768,48.006238161509884,-1.0524766037938773,8
CMS,1,1996-07-12 00:00:00+00:00,1996-07-15 00:00:00+00:00,11.911110877990723,11.620593070983887,2097.682712195341,1996-08-12 00:00:00+00:00,12.016191482543945,max_hold,170.23387904716589,50.19188851116435,0.2793401995863835,20
CLX,1,1996-07-30 00:00:00+00:00,1996-07-31 00:00:00+00:00,10.147175788879395,9.851844996213913,2360.839719474537,1996-08-20 00:00:00+00:00,10.793670654296875,target,1476.8327746714656,49.437982042467624,2.118146954228587,14
AES,1,1996-08-09 00:00:00+00:00,1996-08-12 00:00:00+00:00,4.906033039093018,4.6724114418029785,4927.760386486389,1996-08-26 00:00:00+00:00,5.373276233673096,target,2251.8085320722817,50.65397303477906,1.9560001755316978,10
VMRK,1,1996-07-29 00:00:00+00:00,1996-07-30 00:00:00+00:00,3.818324565887451,3.7340972423553467,6326.316385640954,1996-08-27 00:00:00+00:00,3.9306294918060303,max_hold,661.4541580001351,49.022335026765234,1.241354556648503,20
HBAN,1,1996-08-28 00:00:00+00:00,1996-08-29 00:00:00+00:00,5.243411064147949,5.184823513031006,4770.232643586141,1996-08-30 00:00:00+00:00,5.360586166381836,target,508.36896395005954,50.58353374157022,1.8190059658004183,1
ADM,1,1996-08-29 00:00:00+00:00,1996-08-30 00:00:00+00:00,7.2639994621276855,7.063612937927246,3446.9775214398974,1996-09-03 00:00:00+00:00,7.013516902923584,stop_gap,-912.6220290615983,49.214277972321995,-1.3212469083216536,1
MOS,1,1996-08-29 00:00:00+00:00,1996-08-30 00:00:00+00:00,28.18931007385254,27.205955505371094,888.2389386652932,1996-09-09 00:00:00+00:00,27.205955505371094,stop,-922.658050144798,49.20423190517165,-1.0563329518718445,5
NEM,1,1996-09-03 00:00:00+00:00,1996-09-04 00:00:00+00:00,34.064666748046875,33.34837341308594,731.5918479228513,1996-09-09 00:00:00+00:00,33.34837341308594,stop,-573.3531952044747,49.318830625580546,-1.0941137336770126,3
ZBRA,1,1996-09-04 00:00:00+00:00,1996-09-05 00:00:00+00:00,9.5,8.80514943599701,1791.8600718112625,1996-09-09 00:00:00+00:00,10.889701128005981,target,2453.6144716975514,36.535491327438976,1.9706559911090202,2
WDC,1,1996-09-09 00:00:00+00:00,1996-09-10 00:00:00+00:00,10.491751670837402,10.076610565185547,2399.176228837189,1996-09-11 00:00:00+00:00,11.322033882141113,target,1939.6582288265809,52.33511575965815,1.9474545274943889,1
SPG,1,1996-08-28 00:00:00+00:00,1996-08-29 00:00:00+00:00,5.275668621063232,5.169090747833252,4741.06552524492,1996-09-17 00:00:00+00:00,5.488824367523193,target,959.5501944442399,51.03516660492775,1.8989988009485035,12
O,1,1996-09-11 00:00:00+00:00,1996-09-12 00:00:00+00:00,1.8800569772720337,1.848549723625183,13693.955894556444,1996-09-26 00:00:00+00:00,1.9430714845657349,target,810.5641310615193,52.35375253562982,1.87865878426951,10
RF,1,1996-09-03 00:00:00+00:00,1996-09-04 00:00:00+00:00,6.997417449951172,6.8307174295187,3561.5186135927365,1996-09-27 00:00:00+00:00,7.330817490816116,target,1136.3801758716063,51.03027544147252,1.9140477913344263,17
WMT,1,1996-09-09 00:00:00+00:00,1996-09-10 00:00:00+00:00,2.7601964473724365,2.6694858074188232,9119.481778732803,1996-09-27 00:00:00+00:00,2.6694858074188232,stop,-876.7499165810458,49.515888386877734,-1.0598571706424718,13
EQT,1,1996-09-26 00:00:00+00:00,1996-09-27 00:00:00+00:00,2.3643720149993896,2.343811273574829,10998.473722150433,1996-09-27 00:00:00+00:00,2.343811273574829,stop,-277.91960444441037,51.78283017845135,-1.228988983974582,0
EFX,1,1996-09-27 00:00:00+00:00,1996-09-30 00:00:00+00:00,10.526204109191895,10.225457191467285,2471.769985925685,1996-10-01 00:00:00+00:00,11.127697944641113,target,1433.2309440078627,53.523465174838975,1.9279995877674756,1
HBAN,1,1996-09-27 00:00:00+00:00,1996-09-30 00:00:00+00:00,5.4669623374938965,5.378311634063721,4759.197846377551,1996-10-03 00:00:00+00:00,5.644263744354248,target,790.9319504501494,52.88052323934576,1.8746628548683801,3
SBUX,1,1996-10-01 00:00:00+00:00,1996-10-02 00:00:00+00:00,1.610243797302246,1.4981631115078926,11743.956914427443,1996-10-03 00:00:00+00:00,1.834405168890953,target,2592.087680772435,40.453809044299966,1.9692663464558608,1
EIX,1,1996-09-09 00:00:00+00:00,1996-09-10 00:00:00+00:00,6.386948585510254,6.13868111371994,3941.0934455682636,1996-10-04 00:00:00+00:00,6.883483529090881,target,1904.5905986145053,52.30001302671313,1.9465478420555662,18
CPT,1,1996-09-17 00:00:00+00:00,1996-09-18 00:00:00+00:00,5.837006092071533,5.724754333496094,4480.049459565989,1996-10-09 00:00:00+00:00,6.061509609222412,target,952.4809218452394,53.30593883721937,1.89400152075749,15
TER,1,1996-10-04 00:00:00+00:00,1996-10-07 00:00:00+00:00,7.757418632507324,7.527568817138672,3534.898547307567,1996-10-09 00:00:00+00:00,8.389504432678223,target,2177.2814419112383,57.07773488661144,2.679744928738875,2
CTAS,1,1996-10-10 00:00:00+00:00,1996-10-11 00:00:00+00:00,3.3373305797576904,3.3073997497558594,8308.882714985446,1996-10-11 00:00:00+00:00,3.3971922397613525,target,441.4271518459869,55.95636024877683,1.774997124399589,0
DLTR,1,1996-10-03 00:00:00+00:00,1996-10-04 00:00:00+00:00,3.827159881591797,3.5308640003204346,4600.560279594658,1996-10-15 00:00:00+00:00,3.5308640003204346,stop,-1396.9780947919585,33.8510324074343,-1.024833365385776,7
WM,1,1996-10-11 00:00:00+00:00,1996-10-14 00:00:00+00:00,18.006423950195312,17.11297607421875,1544.1346795911695,1996-10-17 00:00:00+00:00,17.11297607421875,stop,-1433.832933206613,54.22908350413272,-1.039307721209844,3
KMB,1,1996-10-17 00:00:00+00:00,1996-10-18 00:00:00+00:00,15.854066848754883,15.62362003326416,1753.6527127994266,1996-10-22 00:00:00+00:00,16.314960479736328,target,751.8340642398618,56.4133020427275,1.8604058500006206,2
LHX,1,1996-10-09 00:00:00+00:00,1996-10-10 00:00:00+00:00,7.447131156921387,7.271905899047852,3731.9887604911173,1996-10-24 00:00:00+00:00,7.271905899047852,stop,-708.8699737963203,54.93128085812946,-1.0840006585499926,10
SPG,1,1996-10-01 00:00:00+00:00,1996-10-02 00:00:00+00:00,5.568765640258789,5.427624449133873,4727.3339549164375,1996-10-30 00:00:00+00:00,5.675342082977295,max_hold,450.6677842246074,53.154652232792095,0.6754394959788637,20
FISV,1,1996-10-03 00:00:00+00:00,1996-10-04 00:00:00+00:00,2.8333330154418945,2.6666669845581055,8178.793573928628,1996-11-01 00:00:00+00:00,2.84259295463562,max_hold,29.312904322448063,46.42222685016459,0.021504161373754015,20
O,1,1996-10-24 00:00:00+00:00,1996-10-25 00:00:00+00:00,1.935042142868042,1.8927428722381592,14364.29721587245,1996-11-05 00:00:00+00:00,2.0196406841278076,target,1158.3923511630467,56.80623952147507,1.9065070681336518,7
INTC,1,1996-10-30 00:00:00+00:00,1996-10-31 00:00:00+00:00,7.580140590667725,7.329258441925049,3635.5935426766664,1996-11-05 00:00:00+00:00,8.081904888153076,target,1767.2702084755288,56.94083140790919,1.937572100855669,3
JBL,1,1996-10-23 00:00:00+00:00,1996-10-24 00:00:00+00:00,2.058983325958252,1.840972900390625,6328.419988654565,1996-11-06 00:00:00+00:00,2.495004177093506,target,2730.5035242521217,28.819545542395836,1.9791111480508574,9
ZBRA,1,1996-10-10 00:00:00+00:00,1996-10-11 00:00:00+00:00,12.555556297302246,11.539763331413269,1308.9147658498089,1996-11-08 00:00:00+00:00,13.0,max_hold,548.2888800630077,33.450044987044976,0.4123755139747983,20
SYK,1,1996-11-05 00:00:00+00:00,1996-11-06 00:00:00+00:00,5.738849639892578,5.448419153690338,4491.699321817782,1996-11-11 00:00:00+00:00,5.448419153690338,stop,-1354.7762655629397,50.24984765312962,-1.038519609080545,3
STE,1,1996-11-08 00:00:00+00:00,1996-11-11 00:00:00+00:00,13.388073921203613,12.982375144958496,2153.806576025642,1996-11-13 00:00:00+00:00,12.982375144958496,stop,-930.593538773738,56.7968466114492,-1.065000070520867,2
PCG,1,1996-10-22 00:00:00+00:00,1996-10-23 00:00:00+00:00,11.572066307067871,11.173048377037048,2389.326589189437,1996-11-20 00:00:00+00:00,11.947379112243652,max_hold,840.5492283664183,56.19563630335073,0.8816479994502876,20
DOV,1,1996-11-05 00:00:00+00:00,1996-11-06 00:00:00+00:00,10.28627872467041,10.086540222167969,2783.713346727331,1996-11-20 00:00:00+00:00,10.685755729675293,target,1053.6493383241657,58.380132218587576,1.8950025448694383,10
MAA,1,1996-11-05 00:00:00+00:00,1996-11-06 00:00:00+00:00,5.092508792877197,4.989260762929916,5622.778975673515,1996-11-20 00:00:00+00:00,5.299004852771759,target,1102.6525196823814,58.429184452179385,1.8993538796725231,10
VZ,1,1996-11-20 00:00:00+00:00,1996-11-21 00:00:00+00:00,6.892678737640381,6.850301265716553,4241.648096434786,1996-11-21 00:00:00+00:00,6.977433681488037,target,300.66851029491573,58.832135939932535,1.672700805653074,0
JKHY,1,1996-11-18 00:00:00+00:00,1996-11-19 00:00:00+00:00,4.461577892303467,4.23861837387085,6378.397649900763,1996-11-25 00:00:00+00:00,4.907496929168701,target,2784.4892519642003,59.75968482302249,1.9579785833440269,4
ETR,1,1996-11-21 00:00:00+00:00,1996-11-22 00:00:00+00:00,4.41208028793335,4.289635635912418,6671.394018802344,1996-11-25 00:00:00+00:00,4.289635635912418,stop,-874.9290946944368,58.052575567661776,-1.0710665249990523,1
PNW,1,1996-11-20 00:00:00+00:00,1996-11-21 00:00:00+00:00,8.90676498413086,8.801142692565918,3282.4844597268534,1996-11-26 00:00:00+00:00,8.801142692565918,stop,-404.82946242569386,58.12593176303502,-1.1676531290348793,3
BEN,1,1996-11-25 00:00:00+00:00,1996-11-26 00:00:00+00:00,3.716874122619629,3.6717026233673096,8020.099810628112,1996-11-27 00:00:00+00:00,3.6717026233673096,stop,-421.5370555606154,59.25712296130112,-1.1635672242073651,1
TROW,1,1996-11-20 00:00:00+00:00,1996-11-21 00:00:00+00:00,4.135842323303223,3.9932267665863037,7069.011669549897,1996-12-04 00:00:00+00:00,3.9932267665863037,stop,-1065.6155189502617,57.464484259006426,-1.0569998762899697,8
EFX,1,1996-11-25 00:00:00+00:00,1996-11-26 00:00:00+00:00,13.266674995422363,12.663644790649414,2246.961009992028,1996-12-06 00:00:00+00:00,12.61338996887207,stop_gap,-1526.0574799809453,58.15149691083032,-1.1262538528568469,7
TSN,1,1996-11-11 00:00:00+00:00,1996-11-12 00:00:00+00:00,12.998805046081543,12.326060891151428,2132.6291449431233,1996-12-11 00:00:00+00:00,13.532925605773926,max_hold,1082.498730459381,56.58234205392779,0.7545050006317129,20
WDC,1,1996-12-02 00:00:00+00:00,1996-12-03 00:00:00+00:00,17.737852096557617,16.526177048683167,1219.9169962356552,1996-12-16 00:00:00+00:00,16.526177048683167,stop,-1519.9422563304865,41.79927151379309,-1.0282782328524034,9
MU,1,1996-12-11 00:00:00+00:00,1996-12-12 00:00:00+00:00,18.10098648071289,16.07249617576599,725.1068659424509,1996-12-17 00:00:00+00:00,15.967870712280273,stop_gap,-1571.44045180605,24.7035622654522,-1.0683731740499207,3
NDSN,1,1996-12-16 00:00:00+00:00,1996-12-17 00:00:00+00:00,9.252845764160156,8.926681935787201,3114.111363086563,1996-12-18 00:00:00+00:00,9.905173420906067,target,1971.7607630896264,59.6602052384451,1.9412625879435048,1
PSA,1,1996-11-27 00:00:00+00:00,1996-11-29 00:00:00+00:00,7.915460109710693,7.638421058654785,3713.7837569888575,1996-12-19 00:00:00+00:00,8.46953821182251,target,1996.8759151012778,60.850340624799706,1.9408567194441242,14
TROW,1,1996-12-06 00:00:00+00:00,1996-12-09 00:00:00+00:00,4.27845573425293,4.012360394001007,5412.832518773426,1996-12-20 00:00:00+00:00,4.810646414756775,target,2831.461233940759,49.19778767861316,1.9658426857817024,9
LHX,1,1996-12-19 00:00:00+00:00,1996-12-20 00:00:00+00:00,8.224780082702637,7.951390981674194,3596.1953861564534,1996-12-23 00:00:00+00:00,7.951390981674194,stop,-1041.3332954913346,58.17267174738949,-1.0591690414999169,1
CMCSA,1,1996-12-20 00:00:00+00:00,1996-12-23 00:00:00+00:00,1.7452318668365479,1.719566822052002,16941.375558289987,1996-12-26 00:00:00+00:00,1.7965619564056396,target,809.59946552107,60.002859309577644,1.8619993125679304,2
EVRG,1,1996-12-23 00:00:00+00:00,1996-12-24 00:00:00+00:00,7.4887166023254395,7.428081035614014,3928.9895933780103,1996-12-26 00:00:00+00:00,7.609987735748291,target,417.1503689777569,59.32265221778311,1.7509926078545477,1
UNP,1,1996-12-18 00:00:00+00:00,1996-12-19 00:00:00+00:00,8.11776351928711,7.847026139497757,3556.839488755216,1996-12-27 00:00:00+00:00,8.659238278865814,target,1866.2657045351862,59.67310249858758,1.9380321926318178,5
VMRK,1,1996-12-27 00:00:00+00:00,1996-12-30 00:00:00+00:00,4.89653205871582,4.767636299133301,6149.43954458598,1996-12-30 00:00:00+00:00,4.767636299133301,stop,-852.0659001714869,59.429219065293935,-1.0749766197829191,0
TXN,1,1996-12-26 00:00:00+00:00,1996-12-27 00:00:00+00:00,4.752034664154053,4.63763952255249,6301.094780555111,1997-01-02 00:00:00+00:00,4.63763952255249,stop,-779.979856675438,59.165227008969666,-1.0820810574229691,3
VLO,1,1996-12-27 00:00:00+00:00,1996-12-30 00:00:00+00:00,2.1994779109954834,2.16037654876709,13690.034222517772,1997-01-02 00:00:00+00:00,2.2776806354522705,target,1009.3055203870354,61.29245372050768,1.8854986555123991,2
PCAR,1,1996-12-31 00:00:00+00:00,1997-01-02 00:00:00+00:00,1.6152663230895996,1.5973860025405884,18503.997073646082,1997-01-02 00:00:00+00:00,1.5973860025405884,stop,-390.304308346861,59.44690923210328,-1.1796753205192312,0
CAH,1,1996-12-04 00:00:00+00:00,1996-12-05 00:00:00+00:00,11.254096031188965,10.940103530883789,2572.53760191562,1997-01-06 00:00:00+00:00,11.40785026550293,max_hold,337.2398402455872,58.29870898083234,0.4175013348722077,20
AMD,1,1997-01-02 00:00:00+00:00,1997-01-03 00:00:00+00:00,13.625,12.514739036560059,1334.7825603434758,1997-01-14 00:00:00+00:00,15.845521926879883,target,2924.5772041473388,39.33673871221927,1.9734562207469035,7
COST,1,1997-01-06 00:00:00+00:00,1997-01-07 00:00:00+00:00,8.231145858764648,7.8985724449157715,3619.773990095593,1997-01-15 00:00:00+00:00,8.896292686462402,target,2345.683729931951,61.99745656297358,1.9485002774364584,6
ETN,1,1997-01-14 00:00:00+00:00,1997-01-15 00:00:00+00:00,6.12776517868042,6.039435863494873,5127.491958564594,1997-01-16 00:00:00+00:00,6.039435863494873,stop,-515.2950788214016,62.38722550199256,-1.1377481645432952,1
KEY,1,1996-12-17 00:00:00+00:00,1996-12-18 00:00:00+00:00,8.975333213806152,8.54476249217987,3190.452976291131,1997-01-17 00:00:00+00:00,8.997069358825684,max_hold,12.008043291703494,57.340105278955626,0.008741287453739578,20
ALL,1,1997-01-03 00:00:00+00:00,1997-01-06 00:00:00+00:00,15.011284828186035,14.260575354099274,1990.4389704096047,1997-01-22 00:00:00+00:00,16.512703776359558,target,2925.736209934743,62.746575421235846,1.9580077384225176,12
KIM,1,1997-01-15 00:00:00+00:00,1997-01-16 00:00:00+00:00,2.5501115322113037,2.477247454226017,12358.606492324669,1997-01-24 00:00:00+00:00,2.477247454226017,stop,-962.6296186552464,62.13115140903104,-1.0689963988489979,6
SYK,1,1997-01-16 00:00:00+00:00,1997-01-17 00:00:00+00:00,6.012388706207275,5.841302394866943,5181.960258551207,1997-01-28 00:00:00+00:00,5.841302394866943,stop,-947.9878223506279,61.4253562029087,-1.069284859836006,7
GILD,1,1997-01-24 00:00:00+00:00,1997-01-27 00:00:00+00:00,0.6398190855979919,0.5998302698135376,38477.54571634587,1997-01-29 00:00:00+00:00,0.7197970151901245,target,3025.0397515052173,52.31469067475466,1.9660075435869075,2
UNP,1,1997-01-03 00:00:00+00:00,1997-01-06 00:00:00+00:00,8.55327033996582,8.228990912437439,3493.9650760154987,1997-02-03 00:00:00+00:00,8.361645698547363,max_hold,-728.6299307223815,59.100125902299496,-0.6430859923690923,20
MSI,1,1997-01-28 00:00:00+00:00,1997-01-29 00:00:00+00:00,54.65314483642578,51.89495849609375,564.1827424961513,1997-02-05 00:00:00+00:00,51.89495849609375,stop,-1616.2337349498523,60.112601145904186,-1.0386297697782425,5
HAL,1,1997-01-29 00:00:00+00:00,1997-01-30 00:00:00+00:00,10.936966896057129,10.546360969543457,2884.060448738396,1997-02-10 00:00:00+00:00,10.546360969543457,stop,-1188.4903199053556,61.959216204458116,-1.0550000048830508,7
FICO,1,1997-02-05 00:00:00+00:00,1997-02-06 00:00:00+00:00,11.5302734375,11.104538917541504,2708.515077450427,1997-02-10 00:00:00+00:00,11.104538917541504,stop,-1214.4150968375975,61.30673053889112,-1.0531664953014572,2
HBAN,1,1997-01-17 00:00:00+00:00,1997-01-20 00:00:00+00:00,6.255916118621826,5.95801305770874,4945.595128255557,1997-02-11 00:00:00+00:00,6.851722240447998,target,2881.790781076801,64.82507241155139,1.9560003233303667,16
NKE,1,1997-02-10 00:00:00+00:00,1997-02-11 00:00:00+00:00,6.0673627853393555,5.71651229262352,4367.79311570289,1997-02-13 00:00:00+00:00,6.769063770771027,target,3008.8178779083823,56.06685554200468,1.9634134002299748,2
GEN,1,1997-02-03 00:00:00+00:00,1997-02-04 00:00:00+00:00,0.7576658725738525,0.6795036196708679,20302.97281590939,1997-02-18 00:00:00+00:00,0.6795036196708679,stop,-1616.1049090524302,29.17881313289886,-1.018387001895001,9
CAH,1,1997-01-22 00:00:00+00:00,1997-01-23 00:00:00+00:00,12.350237846374512,11.844829380512238,2571.7472585985674,1997-02-21 00:00:00+00:00,12.424636840820312,max_hold,127.62069394956185,63.71471605891633,0.09818616645833693,20
XOM,1,1997-02-11 00:00:00+00:00,1997-02-12 00:00:00+00:00,10.299444198608398,10.122517585754395,2993.7705590340006,1997-02-27 00:00:00+00:00,10.122517585754395,stop,-590.8163526196662,61.1386679477428,-1.1154261727782837,10
WMT,1,1997-02-24 00:00:00+00:00,1997-02-25 00:00:00+00:00,2.6102049350738525,2.484284922480583,12247.09819292985,1997-03-07 00:00:00+00:00,2.8620449602603912,target,3017.2903355650574,67.01918180440857,1.956541857146965,8
SWK,1,1997-02-13 00:00:00+00:00,1997-02-14 00:00:00+00:00,17.16227149963379,16.421039581298828,1871.821290015411,1997-03-10 00:00:00+00:00,18.64473533630371,target,2707.883053429454,67.02431772723517,1.9516925729313288,15
RTX,1,1997-02-27 00:00:00+00:00,1997-02-28 00:00:00+00:00,6.491623878479004,6.318517684936523,4920.964777822606,1997-03-10 00:00:00+00:00,6.837836265563965,target,1638.1051586147535,65.59380387622569,1.9229983637715893,6
LRCX,1,1997-02-07 00:00:00+00:00,1997-02-10 00:00:00+00:00,1.0805549621582031,0.9560105800628662,12437.422487787131,1997-03-11 00:00:00+00:00,1.0558357238769531,max_hold,-334.0148036413799,26.57119356119263,-0.21563099447334014,20
ALL,1,1997-02-10 00:00:00+00:00,1997-02-11 00:00:00+00:00,16.364500045776367,15.703635215759277,1872.8862628720672,1997-03-12 00:00:00+00:00,16.928546905517578,max_hold,994.0415249412084,62.35409028423319,0.8031200764249958,20
STT,1,1997-03-07 00:00:00+00:00,1997-03-10 00:00:00+00:00,11.909978866577148,11.651467323303223,2751.2126729203806,1997-03-14 00:00:00+00:00,11.651467323303223,stop,-776.0427833013604,64.82254934993048,-1.091142723808329,4
MRK,1,1997-03-10 00:00:00+00:00,1997-03-11 00:00:00+00:00,16.654531478881836,15.710581183433533,1754.5647347850586,1997-03-14 00:00:00+00:00,15.710581183433533,stop,-1713.0085850981736,56.78668531464391,-1.034286882284352,3
UHS,1,1997-03-11 00:00:00+00:00,1997-03-12 00:00:00+00:00,7.642021179199219,7.382864385843277,4337.986481246769,1997-03-17 00:00:00+00:00,7.382864385843277,stop,-1189.3964165647717,65.17775046343405,-1.0579760436548016,3
ATO,1,1997-03-13 00:00:00+00:00,1997-03-14 00:00:00+00:00,8.391666412353516,8.221278190612793,3847.341297031687,1997-03-18 00:00:00+00:00,8.732442855834961,target,1245.2009912993647,65.8822927623846,1.899499454285954,2
SPGI,1,1997-03-17 00:00:00+00:00,1997-03-18 00:00:00+00:00,7.424335956573486,7.193981647491455,4365.913644601638,1997-03-19 00:00:00+00:00,7.193981647491455,stop,-1069.5293334027308,63.822312288707465,-1.0634601439075282,1
NSC,1,1997-03-18 00:00:00+00:00,1997-03-19 00:00:00+00:00,16.38170623779297,15.883978843688965,1951.3794612047234,1997-03-19 00:00:00+00:00,15.883978843688965,stop,-1034.2176093032058,62.962595169703505,-1.0648260181450648,0
AES,1,1997-03-11 00:00:00+00:00,1997-03-12 00:00:00+00:00,9.90941047668457,9.461631774902344,3345.404314693315,1997-03-20 00:00:00+00:00,9.461631774902344,stop,-1562.8047692985972,64.80396832856536,-1.0432603028560474,6
NSC,1,1997-03-24 00:00:00+00:00,1997-03-25 00:00:00+00:00,16.29515266418457,15.710858345031738,1963.4428470027885,1997-03-26 00:00:00+00:00,15.710858345031738,stop,-1210.0704748621306,62.84197337713826,-1.0547772072397037,1
TXT,1,1997-03-19 00:00:00+00:00,1997-03-20 00:00:00+00:00,18.496047973632812,18.04271697998047,1718.4333691139893,1997-03-27 00:00:00+00:00,19.448057174682617,target,1570.759962339498,65.20441644803515,2.016330470893149,5
TRV,1,1997-03-21 00:00:00+00:00,1997-03-24 00:00:00+00:00,16.624160766601562,16.204811096191406,1902.6970833492874,1997-03-27 00:00:00+00:00,16.204811096191406,stop,-860.3589838055813,62.463589012692005,-1.0782854361866643,3
ETN,1,1997-03-26 00:00:00+00:00,1997-03-27 00:00:00+00:00,6.5294294357299805,6.473902702331543,4844.69479293191,1997-03-27 00:00:00+00:00,6.473902702331543,stop,-332.0072516639594,62.99717550003083,-1.2341814715581203,0
HRL,1,1997-03-17 00:00:00+00:00,1997-03-18 00:00:00+00:00,1.7665643692016602,1.7414472103118896,18348.615097200884,1997-03-31 00:00:00+00:00,1.7414472103118896,stop,-525.2322350326544,64.36715422901784,-1.1396659389268053,8
BMY,1,1997-03-17 00:00:00+00:00,1997-03-18 00:00:00+00:00,11.36992073059082,10.633526384830475,2200.859487958349,1997-03-31 00:00:00+00:00,10.633526384830475,stop,-1669.1269780973018,48.42649535176472,-1.0298799783595598,8
CB,1,1997-03-31 00:00:00+00:00,1997-04-01 00:00:00+00:00,12.015884399414062,11.850634574890137,2595.461221783673,1997-04-03 00:00:00+00:00,11.850634574890137,stop,-490.8441359551768,61.94462449677079,-1.1444268945099465,2
PCG,1,1997-03-31 00:00:00+00:00,1997-04-01 00:00:00+00:00,12.005846977233887,11.877445220947266,2597.6311428300364,1997-04-03 00:00:00+00:00,11.877445220947266,stop,-395.58038453150436,62.039983607305004,-1.1860044043702047,2
EIX,1,1997-03-31 00:00:00+00:00,1997-04-01 00:00:00+00:00,8.508564949035645,8.238782674074173,3665.3374794593637,1997-04-07 00:00:00+00:00,8.238782674074173,stop,-1050.2277646346124,61.38468092451911,-1.0620772718500562,4
RCL,1,1997-04-01 00:00:00+00:00,1997-04-02 00:00:00+00:00,10.369142532348633,10.160922050476074,3010.060143373407,1997-04-11 00:00:00+00:00,10.160922050476074,stop,-688.5529026602362,61.79672914164264,-1.098597719101381,7
TGT,1,1997-04-04 00:00:00+00:00,1997-04-07 00:00:00+00:00,6.076780796051025,5.796580791473389,5051.329017208864,1997-04-11 00:00:00+00:00,5.796580791473389,stop,-1475.3586696639481,59.97625591887517,-1.0423745945522802,4
HSY,1,1997-04-07 00:00:00+00:00,1997-04-08 00:00:00+00:00,13.310344696044922,12.696997582912445,2299.923869335388,1997-04-14 00:00:00+00:00,12.696997582912445,stop,-1470.4665729666856,59.81490728534946,-1.0424023227991293,4
XOM,1,1997-04-07 00:00:00+00:00,1997-04-08 00:00:00+00:00,10.57746410369873,10.147788047790527,2894.1511098875494,1997-04-14 00:00:00+00:00,10.147788047790527,stop,-1303.5294456157628,59.98201151693196,-1.0482345987552937,4
WMB,1,1997-04-15 00:00:00+00:00,1997-04-16 00:00:00+00:00,5.986594200134277,5.690557956695557,5009.866293636654,1997-04-17 00:00:00+00:00,5.690557956695557,stop,-1541.6029686946301,58.500970996168334,-1.0394450085610782,1
DOV,1,1997-04-16 00:00:00+00:00,1997-04-17 00:00:00+00:00,10.830360412597656,10.654459953308105,2789.984899295119,1997-04-21 00:00:00+00:00,10.654459953308105,stop,-550.7019495818678,59.94232438494531,-1.1221419230664968,2
AAPL,1,1997-04-14 00:00:00+00:00,1997-04-15 00:00:00+00:00,0.14300550520420074,0.13459306955337524,179386.7562770137,1997-04-22 00:00:00+00:00,0.13459306955337524,stop,-1558.8770516635786,49.79750787288365,-1.0329985971102598,5
AAPL,1,1997-04-22 00:00:00+00:00,1997-04-23 00:00:00+00:00,0.13739775121212006,0.13365842401981354,215602.20295476392,1997-04-24 00:00:00+00:00,0.13365842401981354,stop,-864.647488734435,58.44030850449741,-1.0724879533916205,1
WAB,1,1997-04-02 00:00:00+00:00,1997-04-03 00:00:00+00:00,6.217808246612549,5.889671176671982,4746.854385248926,1997-05-01 00:00:00+00:00,6.55695915222168,max_hold,1549.2600029041562,60.63996064769127,0.9946335483199467,20
HSY,1,1997-04-15 00:00:00+00:00,1997-04-16 00:00:00+00:00,13.34241771697998,12.660927653312683,2200.4749662480385,1997-05-08 00:00:00+00:00,14.705397844314575,target,2937.4851336927686,61.718516000570844,1.958843397641983,16
FAST,1,1997-05-02 00:00:00+00:00,1997-05-05 00:00:00+00:00,0.7782105803489685,0.718774601817131,24973.90728157257,1997-05-20 00:00:00+00:00,0.8970825374126434,target,2926.858619094858,41.83861499243514,1.9718134847083535,11
VLO,1,1997-04-22 00:00:00+00:00,1997-04-23 00:00:00+00:00,2.778010368347168,2.689664363861084,10663.479942297196,1997-05-21 00:00:00+00:00,2.748920440673828,max_hold,-369.13617609199537,58.93631582445981,-0.3918327567129942,20
BBY,1,1997-04-24 00:00:00+00:00,1997-04-25 00:00:00+00:00,0.7523989677429199,0.6921843960881233,24345.099086048234,1997-05-23 00:00:00+00:00,0.8335391879081726,max_hold,1936.7568782431752,38.609821543670435,1.3211799041879329,20
SYK,1,1997-05-09 00:00:00+00:00,1997-05-12 00:00:00+00:00,6.256793975830078,5.987947463989258,4841.075684328974,1997-05-27 00:00:00+00:00,6.794486999511719,target,2539.830383599441,63.18223897907251,1.951454527395657,10
TECH,1,1997-05-13 00:00:00+00:00,1997-05-14 00:00:00+00:00,1.275842547416687,1.2559968698769808,23761.947742267963,1997-05-27 00:00:00+00:00,1.3155339024960995,target,881.5677534334294,61.57615178337151,1.8694236342030606,8
LNT,1,1997-05-28 00:00:00+00:00,1997-05-29 00:00:00+00:00,3.8695688247680664,3.834390163421631,8161.384316463343,1997-05-29 00:00:00+00:00,3.834390163421631,stop,-349.9815450478625,62.8749700608882,-1.2189952287360217,0
MO,1,1997-05-05 00:00:00+00:00,1997-05-06 00:00:00+00:00,1.8226295709609985,1.682587280869484,10852.490402460424,1997-06-04 00:00:00+00:00,1.7908395528793335,max_hold,-384.21600511137746,39.215138986064275,-0.25280568592794334,20
DVA,1,1997-05-23 00:00:00+00:00,1997-05-27 00:00:00+00:00,7.0,6.575355440378189,3679.641937628188,1997-06-04 00:00:00+00:00,8.0,target,3624.447308563765,55.19462906442282,2.3195869997186414,6
TECH,1,1997-05-27 00:00:00+00:00,1997-05-28 00:00:00+00:00,1.3604645729064941,1.2788450196385384,19219.77573265358,1997-06-06 00:00:00+00:00,1.5237036794424057,target,3081.98595143358,55.43306698538527,1.964663268336201,7
NOC,1,1997-05-21 00:00:00+00:00,1997-05-22 00:00:00+00:00,21.04938316345215,20.278898239135742,1470.315487468959,1997-06-10 00:00:00+00:00,20.278898239135742,stop,-1193.6215293004611,60.76561221670033,-1.0536393122023189,12
AMAT,1,1997-06-02 00:00:00+00:00,1997-06-03 00:00:00+00:00,5.954958915710449,5.442931830883026,3101.2864290928796,1997-06-10 00:00:00+00:00,5.442931830883026,stop,-1623.2907733959696,35.34812389269366,-1.0222603277919078,5
GE,1,1997-06-04 00:00:00+00:00,1997-06-05 00:00:00+00:00,50.5843620300293,49.65143966674805,629.1883000642183,1997-06-10 00:00:00+00:00,52.55386734008789,target,1174.2963307942002,64.89336720901747,2.0005599116781156,3
BDX,1,1997-05-29 00:00:00+00:00,1997-05-30 00:00:00+00:00,11.9845609664917,11.619551658630371,2637.829317660019,1997-06-12 00:00:00+00:00,12.714579582214355,target,1860.512389930424,65.15211706038221,1.9323328473637458,9
REGN,1,1997-06-04 00:00:00+00:00,1997-06-05 00:00:00+00:00,10.773334503173828,9.906516075134277,1835.85672189095,1997-06-13 00:00:00+00:00,9.906516075134277,stop,-1629.3196804672434,37.96524269188738,-1.0238571884368897,6
XEL,1,1997-06-10 00:00:00+00:00,1997-06-11 00:00:00+00:00,7.043290138244629,6.9527587890625,4554.370931811275,1997-06-13 00:00:00+00:00,7.224352836608887,target,759.6465518353546,64.9801384301342,1.842401078700924,2
UHS,1,1997-06-12 00:00:00+00:00,1997-06-13 00:00:00+00:00,8.753582000732422,8.670220375061035,3744.0889513487746,1997-06-13 00:00:00+00:00,8.670220375061035,stop,-377.3496076084042,65.23626596569281,-1.209014666346341,0
GWW,1,1997-06-10 00:00:00+00:00,1997-06-11 00:00:00+00:00,25.082839965820312,24.611801147460938,1278.8725644163826,1997-06-17 00:00:00+00:00,24.611801147460938,stop,-665.9517346932104,63.553113118293794,-1.10550009718173,4
REGN,1,1997-06-17 00:00:00+00:00,1997-06-18 00:00:00+00:00,10.401840209960938,9.782683372497559,2623.8190559310374,1997-06-20 00:00:00+00:00,9.782683372497559,stop,-1677.5160463569534,52.96053761054401,-1.0326000172511256,2
SNA,1,1997-06-13 00:00:00+00:00,1997-06-16 00:00:00+00:00,19.235504150390625,18.819929122924805,1699.378724403525,1997-06-23 00:00:00+00:00,18.819929122924805,stop,-770.8899537214559,64.67059365263023,-1.0915729549616535,5
EL,1,1997-06-13 00:00:00+00:00,1997-06-16 00:00:00+00:00,9.142462730407715,8.938798904418945,3575.4487024189125,1997-06-23 00:00:00+00:00,8.938798904418945,stop,-792.838185811555,64.64862345033785,-1.0887799369723306,5
FITB,1,1997-06-24 00:00:00+00:00,1997-06-25 00:00:00+00:00,10.996326446533203,10.780062675476074,2890.6346153050367,1997-06-25 00:00:00+00:00,10.780062675476074,stop,-688.0871268465723,62.947584192432075,-1.1006936530125369,0
VMRK,1,1997-06-13 00:00:00+00:00,1997-06-16 00:00:00+00:00,5.432541847229004,5.315080642700195,6017.1476678128165,1997-07-01 00:00:00+00:00,5.669954299926758,target,1361.7404272612516,66.80535879875907,1.9266783229274078,11
COO,1,1997-06-25 00:00:00+00:00,1997-06-26 00:00:00+00:00,2.7582859992980957,2.674471855163574,11429.627977512675,1997-07-08 00:00:00+00:00,2.9259142875671387,target,1850.9606787938728,64.96829462854046,1.932180894459268,7
JBHT,1,1997-06-09 00:00:00+00:00,1997-06-10 00:00:00+00:00,2.9219789505004883,2.7645408660173416,10230.856597789092,1997-07-09 00:00:00+00:00,2.826176404953003,max_hold,-1038.9506583429386,58.808553143458056,-0.645019921554048,20
TECH,1,1997-06-24 00:00:00+00:00,1997-06-25 00:00:00+00:00,1.5362184047698975,1.4314447939395905,15169.068630757032,1997-07-15 00:00:00+00:00,1.4314447939395905,stop,-1634.3347801113514,45.01668673419617,-1.0283245291938632,13
DRI,1,1997-06-23 00:00:00+00:00,1997-06-24 00:00:00+00:00,2.86810564994812,2.789527177810669,11117.414350648929,1997-07-22 00:00:00+00:00,2.789527177810669,stop,-936.4876821829947,62.898248390028044,-1.0719997815414677,19
LMT,1,1997-07-08 00:00:00+00:00,1997-07-09 00:00:00+00:00,24.448951721191406,23.710813522338867,1323.76444446476,1997-07-30 00:00:00+00:00,25.925228118896484,target,1887.558657293118,66.68354819138186,1.9317550833727395,15
ALL,1,1997-07-01 00:00:00+00:00,1997-07-02 00:00:00+00:00,19.07869529724121,18.413150787353516,1672.5726577607597,1997-07-31 00:00:00+00:00,20.1403865814209,max_hold,1710.1590488891231,65.59676401273073,1.5362942479588004,20
PFE,1,1997-07-22 00:00:00+00:00,1997-07-23 00:00:00+00:00,7.0327911376953125,6.537195771932602,3197.8259687904583,1997-08-04 00:00:00+00:00,6.537195771932602,stop,-1628.222187183956,43.39445653575472,-1.0273811820026686,8
PG,1,1997-07-30 00:00:00+00:00,1997-07-31 00:00:00+00:00,18.440528869628906,17.796920776367188,1739.2272753180448,1997-08-05 00:00:00+00:00,17.796920776367188,stop,-1182.4059112285017,63.02516081228063,-1.0563035953484512,3
KR,1,1997-07-09 00:00:00+00:00,1997-07-10 00:00:00+00:00,5.0612359046936035,4.888202667236328,6356.254403956277,1997-08-07 00:00:00+00:00,5.136940002441406,max_hold,416.37230418495994,64.82220052204771,0.3785742138520766,20
TXT,1,1997-08-05 00:00:00+00:00,1997-08-06 00:00:00+00:00,24.990480422973633,24.558061599731445,1284.4191129699577,1997-08-07 00:00:00+00:00,24.558061599731445,stop,-619.0480957740009,63.64109439375753,-1.1145846095486784,1
WAT,1,1997-07-31 00:00:00+00:00,1997-08-01 00:00:00+00:00,9.0,8.640625,3591.0207680067683,1997-08-08 00:00:00+00:00,8.640625,stop,-1353.8709392380517,63.3478507356194,-1.0490869565217391,5
WAB,1,1997-08-07 00:00:00+00:00,1997-08-08 00:00:00+00:00,8.82386302947998,8.700457632541656,3599.296929043248,1997-08-08 00:00:00+00:00,8.700457632541656,stop,-507.24789976985613,63.075233542383614,-1.1420061123483927,0
TECH,1,1997-08-11 00:00:00+00:00,1997-08-12 00:00:00+00:00,1.4841432571411133,1.458582166582346,21298.06289080169,1997-08-12 00:00:00+00:00,1.535265438258648,target,1024.4958722685496,64.3075562876576,1.8818748093529944,0
AXP,1,1997-08-11 00:00:00+00:00,1997-08-12 00:00:00+00:00,16.53569221496582,16.036117553710938,1911.5847113398897,1997-08-18 00:00:00+00:00,16.036117553710938,stop,-1017.243058202112,62.26377357447376,-1.0651990829295856,4
EXC,1,1997-07-22 00:00:00+00:00,1997-07-23 00:00:00+00:00,2.7006969451904297,2.6030836403369904,11736.435170710745,1997-08-20 00:00:00+00:00,2.8710269927978516,max_hold,1933.675384581285,65.39217678729665,1.6878674881135165,20
JPM,1,1997-08-18 00:00:00+00:00,1997-08-19 00:00:00+00:00,16.35070037841797,16.026824951171875,1902.541978053568,1997-08-20 00:00:00+00:00,16.998451232910156,target,1168.9250311184308,63.44816087302455,1.8970309297778616,1
ESS,1,1997-08-07 00:00:00+00:00,1997-08-08 00:00:00+00:00,10.22136116027832,9.985485076904297,3107.1892095671483,1997-08-21 00:00:00+00:00,9.985485076904297,stop,-795.698115642283,62.78649458755636,-1.0856672111395926,9
EVRG,1,1997-08-20 00:00:00+00:00,1997-08-21 00:00:00+00:00,8.604806900024414,8.567873690277338,3760.0295850147245,1997-08-21 00:00:00+00:00,8.567873690277338,stop,-203.43974839210279,64.56978707354271,-1.464965831778574,0
FLEX,1,1997-08-04 00:00:00+00:00,1997-08-05 00:00:00+00:00,3.179163932800293,2.849471628665924,4810.4336057284845,1997-08-28 00:00:00+00:00,3.8385485410690308,target,3138.167638796408,33.75823991964097,1.9787143576423636,17
AZO,1,1997-08-20 00:00:00+00:00,1997-08-21 00:00:00+00:00,29.1875,27.64737892150879,1050.3826280050253,1997-08-28 00:00:00+00:00,27.64737892150879,stop,-1677.4147953554539,59.69836948392182,-1.0369028641418163,5
WELL,1,1997-08-21 00:00:00+00:00,1997-08-22 00:00:00+00:00,4.695875644683838,4.6507248878479,6815.513452847466,1997-09-11 00:00:00+00:00,4.786177158355713,target,550.8261228034273,64.62505843972609,1.7899912766137207,13
LRCX,1,1997-08-13 00:00:00+00:00,1997-08-14 00:00:00+00:00,1.652613639831543,1.5184273719787598,11848.631022215552,1997-09-12 00:00:00+00:00,1.5996453762054443,max_hold,-666.1362286627799,38.534817069696075,-0.4189737410672722,20
NTAP,1,1997-08-13 00:00:00+00:00,1997-08-14 00:00:00+00:00,2.0069379806518555,1.8354042768478394,9268.869853427532,1997-09-12 00:00:00+00:00,2.201341390609741,max_hold,1762.8939121630733,39.005993799087584,1.1087916040332777,20
TFC,1,1997-08-29 00:00:00+00:00,1997-09-02 00:00:00+00:00,9.129318237304688,8.944233492016792,3516.601402455055,1997-09-16 00:00:00+00:00,9.537764549255371,target,1370.6981839264072,65.64468950696173,2.1059500530842272,10
WMB,1,1997-09-12 00:00:00+00:00,1997-09-15 00:00:00+00:00,6.265158653259277,6.181377403438091,5169.860362565432,1997-09-16 00:00:00+00:00,6.4327211529016495,target,800.6284596549928,65.64626549849142,1.8484400765891897,1
DLTR,1,1997-09-11 00:00:00+00:00,1997-09-12 00:00:00+00:00,6.092593193054199,5.740740776062012,4582.701830385759,1997-09-18 00:00:00+00:00,6.796298027038574,target,3165.8034853655404,59.0659453859621,1.9633684732642351,4
ATO,1,1997-09-16 00:00:00+00:00,1997-09-17 00:00:00+00:00,9.388258934020996,9.043739318847656,3551.8034985151785,1997-09-19 00:00:00+00:00,8.93607234954834,stop_gap,-1671.1623166725426,65.0844239609327,-1.3657013854479525,2
MLM,1,1997-08-21 00:00:00+00:00,1997-08-22 00:00:00+00:00,24.207195281982422,23.182977080345154,1322.1194465706176,1997-09-22 00:00:00+00:00,24.509592056274414,max_hold,335.39524395731405,64.40941191435459,0.2476815844008769,20
VLO,1,1997-09-19 00:00:00+00:00,1997-09-22 00:00:00+00:00,3.8915116786956787,3.818909168243408,8548.448189191962,1997-09-23 00:00:00+00:00,3.818909168243408,stop,-686.5509321334268,65.9121331269244,-1.106200471566448,1
VMC,1,1997-09-18 00:00:00+00:00,1997-09-19 00:00:00+00:00,19.716989517211914,19.220660537481308,1690.517543779133,1997-09-24 00:00:00+00:00,19.112428665161133,stop_gap,-1087.6625393259446,65.64181265203808,-1.2962980130283126,3
TMO,1,1997-09-22 00:00:00+00:00,1997-09-23 00:00:00+00:00,31.68617057800293,31.31725835800171,1042.3488514997825,1997-09-24 00:00:00+00:00,31.31725835800171,stop,-450.20678061450013,65.6715517919926,-1.1707816264145334,1
LNT,1,1997-09-23 00:00:00+00:00,1997-09-24 00:00:00+00:00,4.100605487823486,4.028980255126953,7953.823123636304,1997-10-01 00:00:00+00:00,4.243855953216553,target,1073.018493750998,66.37037036403578,1.8834982990366755,5
AOS,1,1997-09-24 00:00:00+00:00,1997-09-25 00:00:00+00:00,2.5542478561401367,2.4648496955633163,12624.124423026036,1997-10-01 00:00:00+00:00,2.7330441772937775,target,2190.399572131939,66.74743249094408,1.940856814062852,4
VMC,1,1997-09-24 00:00:00+00:00,1997-09-25 00:00:00+00:00,19.4559383392334,19.112428665161133,1657.3419477865757,1997-10-03 00:00:00+00:00,19.071210861206055,stop_gap,-701.4776482993752,63.85266049852034,-1.232147619629313,6
EXPD,1,1997-10-01 00:00:00+00:00,1997-10-02 00:00:00+00:00,4.042436122894287,3.7570879459381104,5815.781648562201,1997-10-08 00:00:00+00:00,4.613132476806641,target,3268.7064849648127,50.338897020011885,1.969666641322085,4
F,1,1997-09-16 00:00:00+00:00,1997-09-17 00:00:00+00:00,5.926095008850098,5.657095432281494,5626.850544418201,1997-10-09 00:00:00+00:00,6.488542556762695,target,3094.9529810338595,69.855310144823,2.0447352273311434,16
VTRS,1,1997-09-12 00:00:00+00:00,1997-09-15 00:00:00+00:00,7.48504114151001,7.093263626098633,4133.723109742348,1997-10-10 00:00:00+00:00,8.268596172332764,target,3173.8783640401643,65.12117462673125,1.9597893276307574,19
MCHP,1,1997-10-03 00:00:00+00:00,1997-10-06 00:00:00+00:00,3.8035943508148193,3.560917377471924,6862.312313398158,1997-10-14 00:00:00+00:00,3.560917377471924,stop,-1715.8627618643357,50.537579515187275,-1.030346973702696,6
TSN,1,1997-10-09 00:00:00+00:00,1997-10-10 00:00:00+00:00,14.670357704162598,14.257392883300781,2360.9588793098837,1997-10-14 00:00:00+00:00,14.257392883300781,stop,-1043.2901902642543,68.29722960793336,-1.0700489463656833,2
TXN,1,1997-10-08 00:00:00+00:00,1997-10-09 00:00:00+00:00,10.311651229858398,9.733078956604004,2974.044066162835,1997-10-16 00:00:00+00:00,9.733078956604004,stop,-1780.3133469874579,59.613910868883565,-1.0346451620878985,5
CASY,1,1997-10-14 00:00:00+00:00,1997-10-15 00:00:00+00:00,9.755402565002441,9.656859397888184,3524.263971492411,1997-10-21 00:00:00+00:00,9.656859397888184,stop,-415.7060689385226,68.41393544098798,-1.196992470724862,4
L,1,1997-10-14 00:00:00+00:00,1997-10-15 00:00:00+00:00,15.26439380645752,14.97734546661377,2252.3405923069295,1997-10-23 00:00:00+00:00,14.97734546661377,stop,-714.6453247310938,68.11469694670112,-1.105354168881565,6
SLB,1,1997-10-20 00:00:00+00:00,1997-10-21 00:00:00+00:00,22.881574630737305,21.734355092048645,1452.7973379727541,1997-10-27 00:00:00+00:00,21.734355092048645,stop,-1731.4953958096587,64.8179039324429,-1.0388904897608218,4
DRI,1,1997-10-21 00:00:00+00:00,1997-10-22 00:00:00+00:00,3.6661713123321533,3.442218378186226,7663.633683239445,1997-10-27 00:00:00+00:00,3.442218378186226,stop,-1770.7693442468835,54.47609466584867,-1.031740551726313,3
LNT,1,1997-10-01 00:00:00+00:00,1997-10-02 00:00:00+00:00,4.208047866821289,4.087240427732468,7887.375540934597,1997-10-28 00:00:00+00:00,4.087240427732468,stop,-1018.2816942315806,65.42805399946437,-1.0686653765456844,18
PEG,1,1997-10-10 00:00:00+00:00,1997-10-13 00:00:00+00:00,3.9090847969055176,3.7639953941106796,8913.935626347176,1997-11-10 00:00:00+00:00,3.9183895587921143,max_hold,13.168445952039477,69.77360252357204,0.010181911996619006,20
LLY,1,1997-10-28 00:00:00+00:00,1997-10-29 00:00:00+00:00,33.36593246459961,30.59277892112732,590.3518753652476,1997-11-12 00:00:00+00:00,30.59277892112732,stop,-1674.8945402771565,37.75814521250851,-1.0230635305197142,10
PNR,1,1997-10-24 00:00:00+00:00,1997-10-27 00:00:00+00:00,7.650664806365967,7.318018525838852,4417.109449030213,1997-11-24 00:00:00+00:00,7.37959623336792,max_hold,-1263.729863184808,66.39030805999923,-0.8600692410702006,20
BBY,1,1997-10-28 00:00:00+00:00,1997-10-29 00:00:00+00:00,1.7555973529815674,1.5750606060028076,9068.16159292633,1997-11-26 00:00:00+00:00,1.6818333864212036,max_hold,-700.0747459139894,31.171177409396567,-0.42762151524115655,20
ALL,1,1997-10-28 00:00:00+00:00,1997-10-29 00:00:00+00:00,21.238046646118164,20.19088900089264,1541.7014778653192,1997-11-26 00:00:00+00:00,21.393177032470703,max_hold,173.44012535303997,65.72462054848745,0.1074328809868178,20
CSCO,1,1997-10-28 00:00:00+00:00,1997-10-29 00:00:00+00:00,5.676986217498779,5.179682612419128,3292.0259944675754,1997-11-26 00:00:00+00:00,6.019834518432617,max_hold,1090.1592809179228,38.50623791531351,0.6658939867223916,20
VTRS,1,1997-11-10 00:00:00+00:00,1997-11-11 00:00:00+00:00,8.055943489074707,7.32829749584198,2236.235433181675,1997-11-26 00:00:00+00:00,7.32829749584198,stop,-1661.590537682774,34.40278480307644,-1.0211424801730424,11
BBY,1,1997-11-26 00:00:00+00:00,1997-11-28 00:00:00+00:00,1.737155795097351,1.6597031354904175,18568.884306695047,1997-12-02 00:00:00+00:00,1.8920611143112183,target,2809.0284420592557,67.39050891470907,1.953142772271132,2
MCK,1,1997-11-13 00:00:00+00:00,1997-11-14 00:00:00+00:00,43.42198944091797,41.71324157714844,736.2088763333676,1997-12-15 00:00:00+00:00,42.51476287841797,max_hold,-731.1756480186659,63.26739986075724,-0.5812228567346375,20
XEL,1,1997-12-10 00:00:00+00:00,1997-12-11 00:00:00+00:00,8.058831214904785,7.975076675415039,4065.479252295049,1997-12-15 00:00:00+00:00,8.226340293884277,target,614.7976582731297,66.2070268890484,1.80556073010487,2
WMB,1,1997-11-26 00:00:00+00:00,1997-11-28 00:00:00+00:00,7.122143745422363,6.955738067626953,4529.120182753995,1997-12-16 00:00:00+00:00,7.454955101013184,target,1441.3211950647099,66.02143259139123,1.9124002315332198,12
CNP,1,1997-12-09 00:00:00+00:00,1997-12-10 00:00:00+00:00,5.09224271774292,4.957880020141602,6392.850845091984,1997-12-17 00:00:00+00:00,5.360968112945557,target,1651.095552125962,66.82581769289152,1.9222015409239155,5
RCL,1,1997-12-16 00:00:00+00:00,1997-12-17 00:00:00+00:00,16.541048049926758,16.015089213848114,2011.9604454395944,1997-12-17 00:00:00+00:00,16.015089213848114,stop,-1123.710034550696,65.50166043101706,-1.061898641168388,0
SYY,1,1997-12-09 00:00:00+00:00,1997-12-10 00:00:00+00:00,5.471461772918701,5.309628486633301,5949.7716538318655,1997-12-18 00:00:00+00:00,5.795128345489502,target,1858.7085602528177,67.03363852184734,1.930381503230806,6
AVY,1,1997-12-15 00:00:00+00:00,1997-12-16 00:00:00+00:00,21.791196823120117,21.031038284301758,1522.0738103851963,1997-12-19 00:00:00+00:00,20.334226608276367,stop_gap,-2281.73421028128,64.11800375631547,-1.9720828770869818,3
DHI,1,1997-12-17 00:00:00+00:00,1997-12-18 00:00:00+00:00,3.779877185821533,3.5860352516174316,8566.171525544543,1997-12-19 00:00:00+00:00,3.5860352516174316,stop,-1723.5809266168976,63.09766938124406,-1.037999581812278,1
RCL,1,1997-12-18 00:00:00+00:00,1997-12-19 00:00:00+00:00,16.162240982055664,15.903264045715332,2051.8998269453796,1997-12-22 00:00:00+00:00,16.680194854736328,target,995.4000733091655,67.38938840997822,1.8731839356009972,1
NTRS,1,1997-12-18 00:00:00+00:00,1997-12-19 00:00:00+00:00,18.140378952026367,17.591697692871094,1828.148108803705,1997-12-30 00:00:00+00:00,19.237741470336914,target,1937.808472360717,68.33274016078059,1.931876440467624,6
BBY,1,1997-12-30 00:00:00+00:00,1997-12-31 00:00:00+00:00,2.06540846824646,1.8957492113113403,10015.523190270516,1998-01-07 00:00:00+00:00,2.404726982116699,target,3353.681699288746,44.77074526676256,1.9736522749709282,4
MAS,1,1998-01-07 00:00:00+00:00,1998-01-08 00:00:00+00:00,12.05886459350586,11.924883842468262,2833.7227543967597,1998-01-12 00:00:00+00:00,11.820664405822754,stop_gap,-742.6612566288695,67.66796468967479,-1.9560997729359595,2
STE,1,1997-12-16 00:00:00+00:00,1997-12-17 00:00:00+00:00,17.219684600830078,16.22796630859375,1677.8925357685,1998-01-16 00:00:00+00:00,17.30984115600586,max_hold,93.3361774490231,57.93683353102119,0.05609156335465606,20
MO,1,1998-01-12 00:00:00+00:00,1998-01-13 00:00:00+00:00,2.042163372039795,1.9463893622159958,16356.819861949183,1998-01-20 00:00:00+00:00,1.9463893622159958,stop,-1631.7982647285405,65.24003858410684,-1.041645460408244,4
KO,1,1997-12-19 00:00:00+00:00,1997-12-22 00:00:00+00:00,15.215067863464355,14.473932266235352,2132.2572006286778,1998-01-22 00:00:00+00:00,15.229598999023438,max_hold,-33.93174170911681,64.91586013828089,-0.021471821570714048,20
AVY,1,1997-12-22 00:00:00+00:00,1997-12-23 00:00:00+00:00,21.50613784790039,20.57729285955429,1518.4569775663517,1998-01-23 00:00:00+00:00,21.53781509399414,max_hold,-17.25985532551629,65.36039068665744,-0.012237463721889774,20
GWW,1,1997-12-22 00:00:00+00:00,1997-12-23 00:00:00+00:00,30.439178466796875,29.32783544063568,1072.8326689654107,1998-01-23 00:00:00+00:00,30.103595733642578,max_hold,-424.9763853006592,64.95226603202767,-0.35643855949952274,20
HIG,1,1998-01-29 00:00:00+00:00,1998-01-30 00:00:00+00:00,24.76142120361328,24.486675262451172,1345.1827906811607,1998-02-03 00:00:00+00:00,24.486675262451172,stop,-435.8312037007239,66.24769183995559,-1.1792495869375061,2
IT,1,1998-02-06 00:00:00+00:00,1998-02-09 00:00:00+00:00,34.86915588378906,33.80894470214844,963.6726496248215,1998-02-09 00:00:00+00:00,33.80894470214844,stop,-1087.8797257363344,66.18320716285041,-1.0647777553898852,0
CCL,1,1998-01-16 00:00:00+00:00,1998-01-20 00:00:00+00:00,16.39034652709961,15.64125645160675,2050.0888002525876,1998-02-18 00:00:00+00:00,16.823606491088867,max_hold,820.129846677513,68.09155309470381,0.5340425992266172,20
PAYX,1,1998-01-20 00:00:00+00:00,1998-01-21 00:00:00+00:00,6.693914413452148,6.186801433563232,3306.479492675099,1998-02-19 00:00:00+00:00,6.689332008361816,max_hold,-59.40305829745812,44.251429839145274,-0.03542731545952817,20
IDXX,1,1998-02-18 00:00:00+00:00,1998-02-19 00:00:00+00:00,4.296875,4.078125,7714.118509297512,1998-02-19 00:00:00+00:00,4.078125,stop,-1752.0691664241974,64.60574251536667,-1.0382857142857143,0
MRK,1,1998-02-09 00:00:00+00:00,1998-02-10 00:00:00+00:00,20.63377571105957,19.92532730102539,1612.1972423405164,1998-02-20 00:00:00+00:00,22.05067253112793,target,2215.501396248375,68.8157497468812,1.9397493908693675,7
CNP,1,1998-01-22 00:00:00+00:00,1998-01-23 00:00:00+00:00,5.549063205718994,5.374394416809082,6028.633376505377,1998-02-23 00:00:00+00:00,5.709347248077393,max_hold,898.4208984548884,67.87282902815394,0.8531898161924286,20
PCG,1,1998-01-26 00:00:00+00:00,1998-01-27 00:00:00+00:00,15.973743438720703,15.503312110900879,2078.769818053007,1998-02-25 00:00:00+00:00,15.973738670349121,max_hold,-66.42137391804876,66.41146157112277,-0.06792117912030213,20
MAS,1,1998-02-20 00:00:00+00:00,1998-02-23 00:00:00+00:00,12.252398490905762,11.909997940063477,2717.37193348407,1998-02-27 00:00:00+00:00,12.937199592590332,target,1792.4097868887857,68.4495068478364,1.9264323669412005,4
AJG,1,1998-02-23 00:00:00+00:00,1998-02-24 00:00:00+00:00,4.271389961242676,4.113699913024902,7823.139059242059,1998-03-02 00:00:00+00:00,4.586770057678223,target,2397.9637332954176,69.29861763703647,1.9438254974296947,4
MU,1,1998-03-02 00:00:00+00:00,1998-03-03 00:00:00+00:00,16.028818130493164,15.480305671691895,2152.510551737476,1998-03-04 00:00:00+00:00,17.125843048095703,target,2289.991952632207,71.36575802619339,1.9395553179392757,1
BAX,1,1998-02-23 00:00:00+00:00,1998-02-24 00:00:00+00:00,8.804736137390137,8.483683586120605,3795.1935323932307,1998-03-05 00:00:00+00:00,8.483683586120605,stop,-1284.0694648564386,65.61289871996755,-1.0538491896580404,7
NI,1,1998-02-24 00:00:00+00:00,1998-02-25 00:00:00+00:00,3.225628137588501,3.178877353668213,10362.202258352108,1998-03-09 00:00:00+00:00,3.319129705429077,target,901.0640529357969,67.81810450128442,1.8600075272710583,8
KO,1,1998-03-04 00:00:00+00:00,1998-03-05 00:00:00+00:00,15.985269546508789,15.709153175354004,2187.990271707631,1998-03-09 00:00:00+00:00,16.53750228881836,target,1137.1203595071042,71.15950838466276,1.882213533013964,2
EL,1,1998-02-27 00:00:00+00:00,1998-03-02 00:00:00+00:00,10.647987365722656,10.2733793258667,3211.28377465661,1998-03-10 00:00:00+00:00,11.578839302062988,target,2917.853071937031,71.37664784036488,2.4255355278064177,6
BSX,1,1998-02-25 00:00:00+00:00,1998-02-26 00:00:00+00:00,14.703125,13.6875,1661.5224881811835,1998-03-13 00:00:00+00:00,17.25,target,4178.599251331288,53.09083575516438,2.4762307692307695,11
MU,1,1998-03-05 00:00:00+00:00,1998-03-06 00:00:00+00:00,17.064903259277344,15.967870712280273,1581.7757317494868,1998-03-17 00:00:00+00:00,15.967870712280273,stop,-1787.50989999987,52.25044022057595,-1.0301110245652956,7
PFE,1,1998-03-09 00:00:00+00:00,1998-03-10 00:00:00+00:00,9.929356575012207,9.615049362182617,3541.981677367112,1998-03-20 00:00:00+00:00,10.557971000671387,target,2153.975038922176,72.56573889128927,1.9348175073958889,8
IFF,1,1998-03-13 00:00:00+00:00,1998-03-16 00:00:00+00:00,23.729873657226562,22.853321075439453,1528.916917545388,1998-03-24 00:00:00+00:00,22.853321075439453,stop,-1411.397905912483,71.22183450008428,-1.0531436398689198,6
ROST,1,1998-03-09 00:00:00+00:00,1998-03-10 00:00:00+00:00,1.895387053489685,1.8051302433013916,18555.365244257377,1998-03-31 00:00:00+00:00,2.075900673866272,target,3275.807463379664,73.6886942711266,1.9560001320778888,15
WRB,1,1998-03-10 00:00:00+00:00,1998-03-11 00:00:00+00:00,1.6323944330215454,1.5546609163284302,21943.87414273122,1998-03-31 00:00:00+00:00,1.7878614664077759,target,3336.4953489782233,75.05366499301101,1.9560002423030445,14
CDNS,1,1998-03-17 00:00:00+00:00,1998-03-18 00:00:00+00:00,33.6875,32.375,1091.8330319183692,1998-04-01 00:00:00+00:00,36.3125,target,2789.633396551433,76.42831223428584,1.9466666666666668,10
PTC,1,1998-03-27 00:00:00+00:00,1998-03-30 00:00:00+00:00,84.375,77.5,268.6217996995946,1998-04-06 00:00:00+00:00,77.5,stop,-1890.2580267610847,43.483153826371876,-1.0235454545454545,5
RTX,1,1998-03-31 00:00:00+00:00,1998-04-01 00:00:00+00:00,8.105036735534668,7.93469762802124,4657.269244489996,1998-04-06 00:00:00+00:00,8.445714950561523,target,1509.5488663114768,77.08130680084673,1.9028364541314067,3
COST,1,1998-04-01 00:00:00+00:00,1998-04-02 00:00:00+00:00,18.000425338745117,17.25214385986328,2116.0766847149903,1998-04-06 00:00:00+00:00,17.25214385986328,stop,-1658.0181308233823,74.59713975747704,-1.0471113747881167,2
WMT,1,1998-04-07 00:00:00+00:00,1998-04-08 00:00:00+00:00,5.282686233520508,5.190927505493164,7129.215797739558,1998-04-14 00:00:00+00:00,5.466203689575195,target,1231.7043910181558,76.63115584789742,1.8828570300157979,3
AIG,1,1998-03-31 00:00:00+00:00,1998-04-01 00:00:00+00:00,513.0488891601562,497.9515380859375,73.57454447598225,1998-04-15 00:00:00+00:00,543.2435913085938,target,2143.845218075358,77.71623808389367,1.9300345818762508,9
GPC,1,1998-03-20 00:00:00+00:00,1998-03-23 00:00:00+00:00,14.655237197875977,14.265323519706726,2528.341731561434,1998-04-20 00:00:00+00:00,14.265323519706726,stop,-1058.956084784351,73.12106056242064,-1.074171700909218,19
MSFT,1,1998-04-15 00:00:00+00:00,1998-04-16 00:00:00+00:00,13.714515686035156,13.145453453063965,2791.1126835400414,1998-04-22 00:00:00+00:00,14.852640151977539,target,3096.8994813468785,79.73415099214218,1.9497995927635934,4
BDX,1,1998-04-07 00:00:00+00:00,1998-04-08 00:00:00+00:00,17.110307693481445,16.648685455322266,2201.094850261731,1998-04-23 00:00:00+00:00,18.033552169799805,target,1954.7936933935414,77.3549689633883,1.9238687893299398,10
TXT,1,1998-04-22 00:00:00+00:00,1998-04-23 00:00:00+00:00,29.450075149536133,28.759288787841797,1330.0168546796253,1998-04-24 00:00:00+00:00,28.759288787841797,stop,-996.1769391731757,77.41943513689301,-1.084265363598963,1
GILD,1,1998-04-06 00:00:00+00:00,1998-04-07 00:00:00+00:00,0.9170739650726318,0.8369943052530289,23545.23703260822,1998-04-27 00:00:00+00:00,0.8184354901313782,stop_gap,-2363.3292545219147,40.86298149511117,-1.2534267081375237,13
DE,1,1998-04-14 00:00:00+00:00,1998-04-15 00:00:00+00:00,17.742490768432617,16.94960653781891,2145.28953647995,1998-04-27 00:00:00+00:00,16.94960653781891,stop,-1775.3908369251903,74.42459334964565,-1.0437543035499635,8
NEM,1,1998-04-21 00:00:00+00:00,1998-04-22 00:00:00+00:00,21.8293514251709,20.27904498577118,1237.6382367180445,1998-04-27 00:00:00+00:00,20.27904498577118,stop,-1970.8334895163612,52.114961485062786,-1.0271613374883786,3
AJG,1,1998-04-24 00:00:00+00:00,1998-04-27 00:00:00+00:00,4.98900842666626,4.934949018061161,7707.314035477639,1998-04-27 00:00:00+00:00,4.934949018061161,stop,-493.1398951929285,76.48705650123046,-1.1835750279330919,0
LRCX,1,1998-04-28 00:00:00+00:00,1998-04-29 00:00:00+00:00,0.8722133040428162,0.8474941849708557,43018.0575230184,1998-05-01 00:00:00+00:00,0.8474941849708557,stop,-1137.3469618410913,73.97847568515567,-1.0695699342685874,2
ROST,1,1998-04-28 00:00:00+00:00,1998-04-29 00:00:00+00:00,2.2503960132598877,2.148104429244995,16673.030819719414,1998-05-11 00:00:00+00:00,2.148104429244995,stop,-1778.8470663166552,73.3363334384334,-1.0429996317376855,8
PPG,1,1998-05-01 00:00:00+00:00,1998-05-04 00:00:00+00:00,17.84898567199707,17.426616668701172,2093.9998304076626,1998-05-12 00:00:00+00:00,18.83700180053711,target,1992.085154057053,76.82045154582421,2.252367322516404,6
ZBRA,1,1998-04-28 00:00:00+00:00,1998-04-29 00:00:00+00:00,17.333332061767578,16.38888931274414,1986.405323374698,1998-05-14 00:00:00+00:00,16.38888931274414,stop,-1943.0321043371403,66.9860000543501,-1.0357059455529527,11
VTRS,1,1998-04-28 00:00:00+00:00,1998-04-29 00:00:00+00:00,8.769587516784668,8.189096450805664,3231.82597327113,1998-05-14 00:00:00+00:00,9.930569648742676,target,3691.656554933776,60.435653631803504,1.967785624514325,11
AMD,1,1998-04-17 00:00:00+00:00,1998-04-20 00:00:00+00:00,13.625,12.40625,1341.7589645428206,1998-05-15 00:00:00+00:00,12.375,stop_gap,-1712.0844387566392,34.88573307811334,-1.046974358974359,19
RVTY,1,1998-05-11 00:00:00+00:00,1998-05-12 00:00:00+00:00,11.54855728149414,11.0485200881958,3262.118431454266,1998-05-19 00:00:00+00:00,12.54863166809082,target,3183.753205123671,78.60788421867717,1.9518092068499238,5
AMAT,1,1998-05-18 00:00:00+00:00,1998-05-19 00:00:00+00:00,6.879783630371094,6.609100818634033,5507.94348189178,1998-05-20 00:00:00+00:00,6.609100818634033,stop,-1565.2016417461714,74.29601317888918,-1.0498328074931782,1
CI,1,1998-05-20 00:00:00+00:00,1998-05-21 00:00:00+00:00,18.746498107910156,18.496994018554688,2039.290385862914,1998-05-22 00:00:00+00:00,18.496994018554688,stop,-584.7615860855498,75.9502954294609,-1.1492700669663334,1
IDXX,1,1998-04-28 00:00:00+00:00,1998-04-29 00:00:00+00:00,5.5,5.025404155254364,3952.9341123672802,1998-05-27 00:00:00+00:00,5.025404155254364,stop,-1917.6523334145475,41.606229131757296,-1.0221776154843825,19
ITW,1,1998-05-12 00:00:00+00:00,1998-05-13 00:00:00+00:00,18.96969223022461,18.431663513183594,2022.7392715160763,1998-05-27 00:00:00+00:00,18.396944046020508,stop_gap,-1234.103207519578,75.58296264041824,-1.1339818882452621,9
MKC,1,1998-05-19 00:00:00+00:00,1998-05-20 00:00:00+00:00,4.701976299285889,4.597872257232666,8143.542312151727,1998-05-27 00:00:00+00:00,4.563172817230225,stop_gap,-1205.8031630530375,75.45113385874416,-1.4223139491210233,4
ECL,1,1998-05-22 00:00:00+00:00,1998-05-26 00:00:00+00:00,11.328822135925293,11.083516120910645,3346.049461354948,1998-05-27 00:00:00+00:00,11.083510398864746,stop_gap,-895.8179788612317,74.9927732057422,-1.091388116102044,1
EXC,1,1998-05-14 00:00:00+00:00,1998-05-15 00:00:00+00:00,3.415717363357544,3.2782536894083023,11365.3697172432,1998-06-01 00:00:00+00:00,3.690644711256027,target,3043.884521924829,80.76643232257865,1.9483037091149071,10
CSCO,1,1998-05-27 00:00:00+00:00,1998-05-28 00:00:00+00:00,8.348508834838867,8.007892608642578,4403.627104829922,1998-06-01 00:00:00+00:00,8.007892608642578,stop,-1571.9743387568526,72.02749273399417,-1.0480200301263853,2
PGR,1,1998-06-01 00:00:00+00:00,1998-06-02 00:00:00+00:00,6.005382061004639,5.791489809751511,6144.2960419483925,1998-06-04 00:00:00+00:00,5.791489809751511,stop,-1386.7007859208852,72.48347314285934,-1.0551533391305292,2
ORLY,1,1998-06-05 00:00:00+00:00,1998-06-08 00:00:00+00:00,0.5291669964790344,0.5208330154418945,69225.89005206437,1998-06-09 00:00:00+00:00,0.5458349585533142,target,1079.4365428012475,74.41796714482362,1.8710097910900363,1
WMT,1,1998-05-27 00:00:00+00:00,1998-05-28 00:00:00+00:00,5.7545857429504395,5.505527973175049,6388.595362410804,1998-06-10 00:00:00+00:00,6.252701282501221,target,3105.5489277129404,76.7096982059359,1.9517891490143822,9
MKC,1,1998-05-29 00:00:00+00:00,1998-06-01 00:00:00+00:00,4.649925231933594,4.563172817230225,7923.335601943373,1998-06-10 00:00:00+00:00,4.563172817230225,stop,-760.3669637508951,72.99846777713472,-1.1061999032610905,7
RVTY,1,1998-05-29 00:00:00+00:00,1998-06-01 00:00:00+00:00,12.191466331481934,11.384481132030487,2282.7505486840682,1998-06-11 00:00:00+00:00,11.384481132030487,stop,-1895.9639138357916,53.818007008079746,-1.0292148449309086,8
RCL,1,1998-06-17 00:00:00+00:00,1998-06-18 00:00:00+00:00,24.637619018554688,23.96087074279785,1502.2070364509575,1998-06-23 00:00:00+00:00,25.99111557006836,target,1957.1772021503064,76.05484134563751,1.9251882326083465,3
COF,1,1998-06-17 00:00:00+00:00,1998-06-18 00:00:00+00:00,24.73971939086914,23.726766109466553,1496.0074553121497,1998-06-24 00:00:00+00:00,27.67997932434082,target,4320.230520946067,78.4202600831708,2.850911574873242,4
STE,1,1998-06-24 00:00:00+00:00,1998-06-25 00:00:00+00:00,23.665782928466797,22.944549560546875,1622.327352264855,1998-06-25 00:00:00+00:00,22.944549560546875,stop,-1245.6938374376768,75.6172172950861,-1.0646258680785117,0
D,1,1998-06-23 00:00:00+00:00,1998-06-24 00:00:00+00:00,6.093597888946533,6.027770519256592,6218.446282668122,1998-06-29 00:00:00+00:00,6.225252628326416,target,742.0838144865925,76.60411020588025,1.812861267656646,3
TSN,1,1998-06-29 00:00:00+00:00,1998-06-30 00:00:00+00:00,14.49059009552002,14.056275367736816,2650.646662477117,1998-06-30 00:00:00+00:00,14.056275367736816,stop,-1226.88253732757,75.66765366436502,-1.0657285227442403,0
BALL,1,1998-06-12 00:00:00+00:00,1998-06-15 00:00:00+00:00,1.848546028137207,1.7841979265213013,19907.950098383473,1998-07-02 00:00:00+00:00,1.9772422313690186,target,2485.91399003309,76.1636017572313,1.940545437030258,13
F,1,1998-06-17 00:00:00+00:00,1998-06-18 00:00:00+00:00,10.923283576965332,10.242156982421875,2716.8814833810925,1998-07-14 00:00:00+00:00,12.285536766052246,target,3638.024850866016,63.05561424106287,1.965925834449947,17
STE,1,1998-07-01 00:00:00+00:00,1998-07-02 00:00:00+00:00,23.530553817749023,22.854394912719727,1637.1342533672814,1998-07-14 00:00:00+00:00,24.882871627807617,target,2134.6665311657894,79.25927711976391,1.9283993376624111,7
AOS,1,1998-06-16 00:00:00+00:00,1998-06-17 00:00:00+00:00,3.474234104156494,3.3574302196502686,10553.49098213335,1998-07-15 00:00:00+00:00,3.3574302196502686,stop,-1304.7866496488539,72.0979078342568,-1.0584883315540987,19
STE,1,1998-07-14 00:00:00+00:00,1998-07-15 00:00:00+00:00,24.567354202270508,23.338784217834473,1609.5707676747686,1998-07-23 00:00:00+00:00,23.338784217834473,stop,-2054.57865298407,77.1083199931821,-1.0389934143166424,6
ADP,1,1998-07-14 00:00:00+00:00,1998-07-15 00:00:00+00:00,16.389554977416992,15.725111961364746,2413.086060866967,1998-07-23 00:00:00+00:00,15.725111961364746,stop,-1680.8536354154407,77.49545513935945,-1.0483332146819593,6
INCY,1,1998-07-23 00:00:00+00:00,1998-07-24 00:00:00+00:00,19.5625,18.375,1597.5536217644856,1998-07-28 00:00:00+00:00,18.375,stop,-1957.7021163710167,60.60719052569017,-1.0319473684210527,2
EXC,1,1998-06-29 00:00:00+00:00,1998-06-30 00:00:00+00:00,3.7887425422668457,3.6749207973480225,10137.778918868773,1998-07-29 00:00:00+00:00,3.8700480461120605,max_hold,746.6140970991248,77.64312577089825,0.6470355318253133,20
OMC,1,1998-07-23 00:00:00+00:00,1998-07-24 00:00:00+00:00,14.290431022644043,13.83260726928711,2655.0562720456314,1998-07-30 00:00:00+00:00,13.83260726928711,stop,-1290.21607704777,74.66824920597126,-1.0614276522039816,4
INCY,1,1998-07-28 00:00:00+00:00,1998-07-29 00:00:00+00:00,19.125,18.25,1991.349252955767,1998-07-30 00:00:00+00:00,18.25,stop,-1816.8572746655182,74.4266783292218,-1.0427142857142857,1
TSN,1,1998-07-02 00:00:00+00:00,1998-07-06 00:00:00+00:00,14.609055519104004,13.72210019826889,2184.744855599241,1998-07-31 00:00:00+00:00,13.72210019826889,stop,-1999.6674210476,61.896346706711455,-1.0319420325374424,19
COR,1,1998-07-15 00:00:00+00:00,1998-07-16 00:00:00+00:00,5.7664055824279785,5.218818008899689,3578.5466986766296,1998-08-03 00:00:00+00:00,4.34974479675293,stop_gap,-5105.78789426482,36.20111654273418,-2.6055685063505534,12
SYK,1,1998-07-30 00:00:00+00:00,1998-07-31 00:00:00+00:00,8.51851749420166,8.35918140411377,4403.173328615353,1998-08-03 00:00:00+00:00,8.35918140411377,stop,-775.8998557983164,74.31543363746323,-1.1059251478369125,1
CSCO,1,1998-07-30 00:00:00+00:00,1998-07-31 00:00:00+00:00,10.572554588317871,10.038249969482422,3510.030393482674,1998-08-04 00:00:00+00:00,10.038249969482422,stop,-1947.7700019226122,72.34455043201024,-1.0385750072734217,2
DHI,1,1998-07-30 00:00:00+00:00,1998-07-31 00:00:00+00:00,4.387557029724121,4.079518795013428,6088.287881703985,1998-08-04 00:00:00+00:00,4.079518795013428,stop,-1926.9754466278205,51.54999513721839,-1.0274870937131872,2
CMCSA,1,1998-07-29 00:00:00+00:00,1998-07-30 00:00:00+00:00,4.664425373077393,4.387011528015137,6793.285713638944,1998-08-05 00:00:00+00:00,4.387011528015137,stop,-1946.0405074151665,61.48899698809623,-1.0326279205677757,4
INTC,1,1998-08-05 00:00:00+00:00,1998-08-06 00:00:00+00:00,11.761682510375977,11.495975494384766,2960.069468953982,1998-08-06 00:00:00+00:00,12.293096542358398,target,1501.818634388469,71.20381705643281,1.9094687847703273,0
USB,1,1998-08-05 00:00:00+00:00,1998-08-06 00:00:00+00:00,9.327796936035156,9.12720012664795,3732.435165692241,1998-08-07 00:00:00+00:00,9.72899055480957,target,1426.300947188997,71.12822377595286,1.9049995483524373,1
WM,1,1998-08-06 00:00:00+00:00,1998-08-07 00:00:00+00:00,30.51470375061035,29.380708694458008,1168.6851120536694,1998-08-10 00:00:00+00:00,29.380708694458008,stop,-1395.2820160725744,69.99887680486546,-1.0528180542940762,1
AAPL,1,1998-08-03 00:00:00+00:00,1998-08-04 00:00:00+00:00,0.2654475271701813,0.24675443768501282,94463.39824571862,1998-08-11 00:00:00+00:00,0.3028337061405182,target,3477.94373650285,53.681776457796744,1.9695993948051451,5
WM,1,1998-08-10 00:00:00+00:00,1998-08-11 00:00:00+00:00,29.415058135986328,28.992899626493454,1208.9892562035134,1998-08-12 00:00:00+00:00,28.992899626493454,stop,-580.9996958034004,70.61459341162666,-1.138355514455088,1
CSCO,1,1998-08-05 00:00:00+00:00,1998-08-06 00:00:00+00:00,10.278688430786133,9.884636878967285,3387.14394710291,1998-08-19 00:00:00+00:00,11.066791534423828,target,2597.11844391727,72.30021326216735,1.9458307425343606,9
MU,1,1998-08-12 00:00:00+00:00,1998-08-13 00:00:00+00:00,16.394493103027344,14.748950958251953,1104.7318746608935,1998-08-21 00:00:00+00:00,14.748950958251953,stop,-1852.2880137724383,34.40515534121375,-1.018925947390749,6
PPL,1,1998-08-21 00:00:00+00:00,1998-08-24 00:00:00+00:00,3.3757758140563965,3.315028429031372,10894.912690453517,1998-08-26 00:00:00+00:00,3.315028429031372,stop,-734.7331840783615,72.89572805735716,-1.1101414363816902,2
EG,1,1998-08-12 00:00:00+00:00,1998-08-13 00:00:00+00:00,25.264909744262695,23.733216881752014,1186.8455503875848,1998-08-27 00:00:00+00:00,23.733216881752014,stop,-1876.0360669946376,58.153208563413,-1.031989524679053,10
BBY,1,1998-08-06 00:00:00+00:00,1998-08-07 00:00:00+00:00,6.019189834594727,5.430366158485413,3028.2477946289296,1998-08-28 00:00:00+00:00,5.430366158485413,stop,-1817.7760912888543,34.67209268552537,-1.0194447955434363,15
CMCSA,1,1998-08-10 00:00:00+00:00,1998-08-11 00:00:00+00:00,4.490235805511475,4.193337827920914,5989.00833640098,1998-08-28 00:00:00+00:00,4.193337827920914,stop,-1830.1304577308388,52.005994880378324,-1.0292476685220386,13
D,1,1998-08-21 00:00:00+00:00,1998-08-24 00:00:00+00:00,6.347498893737793,6.136652633547783,5794.216489422892,1998-09-03 00:00:00+00:00,6.09257173538208,stop_gap,-1549.1836069152241,72.08046236883177,-1.2680672104114497,8
WEC,1,1998-09-01 00:00:00+00:00,1998-09-02 00:00:00+00:00,5.822405815124512,5.602692127227783,5955.1550634117975,1998-09-03 00:00:00+00:00,5.602692127227783,stop,-1376.4673108404572,68.03822986137497,-1.0519999370622843,1
JKHY,1,1998-08-06 00:00:00+00:00,1998-08-07 00:00:00+00:00,7.38942813873291,6.7304458022117615,2705.844906278613,1998-09-04 00:00:00+00:00,7.716261863708496,max_hold,843.4877155763245,40.87365434892985,0.47304459876541816,20
NEE,1,1998-09-04 00:00:00+00:00,1998-09-08 00:00:00+00:00,3.3132739067077637,3.23028302192688,10296.920046429346,1998-09-15 00:00:00+00:00,3.4792556762695312,target,1639.1588763134578,69.94213402892328,1.9181533056201145,5
BDX,1,1998-09-18 00:00:00+00:00,1998-09-21 00:00:00+00:00,20.327022552490234,19.431154251098633,1730.9868212781976,1998-09-25 00:00:00+00:00,19.431154251098633,stop,-1619.5571033948077,68.82088008506086,-1.0443794883040625,4
ED,1,1998-09-08 00:00:00+00:00,1998-09-09 00:00:00+00:00,13.34203052520752,12.754199981689453,2564.4424413491975,1998-09-29 00:00:00+00:00,14.517691612243652,target,2943.470534384716,71.44465385347556,1.9526058615962425,14
EXC,1,1998-09-08 00:00:00+00:00,1998-09-09 00:00:00+00:00,4.294183731079102,4.113895893096924,7967.72366421795,1998-09-30 00:00:00+00:00,4.654759407043457,target,2801.6646401112184,71.30270601135996,1.9503630237165126,15
CTAS,1,1998-09-25 00:00:00+00:00,1998-09-28 00:00:00+00:00,6.114259243011475,5.804388999938965,5634.848920274727,1998-10-01 00:00:00+00:00,5.804388999938965,stop,-1813.2317867853226,67.15978218292355,-1.0384633520300997,3
DUK,1,1998-09-08 00:00:00+00:00,1998-09-09 00:00:00+00:00,15.579255104064941,14.868712842464447,2196.181338842788,1998-10-02 00:00:00+00:00,17.00033962726593,target,3049.408612796303,71.55069797600967,1.9541482660609863,17
CAH,1,1998-10-02 00:00:00+00:00,1998-10-05 00:00:00+00:00,20.040624618530273,19.19522476196289,1772.235144364491,1998-10-07 00:00:00+00:00,19.19522476196289,stop,-1567.7824880405174,69.53515119110172,-1.0464109960224082,2
VRTX,1,1998-10-02 00:00:00+00:00,1998-10-05 00:00:00+00:00,11.5,10.0,1183.889975465852,1998-10-08 00:00:00+00:00,10.0,stop,-1801.288597671294,25.453634472515823,-1.0143333333333333,3
SYY,1,1998-10-02 00:00:00+00:00,1998-10-05 00:00:00+00:00,6.067905426025391,5.786405563354492,5853.20580502847,1998-10-19 00:00:00+00:00,6.6309051513671875,target,3221.024508811489,74.32875178855117,1.954888750364192,10
NEE,1,1998-10-14 00:00:00+00:00,1998-10-15 00:00:00+00:00,3.597360134124756,3.4244207739830017,9701.181875722254,1998-10-19 00:00:00+00:00,3.4244207739830017,stop,-1745.8357598872165,68.11957368102753,-1.0406025609343772,2
ED,1,1998-10-14 00:00:00+00:00,1998-10-15 00:00:00+00:00,15.176783561706543,14.376038610935211,2198.0740997705225,1998-10-20 00:00:00+00:00,14.376038610935211,stop,-1825.0560298052942,64.95929299280786,-1.0369066606591455,3
LNT,1,1998-10-14 00:00:00+00:00,1998-10-15 00:00:00+00:00,4.973525524139404,4.84942626953125,7077.863492485224,1998-10-21 00:00:00+00:00,4.84942626953125,stop,-947.8830955245478,69.52551188886378,-1.0791539951201705,4
VZ,1,1998-10-21 00:00:00+00:00,1998-10-22 00:00:00+00:00,11.958847045898438,11.73065833747387,2881.6928872063004,1998-10-23 00:00:00+00:00,12.415224462747574,target,1244.900967517018,70.23858849872295,1.8931845853507545,1
WEC,1,1998-10-14 00:00:00+00:00,1998-10-15 00:00:00+00:00,6.176382541656494,5.9200520515441895,5699.442108520797,1998-10-26 00:00:00+00:00,5.9200520515441895,stop,-1529.8837177272987,68.94292868345562,-1.0471907754239496,7
D,1,1998-10-28 00:00:00+00:00,1998-10-29 00:00:00+00:00,7.04752254486084,6.894728660583496,4886.466364123094,1998-11-10 00:00:00+00:00,7.353110313415527,target,1422.87614424586,70.36820808405326,1.905751248314775,8
EXC,1,1998-10-30 00:00:00+00:00,1998-11-02 00:00:00+00:00,5.0563201904296875,4.884225368499756,6838.640961571847,1998-11-16 00:00:00+00:00,5.400509834289551,target,2282.2788909136475,71.51050613523932,1.939237974115359,10
PPL,1,1998-10-20 00:00:00+00:00,1998-10-21 00:00:00+00:00,3.753420352935791,3.6043355464935303,9183.369517742249,1998-11-18 00:00:00+00:00,3.8674254417419434,max_hold,976.9658144396598,69.98504297025772,0.7135820580930646,20
VZ,1,1998-11-16 00:00:00+00:00,1998-11-17 00:00:00+00:00,13.17883586883545,12.832420349121094,2725.8662370957672,1998-11-23 00:00:00+00:00,13.87166690826416,target,1814.8286861741283,73.73605221656112,1.9219131325311156,4
KMB,1,1998-10-26 00:00:00+00:00,1998-10-27 00:00:00+00:00,18.415584564208984,17.096765518188477,1308.1148378493194,1998-11-24 00:00:00+00:00,19.590543746948242,max_hold,1487.2651604355033,49.716380373029864,0.8620993591644118,20
HRL,1,1998-11-12 00:00:00+00:00,1998-11-13 00:00:00+00:00,2.2608022689819336,2.1653380393981934,15717.75206084359,1998-11-25 00:00:00+00:00,2.1653380393981934,stop,-1570.0520672303032,69.56897595362463,-1.0463643851490738,8
ETN,1,1998-10-28 00:00:00+00:00,1998-10-29 00:00:00+00:00,6.246786594390869,6.040472507476807,5512.831492720413,1998-11-27 00:00:00+00:00,6.41380500793457,max_hold,850.948661946146,69.79570810177128,0.7481690865135714,20
KLAC,1,1998-11-18 00:00:00+00:00,1998-11-19 00:00:00+00:00,0.9565708637237549,0.8812243938446045,23644.400426114385,1998-12-01 00:00:00+00:00,0.8812243938446045,stop,-1824.9756714879586,43.45356697116031,-1.0243912589470487,7
D,1,1998-11-23 00:00:00+00:00,1998-11-24 00:00:00+00:00,7.280065536499023,7.1430134773254395,5000.954099829211,1998-12-01 00:00:00+00:00,7.1430134773254395,stop,-757.5202133405166,72.12915612634612,-1.105237959216336,4
CTAS,1,1998-11-25 00:00:00+00:00,1998-11-27 00:00:00+00:00,6.628188133239746,6.409013271331787,5467.691060834458,1998-12-02 00:00:00+00:00,6.409013271331787,stop,-1269.6638227918484,71.2833895780742,-1.0594831053665563,3
TER,1,1998-12-02 00:00:00+00:00,1998-12-03 00:00:00+00:00,16.43423843383789,14.829885005950928,1111.4684681791196,1998-12-08 00:00:00+00:00,19.642945289611816,target,3526.277841693565,40.09865212931931,1.977512945030469,3
HUM,1,1998-11-25 00:00:00+00:00,1998-11-27 00:00:00+00:00,17.42069435119629,16.3319091796875,1562.8143751182974,1998-12-11 00:00:00+00:00,16.33190155029297,stop_gap,-1754.3300828494298,52.74904207240634,-1.0310072419972778,10
WDC,1,1998-12-01 00:00:00+00:00,1998-12-02 00:00:00+00:00,10.265307426452637,9.305700182914734,1860.8005412415246,1998-12-11 00:00:00+00:00,9.305700182914734,stop,-1822.05541970677,36.417741552152805,-1.020394810211324,7
AMAT,1,1998-12-02 00:00:00+00:00,1998-12-03 00:00:00+00:00,7.939943313598633,7.098815083503723,2119.995718976444,1998-12-14 00:00:00+00:00,7.098815083503723,stop,-1815.0703503320199,31.882103420578048,-1.0178792696036434,7
PTC,1,1998-12-08 00:00:00+00:00,1998-12-09 00:00:00+00:00,42.8125,36.6329402923584,297.6899267834628,1998-12-14 00:00:00+00:00,36.6329402923584,stop,-1863.2427842257773,23.650107303912137,-1.0128561651721104,3
IBM,1,1998-12-11 00:00:00+00:00,1998-12-14 00:00:00+00:00,40.18965148925781,39.40516662597656,883.5552051898989,1998-12-14 00:00:00+00:00,39.40516662597656,stop,-763.4621001966931,70.32641585185858,-1.101461254181903,0
GILD,1,1998-11-18 00:00:00+00:00,1998-11-19 00:00:00+00:00,0.6584804654121399,0.6051624417304993,33413.130898365285,1998-12-16 00:00:00+00:00,0.7651165127754211,target,3515.4773768548985,47.56683217869825,1.9732998922336695,18
CPRT,1,1998-12-01 00:00:00+00:00,1998-12-02 00:00:00+00:00,0.2382809966802597,0.23229027772322297,149876.63330539927,1998-12-16 00:00:00+00:00,0.25026243459433317,target,1722.5163320160932,73.22124470290369,1.9184499498677454,10
DHR,1,1998-12-16 00:00:00+00:00,1998-12-17 00:00:00+00:00,4.616796493530273,4.4993672370910645,7623.60921596065,1998-12-21 00:00:00+00:00,4.851655006408691,target,1718.2857491109091,72.18377411581112,1.9193688882391877,2
AZO,1,1998-12-16 00:00:00+00:00,1998-12-17 00:00:00+00:00,30.75,29.6875,1144.60657874121,1998-12-23 00:00:00+00:00,32.875,target,2359.463386252661,72.82559357240947,1.9401176470588235,4
CNP,1,1998-12-01 00:00:00+00:00,1998-12-02 00:00:00+00:00,7.33425760269165,7.1218767166137695,4869.307228857883,1998-12-31 00:00:00+00:00,7.320096492767334,max_hold,-140.31134725438656,71.35655233126157,-0.13567823617238634,20
HPQ,1,1998-12-15 00:00:00+00:00,1998-12-16 00:00:00+00:00,6.316287994384766,6.034367561340332,5489.162737269394,1999-01-06 00:00:00+00:00,6.880128860473633,target,3022.5769922195495,72.43727966516249,1.9531909882786733,13
SNPS,1,1998-12-23 00:00:00+00:00,1998-12-24 00:00:00+00:00,26.0,24.3125,1076.7317275509492,1999-01-06 00:00:00+00:00,29.375,target,3574.34556107132,59.624019413133816,1.9671851851851851,7
AEE,1,1998-12-31 00:00:00+00:00,1999-01-04 00:00:00+00:00,12.207528114318848,12.064116477966309,3075.1751663257596,1999-01-06 00:00:00+00:00,12.064116477966309,stop,-515.6554613695489,74.63955869608023,-1.169244596949022,2
CVS,1,1999-01-06 00:00:00+00:00,1999-01-07 00:00:00+00:00,16.385082244873047,16.03645896911621,2299.9721530707457,1999-01-08 00:00:00+00:00,16.03645896911621,stop,-876.3924681048371,74.5686419518108,-1.0929987854184562,1
WAT,1,1998-12-15 00:00:00+00:00,1998-12-16 00:00:00+00:00,20.3125,19.40625,1706.8865327576068,1999-01-12 00:00:00+00:00,19.40625,stop,-1614.6613197845475,67.79539947296618,-1.0438275862068966,17
INCY,1,1998-12-31 00:00:00+00:00,1999-01-04 00:00:00+00:00,18.875,17.25,1155.0857630577489,1999-01-13 00:00:00+00:00,15.3125,stop_gap,-4154.482525417768,39.489494524536795,-2.213346153846154,7
EOG,1,1999-01-08 00:00:00+00:00,1999-01-11 00:00:00+00:00,3.0194432735443115,2.7612801492214203,7212.456216874367,1999-01-13 00:00:00+00:00,2.7571938037872314,stop_gap,-1933.1265605224853,41.66374200102686,-1.0382044590504123,2
DHI,1,1998-12-21 00:00:00+00:00,1998-12-22 00:00:00+00:00,4.066559791564941,3.6756297945976257,4621.089187447071,1999-01-22 00:00:00+00:00,4.0665602684021,max_hold,-37.58166966228662,37.583873169322565,-0.020803323576852,20
COST,1,1999-01-13 00:00:00+00:00,1999-01-14 00:00:00+00:00,24.36086654663086,23.030582427978516,1353.3564908869903,1999-01-22 00:00:00+00:00,23.030582427978516,stop,-1864.4861717843557,64.13752508232719,-1.0356250580685122,5
IFF,1,1999-01-08 00:00:00+00:00,1999-01-11 00:00:00+00:00,22.955530166625977,22.111328125,1622.2585298399354,1999-01-25 00:00:00+00:00,22.111328125,stop,-1442.6240582127066,73.11009527667787,-1.053383972164797,9
TGT,1,1999-01-13 00:00:00+00:00,1999-01-14 00:00:00+00:00,15.536394119262695,14.391315698623657,1572.249213898644,1999-01-27 00:00:00+00:00,17.82655096054077,target,3548.242429228992,52.45486417506463,1.9708640522094683,8
SYK,1,1999-01-25 00:00:00+00:00,1999-01-26 00:00:00+00:00,10.203804016113281,9.641474604606628,3253.271076755564,1999-01-28 00:00:00+00:00,9.641474604606628,stop,-1893.9720810105148,64.56207094694363,-1.0352911980320365,2
SPGI,1,1999-01-28 00:00:00+00:00,1999-01-29 00:00:00+00:00,16.12743377685547,15.81337833404541,2274.459793352214,1999-02-01 00:00:00+00:00,15.81337833404541,stop,-786.9545704681655,72.64809291326151,-1.1017043736771623,1
CPRT,1,1999-01-27 00:00:00+00:00,1999-01-28 00:00:00+00:00,0.29557299613952637,0.27083298563957214,72926.72374891162,1999-02-02 00:00:00+00:00,0.3450530171394348,target,3561.697066253908,46.71875629676139,1.9741056693051868,3
ORLY,1,1999-02-03 00:00:00+00:00,1999-02-04 00:00:00+00:00,0.8354169726371765,0.7875000238418579,38666.35124315397,1999-02-05 00:00:00+00:00,0.7875000238418579,stop,-1915.5258512443554,62.75227862434282,-1.0338693726808748,1
RMD,1,1999-01-08 00:00:00+00:00,1999-01-11 00:00:00+00:00,4.391829013824463,3.88728129863739,3690.4145533588853,1999-02-08 00:00:00+00:00,3.88728129863739,stop,-1892.54358017632,30.553349185972852,-1.0164089739448967,19
BIIB,1,1999-01-12 00:00:00+00:00,1999-01-13 00:00:00+00:00,7.46875,6.7708330154418945,2626.4585252597603,1999-02-10 00:00:00+00:00,6.7708330154418945,stop,-1870.449688223272,37.39967420705145,-1.020402975325866,19
INTU,1,1999-01-26 00:00:00+00:00,1999-01-27 00:00:00+00:00,12.733686447143555,11.604230880737305,1619.1276066717453,1999-02-10 00:00:00+00:00,11.604230880737305,stop,-1868.1388819118988,39.406193834466535,-1.0215483619292083,10
URI,1,1999-01-13 00:00:00+00:00,1999-01-14 00:00:00+00:00,31.166561126708984,28.037872314453125,575.4323151761246,1999-02-12 00:00:00+00:00,31.347061157226562,max_hold,67.89319204920031,35.972358400890805,0.03771113565895726,20
MSFT,1,1999-02-08 00:00:00+00:00,1999-02-09 00:00:00+00:00,25.029476165771484,23.502477645874023,1145.0313512710786,1999-02-16 00:00:00+00:00,23.502477645874023,stop,-1804.0317872799008,55.570608652774034,-1.0317825807813517,4
AMZN,1,1999-01-27 00:00:00+00:00,1999-01-28 00:00:00+00:00,3.160938024520874,2.31406307220459,2130.430125888897,1999-02-17 00:00:00+00:00,2.31406307220459,stop,-1815.8720185510733,11.664107275738678,-1.006464946308485,13
COHR,1,1999-02-01 00:00:00+00:00,1999-02-02 00:00:00+00:00,1.21875,1.140625,24099.5068709839,1999-02-17 00:00:00+00:00,1.140625,stop,-1939.6337483193447,56.85977402372764,-1.0302,10
ADI,1,1999-02-16 00:00:00+00:00,1999-02-17 00:00:00+00:00,9.378423690795898,8.732943534851074,2674.3828968044704,1999-02-17 00:00:00+00:00,8.732943534851074,stop,-1774.6978200315355,48.4367307460153,-1.0280587513943575,0
OMC,1,1999-02-10 00:00:00+00:00,1999-02-11 00:00:00+00:00,16.107641220092773,15.335134506225586,2068.5046476663197,1999-02-18 00:00:00+00:00,17.65265464782715,target,3126.0341270660438,69.8333289093824,1.9562977314476464,4
MGM,1,1999-02-17 00:00:00+00:00,1999-02-18 00:00:00+00:00,7.2787184715271,7.16132116317749,4592.447852222897,1999-02-18 00:00:00+00:00,7.513513088226318,target,1010.3494811176522,67.93255205617335,1.8739985458976443,0
CMCSA,1,1999-02-17 00:00:00+00:00,1999-02-18 00:00:00+00:00,6.432428359985352,5.877018451690674,3009.2310663068592,1999-02-22 00:00:00+00:00,7.543248176574707,target,3300.6574611435035,42.05604000647239,1.9748371854231574,2
ROK,1,1999-02-18 00:00:00+00:00,1999-02-19 00:00:00+00:00,9.3867826461792,9.163289070129395,3672.8487117896416,1999-02-22 00:00:00+00:00,9.833769798278809,target,1571.122004490058,70.59418128551283,1.913999530616599,1
LOW,1,1999-01-22 00:00:00+00:00,1999-01-25 00:00:00+00:00,9.185625076293945,8.711803436279297,3863.2142258321624,1999-02-23 00:00:00+00:00,10.144033432006836,max_hold,3627.862182216705,74.67461172974528,1.9819244582741256,20
KLAC,1,1999-02-08 00:00:00+00:00,1999-02-09 00:00:00+00:00,1.5298582315444946,1.338378131389618,9131.294464609648,1999-02-26 00:00:00+00:00,1.338378131389618,stop,-1774.651889451179,26.19071082405237,-1.0149792921594158,12
WMB,1,1999-02-22 00:00:00+00:00,1999-02-23 00:00:00+00:00,9.763446807861328,9.164601266384125,3003.0549885366904,1999-03-02 00:00:00+00:00,9.164601266384125,stop,-1855.2080598886962,56.8419691926251,-1.0316075628242212,5
ORCL,1,1999-02-19 00:00:00+00:00,1999-02-22 00:00:00+00:00,7.270009517669678,6.5504536628723145,2432.866242530971,1999-03-03 00:00:00+00:00,6.5504536628723145,stop,-1784.2064870801048,33.62333832808282,-1.019206935901361,7
SCHW,1,1999-02-16 00:00:00+00:00,1999-02-17 00:00:00+00:00,15.653108596801758,14.503012657165527,1500.9713796846618,1999-03-04 00:00:00+00:00,17.95330047607422,target,3402.0799203786787,50.44225819236179,1.970779473333759,11
CPRT,1,1999-02-23 00:00:00+00:00,1999-02-24 00:00:00+00:00,0.35677099227905273,0.33081544004380703,70201.18096488163,1999-03-15 00:00:00+00:00,0.40868209674954414,target,3590.485128196819,53.73571082302418,1.9705090809823278,13
CIEN,1,1999-03-11 00:00:00+00:00,1999-03-12 00:00:00+00:00,98.4375,85.17387104034424,135.72148821605722,1999-03-15 00:00:00+00:00,85.17387104034424,stop,-1825.0794700810611,24.920008530986195,-1.0138432228162322,1
PH,1,1999-03-15 00:00:00+00:00,1999-03-16 00:00:00+00:00,15.687732696533203,15.446793556213379,2330.3947259716156,1999-03-17 00:00:00+00:00,16.16961097717285,target,1048.726418082237,74.24018568066981,1.8677784620986926,1
BBY,1,1999-02-22 00:00:00+00:00,1999-02-23 00:00:00+00:00,10.858145713806152,9.795938491821289,1693.0463787805975,1999-03-18 00:00:00+00:00,12.982560157775879,target,3556.368760648687,40.363420743455286,1.977555503880841,17
TECH,1,1999-02-18 00:00:00+00:00,1999-02-19 00:00:00+00:00,2.59074068069458,2.3709009140729904,7841.21842005332,1999-03-19 00:00:00+00:00,2.759986400604248,max_hold,1285.1364367203148,41.95621975055851,0.7455202275140771,20
JBHT,1,1999-02-23 00:00:00+00:00,1999-02-24 00:00:00+00:00,4.652928352355957,4.347200095653534,5959.901904924184,1999-03-19 00:00:00+00:00,4.347200095653534,stop,-1875.7503021917755,53.63988268185411,-1.0294383271768355,17
LOW,1,1999-03-18 00:00:00+00:00,1999-03-19 00:00:00+00:00,11.18858814239502,10.506792068481445,2708.403915967536,1999-03-23 00:00:00+00:00,10.506792068481445,stop,-1905.3390092003583,58.7598527215424,-1.031820922767042,2
AFL,1,1999-03-02 00:00:00+00:00,1999-03-03 00:00:00+00:00,7.019886493682861,6.648744344711304,4777.652840493492,1999-03-31 00:00:00+00:00,7.512829303741455,max_hold,2285.677345767635,69.43227090964892,1.2890211892851657,20
RTX,1,1999-03-04 00:00:00+00:00,1999-03-05 00:00:00+00:00,11.417133331298828,10.875508725643158,3091.9752290313536,1999-04-05 00:00:00+00:00,12.02477741241455,max_hold,1806.3386395366072,72.48180734072571,1.0786108390788418,20
HON,1,1999-03-19 00:00:00+00:00,1999-03-22 00:00:00+00:00,23.569520950317383,22.237390875816345,1376.0781195208494,1999-04-05 00:00:00+00:00,26.238374710083008,target,3604.0117076167758,68.53955539765445,1.9660586561610465,9
UNH,1,1999-03-31 00:00:00+00:00,1999-04-01 00:00:00+00:00,4.9782891273498535,4.9121832847595215,7574.233424775435,1999-04-06 00:00:00+00:00,4.9121832847595215,stop,-575.6138292512546,74.91274673061815,-1.1496157075464895,2
CPRT,1,1999-03-23 00:00:00+00:00,1999-03-24 00:00:00+00:00,0.3997400104999542,0.35990050062537193,45409.2782568381,1999-04-14 00:00:00+00:00,0.48958298563957214,target,4039.3211421451933,40.38351539190471,2.232799861833417,14
AVY,1,1999-03-24 00:00:00+00:00,1999-03-25 00:00:00+00:00,28.769115447998047,27.10595154762268,1098.866720269047,1999-04-15 00:00:00+00:00,32.09544324874878,target,3588.3088829549924,66.88203799571708,1.963404353183105,14
TJX,1,1999-03-17 00:00:00+00:00,1999-03-18 00:00:00+00:00,3.042553663253784,2.815497875213623,8108.988188766606,1999-04-16 00:00:00+00:00,2.9857897758483887,max_hold,-509.1814582643379,48.883765745508185,-0.27654979151375403,20
APD,1,1999-04-14 00:00:00+00:00,1999-04-15 00:00:00+00:00,18.275060653686523,17.000171661376953,1508.4055067668887,1999-04-16 00:00:00+00:00,20.824838638305664,target,3787.120649626419,58.97850340607179,1.9693307421055073,1
AMZN,1,1999-04-16 00:00:00+00:00,1999-04-19 00:00:00+00:00,4.724999904632568,4.036120653152466,2866.5594720611093,1999-04-19 00:00:00+00:00,4.036120653152466,stop,-1999.827616557443,25.114273120788,-1.0127179335695786,0
EXPD,1,1999-04-15 00:00:00+00:00,1999-04-16 00:00:00+00:00,5.328986167907715,4.93165135383606,4932.290733295968,1999-04-21 00:00:00+00:00,6.123655796051025,target,3863.053883092413,56.48775983059023,1.9711763440847312,3
SBUX,1,1999-04-21 00:00:00+00:00,1999-04-22 00:00:00+00:00,2.8652021884918213,2.6932907104492188,11770.687170024235,1999-04-26 00:00:00+00:00,3.2090251445770264,target,3975.5346282147657,71.49782973716401,1.9646665399993621,2
AON,1,1999-04-05 00:00:00+00:00,1999-04-06 00:00:00+00:00,29.22465705871582,27.950403213500977,1301.141242635309,1999-05-04 00:00:00+00:00,30.719778060913086,max_hold,1867.3674218884732,77.99617680062562,1.126287805579006,20
NKE,1,1999-04-05 00:00:00+00:00,1999-04-06 00:00:00+00:00,5.26501989364624,4.932433128356934,5716.614515296657,1999-05-04 00:00:00+00:00,5.6821608543396,max_hold,2322.0532584589387,62.580812365511974,1.2213167279583073,20
OMC,1,1999-04-26 00:00:00+00:00,1999-04-27 00:00:00+00:00,20.442699432373047,18.841893911361694,1292.0820048305836,1999-05-05 00:00:00+00:00,18.841893911361694,stop,-2119.130923058742,50.75891612652699,-1.0245405159015915,6
WELL,1,1999-05-04 00:00:00+00:00,1999-05-05 00:00:00+00:00,4.970559597015381,4.852527618408203,8323.199635041401,1999-05-05 00:00:00+00:00,4.852527618408203,stop,-1064.1632371928695,81.75951592639342,-1.0832239477075598,0
HIG,1,1999-04-07 00:00:00+00:00,1999-04-08 00:00:00+00:00,32.67366409301758,31.166170120239258,1143.582111000796,1999-05-06 00:00:00+00:00,33.58515930175781,max_hold,966.5972098480422,75.77240513022618,0.5606897278585355,20
WMB,1,1999-05-05 00:00:00+00:00,1999-05-06 00:00:00+00:00,12.75578784942627,12.292871475219727,3209.5622558126042,1999-05-07 00:00:00+00:00,13.681620597839355,target,2886.6653362080424,84.85250829384506,1.9428894506214425,1
FITB,1,1999-05-05 00:00:00+00:00,1999-05-06 00:00:00+00:00,21.708404541015625,21.420103073120117,1885.9283346834197,1999-05-07 00:00:00+00:00,22.28500747680664,target,1004.4633922061079,82.9684222638131,1.8474048282204125,1
COHR,1,1999-05-07 00:00:00+00:00,1999-05-10 00:00:00+00:00,1.125,1.0912507846951485,36890.42999509833,1999-05-13 00:00:00+00:00,1.0912507846951485,stop,-1326.781509017505,81.75844442437813,-1.065668216717814,3
EXC,1,1999-04-16 00:00:00+00:00,1999-04-19 00:00:00+00:00,6.184403419494629,5.9252913892269135,6386.107792424779,1999-05-17 00:00:00+00:00,6.20930814743042,max_hold,79.8966991243689,79.14757801460519,0.04828419720975339,20
DOC,1,1999-05-07 00:00:00+00:00,1999-05-10 00:00:00+00:00,2.6223180294036865,2.563568353652954,15826.354118429752,1999-05-17 00:00:00+00:00,2.563568353652954,stop,-1011.8668470902139,82.07367431619724,-1.0882708936992218,5
ECL,1,1999-05-13 00:00:00+00:00,1999-05-14 00:00:00+00:00,15.170215606689453,14.76386833190918,2768.1633161700465,1999-05-18 00:00:00+00:00,14.76386833190918,stop,-1207.6980527344065,82.86243306198372,-1.0736662598630322,2
BSX,1,1999-04-20 00:00:00+00:00,1999-04-21 00:00:00+00:00,20.6875,18.439593076705933,879.4652299471024,1999-05-19 00:00:00+00:00,21.0,max_hold,238.17017758504971,36.66270677341983,0.12047318204934983,20
HST,1,1999-05-17 00:00:00+00:00,1999-05-18 00:00:00+00:00,4.7523698806762695,4.637021064758301,8568.254578119466,1999-05-19 00:00:00+00:00,4.637021064758301,stop,-1068.7887120237683,80.4506919539732,-1.0813999768503206,1
RVTY,1,1999-05-19 00:00:00+00:00,1999-05-20 00:00:00+00:00,12.397151947021484,11.886677742004395,3303.2183272867424,1999-05-21 00:00:00+00:00,11.886677742004395,stop,-1766.4225409050814,80.21479128550021,-1.0475711200494704,1
TROW,1,1999-05-06 00:00:00+00:00,1999-05-07 00:00:00+00:00,9.231026649475098,8.64493465423584,3505.6434260768438,1999-05-24 00:00:00+00:00,8.64493465423584,stop,-2117.2962964159233,62.66674622915829,-1.0305002652295456,11
RL,1,1999-05-04 00:00:00+00:00,1999-05-05 00:00:00+00:00,17.751602172851562,16.296793699264526,1421.869633527223,1999-05-25 00:00:00+00:00,16.296793699264526,stop,-2116.9603713523734,48.412380160875514,-1.0234040401126927,14
KMB,1,1999-05-18 00:00:00+00:00,1999-05-19 00:00:00+00:00,23.93365478515625,22.867778778076172,1701.7225535502873,1999-05-27 00:00:00+00:00,22.867778778076172,stop,-1893.4682955693327,79.643055033038,-1.0439088911396393,6
LH,1,1999-05-21 00:00:00+00:00,1999-05-24 00:00:00+00:00,4.964252948760986,4.709676742553711,7885.369514658609,1999-06-04 00:00:00+00:00,5.473405361175537,target,3932.5501185269895,82.30479264159656,1.9589998670125588,8
BEN,1,1999-05-28 00:00:00+00:00,1999-06-01 00:00:00+00:00,6.867257118225098,6.332025468349457,3670.87918596083,1999-06-04 00:00:00+00:00,6.332025468349457,stop,-2013.2236949126363,48.452971716671755,-1.0246608783124864,3
ADI,1,1999-05-27 00:00:00+00:00,1999-05-28 00:00:00+00:00,11.694550514221191,10.707347869873047,1984.181156788819,1999-06-15 00:00:00+00:00,13.66895580291748,target,3867.251978390804,50.325791304560724,1.9743077001846097,11
MKC,1,1999-05-17 00:00:00+00:00,1999-05-18 00:00:00+00:00,4.350684642791748,4.164608001708984,9359.334985238693,1999-06-16 00:00:00+00:00,4.2797980308532715,max_hold,-744.2271255277647,80.7755784269422,-0.4273351783943356,20
ARE,1,1999-06-16 00:00:00+00:00,1999-06-17 00:00:00+00:00,11.58903980255127,11.317946434020996,3537.995219549649,1999-06-18 00:00:00+00:00,11.317946434020996,stop,-1040.171849711001,81.04480779928228,-1.0844985119361716,1
BKR,1,1999-05-21 00:00:00+00:00,1999-05-24 00:00:00+00:00,13.719983100891113,12.540061950683594,1701.3233937125674,1999-06-22 00:00:00+00:00,14.049260139465332,max_hold,512.9622655882008,47.244463150513,0.2555321559248552,20
PSA,1,1999-05-25 00:00:00+00:00,1999-05-26 00:00:00+00:00,9.864259719848633,9.521149635314941,4024.6617093929467,1999-06-24 00:00:00+00:00,9.76679801940918,max_hold,-471.2587402890657,79.00836639807298,-0.3412687748244051,20
LHX,1,1999-06-04 00:00:00+00:00,1999-06-07 00:00:00+00:00,9.538470268249512,9.24329948425293,4213.787292186383,1999-06-24 00:00:00+00:00,9.24329948425293,stop,-1322.9292813373545,79.14238270786538,-1.0636301787670148,13
LH,1,1999-06-24 00:00:00+00:00,1999-06-25 00:00:00+00:00,5.473408222198486,5.346118450164795,7326.954203119184,1999-06-28 00:00:00+00:00,5.727987766265869,target,1783.2205450141948,82.07211541848127,1.912000816644565,1
ARE,1,1999-06-24 00:00:00+00:00,1999-06-25 00:00:00+00:00,11.58903980255127,11.222076326608658,3460.4602333142157,1999-07-01 00:00:00+00:00,11.222076326608658,stop,-1348.799475820636,78.93696024247043,-1.0621618161604924,4
HON,1,1999-06-07 00:00:00+00:00,1999-06-08 00:00:00+00:00,32.406803131103516,30.09578824043274,879.8565561559104,1999-07-07 00:00:00+00:00,31.82639503479004,max_hold,-567.1918693165068,56.51600052912325,-0.27894294280910575,20
SWKS,1,1999-06-16 00:00:00+00:00,1999-06-17 00:00:00+00:00,15.676243782043457,14.086609840393066,1289.666958734786,1999-07-07 00:00:00+00:00,18.85551166534424,target,4055.6622780320936,44.53446402760587,1.978276913607207,13
AJG,1,1999-06-28 00:00:00+00:00,1999-06-29 00:00:00+00:00,5.670709609985352,5.56134307384491,7184.563234038157,1999-07-09 00:00:00+00:00,5.889442682266235,target,1488.4469440386558,83.05464513879268,1.894298999490971,7
SRE,1,1999-07-09 00:00:00+00:00,1999-07-12 00:00:00+00:00,4.4717888832092285,4.338482856750488,9313.89866756848,1999-07-14 00:00:00+00:00,4.338482856750488,stop,-1323.656800432636,82.05797821972703,-1.066090573502216,2
GEN,1,1999-07-01 00:00:00+00:00,1999-07-02 00:00:00+00:00,1.1959503889083862,1.1282026767730713,30412.271622066764,1999-07-16 00:00:00+00:00,1.3314458131790161,target,4043.8597866711116,76.86385979446203,1.9626939992152157,9
CMI,1,1999-07-08 00:00:00+00:00,1999-07-09 00:00:00+00:00,7.633587837219238,7.280107498168945,5406.799199473876,1999-07-19 00:00:00+00:00,8.517300605773926,target,4690.73287888196,87.3246107043673,2.454342672756852,6
TMO,1,1999-06-18 00:00:00+00:00,1999-06-21 00:00:00+00:00,15.436854362487793,14.751735985279083,2655.938856067278,1999-07-20 00:00:00+00:00,15.436858177185059,max_hold,-81.98856116247677,81.99869276516868,-0.045057757709224655,20
TJX,1,1999-07-14 00:00:00+00:00,1999-07-15 00:00:00+00:00,3.114304780960083,2.9665465354919434,13395.722664089566,1999-07-20 00:00:00+00:00,2.9665465354919434,stop,-2060.785875420423,81.45739779675529,-1.0411540574076674,3
WRB,1,1999-07-19 00:00:00+00:00,1999-07-20 00:00:00+00:00,0.9678486585617065,0.9351193308830261,44466.50887822993,1999-07-23 00:00:00+00:00,0.9351193308830261,stop,-1539.977282800171,84.61834299763157,-1.0581425933379105,3
SRE,1,1999-07-21 00:00:00+00:00,1999-07-22 00:00:00+00:00,4.459671497344971,4.38695764541626,9492.361290275217,1999-07-23 00:00:00+00:00,4.38695764541626,stop,-774.201553339067,83.97540002416733,-1.1216636020250244,1
ROST,1,1999-07-21 00:00:00+00:00,1999-07-22 00:00:00+00:00,2.4820828437805176,2.4154083728790283,17055.35864558938,1999-07-26 00:00:00+00:00,2.412379026412964,stop_gap,-1272.3004067436023,83.47680257331194,-1.1188432128387682,2
AAPL,1,1999-07-23 00:00:00+00:00,1999-07-26 00:00:00+00:00,0.3953678011894226,0.3822823166847229,104518.22958599073,1999-07-26 00:00:00+00:00,0.3822823166847229,stop,-1448.9502872636708,81.2786135575427,-1.0594284542994834,0
SRE,1,1999-07-26 00:00:00+00:00,1999-07-27 00:00:00+00:00,4.435432434082031,4.374839782714844,9242.90545430468,1999-07-27 00:00:00+00:00,4.374839782714844,stop,-641.4846609391001,81.43251312654083,-1.1454016620498615,0
MU,1,1999-07-21 00:00:00+00:00,1999-07-22 00:00:00+00:00,25.566879272460938,23.52518653869629,1036.7087169547847,1999-07-28 00:00:00+00:00,29.650264739990234,target,4176.037214351056,57.24409452305582,1.9729552135346846,4
AMAT,1,1999-06-29 00:00:00+00:00,1999-06-30 00:00:00+00:00,12.439997673034668,11.43623161315918,2036.5156397108537,1999-07-29 00:00:00+00:00,13.26331615447998,max_hold,1624.3557633242394,52.34520060212982,0.7946225714353579,20
CAH,1,1999-07-23 00:00:00+00:00,1999-07-26 00:00:00+00:00,19.864303588867188,19.36021614074707,2080.2713989320864,1999-07-29 00:00:00+00:00,19.36021614074707,stop,-1130.2363474153055,81.59764653036387,-1.0778129268560315,3
HSY,1,1999-07-26 00:00:00+00:00,1999-07-27 00:00:00+00:00,15.766261100769043,15.219169616699219,2600.2539457612424,1999-07-29 00:00:00+00:00,15.219169616699219,stop,-1503.1467786291428,80.56998848420845,-1.056636653319783,2
LRCX,1,1999-07-28 00:00:00+00:00,1999-07-29 00:00:00+00:00,1.3453971147537231,1.237694501876831,19500.96459169855,1999-07-30 00:00:00+00:00,1.5608023405075073,target,4143.935987617915,56.67369267346287,1.973016444284568,1
PCAR,1,1999-07-30 00:00:00+00:00,1999-08-02 00:00:00+00:00,2.9196159839630127,2.848720073699951,14351.832142931526,1999-08-02 00:00:00+00:00,2.848720073699951,stop,-1100.2723945593937,82.78619084359823,-1.0813634529306326,0
DLTR,1,1999-07-27 00:00:00+00:00,1999-07-28 00:00:00+00:00,9.88888931274414,9.194443702697754,3013.8222079781085,1999-08-03 00:00:00+00:00,9.194443702697754,stop,-2150.449374634886,57.51377284418062,-1.0274799534180468,4
CIEN,1,1999-07-29 00:00:00+00:00,1999-07-30 00:00:00+00:00,124.03125,110.6875,152.84186718421745,1999-08-03 00:00:00+00:00,110.6875,stop,-2075.3585172525472,35.87485201314554,-1.0175901639344263,2
TECH,1,1999-07-30 00:00:00+00:00,1999-08-02 00:00:00+00:00,3.0984737873077393,2.8836653232574463,9753.302484823542,1999-08-03 00:00:00+00:00,2.8836653232574463,stop,-2153.437538434486,58.345612251635515,-1.027848712279627,1
GEN,1,1999-07-29 00:00:00+00:00,1999-07-30 00:00:00+00:00,1.3079413175582886,1.2554020881652832,31186.164667491084,1999-08-04 00:00:00+00:00,1.2554020881652832,stop,-1718.4379089035758,79.94084955022271,-1.048789132146366,3
AJG,1,1999-08-03 00:00:00+00:00,1999-08-04 00:00:00+00:00,6.030524730682373,5.929774761199951,6755.901149862794,1999-08-10 00:00:00+00:00,5.929774761199951,stop,-761.4594357648465,80.80260108991118,-1.1187126860020447,4
HPQ,1,1999-08-03 00:00:00+00:00,1999-08-04 00:00:00+00:00,10.48042106628418,10.039712905883789,3887.4038270618794,1999-08-12 00:00:00+00:00,10.039712905883789,stop,-1792.9806366931075,79.77004733522824,-1.0465617290896658,6
REGN,1,1999-07-21 00:00:00+00:00,1999-07-22 00:00:00+00:00,8.451495170593262,7.828529596328735,3397.684786893663,1999-08-16 00:00:00+00:00,9.697426319122314,target,4171.616994429977,61.66431444413408,1.9708668949947319,17
LRCX,1,1999-07-30 00:00:00+00:00,1999-08-02 00:00:00+00:00,1.543145775794983,1.3896345049142838,13647.80523386485,1999-08-20 00:00:00+00:00,1.3896345049142838,stop,-2135.1179402476905,40.02601406483956,-1.0191046576833338,14
NVR,1,1999-08-04 00:00:00+00:00,1999-08-05 00:00:00+00:00,55.0625,53.30452084541321,737.8691305888882,1999-09-02 00:00:00+00:00,57.375,max_hold,1623.3582041162158,82.96416037058813,1.2514724615816726,20
ETN,1,1999-08-11 00:00:00+00:00,1999-08-12 00:00:00+00:00,9.191084861755371,8.898001670837402,4486.129854300435,1999-09-02 00:00:00+00:00,8.898001670837402,stop,-1395.959243701622,81.14999113088837,-1.0617199726669269,15
MU,1,1999-08-19 00:00:00+00:00,1999-08-20 00:00:00+00:00,30.71681785583496,26.84674644470215,524.2781003936402,1999-09-03 00:00:00+00:00,38.456960678100586,target,4021.721078426069,36.266297206822095,1.9821259684420947,10
LRCX,1,1999-08-23 00:00:00+00:00,1999-08-24 00:00:00+00:00,1.5184271335601807,1.3683494329452515,13628.38821222602,1999-09-07 00:00:00+00:00,1.818582534790039,target,4045.156268728745,45.47806322822839,1.9777647868092518,9
TECH,1,1999-08-09 00:00:00+00:00,1999-08-10 00:00:00+00:00,2.994323968887329,2.732381045818329,7763.898408630657,1999-09-08 00:00:00+00:00,3.27422833442688,max_hold,2124.480654929173,48.668403252119234,1.0446390764455058,20
BIIB,1,1999-09-03 00:00:00+00:00,1999-09-07 00:00:00+00:00,22.333332061767578,20.19613528251648,994.8405368281533,1999-09-09 00:00:00+00:00,20.19613528251648,stop,-2168.480029301366,42.31003812380297,-1.0198996497454889,2
ATO,1,1999-09-08 00:00:00+00:00,1999-09-09 00:00:00+00:00,9.460000991821289,9.320195198059082,4523.503183585788,1999-09-10 00:00:00+00:00,9.320195198059082,stop,-717.3642304203711,84.95227725328954,-1.1343306002169211,1
AJG,1,1999-08-13 00:00:00+00:00,1999-08-16 00:00:00+00:00,6.116878032684326,5.9078946858644485,6761.980143745013,1999-09-14 00:00:00+00:00,6.131270885467529,max_hold,14.502444949689874,82.8217397821748,0.010262558704736347,20
MGM,1,1999-09-08 00:00:00+00:00,1999-09-09 00:00:00+00:00,11.725193977355957,11.270275115966797,3649.6065383540918,1999-09-16 00:00:00+00:00,11.270275115966797,stop,-1744.199265301988,83.92441435551015,-1.0505485066569955,5
ATO,1,1999-09-13 00:00:00+00:00,1999-09-14 00:00:00+00:00,9.320195198059082,9.180397033691406,4509.6673895967815,1999-09-17 00:00:00+00:00,9.180391311645508,stop_gap,-713.9005191694172,83.43149167122893,-1.1323787664831604,3
COHR,1,1999-08-27 00:00:00+00:00,1999-08-30 00:00:00+00:00,1.671875,1.5,11008.227647183323,1999-09-20 00:00:00+00:00,1.5,stop,-1926.9558489280432,34.916722068409605,-1.0184545454545455,14
PG,1,1999-09-17 00:00:00+00:00,1999-09-20 00:00:00+00:00,24.73660659790039,24.10666275024414,1663.4622195826162,1999-09-22 00:00:00+00:00,24.10666275024414,stop,-1129.1367242762153,81.24893324153606,-1.0775359097955626,2
INTC,1,1999-09-17 00:00:00+00:00,1999-09-20 00:00:00+00:00,24.04453468322754,22.820112228393555,1680.3191722690417,1999-09-23 00:00:00+00:00,22.820112228393555,stop,-2136.168090521485,78.74756470721606,-1.0382748999143236,3
MMM,1,1999-09-02 00:00:00+00:00,1999-09-03 00:00:00+00:00,19.446561813354492,18.868684768676758,2157.6928606158176,1999-09-24 00:00:00+00:00,18.868684768676758,stop,-1329.5537076176988,82.67253400278344,-1.0663034583825677,14
LRCX,1,1999-09-14 00:00:00+00:00,1999-09-15 00:00:00+00:00,1.8574246168136597,1.65632002055645,10427.066932704609,1999-09-24 00:00:00+00:00,1.65632002055645,stop,-2133.569136166753,36.63805051829002,-1.0174722244183623,7
MU,1,1999-09-20 00:00:00+00:00,1999-09-21 00:00:00+00:00,38.57886505126953,35.348724365234375,636.942641797453,1999-09-29 00:00:00+00:00,35.348724365234375,stop,-2104.501976045335,47.087634104665426,-1.0228868017223258,6
GEN,1,1999-09-27 00:00:00+00:00,1999-09-28 00:00:00+00:00,1.487679362297058,1.3881322145462036,19858.887608301353,1999-10-04 00:00:00+00:00,1.686773657798767,target,3890.7501320784604,63.04110574391579,1.9681110600171003,4
OXY,1,1999-09-22 00:00:00+00:00,1999-09-23 00:00:00+00:00,5.269712924957275,5.01195764541626,7746.149278885521,1999-10-08 00:00:00+00:00,5.01195764541626,stop,-2076.2542278200117,79.64335507443744,-1.0398892724474242,11
ADI,1,1999-10-04 00:00:00+00:00,1999-10-05 00:00:00+00:00,16.991273880004883,15.434523582458496,1300.2799532661522,1999-10-13 00:00:00+00:00,15.434523582458496,stop,-2066.3738185497937,42.162614409109594,-1.0208291577098587,6
NTAP,1,1999-10-04 00:00:00+00:00,1999-10-05 00:00:00+00:00,14.031400680541992,12.793690204620361,1635.448066021583,1999-10-14 00:00:00+00:00,12.793690204620361,stop,-2068.0822471496763,43.87104300899197,-1.0216731549154803,7
ORCL,1,1999-09-17 00:00:00+00:00,1999-09-20 00:00:00+00:00,8.68431282043457,7.915131568908691,2674.818869717403,1999-10-18 00:00:00+00:00,8.907629013061523,max_hold,550.2751079808143,47.055257971206316,0.26745874315754237,20
VRTX,1,1999-09-27 00:00:00+00:00,1999-09-28 00:00:00+00:00,15.875,14.8125,1860.6076413281771,1999-10-18 00:00:00+00:00,14.8125,stop,-2033.9930159044466,57.097396993258435,-1.0288823529411764,14
NEM,1,1999-10-13 00:00:00+00:00,1999-10-14 00:00:00+00:00,17.630109786987305,16.123611450195312,1315.1868376047255,1999-10-19 00:00:00+00:00,16.123611450195312,stop,-2025.7192333135604,44.392449891321675,-1.0224054155340518,3
TECH,1,1999-10-18 00:00:00+00:00,1999-10-19 00:00:00+00:00,3.449981689453125,3.2872467041015625,11049.27279088728,1999-10-20 00:00:00+00:00,3.77545166015625,target,3516.370707428711,79.83578411220842,1.9556,1
CTSH,1,1999-10-18 00:00:00+00:00,1999-10-19 00:00:00+00:00,0.661025881767273,0.5897327437996864,26734.542690255083,1999-10-20 00:00:00+00:00,0.803612157702446,target,3772.8224528414,39.15642819197471,1.9794561148348442,1
STZ,1,1999-10-08 00:00:00+00:00,1999-10-11 00:00:00+00:00,6.130061626434326,5.8549957275390625,6586.633307330308,1999-10-21 00:00:00+00:00,5.8549957275390625,stop,-1890.69938933224,78.94117795794517,-1.043571585580432,8
ADP,1,1999-09-24 00:00:00+00:00,1999-09-27 00:00:00+00:00,19.226003646850586,18.44355010986328,2049.8926344360702,1999-10-22 00:00:00+00:00,20.790910720825195,target,3125.8611065022965,82.03037801515754,1.9488571365888974,19
QCOM,1,1999-10-20 00:00:00+00:00,1999-10-21 00:00:00+00:00,15.171685218811035,14.409297943115234,2617.0368982665163,1999-10-22 00:00:00+00:00,16.79178237915039,target,4156.204473284487,83.64957410041126,2.08310624189257,1
DRI,1,1999-10-19 00:00:00+00:00,1999-10-20 00:00:00+00:00,6.298781394958496,5.960994243621826,5699.201160804388,1999-10-25 00:00:00+00:00,5.960994243621826,stop,-1994.9878525533547,69.87092755059832,-1.0362943812103766,3
HRL,1,1999-10-22 00:00:00+00:00,1999-10-25 00:00:00+00:00,3.0743014812469482,3.0278818607330322,13100.385164388432,1999-10-25 00:00:00+00:00,3.0278818607330322,stop,-688.055860040699,79.94095212365275,-1.1314569846634275,0
AMZN,1,1999-10-20 00:00:00+00:00,1999-10-21 00:00:00+00:00,3.8968749046325684,3.5531249046325684,5804.205472770322,1999-10-28 00:00:00+00:00,3.4749999046325684,stop_gap,-2491.437059937494,42.78787611251438,-1.2487181812633168,5
HRL,1,1999-10-28 00:00:00+00:00,1999-10-29 00:00:00+00:00,3.1008026599884033,3.0124621391296387,12761.00254789086,1999-11-01 00:00:00+00:00,3.0124621391296387,stop,-1205.324999438178,78.01138767747683,-1.0692011405376667,1
COHR,1,1999-10-28 00:00:00+00:00,1999-10-29 00:00:00+00:00,1.582031011581421,1.541136708110571,25011.74146078507,1999-11-02 00:00:00+00:00,1.53125,stop_gap,-1347.9901125480778,77.86857975644591,-1.317892420674652,2
MTD,1,1999-10-26 00:00:00+00:00,1999-10-27 00:00:00+00:00,29.5,27.760589361190796,1155.196853470192,1999-11-15 00:00:00+00:00,32.97882127761841,target,3946.5480559415073,72.17533774843128,1.964080465024411,13
CL,1,1999-11-10 00:00:00+00:00,1999-11-11 00:00:00+00:00,16.322555541992188,15.849191665649414,2416.4182142570944,1999-11-18 00:00:00+00:00,15.849191665649414,stop,-1221.5854887030405,77.74039593701998,-1.0679640944640763,5
ERIE,1,1999-10-21 00:00:00+00:00,1999-10-22 00:00:00+00:00,15.354101181030273,14.691771507263184,2627.5572967461994,1999-11-19 00:00:00+00:00,15.414316177368164,max_hold,77.37257346177795,80.84577953939224,0.044459096648970554,20
MTB,1,1999-11-12 00:00:00+00:00,1999-11-15 00:00:00+00:00,24.87491226196289,23.967053413391113,1579.9808542645876,1999-11-22 00:00:00+00:00,23.967053413391113,stop,-1511.568969769809,77.16937065170748,-1.0537990743298817,5
GEN,1,1999-11-16 00:00:00+00:00,1999-11-17 00:00:00+00:00,2.1457982063293457,1.9798862934112549,11935.530481450283,1999-11-22 00:00:00+00:00,1.9798862934112549,stop,-2029.4889269730988,49.2422331035009,-1.024866716483327,3
WSM,1,1999-11-19 00:00:00+00:00,1999-11-22 00:00:00+00:00,8.483819007873535,8.316699028015137,4628.807090136691,1999-11-22 00:00:00+00:00,8.316699028015137,stop,-851.3325046745465,77.76635700249085,-1.1005296796356954,0
NUE,1,1999-11-18 00:00:00+00:00,1999-11-19 00:00:00+00:00,6.493655681610107,6.249355316162109,6042.439106494767,1999-11-23 00:00:00+00:00,6.249355316162109,stop,-1553.168949901378,76.99886798743174,-1.0521612441078592,2
PAYX,1,1999-11-22 00:00:00+00:00,1999-11-23 00:00:00+00:00,12.954647064208984,11.970011711120605,1962.8197030536012,1999-11-29 00:00:00+00:00,11.970011711120605,stop,-1981.5842827011145,48.922611336104765,-1.0253135931968638,3
FDS,1,1999-11-22 00:00:00+00:00,1999-11-23 00:00:00+00:00,16.628511428833008,15.497272610664368,1708.447093862807,1999-11-29 00:00:00+00:00,15.497272610664368,stop,-1987.5468737453527,54.885202380343436,-1.028398763836186,3
MAA,1,1999-11-01 00:00:00+00:00,1999-11-02 00:00:00+00:00,5.864268779754639,5.733949661254883,6669.911937256904,1999-12-01 00:00:00+00:00,5.799107551574707,max_hold,-512.4133467047002,77.79369302105323,-0.5895113886256445,20
EXPD,1,1999-11-22 00:00:00+00:00,1999-11-23 00:00:00+00:00,7.660809516906738,7.325648784637451,5045.58080213271,1999-12-01 00:00:00+00:00,8.331130981445312,target,3301.4724847659786,80.68862796733372,1.9522857573735601,5
CMCSA,1,1999-11-29 00:00:00+00:00,1999-11-30 00:00:00+00:00,8.631064414978027,8.191761016845703,4303.245826814194,1999-12-01 00:00:00+00:00,8.191761016845703,stop,-1962.8232680529375,72.39275333471915,-1.038294321198846,1
PTC,1,1999-12-01 00:00:00+00:00,1999-12-02 00:00:00+00:00,61.25,54.375,275.0170828250363,1999-12-03 00:00:00+00:00,75.0,target,3744.013811309338,37.471077534911196,1.980181818181818,1
IDXX,1,1999-11-24 00:00:00+00:00,1999-11-26 00:00:00+00:00,4.4375,4.1875,7207.674534888951,1999-12-06 00:00:00+00:00,4.1875,stop,-1864.0848265856548,62.16619286341721,-1.0345,6
KLAC,1,1999-12-01 00:00:00+00:00,1999-12-02 00:00:00+00:00,2.3750486373901367,2.185045003890991,9951.085721898196,1999-12-06 00:00:00+00:00,2.7550559043884277,target,3730.4347787867114,51.050110057537765,1.972999966120113,2
SPG,1,1999-12-01 00:00:00+00:00,1999-12-02 00:00:00+00:00,6.350476264953613,6.166159629821777,5954.647700540411,1999-12-09 00:00:00+00:00,6.166159629821777,stop,-1172.0727847084588,74.53215714932585,-1.067908335489212,5
C,1,1999-12-03 00:00:00+00:00,1999-12-06 00:00:00+00:00,219.88299560546875,206.07934474945068,142.99402147941427,1999-12-16 00:00:00+00:00,206.07934474945068,stop,-2034.7496150459156,60.91006804613292,-1.0308586724481814,8
GWW,1,1999-12-13 00:00:00+00:00,1999-12-14 00:00:00+00:00,32.18526840209961,30.036874771118164,898.4577143223642,1999-12-16 00:00:00+00:00,30.036874771118164,stop,-1986.1447956919621,55.903964535648136,-1.0289621707474497,2
PG,1,1999-12-01 00:00:00+00:00,1999-12-02 00:00:00+00:00,27.684383392333984,26.63618278503418,1365.9270771012987,1999-12-17 00:00:00+00:00,26.63618278503418,stop,-1505.9635239299687,74.19793218514016,-1.0518226814591336,11
WSM,1,1999-11-24 00:00:00+00:00,1999-11-26 00:00:00+00:00,8.641108512878418,8.06110668182373,3292.011304380887,1999-12-20 00:00:00+00:00,8.06110668182373,stop,-1964.3564656228061,54.98388122916169,-1.0287968318381522,16
TRMB,1,1999-12-10 00:00:00+00:00,1999-12-13 00:00:00+00:00,3.09375,2.791084885597229,6449.03186832802,1999-12-22 00:00:00+00:00,3.699080228805542,target,3859.9867578075236,43.80717862170886,1.9775566132152054,7
NDSN,1,1999-12-16 00:00:00+00:00,1999-12-17 00:00:00+00:00,8.41815185546875,8.283945187926292,4491.766332241154,1999-12-22 00:00:00+00:00,8.283945187926292,stop,-677.8469080068389,75.02191717734637,-1.1244505757369407,3
UHS,1,1999-12-07 00:00:00+00:00,1999-12-08 00:00:00+00:00,7.475285053253174,7.183498859405518,5250.834041493112,1999-12-27 00:00:00+00:00,8.058857440948486,target,2982.674554772004,81.5672042139588,1.9467619002483982,12
AAPL,1,1999-12-23 00:00:00+00:00,1999-12-27 00:00:00+00:00,0.7804548144340515,0.7225044965744019,33301.87081690783,1999-12-28 00:00:00+00:00,0.7225044965744019,stop,-1979.905355979072,50.05135681827231,-1.025935307458511,1
TER,1,1999-12-16 00:00:00+00:00,1999-12-17 00:00:00+00:00,46.19973373413086,40.3415961265564,322.7337220211184,1999-12-31 00:00:00+00:00,57.916008949279785,target,3747.6354472515827,33.601661157210145,1.982227159951178,9
PTC,1,1999-12-29 00:00:00+00:00,1999-12-30 00:00:00+00:00,73.28125,63.984375,209.10821739135548,2000-01-03 00:00:00+00:00,63.984375,stop,-1972.7563287131184,28.70337015286028,-1.014764705882353,2
TRMB,1,1999-12-30 00:00:00+00:00,1999-12-31 00:00:00+00:00,3.4375,3.0208330154418945,4607.764961965806,2000-01-03 00:00:00+00:00,4.270833969116211,target,3804.288873331547,35.51819117802449,1.9815000125884914,1
MS,1,1999-12-17 00:00:00+00:00,1999-12-20 00:00:00+00:00,31.55245018005371,29.786230087280273,1059.7600550454647,2000-01-04 00:00:00+00:00,29.786230087280273,stop,-1936.77378591651,65.00428317652603,-1.0347287863603771,10
GEN,1,1999-12-20 00:00:00+00:00,1999-12-21 00:00:00+00:00,2.70989990234375,2.3227715492248535,4823.062049976663,2000-01-05 00:00:00+00:00,2.3227715492248535,stop,-1891.416955085776,24.272886688061497,-1.013000007390373,10
DLTR,1,2000-01-03 00:00:00+00:00,2000-01-04 00:00:00+00:00,10.63888931274414,10.402777671813965,3662.8763703076197,2000-01-06 00:00:00+00:00,11.111112594604492,target,1650.0279325948236,79.66756804057297,1.9078825515689817,2
COHR,1,2000-01-05 00:00:00+00:00,2000-01-06 00:00:00+00:00,2.578125,2.326367735862732,7593.069889073287,2000-01-06 00:00:00+00:00,3.081639528274536,target,3780.246015733434,42.97498761888646,1.9775189623716731,0
AMD,1,1999-12-20 00:00:00+00:00,1999-12-21 00:00:00+00:00,14.75,13.25,1244.762712265143,2000-01-10 00:00:00+00:00,17.75,target,3693.8333486468114,40.45478814861714,1.9783333333333333,13
NUE,1,1999-12-28 00:00:00+00:00,1999-12-29 00:00:00+00:00,7.053798198699951,6.722198963165283,5458.844437199699,2000-01-10 00:00:00+00:00,6.722198963165283,stop,-1885.349667752022,75.20102547392688,-1.0415441161667727,8
BIIB,1,2000-01-05 00:00:00+00:00,2000-01-06 00:00:00+00:00,30.166667938232422,25.704020023345947,428.35790278220725,2000-01-10 00:00:00+00:00,39.09196376800537,target,3793.5535211250713,29.667482227249305,1.9844803728577365,2
VTRS,1,1999-12-22 00:00:00+00:00,1999-12-23 00:00:00+00:00,8.014616012573242,7.30248087644577,2701.866191099625,2000-01-14 00:00:00+00:00,9.438886284828186,target,3801.030667820263,47.157027773628556,1.9754913057761592,15
JKHY,1,2000-01-10 00:00:00+00:00,2000-01-11 00:00:00+00:00,9.143177032470703,8.801164627075195,4502.082733428326,2000-01-18 00:00:00+00:00,9.827201843261719,target,2994.1300747157807,85.4062151830284,1.9445330678757256,4
TER,1,2000-01-10 00:00:00+00:00,2000-01-11 00:00:00+00:00,56.83027267456055,50.451961517333984,322.6821209555381,2000-01-19 00:00:00+00:00,69.75929260253906,target,4131.115382822071,40.84818941445404,2.007181845965039,5
RMD,1,1999-12-31 00:00:00+00:00,2000-01-03 00:00:00+00:00,4.353189945220947,4.063554584980011,6756.712377688819,2000-01-20 00:00:00+00:00,4.93246066570282,target,3851.225176694866,62.74047041772236,1.9679402038369922,12
CMI,1,2000-01-06 00:00:00+00:00,2000-01-07 00:00:00+00:00,6.496635913848877,6.004488527774811,4033.2602692097776,2000-01-20 00:00:00+00:00,6.004488527774811,stop,-2035.3787873788244,50.42028853084808,-1.0254011802060903,8
NTAP,1,2000-01-07 00:00:00+00:00,2000-01-10 00:00:00+00:00,32.408329010009766,26.462267875671387,341.98403219738265,2000-01-21 00:00:00+00:00,44.30045127868652,target,4040.682746838292,26.233177988071464,1.9870992277819506,8
COHR,1,2000-01-19 00:00:00+00:00,2000-01-20 00:00:00+00:00,2.71875,2.382812976837158,6708.484798422545,2000-01-24 00:00:00+00:00,3.3906240463256836,target,4466.27218331284,40.98464291765308,1.981813930513505,2
CCI,1,2000-01-20 00:00:00+00:00,2000-01-21 00:00:00+00:00,17.53753662109375,16.454978942871094,2051.930058427912,2000-01-24 00:00:00+00:00,19.702651977539062,target,4366.25101748694,76.41426236705911,1.9655998111252844,1
QCOM,1,2000-01-10 00:00:00+00:00,2000-01-11 00:00:00+00:00,47.57352828979492,40.53566360473633,55.6944294891167,2000-01-26 00:00:00+00:00,39.33964538574219,stop_gap,-463.42199044435597,4.840579622947555,-1.1822898634856314,10
CSCO,1,2000-01-25 00:00:00+00:00,2000-01-26 00:00:00+00:00,35.72494888305664,34.322391510009766,1204.697105907535,2000-01-26 00:00:00+00:00,34.322391510009766,stop,-1774.0426364268922,84.38582824804706,-1.0499425846950543,0
HSIC,1,2000-01-20 00:00:00+00:00,2000-01-21 00:00:00+00:00,2.879901885986328,2.622549057006836,8631.46773530907,2000-01-27 00:00:00+00:00,2.622549057006836,stop,-2268.826867706566,47.494227779566465,-1.02138096155699,4
KLAC,1,2000-01-25 00:00:00+00:00,2000-01-26 00:00:00+00:00,3.2628250122070312,2.9745426177978516,8002.112497498932,2000-01-27 00:00:00+00:00,2.9745426177978516,stop,-2356.7802685741703,49.912117463557365,-1.0216363113078344,1
RCL,1,2000-01-26 00:00:00+00:00,2000-01-27 00:00:00+00:00,37.90058135986328,35.019020795822144,780.3797809137968,2000-01-28 00:00:00+00:00,35.019020795822144,stop,-2305.616584810835,56.90498315457502,-1.0253055941511853,1
VTRS,1,2000-01-28 00:00:00+00:00,2000-01-31 00:00:00+00:00,8.67752456665039,8.216398239135742,4712.865124010416,2000-01-31 00:00:00+00:00,8.216398239135742,stop,-2252.844966305905,79.61877959911365,-1.0366362139781522,0
DTE,1,2000-01-31 00:00:00+00:00,2000-02-01 00:00:00+00:00,9.734405517578125,9.280835151672363,4404.641788203184,2000-02-04 00:00:00+00:00,9.280835151672363,stop,-2081.570311223648,83.75532366452137,-1.0419234634768915,3
AES,1,2000-01-31 00:00:00+00:00,2000-02-01 00:00:00+00:00,24.958467483520508,23.042648792266846,1119.0142762931007,2000-02-04 00:00:00+00:00,23.042648792266846,stop,-2197.5424006926232,53.713934390611165,-1.0250551456121229,3
MRSH,1,2000-01-06 00:00:00+00:00,2000-01-07 00:00:00+00:00,25.468154907226562,23.7602561712265,1162.222593768525,2000-02-07 00:00:00+00:00,26.41590690612793,max_hold,1041.1979575164878,60.300828895963335,0.5245439429190962,20
HPQ,1,2000-01-10 00:00:00+00:00,2000-01-11 00:00:00+00:00,10.761353492736816,9.786352157592773,2110.9375937666528,2000-02-09 00:00:00+00:00,12.033095359802246,max_hold,2636.450057743393,48.11765901201585,1.280969956854855,20
BEN,1,2000-02-04 00:00:00+00:00,2000-02-07 00:00:00+00:00,5.68042516708374,5.404293537139893,7652.870240466689,2000-02-09 00:00:00+00:00,5.404293537139893,stop,-2198.02944714433,84.82991389549753,-1.0401428793451795,2
AMD,1,2000-01-25 00:00:00+00:00,2000-01-26 00:00:00+00:00,18.8125,17.02704668045044,1292.03498397404,2000-02-11 00:00:00+00:00,22.38340663909912,target,4560.509749646982,53.22655257424448,1.9769269203579671,12
NTAP,1,2000-02-01 00:00:00+00:00,2000-02-02 00:00:00+00:00,39.93289566040039,33.163055419921875,318.1270991685361,2000-02-11 00:00:00+00:00,53.47257614135742,target,4277.624463284948,29.714811790761715,1.9862027066394767,7
WDC,1,2000-01-18 00:00:00+00:00,2000-01-19 00:00:00+00:00,3.0569496154785156,2.4534055590629578,3645.05478691573,2000-02-16 00:00:00+00:00,2.7927675247192383,max_hold,-984.2807340034905,21.322539463980817,-0.4474102677825896,20
MAA,1,2000-01-18 00:00:00+00:00,2000-01-19 00:00:00+00:00,6.027163028717041,5.851970836520195,7300.12160437729,2000-02-16 00:00:00+00:00,6.014297962188721,max_hold,-181.82067963311977,87.90412952797752,-0.14216688088040527,20
UHS,1,2000-02-15 00:00:00+00:00,2000-02-16 00:00:00+00:00,10.268099784851074,9.628947257995605,3497.661730249862,2000-02-16 00:00:00+00:00,9.628947257995605,stop,-2305.1324729616163,69.59313998674602,-1.031130358102059,0
EIX,1,2000-02-16 00:00:00+00:00,2000-02-17 00:00:00+00:00,12.150164604187012,11.801481246948242,3673.4136174675223,2000-02-18 00:00:00+00:00,11.801481246948242,stop,-1368.8424946955083,87.98430203031972,-1.0686916807294986,1
PWR,1,2000-02-18 00:00:00+00:00,2000-02-22 00:00:00+00:00,23.124629974365234,22.348369598388672,1914.4641504847823,2000-02-22 00:00:00+00:00,24.67715072631836,target,2880.730527017141,91.51479548079408,1.938420429304346,0
NEM,1,2000-02-18 00:00:00+00:00,2000-02-22 00:00:00+00:00,15.816914558410645,14.471659660339355,1645.4604678496405,2000-02-25 00:00:00+00:00,14.471659660339355,stop,-2263.4024054618867,49.83865150448294,-1.0225151190768198,3
DGX,1,2000-02-22 00:00:00+00:00,2000-02-23 00:00:00+00:00,6.209828853607178,6.066439628601074,7228.960059306607,2000-02-28 00:00:00+00:00,6.066439628601074,stop,-1125.2996350392584,88.744654535208,-1.0856149998836084,3
KLAC,1,2000-02-22 00:00:00+00:00,2000-02-23 00:00:00+00:00,3.741109609603882,3.406966209411621,6717.266408976907,2000-02-28 00:00:00+00:00,3.406966209411621,stop,-2292.545767480694,48.01552958789293,-1.021392240023004,3
VLO,1,2000-02-15 00:00:00+00:00,2000-02-16 00:00:00+00:00,2.8162806034088135,2.679356575012207,15875.828071030875,2000-03-01 00:00:00+00:00,3.124192237854004,target,4794.042244033435,94.30992548851678,2.205392034838874,9
WMB,1,2000-02-28 00:00:00+00:00,2000-02-29 00:00:00+00:00,11.371026039123535,10.6430025100708,3020.643623257475,2000-03-02 00:00:00+00:00,12.827073097229004,target,4325.1054273779155,73.09383385117552,1.9667619270934311,2
HPQ,1,2000-02-28 00:00:00+00:00,2000-02-29 00:00:00+00:00,12.487284660339355,11.863525390625,3522.142227764002,2000-03-06 00:00:00+00:00,13.734803199768066,target,4301.579804688112,92.35792295222215,1.957961205334687,4
DGX,1,2000-03-01 00:00:00+00:00,2000-03-02 00:00:00+00:00,6.375278472900391,6.050497859716415,6904.848830428081,2000-03-06 00:00:00+00:00,7.024839699268341,target,4392.596283889476,92.52579028869735,1.9587410158482026,2
NTRS,1,2000-02-04 00:00:00+00:00,2000-02-07 00:00:00+00:00,32.48747253417969,29.896867752075195,762.4217074427821,2000-03-07 00:00:00+00:00,31.78729820251465,max_hold,-582.8325899062318,49.00448045056387,-0.2950851892509551,20
AMD,1,2000-03-03 00:00:00+00:00,2000-03-06 00:00:00+00:00,23.0,20.466190814971924,916.3554266270145,2000-03-07 00:00:00+00:00,28.067618370056152,target,4596.943504257383,46.79608921831837,1.9798455153324854,1
AES,1,2000-02-07 00:00:00+00:00,2000-02-08 00:00:00+00:00,25.308895111083984,23.032342672348022,972.4723262753982,2000-03-08 00:00:00+00:00,24.802717208862305,max_hold,-540.9761582889071,48.732156206189075,-0.24435611720435552,20
INCY,1,2000-03-03 00:00:00+00:00,2000-03-06 00:00:00+00:00,116.0,106.0,217.87367513757084,2000-03-09 00:00:00+00:00,106.0,stop,-2227.104707256249,48.36795588054073,-1.0222,3
FLEX,1,2000-02-22 00:00:00+00:00,2000-02-23 00:00:00+00:00,22.418989181518555,19.980083465576172,920.3021761854061,2000-03-10 00:00:00+00:00,27.29680061340332,target,4443.306926246559,45.75354953904281,1.9796155343480706,12
LEN,1,2000-03-08 00:00:00+00:00,2000-03-09 00:00:00+00:00,5.439641952514648,5.3338324427604675,8730.819755174025,2000-03-10 00:00:00+00:00,5.65126097202301,target,1750.774841737892,96.83267435627076,1.8951804714878249,1
SWKS,1,2000-03-08 00:00:00+00:00,2000-03-09 00:00:00+00:00,55.4660530090332,51.21071243286133,558.034457759111,2000-03-14 00:00:00+00:00,51.21071243286133,stop,-2434.1559819632785,59.52931095886348,-1.0250689136468276,3
LRCX,1,2000-03-09 00:00:00+00:00,2000-03-10 00:00:00+00:00,4.435220241546631,4.050317764282227,6213.879337503488,2000-03-14 00:00:00+00:00,4.050317764282227,stop,-2444.4656597092085,52.72810928202049,-1.02204594282203,2
RVTY,1,2000-03-10 00:00:00+00:00,2000-03-13 00:00:00+00:00,28.562763214111328,26.35049057006836,910.8131702038256,2000-03-14 00:00:00+00:00,26.35049057006836,stop,-2064.982775041352,50.01571476537593,-1.0248221004459128,1
VRSN,1,2000-03-09 00:00:00+00:00,2000-03-10 00:00:00+00:00,193.9081268310547,165.0380401611328,75.84530632913471,2000-03-15 00:00:00+00:00,165.0380401611328,stop,-2216.8849492200848,27.2243819911912,-1.0124331516942122,3
MSI,1,2000-03-10 00:00:00+00:00,2000-03-13 00:00:00+00:00,139.69422912597656,133.74705505371094,345.63241448058994,2000-03-15 00:00:00+00:00,133.74705505371094,stop,-2150.046305203229,94.51017126969853,-1.045978355578134,2
ADI,1,2000-03-16 00:00:00+00:00,2000-03-17 00:00:00+00:00,45.56319808959961,40.703121185302734,438.6033296925481,2000-03-22 00:00:00+00:00,55.28335189819336,target,4219.060192960269,44.23163261265199,1.9792500094188565,3
FIX,1,2000-02-28 00:00:00+00:00,2000-02-29 00:00:00+00:00,6.404734134674072,5.704216003417969,3139.2472692624324,2000-03-28 00:00:00+00:00,6.104511737823486,max_hold,-981.7419554303945,39.26961594577031,-0.44642904839925035,20
VTRS,1,2000-03-15 00:00:00+00:00,2000-03-16 00:00:00+00:00,9.390164375305176,8.719440460205078,3457.5965433871147,2000-03-28 00:00:00+00:00,8.719440460205078,stop,-2381.708397498537,62.615707081366835,-1.0270000881552102,8
IDXX,1,2000-03-16 00:00:00+00:00,2000-03-17 00:00:00+00:00,6.945312976837158,6.199613690376282,3180.041853522441,2000-03-30 00:00:00+00:00,6.199613690376282,stop,-2413.1563580506295,41.801416963221996,-1.017627650858565,9
GEN,1,2000-03-22 00:00:00+00:00,2000-03-23 00:00:00+00:00,3.235288381576538,2.792855978012085,5360.898400531567,2000-04-03 00:00:00+00:00,2.792855978012085,stop,-2404.1514340675058,32.316269455492034,-1.0136250064665764,7
RMD,1,2000-03-16 00:00:00+00:00,2000-03-17 00:00:00+00:00,7.495731830596924,6.640008926391602,2771.1715199321393,2000-04-04 00:00:00+00:00,6.640008926391602,stop,-2410.5275032863183,39.17256219891058,-1.0165190632242291,12
JBL,1,2000-03-16 00:00:00+00:00,2000-03-17 00:00:00+00:00,31.781002044677734,29.940044403076172,1288.1094531998137,2000-04-04 00:00:00+00:00,29.940044403076172,stop,-2450.858404478144,79.50346339073658,-1.0335265978168076,12
LUV,1,2000-03-08 00:00:00+00:00,2000-03-09 00:00:00+00:00,10.037895202636719,9.137445211410522,2637.155526839136,2000-04-05 00:00:00+00:00,11.838795185089111,target,4691.561107043891,57.692234964939786,1.9757047136421926,19
ETN,1,2000-03-09 00:00:00+00:00,2000-03-10 00:00:00+00:00,7.156704902648926,6.7887797355651855,6500.608722650456,2000-04-07 00:00:00+00:00,7.287261962890625,max_hold,754.8057876149904,93.89457699580058,0.31558888536084345,20
MU,1,2000-04-05 00:00:00+00:00,2000-04-06 00:00:00+00:00,63.38389205932617,52.41873741149902,205.92408429435065,2000-04-13 00:00:00+00:00,52.41873741149902,stop,-2281.8359804324064,23.84655043265766,-1.0105609663693866,5
NTRS,1,2000-03-28 00:00:00+00:00,2000-03-29 00:00:00+00:00,36.98733139038086,34.63615417480469,1001.6779869939323,2000-04-14 00:00:00+00:00,34.63615417480469,stop,-2426.8661292067627,71.74366884242403,-1.0304628188341958,12
INTC,1,2000-04-04 00:00:00+00:00,2000-04-05 00:00:00+00:00,36.899532318115234,33.861719608306885,746.2634140691714,2000-04-14 00:00:00+00:00,33.861719608306885,stop,-2319.8150175707206,52.8065334464205,-1.0232934873496156,7
LEN,1,2000-04-05 00:00:00+00:00,2000-04-06 00:00:00+00:00,6.925078868865967,6.485725402832031,5139.345890184333,2000-04-14 00:00:00+00:00,6.485725402832031,stop,-2326.912191817566,68.9227618178176,-1.0305239523720113,6
JCI,1,2000-04-07 00:00:00+00:00,2000-04-10 00:00:00+00:00,49.76293182373047,44.87437915802002,466.8723906132588,2000-04-14 00:00:00+00:00,44.87437915802002,stop,-2326.513817298317,44.18354761926026,-1.0193589631642022,4
VLO,1,2000-04-12 00:00:00+00:00,2000-04-13 00:00:00+00:00,3.7249977588653564,3.4790453016757965,9126.304299052385,2000-04-14 00:00:00+00:00,3.4790453016757965,stop,-2310.383256565554,65.74628915397523,-1.0292903886501483,1
HIG,1,2000-04-17 00:00:00+00:00,2000-04-18 00:00:00+00:00,25.78575325012207,25.05260956287384,1650.1331303262746,2000-04-20 00:00:00+00:00,27.25204062461853,target,2332.0499544036124,87.51942083212542,1.9276570271322777,2
ALB,1,2000-03-30 00:00:00+00:00,2000-03-31 00:00:00+00:00,6.314905643463135,5.7749781012535095,4234.8217658929425,2000-05-01 00:00:00+00:00,6.805387020111084,max_hold,2021.5391086472803,55.562100946589595,0.8841206396524981,20
HIG,1,2000-04-20 00:00:00+00:00,2000-04-24 00:00:00+00:00,27.14666175842285,25.21272850036621,1115.088595411203,2000-05-01 00:00:00+00:00,31.014528274536133,target,4248.158960989485,64.85487970129628,1.9699259579974318,5
MAS,1,2000-04-03 00:00:00+00:00,2000-04-04 00:00:00+00:00,11.07919692993164,10.094376564025879,2377.536865344755,2000-05-03 00:00:00+00:00,11.016181945800781,max_hold,-202.35302567104645,52.53257783081358,-0.08642222069434345,20
APH,1,2000-04-18 00:00:00+00:00,2000-04-19 00:00:00+00:00,0.7901586890220642,0.6873956546187401,20811.525886241598,2000-05-03 00:00:00+00:00,0.6873956546187401,stop,-2169.405711104525,30.750160471009316,-1.014378266973333,9
BBY,1,2000-04-18 00:00:00+00:00,2000-04-19 00:00:00+00:00,18.98700523376465,16.17930293083191,761.7102241927922,2000-05-09 00:00:00+00:00,16.17930293083191,stop,-2165.4420871096036,26.786536476087665,-1.0125249418814326,13
SNA,1,2000-04-17 00:00:00+00:00,2000-04-18 00:00:00+00:00,13.183042526245117,12.609855651855469,3227.625614021606,2000-05-10 00:00:00+00:00,12.609855651855469,stop,-1933.2824562205028,83.24981881948867,-1.044999108197594,15
L,1,2000-04-17 00:00:00+00:00,2000-04-18 00:00:00+00:00,7.228024959564209,6.8622727394104,5816.769302254879,2000-05-11 00:00:00+00:00,7.959529399871826,target,4166.650072870189,88.3424999742948,1.9584758382244427,16
STT,1,2000-05-01 00:00:00+00:00,2000-05-02 00:00:00+00:00,30.490629196166992,28.840961456298828,1377.424393945555,2000-05-12 00:00:00+00:00,33.78996467590332,target,4456.043515542182,88.54165805669682,1.9610342177890878,8
EG,1,2000-05-01 00:00:00+00:00,2000-05-02 00:00:00+00:00,19.026927947998047,17.917036056518555,1930.096595721894,2000-05-15 00:00:00+00:00,21.24671173095703,target,4206.665107886122,77.73201484168138,1.9637139076444012,9
WRB,1,2000-05-12 00:00:00+00:00,2000-05-15 00:00:00+00:00,0.8372182846069336,0.8014401793479919,53713.40155558642,2000-05-17 00:00:00+00:00,0.8014401793479919,stop,-2009.7816547584423,88.01792008687134,-1.045800593745679,2
NKE,1,2000-05-15 00:00:00+00:00,2000-05-16 00:00:00+00:00,3.978811740875244,3.7691023349761963,11002.604102239398,2000-05-17 00:00:00+00:00,3.7691023349761963,stop,-2392.5968008178124,85.24723119476144,-1.0369459540578796,1
AEP,1,2000-05-18 00:00:00+00:00,2000-05-19 00:00:00+00:00,11.727014541625977,11.48012924194336,3809.991886071357,2000-05-22 00:00:00+00:00,12.220785140991211,target,1790.0210546821,91.2409224800337,1.9030003013002263,1
REG,1,2000-05-10 00:00:00+00:00,2000-05-11 00:00:00+00:00,6.582981586456299,6.3813066482543945,6688.301672829541,2000-05-24 00:00:00+00:00,6.3813066482543945,stop,-1435.5718972308505,86.70907068725987,-1.0642830901563567,9
FRT,1,2000-05-18 00:00:00+00:00,2000-05-19 00:00:00+00:00,7.491832256317139,7.2204769551754,5963.8054781274095,2000-05-24 00:00:00+00:00,7.2204769551754,stop,-1706.0515817394187,87.74135027140355,-1.0542178802094149,3
DTE,1,2000-05-11 00:00:00+00:00,2000-05-12 00:00:00+00:00,9.169370651245117,8.850119590759277,4893.408577827671,2000-05-26 00:00:00+00:00,9.807872772216797,target,3031.5883499720867,92.86340575189229,1.9405569917463013,10
CPT,1,2000-05-24 00:00:00+00:00,2000-05-25 00:00:00+00:00,8.533211708068848,8.303076580166817,5266.581863857094,2000-05-31 00:00:00+00:00,8.303076580166817,stop,-1300.6951813987603,88.66969055349153,-1.0731582720192239,3
DGX,1,2000-05-24 00:00:00+00:00,2000-05-25 00:00:00+00:00,12.353485107421875,11.09519100189209,1785.785128638378,2000-06-02 00:00:00+00:00,11.09519100189209,stop,-2288.917198190691,41.8742970822709,-1.0186352904350937,5
BKR,1,2000-05-31 00:00:00+00:00,2000-06-01 00:00:00+00:00,16.37376594543457,14.895384788513184,1523.9879584861676,2000-06-02 00:00:00+00:00,14.895384788513184,stop,-2300.6888903916683,47.65380919062529,-1.0211509397204868,1
BF.B,1,2000-05-04 00:00:00+00:00,2000-05-05 00:00:00+00:00,3.5659782886505127,3.350687026977539,10251.192979462554,2000-06-05 00:00:00+00:00,3.50726056098938,max_hold,-674.4358940072891,72.50913643749026,-0.30559051026747597,20
AEE,1,2000-05-22 00:00:00+00:00,2000-05-23 00:00:00+00:00,11.409149169921875,11.036691665649414,3948.756038497658,2000-06-05 00:00:00+00:00,11.036691665649414,stop,-1559.3769686182668,88.63314953861945,-1.0602641659198566,8
RSG,1,2000-05-25 00:00:00+00:00,2000-05-26 00:00:00+00:00,6.645647048950195,6.028342366218567,3619.827259422673,2000-06-06 00:00:00+00:00,6.028342366218567,stop,-2280.4139702918756,45.877652370662304,-1.020531173292069,6
NEE,1,2000-06-06 00:00:00+00:00,2000-06-07 00:00:00+00:00,2.6765222549438477,2.6044604778289795,15799.663253016774,2000-06-08 00:00:00+00:00,2.6044604778289795,stop,-1221.9895606516745,83.43774882280692,-1.0732841035040646,1
LH,1,2000-05-26 00:00:00+00:00,2000-05-30 00:00:00+00:00,13.925366401672363,12.741581916809082,1913.1327385681168,2000-06-13 00:00:00+00:00,12.728852272033691,stop_gap,-2340.0834119366996,50.993058365620705,-1.0332694539865044,10
PGR,1,2000-06-13 00:00:00+00:00,2000-06-14 00:00:00+00:00,3.7363781929016113,3.4755771160125732,8106.671364617355,2000-06-15 00:00:00+00:00,3.4755771160125732,stop,-2172.693573463409,58.464951585674726,-1.02765308868714,1
APD,1,2000-06-01 00:00:00+00:00,2000-06-02 00:00:00+00:00,18.09491539001465,16.44426155090332,1356.6897262059906,2000-06-20 00:00:00+00:00,16.44426155090332,stop,-2286.2840515521693,46.85894650735426,-1.0209245428220812,12
GIS,1,2000-06-06 00:00:00+00:00,2000-06-07 00:00:00+00:00,8.670714378356934,8.288989067077637,4877.124129803401,2000-06-21 00:00:00+00:00,8.288989067077637,stop,-1944.4363055050121,82.71457890803882,-1.044429077518063,10
ALB,1,2000-06-02 00:00:00+00:00,2000-06-05 00:00:00+00:00,7.3776116371154785,6.866696357727051,4279.877824918619,2000-06-22 00:00:00+00:00,6.859169006347656,stop_gap,-2279.802800689862,60.93168177418849,-1.042598318940294,13
DVN,1,2000-06-23 00:00:00+00:00,2000-06-26 00:00:00+00:00,17.394968032836914,16.860015869140625,2381.77817629722,2000-06-26 00:00:00+00:00,16.860015869140625,stop,-1355.725161941942,81.5877730871427,-1.0640337327833023,0
EIX,1,2000-06-23 00:00:00+00:00,2000-06-26 00:00:00+00:00,9.494413375854492,9.167015075683594,4363.719336611461,2000-06-27 00:00:00+00:00,9.167015075683594,stop,-1510.1075294122409,81.43323618276801,-1.0569991610884877,1
CNP,1,2000-06-06 00:00:00+00:00,2000-06-07 00:00:00+00:00,6.845294952392578,6.552370071411133,6177.695864301257,2000-06-29 00:00:00+00:00,7.431144714355469,target,3531.0061492938094,88.19550228621583,1.9512624546644355,16
UNH,1,2000-06-09 00:00:00+00:00,2000-06-12 00:00:00+00:00,7.31692361831665,6.894906044006348,4948.49821124062,2000-06-29 00:00:00+00:00,8.160958766937256,target,4100.114149876055,76.59227329722165,1.9633240809685495,13
O,1,2000-06-26 00:00:00+00:00,2000-06-27 00:00:00+00:00,2.7379441261291504,2.702108383178711,15041.983449822914,2000-06-29 00:00:00+00:00,2.8096156120300293,target,994.6350029769425,83.44630176829432,1.8451947892965017,2
WELL,1,2000-06-27 00:00:00+00:00,2000-06-28 00:00:00+00:00,3.9214370250701904,3.876706123352051,10380.766909859429,2000-06-30 00:00:00+00:00,3.876706123352051,stop,-545.291770757327,80.95070635348863,-1.1743345841217387,2
NDSN,1,2000-06-29 00:00:00+00:00,2000-06-30 00:00:00+00:00,9.40914535522461,8.817459881305695,3534.625935088997,2000-06-30 00:00:00+00:00,8.817459881305695,stop,-2155.8110531068896,64.42423157766893,-1.0308045507958983,0
MAR,1,2000-06-30 00:00:00+00:00,2000-07-03 00:00:00+00:00,13.23092269897461,12.796747207641602,3106.4267408459696,2000-07-06 00:00:00+00:00,14.099273681640625,target,2612.5694601242712,84.8992528693149,1.9370526505383667,2
MCK,1,2000-06-30 00:00:00+00:00,2000-07-03 00:00:00+00:00,17.237688064575195,16.414409637451172,2384.362214015592,2000-07-06 00:00:00+00:00,18.884244918823242,target,3839.860174394603,86.12777210281874,1.9561242809318058,2
PEP,1,2000-06-30 00:00:00+00:00,2000-07-03 00:00:00+00:00,22.0911865234375,20.978930711746216,1746.5304019227294,2000-07-10 00:00:00+00:00,20.895383834838867,stop_gap,-2163.5831023435708,75.0773520051201,-1.113762900526651,4
RJF,1,2000-07-06 00:00:00+00:00,2000-07-07 00:00:00+00:00,4.670706748962402,4.542389869689941,9081.8258537249,2000-07-11 00:00:00+00:00,4.927340507507324,target,2243.5353095727846,87.16779371908011,1.9252004310665178,2
KO,1,2000-06-22 00:00:00+00:00,2000-06-23 00:00:00+00:00,13.389423370361328,12.569367408752441,2511.9506744832797,2000-07-24 00:00:00+00:00,14.313864707946777,max_hold,2252.561748294284,69.58929317371064,1.093508359780484,20
REGN,1,2000-07-17 00:00:00+00:00,2000-07-18 00:00:00+00:00,29.78145980834961,27.2429141998291,848.9625641750042,2000-07-24 00:00:00+00:00,27.2429141998291,stop,-2203.5417478632244,48.41155877845786,-1.0224634033821487,4
SBAC,1,2000-07-12 00:00:00+00:00,2000-07-13 00:00:00+00:00,47.178932189941406,43.47142791748047,576.5643731599214,2000-07-25 00:00:00+00:00,43.47142791748047,stop,-2189.880644891228,52.26576805205684,-1.0244505072538328,8
BIIB,1,2000-07-17 00:00:00+00:00,2000-07-18 00:00:00+00:00,41.95833206176758,37.39583206176758,415.2447449449784,2000-07-25 00:00:00+00:00,37.39583206176758,stop,-1927.5055484532631,32.95139964179931,-1.0173926935065283,5
JKHY,1,2000-06-30 00:00:00+00:00,2000-07-03 00:00:00+00:00,18.293582916259766,16.738630294799805,1321.6123601107088,2000-07-28 00:00:00+00:00,16.738630294799805,stop,-2101.3436098898023,46.299005981769994,-1.0225294409151626,18
GLW,1,2000-07-12 00:00:00+00:00,2000-07-13 00:00:00+00:00,55.614742279052734,51.60356903076172,532.9151209686379,2000-07-28 00:00:00+00:00,51.60356903076172,stop,-2194.7531361808938,57.13825934172284,-1.0267299128392162,11
SYK,1,2000-07-26 00:00:00+00:00,2000-07-27 00:00:00+00:00,18.77408218383789,17.353410482406616,1394.8382567772076,2000-07-31 00:00:00+00:00,17.353410482406616,stop,-2031.999248369424,50.392008892315836,-1.0254298671746944,2
PAYX,1,2000-06-30 00:00:00+00:00,2000-07-03 00:00:00+00:00,19.215808868408203,17.704116821289062,1359.4333633125668,2000-08-01 00:00:00+00:00,21.133777618408203,max_hold,2552.4981344748553,54.85257406604413,1.2420645905304568,20
NVR,1,2000-07-28 00:00:00+00:00,2000-07-31 00:00:00+00:00,60.0,58.75,688.9399378058131,2000-08-02 00:00:00+00:00,62.5,target,1637.9547021333208,84.39514238121211,1.9020000000000001,2
LLY,1,2000-07-24 00:00:00+00:00,2000-07-25 00:00:00+00:00,49.25199890136719,46.97644805908203,854.8573029620763,2000-08-03 00:00:00+00:00,53.8031005859375,target,3802.445107173734,88.09740440420575,1.9547120206798743,7
ATO,1,2000-07-06 00:00:00+00:00,2000-07-07 00:00:00+00:00,7.501916885375977,6.926189303398132,3683.9076879181475,2000-08-04 00:00:00+00:00,8.161699295043945,max_hold,2372.8741752613428,57.703316067648046,1.1187909241290033,20
EG,1,2000-07-25 00:00:00+00:00,2000-07-26 00:00:00+00:00,23.66725730895996,22.074087023735046,1317.0322014587573,2000-08-04 00:00:00+00:00,26.85359787940979,target,4129.975542968573,66.5375931283177,1.9682891052783866,7
NKE,1,2000-08-02 00:00:00+00:00,2000-08-03 00:00:00+00:00,4.041706562042236,3.8941164016723633,10554.09168434119,2000-08-08 00:00:00+00:00,4.336886882781982,target,3026.931725098025,88.42844340249489,1.9432306772766776,3
MAR,1,2000-08-01 00:00:00+00:00,2000-08-02 00:00:00+00:00,14.99047565460205,14.071175336837769,2299.9724522349843,2000-08-16 00:00:00+00:00,14.071175336837769,stop,-2181.2064028854957,66.84099669677911,-1.0316127933710686,10
MCK,1,2000-08-08 00:00:00+00:00,2000-08-09 00:00:00+00:00,19.861923217773438,19.24445915222168,2215.4191573277517,2000-08-22 00:00:00+00:00,21.096851348876953,target,2645.14258573406,90.74085383562596,1.9336661405064113,9
REG,1,2000-08-16 00:00:00+00:00,2000-08-17 00:00:00+00:00,7.2056403160095215,7.088794708251953,6079.076911994912,2000-08-23 00:00:00+00:00,7.088794708251953,stop,-797.2104063130467,86.89696992599936,-1.122336092032827,4
FICO,1,2000-08-04 00:00:00+00:00,2000-08-07 00:00:00+00:00,14.00829029083252,13.275712966918945,2982.15095227743,2000-08-24 00:00:00+00:00,13.275712966918945,stop,-2266.0211804227606,81.36501629704404,-1.0372438544944236,13
CSX,1,2000-08-22 00:00:00+00:00,2000-08-23 00:00:00+00:00,0.9553849697113037,0.9046124219894409,43391.019090894784,2000-08-25 00:00:00+00:00,0.9046124219894409,stop,-2283.7797698250165,80.70718233230151,-1.0366339188234162,2
RJF,1,2000-07-31 00:00:00+00:00,2000-08-01 00:00:00+00:00,5.094150066375732,4.677417606115341,5062.689444270406,2000-08-29 00:00:00+00:00,5.5689191818237305,max_hold,2349.6247811177936,53.98380812638379,1.1136786558690592,20
LMT,1,2000-08-25 00:00:00+00:00,2000-08-28 00:00:00+00:00,14.947894096374512,14.210124015808105,2906.2689234268732,2000-08-29 00:00:00+00:00,14.210124015808105,stop,-2228.899299692441,84.74104190815424,-1.0395218224216916,1
CB,1,2000-08-03 00:00:00+00:00,2000-08-04 00:00:00+00:00,20.142566680908203,18.878997802734375,1702.478349957584,2000-09-01 00:00:00+00:00,21.034482955932617,max_hold,1448.365112682029,70.10303552185029,0.6732828261939336,20
SCHW,1,2000-08-04 00:00:00+00:00,2000-08-07 00:00:00+00:00,27.289087295532227,24.865371704101562,901.3665513601635,2000-09-05 00:00:00+00:00,27.431583404541016,max_hold,79.11784412245396,49.323382237040164,0.036215238544925143,20
STLD,1,2000-08-23 00:00:00+00:00,2000-08-24 00:00:00+00:00,1.8797132968902588,1.7714579105377197,19993.64536314692,2000-09-07 00:00:00+00:00,1.7714579105377197,stop,-2237.4200256645686,73.00022228144795,-1.033727386049298,9
J,1,2000-08-29 00:00:00+00:00,2000-08-30 00:00:00+00:00,7.048636436462402,6.894373893737793,6107.619064361025,2000-09-08 00:00:00+00:00,7.357161521911621,target,1796.3685674753644,87.98512624789832,1.906615062192438,6
CHRW,1,2000-08-24 00:00:00+00:00,2000-08-25 00:00:00+00:00,9.081689834594727,8.623787879943848,4725.3274954796625,2000-09-11 00:00:00+00:00,8.623787879943848,stop,-2247.400877210791,83.66418066511154,-1.038666525737017,10
TRV,1,2000-09-05 00:00:00+00:00,2000-09-06 00:00:00+00:00,25.03413200378418,24.20626449584961,1714.9673696629666,2000-09-11 00:00:00+00:00,26.68986701965332,target,2750.826554470296,88.70497055367447,1.9375214046599283,3
DVN,1,2000-09-11 00:00:00+00:00,2000-09-12 00:00:00+00:00,17.487197875976562,17.044475555419922,2479.964990784165,2000-09-13 00:00:00+00:00,17.044475555419922,stop,-1183.5731968022483,85.63734118305499,-1.0779984921202512,1
TMO,1,2000-09-11 00:00:00+00:00,2000-09-12 00:00:00+00:00,19.29606819152832,18.48360824584961,2247.4857618080487,2000-09-15 00:00:00+00:00,21.327232360839844,target,4473.712260833225,91.3002895890965,2.4500172338912063,3
COHR,1,2000-09-13 00:00:00+00:00,2000-09-14 00:00:00+00:00,6.75,5.559603691101074,1804.8479603823446,2000-09-18 00:00:00+00:00,5.559603691101074,stop,-2170.701313277896,22.216963114998755,-1.010340760971014,2
CIEN,1,2000-09-14 00:00:00+00:00,2000-09-15 00:00:00+00:00,728.0,629.2044830322266,22.05819649736091,2000-09-25 00:00:00+00:00,925.5910339355469,target,4322.026616714176,36.47523595282449,1.9832624891828345,6
WAT,1,2000-09-15 00:00:00+00:00,2000-09-18 00:00:00+00:00,76.5,71.3125,421.9603811520983,2000-09-25 00:00:00+00:00,86.875,target,4308.901177182296,68.93777727072407,1.9685060240963856,5
WDC,1,2000-09-18 00:00:00+00:00,2000-09-19 00:00:00+00:00,3.2833893299102783,2.981468915939331,7018.32217742263,2000-09-27 00:00:00+00:00,2.981468915939331,stop,-2162.943530754176,43.96879356525535,-1.0207500319817808,6
AIG,1,2000-09-08 00:00:00+00:00,2000-09-11 00:00:00+00:00,1031.0882568359375,996.3565063476562,41.81526046970102,2000-09-28 00:00:00+00:00,1100.5517578125,target,2815.4993040321306,89.13508244016172,1.9386256095739354,13
LEN,1,2000-08-30 00:00:00+00:00,2000-08-31 00:00:00+00:00,9.175196647644043,8.515951693058014,3255.360443513496,2000-09-29 00:00:00+00:00,9.698896408081055,max_hold,1643.389508463342,61.441975940800255,0.7657634144478064,20
EBAY,1,2000-09-14 00:00:00+00:00,2000-09-15 00:00:00+00:00,6.338630676269531,5.600716590881348,2953.25833926465,2000-10-04 00:00:00+00:00,5.600716590881348,stop,-2214.5109032155906,35.259976882089944,-1.0161798609127648,13
INTU,1,2000-09-26 00:00:00+00:00,2000-09-27 00:00:00+00:00,24.674924850463867,21.969697952270508,848.3811528418389,2000-10-04 00:00:00+00:00,21.969697952270508,stop,-2334.635933455291,39.572418867256516,-1.0172424068509318,5
SPGI,1,2000-09-28 00:00:00+00:00,2000-09-29 00:00:00+00:00,19.61709976196289,18.64765167236328,2400.324584080385,2000-10-05 00:00:00+00:00,18.64765167236328,stop,-2418.8379060272446,91.8478235715383,-1.0394706553603401,4
GILD,1,2000-09-07 00:00:00+00:00,2000-09-08 00:00:00+00:00,2.1513919830322266,1.9194575548171997,9204.174952672036,2000-10-06 00:00:00+00:00,2.111402988433838,max_hold,-407.30121316977056,39.23551070474426,-0.19079439784087945,20
NI,1,2000-10-05 00:00:00+00:00,2000-10-06 00:00:00+00:00,3.379903793334961,3.2756388187408447,13202.300856070016,2000-10-06 00:00:00+00:00,3.5884337425231934,target,2661.077038068993,91.99808861504494,1.9331670336756461,0
AES,1,2000-09-11 00:00:00+00:00,2000-09-12 00:00:00+00:00,40.338478088378906,37.14567184448242,679.1461054400131,2000-10-10 00:00:00+00:00,41.97383499145508,max_hold,1054.7441848706949,55.902086857928296,0.48641993010543927,20
ROP,1,2000-09-29 00:00:00+00:00,2000-10-02 00:00:00+00:00,13.976481437683105,13.065075993537903,2557.0646361114646,2000-10-11 00:00:00+00:00,13.065075993537903,stop,-2399.669640595913,69.14701021275242,-1.0296701732526767,7
ALL,1,2000-10-04 00:00:00+00:00,2000-10-05 00:00:00+00:00,18.37034034729004,17.43171501159668,2146.7864664556237,2000-10-12 00:00:00+00:00,17.43171501159668,stop,-2091.8875356546237,76.85936791575304,-1.038143073703034,5
ADP,1,2000-10-12 00:00:00+00:00,2000-10-13 00:00:00+00:00,29.144790649414062,28.469636917114258,1451.5460251669892,2000-10-13 00:00:00+00:00,28.469636917114258,stop,-1063.6467098229045,83.6299933264656,-1.0853352722649905,0
DUK,1,2000-09-25 00:00:00+00:00,2000-09-26 00:00:00+00:00,21.39027976989746,20.1081725358963,1813.085884528144,2000-10-18 00:00:00+00:00,23.95449423789978,target,4566.927087147194,82.21396969065586,1.964632619795548,16
WDC,1,2000-09-29 00:00:00+00:00,2000-10-02 00:00:00+00:00,3.54757022857666,2.9697499871253967,4033.3004335912137,2000-10-18 00:00:00+00:00,2.9697499871253967,stop,-2356.8089408350043,26.28631045184389,-1.0112791483374362,12
BIIB,1,2000-10-09 00:00:00+00:00,2000-10-10 00:00:00+00:00,54.83333206176758,50.75,547.6745277371358,2000-10-18 00:00:00+00:00,62.999996185302734,target,4408.1396046455175,64.53431239940913,1.9711428494022447,6
VTR,1,2000-10-13 00:00:00+00:00,2000-10-16 00:00:00+00:00,1.547412395477295,1.470042109489441,26628.727441892748,2000-10-18 00:00:00+00:00,1.470042109489441,stop,-2140.6232312529287,80.3509735810706,-1.0390001725654787,2
CVS,1,2000-10-18 00:00:00+00:00,2000-10-19 00:00:00+00:00,14.408584594726562,13.921160697937012,3103.4103015296264,2000-10-20 00:00:00+00:00,13.921160697937012,stop,-1600.5951658893678,87.91882338096258,-1.0581213713140847,1
EG,1,2000-10-18 00:00:00+00:00,2000-10-19 00:00:00+00:00,30.502334594726562,28.55367660522461,1147.347305238621,2000-10-24 00:00:00+00:00,34.39965057373047,target,4397.109868385884,74.46511778766612,1.966694009149833,3
TMO,1,2000-10-12 00:00:00+00:00,2000-10-13 00:00:00+00:00,21.53034782409668,20.21009635925293,1659.768461656563,2000-10-26 00:00:00+00:00,20.21009635925293,stop,-2260.591215634595,69.27947283105982,-1.031615525750081,9
UNH,1,2000-10-20 00:00:00+00:00,2000-10-23 00:00:00+00:00,9.95600700378418,9.73013973236084,4468.8936904860875,2000-10-27 00:00:00+00:00,10.40774154663086,target,1927.7502208905491,91.00342741159498,1.9098419685946995,4
CI,1,2000-10-26 00:00:00+00:00,2000-10-27 00:00:00+00:00,30.839031219482422,29.9373722076416,1431.2390445400868,2000-10-30 00:00:00+00:00,32.64234924316406,target,2490.122134896585,90.85703031944388,1.929594913787815,1
HSIC,1,2000-10-30 00:00:00+00:00,2000-10-31 00:00:00+00:00,4.399509906768799,3.99998739361763,5887.0245577187725,2000-11-02 00:00:00+00:00,5.1985549330711365,target,4647.4936491461895,56.5040434187148,1.9759761602315304,2
DRI,1,2000-10-18 00:00:00+00:00,2000-10-19 00:00:00+00:00,6.683412551879883,6.364204406738281,6690.55658537165,2000-11-03 00:00:00+00:00,7.321828842163086,target,4177.657455124189,93.70286003863382,1.956125050042723,11
NEE,1,2000-10-06 00:00:00+00:00,2000-10-09 00:00:00+00:00,3.5351343154907227,3.292527675628662,9200.076997967955,2000-11-06 00:00:00+00:00,3.5559284687042236,max_hold,126.06948705973325,65.23832361201853,0.05648275099600419,20
EXC,1,2000-10-30 00:00:00+00:00,2000-10-31 00:00:00+00:00,8.376876831054688,7.641676545143127,3199.126675211036,2000-11-06 00:00:00+00:00,7.641676545143127,stop,-2403.2442276865386,51.24538140408623,-1.0217880129852464,4
ETR,1,2000-10-10 00:00:00+00:00,2000-10-11 00:00:00+00:00,6.920053005218506,6.305073142051697,3656.9724475495946,2000-11-08 00:00:00+00:00,7.014497756958008,max_hold,294.4235867207596,50.95826820626071,0.13091518243010764,20
PPL,1,2000-10-30 00:00:00+00:00,2000-10-31 00:00:00+00:00,6.595972061157227,6.063194930553436,4414.601737159698,2000-11-13 00:00:00+00:00,6.063194930553436,stop,-2407.8840268750528,55.885180592600605,-1.0237607176895227,9
BMY,1,2000-11-08 00:00:00+00:00,2000-11-09 00:00:00+00:00,22.222015380859375,21.685466766357422,2103.7358194197727,2000-11-13 00:00:00+00:00,21.685466766357422,stop,-1221.1262821214443,92.36974293363417,-1.0818331852146772,2
TJX,1,2000-11-13 00:00:00+00:00,2000-11-14 00:00:00+00:00,2.607475996017456,2.4351744651794434,13488.002474213763,2000-11-14 00:00:00+00:00,2.4351744651794434,stop,-2392.018756151153,68.01528189721896,-1.0292664286653244,0
BLK,1,2000-11-14 00:00:00+00:00,2000-11-15 00:00:00+00:00,25.464540481567383,24.139789581298828,1762.4920494815058,2000-11-16 00:00:00+00:00,28.114042282104492,target,4575.294032390131,94.43182614345852,1.9595557302487507,1
CTAS,1,2000-11-16 00:00:00+00:00,2000-11-17 00:00:00+00:00,8.598962783813477,8.384486198425293,5595.675398732066,2000-11-20 00:00:00+00:00,9.027915954589844,target,2301.6484132085156,98.63429171291679,1.9178144378487738,1
IVZ,1,2000-11-14 00:00:00+00:00,2000-11-15 00:00:00+00:00,20.245691299438477,18.853492856025696,1264.1539959581735,2000-11-21 00:00:00+00:00,18.853492856025696,stop,-1809.3806152958505,49.42738988883454,-1.028084490641735,4
GIS,1,2000-11-20 00:00:00+00:00,2000-11-21 00:00:00+00:00,8.951506614685059,8.785479545593262,5457.043250776576,2000-11-21 00:00:00+00:00,9.283560752868652,target,1712.5242423616478,99.50955130556517,1.8901681065183926,0
PAYX,1,2000-10-24 00:00:00+00:00,2000-10-25 00:00:00+00:00,24.801631927490234,22.618379592895508,1042.5420648865072,2000-11-22 00:00:00+00:00,27.409238815307617,max_hold,2664.1078402436938,54.432028993719,1.170453811766535,20
J,1,2000-11-21 00:00:00+00:00,2000-11-22 00:00:00+00:00,7.879286289215088,7.689422130584717,6233.844300473963,2000-11-27 00:00:00+00:00,8.25901460647583,target,2266.56355122651,100.60365505793669,1.915000803668748,2
UNH,1,2000-11-06 00:00:00+00:00,2000-11-07 00:00:00+00:00,10.372078895568848,9.914397239685059,4506.16916405553,2000-11-28 00:00:00+00:00,11.287442207336426,target,4027.180463292687,97.60146610212178,1.9526755752072247,14
WRB,1,2000-11-03 00:00:00+00:00,2000-11-06 00:00:00+00:00,1.3690025806427002,1.2966958284378052,32420.148391776682,2000-12-04 00:00:00+00:00,1.5136160850524902,target,4594.936347521501,93.45492489874337,1.9601334788551041,19
HSIC,1,2000-11-27 00:00:00+00:00,2000-11-28 00:00:00+00:00,4.901960849761963,4.440539658069611,5336.953446016192,2000-12-04 00:00:00+00:00,5.8248032331466675,target,4867.9185975979135,57.24824053688194,1.9767527710559498,4
MRK,1,2000-12-04 00:00:00+00:00,2000-12-05 00:00:00+00:00,34.243812561035156,32.762977600097656,1508.5805618337552,2000-12-05 00:00:00+00:00,32.762977600097656,stop,-2335.043978502119,101.08514114795827,-1.0452493302283408,0
EG,1,2000-11-28 00:00:00+00:00,2000-11-29 00:00:00+00:00,37.579959869384766,36.26874542236328,1340.9142361698184,2000-12-06 00:00:00+00:00,40.202388763427734,target,3412.1527787608265,104.2994586044623,1.9406791552598428,5
MO,1,2000-11-08 00:00:00+00:00,2000-11-09 00:00:00+00:00,1.8176300525665283,1.7132698893547058,22398.034028330734,2000-12-07 00:00:00+00:00,2.0263503789901733,target,4588.827369130855,86.09760451024447,1.9631662090854105,19
TSN,1,2000-11-21 00:00:00+00:00,2000-11-22 00:00:00+00:00,8.148809432983398,7.4226813316345215,3382.2023851289196,2000-12-08 00:00:00+00:00,7.4226813316345215,stop,-2508.578129495409,52.66593320410367,-1.0214445505354934,11
CHD,1,2000-12-06 00:00:00+00:00,2000-12-07 00:00:00+00:00,2.626203775405884,2.549861431121826,19695.22107258825,2000-12-08 00:00:00+00:00,2.778888463973999,target,2900.7042091759995,106.45448657231789,1.929199289200913,1
CSX,1,2000-11-27 00:00:00+00:00,2000-11-28 00:00:00+00:00,0.9370795488357544,0.9006881713867188,52558.68452421054,2000-12-14 00:00:00+00:00,0.9006881713867188,stop,-2009.273580581285,96.59065383595059,-1.050500086807546,12
HST,1,2000-12-05 00:00:00+00:00,2000-12-06 00:00:00+00:00,4.849632740020752,4.665137767791748,10660.779617778637,2000-12-14 00:00:00+00:00,5.21862268447876,target,3826.3850268271076,107.33545221609359,1.945428022764749,6
AEP,1,2000-12-08 00:00:00+00:00,2000-12-11 00:00:00+00:00,15.401358604431152,14.91275691986084,3382.7321244535806,2000-12-14 00:00:00+00:00,14.91275691986084,stop,-1755.353146866551,102.54453240841951,-1.0620425931420006,3
HUM,1,2000-12-08 00:00:00+00:00,2000-12-11 00:00:00+00:00,11.37789535522461,10.506858825683594,2990.6134096862575,2000-12-18 00:00:00+00:00,10.506858825683594,stop,-2670.3823648930525,65.44883932111146,-1.0251249556576463,5
ORLY,1,2000-12-08 00:00:00+00:00,2000-12-11 00:00:00+00:00,0.6166669726371765,0.5532842800021172,41098.49893204212,2000-12-19 00:00:00+00:00,0.7434323579072952,target,5153.969010260029,55.898040883853184,1.9785414712755174,6
BALL,1,2000-12-15 00:00:00+00:00,2000-12-18 00:00:00+00:00,1.9112147092819214,1.8351308107376099,27629.848189466848,2000-12-22 00:00:00+00:00,2.0633825063705444,target,4094.555615201495,109.81751768275527,1.9477603370529488,4
ROL,1,2000-12-22 00:00:00+00:00,2000-12-26 00:00:00+00:00,0.8697112798690796,0.8125958442687988,47547.8537970838,2000-12-27 00:00:00+00:00,0.8125958442687988,stop,-2795.7064746592055,79.99009318030036,-1.0294545092137861,1
GL,1,2000-12-18 00:00:00+00:00,2000-12-19 00:00:00+00:00,13.680585861206055,12.820247650146484,3062.4784233661712,2001-01-02 00:00:00+00:00,12.820247650146484,stop,-2715.925438997121,81.15823082973631,-1.030802808907807,8
VTR,1,2000-12-27 00:00:00+00:00,2000-12-28 00:00:00+00:00,1.719780683517456,1.566754937171936,17936.621907881676,2001-01-03 00:00:00+00:00,2.025832176208496,target,5422.346267063794,67.18364167820386,1.9755229891101551,3
CVS,1,2000-12-07 00:00:00+00:00,2000-12-08 00:00:00+00:00,17.12977409362793,15.916000366210938,2143.567451446263,2001-01-04 00:00:00+00:00,15.916000366210938,stop,-2672.641702051618,70.83584653994481,-1.0272256465215825,17
SYY,1,2000-12-14 00:00:00+00:00,2000-12-15 00:00:00+00:00,14.114415168762207,13.344535827636719,3441.6334522255584,2001-01-04 00:00:00+00:00,13.344535827636719,stop,-2744.1461389070814,94.50364431222889,-1.0356665642648062,12
UHS,1,2000-12-15 00:00:00+00:00,2000-12-18 00:00:00+00:00,22.592588424682617,20.786296844482422,1461.7399774703827,2001-01-04 00:00:00+00:00,20.786296844482422,stop,-2703.737264522815,63.40865077603962,-1.0240154390047909,11
PHM,1,2000-12-22 00:00:00+00:00,2000-12-26 00:00:00+00:00,8.274640083312988,7.628386497497559,4202.245745456513,2001-01-08 00:00:00+00:00,7.628386497497559,stop,-2782.5448072679974,66.82842578909296,-1.0246080283805998,8
ADSK,1,2001-01-03 00:00:00+00:00,2001-01-04 00:00:00+00:00,6.5182366371154785,5.941713988780975,4648.725795731314,2001-01-09 00:00:00+00:00,7.671281933784485,target,5294.2282332623245,65.96318100955119,1.9753877517008367,3
DD,1,2000-12-19 00:00:00+00:00,2000-12-20 00:00:00+00:00,27.766599655151367,25.129331588745117,1008.7599929857936,2001-01-11 00:00:00+00:00,25.129331588745117,stop,-2713.729815400196,53.359299230570045,-1.020057093140318,14
PG,1,2001-01-08 00:00:00+00:00,2001-01-09 00:00:00+00:00,19.025474548339844,17.910940170288086,2318.91255296336,2001-01-12 00:00:00+00:00,17.910940170288086,stop,-2670.16007572592,85.65231575248691,-1.0331406688263793,3
MOS,1,2001-01-08 00:00:00+00:00,2001-01-09 00:00:00+00:00,10.603902816772461,10.121906280517578,4874.634942684408,2001-01-23 00:00:00+00:00,11.567895889282227,target,4591.034891047109,108.07942471469913,1.9540000870580323,9
CMI,1,2001-01-12 00:00:00+00:00,2001-01-16 00:00:00+00:00,5.336972713470459,5.037041664123535,8412.149936897646,2001-01-25 00:00:00+00:00,5.037041664123535,stop,-2610.332722229223,87.26776439185258,-1.0345879974753618,7
FRT,1,2001-01-03 00:00:00+00:00,2001-01-04 00:00:00+00:00,7.036801815032959,6.8338165283203125,7617.368735354628,2001-02-02 00:00:00+00:00,7.145061016082764,max_hold,716.6217748524243,108.02847853882878,0.4634687555057541,20
OKE,1,2001-01-05 00:00:00+00:00,2001-01-08 00:00:00+00:00,3.06229829788208,2.836380809545517,11544.900955668278,2001-02-06 00:00:00+00:00,2.9806878566741943,max_hold,-1011.9501373242567,69.7656766308269,-0.3879886767856561,20
HAS,1,2001-02-02 00:00:00+00:00,2001-02-05 00:00:00+00:00,6.098901271820068,5.716451168060303,6735.241744192983,2001-02-06 00:00:00+00:00,6.8638014793396,target,5064.480871140247,87.30693668717583,1.966106159669649,1
MO,1,2001-01-09 00:00:00+00:00,2001-01-10 00:00:00+00:00,2.218366861343384,2.0321368724107742,13889.829270784408,2001-02-08 00:00:00+00:00,2.3628344535827637,max_hold,1942.998087246868,63.63210411941722,0.7511485756199769,20
CPT,1,2001-01-23 00:00:00+00:00,2001-01-24 00:00:00+00:00,10.266111373901367,9.992864608764648,5075.125339941465,2001-02-09 00:00:00+00:00,9.992864608764648,stop,-1489.5784241732895,102.81684237089385,-1.0741416864442273,12
PCAR,1,2001-01-16 00:00:00+00:00,2001-01-17 00:00:00+00:00,2.9833662509918213,2.7778615951538086,12324.057201385378,2001-02-14 00:00:00+00:00,2.819753408432007,max_hold,-2087.8920092176368,71.5179786292233,-0.8243898977781748,20
NKE,1,2001-01-25 00:00:00+00:00,2001-01-26 00:00:00+00:00,4.89594841003418,4.634073257446289,9815.675979237003,2001-02-20 00:00:00+00:00,4.634073257446289,stop,-2664.0252495790787,93.54360476309621,-1.0363914696499583,16
AAPL,1,2001-02-15 00:00:00+00:00,2001-02-16 00:00:00+00:00,0.28414174914360046,0.27473133709281683,141659.89921919146,2001-02-20 00:00:00+00:00,0.27473133709281683,stop,-1412.2479277976438,79.16990507256938,-1.0593888007475591,1
ADSK,1,2001-02-06 00:00:00+00:00,2001-02-07 00:00:00+00:00,8.924501419067383,8.391468048095703,4583.765719821113,2001-02-21 00:00:00+00:00,8.391468048095703,stop,-2522.6724406297267,79.37234724905122,-1.032485713672293,9
NDSN,1,2001-02-09 00:00:00+00:00,2001-02-12 00:00:00+00:00,11.155807495117188,10.474828720092773,3809.9474091278794,2001-02-21 00:00:00+00:00,10.413107872009277,stop_gap,-2911.822938040917,82.17643322068199,-1.1223088978766431,6
DOC,1,2001-02-06 00:00:00+00:00,2001-02-07 00:00:00+00:00,3.213411808013916,3.1107475757598877,16516.518900079423,2001-02-23 00:00:00+00:00,3.1107475757598877,stop,-1800.108830375017,104.45309798921468,-1.0616004156941978,11
ROST,1,2001-02-20 00:00:00+00:00,2001-02-21 00:00:00+00:00,2.189814567565918,2.0227711349725723,15036.106865796715,2001-02-23 00:00:00+00:00,2.0227711349725723,stop,-2575.0237925077513,63.34088880469608,-1.0252185053739509,2
UDR,1,2001-02-21 00:00:00+00:00,2001-02-22 00:00:00+00:00,3.333146333694458,3.2836573123931885,14772.134491648125,2001-02-26 00:00:00+00:00,3.432124376296997,target,1362.1794682443833,99.93748880040158,1.863297544948259,2
WDC,1,2001-02-12 00:00:00+00:00,2001-02-13 00:00:00+00:00,3.049400806427002,2.452598214149475,4371.444888704427,2001-02-28 00:00:00+00:00,2.452598214149475,stop,-2632.9413270733025,24.051685496155805,-1.0092191272152147,10
HAS,1,2001-02-23 00:00:00+00:00,2001-02-26 00:00:00+00:00,6.441650867462158,6.139225959777832,7567.406212608757,2001-02-28 00:00:00+00:00,6.139225959777832,stop,-2383.7767307205213,95.20460546252146,-1.0416000022073977,2
ROP,1,2001-02-20 00:00:00+00:00,2001-02-21 00:00:00+00:00,16.154321670532227,15.486364364624023,3109.6111058438573,2001-03-01 00:00:00+00:00,15.486364364624023,stop,-2175.4776853731314,98.39022869144051,-1.0473693239901543,6
RF,1,2001-02-23 00:00:00+00:00,2001-02-26 00:00:00+00:00,10.278929710388184,10.042387962341309,4742.379816511929,2001-03-05 00:00:00+00:00,10.752013206481934,target,2143.8049041887207,99.73671921117935,1.9110899319442654,5
SWK,1,2001-02-26 00:00:00+00:00,2001-02-27 00:00:00+00:00,17.81226921081543,17.061847686767578,2787.481463112304,2001-03-05 00:00:00+00:00,19.313112258911133,target,4080.0858629499053,103.48631265783582,1.9505272966192808,4
STE,1,2001-03-05 00:00:00+00:00,2001-03-06 00:00:00+00:00,13.0545015335083,12.816488265991211,3796.5396012972938,2001-03-06 00:00:00+00:00,12.816488265991211,stop,-1001.8470330613566,98.22023729855823,-1.1086955784834218,0
FICO,1,2001-03-06 00:00:00+00:00,2001-03-07 00:00:00+00:00,17.677316665649414,17.07910919189453,2785.407402730434,2001-03-08 00:00:00+00:00,17.07910919189453,stop,-1763.062331641577,96.81080587605439,-1.0581009555754657,1
GEN,1,2001-02-08 00:00:00+00:00,2001-02-09 00:00:00+00:00,2.167919397354126,1.9079900979995728,10106.639471543851,2001-03-12 00:00:00+00:00,1.9273473024368286,max_hold,-2472.7648143177576,41.38938407460638,-0.9412842731644228,20
GPC,1,2001-03-05 00:00:00+00:00,2001-03-06 00:00:00+00:00,12.181000709533691,11.704007148742676,4068.7898497838464,2001-03-13 00:00:00+00:00,11.704007148742676,stop,-2037.9696360945009,97.1830775357623,-1.0500740677057925,5
PNR,1,2001-03-02 00:00:00+00:00,2001-03-05 00:00:00+00:00,5.967549800872803,5.619619846343994,6985.309275810043,2001-03-19 00:00:00+00:00,5.619619846343994,stop,-2511.338302319341,80.93996361708807,-1.0333031677680897,10
LII,1,2001-03-02 00:00:00+00:00,2001-03-05 00:00:00+00:00,7.78510856628418,7.384848117828369,6072.042211711491,2001-03-19 00:00:00+00:00,7.338149070739746,stop_gap,-2805.7859826216727,91.82905875059745,-1.1544551927729936,10
HAS,1,2001-03-01 00:00:00+00:00,2001-03-02 00:00:00+00:00,6.653349876403809,6.129143238067627,4612.722618702849,2001-03-22 00:00:00+00:00,6.129143238067627,stop,-2476.981912640025,58.96209511253582,-1.0243844548688714,14
STLD,1,2001-03-15 00:00:00+00:00,2001-03-16 00:00:00+00:00,2.0273356437683105,1.8895546197891235,17434.198121692312,2001-03-22 00:00:00+00:00,1.8895546197891235,stop,-2470.3895103385735,68.28784087578792,-1.0284283724306558,4
UDR,1,2001-03-19 00:00:00+00:00,2001-03-20 00:00:00+00:00,3.5340073108673096,3.4786970615386963,13339.629312435178,2001-03-22 00:00:00+00:00,3.4786970615386963,stop,-831.3651000276573,93.5468768055895,-1.1267885149231858,2
HSY,1,2001-03-08 00:00:00+00:00,2001-03-09 00:00:00+00:00,17.787487030029297,17.055724382400513,2797.1149297653415,2001-03-30 00:00:00+00:00,19.251012325286865,target,3990.0475139313153,103.60093952285882,1.9493845450087726,15
WRB,1,2001-03-23 00:00:00+00:00,2001-03-26 00:00:00+00:00,1.7798709869384766,1.7022732496261597,25723.985709766654,2001-04-03 00:00:00+00:00,1.7022732496261597,stop,-2085.6977143130016,89.57462858073502,-1.0448743011996553,6
BSX,1,2001-03-23 00:00:00+00:00,2001-03-26 00:00:00+00:00,9.350000381469727,8.491277992725372,2665.900903095248,2001-04-05 00:00:00+00:00,8.491277992725372,stop,-2336.831871791823,47.563080130140435,-1.020776538038426,8
DRI,1,2001-04-04 00:00:00+00:00,2001-04-05 00:00:00+00:00,7.645024299621582,7.3258209228515625,6050.545765571663,2001-04-09 00:00:00+00:00,8.283431053161621,target,3766.333431257156,96.3758480868797,1.9500993519744017,2
DOC,1,2001-03-19 00:00:00+00:00,2001-03-20 00:00:00+00:00,3.4392755031585693,3.3006794452667236,13707.057626267826,2001-04-18 00:00:00+00:00,3.5932724475860596,max_hold,2014.4494515164245,96.39554002034834,1.0603793405973365,20
MKC,1,2001-04-16 00:00:00+00:00,2001-04-17 00:00:00+00:00,6.2301859855651855,6.078775405883789,7470.154603188032,2001-04-18 00:00:00+00:00,6.078775405883789,stop,-1223.0102833771484,91.94984459879632,-1.0812952530619058,1
MAA,1,2001-04-17 00:00:00+00:00,2001-04-18 00:00:00+00:00,6.6850409507751465,6.62595796585083,6990.492160228198,2001-04-18 00:00:00+00:00,6.803206920623779,target,731.7487948324004,94.28949100022888,1.7717067292947881,0
UDR,1,2001-03-22 00:00:00+00:00,2001-03-23 00:00:00+00:00,3.557295322418213,3.4612302780151367,12841.741083488307,2001-04-23 00:00:00+00:00,3.6900413036346436,max_hold,1611.6211001583524,93.0684204966525,1.3063924070424844,20
NVR,1,2001-04-18 00:00:00+00:00,2001-04-19 00:00:00+00:00,170.0,162.5,275.4617017682634,2001-04-25 00:00:00+00:00,185.0,target,4034.136622396218,97.78890412773352,1.9526666666666668,4
DTE,1,2001-04-24 00:00:00+00:00,2001-04-25 00:00:00+00:00,12.755715370178223,12.320520401000977,3737.83078794702,2001-05-03 00:00:00+00:00,12.320520401000977,stop,-1720.4158806616967,93.73072611133199,-1.0576206931311427,6
TSN,1,2001-05-02 00:00:00+00:00,2001-05-03 00:00:00+00:00,8.994603157043457,8.74781608581543,5290.962473009128,2001-05-04 00:00:00+00:00,8.74781608581543,stop,-1399.6156070856848,93.87447439436141,-1.0718936334653657,1
COHR,1,2001-05-04 00:00:00+00:00,2001-05-07 00:00:00+00:00,3.762500047683716,3.444999933242798,7464.7684810250985,2001-05-08 00:00:00+00:00,3.444999933242798,stop,-2423.8671656850356,53.80231868460924,-1.022700779159145,1
AAPL,1,2001-05-04 00:00:00+00:00,2001-05-07 00:00:00+00:00,0.3831424415111542,0.35831713676452637,95469.71814403884,2001-05-08 00:00:00+00:00,0.35831713676452637,stop,-2440.8517839536034,70.78693695317713,-1.0298670886759769,1
PPL,1,2001-05-04 00:00:00+00:00,2001-05-07 00:00:00+00:00,8.531376838684082,8.205988883972168,5173.428866113812,2001-05-16 00:00:00+00:00,9.18215274810791,target,3275.103189899629,91.63968528507075,1.9455618152722498,7
ERIE,1,2001-04-27 00:00:00+00:00,2001-04-30 00:00:00+00:00,14.812894821166992,13.951379895210266,2802.824864416937,2001-05-21 00:00:00+00:00,16.535924673080444,target,4741.485660327062,87.86525074859512,1.9636119833217818,15
DOC,1,2001-04-24 00:00:00+00:00,2001-04-25 00:00:00+00:00,3.552208185195923,3.413605034351349,13422.272329545754,2001-05-23 00:00:00+00:00,3.6464109420776367,max_hold,1167.7932307374112,96.62182632294272,0.6277212114175134,20
SWKS,1,2001-05-16 00:00:00+00:00,2001-05-17 00:00:00+00:00,21.020355224609375,19.01692771911621,1203.8353531800153,2001-05-29 00:00:00+00:00,19.01692771911621,stop,-2459.995155298848,48.19829665292809,-1.0199843931631907,7
EQT,1,2001-05-08 00:00:00+00:00,2001-05-09 00:00:00+00:00,7.482710838317871,7.103939056396484,6118.64893028582,2001-05-30 00:00:00+00:00,7.103939056396484,stop,-2406.8221480504944,89.25058977474777,-1.0385103922491823,14
EW,1,2001-05-23 00:00:00+00:00,2001-05-24 00:00:00+00:00,1.9524999856948853,1.8341670036315918,20723.524293590344,2001-05-30 00:00:00+00:00,1.8341670036315918,stop,-2530.7495138666964,78.47308534504386,-1.0320000977183275,3
MLM,1,2001-05-30 00:00:00+00:00,2001-05-31 00:00:00+00:00,36.44551086425781,35.614139556884766,1296.5183033855897,2001-06-01 00:00:00+00:00,35.614139556884766,stop,-1171.3147726253408,93.42665570657847,-1.0866756523614405,1
DRI,1,2001-05-04 00:00:00+00:00,2001-05-07 00:00:00+00:00,8.744850158691406,8.194894790649414,4309.5585291558755,2001-06-05 00:00:00+00:00,8.82797908782959,max_hold,282.5178494263091,75.73113616074437,0.11920258206599961,20
URI,1,2001-05-21 00:00:00+00:00,2001-05-22 00:00:00+00:00,20.58196258544922,19.253475189208984,1887.5333861214804,2001-06-05 00:00:00+00:00,23.238937377929688,target,4932.415215199309,82.71341169076724,1.9670144405679746,9
BKNG,1,2001-05-16 00:00:00+00:00,2001-05-17 00:00:00+00:00,1.1722087860107422,0.937766969203949,10287.400479554874,2001-06-06 00:00:00+00:00,1.6410924196243286,target,4794.652161119858,28.94155617198253,1.9880000025424067,13
GD,1,2001-05-30 00:00:00+00:00,2001-05-31 00:00:00+00:00,23.43174934387207,22.5762996673584,2016.5917285260712,2001-06-08 00:00:00+00:00,22.5762996673584,stop,-1817.8721929094436,92.77945108166946,-1.0537822975148383,6
APH,1,2001-06-05 00:00:00+00:00,2001-06-06 00:00:00+00:00,0.6848040223121643,0.6549531817436218,69846.47827646922,2001-06-08 00:00:00+00:00,0.6549531817436218,stop,-2178.5534097538743,93.57732244882561,-1.0448817245524287,2
LHX,1,2001-06-05 00:00:00+00:00,2001-06-06 00:00:00+00:00,8.977204322814941,8.489273846149445,4901.430793475134,2001-06-11 00:00:00+00:00,8.489273846149445,stop,-2477.1681973541895,85.61073395092322,-1.0357970633200242,3
ON,1,2001-05-31 00:00:00+00:00,2001-06-01 00:00:00+00:00,6.800000190734863,5.85240638256073,2487.8702214280734,2001-06-13 00:00:00+00:00,5.85240638256073,stop,-2388.9679629091556,31.47754554310292,-1.013352141459931,8
GILD,1,2001-05-16 00:00:00+00:00,2001-05-17 00:00:00+00:00,2.25728178024292,1.9800476729869843,8699.4954643853,2001-06-15 00:00:00+00:00,2.132730722427368,max_hold,-1121.7222564063586,38.19089385557493,-0.46509814969911634,20
ROST,1,2001-06-08 00:00:00+00:00,2001-06-11 00:00:00+00:00,2.3731882572174072,2.26486873626709,19798.004287236938,2001-06-15 00:00:00+00:00,2.26486873626709,stop,-2236.33461240729,91.82427224145533,-1.04281829307214,4
CLX,1,2001-06-11 00:00:00+00:00,2001-06-12 00:00:00+00:00,17.204862594604492,16.871074676513672,2692.6283475580644,2001-06-15 00:00:00+00:00,16.871074676513672,stop,-990.5206449895553,91.75383466582316,-1.1020885880652111,3
WAB,1,2001-06-15 00:00:00+00:00,2001-06-18 00:00:00+00:00,6.310100555419922,6.008530139923096,7288.024419673915,2001-06-18 00:00:00+00:00,6.008530139923096,stop,-2287.6310337166824,89.77848132460457,-1.040848273114087,0
TSCO,1,2001-06-01 00:00:00+00:00,2001-06-04 00:00:00+00:00,0.1594327986240387,0.15381750464439392,296548.3188996204,2001-06-19 00:00:00+00:00,0.15381750464439392,stop,-1758.0998406198673,92.89385082904995,-1.0557852009892899,11
NEM,1,2001-06-08 00:00:00+00:00,2001-06-11 00:00:00+00:00,13.989561080932617,13.350977897644043,3358.532195470307,2001-06-21 00:00:00+00:00,13.350977897644043,stop,-2236.5262609616534,91.82408040106057,-1.0428143735915163,8
AJG,1,2001-06-18 00:00:00+00:00,2001-06-19 00:00:00+00:00,13.369377136230469,13.033953666687012,3376.4158124869723,2001-06-25 00:00:00+00:00,13.033953666687012,stop,-1221.6777300710655,89.14862362529493,-1.078716408362405,4
IRM,1,2001-06-25 00:00:00+00:00,2001-06-26 00:00:00+00:00,4.4029741287231445,4.349798679351807,9928.816741144208,2001-06-26 00:00:00+00:00,4.50932502746582,target,967.4499988079574,88.4885850640544,1.832398235246644,0
MCO,1,2001-06-19 00:00:00+00:00,2001-06-20 00:00:00+00:00,13.242513656616211,12.751772403717041,3388.4212911769264,2001-06-29 00:00:00+00:00,12.751772403717041,stop,-1750.9177021181647,88.07959233577678,-1.0529694332945638,7
BSX,1,2001-06-20 00:00:00+00:00,2001-06-21 00:00:00+00:00,9.100000381469727,8.575967907905579,4254.307028902981,2001-06-29 00:00:00+00:00,8.575967907905579,stop,-2304.5940317935256,75.19899613615556,-1.0337306735385199,6
PGR,1,2001-06-21 00:00:00+00:00,2001-06-22 00:00:00+00:00,5.707092761993408,5.508532524108887,7800.475001732969,2001-07-11 00:00:00+00:00,5.508531093597412,stop_gap,-1636.362524139735,87.48719351437614,-1.0564919466584697,12
VMC,1,2001-06-26 00:00:00+00:00,2001-06-27 00:00:00+00:00,37.896366119384766,36.75892639160156,1165.916143455089,2001-07-11 00:00:00+00:00,36.75892639160156,stop,-1413.2011515625193,87.04181073292077,-1.0656345041301527,9
COO,1,2001-06-15 00:00:00+00:00,2001-06-18 00:00:00+00:00,5.837353229522705,5.59821891784668,7878.2566567859685,2001-07-17 00:00:00+00:00,6.088751792907715,max_hold,1886.6254892118914,93.95691628249102,1.0014140450367994,20
AZO,1,2001-07-11 00:00:00+00:00,2001-07-12 00:00:00+00:00,43.5,40.951215505599976,844.2075230528468,2001-07-20 00:00:00+00:00,48.59756898880005,target,4225.656629030671,77.74946059522357,1.963866082365477,6
COO,1,2001-07-20 00:00:00+00:00,2001-07-23 00:00:00+00:00,5.990645885467529,5.627744287252426,6179.644531668804,2001-07-25 00:00:00+00:00,5.627744287252426,stop,-2314.400398241475,71.79752129764346,-1.032015263172893,2
AME,1,2001-06-29 00:00:00+00:00,2001-07-02 00:00:00+00:00,3.7997426986694336,3.603973850607872,11333.311017948166,2001-07-31 00:00:00+00:00,3.9088387489318848,max_hold,1149.055717401214,87.36375105285086,0.517893780439304,20
COST,1,2001-07-02 00:00:00+00:00,2001-07-03 00:00:00+00:00,28.0490665435791,26.073593139648438,1118.8254822734677,2001-08-01 00:00:00+00:00,28.72087287902832,max_hold,688.1183924002089,63.51565485313429,0.31133620670511347,20
BKNG,1,2001-07-26 00:00:00+00:00,2001-07-27 00:00:00+00:00,1.9528999328613281,1.7348690032958984,10117.774266466604,2001-08-01 00:00:00+00:00,2.4030275344848633,target,4510.217173497225,44.07229083571035,2.0445341174515144,3
CASY,1,2001-07-11 00:00:00+00:00,2001-07-12 00:00:00+00:00,10.430312156677246,10.044596672058105,4125.865098745825,2001-08-06 00:00:00+00:00,11.201743125915527,target,3093.569170167299,89.25094190458978,1.943917068032795,17
O,1,2001-08-06 00:00:00+00:00,2001-08-07 00:00:00+00:00,3.654686212539673,3.600083827972412,12445.291192809053,2001-08-10 00:00:00+00:00,3.7638909816741943,target,1266.7587981042823,92.32635341832393,1.8641345565215115,3
FITB,1,2001-07-17 00:00:00+00:00,2001-07-18 00:00:00+00:00,29.595638275146484,28.503551602363586,1498.3342026306086,2001-08-15 00:00:00+00:00,30.46343994140625,max_hold,1210.2683465865116,89.98857107032791,0.7396323095719973,20
GPC,1,2001-08-01 00:00:00+00:00,2001-08-02 00:00:00+00:00,15.103049278259277,14.408966064453125,3029.9053001821453,2001-08-17 00:00:00+00:00,14.408966064453125,stop,-2192.4250199846592,89.41861170594109,-1.042519419510057,11
PCAR,1,2001-08-10 00:00:00+00:00,2001-08-13 00:00:00+00:00,3.3660545349121094,3.205385208129883,13756.044041363519,2001-08-17 00:00:00+00:00,3.205385208129883,stop,-2300.571349832988,90.39701452045222,-1.0409004000617306,4
EIX,1,2001-07-25 00:00:00+00:00,2001-07-26 00:00:00+00:00,6.236755847930908,5.8329362869262695,5403.195213855614,2001-08-23 00:00:00+00:00,6.308545112609863,max_hold,320.10670121317185,67.78471010637215,0.14670899936353943,20
ROK,1,2001-08-17 00:00:00+00:00,2001-08-20 00:00:00+00:00,9.747669219970703,9.397454261779785,4647.39681090174,2001-08-28 00:00:00+00:00,9.397454261779785,stop,-1716.5628656399656,88.97498581340723,-1.0546667783142307,6
NKE,1,2001-07-31 00:00:00+00:00,2001-08-01 00:00:00+00:00,4.318978786468506,4.096039772033691,10056.540362523063,2001-08-29 00:00:00+00:00,4.6049604415893555,max_hold,2786.242102624308,89.74395503966679,1.2427511469680474,20
O,1,2001-08-17 00:00:00+00:00,2001-08-20 00:00:00+00:00,3.7143731117248535,3.6661157608032227,12196.21332698594,2001-08-29 00:00:00+00:00,3.6661157608032227,stop,-678.5709631822299,90.01401674679838,-1.1529401994012034,7
JBHT,1,2001-08-16 00:00:00+00:00,2001-08-17 00:00:00+00:00,4.780708312988281,4.484381198883057,7836.2418800388905,2001-09-05 00:00:00+00:00,4.484381198883057,stop,-2394.6944241976594,72.60348245523525,-1.0312664250784063,12
GL,1,2001-08-30 00:00:00+00:00,2001-08-31 00:00:00+00:00,14.922128677368164,14.703771591186523,2999.640250007072,2001-09-05 00:00:00+00:00,14.703771591186523,stop,-743.8597474729643,88.86704288825197,-1.1356763858073757,2
TJX,1,2001-08-24 00:00:00+00:00,2001-08-27 00:00:00+00:00,3.3288044929504395,3.166421890258789,13926.737108512636,2001-09-06 00:00:00+00:00,3.166421890258789,stop,-2351.917128981902,90.45731029923029,-1.039999521349852,7
HAS,1,2001-08-31 00:00:00+00:00,2001-09-04 00:00:00+00:00,8.809324264526367,8.303032875061035,4415.589399845366,2001-09-06 00:00:00+00:00,8.303032875061035,stop,-2311.1360353480322,75.5611427919303,-1.033799423603982,2
PNR,1,2001-08-31 00:00:00+00:00,2001-09-04 00:00:00+00:00,8.006669998168945,7.857412815093994,5584.281338102754,2001-09-07 00:00:00+00:00,7.857412815093994,stop,-922.0836036234568,88.58950160022086,-1.1062868967940833,3
BMY,1,2001-09-05 00:00:00+00:00,2001-09-06 00:00:00+00:00,22.542749404907227,21.670878648757935,1961.6744913568043,2001-09-07 00:00:00+00:00,21.670878648757935,stop,-1797.0593684212472,86.73274632321254,-1.0507112180811515,1
ERIE,1,2001-09-05 00:00:00+00:00,2001-09-06 00:00:00+00:00,18.540145874023438,17.89033341407776,2385.177375255391,2001-09-17 00:00:00+00:00,17.89033341407776,stop,-1636.8111325891718,86.8931549676891,-1.0560630667056563,3
PCG,1,2001-09-07 00:00:00+00:00,2001-09-10 00:00:00+00:00,9.919198989868164,9.725059509277344,4347.586725446707,2001-09-17 00:00:00+00:00,9.725059509277344,stop,-929.4433461838976,85.40511748212865,-1.1011863142899248,1
MCO,1,2001-09-10 00:00:00+00:00,2001-09-17 00:00:00+00:00,13.221243858337402,12.863994121551514,3272.882049665894,2001-09-20 00:00:00+00:00,12.863994121551514,stop,-1254.610157920042,85.37390714564147,-1.0730168151125123,3
ED,1,2001-09-18 00:00:00+00:00,2001-09-19 00:00:00+00:00,14.361248970031738,13.78853690624237,2980.33564010351,2001-09-21 00:00:00+00:00,13.78853690624237,stop,-1790.7699853370295,83.89581010834215,-1.0491517250222042,2
AEP,1,2001-09-18 00:00:00+00:00,2001-09-19 00:00:00+00:00,16.93350601196289,16.20676040649414,2527.6125399871626,2001-09-21 00:00:00+00:00,16.20676040649414,stop,-1920.697058741183,83.76575297780744,-1.0456009175275047,2
PSA,1,2001-09-25 00:00:00+00:00,2001-09-26 00:00:00+00:00,13.038797378540039,12.915789313614368,3231.194670232926,2001-09-26 00:00:00+00:00,13.28481350839138,target,709.869296367847,85.05671119913822,1.7860009349562742,0
COR,1,2001-09-18 00:00:00+00:00,2001-09-19 00:00:00+00:00,10.367557525634766,9.936576843261719,4128.392057237691,2001-09-28 00:00:00+00:00,11.22951889038086,target,3469.3532531280994,89.16119873543437,1.9498885279565228,7
NEM,1,2001-09-26 00:00:00+00:00,2001-09-27 00:00:00+00:00,15.130620002746582,14.012604117393494,1886.2303479809132,2001-10-11 00:00:00+00:00,14.012604117393494,stop,-2163.8063262511623,54.97083377341756,-1.0260669141663727,10
BALL,1,2001-09-25 00:00:00+00:00,2001-09-26 00:00:00+00:00,2.7487692832946777,2.5947423577308655,13676.470020279374,2001-10-22 00:00:00+00:00,3.0568231344223022,target,4133.689248927694,79.40001065086753,1.9623079380668949,18
J,1,2001-10-15 00:00:00+00:00,2001-10-16 00:00:00+00:00,12.701784133911133,12.219535827636719,3387.7663300273935,2001-10-25 00:00:00+00:00,12.219535827636719,stop,-1718.1721833747695,84.42760866557138,-1.051677361303923,7
MO,1,2001-10-22 00:00:00+00:00,2001-10-23 00:00:00+00:00,2.698333263397217,2.611736536026001,16196.578282444672,2001-10-25 00:00:00+00:00,2.611736536026001,stop,-1488.5756350630197,86.00496119160343,-1.061319520501744,2
PSA,1,2001-09-27 00:00:00+00:00,2001-09-28 00:00:00+00:00,13.307363510131836,12.98669147491455,3244.631414775693,2001-10-26 00:00:00+00:00,13.066864967346191,max_hold,-865.9037773885752,85.57465025849692,-0.8322296363706658,20
SO,1,2001-10-01 00:00:00+00:00,2001-10-02 00:00:00+00:00,8.128840446472168,7.751898288726807,5346.542188301587,2001-10-30 00:00:00+00:00,7.948562145233154,max_hold,-1049.8240544445907,85.95851123486179,-0.5209173338562059,20
PCG,1,2001-10-03 00:00:00+00:00,2001-10-04 00:00:00+00:00,10.6168794631958,9.625020146369934,2183.0562113563756,2001-11-01 00:00:00+00:00,10.920222282409668,max_hold,615.1977219148287,47.01670374035825,0.2841186372782102,20
ISRG,1,2001-10-31 00:00:00+00:00,2001-11-01 00:00:00+00:00,2.0266671180725098,1.9222220182418823,19991.209935247494,2001-11-01 00:00:00+00:00,1.9222220182418823,stop,-2166.9269891570348,78.94307173507917,-1.0378082757613145,0
EOG,1,2001-11-01 00:00:00+00:00,2001-11-02 00:00:00+00:00,5.969719886779785,5.6826677322387695,7001.815051301439,2001-11-05 00:00:00+00:00,5.6826677322387695,stop,-2091.4739591882326,81.58786301444265,-1.0405932769870696,1
AZO,1,2001-10-31 00:00:00+00:00,2001-11-01 00:00:00+00:00,58.5,55.118096113204956,617.3989525765891,2001-11-08 00:00:00+00:00,65.5,target,4245.235197916626,76.55747011949705,2.03317427998116,5
SJM,1,2001-10-30 00:00:00+00:00,2001-10-31 00:00:00+00:00,15.432832717895508,14.680919647216797,2717.476335885204,2001-11-21 00:00:00+00:00,14.680919647216797,stop,-2125.139385649076,81.83340943689979,-1.040049513087903,15
CB,1,2001-10-26 00:00:00+00:00,2001-10-29 00:00:00+00:00,22.99879264831543,21.002321243286133,1054.0098115433098,2001-11-27 00:00:00+00:00,22.847078323364258,max_hold,-208.23038487310413,48.32199782289901,-0.0989546834606191,20
GILD,1,2001-11-05 00:00:00+00:00,2001-11-06 00:00:00+00:00,2.7891852855682373,2.6411731243133545,14182.9719411337,2001-11-27 00:00:00+00:00,3.085209608078003,target,4115.188282101395,83.31637794772371,1.9603114038478886,14
HAS,1,2001-11-13 00:00:00+00:00,2001-11-14 00:00:00+00:00,9.129199981689453,8.503306269645691,3349.6753449021458,2001-11-27 00:00:00+00:00,8.363359451293945,stop_gap,-2623.911537844515,58.59439505189995,-1.2515433127944908,8
BRO,1,2001-11-01 00:00:00+00:00,2001-11-02 00:00:00+00:00,5.680174350738525,5.274371385574341,5150.144053087036,2001-12-03 00:00:00+00:00,5.6342082023620605,max_hold,-295.0029857245694,58.270700020202696,-0.14115355442607522,20
SHW,1,2001-11-01 00:00:00+00:00,2001-11-02 00:00:00+00:00,6.000537872314453,5.626306533813477,5584.630448473135,2001-12-03 00:00:00+00:00,6.573582172393799,max_hold,3130.018832882656,70.22181366443408,1.4976569901378658,20
MCHP,1,2001-11-21 00:00:00+00:00,2001-11-23 00:00:00+00:00,6.418564319610596,6.006707191467285,5200.130618714314,2001-12-05 00:00:00+00:00,7.242278575897217,target,4212.383557769172,71.03816741837608,1.9668311121453883,8
EMR,1,2001-11-27 00:00:00+00:00,2001-11-28 00:00:00+00:00,13.58824634552002,13.226816177368164,3164.7594402354066,2001-12-05 00:00:00+00:00,14.38801097869873,target,2442.5245483494564,88.53812446927623,2.135373424418252,5
NVDA,1,2001-11-29 00:00:00+00:00,2001-11-30 00:00:00+00:00,0.40848687291145325,0.3704510033130646,56469.16233946331,2001-12-11 00:00:00+00:00,0.4845586121082306,target,4245.277859678034,50.429530470101284,1.9765209657502478,7
AKAM,1,2001-12-04 00:00:00+00:00,2001-12-05 00:00:00+00:00,6.099999904632568,5.179999828338623,2380.70708323928,2001-12-12 00:00:00+00:00,5.179999828338623,stop,-2217.1050734768955,26.854375263221705,-1.012260868258197,5
AOS,1,2001-11-28 00:00:00+00:00,2001-11-29 00:00:00+00:00,1.9298584461212158,1.8317300081253052,21567.226457458266,2001-12-28 00:00:00+00:00,2.027987480163574,max_hold,2031.011339867262,85.35975937591274,0.9596727517460132,20
HRL,1,2001-12-03 00:00:00+00:00,2001-12-04 00:00:00+00:00,3.7406558990478516,3.5869295597076416,11398.526290169428,2002-01-03 00:00:00+00:00,3.9017016887664795,max_hold,1748.5730541453001,87.11161388357746,0.9978994672560194,20
AMD,1,2001-12-28 00:00:00+00:00,2001-12-31 00:00:00+00:00,16.489999771118164,15.329999923706055,1996.1331001691942,2002-01-03 00:00:00+00:00,18.809999465942383,target,4560.564686308008,70.46349691304385,1.96956896217201,2
ON,1,2002-01-02 00:00:00+00:00,2002-01-03 00:00:00+00:00,2.2899999618530273,1.909999966621399,5988.723873628103,2002-01-03 00:00:00+00:00,3.049999952316284,target,4519.450301873279,31.97978497115778,1.9859473684705857,0
SCHW,1,2001-12-05 00:00:00+00:00,2001-12-06 00:00:00+00:00,11.057146072387695,9.981314063072205,2089.3725431446737,2002-01-04 00:00:00+00:00,13.208810091018677,target,4444.927100058929,50.70062254097354,1.9774444746453996,19
STT,1,2001-12-05 00:00:00+00:00,2001-12-06 00:00:00+00:00,32.146461486816406,31.115806579589844,1398.482916834752,2002-01-07 00:00:00+00:00,34.42774963378906,max_hold,3097.2396049649496,93.10289695391691,2.1488414020282773,20
SNPS,1,2001-12-05 00:00:00+00:00,2001-12-06 00:00:00+00:00,27.2549991607666,24.94011425971985,971.0261880767923,2002-01-07 00:00:00+00:00,28.989999771118164,max_hold,1630.1156620693744,54.615366911211325,0.7252004670558662,20
TFC,1,2002-01-03 00:00:00+00:00,2002-01-04 00:00:00+00:00,14.223570823669434,13.857847213745117,3370.6521050043802,2002-01-11 00:00:00+00:00,13.857847213745117,stop,-1327.3797464605173,94.65269081931933,-1.0767831697910502,5
EBAY,1,2002-01-08 00:00:00+00:00,2002-01-09 00:00:00+00:00,6.326338291168213,5.975594520568848,6974.8881234875735,2002-01-11 00:00:00+00:00,5.975594520568848,stop,-2532.2031650052895,85.80460506452691,-1.0350738454761863,2
PLD,1,2002-01-11 00:00:00+00:00,2002-01-14 00:00:00+00:00,10.779253959655762,10.712791442871094,4440.21577696033,2002-01-14 00:00:00+00:00,10.912178993225098,target,493.9011883852881,96.31464282225879,1.6736290769252844,0
HD,1,2002-01-08 00:00:00+00:00,2002-01-09 00:00:00+00:00,29.50633430480957,28.358226776123047,1658.2192383972254,2002-01-15 00:00:00+00:00,28.358226776123047,stop,-1999.7661202225013,95.95212840581382,-1.0503999491642841,4
WSM,1,2001-12-14 00:00:00+00:00,2001-12-17 00:00:00+00:00,6.275863170623779,5.860617160797119,5347.879875907966,2002-01-16 00:00:00+00:00,6.497645854949951,max_hold,1117.7559624701892,68.31119186259454,0.5033381907458827,20
ROK,1,2002-01-15 00:00:00+00:00,2002-01-16 00:00:00+00:00,10.838499069213867,10.513642311096191,4418.740507334923,2002-01-16 00:00:00+00:00,10.513642311096191,stop,-1529.8072882115953,94.34957203551826,-1.0657278657339044,0
MET,1,2002-01-15 00:00:00+00:00,2002-01-16 00:00:00+00:00,14.9791259765625,14.666858673095703,3197.283670007416,2002-01-17 00:00:00+00:00,14.666858673095703,stop,-1093.1937726532824,94.7866226016427,-1.0949378443421003,1
HST,1,2002-01-17 00:00:00+00:00,2002-01-18 00:00:00+00:00,4.550021171569824,4.405354022979736,10424.295550299266,2002-01-23 00:00:00+00:00,4.405354022979736,stop,-1601.4065911139394,93.35347779180341,-1.0619033089531922,2
BKNG,1,2002-01-15 00:00:00+00:00,2002-01-16 00:00:00+00:00,1.3480401039123535,1.2566077709197998,26190.141555147427,2002-01-29 00:00:00+00:00,1.5543489456176758,target,5327.243788285592,76.01398005530126,2.224666548455651,8
WDC,1,2002-01-22 00:00:00+00:00,2002-01-23 00:00:00+00:00,4.226892471313477,3.7740113735198975,5173.619025351165,2002-01-31 00:00:00+00:00,3.7740113735198975,stop,-2384.4278921184173,41.39362835163523,-1.0176666764937055,6
REG,1,2002-01-03 00:00:00+00:00,2002-01-04 00:00:00+00:00,9.537814140319824,9.28227424621582,5026.592910298904,2002-02-04 00:00:00+00:00,9.945297241210938,max_hold,1950.3179964649169,97.9336695409664,1.5183538792250881,20
JBHT,1,2002-01-23 00:00:00+00:00,2002-01-24 00:00:00+00:00,5.531397342681885,5.044177234172821,4830.011980461633,2002-02-04 00:00:00+00:00,5.044177234172821,stop,-2404.3591131270687,51.0801519064737,-1.0217059484864386,7
NVDA,1,2002-01-15 00:00:00+00:00,2002-01-16 00:00:00+00:00,0.4912666082382202,0.4555176794528961,50595.87676471036,2002-02-05 00:00:00+00:00,0.4555176794528961,stop,-1856.6517764354485,47.9033811427838,-1.0264842701546848,13
BF.B,1,2002-01-30 00:00:00+00:00,2002-01-31 00:00:00+00:00,4.209405899047852,4.106025695800781,11568.67101892869,2002-02-07 00:00:00+00:00,4.416166305541992,target,2292.1567152857647,99.78640718491538,1.9165645652294239,5
ES,1,2002-02-04 00:00:00+00:00,2002-02-05 00:00:00+00:00,7.751275062561035,7.661590099334717,6154.958167315503,2002-02-07 00:00:00+00:00,7.644510269165039,stop_gap,-751.893251764182,94.76041466974362,-1.362107697133712,2
FRT,1,2002-02-08 00:00:00+00:00,2002-02-11 00:00:00+00:00,9.561235427856445,9.470547676086426,5032.785732410131,2002-02-11 00:00:00+00:00,9.742610931396484,target,815.6719238875263,97.15212253748538,1.787139431924537,0
AVY,1,2002-02-05 00:00:00+00:00,2002-02-06 00:00:00+00:00,31.66357421875,30.897966384887695,1501.9576527731726,2002-02-12 00:00:00+00:00,33.19478988647461,target,2202.4065738709696,97.41451631419095,1.9152851352394997,4
RCL,1,2002-01-18 00:00:00+00:00,2002-01-22 00:00:00+00:00,12.467864036560059,11.596343040466309,2698.917965936379,2002-02-20 00:00:00+00:00,11.956473350524902,max_hold,-1446.1207931329086,65.9192829800952,-0.6148044921738217,20
FE,1,2002-02-13 00:00:00+00:00,2002-02-14 00:00:00+00:00,12.974472999572754,12.666550636291504,3808.0390281912278,2002-02-20 00:00:00+00:00,12.666550636291504,stop,-1270.2223957560223,97.64201872814483,-1.0832710666501486,3
ROST,1,2002-01-23 00:00:00+00:00,2002-01-24 00:00:00+00:00,3.387619972229004,3.1620421409606934,10432.226198777123,2002-02-22 00:00:00+00:00,3.627047300338745,max_hold,2424.581449313063,73.17859569658575,1.0302992077299178,20
MGM,1,2002-02-20 00:00:00+00:00,2002-02-21 00:00:00+00:00,15.017718315124512,14.403783798217773,3224.557276873112,2002-02-28 00:00:00+00:00,16.24558734893799,target,3858.523708252242,100.81031977816113,1.9490771331418533,5
WY,1,2002-02-07 00:00:00+00:00,2002-02-08 00:00:00+00:00,9.46481990814209,9.000541687011719,5037.645712193902,2002-03-04 00:00:00+00:00,10.393376350402832,target,4577.699822651089,100.03855723376381,1.9572278100613971,15
TROW,1,2002-02-20 00:00:00+00:00,2002-02-21 00:00:00+00:00,9.284048080444336,8.96399211883545,5215.989022834498,2002-03-04 00:00:00+00:00,9.92416000366211,target,3238.6269623743656,100.18980251502009,1.9399848451891075,7
CHD,1,2002-03-06 00:00:00+00:00,2002-03-07 00:00:00+00:00,3.8412153720855713,3.766867160797119,13226.99432039174,2002-03-11 00:00:00+00:00,3.766867160797119,stop,-1084.0354328951526,100.63206445151096,-1.1023304044715383,2
WELL,1,2002-03-01 00:00:00+00:00,2002-03-04 00:00:00+00:00,7.95883846282959,7.785815715789795,6321.765247665706,2002-03-12 00:00:00+00:00,7.733917713165283,stop_gap,-1521.1020993402274,99.20592063349577,-1.3906466632676964,6
SYY,1,2002-02-11 00:00:00+00:00,2002-02-12 00:00:00+00:00,14.75144100189209,14.179069519042969,3321.5930729766787,2002-03-13 00:00:00+00:00,15.469494819641113,max_hold,2284.7009359759377,100.38165108367747,1.2017245836630985,20
LUV,1,2002-03-11 00:00:00+00:00,2002-03-12 00:00:00+00:00,17.031394958496094,16.442665100097656,2943.1823168876517,2002-03-19 00:00:00+00:00,16.442665100097656,stop,-1831.2595703009408,98.52026163888836,-1.0568580981261178,5
DOC,1,2002-03-13 00:00:00+00:00,2002-03-14 00:00:00+00:00,4.3070969581604,4.234380722045898,11560.361644257793,2002-03-19 00:00:00+00:00,4.452529430389404,target,1579.987524865544,101.26444892021958,1.8795368564627501,3
GWW,1,2002-03-19 00:00:00+00:00,2002-03-20 00:00:00+00:00,38.3319091796875,37.46959686279297,1328.3436148960545,2002-03-22 00:00:00+00:00,37.46959686279297,stop,-1246.1375067441074,100.69044655103363,-1.0879049325370493,2
NSC,1,2002-03-19 00:00:00+00:00,2002-03-20 00:00:00+00:00,14.709349632263184,13.702919960021973,2529.6326315690067,2002-03-22 00:00:00+00:00,13.696961402893066,stop_gap,-2632.827832168047,71.85753133703001,-1.0341453249162813,2
NUE,1,2002-03-04 00:00:00+00:00,2002-03-05 00:00:00+00:00,7.828493118286133,7.327721536159515,5060.323886466471,2002-04-03 00:00:00+00:00,8.2062349319458,max_hold,1830.355005213602,81.1409173655826,0.7222995443818542,20
REG,1,2002-03-04 00:00:00+00:00,2002-03-05 00:00:00+00:00,10.132256507873535,9.924503833055496,5001.97837812291,2002-04-03 00:00:00+00:00,10.177959442138672,max_hold,127.0138279740184,101.59126103696812,0.12222571063099347,20
EFX,1,2002-04-03 00:00:00+00:00,2002-04-04 00:00:00+00:00,23.843441009521484,23.090063095092773,2096.1669572770274,2002-04-04 00:00:00+00:00,23.090063095092773,stop,-1677.586351061062,98.38046049331815,-1.0622974249785437,0
NVR,1,2002-03-22 00:00:00+00:00,2002-03-25 00:00:00+00:00,299.0,276.59173583984375,111.01589567151365,2002-04-08 00:00:00+00:00,343.8165283203125,target,4903.984179723317,71.36285264393241,1.9713134170622955,9
TPR,1,2002-03-12 00:00:00+00:00,2002-03-13 00:00:00+00:00,3.9073078632354736,3.7221975326538086,12746.491094372896,2002-04-09 00:00:00+00:00,4.387306213378906,target,6012.567470958122,105.72722445882525,2.548230207274774,18
EIX,1,2002-03-26 00:00:00+00:00,2002-03-27 00:00:00+00:00,7.5199995040893555,7.362961769104004,6750.218949447185,2002-04-10 00:00:00+00:00,7.834074974060059,target,2016.434824459143,103.64336449362757,1.9022268470722554,9
AOS,1,2002-04-04 00:00:00+00:00,2002-04-05 00:00:00+00:00,2.883488655090332,2.776042938232422,17382.25350482065,2002-04-12 00:00:00+00:00,3.0983800888061523,target,3631.31901792378,103.97835893897175,1.9443265965472862,5
EOG,1,2002-04-10 00:00:00+00:00,2002-04-11 00:00:00+00:00,6.66000509262085,6.466187477111816,7951.215373805379,2002-04-12 00:00:00+00:00,6.466187477111816,stop,-1645.454788309713,104.36918415998832,-1.0677244559802197,1
OKE,1,2002-04-12 00:00:00+00:00,2002-04-15 00:00:00+00:00,2.8103601932525635,2.7467048168182373,18756.61961112345,2002-04-17 00:00:00+00:00,2.937670946121216,target,2280.1057303689286,107.8136335941265,1.9097007753099364,2
VRTX,1,2002-04-12 00:00:00+00:00,2002-04-15 00:00:00+00:00,28.139999389648438,25.700000762939453,1080.1821062124868,2002-04-24 00:00:00+00:00,25.700000762939453,stop,-2693.7998605173893,58.157004763303,-1.0220655862520736,7
TXT,1,2002-04-04 00:00:00+00:00,2002-04-05 00:00:00+00:00,20.727548599243164,19.99020767211914,2418.1118447786257,2002-04-25 00:00:00+00:00,19.99020767211914,stop,-1881.432918251245,98.46008873259036,-1.055222428016007,14
CSGP,1,2002-04-24 00:00:00+00:00,2002-04-25 00:00:00+00:00,2.5309998989105225,2.319113776087761,12511.621658162105,2002-04-29 00:00:00+00:00,2.319113776087761,stop,-2711.721790673916,60.68278730065673,-1.022890190307816,2
PWR,1,2002-04-08 00:00:00+00:00,2002-04-09 00:00:00+00:00,16.6889591217041,15.512298583984375,2193.7684428301286,2002-05-02 00:00:00+00:00,15.512298583984375,stop,-2651.9628585472465,70.64210297417989,-1.0273666505108534,17
RCL,1,2002-04-09 00:00:00+00:00,2002-04-10 00:00:00+00:00,16.175369262695312,14.982630848884583,2174.717544728725,2002-05-08 00:00:00+00:00,16.856597900390625,max_hold,1409.644671841178,71.83519852646612,0.5434524980722939,20
YUM,1,2002-04-18 00:00:00+00:00,2002-04-19 00:00:00+00:00,7.290047645568848,7.110785961151123,7402.193567507658,2002-05-08 00:00:00+00:00,7.6485772132873535,target,2543.32666708959,110.57859283763537,1.9167004035229118,13
DTE,1,2002-05-02 00:00:00+00:00,2002-05-03 00:00:00+00:00,14.467399597167969,14.080382347106934,3608.875006605233,2002-05-08 00:00:00+00:00,14.080382347106934,stop,-1499.7222576230672,103.02537675270985,-1.0737635904853666,3
USB,1,2002-04-12 00:00:00+00:00,2002-04-15 00:00:00+00:00,10.166036605834961,9.803288459777832,5185.192534603537,2002-05-13 00:00:00+00:00,10.396082878112793,max_hold,1086.2156651845955,106.61854844379182,0.5774920011883198,20
PNR,1,2002-05-08 00:00:00+00:00,2002-05-09 00:00:00+00:00,10.57656478881836,10.20648193359375,4875.369136662684,2002-05-13 00:00:00+00:00,10.20648193359375,stop,-1905.6155549263312,101.32502455626656,-1.0561578209555222,2
NEE,1,2002-05-13 00:00:00+00:00,2002-05-14 00:00:00+00:00,3.713129758834839,3.586017832159996,13807.036848745285,2002-05-17 00:00:00+00:00,3.586017832159996,stop,-1855.8186552678599,100.77959975329608,-1.0574229954807177,3
J,1,2002-05-17 00:00:00+00:00,2002-05-20 00:00:00+00:00,15.53073501586914,15.230751991271973,3353.853518157914,2002-05-21 00:00:00+00:00,15.230751991271973,stop,-1109.2686438555331,103.16952142266919,-1.1025440924480616,1
CRH,1,2002-05-22 00:00:00+00:00,2002-05-23 00:00:00+00:00,8.485067367553711,8.334667310118675,6009.156603323373,2002-05-23 00:00:00+00:00,8.334667310118675,stop,-1004.8499179804415,101.07241970448214,-1.1118332995646465,0
WRB,1,2002-04-29 00:00:00+00:00,2002-04-30 00:00:00+00:00,2.332165002822876,2.251777693629265,22176.21275564535,2002-05-29 00:00:00+00:00,2.3027429580688477,max_hold,-755.2542292150205,102.78470504356922,-0.4236608123415923,20
RSG,1,2002-05-23 00:00:00+00:00,2002-05-24 00:00:00+00:00,8.627348899841309,8.289595603942871,5951.2803481310275,2002-06-04 00:00:00+00:00,8.289595603942871,stop,-2110.742031772649,100.67747937579398,-1.0500866896318048,6
TRMB,1,2002-05-08 00:00:00+00:00,2002-05-09 00:00:00+00:00,2.8399999141693115,2.6766669750213623,15785.137343487808,2002-06-05 00:00:00+00:00,2.6766669750213623,stop,-2665.3142216900615,87.08134452414643,-1.0337755930798112,18
MMM,1,2002-05-08 00:00:00+00:00,2002-05-09 00:00:00+00:00,26.802419662475586,26.240528106689453,1923.8806866199025,2002-06-07 00:00:00+00:00,26.07197380065918,max_hold,-1507.0147105704805,101.72402440046659,-1.3940772862898982,20
TDY,1,2002-06-06 00:00:00+00:00,2002-06-07 00:00:00+00:00,19.860000610351562,18.68000030517578,2089.7471718029346,2002-06-11 00:00:00+00:00,18.68000030517578,stop,-2546.4411583821943,80.53885791450578,-1.0326610092781172,2
RF,1,2002-05-13 00:00:00+00:00,2002-05-14 00:00:00+00:00,12.873702049255371,12.688067436218262,3982.32918613886,2002-06-12 00:00:00+00:00,12.694743156433105,max_hold,-814.4951875920101,101.82196558680545,-1.1017737192528205,20
WSM,1,2002-06-07 00:00:00+00:00,2002-06-10 00:00:00+00:00,10.160924911499023,9.594682693481445,4367.676800495234,2002-06-13 00:00:00+00:00,9.594682693481445,stop,-2559.4491081123006,86.2861090159604,-1.0348889697312664,3
MCO,1,2002-06-12 00:00:00+00:00,2002-06-13 00:00:00+00:00,19.399559020996094,18.622366905212402,2515.6483882173598,2002-06-14 00:00:00+00:00,18.338289260864258,stop_gap,-2764.71671874453,94.93515720505326,-1.4140745719036254,1
INTU,1,2002-05-29 00:00:00+00:00,2002-05-30 00:00:00+00:00,18.625049591064453,17.7550106048584,2725.4859293606187,2002-06-17 00:00:00+00:00,20.365127563476562,target,4636.29085058158,106.26717921797939,1.9551857126258632,12
MCO,1,2002-06-17 00:00:00+00:00,2002-06-18 00:00:00+00:00,18.747976303100586,18.045658111572266,2580.3419234859366,2002-06-20 00:00:00+00:00,20.152612686157227,target,3524.0653258374236,100.37682061727736,1.9446111613532238,2
UNH,1,2002-06-17 00:00:00+00:00,2002-06-18 00:00:00+00:00,17.825546264648438,17.3533992767334,2713.8685410921075,2002-06-24 00:00:00+00:00,17.3533992767334,stop,-1376.8158908875685,95.47103361354863,-1.0745084612246052,4
RSG,1,2002-06-05 00:00:00+00:00,2002-06-06 00:00:00+00:00,8.756617546081543,8.285437673330307,5279.979202446151,2002-06-25 00:00:00+00:00,8.285437673330307,stop,-2577.8016258631833,89.98169712543346,-1.0361688947363195,13
VTRS,1,2002-06-14 00:00:00+00:00,2002-06-17 00:00:00+00:00,10.526178359985352,9.999190330505371,4495.621294718631,2002-06-25 00:00:00+00:00,9.999190330505371,stop,-2461.4128919589316,92.27428456692115,-1.0389484533657145,6
TSN,1,2002-06-24 00:00:00+00:00,2002-06-25 00:00:00+00:00,9.995657920837402,9.744770050048828,4802.2389706607855,2002-06-26 00:00:00+00:00,9.65894603729248,stop_gap,-1711.357034124655,94.38610508063505,-1.4204213475244702,1
MCO,1,2002-06-25 00:00:00+00:00,2002-06-26 00:00:00+00:00,19.352739334106445,18.993778228759766,2449.5610001287405,2002-06-26 00:00:00+00:00,18.993778228759766,stop,-973.2292581330797,93.93213391274887,-1.1068263859000314,0
TSN,1,2002-06-26 00:00:00+00:00,2002-06-27 00:00:00+00:00,10.08808708190918,9.586322784423828,4660.735061847923,2002-07-02 00:00:00+00:00,9.573122024536133,stop_gap,-2491.75138516582,91.63568664073334,-1.065492840281447,3
VTRS,1,2002-06-27 00:00:00+00:00,2002-06-28 00:00:00+00:00,10.519963264465332,9.889265894889832,3765.904503986608,2002-07-02 00:00:00+00:00,9.889265894889832,stop,-2452.0052727509938,76.85920801411042,-1.032359781638366,2
CINF,1,2002-06-27 00:00:00+00:00,2002-06-28 00:00:00+00:00,18.218265533447266,17.512760162353516,2607.4337981036742,2002-07-08 00:00:00+00:00,17.512760162353516,stop,-1932.7248333736604,93.16628404014182,-1.0506460009516394,5
LMT,1,2002-06-26 00:00:00+00:00,2002-06-27 00:00:00+00:00,36.13594055175781,34.76142501831055,1301.1395428405988,2002-07-10 00:00:00+00:00,34.76142501831055,stop,-1880.6838786433186,92.24736582644155,-1.0515798940389265,8
TSCO,1,2002-07-09 00:00:00+00:00,2002-07-10 00:00:00+00:00,0.678942859172821,0.6313764527440071,47855.32247588448,2002-07-15 00:00:00+00:00,0.6313764527440071,stop,-2339.0114718880345,62.705753218158875,-1.0275471579690973,3
INTU,1,2002-06-26 00:00:00+00:00,2002-06-27 00:00:00+00:00,20.763011932373047,18.847923398017883,1227.564687641472,2002-07-18 00:00:00+00:00,18.847923398017883,stop,-2399.5200439374985,48.624985456037884,-1.0206836052849788,14
L,1,2002-08-29 00:00:00+00:00,2002-08-30 00:00:00+00:00,14.820051193237305,14.608412817120552,2992.90131725912,2002-08-30 00:00:00+00:00,15.24332794547081,target,1176.84882229932,89.97672702549987,1.8579493015854396,0
ERIE,1,2002-08-14 00:00:00+00:00,2002-08-15 00:00:00+00:00,21.908533096313477,21.321481704711914,2022.899552318033,2002-09-13 00:00:00+00:00,22.272924423217773,max_hold,647.7524014262583,89.37465063701796,0.5454545785355965,20
SJM,1,2002-09-04 00:00:00+00:00,2002-09-05 00:00:00+00:00,17.342914581298828,16.95919418334961,2607.6178514883522,2002-09-13 00:00:00+00:00,18.110355377197266,target,1908.7437397077845,92.44857963741013,1.907606501640322,6
ALGN,1,2002-09-13 00:00:00+00:00,2002-09-16 00:00:00+00:00,3.2899999618530273,2.9200000762939453,6284.447473547792,2002-09-19 00:00:00+00:00,2.9200000762939453,stop,-2364.2712650652097,39.02641905046443,-1.016783789078106,3
DE,1,2002-09-06 00:00:00+00:00,2002-09-09 00:00:00+00:00,14.740130424499512,14.190546035766602,3105.398888841222,2002-09-20 00:00:00+00:00,14.190546035766602,stop,-1796.5200406287968,89.8412905331353,-1.052641008466356,9
ALGN,1,2002-09-20 00:00:00+00:00,2002-09-23 00:00:00+00:00,2.990000009536743,2.8551988750696182,15046.892796867498,2002-09-23 00:00:00+00:00,2.8551988750696182,stop,-2116.2903002159906,87.95208099304139,-1.043361644601232,0
SJM,1,2002-09-20 00:00:00+00:00,2002-09-23 00:00:00+00:00,17.74083709716797,17.29080581665039,2535.9688136313544,2002-09-30 00:00:00+00:00,17.29080581665039,stop,-1230.104446470875,88.8391539197132,-1.0778426843430278,5
TPR,1,2002-09-03 00:00:00+00:00,2002-09-04 00:00:00+00:00,4.186171054840088,3.849611520767212,6618.65247751337,2002-10-01 00:00:00+00:00,3.849611520767212,stop,-2280.7566462749883,53.18605225280203,-1.0238762589143213,19
BALL,1,2002-09-26 00:00:00+00:00,2002-09-27 00:00:00+00:00,5.1066155433654785,4.828530102968216,8067.1046589604175,2002-10-02 00:00:00+00:00,4.828530102968216,stop,-2323.4922115488052,80.14785973098884,-1.035726953673449,3
HSIC,1,2002-09-04 00:00:00+00:00,2002-09-05 00:00:00+00:00,10.031373023986816,9.574509620666504,4508.225698605214,2002-10-03 00:00:00+00:00,10.019607543945312,max_hold,-143.43578535812006,90.3943458785854,-0.06964107953976154,20
UHS,1,2002-10-21 00:00:00+00:00,2002-10-22 00:00:00+00:00,24.432233810424805,23.209516525268555,1733.978173326533,2002-10-25 00:00:00+00:00,23.209516525268555,stop,-2202.7748398311765,82.6097552211643,-1.0389638315529377,3
COO,1,2002-10-10 00:00:00+00:00,2002-10-11 00:00:00+00:00,6.850845813751221,6.389135152101517,4614.844337121101,2002-10-28 00:00:00+00:00,6.389135152101517,stop,-2191.82328348643,61.10045118385666,-1.0286759264309513,11
TSCO,1,2002-10-29 00:00:00+00:00,2002-10-30 00:00:00+00:00,0.7524422407150269,0.716545045375824,55314.158811730245,2002-11-04 00:00:00+00:00,0.8244380354881287,target,3895.163019831105,87.2238060249864,1.9616829067421606,3
JBHT,1,2002-10-30 00:00:00+00:00,2002-10-31 00:00:00+00:00,5.4464521408081055,5.2014899253845215,7722.905166234954,2002-11-11 00:00:00+00:00,5.2014899253845215,stop,-1974.053005819926,82.23304679276953,-1.0434676917327042,7
AMZN,1,2002-10-30 00:00:00+00:00,2002-10-31 00:00:00+00:00,0.9514999985694885,0.9035000205039978,43815.05478868006,2002-11-13 00:00:00+00:00,1.04749995470047,target,4118.657045114743,87.58629247509211,1.9583541486093488,9
BG,1,2002-10-18 00:00:00+00:00,2002-10-21 00:00:00+00:00,15.274503707885742,14.106609582901001,1824.6293951500775,2002-11-18 00:00:00+00:00,15.887685775756836,max_hold,1061.9705786674167,56.85944694909087,0.49834986402988835,20
MMM,1,2002-10-29 00:00:00+00:00,2002-10-30 00:00:00+00:00,27.025423049926758,26.434415817260742,1540.0576532206385,2002-11-21 00:00:00+00:00,28.20743751525879,target,1735.3086339294134,85.0617896226824,1.9065445268477819,16
ETN,1,2002-11-12 00:00:00+00:00,2002-11-13 00:00:00+00:00,9.80233383178711,9.536048889160156,4338.042336747469,2002-11-21 00:00:00+00:00,10.334903717041016,target,2222.9545204762294,87.35618903195724,1.9243771076570444,6
HUBB,1,2002-11-22 00:00:00+00:00,2002-11-25 00:00:00+00:00,19.224634170532227,18.746246337890625,2388.0758286097807,2002-11-29 00:00:00+00:00,20.18140983581543,target,2190.748218472167,94.10462119269216,1.9176274116572904,3
HPQ,1,2002-11-13 00:00:00+00:00,2002-11-14 00:00:00+00:00,4.204679012298584,3.7160627841949463,4416.27707345602,2002-12-02 00:00:00+00:00,5.181911468505859,target,4274.275507447008,41.45378433829718,1.9807894418135996,11
T,1,2002-11-18 00:00:00+00:00,2002-11-19 00:00:00+00:00,3.693415880203247,3.4553630352020264,9249.06476407044,2002-12-02 00:00:00+00:00,4.1695215702056885,target,4330.807543660357,72.72481771466714,1.9669697816450433,8
AIG,1,2002-11-04 00:00:00+00:00,2002-11-05 00:00:00+00:00,751.7206420898438,709.2799682617188,50.59913345943891,2002-12-04 00:00:00+00:00,730.53515625,max_hold,-1146.968084374532,75.00085896122492,-0.5341041881187549,20
ZBRA,1,2002-12-02 00:00:00+00:00,2002-12-03 00:00:00+00:00,28.991111755371094,27.77777862548828,1601.9191986123017,2002-12-04 00:00:00+00:00,27.77777862548828,stop,-2034.6008104566467,90.93917538501586,-1.0467875548624823,1
HST,1,2002-12-04 00:00:00+00:00,2002-12-05 00:00:00+00:00,4.200019359588623,4.125351905822754,10841.386190703497,2002-12-05 00:00:00+00:00,4.125351905822754,stop,-899.7572672215962,90.2585650693106,-1.1114993326478873,0
COO,1,2002-12-03 00:00:00+00:00,2002-12-04 00:00:00+00:00,7.151916980743408,6.906147480010986,6410.588387857235,2002-12-09 00:00:00+00:00,7.643455982208252,target,3056.207168859153,94.8470461103148,1.9397998005494592,3
JKHY,1,2002-12-05 00:00:00+00:00,2002-12-06 00:00:00+00:00,9.316116333007812,8.989240646362305,4906.8747188136695,2002-12-09 00:00:00+00:00,8.989240646362305,stop,-1693.7601363766319,89.82209338093058,-1.0560009744598167,1
GEN,1,2002-11-13 00:00:00+00:00,2002-11-14 00:00:00+00:00,3.637680768966675,3.4067301750183105,9343.403751432248,2002-12-13 00:00:00+00:00,3.7359001636505127,max_hold,848.8091170050709,68.89434374730473,0.39335605160440484,20
JCI,1,2002-12-10 00:00:00+00:00,2002-12-11 00:00:00+00:00,17.21857452392578,16.255298614501953,2370.449003793365,2002-12-13 00:00:00+00:00,16.255298614501953,stop,-2362.744529105953,79.34810923409151,-1.0347500366311972,2
ORCL,1,2002-12-06 00:00:00+00:00,2002-12-09 00:00:00+00:00,8.829218864440918,8.2972412109375,3931.9882003573794,2002-12-18 00:00:00+00:00,8.2972412109375,stop,-2159.070895359526,67.3410389302797,-1.0321939464234815,7
SWKS,1,2002-12-16 00:00:00+00:00,2002-12-17 00:00:00+00:00,8.12328052520752,7.090261936187744,2240.053079721754,2002-12-18 00:00:00+00:00,7.090261936187744,stop,-2348.0956143876947,34.07914264412613,-1.014727268824689,1
GLW,1,2002-12-16 00:00:00+00:00,2002-12-17 00:00:00+00:00,2.521275520324707,2.259324550628662,8833.777078315992,2002-12-19 00:00:00+00:00,2.259324550628662,stop,-2356.2472270709522,42.230755327383676,-1.0182499804314544,2
CASY,1,2002-12-16 00:00:00+00:00,2002-12-17 00:00:00+00:00,10.812612533569336,9.870268821716309,2455.597084839968,2002-12-20 00:00:00+00:00,9.066022872924805,stop_gap,-4337.734398245123,48.813919154783584,-1.8745477619598447,3
ROL,1,2002-12-02 00:00:00+00:00,2002-12-03 00:00:00+00:00,1.0120400190353394,0.9410198926925659,32695.955992740448,2002-12-23 00:00:00+00:00,1.1540802717208862,target,4573.318477302826,70.8233737015477,1.9694999093594734,14
COHR,1,2002-11-27 00:00:00+00:00,2002-11-29 00:00:00+00:00,3.9725000858306885,3.692500114440918,8283.276000457416,2002-12-30 00:00:00+00:00,4.239999771118164,max_hold,2147.747320302834,68.02640296882439,0.9260257568726291,20
FICO,1,2002-12-23 00:00:00+00:00,2002-12-24 00:00:00+00:00,26.414409637451172,25.69108009338379,1704.7498681369675,2002-12-31 00:00:00+00:00,27.861068725585938,target,2373.665775154429,92.52611458245835,1.9249643833738097,4
PCG,1,2002-12-10 00:00:00+00:00,2002-12-11 00:00:00+00:00,7.947493553161621,7.601687908172607,5746.2051515939775,2003-01-02 00:00:00+00:00,8.639104843139648,target,3878.8303602200504,95.30999715224675,1.9520349114115005,14
AJG,1,2002-12-20 00:00:00+00:00,2002-12-23 00:00:00+00:00,14.207633972167969,13.97618293762207,3102.8535271053292,2003-01-02 00:00:00+00:00,14.670536041259766,target,1346.7125861033253,89.60473168251161,1.8752298944349675,6
NI,1,2002-12-31 00:00:00+00:00,2003-01-02 00:00:00+00:00,3.115751266479492,3.0564920902252197,14489.830219938962,2003-01-06 00:00:00+00:00,3.234269618988037,target,1625.3000812722019,92.01072452349098,1.8928432474622914,2
EXPD,1,2002-12-19 00:00:00+00:00,2002-12-20 00:00:00+00:00,13.275025367736816,12.47298812866211,2783.4861253469567,2003-01-13 00:00:00+00:00,12.47298812866211,stop,-2304.1287652984997,71.6692383224726,-1.0321032643398254,14
CASY,1,2003-01-02 00:00:00+00:00,2003-01-03 00:00:00+00:00,10.170845985412598,9.837772369384766,4558.314916304294,2003-01-13 00:00:00+00:00,9.837772369384766,stop,-1609.4600156683882,91.2055835013127,-1.0600726607931785,6
AMT,1,2002-12-31 00:00:00+00:00,2003-01-02 00:00:00+00:00,2.603071928024292,2.230179786682129,6053.587868109743,2003-01-14 00:00:00+00:00,3.348856210708618,target,4478.640165912269,36.030519972494545,1.9840384725800069,8
FE,1,2003-01-14 00:00:00+00:00,2003-01-15 00:00:00+00:00,12.054935455322266,11.822064399719238,3930.2310102750325,2003-01-16 00:00:00+00:00,11.822064399719238,stop,-1009.079169389116,93.84212526261658,-1.1025331370324716,1
AKAM,1,2002-12-20 00:00:00+00:00,2002-12-23 00:00:00+00:00,1.7999999523162842,1.440000057220459,6122.808337295277,2003-01-21 00:00:00+00:00,1.440000057220459,stop,-2224.048258189372,19.83789907122835,-1.0090000026490962,18
NI,1,2003-01-16 00:00:00+00:00,2003-01-17 00:00:00+00:00,3.306001663208008,3.164093255996704,14134.915142691247,2003-01-21 00:00:00+00:00,3.164093255996704,stop,-2097.3175366143687,91.45424264811638,-1.0455934574022145,1
T,1,2003-01-02 00:00:00+00:00,2003-01-03 00:00:00+00:00,4.172403335571289,3.873031795024872,7743.207467570138,2003-01-23 00:00:00+00:00,3.873031795024872,stop,-2380.3934217200776,62.29747338308332,-1.0268744153699831,13
WRB,1,2003-01-06 00:00:00+00:00,2003-01-07 00:00:00+00:00,2.370967388153076,2.273165702819824,19982.346930782092,2003-01-24 00:00:00+00:00,2.273165702819824,stop,-2047.107885360769,92.8006786165459,-1.0474852051388313,12
AFL,1,2003-01-23 00:00:00+00:00,2003-01-24 00:00:00+00:00,9.620277404785156,9.3655366897583,4727.312759538567,2003-01-24 00:00:00+00:00,9.3655366897583,stop,-1293.9909137397942,89.75188121936245,-1.0745299552627146,0
PPL,1,2003-01-23 00:00:00+00:00,2003-01-24 00:00:00+00:00,6.142485618591309,5.839145749807358,7403.852926947704,2003-01-27 00:00:00+00:00,5.839145749807358,stop,-2334.5940118325134,88.71023647652689,-1.0394990326079834,1
AES,1,2002-12-31 00:00:00+00:00,2003-01-02 00:00:00+00:00,1.9063438177108765,1.4393504858016968,4833.763543718834,2003-01-31 00:00:00+00:00,2.199148178100586,max_hold,1395.5020651553057,19.84497753838292,0.6182076887771147,20
ORCL,1,2003-01-29 00:00:00+00:00,2003-01-30 00:00:00+00:00,9.591449737548828,9.170634269714355,4658.325051330349,2003-01-31 00:00:00+00:00,9.170634269714355,stop,-2047.6951217468234,87.3998859461986,-1.0445850626732267,1
ALGN,1,2003-01-06 00:00:00+00:00,2003-01-07 00:00:00+00:00,2.930000066757202,2.5399999618530273,6074.03591895007,2003-02-05 00:00:00+00:00,3.200000047683716,max_hold,1602.7557413851957,37.23384087828217,0.6765895123974572,20
ORCL,1,2003-01-31 00:00:00+00:00,2003-02-03 00:00:00+00:00,9.535870552062988,9.130938529968262,4674.271386930737,2003-02-05 00:00:00+00:00,9.130938529968262,stop,-1980.015896106823,87.25373157743749,-1.0460986241232966,2
ROK,1,2003-01-31 00:00:00+00:00,2003-02-03 00:00:00+00:00,14.41057300567627,13.448753416538239,2317.1313713276177,2003-02-10 00:00:00+00:00,13.448753416538239,stop,-2293.2160627861413,64.55371923696964,-1.0289652308362545,5
PEG,1,2003-01-28 00:00:00+00:00,2003-01-29 00:00:00+00:00,7.168447971343994,6.837287902832031,6224.593230562652,2003-02-12 00:00:00+00:00,6.837287902832031,stop,-2148.5167294036733,87.18000871144457,-1.042292948957009,10
FFIV,1,2003-02-10 00:00:00+00:00,2003-02-11 00:00:00+00:00,6.630000114440918,6.315000057220459,6508.086746827859,2003-02-13 00:00:00+00:00,6.315000057220459,stop,-2134.2948817013603,84.24718405487377,-1.0410952311751536,2
FICO,1,2003-01-22 00:00:00+00:00,2003-01-23 00:00:00+00:00,29.869598388671875,28.431654453277588,1518.1829636540638,2003-02-21 00:00:00+00:00,30.36719512939453,max_hold,663.992420830649,91.45047370427596,0.30415646704936716,20
TRMB,1,2003-02-11 00:00:00+00:00,2003-02-12 00:00:00+00:00,2.6583330631256104,2.521667003631592,15608.919660369766,2003-03-03 00:00:00+00:00,2.9316651821136475,target,4179.165252371353,87.25383351154754,1.9590973920962145,12
EL,1,2003-03-03 00:00:00+00:00,2003-03-04 00:00:00+00:00,10.5693941116333,10.453122809529305,4118.189525321195,2003-03-05 00:00:00+00:00,10.453122809529305,stop,-565.4019674007532,86.57470898061942,-1.18080572368889,1
LHX,1,2003-02-18 00:00:00+00:00,2003-02-19 00:00:00+00:00,9.199074745178223,8.826873779296875,4704.187915053944,2003-03-10 00:00:00+00:00,8.826873779296875,stop,-1835.7007348766615,84.79744920622024,-1.0484306871203057,13
FFIV,1,2003-02-18 00:00:00+00:00,2003-02-19 00:00:00+00:00,6.800000190734863,6.309999942779541,4415.730035496945,2003-03-10 00:00:00+00:00,6.309999942779541,stop,-2221.5990336521954,57.890221354928514,-1.0267550887743833,13
FICO,1,2003-02-21 00:00:00+00:00,2003-02-24 00:00:00+00:00,31.329904556274414,29.88715386390686,1393.4157485048363,2003-03-10 00:00:00+00:00,29.88261604309082,stop_gap,-2101.9690971090013,85.29449020883223,-1.0455729058133454,10
ROL,1,2003-02-10 00:00:00+00:00,2003-02-11 00:00:00+00:00,1.2451170682907104,1.1781569719314575,32219.648882194004,2003-03-12 00:00:00+00:00,1.3031773567199707,max_hold,1788.57695556738,82.1051516222966,0.8290309754994641,20
SPG,1,2003-03-13 00:00:00+00:00,2003-03-14 00:00:00+00:00,11.86691665649414,11.631627082824707,3542.562352320541,2003-03-18 00:00:00+00:00,12.337495803833008,target,1581.3103308077787,85.74564034199315,1.8971292604136691,2
EVRG,1,2003-03-05 00:00:00+00:00,2003-03-06 00:00:00+00:00,4.627549648284912,4.513944625854492,9367.639335662003,2003-03-21 00:00:00+00:00,4.854759693145752,target,2039.5948997162307,88.82685397970116,1.9165326572842472,11
VTR,1,2003-03-13 00:00:00+00:00,2003-03-14 00:00:00+00:00,4.741830825805664,4.5995774269104,8865.624635243914,2003-03-25 00:00:00+00:00,4.544254302978516,stop_gap,-1833.9662332049197,82.32694508272118,-1.454183939100383,7
WMB,1,2003-03-13 00:00:00+00:00,2003-03-14 00:00:00+00:00,1.30227530002594,1.1776247024536133,16862.85224626742,2003-03-25 00:00:00+00:00,1.5515764951705933,target,4155.805137387025,48.12408115514417,1.977105189619804,7
ARE,1,2003-03-19 00:00:00+00:00,2003-03-20 00:00:00+00:00,18.183181762695312,17.8701171875,2374.9519067959604,2003-04-02 00:00:00+00:00,18.809310913085938,target,1399.171228603267,87.85539101748228,1.8818375006092507,9
VLO,1,2003-03-28 00:00:00+00:00,2003-03-31 00:00:00+00:00,5.240743637084961,4.965424507856369,8004.591553950813,2003-04-03 00:00:00+00:00,4.965424507856369,stop,-2285.5133837954786,81.6962073311992,-1.0370703197178404,3
AMT,1,2003-03-31 00:00:00+00:00,2003-04-01 00:00:00+00:00,3.958388566970825,3.7647736072540283,11036.296926282863,2003-04-03 00:00:00+00:00,4.345618486404419,target,4181.938882090735,91.64548751899642,1.9571107156930352,2
AMZN,1,2003-04-03 00:00:00+00:00,2003-04-04 00:00:00+00:00,1.3355000019073486,1.253000020980835,26829.302651392067,2003-04-09 00:00:00+00:00,1.253000020980835,stop,-2282.8646075387105,69.44765052720237,-1.0313757651070716,3
ZBH,1,2003-03-13 00:00:00+00:00,2003-03-14 00:00:00+00:00,39.430904388427734,37.70416212081909,1066.1508488696868,2003-04-11 00:00:00+00:00,40.93955993652344,max_hold,1522.767354490099,85.68703876409757,0.827155916990888,20
VTRS,1,2003-03-25 00:00:00+00:00,2003-03-26 00:00:00+00:00,14.77280330657959,14.209542274475098,2970.3456576293706,2003-04-11 00:00:00+00:00,14.209542274475098,stop,-1759.1675451680153,86.08758434459956,-1.0514545546898015,12
TRMB,1,2003-04-10 00:00:00+00:00,2003-04-11 00:00:00+00:00,3.3466670513153076,3.1066670417785645,9064.25648569113,2003-04-28 00:00:00+00:00,3.826667070388794,target,4285.822345682029,65.0209403366859,1.9701111090139105,10
SBAC,1,2003-04-11 00:00:00+00:00,2003-04-14 00:00:00+00:00,1.2588599920272827,1.0089420825242996,8692.759677916843,2003-04-29 00:00:00+00:00,1.8113096952438354,target,4775.624256936104,26.688247261872938,2.198239952558198,10
EBAY,1,2003-04-02 00:00:00+00:00,2003-04-03 00:00:00+00:00,8.301807403564453,7.911942154169083,5297.218601489312,2003-05-02 00:00:00+00:00,8.561616897583008,max_hold,1286.9384396657688,89.32924489284524,0.6231539489456536,20
ALGN,1,2003-04-28 00:00:00+00:00,2003-04-29 00:00:00+00:00,6.369999885559082,5.53466671705246,2797.9909538374773,2003-05-05 00:00:00+00:00,8.040666222572327,target,4634.188384434528,40.32091340932401,1.9827486006165729,4
EIX,1,2003-04-04 00:00:00+00:00,2003-04-07 00:00:00+00:00,6.250216007232666,5.9675445556640625,7044.875326014263,2003-05-06 00:00:00+00:00,6.820046901702881,max_hold,3922.3092357821743,92.07837267167945,1.9696387041269894,20
ELV,1,2003-04-11 00:00:00+00:00,2003-04-14 00:00:00+00:00,26.287155151367188,25.121644973754883,1652.8805144620696,2003-05-13 00:00:00+00:00,28.192947387695312,max_hold,3059.9977521271376,90.04909991271194,1.5884135285559755,20
TROW,1,2003-04-14 00:00:00+00:00,2003-04-15 00:00:00+00:00,7.153298377990723,6.723490923643112,5046.784297039119,2003-05-14 00:00:00+00:00,7.758188247680664,max_hold,2977.4936392412883,75.25505654794719,1.372657400648803,20
EQIX,1,2003-05-09 00:00:00+00:00,2003-05-12 00:00:00+00:00,3.0742886066436768,2.7375807762145996,7221.549131874948,2003-05-14 00:00:00+00:00,3.747704267501831,target,4813.838924343257,49.26535671794257,1.9797391320972488,2
PEG,1,2003-05-02 00:00:00+00:00,2003-05-05 00:00:00+00:00,7.901005268096924,7.738924980163574,6104.238992362602,2003-05-15 00:00:00+00:00,8.225165843963623,target,1880.3156244924696,98.43800249975138,1.9005050440267486,8
AMT,1,2003-04-30 00:00:00+00:00,2003-05-01 00:00:00+00:00,4.976672172546387,4.48752436041832,4843.064930358433,2003-05-19 00:00:00+00:00,5.954967796802521,target,4685.006587191135,52.942642166858235,1.9776516633657417,12
MS,1,2003-05-06 00:00:00+00:00,2003-05-07 00:00:00+00:00,23.006772994995117,22.08913803100586,2131.6635914405865,2003-05-19 00:00:00+00:00,22.08913803100586,stop,-2052.2183546257647,96.12931165697039,-1.049143627690421,8
BRO,1,2003-05-14 00:00:00+00:00,2003-05-15 00:00:00+00:00,6.849843978881836,6.572332382202148,7277.339122576451,2003-05-19 00:00:00+00:00,6.572332382202148,stop,-2117.2237286283844,97.6777291426373,-1.048366181888162,2
BG,1,2003-05-13 00:00:00+00:00,2003-05-14 00:00:00+00:00,17.02190399169922,16.78158187866211,2893.9543527425703,2003-05-20 00:00:00+00:00,16.78158187866211,stop,-793.3069701564389,97.82574507240415,-1.140659073953555,4
GS,1,2003-05-15 00:00:00+00:00,2003-05-16 00:00:00+00:00,52.615028381347656,51.78940963745117,949.7763422987261,2003-05-20 00:00:00+00:00,51.78940963745117,stop,-883.3140159725205,99.16086526124882,-1.12645599290305,2
ATO,1,2003-05-19 00:00:00+00:00,2003-05-20 00:00:00+00:00,10.485611915588379,10.237563133239746,4742.212285068747,2003-05-23 00:00:00+00:00,10.981709480285645,target,2250.797370649028,101.80259525103297,1.9134552437927244,3
ESS,1,2003-05-20 00:00:00+00:00,2003-05-21 00:00:00+00:00,25.431486129760742,24.795698165893555,1952.7892698229873,2003-05-29 00:00:00+00:00,24.795698165893555,stop,-1339.6430202684244,98.08310654597537,-1.078999898000816,5
WRB,1,2003-05-20 00:00:00+00:00,2003-05-21 00:00:00+00:00,2.8246407508850098,2.7854273319244385,17581.822826243948,2003-05-29 00:00:00+00:00,2.9030675888061523,target,1278.1832159232292,100.7035532288499,1.8539349923695683,5
STZ,1,2003-05-20 00:00:00+00:00,2003-05-21 00:00:00+00:00,11.107462882995605,10.713464736938477,4471.078026817167,2003-06-03 00:00:00+00:00,11.895459175109863,target,3420.345047518876,102.8478593665833,1.9416166743719396,8
CNC,1,2003-05-29 00:00:00+00:00,2003-05-30 00:00:00+00:00,2.799999952316284,2.621101588010788,14260.060164984588,2003-06-06 00:00:00+00:00,3.1577966809272766,target,5017.244338386619,84.95853844079579,1.9666973107531063,5
UDR,1,2003-06-06 00:00:00+00:00,2003-06-09 00:00:00+00:00,5.908374309539795,5.849808216094971,9003.196081176064,2003-06-12 00:00:00+00:00,6.025506973266602,target,947.1252658443162,107.44307319858294,1.7962403885297422,3
HD,1,2003-05-20 00:00:00+00:00,2003-05-21 00:00:00+00:00,17.518903732299805,16.593594551086426,2683.5534672165236,2003-06-13 00:00:00+00:00,19.369522094726562,target,4867.241259956615,98.99206302827616,1.9601339459545255,16
FFIV,1,2003-06-03 00:00:00+00:00,2003-06-04 00:00:00+00:00,8.569999694824219,7.929999828338623,4082.870872698618,2003-06-16 00:00:00+00:00,7.929999828338623,stop,-2680.404180857706,67.36736745266265,-1.0257812546333307,8
ALGN,1,2003-06-10 00:00:00+00:00,2003-06-11 00:00:00+00:00,10.0,9.25,3536.064155791017,2003-06-16 00:00:00+00:00,11.5,target,5228.070854337019,76.02537934950686,1.9713333333333334,3
GRMN,1,2003-05-23 00:00:00+00:00,2003-05-27 00:00:00+00:00,11.990031242370605,11.13693517446518,2953.508247157271,2003-06-17 00:00:00+00:00,11.13693517446518,stop,-2587.9319582199687,68.30568604385373,-1.027109451428628,15
TER,1,2003-06-16 00:00:00+00:00,2003-06-17 00:00:00+00:00,15.89638900756836,15.013760566711426,3035.158432509092,2003-06-18 00:00:00+00:00,17.661645889282227,target,5255.980357482938,101.85395259561045,1.9619794317252348,1
MTB,1,2003-06-16 00:00:00+00:00,2003-06-17 00:00:00+00:00,46.309303283691406,45.41552734375,1156.967159980012,2003-06-19 00:00:00+00:00,45.41552734375,stop,-1140.192027683153,106.1226167906785,-1.102626202528404,2
CNP,1,2003-06-12 00:00:00+00:00,2003-06-13 00:00:00+00:00,3.80190110206604,3.5897750854492188,12702.089494299385,2003-06-20 00:00:00+00:00,3.5897750854492188,stop,-2788.3333795828034,93.88973244670049,-1.03484568420887,5
SYY,1,2003-06-18 00:00:00+00:00,2003-06-19 00:00:00+00:00,16.334699630737305,16.006418228149414,3267.318303386149,2003-06-20 00:00:00+00:00,16.006418228149414,stop,-1178.2685616690014,105.66872633230923,-1.0985164484004788,1
NVDA,1,2003-06-18 00:00:00+00:00,2003-06-19 00:00:00+00:00,0.19505855441093445,0.17391027137637138,126182.02384703812,2003-06-23 00:00:00+00:00,0.17391027137637138,stop,-2715.0903873654556,46.557233174307484,-1.017446750886788,2
WSM,1,2003-06-20 00:00:00+00:00,2003-06-23 00:00:00+00:00,9.185725212097168,8.981245994567871,5667.34397724949,2003-06-25 00:00:00+00:00,9.594683647155762,target,2211.273086835928,106.43503703877006,1.9081549260302595,2
WELL,1,2003-05-30 00:00:00+00:00,2003-06-02 00:00:00+00:00,9.544320106506348,9.255217403173447,5363.653779840513,2003-06-30 00:00:00+00:00,9.723672866821289,max_hold,858.6392674467359,103.34684334132923,0.5537297489649433,20
DVN,1,2003-06-19 00:00:00+00:00,2003-06-20 00:00:00+00:00,16.465164184570312,15.624191761016846,3118.55100032566,2003-07-02 00:00:00+00:00,15.624191761016846,stop,-2722.6876858028754,100.072293083917,-1.03815744137007,8
EOG,1,2003-06-25 00:00:00+00:00,2003-06-26 00:00:00+00:00,7.206245422363281,6.8432029485702515,7284.500056893623,2003-07-03 00:00:00+00:00,6.8432029485702515,stop,-2746.9261284575164,102.34320745738933,-1.038699186417904,5
CCI,1,2003-06-17 00:00:00+00:00,2003-06-18 00:00:00+00:00,4.821655750274658,4.362959146499634,5780.568478042864,2003-07-08 00:00:00+00:00,5.739048957824707,target,5242.007380792889,61.04687674155805,1.9769767104853495,13
ON,1,2003-06-24 00:00:00+00:00,2003-06-25 00:00:00+00:00,2.3399999141693115,2.0999999046325684,10895.607459296045,2003-07-09 00:00:00+00:00,2.819999933242798,target,5173.670455451891,56.22133282742983,1.978500001490116,9
T,1,2003-06-20 00:00:00+00:00,2003-06-23 00:00:00+00:00,3.8858134746551514,3.769596576690674,13397.108429675116,2003-07-15 00:00:00+00:00,3.769596576690674,stop,-1659.5307419220997,102.56035853150476,-1.0658717465827194,15
EQIX,1,2003-07-07 00:00:00+00:00,2003-07-08 00:00:00+00:00,6.902510166168213,5.7120068073272705,2262.3035843277776,2003-07-16 00:00:00+00:00,9.283516883850098,target,5349.942324708962,36.61770701128279,1.9864040475570126,6
LEN,1,2003-07-02 00:00:00+00:00,2003-07-03 00:00:00+00:00,27.14310646057129,25.775785446166992,1882.5026233905303,2003-07-17 00:00:00+00:00,25.775785446166992,stop,-2673.6053494744447,99.61995284135472,-1.038702609957175,9
STZ,1,2003-07-08 00:00:00+00:00,2003-07-09 00:00:00+00:00,12.637357711791992,11.934734046459198,3877.5421035394743,2003-07-17 00:00:00+00:00,11.934734046459198,stop,-2819.7321656357926,95.2793203646543,-1.0349719102424664,6
MSI,1,2003-07-15 00:00:00+00:00,2003-07-16 00:00:00+00:00,24.996219635009766,23.614788055419922,1462.1666296076119,2003-07-17 00:00:00+00:00,23.614788055419922,stop,-2090.9605500389466,71.07739327654528,-1.0351888637907516,1
EW,1,2003-07-18 00:00:00+00:00,2003-07-21 00:00:00+00:00,2.6791670322418213,2.636667013168335,19854.62551908782,2003-07-21 00:00:00+00:00,2.636667013168335,stop,-949.365857551397,105.54389429323632,-1.1250783919936274,0
WAT,1,2003-06-30 00:00:00+00:00,2003-07-01 00:00:00+00:00,28.93000030517578,27.8700008392334,1820.7526301200037,2003-07-25 00:00:00+00:00,31.049999237060547,target,3750.7848891596623,109.2087419211234,1.9434150662624046,17
FCX,1,2003-07-17 00:00:00+00:00,2003-07-18 00:00:00+00:00,7.16340970993042,6.814688205718994,7373.66191362398,2003-07-25 00:00:00+00:00,7.8608527183532715,target,5031.925116483182,110.7838316477272,1.9569161573151088,5
PEP,1,2003-07-25 00:00:00+00:00,2003-07-28 00:00:00+00:00,24.541027069091797,24.111482620239258,2252.4505908821566,2003-07-29 00:00:00+00:00,24.111482620239258,stop,-1077.1150218256855,109.58737419763358,-1.1132653671099666,1
ORLY,1,2003-07-25 00:00:00+00:00,2003-07-28 00:00:00+00:00,1.2013330459594727,1.1526670455932617,46013.427424267844,2003-07-31 00:00:00+00:00,1.2986650466918945,target,4363.545470963057,115.03348079702172,1.9486294728591023,3
AKAM,1,2003-07-07 00:00:00+00:00,2003-07-08 00:00:00+00:00,5.159999847412109,4.297796428203583,3123.717623774285,2003-08-01 00:00:00+00:00,4.297796428203583,stop,-2722.82350076833,29.54348490820753,-1.0109693328336573,18
CNC,1,2003-07-21 00:00:00+00:00,2003-07-22 00:00:00+00:00,3.4749999046325684,3.212580591440201,10019.818715953714,2003-08-05 00:00:00+00:00,3.212580591440201,stop,-2696.402289971601,67.00834421899697,-1.0254843304584462,10
AAPL,1,2003-07-31 00:00:00+00:00,2003-08-01 00:00:00+00:00,0.31405124068260193,0.30163902044296265,180544.98809374982,2003-08-05 00:00:00+00:00,0.30163902044296265,stop,-2352.1239462470276,111.15979086435277,-1.0496035559503942,2
MU,1,2003-07-18 00:00:00+00:00,2003-07-21 00:00:00+00:00,13.79819107055664,12.92056655883789,3030.5590499102955,2003-08-08 00:00:00+00:00,12.92056655883789,stop,-2740.6656791484834,80.97277273612136,-1.0304444067737673,14
MCHP,1,2003-07-29 00:00:00+00:00,2003-07-30 00:00:00+00:00,6.736434459686279,6.449492454528809,8232.437115727893,2003-08-08 00:00:00+00:00,6.449492454528809,stop,-2470.784327453606,108.55231413385965,-1.0459532821169866,7
AOS,1,2003-07-15 00:00:00+00:00,2003-07-16 00:00:00+00:00,3.5762712955474854,3.369858071208,13050.18974329539,2003-08-13 00:00:00+00:00,3.7387688159942627,max_hold,2025.16081321003,95.46266143543649,0.7518049331956026,20
ON,1,2003-08-05 00:00:00+00:00,2003-08-06 00:00:00+00:00,2.950000047683716,2.6100207567214966,7972.418903598754,2003-08-15 00:00:00+00:00,3.6299586296081543,target,5368.456465254854,52.45818694374036,1.980646001529478,7
IDXX,1,2003-08-13 00:00:00+00:00,2003-08-14 00:00:00+00:00,9.9375,9.614999771118164,5530.599359142931,2003-08-21 00:00:00+00:00,10.582500457763672,target,3453.75121697334,113.4879013813204,1.9363721367612354,5
FCX,1,2003-08-08 00:00:00+00:00,2003-08-11 00:00:00+00:00,8.131123542785645,7.722860157489777,6547.042679611445,2003-08-25 00:00:00+00:00,7.722860157489777,stop,-2776.714515982266,103.79670792756738,-1.038832734629842,10
WAT,1,2003-08-21 00:00:00+00:00,2003-08-22 00:00:00+00:00,30.860000610351562,29.850000381469727,1831.9010175323617,2003-08-26 00:00:00+00:00,29.850000381469727,stop,-1961.4351595878616,111.21471259130811,-1.0601088982514717,2
KEY,1,2003-08-25 00:00:00+00:00,2003-08-26 00:00:00+00:00,12.234288215637207,12.125474080443382,4509.442610462747,2003-08-29 00:00:00+00:00,12.451916486024857,target,870.0611723550942,111.32102337228072,1.7731342103882932,3
MAA,1,2003-08-08 00:00:00+00:00,2003-08-11 00:00:00+00:00,10.702247619628906,10.449117660522461,4995.0588008304385,2003-09-03 00:00:00+00:00,11.208507537841797,target,2419.352549594832,109.44551038216495,1.9134406877999892,16
ACN,1,2003-08-29 00:00:00+00:00,2003-09-02 00:00:00+00:00,14.498422622680664,14.073812484741211,3888.142329829727,2003-09-03 00:00:00+00:00,15.409287452697754,target,3425.286668810252,116.28543353235384,2.0747434910923648,1
MMM,1,2003-09-03 00:00:00+00:00,2003-09-04 00:00:00+00:00,31.269107818603516,30.677135467529297,1828.8712387213445,2003-09-04 00:00:00+00:00,30.677135467529297,stop,-1195.9329096907366,113.29170269284349,-1.1046438117822943,0
CCI,1,2003-08-06 00:00:00+00:00,2003-08-07 00:00:00+00:00,5.952661991119385,5.637170314788818,8573.359200960385,2003-09-05 00:00:00+00:00,6.488398551940918,max_hold,4486.400292133613,106.66168087655126,1.6586665815239239,20
CCL,1,2003-09-03 00:00:00+00:00,2003-09-04 00:00:00+00:00,22.353334426879883,21.725828170776367,2558.328473856371,2003-09-09 00:00:00+00:00,21.725828170776367,stop,-1718.136099289961,112.76897677732875,-1.0702449771120446,3
BRK.B,1,2003-09-09 00:00:00+00:00,2003-09-10 00:00:00+00:00,50.459999084472656,50.099998474121094,1130.6954004845966,2003-09-15 00:00:00+00:00,50.02000045776367,stop_gap,-611.1166967624886,113.612273323101,-1.5013269719832154,3
EQIX,1,2003-08-18 00:00:00+00:00,2003-08-19 00:00:00+00:00,11.653016090393066,9.574217796325684,1319.2132960770923,2003-09-17 00:00:00+00:00,13.907502174377441,max_hold,2940.428242263457,33.71977554950662,1.072218296542125,20
AXON,1,2003-08-28 00:00:00+00:00,2003-08-29 00:00:00+00:00,1.9016669988632202,1.7008329629898071,13921.653070819317,2003-09-17 00:00:00+00:00,2.3033350706100464,target,5533.342964510992,58.54057997328408,1.9790623036021457,12
FCX,1,2003-08-26 00:00:00+00:00,2003-08-27 00:00:00+00:00,8.44207763671875,7.931581556797028,5372.023776837135,2003-09-18 00:00:00+00:00,9.463069796562195,target,5388.607280903927,96.18687773935963,1.9649259844737175,15
TYL,1,2003-09-15 00:00:00+00:00,2003-09-16 00:00:00+00:00,6.400000095367432,6.070000171661377,8585.164166735802,2003-09-18 00:00:00+00:00,7.059999942779541,target,5550.650730041777,115.55631001176191,1.9592121116666186,2
SLB,1,2003-09-05 00:00:00+00:00,2003-09-08 00:00:00+00:00,15.20615291595459,14.908614158630371,3768.068805535267,2003-09-19 00:00:00+00:00,15.801230430603027,target,2125.455065892796,116.8379539294375,1.8957870778737917,9
A,1,2003-09-19 00:00:00+00:00,2003-09-22 00:00:00+00:00,14.612706184387207,14.404379844665527,4130.152407255954,2003-09-22 00:00:00+00:00,14.404379844665527,stop,-980.2645212107623,119.84498771444527,-1.1392866887010977,0
NEM,1,2003-09-04 00:00:00+00:00,2003-09-05 00:00:00+00:00,26.034696578979492,24.982648849487305,2204.437183546264,2003-09-24 00:00:00+00:00,28.165401458740234,target,4577.524352641849,119.48071146620225,1.9737743103398262,13
DHR,1,2003-09-18 00:00:00+00:00,2003-09-19 00:00:00+00:00,7.545730113983154,7.409385681152344,7897.166694816028,2003-09-24 00:00:00+00:00,7.409385681152344,stop,-1194.8377563495194,118.10304237446118,-1.1096862958364664,3
TXN,1,2003-09-23 00:00:00+00:00,2003-09-24 00:00:00+00:00,14.616095542907715,14.171149253845215,4154.375722259941,2003-09-24 00:00:00+00:00,14.171149253845215,stop,-1968.067091885288,119.59303089438417,-1.0646982467421124,0
PCG,1,2003-09-26 00:00:00+00:00,2003-09-29 00:00:00+00:00,14.287285804748535,14.026412010192871,4183.660926405224,2003-10-03 00:00:00+00:00,14.809033393859863,target,2061.085868277759,121.72913373343212,1.8884659179808878,4
CNP,1,2003-09-18 00:00:00+00:00,2003-09-19 00:00:00+00:00,3.711627721786499,3.591897487640381,16054.920646927387,2003-10-10 00:00:00+00:00,3.9510881900787354,target,3721.4945206029815,123.02429590494418,1.9360001593038423,15
MO,1,2003-09-17 00:00:00+00:00,2003-09-18 00:00:00+00:00,2.650362968444824,2.545529581606388,22132.370498770193,2003-10-16 00:00:00+00:00,2.6503639221191406,max_hold,-117.29654438144989,117.31765145475576,-0.05055424971068901,20
NFLX,1,2003-10-02 00:00:00+00:00,2003-10-03 00:00:00+00:00,0.29392901062965393,0.25690482556819916,81419.08561754898,2003-10-16 00:00:00+00:00,0.3679773807525635,target,5975.058773726376,53.891813150751645,1.982122323819321,9
IDXX,1,2003-10-16 00:00:00+00:00,2003-10-17 00:00:00+00:00,11.100000381469727,10.8149995803833,5714.991546926952,2003-10-20 00:00:00+00:00,10.8149995803833,stop,-1754.0212086092274,125.24403953289452,-1.0768945205708644,1
SYY,1,2003-10-03 00:00:00+00:00,2003-10-06 00:00:00+00:00,17.75645637512207,17.121911823749542,3438.1456684533982,2003-10-22 00:00:00+00:00,17.121911823749542,stop,-2301.573511287835,119.9169105456732,-1.054965988004198,12
SBUX,1,2003-10-20 00:00:00+00:00,2003-10-21 00:00:00+00:00,5.501186370849609,5.4434765838086605,11495.38726337348,2003-10-22 00:00:00+00:00,5.4434765838086605,stop,-789.2094900534138,125.81313913089426,-1.189650031924261,1
AES,1,2003-09-26 00:00:00+00:00,2003-09-29 00:00:00+00:00,4.672411918640137,4.3920674324035645,10660.662559860393,2003-10-27 00:00:00+00:00,5.083582401275635,max_hold,4279.344406571446,104.00536338053672,1.4318615418633331,20
IT,1,2003-09-26 00:00:00+00:00,2003-09-29 00:00:00+00:00,11.75,10.909895837306976,3557.4850131739995,2003-10-27 00:00:00+00:00,12.050000190734863,max_hold,982.5780384965399,84.6681439920776,0.3287689822399472,20
PCG,1,2003-10-23 00:00:00+00:00,2003-10-24 00:00:00+00:00,14.724093437194824,14.560290336608887,4219.549603468415,2003-10-31 00:00:00+00:00,15.0516996383667,target,1256.7101803836358,125.64043586494319,1.818222042384723,5
MAR,1,2003-10-13 00:00:00+00:00,2003-10-14 00:00:00+00:00,16.42898178100586,15.897574424743652,3854.7492371508633,2003-11-11 00:00:00+00:00,17.027767181396484,max_hold,2179.2001878324677,128.96737754036837,1.0638329424052575,20
ES,1,2003-10-22 00:00:00+00:00,2003-10-23 00:00:00+00:00,8.48056411743164,8.268097877502441,7275.553264514394,2003-11-20 00:00:00+00:00,8.548369407653809,max_hold,369.42608772760605,123.89491289963405,0.23898552877860915,20
AME,1,2003-10-27 00:00:00+00:00,2003-10-28 00:00:00+00:00,5.841194152832031,5.624145030975342,10692.003916361442,2003-11-25 00:00:00+00:00,5.988022327423096,max_hold,1443.4093888254877,126.47802893437513,0.6219742192734823,20
GLW,1,2003-10-27 00:00:00+00:00,2003-10-28 00:00:00+00:00,7.183995723724365,6.708149433135986,6562.420680119607,2003-11-25 00:00:00+00:00,7.5310845375061035,max_hold,2181.176262383544,96.56654701591867,0.6984897015999246,20
HSY,1,2003-10-31 00:00:00+00:00,2003-11-03 00:00:00+00:00,22.23530387878418,21.724032700061798,2821.8409285989046,2003-12-02 00:00:00+00:00,22.465904235839844,max_hold,524.5778270735306,126.13969861566355,0.3636018549013157,20
TJX,1,2003-11-20 00:00:00+00:00,2003-11-21 00:00:00+00:00,4.144742488861084,4.026856422424316,15131.42389492408,2003-12-04 00:00:00+00:00,4.026856422424316,stop,-1907.4319695858721,123.64792702595952,-1.0693177672160987,8
ADM,1,2003-12-02 00:00:00+00:00,2003-12-03 00:00:00+00:00,8.294498443603516,8.149491310119629,7728.041760268975,2003-12-08 00:00:00+00:00,8.584512710571289,target,2110.8006631292396,130.44170307150873,1.8835987530499636,3
FFIV,1,2003-12-04 00:00:00+00:00,2003-12-05 00:00:00+00:00,12.399999618530273,12.122212439775467,5180.956525031667,2003-12-08 00:00:00+00:00,12.122212439775467,stop,-1566.2518109115424,127.04851457168937,-1.0882769758065425,1
SBUX,1,2003-12-08 00:00:00+00:00,2003-12-09 00:00:00+00:00,5.9577860832214355,5.776245594024658,10780.828770123358,2003-12-10 00:00:00+00:00,5.776245594024658,stop,-2083.6595151704796,126.50258629559353,-1.0646358932333118,1
PEP,1,2003-11-11 00:00:00+00:00,2003-11-12 00:00:00+00:00,25.181472778320312,24.54537010192871,2543.8996574901817,2003-12-11 00:00:00+00:00,24.7867488861084,max_hold,-1131.2521161786133,127.11414197753366,-0.6990885754465505,20
PFG,1,2003-12-11 00:00:00+00:00,2003-12-12 00:00:00+00:00,17.409204483032227,17.07491683959961,3682.271284340162,2003-12-15 00:00:00+00:00,17.07491683959961,stop,-1357.917679833699,126.97988971202949,-1.1031570325739033,1
CTAS,1,2003-12-08 00:00:00+00:00,2003-12-09 00:00:00+00:00,8.760963439941406,8.465150833129883,7331.370807850761,2003-12-17 00:00:00+00:00,8.465150833129883,stop,-2295.002941486534,126.29103131429618,-1.0582331985737405,6
STLD,1,2003-11-25 00:00:00+00:00,2003-11-26 00:00:00+00:00,3.117764949798584,2.937586233019829,17883.355220186368,2003-12-19 00:00:00+00:00,3.4781223833560944,target,6326.443394372532,117.95659617113287,1.9633925279795732,16
SPG,1,2003-11-25 00:00:00+00:00,2003-11-26 00:00:00+00:00,16.70725440979004,16.280231475830078,3857.246578329115,2003-12-26 00:00:00+00:00,16.48662567138672,max_hold,-979.0564266518627,128.03698036458601,-0.5944004368353113,20
COR,1,2003-12-15 00:00:00+00:00,2003-12-16 00:00:00+00:00,10.148216247558594,9.874288558959961,6237.085451775184,2003-12-31 00:00:00+00:00,9.874288558959961,stop,-1833.3924748337713,124.88207343683558,-1.0730941253472779,10
MCK,1,2003-12-31 00:00:00+00:00,2004-01-02 00:00:00+00:00,26.458784103393555,26.103238224983215,2432.898506041821,2004-01-02 00:00:00+00:00,26.103238224983215,stop,-992.8851020110862,127.87806559724467,-1.1478347114116012,0
BDX,1,2003-12-10 00:00:00+00:00,2003-12-11 00:00:00+00:00,20.93231201171875,20.397323608398438,3021.1550849462287,2004-01-05 00:00:00+00:00,22.002288818359375,target,3102.853782538925,129.7120876179271,1.9197466700892731,15
CDNS,1,2003-12-17 00:00:00+00:00,2003-12-18 00:00:00+00:00,17.229999542236328,16.489999771118164,3678.7819049906507,2004-01-06 00:00:00+00:00,18.709999084472656,target,5312.380118760124,132.21541661332583,1.951432419266289,11
EQT,1,2004-01-05 00:00:00+00:00,2004-01-06 00:00:00+00:00,8.8472900390625,8.71871280670166,7315.586150369449,2004-01-06 00:00:00+00:00,8.71871280670166,stop,-1069.1234274476171,128.50560713582263,-1.1366182995482967,0
EQIX,1,2003-12-24 00:00:00+00:00,2003-12-26 00:00:00+00:00,19.836483001708984,18.70192527770996,2831.918559019268,2004-01-08 00:00:00+00:00,22.10559844970703,target,6307.173590876826,118.7765588661628,1.9630322190187193,8
AXON,1,2004-01-02 00:00:00+00:00,2004-01-05 00:00:00+00:00,7.206666946411133,6.8333330154418945,8623.957955598098,2004-01-12 00:00:00+00:00,8.041666984558105,target,7069.504231188702,131.50099071359858,2.195759978440183,5
KMB,1,2004-01-07 00:00:00+00:00,2004-01-08 00:00:00+00:00,25.08547019958496,24.547189712524414,2599.0309591640357,2004-01-13 00:00:00+00:00,24.547189712524414,stop,-1528.0044702814894,128.996819697232,-1.0922059430077884,3
IEX,1,2004-01-12 00:00:00+00:00,2004-01-13 00:00:00+00:00,13.46809196472168,13.28215217590332,4975.656585021209,2004-01-15 00:00:00+00:00,13.839971542358398,target,1714.4695232898653,135.87554601318035,1.8531349116796259,2
ZBH,1,2004-01-07 00:00:00+00:00,2004-01-08 00:00:00+00:00,60.00352478027344,58.494903564453125,1086.5680626705848,2004-01-16 00:00:00+00:00,64.03234100341797,target,4242.809628051722,134.77341038625423,2.588310648433786,6
PRU,1,2004-01-08 00:00:00+00:00,2004-01-09 00:00:00+00:00,19.918533325195312,19.481277465820312,3285.151118671527,2004-01-16 00:00:00+00:00,20.793045043945312,target,2739.159463920656,133.74368722226586,1.9068930067001673,5
LRCX,1,2004-01-15 00:00:00+00:00,2004-01-16 00:00:00+00:00,2.899277925491333,2.762831211090088,23414.59696078896,2004-01-22 00:00:00+00:00,2.762831211090088,stop,-3327.420827710088,132.57600338105476,-1.0414968521699322,3
AON,1,2004-01-13 00:00:00+00:00,2004-01-14 00:00:00+00:00,18.131473541259766,17.731063842773438,3670.869771832572,2004-01-23 00:00:00+00:00,18.932292938232422,target,2803.6474570442833,136.05625999982922,1.9074353927499643,6
SLB,1,2004-01-16 00:00:00+00:00,2004-01-20 00:00:00+00:00,17.164419174194336,16.513681411743164,4008.7639033633736,2004-01-23 00:00:00+00:00,18.46589469909668,target,5074.474589218659,142.83351612075626,1.9452462790247793,3
GS,1,2003-12-26 00:00:00+00:00,2003-12-29 00:00:00+00:00,69.30595397949219,67.44802856445312,927.1028190515159,2004-01-28 00:00:00+00:00,71.46798706054688,max_hold,1873.9150467412233,130.5119175872121,1.0879118847578453,20
PTC,1,2004-01-23 00:00:00+00:00,2004-01-26 00:00:00+00:00,11.824999809265137,10.607520580291748,2860.33476708693,2004-01-28 00:00:00+00:00,10.607520580291748,stop,-3546.5626848224083,64.16451798363599,-1.0184253824260088,2
DVN,1,2004-01-23 00:00:00+00:00,2004-01-26 00:00:00+00:00,17.8502197265625,17.133094787597656,3901.7986559086403,2004-01-29 00:00:00+00:00,17.133094787597656,stop,-2934.574972522172,136.49784955057933,-1.0487827331241024,3
MSFT,1,2004-01-16 00:00:00+00:00,2004-01-20 00:00:00+00:00,17.134204864501953,16.693296432495117,4015.8329231992925,2004-02-02 00:00:00+00:00,16.693296432495117,stop,-1906.4601907872761,135.8455934180476,-1.076722282545217,9
DTE,1,2004-01-28 00:00:00+00:00,2004-01-29 00:00:00+00:00,13.483508110046387,13.290934562683105,5063.514617552956,2004-02-03 00:00:00+00:00,13.290934562683105,stop,-1110.6717538782007,135.57278185019942,-1.1390348936254506,3
MOS,1,2004-01-27 00:00:00+00:00,2004-01-28 00:00:00+00:00,8.569100379943848,7.616648495197296,3644.76791226241,2004-02-04 00:00:00+00:00,7.616648495197296,stop,-3530.4593656341376,58.993298136051834,-1.0169937706401286,5
ADSK,1,2004-02-02 00:00:00+00:00,2004-02-03 00:00:00+00:00,12.724296569824219,12.480077743530273,5319.971758587315,2004-02-05 00:00:00+00:00,12.480077743530273,stop,-1433.3238183390395,134.08655953990944,-1.1032040596371473,2
BXP,1,2004-01-23 00:00:00+00:00,2004-01-26 00:00:00+00:00,18.009904861450195,17.61200061440468,3867.2032902214487,2004-02-06 00:00:00+00:00,18.82600212097168,target,3013.5620664814787,142.4519406807131,1.9584142625397045,9
IRM,1,2004-02-05 00:00:00+00:00,2004-02-06 00:00:00+00:00,6.604466438293457,6.51353120803833,10132.920853993366,2004-02-11 00:00:00+00:00,6.813446521759033,target,1981.6159957676275,135.96265004998372,2.150565517422197,3
HSIC,1,2004-01-29 00:00:00+00:00,2004-01-30 00:00:00+00:00,13.849020004272461,13.549019813537598,4928.94607857481,2004-02-20 00:00:00+00:00,13.535293579101562,stop_gap,-1681.3164381426277,134.9758050512343,-1.1370350729401444,14
OKE,1,2004-02-11 00:00:00+00:00,2004-02-12 00:00:00+00:00,3.278019666671753,3.176739938557148,20952.219096873152,2004-02-20 00:00:00+00:00,3.176739938557148,stop,-2257.276590995349,135.24153746640238,-1.063731999733697,5
EG,1,2004-02-03 00:00:00+00:00,2004-02-04 00:00:00+00:00,56.88970947265625,55.020007610321045,1192.7170582866302,2004-02-23 00:00:00+00:00,55.020007610321045,stop,-2363.501933670377,133.4766285528977,-1.059854311180503,12
TECH,1,2004-02-20 00:00:00+00:00,2004-02-23 00:00:00+00:00,8.390357971191406,8.211221694946289,7927.9196304291145,2004-02-23 00:00:00+00:00,8.211221694946289,stop,-1551.793990296943,131.61598933130585,-1.0926756992727775,0
KIM,1,2004-02-20 00:00:00+00:00,2004-02-23 00:00:00+00:00,8.264066696166992,8.026010319590569,8049.073913813874,2004-02-24 00:00:00+00:00,8.026010319590569,stop,-2047.253404679897,131.12003396155316,-1.0684294924170112,1
PPL,1,2004-02-23 00:00:00+00:00,2004-02-24 00:00:00+00:00,7.944189548492432,7.845937252044678,8210.085495545796,2004-02-27 00:00:00+00:00,8.14069414138794,target,1481.2612376597122,132.05827027982798,1.8362899975734044,3
ALGN,1,2004-01-30 00:00:00+00:00,2004-02-02 00:00:00+00:00,21.0,18.259792804718018,1241.7422355326783,2004-03-02 00:00:00+00:00,19.520000457763672,max_hold,-1888.0933361160871,50.315395952208604,-0.5548921794352204,20
JNJ,1,2004-02-24 00:00:00+00:00,2004-02-25 00:00:00+00:00,28.7164306640625,28.098981857299805,2267.11625247171,2004-03-03 00:00:00+00:00,28.051069259643555,stop_gap,-1637.150175414814,128.69852168922057,-1.1695364804878274,5
SWKS,1,2004-02-06 00:00:00+00:00,2004-02-09 00:00:00+00:00,8.28762435913086,7.583293914794922,4802.044056982269,2004-03-05 00:00:00+00:00,9.696285247802734,target,6678.092122500857,86.35952624928179,1.9744666587231092,18
AKAM,1,2004-02-05 00:00:00+00:00,2004-02-06 00:00:00+00:00,14.34000015258789,12.617472171783447,1942.5674487687957,2004-03-08 00:00:00+00:00,15.819999694824219,max_hold,2816.4111009825547,58.58783395845461,0.8416928831030204,20
FFIV,1,2004-02-06 00:00:00+00:00,2004-02-09 00:00:00+00:00,17.895000457763672,15.87802505493164,1676.8800549704733,2004-03-08 00:00:00+00:00,15.87802505493164,stop,-3438.859137253317,56.633312878247715,-1.0167443913620735,19
NKE,1,2004-02-23 00:00:00+00:00,2004-02-24 00:00:00+00:00,6.711346626281738,6.573415756225586,9718.239724131068,2004-03-09 00:00:00+00:00,7.057557582855225,target,3230.751559258881,133.8095118429903,2.410207752833072,10
PFG,1,2004-03-03 00:00:00+00:00,2004-03-04 00:00:00+00:00,19.179903030395508,18.730697631835938,3472.164066728242,2004-03-10 00:00:00+00:00,18.730697631835938,stop,-1691.3466688263622,131.63182536748394,-1.084394801985453,4
PRU,1,2004-02-27 00:00:00+00:00,2004-03-01 00:00:00+00:00,22.24259376525879,21.572463989257812,2973.375606153697,2004-03-11 00:00:00+00:00,21.529687881469727,stop_gap,-2249.8883988159123,130.15143447407172,-1.129151684545783,8
BRK.B,1,2004-03-08 00:00:00+00:00,2004-03-09 00:00:00+00:00,62.79999923706055,61.18655550479889,1064.4487280459246,2004-03-11 00:00:00+00:00,61.18655550479889,stop,-1849.4054590693595,131.9773304897687,-1.076845911798895,2
ADP,1,2004-03-09 00:00:00+00:00,2004-03-10 00:00:00+00:00,20.588176727294922,19.94931411743164,3245.0880630254233,2004-03-11 00:00:00+00:00,19.94931411743164,stop,-2204.7131568258264,131.54772764522454,-1.0634525956267837,1
SBUX,1,2004-03-10 00:00:00+00:00,2004-03-11 00:00:00+00:00,6.8911566734313965,6.807668775320053,9554.031724728735,2004-03-15 00:00:00+00:00,6.807668775320053,stop,-928.5250401155877,130.87901292889268,-1.1640815706065812,2
GEN,1,2004-03-11 00:00:00+00:00,2004-03-12 00:00:00+00:00,7.597452163696289,7.234658718109131,8613.050541703718,2004-03-22 00:00:00+00:00,7.234658718109131,stop,-3252.5080037061753,127.7497206651438,-1.040883072895103,6
WM,1,2004-03-11 00:00:00+00:00,2004-03-12 00:00:00+00:00,16.25819206237793,15.875312805175781,4024.8779952302725,2004-03-22 00:00:00+00:00,15.875312805175781,stop,-1670.375733794081,129.3334366510418,-1.0839259486198498,6
LII,1,2004-03-15 00:00:00+00:00,2004-03-16 00:00:00+00:00,13.833423614501953,13.237118124961853,4718.796625100336,2004-03-24 00:00:00+00:00,13.237118124961853,stop,-2941.5847125704477,127.74038099981959,-1.0453971030190279,6
ELV,1,2004-03-23 00:00:00+00:00,2004-03-24 00:00:00+00:00,35.091552734375,34.37490463256836,1841.5259963226001,2004-03-25 00:00:00+00:00,34.37490463256836,stop,-1447.650396805836,127.92428711366179,-1.0969324514944243,1
AXON,1,2004-03-08 00:00:00+00:00,2004-03-09 00:00:00+00:00,14.27750015258789,12.109775304794312,1541.8787900414297,2004-03-29 00:00:00+00:00,18.61294984817505,target,6634.024843666318,50.71308725109451,1.9848272025694402,14
MOS,1,2004-03-24 00:00:00+00:00,2004-03-25 00:00:00+00:00,8.9904146194458,8.56910228729248,7105.827083000605,2004-03-29 00:00:00+00:00,9.833039283752441,target,5853.788951893461,133.7562085409595,1.9553218539628503,2
BKNG,1,2004-03-17 00:00:00+00:00,2004-03-18 00:00:00+00:00,0.926435649394989,0.8557124733924866,46688.66611099619,2004-03-31 00:00:00+00:00,1.067882001399994,target,6510.829470462877,93.11203091723326,1.97180107337481,9
DOC,1,2004-04-01 00:00:00+00:00,2004-04-02 00:00:00+00:00,7.461434364318848,7.270990371704102,9126.415198837843,2004-04-05 00:00:00+00:00,7.10923433303833,stop_gap,-3347.301690766471,132.97797225679136,-1.9258717218758608,1
SJM,1,2004-03-11 00:00:00+00:00,2004-03-12 00:00:00+00:00,24.88017463684082,24.12102508544922,2630.0956656951084,2004-04-12 00:00:00+00:00,25.4678897857666,max_hold,1413.3268398390146,132.4202260140379,0.707854049993342,20
DRI,1,2004-03-23 00:00:00+00:00,2004-03-24 00:00:00+00:00,12.073040962219238,11.395864486694336,4771.430265765382,2004-04-13 00:00:00+00:00,11.395864486694336,stop,-3343.0805763471817,111.9802457633323,-1.0346570004971334,13
JPM,1,2004-03-25 00:00:00+00:00,2004-03-26 00:00:00+00:00,22.6845760345459,22.212194442749023,2850.992842898282,2004-04-13 00:00:00+00:00,22.212194442749023,stop,-1474.756908629803,128.0003713000147,-1.0950434378835843,11
MCO,1,2004-04-08 00:00:00+00:00,2004-04-12 00:00:00+00:00,27.259681701660156,26.427925646305084,2463.2316257619723,2004-04-13 00:00:00+00:00,26.427925646305084,stop,-2181.0528328006376,132.24501233099883,-1.0645472996587277,1
ELV,1,2004-03-29 00:00:00+00:00,2004-03-30 00:00:00+00:00,35.3396110534668,34.138668060302734,1909.168606508846,2004-04-15 00:00:00+00:00,34.138668060302734,stop,-2425.4484100738637,132.64574931826806,-1.0578531033606504,11
L,1,2004-04-14 00:00:00+00:00,2004-04-15 00:00:00+00:00,17.63275909423828,17.500905990600586,3730.747759253492,2004-04-21 00:00:00+00:00,17.500905990600586,stop,-622.9855132365755,131.07484228962522,-1.2664606605042745,4
AAPL,1,2004-04-15 00:00:00+00:00,2004-04-16 00:00:00+00:00,0.43593311309814453,0.4077814482152462,115562.10465260426,2004-04-22 00:00:00+00:00,0.4077814482152462,stop,-3350.7670737739654,97.50143043142415,-1.029970325549944,4
BRO,1,2004-04-15 00:00:00+00:00,2004-04-16 00:00:00+00:00,7.897514820098877,7.641868591308594,8238.707283114185,2004-04-26 00:00:00+00:00,7.641868591308594,stop,-2234.218878321848,128.02443128666647,-1.0607847159918602,6
ROK,1,2004-04-21 00:00:00+00:00,2004-04-22 00:00:00+00:00,21.678586959838867,20.990684509277344,2980.4471972967876,2004-04-28 00:00:00+00:00,20.990684509277344,stop,-2177.430441350508,127.17351056082319,-1.0620280847005066,4
TRV,1,2004-04-15 00:00:00+00:00,2004-04-16 00:00:00+00:00,24.824575424194336,24.261062622070312,2621.0040556599965,2004-04-29 00:00:00+00:00,24.261062622070312,stop,-1605.6229961773129,128.65365639391825,-1.08710651800855,9
MKC,1,2004-04-16 00:00:00+00:00,2004-04-19 00:00:00+00:00,10.422774314880371,10.212749481201172,6282.795536251485,2004-04-29 00:00:00+00:00,10.84282398223877,target,2505.4787690264097,133.60740605685731,1.8987472199139979,8
EXPD,1,2004-04-27 00:00:00+00:00,2004-04-28 00:00:00+00:00,16.226200103759766,15.720108032226562,3940.2888728847074,2004-04-29 00:00:00+00:00,15.720108032226562,stop,-2120.026640595425,125.87768247797314,-1.0631235103905208,1
YUM,1,2004-04-22 00:00:00+00:00,2004-04-23 00:00:00+00:00,9.441207885742188,8.903756201267242,6057.376295793052,2004-05-10 00:00:00+00:00,8.903756201267242,stop,-3366.669444280405,111.12235060782575,-1.034133233957451,11
KMB,1,2004-04-30 00:00:00+00:00,2004-05-03 00:00:00+00:00,28.228769302368164,27.575380325317383,2226.8971717177346,2004-05-10 00:00:00+00:00,27.575380325317383,stop,-1579.3001680019347,124.27010297600623,-1.0854072406907906,5
CLX,1,2004-04-30 00:00:00+00:00,2004-05-03 00:00:00+00:00,27.14706802368164,26.57563018798828,2315.6300513071305,2004-05-12 00:00:00+00:00,26.57563018798828,stop,-1447.6405192016962,124.40189441624672,-1.0940131976848977,7
MMM,1,2004-05-12 00:00:00+00:00,2004-05-13 00:00:00+00:00,37.60062789916992,36.667236328125,1663.7131839894525,2004-05-17 00:00:00+00:00,36.609718322753906,stop_gap,-1772.0540578225655,123.46473139783653,-1.1411287134782555,2
ADSK,1,2004-05-11 00:00:00+00:00,2004-05-12 00:00:00+00:00,17.58057403564453,16.589776277542114,3157.124346033121,2004-05-19 00:00:00+00:00,16.393238067626953,stop_gap,-3855.8268408678923,107.25954931879312,-1.2326529507494153,5
TSN,1,2004-04-28 00:00:00+00:00,2004-04-29 00:00:00+00:00,12.757040023803711,12.276787757873535,4954.456039057977,2004-05-27 00:00:00+00:00,13.385960578918457,max_hold,2986.4348951606958,129.5243472152532,1.2551269348923013,20
MCK,1,2004-04-30 00:00:00+00:00,2004-05-03 00:00:00+00:00,27.65981674194336,26.342278003692627,2272.7036519078324,2004-06-01 00:00:00+00:00,29.05763816833496,max_hold,3047.931893573701,128.90196690150736,1.0178857991392936,20
CRH,1,2004-06-07 00:00:00+00:00,2004-06-08 00:00:00+00:00,10.60482120513916,10.451462537050247,5908.013416202916,2004-06-08 00:00:00+00:00,10.911538541316986,target,1684.9711950707044,127.1189420499113,1.8596990961477209,0
VLO,1,2004-05-11 00:00:00+00:00,2004-05-12 00:00:00+00:00,8.10781478881836,7.758995056152344,7716.189394000857,2004-06-10 00:00:00+00:00,8.316771507263184,max_hold,1485.6143960904997,126.73521857867621,0.5519530981725922,20
WFC,1,2004-06-10 00:00:00+00:00,2004-06-14 00:00:00+00:00,15.85757827758789,15.722038269042969,3985.3387318395594,2004-06-14 00:00:00+00:00,15.722038269042969,stop,-666.0283147278715,125.8554689599294,-1.2329911063578285,0
RMD,1,2004-05-18 00:00:00+00:00,2004-05-19 00:00:00+00:00,10.101461410522461,9.740122526884079,6072.094665758276,2004-06-18 00:00:00+00:00,10.538325309753418,max_hold,2527.35221333608,125.32673884657568,1.1518940566806724,20
TSN,1,2004-06-15 00:00:00+00:00,2004-06-16 00:00:00+00:00,13.819734573364258,13.555398941040039,4545.145003829037,2004-06-18 00:00:00+00:00,13.555398941040039,stop,-1325.8677299145597,124.42395132214752,-1.1035620255721996,2
CI,1,2004-06-18 00:00:00+00:00,2004-06-21 00:00:00+00:00,20.425140380859375,20.0491943359375,3103.949118583499,2004-06-21 00:00:00+00:00,20.0491943359375,stop,-1292.5476703396616,125.63027556945518,-1.1076599561652731,0
CME,1,2004-06-07 00:00:00+00:00,2004-06-08 00:00:00+00:00,11.931880950927734,11.19481372833252,4250.183974793543,2004-06-28 00:00:00+00:00,13.406015396118164,target,6157.65187463034,107.69072100919433,1.9656233575849011,13
USB,1,2004-06-18 00:00:00+00:00,2004-06-21 00:00:00+00:00,13.593884468078613,13.376959800720215,4663.758665228202,2004-06-29 00:00:00+00:00,13.376959800720215,stop,-1137.469805761607,125.78550866713093,-1.1243327676710837,6
COST,1,2004-06-28 00:00:00+00:00,2004-06-29 00:00:00+00:00,27.82415008544922,27.063858032226562,2330.8363002009755,2004-06-30 00:00:00+00:00,27.063858032226562,stop,-1900.0512781721038,127.93496176640453,-1.0721933208232566,1
ZBRA,1,2004-06-07 00:00:00+00:00,2004-06-08 00:00:00+00:00,54.02000045776367,51.43333435058594,1159.819056376755,2004-07-01 00:00:00+00:00,59.19333267211914,target,5868.822305977261,131.3069811999679,1.9562319493746305,16
AON,1,2004-06-22 00:00:00+00:00,2004-06-23 00:00:00+00:00,21.597370147705078,21.26862907409668,2935.049047633197,2004-07-01 00:00:00+00:00,21.26862907409668,stop,-1090.684985204039,125.81381019179463,-1.130394412694729,6
MAR,1,2004-07-01 00:00:00+00:00,2004-07-02 00:00:00+00:00,18.842023849487305,18.676509857177734,3412.837315720827,2004-07-06 00:00:00+00:00,18.676509857177734,stop,-692.9169810932676,128.0446518652361,-1.226678924138885,1
DHR,1,2004-07-07 00:00:00+00:00,2004-07-08 00:00:00+00:00,10.051562309265137,9.860296249389648,6414.848431186184,2004-07-12 00:00:00+00:00,9.860296249389648,stop,-1354.6743387684264,127.73155463698785,-1.1041055510403526,2
WAB,1,2004-06-15 00:00:00+00:00,2004-06-16 00:00:00+00:00,7.956701278686523,7.689323902130127,7894.31390601847,2004-07-14 00:00:00+00:00,8.491456031799316,target,4091.674966823248,129.84691698454773,1.938483361897238,19
O,1,2004-06-30 00:00:00+00:00,2004-07-01 00:00:00+00:00,6.422844409942627,6.290474891662598,10063.11728601332,2004-07-22 00:00:00+00:00,6.290474891662598,stop,-1459.9856107716091,127.93562322659031,-1.096044160821905,14
HSY,1,2004-07-22 00:00:00+00:00,2004-07-23 00:00:00+00:00,27.243572235107422,26.986112594604492,2341.316148869988,2004-07-23 00:00:00+00:00,26.986112594604492,stop,-729.7632508317051,126.96883683993431,-1.2106337316550972,0
WMB,1,2004-07-01 00:00:00+00:00,2004-07-02 00:00:00+00:00,4.000169277191162,3.8781518936157227,16075.51022000388,2004-07-26 00:00:00+00:00,3.8781518936157227,stop,-2088.13972918289,126.64803249777901,-1.0645672029669115,15
ISRG,1,2004-07-08 00:00:00+00:00,2004-07-09 00:00:00+00:00,2.125555992126465,1.9854204058647156,22732.735727341875,2004-07-27 00:00:00+00:00,2.4058271646499634,target,6268.319761186607,103.01073578232672,1.9676642937197082,12
JBHT,1,2004-07-23 00:00:00+00:00,2004-07-26 00:00:00+00:00,14.4703369140625,14.082767486572266,4385.680287083511,2004-07-29 00:00:00+00:00,15.245475769042969,target,3269.1871421413643,130.32405389896184,1.9233277689741042,3
SBAC,1,2004-07-12 00:00:00+00:00,2004-07-13 00:00:00+00:00,3.9758243560791016,3.7584664821624756,14852.470079511213,2004-07-30 00:00:00+00:00,4.4105401039123535,target,6332.044410567817,124.55822721789932,1.9614167901586659,13
MKC,1,2004-07-29 00:00:00+00:00,2004-07-30 00:00:00+00:00,11.151954650878906,10.900140434503555,5909.898895045605,2004-08-03 00:00:00+00:00,10.900140434503555,stop,-1618.5222114920039,130.32565237854243,-1.0875728757605643,2
NDSN,1,2004-07-14 00:00:00+00:00,2004-07-15 00:00:00+00:00,16.21575355529785,15.393678665161133,3947.048318882646,2004-08-05 00:00:00+00:00,15.393678665161133,stop,-3369.5332694163694,124.76395630659758,-1.0384507939601488,15
SLB,1,2004-07-27 00:00:00+00:00,2004-07-28 00:00:00+00:00,20.3255615234375,19.534692764282227,3212.6931363429735,2004-08-06 00:00:00+00:00,19.534692764282227,stop,-2668.877399649274,128.05876536304277,-1.0504005927991067,7
CNP,1,2004-07-30 00:00:00+00:00,2004-08-02 00:00:00+00:00,4.911060810089111,4.702711582183838,13584.813298399065,2004-08-09 00:00:00+00:00,4.702711582183838,stop,-2960.9866650010676,130.60130304233135,-1.0461425870828946,5
ETN,1,2004-08-10 00:00:00+00:00,2004-08-11 00:00:00+00:00,18.113101959228516,17.486215591430664,3619.0314933854897,2004-08-12 00:00:00+00:00,17.486215591430664,stop,-2397.5565591933305,128.83505135886637,-1.0567875126647173,1
ISRG,1,2004-08-10 00:00:00+00:00,2004-08-11 00:00:00+00:00,2.4000000953674316,2.2977778911590576,27313.284928563575,2004-08-17 00:00:00+00:00,2.6144440174102783,target,5720.20700314429,136.96094081065579,2.0487669929632815,4
BXP,1,2004-08-16 00:00:00+00:00,2004-08-17 00:00:00+00:00,20.421377182006836,20.00313377380371,3263.384577449546,2004-08-19 00:00:00+00:00,20.00313377380371,stop,-1496.8098135541454,131.92072560413237,-1.0966530736957314,2
ALB,1,2004-07-27 00:00:00+00:00,2004-07-28 00:00:00+00:00,11.135611534118652,10.686424255371094,5864.050824563247,2004-08-25 00:00:00+00:00,11.697101593017578,max_hold,3158.7140526301127,133.89219024019928,1.1991821034506918,20
HUM,1,2004-08-09 00:00:00+00:00,2004-08-10 00:00:00+00:00,15.60023021697998,15.034058570861816,4149.301422831202,2004-09-01 00:00:00+00:00,16.73257350921631,target,4564.275085104336,134.15854850522828,1.942892223678315,16
SBAC,1,2004-08-10 00:00:00+00:00,2004-08-11 00:00:00+00:00,4.401481628417969,4.129785537719727,12063.457789342148,2004-09-01 00:00:00+00:00,4.944873809814453,target,6442.439279021735,112.74936431330526,1.9655999634951946,15
VTR,1,2004-08-17 00:00:00+00:00,2004-08-18 00:00:00+00:00,11.021288871765137,10.668506622314453,6062.041019347873,2004-09-07 00:00:00+00:00,11.726853370666504,target,4139.260762748135,137.9001713875807,1.935517894457976,13
EIX,1,2004-09-09 00:00:00+00:00,2004-09-10 00:00:00+00:00,12.459718704223633,12.317026138305664,5526.202080418896,2004-09-13 00:00:00+00:00,12.317026138305664,stop,-925.469253530983,136.92129889479355,-1.1736372507084425,1
BXP,1,2004-08-20 00:00:00+00:00,2004-08-23 00:00:00+00:00,20.919458389282227,20.241391479969025,3226.2621577093673,2004-09-14 00:00:00+00:00,20.241391479969025,stop,-2320.4173022244545,132.79569231232188,-1.0607032275191577,15
USB,1,2004-09-13 00:00:00+00:00,2004-09-14 00:00:00+00:00,14.32011890411377,14.10617446899414,4795.769053971499,2004-09-15 00:00:00+00:00,14.10617446899414,stop,-1162.3540392939956,136.32593807786603,-1.1328676455511129,1
DUK,1,2004-09-15 00:00:00+00:00,2004-09-16 00:00:00+00:00,14.203191757202148,14.0489501953125,4783.487662903857,2004-09-22 00:00:00+00:00,14.511674880981445,target,1338.2680065066293,137.35721030568078,1.8138318473542978,4
SRE,1,2004-08-25 00:00:00+00:00,2004-08-26 00:00:00+00:00,8.856134414672852,8.700806617736816,7594.864581113639,2004-09-24 00:00:00+00:00,8.715368270874023,max_hold,-1202.5529831410722,133.45318338340314,-1.0193774044807917,20
CASY,1,2004-09-23 00:00:00+00:00,2004-09-24 00:00:00+00:00,14.767631530761719,14.404624938964844,4570.50579744921,2004-09-27 00:00:00+00:00,14.404624938964844,stop,-1792.4556996394567,133.33196731956048,-1.080362883564523,1
PHM,1,2004-09-27 00:00:00+00:00,2004-09-28 00:00:00+00:00,25.620643615722656,25.152122497558594,2629.5560948337306,2004-09-28 00:00:00+00:00,25.152122497558594,stop,-1365.5123984113711,133.5098365847462,-1.1083681485100145,0
BAC,1,2004-09-07 00:00:00+00:00,2004-09-08 00:00:00+00:00,26.803382873535156,26.34073257446289,2588.9043156075754,2004-09-29 00:00:00+00:00,26.34073257446289,stop,-1335.3423857177934,137.58502983246936,-1.114868866516602,15
HUM,1,2004-09-02 00:00:00+00:00,2004-09-03 00:00:00+00:00,16.706451416015625,16.218669891357422,4117.9647163757,2004-10-01 00:00:00+00:00,17.68201446533203,target,3875.7237265351687,141.61048914967924,1.9295002698073809,19
ABT,1,2004-09-28 00:00:00+00:00,2004-09-29 00:00:00+00:00,12.251707077026367,12.113004684448242,5527.676877264938,2004-10-04 00:00:00+00:00,12.113004684448242,stop,-901.3822621005538,134.68025382512826,-1.1756617986798679,3
UNP,1,2004-09-29 00:00:00+00:00,2004-09-30 00:00:00+00:00,9.409281730651855,9.316329002380371,7166.073293574521,2004-10-04 00:00:00+00:00,9.595187187194824,target,1196.0247100915988,136.18741717074818,1.7955469487421511,2
EXPD,1,2004-09-24 00:00:00+00:00,2004-09-27 00:00:00+00:00,19.968666076660156,19.422317504882812,3389.6546047998663,2004-10-05 00:00:00+00:00,21.061363220214844,target,3564.7882765605814,139.07762774122577,1.9249013699012723,6
WDC,1,2004-09-29 00:00:00+00:00,2004-09-30 00:00:00+00:00,5.259462356567383,4.963580131530762,11394.33139543909,2004-10-07 00:00:00+00:00,5.851226806640625,target,6616.161377816986,126.5988743573059,1.9624489468340558,5
ETR,1,2004-10-05 00:00:00+00:00,2004-10-06 00:00:00+00:00,12.945816040039062,12.79454231262207,5359.048428928638,2004-10-07 00:00:00+00:00,13.248363494873047,target,1480.9905858207765,140.3758766836454,1.8268425060836455,1
FE,1,2004-10-04 00:00:00+00:00,2004-10-05 00:00:00+00:00,15.895821571350098,15.652697563171387,4343.372992317479,2004-10-08 00:00:00+00:00,15.652697563171387,stop,-1193.0052368638787,137.02698595649184,-1.129763075933379,3
CRH,1,2004-10-01 00:00:00+00:00,2004-10-04 00:00:00+00:00,12.066869735717773,11.84471607208252,5700.661840667335,2004-10-12 00:00:00+00:00,11.84471607208252,stop,-1402.7347778143085,136.31186476436974,-1.107635343106742,6
PEG,1,2004-10-12 00:00:00+00:00,2004-10-13 00:00:00+00:00,9.438966751098633,9.343757629394531,7401.6234858941925,2004-10-13 00:00:00+00:00,9.343757629394531,stop,-843.7247251801723,139.02265390373566,-1.1972786225133722,0
IEX,1,2004-10-11 00:00:00+00:00,2004-10-12 00:00:00+00:00,16.93509864807129,16.65810203552246,4135.178821953467,2004-10-14 00:00:00+00:00,16.65810203552246,stop,-1284.344417993194,138.91389202842964,-1.121276575819757,2
LOW,1,2004-10-11 00:00:00+00:00,2004-10-12 00:00:00+00:00,19.060102462768555,18.8122615814209,3674.149255702642,2004-10-18 00:00:00+00:00,19.555784225463867,target,1679.3282481384895,141.8805313338667,1.8441908111436047,4
CVS,1,2004-10-13 00:00:00+00:00,2004-10-14 00:00:00+00:00,13.804306983947754,13.501832962036133,5024.2881916488805,2004-10-25 00:00:00+00:00,13.501832962036133,stop,-1656.9105730612212,137.19391649011865,-1.0902759839453664,7
DVA,1,2004-10-18 00:00:00+00:00,2004-10-19 00:00:00+00:00,15.875,15.329786717891693,4450.518896954363,2004-10-26 00:00:00+00:00,14.0,stop_gap,-8477.682183835943,132.9592520465116,-3.493816204612557,5
CVX,1,2004-10-26 00:00:00+00:00,2004-10-27 00:00:00+00:00,23.425870895385742,22.844013214111328,2912.592974741827,2004-10-28 00:00:00+00:00,22.844013214111328,stop,-1829.4799341788673,134.76533939943968,-1.0795209646595272,1
CSX,1,2004-10-25 00:00:00+00:00,2004-10-26 00:00:00+00:00,1.342177152633667,1.3067148923873901,51915.48644294049,2004-10-29 00:00:00+00:00,1.4131016731262207,target,3539.0393415779686,143.04164052525846,1.9223039138897198,3
ILMN,1,2004-10-04 00:00:00+00:00,2004-10-05 00:00:00+00:00,3.112839937210083,2.8228165805339813,11902.745160763929,2004-11-02 00:00:00+00:00,3.0398828983306885,max_hold,-941.6233334216337,73.23429195625464,-0.2727703127830672,20
DRI,1,2004-10-28 00:00:00+00:00,2004-10-29 00:00:00+00:00,11.671358108520508,11.176362037658691,5804.556856533519,2004-11-04 00:00:00+00:00,12.66135025024414,target,5605.225085014318,141.24058914189783,1.950842623222443,4
VMRK,1,2004-11-04 00:00:00+00:00,2004-11-05 00:00:00+00:00,12.540833473205566,12.20006275177002,5547.566711271628,2004-11-05 00:00:00+00:00,12.20006275177002,stop,-2027.7000827165575,137.25177230470047,-1.072602763878161,0
CRL,1,2004-10-11 00:00:00+00:00,2004-10-12 00:00:00+00:00,46.59000015258789,45.220001220703125,1503.1049806362216,2004-11-09 00:00:00+00:00,46.79999923706055,max_hold,175.275696575702,140.37497322419426,0.0851161868590538,20
EQT,1,2004-10-14 00:00:00+00:00,2004-10-15 00:00:00+00:00,11.395869255065918,11.137051582336426,6080.205514907208,2004-11-12 00:00:00+00:00,11.696059226989746,max_hold,1684.8130519046622,140.4036709064377,1.0706303032536202,20
CIEN,1,2004-11-05 00:00:00+00:00,2004-11-08 00:00:00+00:00,16.3799991607666,15.399999618530273,3547.8959837291623,2004-11-15 00:00:00+00:00,18.339998245239258,target,6830.689940561517,123.18293935185513,1.964571414669464,5
BXP,1,2004-11-10 00:00:00+00:00,2004-11-11 00:00:00+00:00,22.825368881225586,22.294363021850586,3019.4835284312653,2004-11-15 00:00:00+00:00,23.887380599975586,target,3065.6785141403793,141.04837762622307,1.912029691091954,2
NTAP,1,2004-11-12 00:00:00+00:00,2004-11-15 00:00:00+00:00,18.560344696044922,17.982152938842773,3779.607767965126,2004-11-17 00:00:00+00:00,20.85842514038086,target,8536.855210143473,148.9874886773843,3.906423165610495,2
WYNN,1,2004-11-17 00:00:00+00:00,2004-11-18 00:00:00+00:00,32.2537727355957,30.917194366455078,2252.765435822081,2004-11-19 00:00:00+00:00,30.917194366455078,stop,-3153.3069235024004,142.3093712349538,-1.0472631972509532,1
COP,1,2004-10-29 00:00:00+00:00,2004-11-01 00:00:00+00:00,15.853096008300781,15.368622779846191,4307.488154729213,2004-11-23 00:00:00+00:00,16.82204246520996,target,4032.9776137743474,140.74777192878432,1.9325553269935256,16
GRMN,1,2004-11-19 00:00:00+00:00,2004-11-22 00:00:00+00:00,13.889668464660645,13.191009521484375,5116.915027929621,2004-11-29 00:00:00+00:00,15.38236141204834,target,7488.200484998521,149.78248957413706,2.094614163039161,4
TJX,1,2004-11-23 00:00:00+00:00,2004-11-24 00:00:00+00:00,4.61246395111084,4.435279369354248,15891.33664291319,2004-11-30 00:00:00+00:00,4.435279369354248,stop,-2959.4805715919547,143.7807349641799,-1.0510639426453847,3
GEN,1,2004-11-02 00:00:00+00:00,2004-11-03 00:00:00+00:00,10.687402725219727,9.901906430721283,4311.208160376796,2004-12-02 00:00:00+00:00,11.708535194396973,max_hold,4305.761083624307,96.55355031834364,1.2714719830668892,20
MGM,1,2004-11-15 00:00:00+00:00,2004-11-16 00:00:00+00:00,27.390804290771484,26.065698623657227,2591.9118543951645,2004-12-03 00:00:00+00:00,30.041015625,target,6720.2559589801385,148.85821485917643,1.9566586866684803,12
GPN,1,2004-11-29 00:00:00+00:00,2004-11-30 00:00:00+00:00,13.023171424865723,12.71837329864502,5706.715933657212,2004-12-07 00:00:00+00:00,12.71837329864502,stop,-1886.2960068831571,146.8996834306085,-1.084454406077521,5
AXON,1,2004-11-30 00:00:00+00:00,2004-12-01 00:00:00+00:00,29.030000686645508,25.239314556121826,968.6673575460591,2004-12-07 00:00:00+00:00,25.239314556121826,stop,-3724.482831532916,52.5689141920455,-1.0143164887237104,4
ILMN,1,2004-12-08 00:00:00+00:00,2004-12-09 00:00:00+00:00,3.793773889541626,3.59922194480896,19393.51643795713,2004-12-09 00:00:00+00:00,3.59922194480896,stop,-3916.422524448712,143.37618623922668,-1.0380001127437164,0
BALL,1,2004-12-07 00:00:00+00:00,2004-12-08 00:00:00+00:00,8.854238510131836,8.603395462036133,8491.79505015618,2004-12-10 00:00:00+00:00,8.538666725158691,stop_gap,-2827.467908188775,147.69698658487562,-1.3273825714372613,2
RSG,1,2004-11-17 00:00:00+00:00,2004-11-18 00:00:00+00:00,13.524516105651855,13.032555937767029,5372.479416342751,2004-12-17 00:00:00+00:00,13.769649505615234,max_hold,1170.3368026285857,146.6373429327826,0.4427985202312364,20
ADBE,1,2004-12-10 00:00:00+00:00,2004-12-13 00:00:00+00:00,30.76251983642578,29.6629638671875,2401.6089913819087,2004-12-17 00:00:00+00:00,29.6629638671875,stop,-2785.8218872215043,145.11838497119865,-1.0549544410599427,4
AES,1,2004-12-03 00:00:00+00:00,2004-12-06 00:00:00+00:00,7.756204128265381,7.5007781982421875,9760.542246750463,2004-12-21 00:00:00+00:00,8.267055988311768,target,4829.79545451529,156.395707298523,1.9372684671633682,11
EG,1,2004-11-30 00:00:00+00:00,2004-12-01 00:00:00+00:00,55.031822204589844,53.42853856086731,1334.46931983823,2004-12-22 00:00:00+00:00,58.23838949203491,target,4127.910044731611,151.15562236072714,1.929351108807153,15
OMC,1,2004-12-21 00:00:00+00:00,2004-12-22 00:00:00+00:00,22.91558265686035,22.747851833701134,3280.757027845728,2004-12-22 00:00:00+00:00,22.747851833701134,stop,-700.0947104864355,149.8106336204826,-1.2722423561185032,0
EME,1,2004-12-22 00:00:00+00:00,2004-12-23 00:00:00+00:00,10.438916206359863,10.30064582824707,7234.367667150968,2004-12-27 00:00:00+00:00,10.30064582824707,stop,-1150.3363697579605,150.03761701403215,-1.149992806251595,1
BF.B,1,2004-12-22 00:00:00+00:00,2004-12-23 00:00:00+00:00,6.750317096710205,6.638685703277588,11187.468203559283,2004-12-28 00:00:00+00:00,6.638685703277588,stop,-1398.6617076486511,149.78904310222964,-1.1199394040357442,2
IEX,1,2004-12-17 00:00:00+00:00,2004-12-20 00:00:00+00:00,19.626453399658203,19.29000473022461,3767.101837563422,2005-01-03 00:00:00+00:00,19.29000473022461,stop,-1414.038661801601,146.60226093254153,-1.1156683371505023,9
VRSN,1,2004-12-27 00:00:00+00:00,2004-12-28 00:00:00+00:00,28.314756393432617,27.297260284423828,2649.876654183077,2005-01-03 00:00:00+00:00,27.297260284423828,stop,-2843.604169671201,147.3649846866917,-1.054655753653969,4
HSY,1,2004-12-28 00:00:00+00:00,2004-12-29 00:00:00+00:00,32.823177337646484,32.03801345825195,2301.8777186225966,2005-01-03 00:00:00+00:00,32.03801345825195,stop,-1956.6537693419587,149.30252989640766,-1.0826084751197613,3
FRT,1,2004-12-17 00:00:00+00:00,2004-12-20 00:00:00+00:00,24.121965408325195,23.61632537841797,3065.0424795480476,2005-01-04 00:00:00+00:00,23.61632537841797,stop,-1696.1280601879796,146.31988916238498,-1.0944116129324295,10
GRMN,1,2004-12-09 00:00:00+00:00,2004-12-10 00:00:00+00:00,14.835434913635254,13.967706680297852,4287.350558959833,2005-01-05 00:00:00+00:00,13.967706680297852,stop,-3843.7442914368885,123.4891652125483,-1.0331937356505645,17
F,1,2005-01-03 00:00:00+00:00,2005-01-04 00:00:00+00:00,6.79936408996582,6.706918239593506,10764.877408391432,2005-01-05 00:00:00+00:00,6.706918239593506,stop,-1140.5617196932922,145.39347352082962,-1.146099389806729,1
AAPL,1,2005-01-05 00:00:00+00:00,2005-01-06 00:00:00+00:00,0.9671274423599243,0.9361708760261536,73855.95237837116,2005-01-07 00:00:00+00:00,1.0290405750274658,target,4425.224487858331,147.42889003139067,1.9355171372734012,1
WYNN,1,2005-01-06 00:00:00+00:00,2005-01-07 00:00:00+00:00,35.672447204589844,34.3145751953125,1994.3236707429985,2005-01-12 00:00:00+00:00,34.3145751953125,stop,-2847.6130653581085,139.5767754169457,-1.0515416931210986,3
MKC,1,2005-01-07 00:00:00+00:00,2005-01-10 00:00:00+00:00,12.074519157409668,11.880949974060059,6010.134358894801,2005-01-12 00:00:00+00:00,11.880949974060059,stop,-1307.3523877831847,143.97558811049,-1.1237566265297676,2
EQIX,1,2005-01-12 00:00:00+00:00,2005-01-13 00:00:00+00:00,30.53061866760254,30.047515869140625,2381.0727737894586,2005-01-13 00:00:00+00:00,30.047515869140625,stop,-1294.5438671915535,144.24094683239406,-1.1253938804113943,0
GIS,1,2005-01-05 00:00:00+00:00,2005-01-06 00:00:00+00:00,12.21235179901123,11.886502772569656,5848.842180630075,2005-01-19 00:00:00+00:00,12.864049851894379,target,3665.011145023208,146.66791571423838,1.9230428830039732,8
AZO,1,2005-01-05 00:00:00+00:00,2005-01-06 00:00:00+00:00,90.19999694824219,88.8499984741211,791.8860392837569,2005-01-28 00:00:00+00:00,88.8499984741211,stop,-1210.8321364196584,141.78719170879006,-1.13262977614766,15
ELV,1,2005-01-05 00:00:00+00:00,2005-01-06 00:00:00+00:00,45.222900390625,43.030693769454956,1579.4678737933841,2005-02-04 00:00:00+00:00,48.494998931884766,max_hold,5020.150114626688,148.02441117930692,1.4498545033318357,20
BG,1,2005-01-13 00:00:00+00:00,2005-01-14 00:00:00+00:00,34.9937858581543,34.11737823486328,2065.631933397056,2005-02-08 00:00:00+00:00,34.11737823486328,stop,-1953.0938008473204,142.7582275047811,-1.0788573287775578,16
ODFL,1,2005-01-13 00:00:00+00:00,2005-01-14 00:00:00+00:00,3.2460684776306152,3.0257556438446045,16404.918473626312,2005-02-14 00:00:00+00:00,3.493803024291992,max_hold,3953.4979985689047,110.5670425117577,1.0938748824479823,20
AXP,1,2005-02-10 00:00:00+00:00,2005-02-11 00:00:00+00:00,35.19060134887695,34.72447204589844,2058.572941203599,2005-02-16 00:00:00+00:00,34.72447204589844,stop,-1103.4864484864147,143.92527827274827,-1.1499907277830972,3
UNH,1,2005-01-21 00:00:00+00:00,2005-01-24 00:00:00+00:00,34.220436096191406,32.87731397151947,2112.8822521674397,2005-02-22 00:00:00+00:00,33.545928955078125,max_hold,-1568.336517429178,143.18235001072725,-0.5526478140220158,20
ELV,1,2005-02-10 00:00:00+00:00,2005-02-11 00:00:00+00:00,47.92012405395508,46.85698699951172,1511.7327250638023,2005-02-22 00:00:00+00:00,46.85698699951172,stop,-1750.4567367964955,143.27766036653196,-1.0891485351369776,6
HRL,1,2005-02-14 00:00:00+00:00,2005-02-15 00:00:00+00:00,4.861705780029297,4.773594856262207,14904.616575047758,2005-02-22 00:00:00+00:00,5.037927627563477,target,2478.9688294697694,147.55024017370377,1.8876457880096544,4
SYK,1,2005-02-16 00:00:00+00:00,2005-02-17 00:00:00+00:00,40.11553192138672,39.41747283935547,1823.3577571457158,2005-02-22 00:00:00+00:00,39.41747283935547,stop,-1417.8285633473038,145.01712117960642,-1.1139344889394072,2
NVR,1,2005-01-28 00:00:00+00:00,2005-01-31 00:00:00+00:00,785.25,753.0,91.94170282952857,2005-03-01 00:00:00+00:00,794.25,max_hold,682.2534058465168,145.22191961924034,0.230093023255814,20
AZO,1,2005-02-23 00:00:00+00:00,2005-02-24 00:00:00+00:00,94.44999694824219,92.9000015258789,768.1912581879532,2005-03-02 00:00:00+00:00,97.54998779296875,target,2233.8931575312154,147.49270985041863,1.8761286762715286,4
SJM,1,2005-02-23 00:00:00+00:00,2005-02-24 00:00:00+00:00,24.281700134277344,23.62090516090393,2988.0799775257524,2005-03-04 00:00:00+00:00,25.60329008102417,target,3799.9561179321063,149.06034044141052,1.92450761245862,6
STZ,1,2005-03-02 00:00:00+00:00,2005-03-03 00:00:00+00:00,22.617305755615234,22.273605346679688,3273.79124910127,2005-03-08 00:00:00+00:00,22.273605346679688,stop,-1272.1668630165973,146.96347193087615,-1.130610583913251,3
KR,1,2005-03-04 00:00:00+00:00,2005-03-07 00:00:00+00:00,6.132314682006836,6.066563606262207,12155.401981808665,2005-03-08 00:00:00+00:00,6.028495788574219,stop_gap,-1409.779922674518,147.81953969450052,-1.7639210095003262,1
ROK,1,2005-03-04 00:00:00+00:00,2005-03-07 00:00:00+00:00,39.82157897949219,38.032493591308594,1871.8682671304468,2005-03-10 00:00:00+00:00,38.032493591308594,stop,-3494.6647332397793,145.73256791215292,-1.0435161301327511,3
MCHP,1,2005-02-24 00:00:00+00:00,2005-02-25 00:00:00+00:00,7.442462921142578,7.095673084259033,9684.405434029431,2005-03-16 00:00:00+00:00,7.095673084259033,stop,-3499.246584112553,140.7932033313703,-1.0419220359398353,13
COO,1,2005-02-23 00:00:00+00:00,2005-02-24 00:00:00+00:00,20.078121185302734,19.545400619506836,3613.6678985994736,2005-03-17 00:00:00+00:00,19.545400619506836,stop,-2068.2614563158836,143.1862487754966,-1.0743795609722915,15
CTSH,1,2005-03-11 00:00:00+00:00,2005-03-14 00:00:00+00:00,10.30356502532959,9.765851974487305,6731.223745603594,2005-03-17 00:00:00+00:00,9.765851974487305,stop,-3754.55859242013,135.0917362695879,-1.037323656118035,3
HON,1,2005-03-10 00:00:00+00:00,2005-03-11 00:00:00+00:00,22.523794174194336,22.034141540527344,3228.156599851738,2005-03-23 00:00:00+00:00,22.034141540527344,stop,-1724.5153752601345,143.83999425324825,-1.0909990729163015,8
FE,1,2005-03-10 00:00:00+00:00,2005-03-11 00:00:00+00:00,16.204368591308594,15.810873031616211,4487.082258553822,2005-03-23 00:00:00+00:00,15.810873031616211,stop,-1909.301967404937,143.65502268953975,-1.0813611255180435,8
DVN,1,2005-03-17 00:00:00+00:00,2005-03-18 00:00:00+00:00,29.158767700195312,27.495481491088867,2127.0515420684915,2005-03-23 00:00:00+00:00,27.495481491088867,stop,-3658.4020040881733,120.5065081070536,-1.0340616358634513,3
TDY,1,2005-03-17 00:00:00+00:00,2005-03-18 00:00:00+00:00,32.34000015258789,30.719999313354492,2183.884977278956,2005-03-29 00:00:00+00:00,30.719999313354492,stop,-3675.6112814820103,137.71578550089055,-1.0389259054308781,6
CVX,1,2005-03-17 00:00:00+00:00,2005-03-18 00:00:00+00:00,26.19499397277832,25.37557029724121,2701.1997022466808,2005-03-30 00:00:00+00:00,25.37557029724121,stop,-2352.7293812255907,139.3023928508701,-1.0629351650551426,7
JNJ,1,2005-03-23 00:00:00+00:00,2005-03-24 00:00:00+00:00,37.00918197631836,36.25380480289459,1848.557909281844,2005-04-01 00:00:00+00:00,36.25380480289459,stop,-1531.789322091793,135.43087366832526,-1.096988616226178,5
TTWO,1,2005-03-30 00:00:00+00:00,2005-03-31 00:00:00+00:00,26.71168327331543,25.8584041595459,2526.021817790502,2005-04-01 00:00:00+00:00,25.8584041595459,stop,-2288.194845865342,132.793187818562,-1.0616094857878595,1
VTRS,1,2005-03-23 00:00:00+00:00,2005-03-24 00:00:00+00:00,13.906031608581543,13.502503395080566,4919.708079489456,2005-04-11 00:00:00+00:00,13.502503395080566,stop,-2120.083003367187,134.84199110448606,-1.0679222272114954,11
EFX,1,2005-04-04 00:00:00+00:00,2005-04-05 00:00:00+00:00,24.948211669921875,24.518632888793945,2722.619351593085,2005-04-13 00:00:00+00:00,25.807369232177734,target,2200.9708782999387,138.18812676540483,1.8818480261784987,6
UNP,1,2005-04-11 00:00:00+00:00,2005-04-12 00:00:00+00:00,11.14470100402832,10.91983699798584,6063.930787803728,2005-04-13 00:00:00+00:00,10.91983699798584,stop,-1497.35760061896,133.79783130907902,-1.0981239211661373,1
VLO,1,2005-03-23 00:00:00+00:00,2005-03-24 00:00:00+00:00,18.394174575805664,17.01082992553711,2472.761073861562,2005-04-15 00:00:00+00:00,17.01082992553711,stop,-3508.2289198695325,87.5481169508138,-1.0255937697770903,15
EOG,1,2005-03-30 00:00:00+00:00,2005-03-31 00:00:00+00:00,16.16415023803711,15.123302221298218,3241.3135084654286,2005-04-15 00:00:00+00:00,15.123302221298218,stop,-3475.1271792171333,101.4124423019135,-1.0300595783017032,11
BA,1,2005-04-13 00:00:00+00:00,2005-04-14 00:00:00+00:00,41.52889633178711,40.61461639404297,1605.0760142501179,2005-04-15 00:00:00+00:00,40.61461639404297,stop,-1599.3353803856903,131.84658200247918,-1.0898450346931028,1
GPN,1,2005-04-18 00:00:00+00:00,2005-04-19 00:00:00+00:00,14.633273124694824,14.263571739196777,4473.35098622743,2005-04-22 00:00:00+00:00,15.372675895690918,target,3173.3809732116383,134.22714164303255,1.918837336841562,3
ISRG,1,2005-04-19 00:00:00+00:00,2005-04-20 00:00:00+00:00,5.6644439697265625,5.257346838712692,8060.040857945448,2005-04-22 00:00:00+00:00,5.257346838712692,stop,-3369.2495892821184,88.03008015795345,-1.0268284642076417,2
UHS,1,2005-04-25 00:00:00+00:00,2005-04-26 00:00:00+00:00,23.73846435546875,23.042266845703125,2751.18258404107,2005-04-28 00:00:00+00:00,25.153348922729492,target,3758.095474683073,134.51030519316697,1.9620764722964976,2
MNST,1,2005-04-25 00:00:00+00:00,2005-04-26 00:00:00+00:00,0.3252600133419037,0.29081807285547256,94810.06119904116,2005-04-28 00:00:00+00:00,0.29081807285547256,stop,-3323.852886388029,58.4104010557614,-1.0178874383236358,2
JNJ,1,2005-04-04 00:00:00+00:00,2005-04-05 00:00:00+00:00,36.889793395996094,36.16807174682617,1841.2812224516836,2005-05-03 00:00:00+00:00,37.34563064575195,max_hold,702.6362761406732,136.68829232880896,0.5287382277544332,20
ADSK,1,2005-04-19 00:00:00+00:00,2005-04-20 00:00:00+00:00,32.70000076293945,31.040000915527344,1976.638440201961,2005-05-12 00:00:00+00:00,36.02000045776367,target,6426.604422224763,135.83459602356749,1.9586024050979067,16
NFLX,1,2005-04-19 00:00:00+00:00,2005-04-20 00:00:00+00:00,0.16571399569511414,0.15542900562286377,319029.9150581709,2005-05-12 00:00:00+00:00,0.18628397583961487,target,6450.141135288958,112.29788295937306,1.9657755652594702,16
TECH,1,2005-04-29 00:00:00+00:00,2005-05-02 00:00:00+00:00,8.669478416442871,8.311199188232422,7499.011212954749,2005-05-12 00:00:00+00:00,9.38603687286377,target,5238.081387827678,135.3985116101864,1.9496049062640577,8
RF,1,2005-05-09 00:00:00+00:00,2005-05-10 00:00:00+00:00,17.02962875366211,16.759647369384766,3932.526880740666,2005-05-13 00:00:00+00:00,16.759647369384766,stop,-1194.5862876048805,132.87723663465061,-1.1251540961369995,3
FIS,1,2005-05-13 00:00:00+00:00,2005-05-16 00:00:00+00:00,13.259803771972656,12.940241813659668,5183.978922610804,2005-05-24 00:00:00+00:00,13.898927688598633,target,3172.414621269079,140.79029145644853,1.9150126266469703,6
PGR,1,2005-05-16 00:00:00+00:00,2005-05-17 00:00:00+00:00,11.943329811096191,11.728011131286621,5767.568268791982,2005-05-25 00:00:00+00:00,12.373967170715332,target,2343.4787002406297,140.25167045508715,1.887063690882194,6
DGX,1,2005-04-29 00:00:00+00:00,2005-05-02 00:00:00+00:00,37.79444885253906,36.97750473022461,1720.1604423186786,2005-05-31 00:00:00+00:00,38.044189453125,max_hold,299.1392763561213,130.4546256127174,0.21286885789397494,20
GLW,1,2005-05-25 00:00:00+00:00,2005-05-26 00:00:00+00:00,9.823149681091309,9.331993103027344,7169.37880776278,2005-06-01 00:00:00+00:00,10.805462837219238,target,6894.680786707824,147.89433742232563,1.9579999262157413,3
MNST,1,2005-05-16 00:00:00+00:00,2005-05-17 00:00:00+00:00,0.34687501192092896,0.31937500834465027,125243.56560741425,2005-06-06 00:00:00+00:00,0.40187501907348633,target,6794.62088058917,93.77612363040251,1.9727727296864688,13
EW,1,2005-05-16 00:00:00+00:00,2005-05-17 00:00:00+00:00,3.7791669368743896,3.7125000953674316,18227.289556879732,2005-06-14 00:00:00+00:00,3.5833330154418945,stop_gap,-3703.7200095027065,134.19841849338212,-3.047938327235794,19
AFL,1,2005-05-25 00:00:00+00:00,2005-05-26 00:00:00+00:00,12.37662410736084,11.882168769836426,5690.233502947935,2005-06-14 00:00:00+00:00,13.365534782409668,target,5480.65375963292,146.47889495278116,1.9479383537072255,12
ESS,1,2005-05-31 00:00:00+00:00,2005-06-01 00:00:00+00:00,38.87706756591797,37.75661087036133,1856.2814831548726,2005-06-14 00:00:00+00:00,41.11798095703125,target,4011.2727059601502,148.4933273172262,1.9286049618515528,9
PRU,1,2005-06-06 00:00:00+00:00,2005-06-07 00:00:00+00:00,30.357316970825195,29.19694709777832,2427.0271755940166,2005-06-14 00:00:00+00:00,29.19694709777832,stop,-2960.7890329423476,144.53981731700304,-1.0513235180022618,5
DHI,1,2005-06-14 00:00:00+00:00,2005-06-15 00:00:00+00:00,26.473793029785156,25.39522933959961,2769.4185386507384,2005-06-17 00:00:00+00:00,28.849637985229492,target,6426.495329092635,153.2137354747468,2.151492346298176,2
KR,1,2005-06-14 00:00:00+00:00,2005-06-15 00:00:00+00:00,5.865842819213867,5.696269512176514,12498.973372579316,2005-06-21 00:00:00+00:00,6.530293941497803,target,8150.017901512368,154.93898329498677,3.845269027982037,4
KMB,1,2005-06-01 00:00:00+00:00,2005-06-02 00:00:00+00:00,29.26613998413086,28.72816276550293,2497.742205773741,2005-06-23 00:00:00+00:00,28.72816276550293,stop,-1488.5832223839275,144.85481767218042,-1.1078006665366684,15
PNR,1,2005-06-14 00:00:00+00:00,2005-06-15 00:00:00+00:00,20.17441749572754,19.352466583251953,3634.1576266386132,2005-06-24 00:00:00+00:00,19.352466583251953,stop,-3130.7461045286013,143.64692723288368,-1.0480891054186323,7
INTC,1,2005-06-21 00:00:00+00:00,2005-06-22 00:00:00+00:00,15.895204544067383,15.293829560279846,4799.437338881716,2005-06-24 00:00:00+00:00,15.293829560279846,stop,-3035.951366703349,149.68981484405936,-1.0518628724924914,2
SCHW,1,2005-06-17 00:00:00+00:00,2005-06-20 00:00:00+00:00,8.552221298217773,8.361029624938965,8818.671221414832,2005-06-27 00:00:00+00:00,8.361029624938965,stop,-1835.2089060945868,149.15239917661017,-1.0884622778445623,5
HIG,1,2005-06-24 00:00:00+00:00,2005-06-27 00:00:00+00:00,47.99077224731445,47.171382904052734,1559.3415628717403,2005-06-30 00:00:00+00:00,47.171382904052734,stop,-1426.0981628621532,148.39030373997593,-1.1161378970009033,3
DHI,1,2005-06-27 00:00:00+00:00,2005-06-28 00:00:00+00:00,27.86913299560547,26.775487899780273,2662.397016013345,2005-07-07 00:00:00+00:00,30.05642318725586,target,5669.2140514730945,154.22082793216336,1.9470344114338534,6
ALL,1,2005-06-14 00:00:00+00:00,2005-06-15 00:00:00+00:00,35.543739318847656,34.574404299259186,2062.726505711574,2005-07-14 00:00:00+00:00,36.488399505615234,max_hold,1799.9930041196142,148.58260201631538,0.9002336966156325,20
ILMN,1,2005-06-24 00:00:00+00:00,2005-06-27 00:00:00+00:00,6.016537189483643,5.603113174438477,9050.515097843741,2005-07-15 00:00:00+00:00,6.843385219573975,target,7367.011658034631,116.38892192027502,1.9688941088541927,13
NDSN,1,2005-07-15 00:00:00+00:00,2005-07-18 00:00:00+00:00,13.223949432373047,12.990447044372559,5869.892045156807,2005-07-19 00:00:00+00:00,12.795858383178711,stop_gap,-2665.58170718168,152.73346291301618,-1.9447803549184177,1
BF.B,1,2005-07-07 00:00:00+00:00,2005-07-08 00:00:00+00:00,8.361069679260254,8.22623062133789,9002.422501144167,2005-07-22 00:00:00+00:00,8.201214790344238,stop_gap,-1588.1819312749583,149.10068237951805,-1.3083536484450697,10
TYL,1,2005-06-23 00:00:00+00:00,2005-06-24 00:00:00+00:00,7.300000190734863,7.0,10326.513339905814,2005-07-25 00:00:00+00:00,7.75,max_hold,4491.515005596298,155.4140277352086,1.4498317751364547,20
BA,1,2005-06-30 00:00:00+00:00,2005-07-01 00:00:00+00:00,46.45222473144531,44.44612240791321,1605.704838221989,2005-08-01 00:00:00+00:00,46.819435119628906,max_hold,439.86474145990564,149.76675549186552,0.1365527197287729,20
PPL,1,2005-07-25 00:00:00+00:00,2005-07-26 00:00:00+00:00,11.339411735534668,11.06811648607254,6793.641164703697,2005-08-02 00:00:00+00:00,11.882002234458923,target,3528.407195219764,157.75795384917393,1.9144053793200118,5
CBRE,1,2005-07-19 00:00:00+00:00,2005-07-20 00:00:00+00:00,14.399999618530273,13.666666984558105,5274.152157004729,2005-08-03 00:00:00+00:00,16.333332061767578,target,10034.597208133668,162.09226757358468,2.594455808207242,10
KEY,1,2005-08-03 00:00:00+00:00,2005-08-04 00:00:00+00:00,16.81614112854004,16.69831085205078,4757.513765665735,2005-08-04 00:00:00+00:00,16.69831085205078,stop,-720.0246290562477,159.4454666464041,-1.2844298849086229,0
DHI,1,2005-08-01 00:00:00+00:00,2005-08-02 00:00:00+00:00,31.225500106811523,29.830163955688477,2512.3105032268422,2005-08-05 00:00:00+00:00,29.830163955688477,stop,-3658.9084541042553,153.3907861057084,-1.043756957069706,3
ORLY,1,2005-07-15 00:00:00+00:00,2005-07-18 00:00:00+00:00,2.043333053588867,1.9594616889953613,37988.49895875112,2005-08-15 00:00:00+00:00,1.987333059310913,max_hold,-2280.4746797510948,153.11895543296674,-0.715746794890017,20
DPZ,1,2005-08-05 00:00:00+00:00,2005-08-08 00:00:00+00:00,11.22612476348877,10.683284759521484,7012.132476687375,2005-08-17 00:00:00+00:00,10.678836822509766,stop_gap,-3991.2560375760063,153.60049253776972,-1.048546345894039,7
EOG,1,2005-08-02 00:00:00+00:00,2005-08-03 00:00:00+00:00,21.263534545898438,20.009157180786133,3181.1733668287343,2005-08-18 00:00:00+00:00,20.009157180786133,stop,-4121.6874535463285,131.2955876982616,-1.0329029308680082,11
APA,1,2005-07-22 00:00:00+00:00,2005-07-25 00:00:00+00:00,48.77968215942383,46.16884970664978,1473.7022598022836,2005-08-22 00:00:00+00:00,48.60503387451172,max_hold,-400.8956482349831,143.5160760894145,-0.10419397102905086,20
BNY,1,2005-08-15 00:00:00+00:00,2005-08-16 00:00:00+00:00,19.984756469726562,19.716453552246094,3941.514643331554,2005-08-22 00:00:00+00:00,20.5213623046875,target,1955.38429590181,159.6554602938802,1.8490284073136747,4
RL,1,2005-08-05 00:00:00+00:00,2005-08-08 00:00:00+00:00,37.72069549560547,36.13045883178711,2086.8934945956894,2005-09-02 00:00:00+00:00,36.13045883178711,stop,-3472.7740421243043,154.11949353421787,-1.0464403544501777,19
TXN,1,2005-08-22 00:00:00+00:00,2005-08-23 00:00:00+00:00,19.58494758605957,19.099929809570312,3947.5529949742277,2005-09-07 00:00:00+00:00,20.554983139038086,target,3670.812248639903,158.4545037519173,1.9172402895917637,10
PWR,1,2005-08-29 00:00:00+00:00,2005-08-30 00:00:00+00:00,11.080211639404297,10.354203701019287,5353.631618133417,2005-09-12 00:00:00+00:00,12.532227516174316,target,7647.145807063134,126.4123008445572,1.9674763347517878,8
KR,1,2005-08-17 00:00:00+00:00,2005-08-18 00:00:00+00:00,6.78292179107666,6.606429576873779,11322.974397919033,2005-09-13 00:00:00+00:00,7.135906219482422,target,3839.231112489925,157.60253321259881,1.921136305794435,17
WAT,1,2005-09-09 00:00:00+00:00,2005-09-12 00:00:00+00:00,46.18000030517578,45.0,1720.0410738969424,2005-09-14 00:00:00+00:00,45.0,stop,-2186.482337756109,156.83334564283808,-1.0772711667151587,2
SPGI,1,2005-09-13 00:00:00+00:00,2005-09-14 00:00:00+00:00,31.6968994140625,31.381107330322266,2509.5785448408187,2005-09-14 00:00:00+00:00,31.381107330322266,stop,-950.8042503620998,158.29921237703246,-1.1997453704262953,0
MRVL,1,2005-08-18 00:00:00+00:00,2005-08-19 00:00:00+00:00,19.130260467529297,18.257789611816406,4006.825965915105,2005-09-19 00:00:00+00:00,20.00270652770996,max_hold,3338.9405395123936,156.79898827982345,0.9551185437644559,20
ISRG,1,2005-09-12 00:00:00+00:00,2005-09-13 00:00:00+00:00,8.079999923706055,7.565556049346924,7765.1513483968265,2005-09-20 00:00:00+00:00,7.565556049346924,stop,-4116.224654714863,121.49011006057037,-1.0304125615112893,5
CI,1,2005-09-14 00:00:00+00:00,2005-09-15 00:00:00+00:00,33.97243118286133,33.43587112426758,2305.712087759273,2005-09-20 00:00:00+00:00,33.43587112426758,stop,-1392.5771503533115,155.4241374448784,-1.1256304885678534,3
CL,1,2005-09-06 00:00:00+00:00,2005-09-07 00:00:00+00:00,16.41431427001953,15.98008269071579,4800.814567586655,2005-09-21 00:00:00+00:00,15.98008269071579,stop,-2240.184784464845,155.519492837283,-1.0746016607375202,10
HRL,1,2005-09-14 00:00:00+00:00,2005-09-15 00:00:00+00:00,4.9664177894592285,4.826078414916992,15772.06118163138,2005-09-21 00:00:00+00:00,4.826078414916992,stop,-2367.8890507283477,154.44784925631484,-1.069777254147795,4
LII,1,2005-09-20 00:00:00+00:00,2005-09-21 00:00:00+00:00,18.816394805908203,18.339937210083008,4138.966059624507,2005-09-23 00:00:00+00:00,19.769309997558594,target,3784.3787133733094,159.7049225682394,1.9190154482968442,2
AMD,1,2005-09-20 00:00:00+00:00,2005-09-21 00:00:00+00:00,22.31999969482422,21.799999237060547,3489.266152822062,2005-09-23 00:00:00+00:00,21.799999237060547,stop_gap,-1968.3664156623295,153.94641893557105,-1.0848460771008326,2
URI,1,2005-09-23 00:00:00+00:00,2005-09-26 00:00:00+00:00,19.291982650756836,18.300426483154297,3934.286757164688,2005-09-28 00:00:00+00:00,18.300426483154297,stop,-4048.9656166091027,147.89931742546344,-1.0379125362356476,2
EQT,1,2005-09-28 00:00:00+00:00,2005-09-29 00:00:00+00:00,16.739559173583984,16.272308349609375,4659.70949638556,2005-09-29 00:00:00+00:00,16.272308349609375,stop,-2331.0788142597107,153.82571259124614,-1.070651277278405,0
ADSK,1,2005-09-23 00:00:00+00:00,2005-09-26 00:00:00+00:00,42.75,40.5601441860199,1781.4260985947658,2005-10-04 00:00:00+00:00,47.129711627960205,target,7642.0185343390585,160.11406402821976,1.9589563335384157,6
IRM,1,2005-09-29 00:00:00+00:00,2005-09-30 00:00:00+00:00,8.793985366821289,8.578622817993164,8919.922755723212,2005-10-05 00:00:00+00:00,8.578622817993164,stop,-2075.979623096533,154.96232307398975,-1.080666802465637,3
C,1,2005-10-06 00:00:00+00:00,2005-10-07 00:00:00+00:00,287.46282958984375,283.2530212402344,267.9092648531426,2005-10-11 00:00:00+00:00,283.2530212402344,stop,-1280.7467241523912,152.90006403592201,-1.135568131238809,2
NDSN,1,2005-09-22 00:00:00+00:00,2005-09-23 00:00:00+00:00,14.517260551452637,14.024628639221191,5387.196991607528,2005-10-12 00:00:00+00:00,14.024628639221191,stop,-2807.665935125899,153.76077958279348,-1.0579375563823898,13
GS,1,2005-09-22 00:00:00+00:00,2005-09-23 00:00:00+00:00,85.08560943603516,82.33512878417969,919.1606299530856,2005-10-12 00:00:00+00:00,82.33512878417969,stop,-2682.0200798429496,153.88655120970333,-1.060869629498129,13
AJG,1,2005-10-04 00:00:00+00:00,2005-10-05 00:00:00+00:00,15.657413482666016,15.360466957092285,5031.680201869887,2005-10-12 00:00:00+00:00,15.360466957092285,stop,-1650.2120086560888,156.0720549126991,-1.1044561150524614,5
LHX,1,2005-09-23 00:00:00+00:00,2005-09-26 00:00:00+00:00,24.89327621459961,23.45703959465027,2716.17242242524,2005-10-14 00:00:00+00:00,23.45703959465027,stop,-4032.394093600275,131.3277944166356,-1.0336645892032437,14
AME,1,2005-10-14 00:00:00+00:00,2005-10-17 00:00:00+00:00,11.13422966003418,10.877816200256348,6756.212578218062,2005-10-19 00:00:00+00:00,10.877816200256348,stop,-1881.1019032890076,148.7180611136077,-1.0858459063707606,2
AKAM,1,2005-10-13 00:00:00+00:00,2005-10-14 00:00:00+00:00,16.0,15.270000457763672,4714.5778427953255,2005-10-20 00:00:00+00:00,17.459999084472656,target,6725.529563852639,157.74977030360668,1.954164356073472,4
CIEN,1,2005-10-18 00:00:00+00:00,2005-10-19 00:00:00+00:00,17.639999389648438,16.100000381469727,2449.7067380693534,2005-10-26 00:00:00+00:00,16.100000381469727,stop,-3855.199051737276,82.65310478176661,-1.0219091048708018,5
NSC,1,2005-10-24 00:00:00+00:00,2005-10-25 00:00:00+00:00,24.85610008239746,24.16218376159668,3103.670900991599,2005-10-26 00:00:00+00:00,24.06841278076172,stop_gap,-2596.567744086022,151.84558691857632,-1.2056378981451958,1
AAPL,1,2005-10-13 00:00:00+00:00,2005-10-14 00:00:00+00:00,1.6160175800323486,1.5028429925441742,33326.05276454274,2005-11-03 00:00:00+00:00,1.8423667550086975,target,7428.070249642874,115.25429882964596,1.9694420416120144,14
AON,1,2005-10-19 00:00:00+00:00,2005-10-20 00:00:00+00:00,25.740036010742188,24.474607825279236,2968.7238139164915,2005-11-04 00:00:00+00:00,28.27089238166809,target,7353.070048639712,160.34352933028674,1.9573180611804923,11
VRTX,1,2005-10-13 00:00:00+00:00,2005-10-14 00:00:00+00:00,22.440000534057617,20.309999465942383,1770.732574126677,2005-11-11 00:00:00+00:00,26.0,max_hold,6218.032731381381,85.77428683636947,1.6486186406073424,20
MU,1,2005-10-13 00:00:00+00:00,2005-10-14 00:00:00+00:00,12.696284294128418,12.06244945526123,5941.363924846139,2005-11-11 00:00:00+00:00,13.437390327453613,max_hold,4247.910979263801,155.26967162033452,1.128010508197116,20
NSC,1,2005-10-27 00:00:00+00:00,2005-10-28 00:00:00+00:00,24.943632125854492,23.918373107910156,3013.4034867735545,2005-11-18 00:00:00+00:00,26.994150161743164,target,6022.528704798252,156.50949424073252,1.9493417942407043,15
GPN,1,2005-11-14 00:00:00+00:00,2005-11-15 00:00:00+00:00,20.37714195251465,19.450349807739258,4010.7935953701917,2005-11-21 00:00:00+00:00,19.450349807739258,stop,-3876.9118473762255,159.73984887168547,-1.0429734886994604,4
BRO,1,2005-11-07 00:00:00+00:00,2005-11-08 00:00:00+00:00,10.713598251342773,10.323143601417542,7505.768276976985,2005-11-22 00:00:00+00:00,11.494507551193237,target,5694.635353989497,166.6888960244233,1.943122445060422,10
TSCO,1,2005-11-21 00:00:00+00:00,2005-11-22 00:00:00+00:00,2.067211627960205,1.9689440727233887,39295.84488315108,2005-12-06 00:00:00+00:00,2.263746738433838,target,7552.824547103631,170.18866816120573,1.955926873768694,9
PFG,1,2005-11-22 00:00:00+00:00,2005-11-23 00:00:00+00:00,26.870248794555664,26.253210067749023,3058.3986826364044,2005-12-07 00:00:00+00:00,26.253210067749023,stop,-2049.623145802636,162.47271660156187,-1.0860942053624973,9
CRM,1,2005-11-17 00:00:00+00:00,2005-11-18 00:00:00+00:00,7.165704727172852,6.5807395577430725,6989.199799181963,2005-12-09 00:00:00+00:00,8.512495040893555,target,9303.408519526447,109.57807067050442,2.2755408074128547,14
PEP,1,2005-11-10 00:00:00+00:00,2005-11-11 00:00:00+00:00,32.07991027832031,31.373281478881836,2533.424218314457,2005-12-12 00:00:00+00:00,32.37305450439453,max_hold,579.3719798727755,163.28670192269857,0.3236370516928176,20
SCHW,1,2005-11-23 00:00:00+00:00,2005-11-25 00:00:00+00:00,11.376484870910645,10.889554977416992,7233.733504943043,2005-12-12 00:00:00+00:00,10.889554977416992,stop,-3683.387683596625,161.06659847324454,-1.0457274037717668,11
SPGI,1,2005-12-07 00:00:00+00:00,2005-12-08 00:00:00+00:00,35.02436065673828,34.46999740600586,2398.676065495393,2005-12-13 00:00:00+00:00,34.46999740600586,stop,-1496.4323144941527,166.69445337207114,-1.125358883315098,3
T,1,2005-12-13 00:00:00+00:00,2005-12-14 00:00:00+00:00,4.448269367218018,4.382461071014404,18940.774740479672,2005-12-20 00:00:00+00:00,4.38068151473999,stop_gap,-1447.3934588290126,167.22716984992599,-1.16120318817477,4
A,1,2005-12-09 00:00:00+00:00,2005-12-12 00:00:00+00:00,20.969680786132812,20.326828002929688,4012.890494190212,2005-12-27 00:00:00+00:00,20.326828002929688,stop,-2745.4161904424127,165.71836756287144,-1.0642394493235223,10
IT,1,2005-12-06 00:00:00+00:00,2005-12-07 00:00:00+00:00,13.460000038146973,12.787424921989441,6267.594085280934,2006-01-03 00:00:00+00:00,12.787424921989441,stop,-4379.93602537009,164.50820543400616,-1.039025269192369,17
ROK,1,2005-12-28 00:00:00+00:00,2005-12-29 00:00:00+00:00,38.49325180053711,37.908565521240234,2138.54452532489,2006-01-05 00:00:00+00:00,39.66262435913086,target,2333.615462162595,167.13982108322801,1.866328527062999,4
CRM,1,2006-01-03 00:00:00+00:00,2006-01-04 00:00:00+00:00,8.353038787841797,7.752013683319092,6866.2237178878,2006-01-06 00:00:00+00:00,9.555088996887207,target,8130.584443701112,122.9612117384718,1.9702040270032473,2
JCI,1,2005-12-12 00:00:00+00:00,2005-12-13 00:00:00+00:00,29.20588493347168,28.32766342163086,2873.1144049493364,2006-01-09 00:00:00+00:00,31.663530349731445,target,6886.211653842626,174.8847938710142,2.7291246782975453,17
MNST,1,2005-12-20 00:00:00+00:00,2005-12-21 00:00:00+00:00,0.8650000095367432,0.7947919964790344,59094.721050229295,2006-01-13 00:00:00+00:00,1.0083329677581787,target,8359.517093672464,110.70408972743894,2.0148643877425405,15
JBHT,1,2005-12-14 00:00:00+00:00,2005-12-15 00:00:00+00:00,18.336475372314453,17.417051672935486,4418.01386383747,2006-01-17 00:00:00+00:00,18.312429428100586,max_hold,-268.1506844086209,161.91536950269327,-0.06601401405606479,20
GL,1,2006-01-13 00:00:00+00:00,2006-01-17 00:00:00+00:00,20.32731056213379,20.118511199951172,4357.035389048728,2006-01-17 00:00:00+00:00,20.118511199951172,stop,-1085.970086997027,176.22387675656137,-1.19370663463383,0
URI,1,2006-01-05 00:00:00+00:00,2006-01-06 00:00:00+00:00,23.09454345703125,22.208879470825195,3623.367818883746,2006-01-19 00:00:00+00:00,24.86587142944336,target,6244.394548046668,173.77822387996508,1.9458480692074607,8
UNP,1,2006-01-09 00:00:00+00:00,2006-01-10 00:00:00+00:00,13.039706230163574,12.720149993896484,6647.987092332884,2006-01-19 00:00:00+00:00,13.678818702697754,target,4071.1870590763447,177.62440887983644,1.9163886605845188,6
AMD,1,2006-01-18 00:00:00+00:00,2006-01-19 00:00:00+00:00,38.13999938964844,35.335357904434204,1569.5477025941098,2006-01-20 00:00:00+00:00,35.335357904434204,stop,-4517.34167795634,115.32307823820878,-1.0261977716871966,1
CASY,1,2006-01-18 00:00:00+00:00,2006-01-19 00:00:00+00:00,21.686532974243164,20.685626983642578,4059.67943787636,2006-01-24 00:00:00+00:00,20.685626983642578,stop,-4235.374855807905,172.0173865194368,-1.0423338059276284,3
QCOM,1,2006-01-24 00:00:00+00:00,2006-01-25 00:00:00+00:00,30.03815460205078,28.966705322265625,2927.753830289309,2006-01-26 00:00:00+00:00,28.966705322265625,stop,-3309.691437500814,172.7517046491015,-1.05507013821144,1
DECK,1,2006-01-03 00:00:00+00:00,2006-01-04 00:00:00+00:00,1.6327780485153198,1.4954563081264496,30051.853523218688,2006-02-02 00:00:00+00:00,1.849444031715393,max_hold,6406.567162702351,104.64722789041126,1.5524399888622502,20
CBRE,1,2006-01-19 00:00:00+00:00,2006-01-20 00:00:00+00:00,20.753332138061523,19.733333587646484,4311.091499317296,2006-02-02 00:00:00+00:00,22.7933292388916,target,8606.880518334649,187.73364168583146,1.9573071340550103,9
AOS,1,2006-02-02 00:00:00+00:00,2006-02-03 00:00:00+00:00,5.025540351867676,4.824422836303711,18175.041317471747,2006-02-06 00:00:00+00:00,5.4277753829956055,target,7120.648864698938,189.9894453857177,1.9480238421524323,1
HST,1,2006-01-26 00:00:00+00:00,2006-01-27 00:00:00+00:00,9.467931747436523,9.257000923156738,9394.458448705265,2006-02-07 00:00:00+00:00,9.257000923156738,stop,-2157.4914661762855,175.91060192869213,-1.0887728606500675,7
ESS,1,2006-02-06 00:00:00+00:00,2006-02-07 00:00:00+00:00,49.58366394042969,48.736083984375,1864.6765585972757,2006-02-08 00:00:00+00:00,48.736083984375,stop,-1763.7970047946615,183.33452920257645,-1.1160005580859453,1
PFE,1,2006-01-19 00:00:00+00:00,2006-01-20 00:00:00+00:00,9.620744705200195,9.217614889144897,9299.645350171855,2006-02-09 00:00:00+00:00,10.427004337310791,target,7311.491682623972,186.43695616459956,1.9502697437796042,14
AXON,1,2006-01-24 00:00:00+00:00,2006-01-25 00:00:00+00:00,9.079999923706055,8.075053215026855,4375.57143236788,2006-02-14 00:00:00+00:00,11.089893341064453,target,8706.177410334423,88.25480876323915,1.979929390194949,14
JKHY,1,2006-02-02 00:00:00+00:00,2006-02-03 00:00:00+00:00,16.640872955322266,15.977388381958008,5488.858894785526,2006-02-14 00:00:00+00:00,15.977388381958008,stop,-3820.810235936956,179.03703387356964,-1.0491620493478642,7
BXP,1,2006-02-09 00:00:00+00:00,2006-02-10 00:00:00+00:00,32.85378646850586,32.25857162475586,2840.6428985778775,2006-02-15 00:00:00+00:00,34.04421615600586,target,3191.5523019687935,190.03333608436344,1.8876069652379,3
CIEN,1,2006-01-18 00:00:00+00:00,2006-01-19 00:00:00+00:00,24.56999969482422,22.06301259994507,1755.8999839727262,2006-02-16 00:00:00+00:00,27.649999618530273,max_hold,5316.478720714084,91.69309595737494,1.2077365418343546,20
MRK,1,2006-02-08 00:00:00+00:00,2006-02-09 00:00:00+00:00,15.922200202941895,15.49736213684082,5802.570566507931,2006-02-21 00:00:00+00:00,16.86423683166504,target,5275.988399883603,190.2456145176758,2.1402276873000727,7
CBRE,1,2006-02-14 00:00:00+00:00,2006-02-15 00:00:00+00:00,22.219999313354492,21.433332443237305,4255.886846119488,2006-02-27 00:00:00+00:00,23.793333053588867,target,6500.102833652853,195.82753596659833,1.9415084909320144,7
EQIX,1,2006-02-16 00:00:00+00:00,2006-02-17 00:00:00+00:00,34.37347412109375,32.60145580768585,2714.428996586704,2006-02-27 00:00:00+00:00,37.917510747909546,target,9423.807039273895,196.22874552023325,1.9592041547640808,5
MPWR,1,2006-02-15 00:00:00+00:00,2006-02-16 00:00:00+00:00,15.995898246765137,14.972161293029785,4662.077447748079,2006-02-28 00:00:00+00:00,14.972161293029785,stop,-4917.116456416899,144.37549198099765,-1.030250016302333,7
AZO,1,2006-02-07 00:00:00+00:00,2006-02-08 00:00:00+00:00,97.0999984741211,95.38999938964844,936.8577096410215,2006-03-01 00:00:00+00:00,94.26000213623047,stop_gap,-2839.949556393818,179.27709188871845,-1.772723954080836,14
WAT,1,2006-03-01 00:00:00+00:00,2006-03-02 00:00:00+00:00,43.209999084472656,42.06999969482422,2268.3853789933714,2006-03-06 00:00:00+00:00,42.06999969482422,stop,-2779.405849891413,193.4479023515296,-1.0748070565244743,2
STX,1,2006-02-28 00:00:00+00:00,2006-03-01 00:00:00+00:00,12.853699684143066,12.12730884552002,6721.523395840454,2006-03-08 00:00:00+00:00,12.12730884552002,stop,-5050.363449612798,167.91043328382037,-1.034390588649242,5
MAA,1,2006-03-06 00:00:00+00:00,2006-03-07 00:00:00+00:00,23.409576416015625,22.999700844287872,4170.51072087486,2006-03-08 00:00:00+00:00,24.22932755947113,target,3220.1023724701154,198.67855976049555,1.8837722780728943,1
BNY,1,2006-03-08 00:00:00+00:00,2006-03-09 00:00:00+00:00,22.794822692871094,22.496274948120117,4204.532469832275,2006-03-09 00:00:00+00:00,22.496274948120117,stop,-1445.6815772265704,190.4278906258915,-1.151704705318639,0
CCI,1,2006-02-21 00:00:00+00:00,2006-02-22 00:00:00+00:00,18.155611038208008,17.357959747314453,5225.400826679696,2006-03-17 00:00:00+00:00,17.357959747314453,stop,-4353.620356978325,185.572642141017,-1.0445226770030536,17
NVDA,1,2006-02-27 00:00:00+00:00,2006-02-28 00:00:00+00:00,0.3605422079563141,0.34072345495224,249097.34378078915,2006-03-27 00:00:00+00:00,0.4001797139644623,target,9684.103650618505,189.49381010628227,1.9616160551693442,19
HPQ,1,2006-02-27 00:00:00+00:00,2006-02-28 00:00:00+00:00,8.915674209594727,8.59146785736084,11074.426037347997,2006-03-28 00:00:00+00:00,8.92380428314209,max_hold,-107.52608693420011,197.56198511267422,-0.029948225500433887,20
CPRT,1,2006-03-08 00:00:00+00:00,2006-03-09 00:00:00+00:00,1.678125023841858,1.5910218134522438,55016.09626530706,2006-04-06 00:00:00+00:00,1.691249966621399,max_hold,536.7132566066307,185.3698588292446,0.11200009443326993,20
MDLZ,1,2006-03-09 00:00:00+00:00,2006-03-10 00:00:00+00:00,11.686664581298828,11.36871337890625,8147.074175764593,2006-04-07 00:00:00+00:00,11.82995319366455,max_hold,975.7913241101915,191.59162937573075,0.376699297532064,20
ESS,1,2006-03-28 00:00:00+00:00,2006-03-29 00:00:00+00:00,54.29093933105469,52.52029037475586,1772.3720012372466,2006-04-10 00:00:00+00:00,52.52029037475586,stop,-3327.557867112295,189.3092329482987,-1.0603232104962674,8
EQIX,1,2006-04-06 00:00:00+00:00,2006-04-07 00:00:00+00:00,43.750064849853516,40.92464828491211,1704.7825237413244,2006-04-10 00:00:00+00:00,40.92464828491211,stop,-4961.072753356313,144.35197115495842,-1.029968930665104,1
C,1,2006-04-10 00:00:00+00:00,2006-04-11 00:00:00+00:00,305.873779296875,304.0141906738281,308.2541781044662,2006-04-11 00:00:00+00:00,304.0141906738281,stop,-761.2264775288509,188.00051491912046,-1.3279692951505702,0
CL,1,2006-04-10 00:00:00+00:00,2006-04-11 00:00:00+00:00,17.81856918334961,17.69117346405983,5291.495039285788,2006-04-11 00:00:00+00:00,17.69117346405983,stop,-862.013443713196,187.89962706508203,-1.2787357600818399,0
GL,1,2006-04-10 00:00:00+00:00,2006-04-11 00:00:00+00:00,20.9683895111084,20.72247886657715,4496.619561121508,2006-04-11 00:00:00+00:00,20.72247886657715,stop,-1293.2345887544593,187.46797426724294,-1.1695366561181435,0
SBAC,1,2006-03-17 00:00:00+00:00,2006-03-20 00:00:00+00:00,21.581750869750977,20.1484215259552,3357.8049994994653,2006-04-18 00:00:00+00:00,20.73948860168457,max_hold,-2970.258924085338,142.1064694822004,-0.6171530021113409,20
IP,1,2006-03-27 00:00:00+00:00,2006-03-28 00:00:00+00:00,15.025443077087402,14.479767799377441,6511.499081707914,2006-04-20 00:00:00+00:00,16.116793632507324,target,6903.545493701387,202.78264573685658,1.9429289946205928,16
SPGI,1,2006-04-12 00:00:00+00:00,2006-04-13 00:00:00+00:00,38.241065979003906,37.80401611328125,2457.2478454993056,2006-04-21 00:00:00+00:00,37.80401611328125,stop,-1260.8014550548435,186.86161413208555,-1.1739963515754561,5
TKO,1,2006-04-12 00:00:00+00:00,2006-04-13 00:00:00+00:00,7.734877586364746,7.602619647979736,12148.579720531468,2006-04-26 00:00:00+00:00,7.999393463134766,target,3022.3431700975652,191.14904618929518,1.8810334469020966,8
QCOM,1,2006-04-24 00:00:00+00:00,2006-04-25 00:00:00+00:00,32.735958099365234,31.774789810180664,2909.5862900313737,2006-04-26 00:00:00+00:00,31.774789810180664,stop,-2984.3016643016213,187.69958767728485,-1.067117016484465,1
WYNN,1,2006-04-12 00:00:00+00:00,2006-04-13 00:00:00+00:00,40.89631271362305,39.53311538696289,2297.707806679656,2006-04-27 00:00:00+00:00,39.53311538696289,stop,-3317.0324643453746,184.80332483349642,-1.0590005764591972,9
EQIX,1,2006-04-21 00:00:00+00:00,2006-04-24 00:00:00+00:00,42.4764404296875,40.35370635986328,2256.4782165502065,2006-04-28 00:00:00+00:00,46.72190856933594,target,9378.53224470609,201.27413146853934,1.957979499049351,4
MPWR,1,2006-04-18 00:00:00+00:00,2006-04-19 00:00:00+00:00,15.415787696838379,14.588264465332031,5768.149975048984,2006-05-01 00:00:00+00:00,14.588264465332031,stop,-4946.345979896385,173.06787273059166,-1.0362576553984517,8
RSG,1,2006-04-26 00:00:00+00:00,2006-04-27 00:00:00+00:00,18.70178985595703,18.485828399658203,5074.608009906672,2006-05-03 00:00:00+00:00,18.485828399658203,stop,-1284.6323214344397,188.71258546929664,-1.1721956264462228,4
GRMN,1,2006-05-01 00:00:00+00:00,2006-05-02 00:00:00+00:00,23.474061965942383,22.016882300376892,3274.410923493446,2006-05-11 00:00:00+00:00,26.388421297073364,target,9379.53976897141,163.27025986892787,1.9657815131233898,7
CBRE,1,2006-04-26 00:00:00+00:00,2006-04-27 00:00:00+00:00,29.25,27.756766438484192,3177.8100576004967,2006-05-12 00:00:00+00:00,27.756766438484192,stop,-4926.369305871042,181.15667573949753,-1.038176724598003,11
OXY,1,2006-04-28 00:00:00+00:00,2006-05-01 00:00:00+00:00,28.962636947631836,27.275482177734375,2880.083960621684,2006-05-16 00:00:00+00:00,27.275482177734375,stop,-5021.117896736545,161.9705048684988,-1.0333331121298281,11
MGM,1,2006-04-27 00:00:00+00:00,2006-04-28 00:00:00+00:00,42.00239181518555,40.58561706542969,2293.8108186316476,2006-05-17 00:00:00+00:00,40.58561706542969,stop,-3439.254516813737,189.44126825960183,-1.0582929706326618,13
DE,1,2006-05-16 00:00:00+00:00,2006-05-17 00:00:00+00:00,30.388385772705078,29.163311004638672,3113.6643636935055,2006-05-18 00:00:00+00:00,29.163311004638672,stop,-3999.8956442415524,185.4239960530966,-1.048610663062906,1
CTSH,1,2006-05-03 00:00:00+00:00,2006-05-04 00:00:00+00:00,14.646602630615234,13.703418016433716,5113.860601824435,2006-05-19 00:00:00+00:00,13.703418016433716,stop,-4968.2926923577015,144.9780536478529,-1.030057764111908,11
LVS,1,2006-05-15 00:00:00+00:00,2006-05-16 00:00:00+00:00,43.494937896728516,41.61744689941406,2184.1092965092575,2006-05-19 00:00:00+00:00,41.61744689941406,stop,-4286.540292228263,185.8947508813282,-1.0453330454941656,3
LVS,1,2006-05-19 00:00:00+00:00,2006-05-22 00:00:00+00:00,43.02555465698242,41.46099853515625,2133.986494336694,2006-05-22 00:00:00+00:00,41.46099853515625,stop,-3519.0347970739285,180.2931634650826,-1.0540003340330961,0
PCAR,1,2006-05-19 00:00:00+00:00,2006-05-22 00:00:00+00:00,11.501562118530273,11.30723762512207,7982.911503944338,2006-05-22 00:00:00+00:00,11.30723762512207,stop,-1733.3558637912652,182.08062986476497,-1.117374806148289,0
BA,1,2006-05-22 00:00:00+00:00,2006-05-23 00:00:00+00:00,61.68755340576172,58.967798709869385,1469.7031995793538,2006-05-24 00:00:00+00:00,58.967798709869385,stop,-4174.559735674652,177.3275570507166,-1.0443625861912684,1
ODFL,1,2006-05-22 00:00:00+00:00,2006-05-23 00:00:00+00:00,4.684720993041992,4.334650069475174,12949.146660186057,2006-05-24 00:00:00+00:00,4.334650069475174,stop,-4649.912889404686,116.79315867117293,-1.0257644107388875,1
NI,1,2006-05-22 00:00:00+00:00,2006-05-23 00:00:00+00:00,3.9159889221191406,3.822532892227173,23151.851656824463,2006-05-24 00:00:00+00:00,3.822532892227173,stop,-2342.8412495834364,179.16110908884593,-1.0828038792498653,1
YUM,1,2006-05-22 00:00:00+00:00,2006-05-23 00:00:00+00:00,13.018365859985352,12.636116981506348,6964.191634323318,2006-05-24 00:00:00+00:00,12.636116981506348,stop,-2840.717176520557,178.66273478760758,-1.0671146059174137,1
NDSN,1,2006-05-25 00:00:00+00:00,2006-05-26 00:00:00+00:00,20.7491512298584,20.214758038520813,4236.780856985605,2006-05-26 00:00:00+00:00,20.214758038520813,stop,-2437.661949778092,173.55510661556426,-1.0766549984775193,0
MKC,1,2006-05-15 00:00:00+00:00,2006-05-16 00:00:00+00:00,11.401269912719727,11.134305000305176,8332.203249162116,2006-06-01 00:00:00+00:00,11.134305000305176,stop,-2412.176901144842,187.77099051204237,-1.0844139954917784,11
EXPD,1,2006-05-31 00:00:00+00:00,2006-06-01 00:00:00+00:00,38.86752700805664,37.77082061767578,2239.219640637788,2006-06-02 00:00:00+00:00,41.06093978881836,target,4732.555586009959,178.9773926976278,1.9271195394702516,1
ADM,1,2006-05-25 00:00:00+00:00,2006-05-26 00:00:00+00:00,25.311914443969727,23.389415740966797,2286.3372181226746,2006-06-08 00:00:00+00:00,23.389415740966797,stop,-4506.82800024207,111.34766377390162,-1.0253323084737926,8
PCAR,1,2006-05-25 00:00:00+00:00,2006-05-26 00:00:00+00:00,11.660970687866211,11.178194999694824,7538.78978710044,2006-06-08 00:00:00+00:00,11.178194999694824,stop,-3811.7240964781167,172.17966903127996,-1.047308027821511,8
SJM,1,2006-06-07 00:00:00+00:00,2006-06-08 00:00:00+00:00,21.191856384277344,20.95981788635254,4159.086414231705,2006-06-08 00:00:00+00:00,20.95981788635254,stop,-1140.3806200938839,175.31245579609686,-1.1816581069417615,0
BKNG,1,2006-06-09 00:00:00+00:00,2006-06-12 00:00:00+00:00,1.2491836547851562,1.1643942594528198,50947.611858597345,2006-06-12 00:00:00+00:00,1.1643942594528198,stop,-4442.783233882121,122.96603076507935,-1.0284655634679059,0
HUM,1,2006-06-13 00:00:00+00:00,2006-06-14 00:00:00+00:00,44.07435989379883,43.334007263183594,1937.8140419097099,2006-06-14 00:00:00+00:00,43.334007263183594,stop,-1604.046884828194,169.38116125720006,-1.1180631546947377,0
ED,1,2006-06-15 00:00:00+00:00,2006-06-16 00:00:00+00:00,19.261695861816406,18.884614944458008,4432.887666417471,2006-06-19 00:00:00+00:00,18.884614944458008,stop,-1840.6556584918917,169.09831069246138,-1.101162135367402,1
CMCSA,1,2006-05-25 00:00:00+00:00,2006-05-26 00:00:00+00:00,6.634031295776367,6.360986262559891,13251.310222990967,2006-06-26 00:00:00+00:00,6.524464130401611,max_hold,-1626.2758035947363,174.36730496009213,-0.44947040184259307,20
DGX,1,2006-06-01 00:00:00+00:00,2006-06-02 00:00:00+00:00,40.81777572631836,39.59610366821289,2191.039592538334,2006-06-28 00:00:00+00:00,43.2611198425293,target,5169.243507725507,184.2201890882411,1.9311771968500002,18
BKNG,1,2006-06-15 00:00:00+00:00,2006-06-16 00:00:00+00:00,1.1894015073776245,1.1389961242675781,71788.15016670516,2006-06-28 00:00:00+00:00,1.1389961242675781,stop,-3785.6605707426606,167.15135882834647,-1.0461934318912285,8
HUM,1,2006-06-19 00:00:00+00:00,2006-06-20 00:00:00+00:00,43.891456604003906,41.748714447021484,1915.8980078438703,2006-07-06 00:00:00+00:00,48.17694091796875,target,8034.157200373675,176.39365939772495,1.95703244218071,11
COST,1,2006-07-10 00:00:00+00:00,2006-07-11 00:00:00+00:00,38.23747634887695,37.46946334838867,2253.971341599328,2006-07-13 00:00:00+00:00,37.46946334838867,stop,-1901.7205655141217,170.64127243782522,-1.098575075746287,2
PCAR,1,2006-07-11 00:00:00+00:00,2006-07-12 00:00:00+00:00,12.272788047790527,11.97825813293457,7050.714637697346,2006-07-13 00:00:00+00:00,11.97825813293457,stop,-2247.633588200562,170.98720628591278,-1.0823381427743437,1
INTU,1,2006-07-11 00:00:00+00:00,2006-07-12 00:00:00+00:00,26.005130767822266,25.209407806396484,3327.494374340349,2006-07-13 00:00:00+00:00,25.209407806396484,stop,-2818.1797666678794,170.41608899014972,-1.0643622731238673,1
NRG,1,2006-06-15 00:00:00+00:00,2006-06-16 00:00:00+00:00,17.897018432617188,16.650976181030273,3426.245535068624,2006-07-17 00:00:00+00:00,17.448291778564453,max_hold,-1658.5494062111409,121.10171129667654,-0.3884876003581898,20
HST,1,2006-07-18 00:00:00+00:00,2006-07-19 00:00:00+00:00,10.998588562011719,10.57861253619194,7740.240728554635,2006-07-21 00:00:00+00:00,10.57861253619194,stop,-3417.728270815292,167.01273074852978,-1.0513772210118084,2
EVRG,1,2006-07-03 00:00:00+00:00,2006-07-05 00:00:00+00:00,9.493199348449707,9.16659927368164,8997.309564515623,2006-07-25 00:00:00+00:00,10.14639949798584,target,5700.340402420198,176.70355054428455,1.9398665206663455,14
HUM,1,2006-07-18 00:00:00+00:00,2006-07-19 00:00:00+00:00,49.49220275878906,47.0588481426239,1720.1037415773571,2006-07-27 00:00:00+00:00,47.0588481426239,stop,-4351.700203758975,166.07782390874632,-1.0396781670291741,6
ESS,1,2006-07-24 00:00:00+00:00,2006-07-25 00:00:00+00:00,57.94021224975586,56.92218780517578,1465.570351388447,2006-08-03 00:00:00+00:00,59.976261138916016,target,2811.157998591785,172.81488733872231,1.8841712750450597,7
DTE,1,2006-08-01 00:00:00+00:00,2006-08-02 00:00:00+00:00,16.451513290405273,16.199779510498047,5148.181632100683,2006-08-03 00:00:00+00:00,16.199779510498047,stop,-1464.0660077596115,168.09478586195172,-1.1297056470249507,1
ACN,1,2006-08-02 00:00:00+00:00,2006-08-03 00:00:00+00:00,19.657690048217773,19.4093267172575,4340.273825125239,2006-08-03 00:00:00+00:00,20.15441671013832,target,1983.1342840892014,172.7954448863846,1.8397021548856416,0
ED,1,2006-08-04 00:00:00+00:00,2006-08-07 00:00:00+00:00,20.002885818481445,19.877589970827103,4245.726044164449,2006-08-07 00:00:00+00:00,19.877589970827103,stop,-701.2934183240409,169.3215747123371,-1.31829048237359,0
INTU,1,2006-08-03 00:00:00+00:00,2006-08-04 00:00:00+00:00,27.019458770751953,25.646617889404297,3113.9010536489513,2006-08-08 00:00:00+00:00,25.646617889404297,stop,-4438.887618524439,163.996951603617,-1.0383628411534893,2
UNH,1,2006-08-08 00:00:00+00:00,2006-08-09 00:00:00+00:00,38.040950775146484,36.332252502441406,2230.1227719590784,2006-08-10 00:00:00+00:00,36.164451599121094,stop_gap,-4350.310701653912,165.4871576372404,-1.141631971870291,1
ORCL,1,2006-07-17 00:00:00+00:00,2006-07-18 00:00:00+00:00,11.425579071044922,10.933304786682129,7404.77892325286,2006-08-15 00:00:00+00:00,12.283096313476562,max_hold,6174.168103298178,175.5574997855486,1.6937885921187479,20
CPRT,1,2006-08-10 00:00:00+00:00,2006-08-11 00:00:00+00:00,1.683750033378601,1.6543749570846558,50322.42256603503,2006-08-16 00:00:00+00:00,1.7425001859664917,target,2784.0327929920145,172.41721135485398,1.8833619975975586,3
CAH,1,2006-08-04 00:00:00+00:00,2006-08-07 00:00:00+00:00,30.403453826904297,29.889366149902344,2793.326500386673,2006-08-28 00:00:00+00:00,29.889366149902344,stop,-1604.432263516037,168.41753182425697,-1.1172812006084665,15
HUM,1,2006-07-31 00:00:00+00:00,2006-08-01 00:00:00+00:00,48.577632904052734,45.22044348716736,1265.2966721936268,2006-08-29 00:00:00+00:00,53.568660736083984,max_hold,6185.8855412751345,129.245365419778,1.4562423894826766,20
RF,1,2006-08-15 00:00:00+00:00,2006-08-16 00:00:00+00:00,19.82299041748047,19.244373321533203,4291.567380486512,2006-08-30 00:00:00+00:00,19.244373321533203,stop,-2650.834478623072,167.66022386395264,-1.067518509239786,10
XEL,1,2006-08-28 00:00:00+00:00,2006-08-29 00:00:00+00:00,9.94402027130127,9.780288696289062,8629.624788812815,2006-09-05 00:00:00+00:00,9.780288696289062,stop,-1583.155444045627,170.21338560892042,-1.1204673500888254,4
AES,1,2006-08-07 00:00:00+00:00,2006-08-08 00:00:00+00:00,12.478455543518066,11.679032981395721,5312.817780163618,2006-09-06 00:00:00+00:00,13.088981628417969,max_hold,3107.778704309606,135.83513480027798,0.731726467883256,20
KLAC,1,2006-09-05 00:00:00+00:00,2006-09-06 00:00:00+00:00,2.3146471977233887,2.2731244564056396,36890.17212586593,2006-09-06 00:00:00+00:00,2.2731244564056396,stop,-1701.024760344555,169.2436859949885,-1.1104881688571937,0
TXN,1,2006-08-29 00:00:00+00:00,2006-08-30 00:00:00+00:00,19.933446884155273,19.150653839111328,4288.8910666189495,2006-09-07 00:00:00+00:00,18.8363094329834,stop_gap,-4871.782274707708,166.27926152356963,-1.4510951709148678,5
KR,1,2006-09-08 00:00:00+00:00,2006-09-11 00:00:00+00:00,8.355975151062012,8.126181602478027,10074.506876819656,2006-09-12 00:00:00+00:00,8.126181602478027,stop,-2481.106287016501,166.0496015583587,-1.0717259333654277,1
KLAC,1,2006-09-07 00:00:00+00:00,2006-09-08 00:00:00+00:00,2.3354098796844482,2.2598161697387695,35895.36221694383,2006-09-13 00:00:00+00:00,2.4865972995758057,target,5253.839505333203,173.08769431225042,1.9362115289390438,3
SO,1,2006-08-17 00:00:00+00:00,2006-08-18 00:00:00+00:00,13.945616722106934,13.746459007263184,6128.245571491117,2006-09-14 00:00:00+00:00,14.343932151794434,target,2267.609465433036,173.36530260596757,1.8579540396107879,18
DGX,1,2006-09-12 00:00:00+00:00,2006-09-13 00:00:00+00:00,45.40632629394531,44.78728103637695,1871.3710637758227,2006-09-18 00:00:00+00:00,44.78728103637695,stop,-1327.2490890766028,168.78570689552402,-1.1456979214809064,3
ZBH,1,2006-09-14 00:00:00+00:00,2006-09-15 00:00:00+00:00,57.72341537475586,56.91765594482422,1480.7158807637927,2006-09-19 00:00:00+00:00,59.33493423461914,target,2212.8714107073197,173.33015724260167,1.8547229541957628,2
INCY,1,2006-09-19 00:00:00+00:00,2006-09-20 00:00:00+00:00,5.019999980926514,4.639999866485596,11245.399727164238,2006-09-21 00:00:00+00:00,4.449999809265137,stop_gap,-6516.373707941284,106.49393305686658,-1.5249210445742223,1
MO,1,2006-09-13 00:00:00+00:00,2006-09-14 00:00:00+00:00,5.675257682800293,5.556760787963867,15088.659420542808,2006-09-25 00:00:00+00:00,5.487316131591797,stop_gap,-3004.2143316955353,168.42827454203166,-1.6802476157517325,7
SPGI,1,2006-08-30 00:00:00+00:00,2006-08-31 00:00:00+00:00,37.6359748840332,36.67589569091797,2274.2048792297924,2006-09-29 00:00:00+00:00,38.24936294555664,max_hold,1222.3913168238514,172.57880555405436,0.5598524866993274,20
TYL,1,2006-09-18 00:00:00+00:00,2006-09-19 00:00:00+00:00,12.949999809265137,12.520000457763672,6618.113638673361,2006-10-02 00:00:00+00:00,12.520000457763672,stop,-3014.3479289367824,168.5633561442375,-1.0592326480914287,9
NVR,1,2006-09-22 00:00:00+00:00,2006-09-25 00:00:00+00:00,556.0,527.239990234375,145.20713353267777,2006-10-02 00:00:00+00:00,527.239990234375,stop,-4333.452752348126,157.29417390989946,-1.0376647991103642,5
MU,1,2006-09-25 00:00:00+00:00,2006-09-26 00:00:00+00:00,17.259925842285156,16.528579711914062,4906.553945768862,2006-10-06 00:00:00+00:00,15.61194896697998,stop_gap,-8247.17506711467,161.28762705021992,-2.2982944467916417,8
MCK,1,2006-10-02 00:00:00+00:00,2006-10-03 00:00:00+00:00,45.89056396484375,44.789947509765625,1770.773182182041,2006-10-06 00:00:00+00:00,44.789947509765625,stop,-2109.516720386398,160.57461786578915,-1.0823906557604326,3
AMD,1,2006-09-08 00:00:00+00:00,2006-09-11 00:00:00+00:00,25.479999542236328,23.719999313354492,2391.5431299514985,2006-10-09 00:00:00+00:00,24.25,max_hold,-3060.528393836505,118.93143875772645,-0.7271189632694552,20
MRSH,1,2006-10-06 00:00:00+00:00,2006-10-09 00:00:00+00:00,17.826026916503906,17.621065139770508,4460.698213135766,2006-10-09 00:00:00+00:00,17.621065139770508,stop,-1072.3914114320846,158.11878019628227,-1.172944890609442,0
UDR,1,2006-10-02 00:00:00+00:00,2006-10-03 00:00:00+00:00,12.538025856018066,12.298654556274414,6481.226065198328,2006-10-11 00:00:00+00:00,13.016768455505371,target,2937.212615335295,165.62639898262768,1.8932420288527048,6
T,1,2006-10-09 00:00:00+00:00,2006-10-10 00:00:00+00:00,6.113442897796631,5.984536647796631,13037.265549960919,2006-10-13 00:00:00+00:00,6.371255397796631,target,3198.4036976085054,162.76632699079386,1.9031490071614583,3
AEE,1,2006-10-09 00:00:00+00:00,2006-10-10 00:00:00+00:00,23.904428482055664,23.637229919433594,3334.2181153976385,2006-10-18 00:00:00+00:00,24.438825607299805,target,1620.6096222634342,161.18695354199997,1.8190736745925804,6
WTW,1,2006-10-13 00:00:00+00:00,2006-10-16 00:00:00+00:00,66.49003601074219,64.5181655883789,1209.4366267595974,2006-10-19 00:00:00+00:00,64.5181655883789,stop,-2543.298429449952,158.44611741988228,-1.0664385449030207,3
SO,1,2006-10-11 00:00:00+00:00,2006-10-12 00:00:00+00:00,14.559704780578613,14.343948364257812,5490.283985699449,2006-10-25 00:00:00+00:00,14.991217613220215,target,2206.8850386946706,162.2429559813209,1.8630357191794447,9
ZBH,1,2006-10-18 00:00:00+00:00,2006-10-19 00:00:00+00:00,60.775020599365234,59.489219665527344,1327.8998689647578,2006-10-26 00:00:00+00:00,59.489219665527344,stop,-1867.113760446995,159.69886888889698,-1.0935325501016124,5
BXP,1,2006-09-29 00:00:00+00:00,2006-10-02 00:00:00+00:00,44.44968795776367,43.71708679199219,1846.6688028663568,2006-10-30 00:00:00+00:00,44.8909797668457,max_hold,649.9371928779582,164.98262391428537,0.48041302389519236,20
GE,1,2006-10-25 00:00:00+00:00,2006-10-26 00:00:00+00:00,107.57339477539062,105.73786926269531,756.319322804038,2006-10-30 00:00:00+00:00,105.73786926269531,stop,-1549.5748435150122,161.3314307637585,-1.1162126391394347,2
VZ,1,2006-10-19 00:00:00+00:00,2006-10-20 00:00:00+00:00,12.12954330444336,11.788829803466797,6604.664851011769,2006-10-31 00:00:00+00:00,11.788829803466797,stop,-2408.271322324266,157.97283815919934,-1.0702008374759282,7
RF,1,2006-10-30 00:00:00+00:00,2006-10-31 00:00:00+00:00,20.521270751953125,20.23552894592285,3918.451048113976,2006-11-02 00:00:00+00:00,20.23552894592285,stop,-1279.368803823219,159.7035244939135,-1.1426350601758217,2
DPZ,1,2006-10-12 00:00:00+00:00,2006-10-13 00:00:00+00:00,12.072145462036133,11.408379077911377,6049.475402522891,2006-11-10 00:00:00+00:00,12.295196533203125,max_hold,1201.932332506039,147.40963602506298,0.2993277965315128,20
CME,1,2006-10-31 00:00:00+00:00,2006-11-01 00:00:00+00:00,48.948360443115234,47.80523681640625,1630.6973770218272,2006-11-15 00:00:00+00:00,51.2346076965332,target,3564.809296004452,163.36810336758597,1.912360338113147,10
BKNG,1,2006-11-10 00:00:00+00:00,2006-11-13 00:00:00+00:00,1.6000648736953735,1.5445804595947266,50071.42185927894,2006-11-17 00:00:00+00:00,1.5445804595947266,stop,-2935.640368129401,157.4568630809814,-1.0566761924814743,4
AZO,1,2006-10-26 00:00:00+00:00,2006-10-27 00:00:00+00:00,111.6500015258789,108.37000274658203,727.3374585745169,2006-11-27 00:00:00+00:00,114.87000274658203,max_hold,2177.2710202492326,164.75648422382045,0.9126470519822477,20
WM,1,2006-10-31 00:00:00+00:00,2006-11-01 00:00:00+00:00,22.260984420776367,21.81043243408203,3585.6438994499413,2006-11-27 00:00:00+00:00,21.81043243408203,stop,-1773.543389461335,158.02440698573832,-1.0978164965561619,17
TECH,1,2006-11-15 00:00:00+00:00,2006-11-16 00:00:00+00:00,11.752327919006348,11.41488265991211,6856.165159492678,2006-11-27 00:00:00+00:00,11.41488265991211,stop,-2472.418650651707,158.83822201381093,-1.0686547223721659,6
A,1,2006-11-17 00:00:00+00:00,2006-11-20 00:00:00+00:00,21.1943359375,20.373092651367188,3775.2904616091823,2006-11-29 00:00:00+00:00,20.373092651367188,stop,-3257.3610614629583,156.92911666517114,-1.050615243120715,6
GPC,1,2006-11-29 00:00:00+00:00,2006-11-30 00:00:00+00:00,25.0615234375,24.799022674560547,3144.6005274468603,2006-12-01 00:00:00+00:00,24.799022674560547,stop,-982.2515371973817,156.7914996027741,-1.1899443855085523,1
ROST,1,2006-11-02 00:00:00+00:00,2006-11-03 00:00:00+00:00,6.2691826820373535,5.87691992521286,10033.523374375745,2006-12-04 00:00:00+00:00,6.232509613037109,max_hold,-493.39611688592686,125.43602186188278,-0.12536178987117153,20
ACN,1,2006-12-01 00:00:00+00:00,2006-12-04 00:00:00+00:00,23.639415740966797,23.141826629638672,3321.4735141498195,2006-12-14 00:00:00+00:00,24.634593963623047,target,3145.1172637558197,160.34084465560653,1.9029841919656547,8
ED,1,2006-11-28 00:00:00+00:00,2006-11-29 00:00:00+00:00,21.296424865722656,21.02545166015625,3669.871334519612,2006-12-15 00:00:00+00:00,21.873931884765625,target,1960.9467999300603,158.42965473960217,1.9719169693386263,12
HAL,1,2006-11-28 00:00:00+00:00,2006-11-29 00:00:00+00:00,23.81619644165039,23.064010620117188,3281.5961748529458,2006-12-19 00:00:00+00:00,23.064010620117188,stop,-2622.2120228921904,153.84190817021053,-1.0623253001049797,14
UNP,1,2006-12-14 00:00:00+00:00,2006-12-15 00:00:00+00:00,15.630887985229492,15.283679962158203,5114.306739974158,2006-12-19 00:00:00+00:00,15.283679962158203,stop,-1933.8349157833104,158.10658321671394,-1.0890375967523085,2
JCI,1,2006-12-15 00:00:00+00:00,2006-12-18 00:00:00+00:00,31.359901428222656,30.56278157234192,2548.7156126612826,2006-12-21 00:00:00+00:00,32.95414113998413,target,3899.3454392841422,163.91820440695096,1.9193169733588604,3
AEP,1,2006-12-19 00:00:00+00:00,2006-12-20 00:00:00+00:00,19.863664627075195,19.418643951416016,3997.0407637845396,2006-12-26 00:00:00+00:00,19.418643951416016,stop,-1935.778770020472,157.01298868379249,-1.088270749488897,3
D,1,2006-12-22 00:00:00+00:00,2006-12-26 00:00:00+00:00,18.142860412597656,17.983980178833008,4379.551748288192,2006-12-27 00:00:00+00:00,18.460620880126953,target,1231.3415706158194,160.3068404889862,1.7696158897465757,1
SYY,1,2006-11-28 00:00:00+00:00,2006-11-29 00:00:00+00:00,20.19477081298828,19.6041202545166,3870.068141214097,2006-12-28 00:00:00+00:00,20.791053771972656,max_hold,2149.037748746655,158.61793396764682,0.9401449409211712,20
ICE,1,2006-12-04 00:00:00+00:00,2006-12-05 00:00:00+00:00,17.113462448120117,15.828850746154785,3079.336674200407,2007-01-03 00:00:00+00:00,19.68268585205078,target,7798.196123007666,113.3077289300332,1.9713562096282662,18
TER,1,2006-12-26 00:00:00+00:00,2006-12-27 00:00:00+00:00,14.020816802978516,13.653055191040039,5669.336652963175,2007-01-03 00:00:00+00:00,13.653055191040039,stop,-2241.856882940725,156.8924968251005,-1.0752494852525503,3
OMC,1,2006-12-28 00:00:00+00:00,2006-12-29 00:00:00+00:00,29.62973976135254,29.261682510375977,2684.7814634315346,2007-01-03 00:00:00+00:00,29.261682510375977,stop,-1146.2638837736988,158.11059887025576,-1.1600061460967621,1
EQIX,1,2006-12-27 00:00:00+00:00,2006-12-28 00:00:00+00:00,57.22568893432617,54.67841720581055,1394.7462636060368,2007-01-04 00:00:00+00:00,54.32708740234375,stop_gap,-4198.401474405668,155.58781799045028,-1.1817170012220106,3
GPN,1,2007-01-03 00:00:00+00:00,2007-01-04 00:00:00+00:00,21.51358985900879,21.311990216374397,3709.736929593444,2007-01-04 00:00:00+00:00,21.916789144277573,target,1334.6479976925573,161.1152808547311,1.7845711508425197,0
AZO,1,2006-12-19 00:00:00+00:00,2006-12-20 00:00:00+00:00,117.5,115.36000061035156,675.7095934686348,2007-01-09 00:00:00+00:00,121.77999877929688,target,2730.3524445046105,161.68379070033413,1.8881868845679408,11
DIS,1,2007-01-04 00:00:00+00:00,2007-01-05 00:00:00+00:00,27.51141357421875,27.28662872314453,2910.816820522476,2007-01-09 00:00:00+00:00,27.28662872314453,stop,-813.8145887563428,159.50706325086713,-1.2437799613074023,2
CMCSA,1,2007-01-03 00:00:00+00:00,2007-01-04 00:00:00+00:00,8.8274564743042,8.649674415588379,9041.082107899343,2007-01-16 00:00:00+00:00,9.18302059173584,target,3051.8501783657207,162.83420195650606,1.8986935059919106,7
C,1,2007-01-16 00:00:00+00:00,2007-01-17 00:00:00+00:00,363.5176696777344,355.58642578125,225.68027684283874,2007-01-19 00:00:00+00:00,355.58642578125,stop,-1952.2129296086714,162.28761134200272,-1.0906672528098318,2
HON,1,2007-01-19 00:00:00+00:00,2007-01-22 00:00:00+00:00,27.307769775390625,27.09029459953308,2967.053240851551,2007-01-22 00:00:00+00:00,27.09029459953308,stop,-806.6623785325554,161.4019531996687,-1.2501345919616909,0
NKE,1,2007-01-09 00:00:00+00:00,2007-01-10 00:00:00+00:00,9.366127014160156,9.136778831481934,8579.0590086002,2007-01-23 00:00:00+00:00,9.136778831481934,stop,-2126.3291137920273,158.73752108033705,-1.080676051711305,8
FFIV,1,2007-01-04 00:00:00+00:00,2007-01-05 00:00:00+00:00,38.130001068115234,36.07500076293945,1948.4348782453428,2007-01-25 00:00:00+00:00,36.07500076293945,stop,-4148.617883117202,144.58361370788649,-1.036109484579715,13
LH,1,2007-01-22 00:00:00+00:00,2007-01-23 00:00:00+00:00,59.5262336730957,58.99671173095703,1346.7985497417317,2007-01-25 00:00:00+00:00,58.99671173095703,stop,-872.7859147100851,159.62653098129667,-1.2238300927159953,2
EW,1,2007-01-03 00:00:00+00:00,2007-01-04 00:00:00+00:00,3.995832920074463,3.8709716200828552,19973.247226414223,2007-01-26 00:00:00+00:00,4.245555520057678,target,4823.1639386840325,164.6072888036715,1.9339956540522478,15
IFF,1,2007-01-09 00:00:00+00:00,2007-01-10 00:00:00+00:00,31.34514617919922,30.73202133178711,2563.476841905644,2007-01-30 00:00:00+00:00,30.73202133178711,stop,-1730.8647288633847,159.13338132551087,-1.1012471893334659,13
HAS,1,2007-01-26 00:00:00+00:00,2007-01-29 00:00:00+00:00,15.313395500183105,15.123753547668457,5225.858133368895,2007-02-02 00:00:00+00:00,15.692679405212402,target,1820.0505312250602,162.0333487282063,1.8365020266124894,4
HIG,1,2007-01-26 00:00:00+00:00,2007-01-29 00:00:00+00:00,60.486732482910156,59.32078552246094,1323.0278631224933,2007-02-02 00:00:00+00:00,62.818626403808594,target,2922.0242057151445,163.13642547944767,1.8942444527329003,4
CCI,1,2007-02-02 00:00:00+00:00,2007-02-05 00:00:00+00:00,20.834314346313477,20.524776458740234,3895.724508677743,2007-02-06 00:00:00+00:00,20.524776458740234,stop,-1366.9979586892914,161.12362370587604,-1.1336156007566842,1
FDS,1,2007-01-26 00:00:00+00:00,2007-01-29 00:00:00+00:00,46.026824951171875,45.16382598876953,1738.6737518615005,2007-02-07 00:00:00+00:00,47.75282287597656,target,2837.8950754894513,163.0522121358784,1.8913328382619456,7
COHR,1,2007-01-23 00:00:00+00:00,2007-01-24 00:00:00+00:00,14.765000343322754,13.999182939529419,5236.223712919998,2007-02-08 00:00:00+00:00,16.296635150909424,target,7857.336826682004,162.64567233697602,1.9594398934519195,11
APA,1,2007-02-08 00:00:00+00:00,2007-02-09 00:00:00+00:00,50.10633087158203,48.538944244384766,1650.7886591924348,2007-02-12 00:00:00+00:00,48.538944244384766,stop,-2750.2665701914825,162.8425014443557,-1.0629361469622591,1
BNY,1,2007-02-02 00:00:00+00:00,2007-02-05 00:00:00+00:00,27.69727897644043,26.94795846939087,2930.4232047295777,2007-02-14 00:00:00+00:00,29.19591999053955,target,4224.931252831396,166.721150444135,1.9240736127842062,7
EFX,1,2007-02-02 00:00:00+00:00,2007-02-05 00:00:00+00:00,33.49562454223633,32.588783264160156,2423.14481755923,2007-02-15 00:00:00+00:00,32.588783264160156,stop,-2357.539833616605,160.13209029754034,-1.072873180129815,8
IT,1,2007-02-07 00:00:00+00:00,2007-02-08 00:00:00+00:00,22.100000381469727,21.209999084472656,3724.7965051155916,2007-02-27 00:00:00+00:00,21.209999084472656,stop,-3476.3946552503317,161.32093464730033,-1.048662849831875,12
MPWR,1,2007-02-13 00:00:00+00:00,2007-02-14 00:00:00+00:00,11.68767261505127,10.944636762142181,5550.839276730912,2007-02-27 00:00:00+00:00,10.944636762142181,stop,-4250.10090816107,125.62831181405073,-1.0304592426981616,8
GS,1,2007-02-14 00:00:00+00:00,2007-02-15 00:00:00+00:00,157.99014282226562,152.0965118408203,525.5105734259051,2007-02-27 00:00:00+00:00,152.05300903320312,stop_gap,-3282.9575365148935,162.9309545183424,-1.0599878004893268,7
TRMB,1,2007-02-15 00:00:00+00:00,2007-02-16 00:00:00+00:00,13.842499732971191,13.552499771118164,5926.900327567305,2007-02-27 00:00:00+00:00,13.552499771118164,stop,-1881.1683004357071,162.36743153449336,-1.0944655279574595,6
EW,1,2007-02-08 00:00:00+00:00,2007-02-09 00:00:00+00:00,4.241666793823242,4.098657533526421,19500.58002599397,2007-03-01 00:00:00+00:00,4.098657533526421,stop,-2951.4046868645983,162.64116198822646,-1.0583201696871865,13
DLR,1,2007-02-28 00:00:00+00:00,2007-03-01 00:00:00+00:00,18.606538772583008,17.743367433547974,4256.832884198677,2007-03-05 00:00:00+00:00,17.743367433547974,stop,-3829.111616777934,154.73547607579593,-1.0421120402894373,2
MGM,1,2007-02-28 00:00:00+00:00,2007-03-01 00:00:00+00:00,65.90795135498047,64.40617370605469,1201.750691379421,2007-03-05 00:00:00+00:00,64.40617370605469,stop,-1961.3674177833223,156.60508988860335,-1.0867732484594164,2
ES,1,2007-03-01 00:00:00+00:00,2007-03-02 00:00:00+00:00,14.727848052978516,14.408228874206543,5391.6226540777925,2007-03-05 00:00:00+00:00,14.408228874206543,stop,-1880.3567373562719,157.09073241156426,-1.0911587253278432,1
DLTR,1,2007-02-28 00:00:00+00:00,2007-03-01 00:00:00+00:00,11.146666526794434,10.926667213439941,7105.7051826082425,2007-03-07 00:00:00+00:00,11.586665153503418,target,2964.9641694078955,161.5363527386446,1.896666351664167,4
PWR,1,2007-03-06 00:00:00+00:00,2007-03-07 00:00:00+00:00,22.63109016418457,21.228897094726562,2774.0360565383126,2007-03-19 00:00:00+00:00,25.435476303100586,target,7646.129877315044,133.3383884942444,1.965720436426159,8
AEP,1,2007-03-06 00:00:00+00:00,2007-03-07 00:00:00+00:00,21.25291633605957,20.588909149169922,3660.4238885606283,2007-03-21 00:00:00+00:00,22.580930709838867,target,4700.645077279302,160.45046085431937,1.9339858846238915,10
LII,1,2007-03-06 00:00:00+00:00,2007-03-07 00:00:00+00:00,26.883333206176758,25.92650032043457,2893.7885812544496,2007-03-23 00:00:00+00:00,28.796998977661133,target,5376.617048384926,161.12710947404474,1.9418076729870668,12
FDS,1,2007-03-21 00:00:00+00:00,2007-03-22 00:00:00+00:00,52.97368240356445,50.310203552246094,1550.8054043815798,2007-03-27 00:00:00+00:00,50.310203552246094,stop,-4290.710605606356,160.17320852580175,-1.0387778134242318,3
VZ,1,2007-03-29 00:00:00+00:00,2007-03-30 00:00:00+00:00,12.80396842956543,12.623480796813965,6355.913561353831,2007-04-02 00:00:00+00:00,12.623480796813965,stop,-1308.778462030266,161.6146693685808,-1.1408819476367864,1
BNY,1,2007-03-29 00:00:00+00:00,2007-03-30 00:00:00+00:00,27.642873764038086,27.214460372924805,2944.0107159369763,2007-04-02 00:00:00+00:00,27.214460372924805,stop,-1422.754193835353,161.50057954695404,-1.128047664416861,1
EL,1,2007-03-06 00:00:00+00:00,2007-03-07 00:00:00+00:00,18.325660705566406,17.694406509399414,4245.122940340307,2007-04-04 00:00:00+00:00,19.151735305786133,max_hold,3347.692082273198,159.09615355201097,1.2492545934692816,20
TPR,1,2007-03-07 00:00:00+00:00,2007-03-08 00:00:00+00:00,31.252037048339844,29.35411262512207,2061.8255379965512,2007-04-05 00:00:00+00:00,33.17524719238281,max_hold,3832.4859699305343,132.83781999128473,0.9793766480178563,20
MOS,1,2007-04-02 00:00:00+00:00,2007-04-03 00:00:00+00:00,19.26619529724121,18.530683517456055,4237.345431466304,2007-04-05 00:00:00+00:00,20.737218856811523,target,6063.726675515834,169.50828420872983,1.9456114568746434,2
REG,1,2007-04-09 00:00:00+00:00,2007-04-10 00:00:00+00:00,37.88007736206055,37.28639221191406,2204.8517138586153,2007-04-12 00:00:00+00:00,37.28639221191406,stop,-1474.7186400577648,165.7309192648794,-1.1266099877273807,2
BKNG,1,2007-03-19 00:00:00+00:00,2007-03-20 00:00:00+00:00,2.0501928329467773,1.9458668231964111,38542.43069297382,2007-04-18 00:00:00+00:00,2.2006266117095947,max_hold,5634.246578014033,163.8369138340137,1.4012129829172142,20
LNT,1,2007-04-16 00:00:00+00:00,2007-04-17 00:00:00+00:00,11.036224365234375,10.834932327270508,7661.443863402447,2007-04-19 00:00:00+00:00,11.43880844116211,target,2912.18409584575,172.19120217433505,1.8883461410906335,2
CVS,1,2007-04-19 00:00:00+00:00,2007-04-20 00:00:00+00:00,22.910005569458008,22.41387176513672,3687.3463777891047,2007-04-24 00:00:00+00:00,23.902273178100586,target,3486.221286049803,172.61308647586407,1.9056458593632863,2
DD,1,2007-04-09 00:00:00+00:00,2007-04-10 00:00:00+00:00,47.76804733276367,45.836997509002686,1748.4481396322547,2007-05-01 00:00:00+00:00,45.836997509002686,stop,-3540.00403840587,163.66356651378015,-1.0484736559823493,15
EIX,1,2007-04-02 00:00:00+00:00,2007-04-03 00:00:00+00:00,25.229448318481445,24.2557315826416,3235.8030026641654,2007-05-02 00:00:00+00:00,26.446868896484375,max_hold,3772.1187793962117,167.21438241081228,1.1972108703487507,20
CF,1,2007-04-04 00:00:00+00:00,2007-04-05 00:00:00+00:00,5.535489082336426,5.0779571533203125,9023.921700295194,2007-05-04 00:00:00+00:00,5.594220161437988,max_hold,429.55103442347144,100.43362476287194,0.10403944913779267,20
DLTR,1,2007-04-20 00:00:00+00:00,2007-04-23 00:00:00+00:00,13.15999984741211,12.662233710289001,6444.68998264402,2007-05-21 00:00:00+00:00,13.75333309173584,max_hold,3650.4007288703324,173.44808719249016,1.1379237540308915,20
ZBH,1,2007-04-24 00:00:00+00:00,2007-04-25 00:00:00+00:00,76.63311004638672,74.2483344078064,1117.2784891931053,2007-05-23 00:00:00+00:00,77.25883483886719,max_hold,527.1686911128623,171.94015968038514,0.19785209139258947,20
FCX,1,2007-05-02 00:00:00+00:00,2007-05-03 00:00:00+00:00,23.91737937927246,22.952808380126953,3544.0178004142067,2007-05-23 00:00:00+00:00,25.846521377563477,target,6660.54943136972,176.36415010027258,1.9484082552752253,14
EQT,1,2007-05-21 00:00:00+00:00,2007-05-22 00:00:00+00:00,23.210586547851562,22.618070602416992,3760.480916245086,2007-05-24 00:00:00+00:00,22.618070602416992,stop,-2400.48269600834,172.33779063072382,-1.0773458630158153,2
STLD,1,2007-05-08 00:00:00+00:00,2007-05-09 00:00:00+00:00,15.752182960510254,14.880135297775269,4927.336499316756,2007-05-30 00:00:00+00:00,14.880135297775269,stop,-4447.808017550699,150.93573981273732,-1.0351268853381408,14
EOG,1,2007-05-01 00:00:00+00:00,2007-05-02 00:00:00+00:00,25.891042709350586,25.045291900634766,3240.690903956667,2007-05-31 00:00:00+00:00,26.709524154663086,max_hold,2481.983196302351,170.46217857917358,0.90556328241813,20
IFF,1,2007-05-25 00:00:00+00:00,2007-05-29 00:00:00+00:00,32.9963493347168,32.213623046875,2618.6377659508094,2007-06-07 00:00:00+00:00,32.213623046875,stop,-2220.4379141400586,170.76129639504552,-1.0833113355134585,7
WAB,1,2007-05-30 00:00:00+00:00,2007-05-31 00:00:00+00:00,18.203567504882812,17.26793795824051,4621.6466414017295,2007-06-07 00:00:00+00:00,17.26793795824051,stop,-4488.085915924731,163.936764089107,-1.037911912455544,5
CVX,1,2007-05-25 00:00:00+00:00,2007-05-29 00:00:00+00:00,38.280269622802734,37.69883346557617,2257.1807188872403,2007-06-08 00:00:00+00:00,37.69883346557617,stop,-1483.9050498851216,171.49856652943487,-1.1306748851856712,8
CB,1,2007-05-31 00:00:00+00:00,2007-06-01 00:00:00+00:00,41.6120719909668,40.69291305541992,2081.632638916017,2007-06-08 00:00:00+00:00,40.69291305541992,stop,-2084.6799838037323,171.32874321805332,-1.0895438012550218,5
SLB,1,2007-06-08 00:00:00+00:00,2007-06-11 00:00:00+00:00,50.97444534301758,50.325719356536865,1654.1898101990278,2007-06-11 00:00:00+00:00,52.271897315979004,target,1975.4427849285858,170.78904796682934,1.8408475306822532,0
JCI,1,2007-06-08 00:00:00+00:00,2007-06-11 00:00:00+00:00,35.3006706237793,34.118770599365234,2388.6630643828685,2007-06-20 00:00:00+00:00,34.118770599365234,stop,-2988.9805893109046,165.81965519982285,-1.0587354596744,7
EMR,1,2007-05-23 00:00:00+00:00,2007-05-24 00:00:00+00:00,27.898303985595703,26.976428985595703,3113.677500576135,2007-06-22 00:00:00+00:00,28.37217140197754,max_hold,1300.2621994832557,175.20811316100998,0.45298651226496295,20
ISRG,1,2007-06-08 00:00:00+00:00,2007-06-11 00:00:00+00:00,15.524443626403809,15.123332977294922,5431.525283363715,2007-06-25 00:00:00+00:00,15.123332977294922,stop,-2345.106805563222,166.46417350187258,-1.0764072872953792,10
VRSN,1,2007-06-22 00:00:00+00:00,2007-06-25 00:00:00+00:00,24.6033992767334,24.052949905395508,3445.6090422414723,2007-06-28 00:00:00+00:00,25.70429801940918,target,3619.926005658004,173.34065669793574,1.908606131797612,3
WDC,1,2007-06-22 00:00:00+00:00,2007-06-25 00:00:00+00:00,11.623955726623535,11.322033882141113,7293.015993137691,2007-07-03 00:00:00+00:00,12.227799415588379,target,4229.890449259312,173.95123171655567,1.9210002337422771,6
PCAR,1,2007-06-11 00:00:00+00:00,2007-06-12 00:00:00+00:00,20.713972091674805,19.944320678710938,4112.812083728049,2007-07-09 00:00:00+00:00,22.25327491760254,target,6154.147050288037,176.71621270428375,1.9441731070903725,18
ALGN,1,2007-06-08 00:00:00+00:00,2007-06-11 00:00:00+00:00,23.010000228881836,21.790000915527344,3455.7973575869505,2007-07-10 00:00:00+00:00,24.610000610351562,max_hold,5364.712017352683,164.56507306851114,1.2724436511050903,20
CAT,1,2007-07-09 00:00:00+00:00,2007-07-10 00:00:00+00:00,49.3534049987793,47.58946990966797,1790.749560773236,2007-07-13 00:00:00+00:00,52.88127517700195,target,6134.455263496647,183.07670862057256,1.942041699376088,3
CRH,1,2007-07-16 00:00:00+00:00,2007-07-17 00:00:00+00:00,27.04838752746582,26.69588279724121,3323.879883317859,2007-07-18 00:00:00+00:00,26.680099487304688,stop_gap,-1402.7322451076495,178.58703714950047,-1.1971939409352106,1
MGM,1,2007-06-26 00:00:00+00:00,2007-06-27 00:00:00+00:00,78.91384887695312,73.83673000335693,828.8125299758103,2007-07-24 00:00:00+00:00,73.83673000335693,stop,-4334.581332350255,126.60159373705936,-1.0300860749340925,18
MOS,1,2007-06-28 00:00:00+00:00,2007-06-29 00:00:00+00:00,28.106643676757812,25.949913024902344,1980.1816081330612,2007-07-25 00:00:00+00:00,25.949913024902344,stop,-4377.760169880657,107.04179937962942,-1.0250641203875663,17
BMY,1,2007-07-11 00:00:00+00:00,2007-07-12 00:00:00+00:00,15.549931526184082,15.14291763305664,5648.057106645355,2007-07-25 00:00:00+00:00,15.14291763305664,stop,-2472.1926763988818,173.35496481704348,-1.0754098316482537,9
BKNG,1,2007-07-18 00:00:00+00:00,2007-07-19 00:00:00+00:00,2.683576822280884,2.6003501415252686,33353.43792932391,2007-07-25 00:00:00+00:00,2.6003501415252686,stop,-2952.1330606564593,176.23713001038948,-1.0634883779556432,4
APA,1,2007-07-03 00:00:00+00:00,2007-07-05 00:00:00+00:00,59.29762649536133,56.71264696121216,1458.3625472427982,2007-07-26 00:00:00+00:00,56.71264696121216,stop,-3939.0223758967477,169.1850379044621,-1.0448786042303262,15
NDAQ,1,2007-07-25 00:00:00+00:00,2007-07-26 00:00:00+00:00,8.417661666870117,8.2884581387043,10278.54302148765,2007-07-26 00:00:00+00:00,8.2884581387043,stop,-1499.7385939240676,171.71457114372356,-1.1293008019419881,0
BIIB,1,2007-07-24 00:00:00+00:00,2007-07-25 00:00:00+00:00,56.939998626708984,54.861127853393555,1526.2597052861493,2007-07-30 00:00:00+00:00,54.861127853393555,stop,-3343.5342481605776,170.6375543521808,-1.0537797384595482,3
LIN,1,2007-07-26 00:00:00+00:00,2007-07-27 00:00:00+00:00,53.40153884887695,51.89226531982422,1588.0684543578873,2007-07-30 00:00:00+00:00,51.89226531982422,stop,-2564.043449325701,167.21376883965135,-1.069764560327767,1
AMZN,1,2007-07-25 00:00:00+00:00,2007-07-26 00:00:00+00:00,4.250999927520752,3.9862510561943054,16340.25806224638,2007-07-31 00:00:00+00:00,3.9862510561943054,stop,-4460.663685959994,134.5988067973969,-1.031113450805077,3
AXON,1,2007-07-31 00:00:00+00:00,2007-08-01 00:00:00+00:00,14.949999809265137,13.520000457763672,2846.430328023938,2007-08-02 00:00:00+00:00,13.520000457763672,stop,-4151.431395367254,81.03787219892041,-1.0199091001245113,1
GRMN,1,2007-07-30 00:00:00+00:00,2007-07-31 00:00:00+00:00,46.38560104370117,42.76786422729492,1154.3400140420954,2007-08-03 00:00:00+00:00,53.62107467651367,target,8236.755027446816,115.44170745517609,1.9723565641185699,3
FAST,1,2007-07-30 00:00:00+00:00,2007-07-31 00:00:00+00:00,3.6342201232910156,3.4259763658046722,20053.894617824808,2007-08-08 00:00:00+00:00,4.050707638263702,target,8198.084003426178,154.1127314758146,1.9630964795568546,6
UPS,1,2007-07-25 00:00:00+00:00,2007-07-26 00:00:00+00:00,39.0833625793457,38.28205871582031,2213.762887151774,2007-08-09 00:00:00+00:00,40.685970306396484,target,3371.203120132368,176.5903886753116,1.900450582460951,10
AMZN,1,2007-08-02 00:00:00+00:00,2007-08-03 00:00:00+00:00,3.9769999980926514,3.753000020980835,18300.53609818449,2007-08-09 00:00:00+00:00,3.753000020980835,stop,-4240.782811515316,141.46314438802114,-1.0345089321826797,4
CMI,1,2007-07-26 00:00:00+00:00,2007-07-27 00:00:00+00:00,38.08445358276367,34.98240113258362,1366.9223944802466,2007-08-10 00:00:00+00:00,34.7642822265625,stop_gap,-4637.995148690577,99.57856838734301,-1.0937984274938857,10
NVDA,1,2007-08-08 00:00:00+00:00,2007-08-09 00:00:00+00:00,0.6997408866882324,0.645202312618494,79124.56930329007,2007-08-10 00:00:00+00:00,0.645202312618494,stop,-4421.759235066168,106.41805138253375,-1.0246604027011588,1
ALGN,1,2007-08-06 00:00:00+00:00,2007-08-07 00:00:00+00:00,26.510000228881836,24.8799991607666,2329.7726660759668,2007-08-16 00:00:00+00:00,24.8799991607666,stop,-3917.2589500571667,119.72701588766355,-1.0315275863279467,7
AOS,1,2007-08-10 00:00:00+00:00,2007-08-13 00:00:00+00:00,6.016107559204102,5.526070147752762,8476.18478930018,2007-08-16 00:00:00+00:00,5.526070147752762,stop,-4251.481284246986,97.83363111510738,-1.0235536663879854,3
IBM,1,2007-08-10 00:00:00+00:00,2007-08-13 00:00:00+00:00,58.504173278808594,56.80067443847656,1419.9491832273839,2007-08-16 00:00:00+00:00,56.80067443847656,stop,-2582.6088112965804,163.72702433831694,-1.0676870714480855,3
TPL,1,2007-08-10 00:00:00+00:00,2007-08-13 00:00:00+00:00,5.574052333831787,4.914000451564789,6292.9108525012625,2007-08-16 00:00:00+00:00,4.914000451564789,stop,-4219.648034326708,66.00038119482821,-1.0158897399843396,3
CMI,1,2007-08-13 00:00:00+00:00,2007-08-14 00:00:00+00:00,38.947052001953125,34.71039295196533,972.4195898364283,2007-08-16 00:00:00+00:00,34.58103942871094,stop_gap,-4317.096312203319,71.50015651046175,-1.047887170596285,2
ROP,1,2007-07-30 00:00:00+00:00,2007-07-31 00:00:00+00:00,55.529457092285156,52.23692965507507,1268.3564365342404,2007-08-28 00:00:00+00:00,53.65765380859375,max_hold,-2512.6019176936297,138.48817489770767,-0.6016625320124511,20
AJG,1,2007-08-16 00:00:00+00:00,2007-08-17 00:00:00+00:00,17.883840560913086,16.76101779937744,3484.883778930398,2007-08-29 00:00:00+00:00,16.73773956298828,stop_gap,-4114.680959658816,120.65218297472295,-1.0515663010196499,8
ERIE,1,2007-08-16 00:00:00+00:00,2007-08-17 00:00:00+00:00,32.09077835083008,30.7259464263916,2438.6487516830134,2007-09-06 00:00:00+00:00,34.882999420166016,target,6645.920905602357,163.32551955673517,1.9967640284250907,13
CASY,1,2007-09-06 00:00:00+00:00,2007-09-07 00:00:00+00:00,24.124853134155273,23.498449325561523,3359.7532220270346,2007-09-10 00:00:00+00:00,23.498449325561523,stop,-2264.5647580954587,160.00254388260151,-1.0760265212413525,1
FIX,1,2007-08-10 00:00:00+00:00,2007-08-13 00:00:00+00:00,12.321516036987305,11.105690002441406,3416.3174131102023,2007-09-11 00:00:00+00:00,11.491792678833008,max_hold,-2915.952177756423,81.3538212296259,-0.7020220349113567,20
LVS,1,2007-08-29 00:00:00+00:00,2007-08-30 00:00:00+00:00,62.89555740356445,59.30329132080078,1087.5941610478155,2007-09-12 00:00:00+00:00,70.0800895690918,target,7669.23169587874,144.62353720901655,1.9629827958427977,8
PAYX,1,2007-08-16 00:00:00+00:00,2007-08-17 00:00:00+00:00,23.128597259521484,22.360244750976562,3383.6092905967766,2007-09-13 00:00:00+00:00,22.360244750976562,stop,-2753.7211548111472,153.91646844521014,-1.0592030890829565,18
ISRG,1,2007-08-17 00:00:00+00:00,2007-08-20 00:00:00+00:00,22.252222061157227,20.566667556762695,2314.317475215778,2007-09-18 00:00:00+00:00,23.998889923095703,max_hold,3935.304199568677,107.03975671331845,1.0088174221129864,20
COHR,1,2007-09-11 00:00:00+00:00,2007-09-12 00:00:00+00:00,15.295000076293945,14.725000381469727,5234.251846895753,2007-09-19 00:00:00+00:00,16.434999465942383,target,5800.961102021413,166.0828087059519,1.9443333043326954,5
ZBH,1,2007-09-27 00:00:00+00:00,2007-09-28 00:00:00+00:00,70.14412689208984,69.05551147460938,1157.107081242939,2007-10-03 00:00:00+00:00,69.05551147460938,stop,-1420.713495577453,161.068887260564,-1.127868516403036,3
BRK.B,1,2007-09-28 00:00:00+00:00,2007-10-01 00:00:00+00:00,79.4000015258789,77.62000274658203,1018.374061326687,2007-10-10 00:00:00+00:00,82.95999908447266,target,3460.06595883964,165.3432132185671,1.9087864539578583,7
ERIE,1,2007-09-25 00:00:00+00:00,2007-09-26 00:00:00+00:00,34.43943786621094,33.694454193115234,2353.4642764821515,2007-10-11 00:00:00+00:00,33.694454193115234,stop,-1913.6431421725097,160.3506809793151,-1.0914568929761947,11
SLB,1,2007-09-27 00:00:00+00:00,2007-09-28 00:00:00+00:00,69.07234954833984,65.73133087158203,1175.0616051888917,2007-10-19 00:00:00+00:00,65.73133087158203,stop,-4084.305398376706,158.40262909960376,-1.0403480774763996,15
AMT,1,2007-10-11 00:00:00+00:00,2007-10-12 00:00:00+00:00,31.408950805664062,30.111021041870117,2561.872107497781,2007-10-19 00:00:00+00:00,30.111021041870117,stop,-3482.7363592851384,157.60629993024656,-1.0473985369344692,5
SWKS,1,2007-10-05 00:00:00+00:00,2007-10-08 00:00:00+00:00,7.098088264465332,6.745921611785889,11362.552847676396,2007-10-22 00:00:00+00:00,6.745921611785889,stop,-4158.815496102132,157.30329384265846,-1.0393109619293017,10
ISRG,1,2007-10-18 00:00:00+00:00,2007-10-19 00:00:00+00:00,29.860000610351562,27.600948810577393,1816.3139861002892,2007-10-24 00:00:00+00:00,34.3781042098999,target,8089.618190284111,116.67656822559914,1.971564129327768,3
CF,1,2007-10-04 00:00:00+00:00,2007-10-05 00:00:00+00:00,10.108827590942383,9.336483001708984,5225.084658320984,2007-10-25 00:00:00+00:00,11.65351676940918,target,7957.421636634934,113.71009164637114,1.971823011821767,14
BSX,1,2007-10-19 00:00:00+00:00,2007-10-22 00:00:00+00:00,14.289999961853027,13.850000381469727,5545.408449496618,2007-10-25 00:00:00+00:00,13.850000381469727,stop,-2596.0251865052223,156.04779567269975,-1.0639546072266908,3
AFL,1,2007-10-22 00:00:00+00:00,2007-10-23 00:00:00+00:00,18.441505432128906,17.803192138671875,4310.034482107418,2007-10-26 00:00:00+00:00,19.71813201904297,target,5337.8352571354435,164.4693532392684,1.9402180123110022,3
NDAQ,1,2007-10-22 00:00:00+00:00,2007-10-23 00:00:00+00:00,11.127220153808594,10.414041519165039,5572.483558356494,2007-10-30 00:00:00+00:00,12.553577423095703,target,7816.391576298614,131.9608551460675,1.9667954192307795,5
GS,1,2007-10-24 00:00:00+00:00,2007-10-25 00:00:00+00:00,163.26885986328125,154.93370056152344,492.99993729708274,2007-10-31 00:00:00+00:00,179.93917846679688,target,8049.264484879012,169.2015413765833,1.9588240577168456,4
WYNN,1,2007-10-10 00:00:00+00:00,2007-10-11 00:00:00+00:00,90.4438247680664,82.59752607345581,519.4404096997459,2007-11-02 00:00:00+00:00,82.59752607345581,stop,-4165.569278731227,89.88467017611778,-1.0220538826746908,16
INCY,1,2007-10-26 00:00:00+00:00,2007-10-29 00:00:00+00:00,8.520000457763672,7.860000133514404,6369.141383816798,2007-11-02 00:00:00+00:00,7.860000133514404,stop,-4307.961918141368,104.32653963285281,-1.0248181705212187,4
TTWO,1,2007-10-30 00:00:00+00:00,2007-10-31 00:00:00+00:00,18.778841018676758,17.205419063568115,2712.948772866141,2007-11-05 00:00:00+00:00,17.205419063568115,stop,-4366.236616545259,97.6234542326223,-1.0228700635359826,3
FDS,1,2007-10-31 00:00:00+00:00,2007-11-01 00:00:00+00:00,55.927452087402344,53.40888977050781,1541.1596275528732,2007-11-07 00:00:00+00:00,53.40888977050781,stop,-4050.0113181696074,168.50475589573045,-1.0434122043057983,4
ALB,1,2007-10-25 00:00:00+00:00,2007-10-26 00:00:00+00:00,35.7112922668457,33.495460510253906,1869.3141288535803,2007-11-08 00:00:00+00:00,33.495460510253906,stop,-4271.454770537803,129.36916077830904,-1.0312328553696457,9
GD,1,2007-11-08 00:00:00+00:00,2007-11-09 00:00:00+00:00,58.52115249633789,57.74018859863281,1404.966618333355,2007-11-09 00:00:00+00:00,57.74018859863281,stop,-1260.5715096402414,163.3433032411017,-1.148869034070094,0
J,1,2007-11-06 00:00:00+00:00,2007-11-07 00:00:00+00:00,66.8694839477539,62.27291679382324,911.6781273281573,2007-11-12 00:00:00+00:00,62.27291679382324,stop,-4308.326037100369,117.73630206674349,-1.02809540172412,3
COHR,1,2007-10-26 00:00:00+00:00,2007-10-29 00:00:00+00:00,17.665000915527344,16.18174660205841,2834.0624667912425,2007-11-19 00:00:00+00:00,16.18174660205841,stop,-4299.559175271065,95.92379676254944,-1.0228192476571514,15
CF,1,2007-11-14 00:00:00+00:00,2007-11-15 00:00:00+00:00,12.032444953918457,10.771807670593262,3189.8977419713938,2007-11-19 00:00:00+00:00,10.771807670593262,stop,-4094.047257478268,72.74323395427515,-1.0180894638974667,2
ETR,1,2007-11-20 00:00:00+00:00,2007-11-21 00:00:00+00:00,27.754531860351562,27.043466567993164,2830.412795056459,2007-11-21 00:00:00+00:00,27.043466567993164,stop,-2167.709257506843,155.10095589507065,-1.0770646507672952,0
STX,1,2007-10-26 00:00:00+00:00,2007-10-29 00:00:00+00:00,13.449384689331055,12.34891676902771,3819.8618069209874,2007-11-23 00:00:00+00:00,12.34891676902771,stop,-4302.181324932734,98.54594642421867,-1.0234430290809817,18
MRK,1,2007-11-09 00:00:00+00:00,2007-11-12 00:00:00+00:00,27.51681137084961,26.606321334838867,2915.5614352868656,2007-11-27 00:00:00+00:00,29.337791442871094,target,5143.416185029502,165.76308738223622,1.9375560406318932,10
MTD,1,2007-11-02 00:00:00+00:00,2007-11-05 00:00:00+00:00,110.38999938964844,106.63612031936646,758.3932190559514,2007-11-28 00:00:00+00:00,117.8977575302124,target,5520.700977274313,173.1318868415158,1.9391861717850405,16
EMR,1,2007-11-23 00:00:00+00:00,2007-11-26 00:00:00+00:00,32.747100830078125,31.806846618652344,2377.5760223868792,2007-11-30 00:00:00+00:00,34.62760925292969,target,4310.863240859815,160.18849520862688,1.9283441549484346,4
BG,1,2007-11-08 00:00:00+00:00,2007-11-09 00:00:00+00:00,71.11518859863281,65.82653474807739,777.3269724876734,2007-12-10 00:00:00+00:00,81.00825500488281,max_hold,7571.8977023291,118.24965586072014,1.8418567820662872,20
AIZ,1,2007-12-05 00:00:00+00:00,2007-12-06 00:00:00+00:00,45.82579803466797,44.42509841918945,1808.5434022011505,2007-12-11 00:00:00+00:00,44.42509841918945,stop,-2696.448711363721,163.22266332436305,-1.0644327273717609,3
DECK,1,2007-11-13 00:00:00+00:00,2007-11-14 00:00:00+00:00,7.3466668128967285,6.402695298194885,4294.914431550497,2007-12-13 00:00:00+00:00,8.444999694824219,max_hold,4649.421888854583,67.82385638224333,1.1467943667364726,20
HUM,1,2007-12-12 00:00:00+00:00,2007-12-13 00:00:00+00:00,66.29447937011719,64.85728454589844,1247.0806034453503,2007-12-17 00:00:00+00:00,64.85728454589844,stop,-1955.85460954256,163.5568208873069,-1.0912553828513187,2
BKNG,1,2007-12-13 00:00:00+00:00,2007-12-14 00:00:00+00:00,4.45634651184082,4.259025573730469,18620.877519646245,2007-12-17 00:00:00+00:00,4.259025573730469,stop,-3836.5768967581203,162.28787614356685,-1.0441685113046504,1
CL,1,2007-12-12 00:00:00+00:00,2007-12-13 00:00:00+00:00,25.555133819580078,25.1954402923584,3235.144841019642,2007-12-18 00:00:00+00:00,25.1954402923584,stop,-1327.846116956398,164.18545801702277,-1.1410939321147717,3
NEE,1,2007-12-18 00:00:00+00:00,2007-12-19 00:00:00+00:00,10.08789348602295,9.810589790344238,7984.415558779052,2007-12-21 00:00:00+00:00,9.810589790344238,stop,-2372.9857017519616,158.87775946793096,-1.0717570071602,2
PNW,1,2007-11-28 00:00:00+00:00,2007-11-29 00:00:00+00:00,18.988338470458984,18.518062591552734,4280.585210779799,2007-12-28 00:00:00+00:00,18.90848159790039,max_hold,-504.05471517364583,162.22056752020222,-0.25039279688513955,20
CLX,1,2007-11-28 00:00:00+00:00,2007-11-29 00:00:00+00:00,36.48348617553711,35.78001022338867,2227.890186887581,2007-12-28 00:00:00+00:00,37.05746841430664,max_hold,1114.928226137345,163.8411710650581,0.7113836409778106,20
UHS,1,2007-12-21 00:00:00+00:00,2007-12-24 00:00:00+00:00,23.80321502685547,23.27355194091797,3397.8411792391494,2008-01-02 00:00:00+00:00,23.27355194091797,stop,-1959.6704219098679,159.95937738854593,-1.088880588845356,5
MLM,1,2007-12-28 00:00:00+00:00,2007-12-31 00:00:00+00:00,107.17825317382812,105.47938978672028,752.7778800171737,2008-01-02 00:00:00+00:00,105.47938978672028,stop,-1438.9507486231325,160.0839696372907,-1.1251764235867003,1
BBY,1,2007-12-18 00:00:00+00:00,2007-12-19 00:00:00+00:00,28.422334671020508,26.853107452392578,2566.4203612123697,2008-01-04 00:00:00+00:00,26.583297729492188,stop_gap,-4860.909426734042,141.16757497403864,-1.2069906457427555,10
BG,1,2007-12-17 00:00:00+00:00,2007-12-18 00:00:00+00:00,76.95364379882812,74.21595001220703,1049.8271340760261,2008-01-08 00:00:00+00:00,82.42903137207031,target,5580.886186876299,167.32425709603453,1.9417821394234118,13
ECL,1,2008-01-07 00:00:00+00:00,2008-01-08 00:00:00+00:00,41.522979736328125,40.05120849609375,1926.6686528942168,2008-01-09 00:00:00+00:00,40.05120849609375,stop,-2992.7819441435136,157.16643135269953,-1.0554258610322018,1
ELV,1,2008-01-03 00:00:00+00:00,2008-01-04 00:00:00+00:00,69.34046936035156,68.17491149902344,1151.5450988681366,2008-01-14 00:00:00+00:00,68.17491149902344,stop,-1500.547605507228,158.35516284759848,-1.1179824575183934,6
CPRT,1,2008-01-07 00:00:00+00:00,2008-01-08 00:00:00+00:00,2.645625114440918,2.518749952316284,30238.986996330827,2008-01-15 00:00:00+00:00,2.518749952316284,stop,-3992.741848132013,156.16547048784616,-1.040704382010437,5
CF,1,2008-01-09 00:00:00+00:00,2008-01-10 00:00:00+00:00,15.242914199829102,14.020529747009277,3267.121019420379,2008-01-16 00:00:00+00:00,14.020529747009277,stop,-4089.2851524396724,95.60721281934573,-1.023939640167488,4
ADM,1,2008-01-14 00:00:00+00:00,2008-01-15 00:00:00+00:00,27.343307495117188,26.66202735900879,2932.652893379946,2008-01-16 00:00:00+00:00,26.66202735900879,stop,-2156.337063878483,158.37890151790538,-1.0792703793811085,1
CNC,1,2008-01-16 00:00:00+00:00,2008-01-17 00:00:00+00:00,6.965000152587891,6.480672627687454,7979.938211493422,2008-01-18 00:00:00+00:00,6.480672627687454,stop,-3972.1993608295807,107.29563799855623,-1.027761529314361,1
LH,1,2008-01-08 00:00:00+00:00,2008-01-09 00:00:00+00:00,61.87242126464844,59.92191934585571,1279.390409737397,2008-01-22 00:00:00+00:00,58.22279357910156,stop_gap,-4822.9473261272105,153.64866612644605,-1.9326937667018134,8
CRL,1,2008-01-08 00:00:00+00:00,2008-01-09 00:00:00+00:00,66.47000122070312,64.62000274658203,1190.8978627875833,2008-01-22 00:00:00+00:00,64.43000030517578,stop_gap,-2585.3212624422877,155.88853205606057,-1.1734609230337796,8
EXPD,1,2008-02-07 00:00:00+00:00,2008-02-08 00:00:00+00:00,36.14238357543945,35.05366516113281,2069.6634922279454,2008-02-08 00:00:00+00:00,35.05366516113281,stop,-2400.632618267718,147.35186286096516,-1.065394364420587,0
LII,1,2008-02-06 00:00:00+00:00,2008-02-07 00:00:00+00:00,28.688568115234375,27.459264755249023,2601.848161525566,2008-02-11 00:00:00+00:00,27.459264755249023,stop,-3344.5488228628,146.08813572771197,-1.0456745134668406,2
MTB,1,2008-02-13 00:00:00+00:00,2008-02-14 00:00:00+00:00,49.868186950683594,48.61875915527344,1488.0618279645848,2008-02-14 00:00:00+00:00,48.61875915527344,stop,-2005.7804742008784,146.55466505307996,-1.0788256403993528,0
MTB,1,2008-02-15 00:00:00+00:00,2008-02-19 00:00:00+00:00,50.39959716796875,48.48875045776367,1470.2507360816842,2008-02-19 00:00:00+00:00,48.48875045776367,stop,-2954.8144481049153,145.39066588663457,-1.051751062551281,0
INCY,1,2008-01-28 00:00:00+00:00,2008-01-29 00:00:00+00:00,11.59000015258789,10.329999923706055,2964.6607206556937,2008-02-20 00:00:00+00:00,10.329999923706055,stop,-3800.458549806121,64.98536322295847,-1.017396822297204,15
CHRW,1,2008-02-20 00:00:00+00:00,2008-02-21 00:00:00+00:00,36.19223403930664,35.207828521728516,2003.25552063388,2008-02-21 00:00:00+00:00,35.207828521728516,stop,-2115.048357129829,143.0325694989981,-1.0725311482778932,0
LEN,1,2008-02-20 00:00:00+00:00,2008-02-21 00:00:00+00:00,15.091812133789062,13.838762283325195,2893.0330511780835,2008-02-22 00:00:00+00:00,13.838762283325195,stop,-3708.8117401440018,83.69710797827867,-1.023088127265172,1
GEN,1,2008-02-20 00:00:00+00:00,2008-02-21 00:00:00+00:00,6.328557014465332,6.105568885803223,11456.370303308362,2008-02-22 00:00:00+00:00,6.105568885803223,stop,-2697.084525906328,142.44995071143404,-1.0557613805491404,1
MTB,1,2008-02-25 00:00:00+00:00,2008-02-26 00:00:00+00:00,49.110633850097656,47.24500274658203,1448.1006018245625,2008-02-29 00:00:00+00:00,47.24500274658203,stop,-2841.1541791284403,139.5326553448407,-1.0516477434446208,3
TSCO,1,2008-02-25 00:00:00+00:00,2008-02-26 00:00:00+00:00,1.6023491621017456,1.5125054121017456,39578.23356344328,2008-02-29 00:00:00+00:00,1.5125054121017456,stop,-3679.1373635695927,123.28044185398545,-1.0346696856954822,3
DHI,1,2008-02-20 00:00:00+00:00,2008-02-21 00:00:00+00:00,12.480474472045898,10.810489654541016,2170.747059594225,2008-03-03 00:00:00+00:00,10.810489654541016,stop,-3675.673424058626,50.55879189290312,-1.0139468119005932,7
LII,1,2008-02-11 00:00:00+00:00,2008-02-12 00:00:00+00:00,28.774702072143555,27.427963256835938,2557.2185559248805,2008-03-06 00:00:00+00:00,27.427963256835938,stop,-3587.6279871606316,143.72249867170228,-1.0417324166276012,16
UDR,1,2008-02-22 00:00:00+00:00,2008-02-25 00:00:00+00:00,10.143013000488281,9.774417877197266,6960.160839776005,2008-03-07 00:00:00+00:00,9.774417877197266,stop,-2704.1098652863475,138.62852242381237,-1.054036067270375,9
ESS,1,2008-03-04 00:00:00+00:00,2008-03-05 00:00:00+00:00,56.813446044921875,54.7239875793457,1191.6632349854144,2008-03-07 00:00:00+00:00,54.48004913330078,stop_gap,-2913.247678704282,132.62436649691443,-1.1700114872229292,2
DVN,1,2008-03-11 00:00:00+00:00,2008-03-12 00:00:00+00:00,63.587059020996094,60.64187240600586,1047.3494138377168,2008-03-17 00:00:00+00:00,60.64187240600586,stop,-3214.750573364468,130.11109851175644,-1.042180325957856,3
ODFL,1,2008-03-04 00:00:00+00:00,2008-03-05 00:00:00+00:00,4.162777900695801,3.836564064025879,10377.01153263241,2008-04-03 00:00:00+00:00,4.602458477020264,max_hold,4471.613452215608,90.95695897780874,1.3209597249020641,20
IT,1,2008-03-11 00:00:00+00:00,2008-03-12 00:00:00+00:00,19.329999923706055,17.780123710632324,2148.489938471505,2008-04-10 00:00:00+00:00,20.020000457763672,max_hold,1397.916125064318,84.54307989843758,0.4198080647910395,20
UDR,1,2008-03-11 00:00:00+00:00,2008-03-12 00:00:00+00:00,10.5515775680542,9.818921685218811,4544.962413703,2008-04-10 00:00:00+00:00,10.922412872314453,max_hold,1587.8340401132768,97.59847942369305,0.4768422966425278,20
NUE,1,2008-03-11 00:00:00+00:00,2008-03-12 00:00:00+00:00,40.86940002441406,38.056678771972656,1183.8689833821688,2008-04-10 00:00:00+00:00,42.457435607910156,max_hold,1781.378015619737,98.64805618849276,0.5349654703812905,20
ESS,1,2008-03-11 00:00:00+00:00,2008-03-12 00:00:00+00:00,57.30132293701172,53.43327045440674,860.8708037546265,2008-04-10 00:00:00+00:00,59.94169235229492,max_hold,2172.085851937263,100.93108880672138,0.6522989052864843,20
PSA,1,2008-04-10 00:00:00+00:00,2008-04-11 00:00:00+00:00,45.886775970458984,45.12390023469925,1487.0698111648112,2008-04-16 00:00:00+00:00,47.52357864379883,target,2295.132123960477,138.9077183970624,2.0231241424772115,3
TER,1,2008-03-18 00:00:00+00:00,2008-03-19 00:00:00+00:00,11.538442611694336,10.630914151668549,3752.295902108233,2008-04-17 00:00:00+00:00,11.566022872924805,max_hold,16.794510035824956,86.69479115833751,0.004931851664158754,20
FIX,1,2008-03-20 00:00:00+00:00,2008-03-24 00:00:00+00:00,10.81057071685791,9.764124870300293,3218.6455302956747,2008-04-21 00:00:00+00:00,11.519186973571777,max_hold,2208.912972584054,71.87157478288698,0.6558261005870891,20
COHR,1,2008-04-23 00:00:00+00:00,2008-04-24 00:00:00+00:00,18.19499969482422,17.652868509292603,3816.9274456657463,2008-04-24 00:00:00+00:00,17.652868509292603,stop,-2206.1041132238365,136.82871201690196,-1.0661239736079087,0
WST,1,2008-04-14 00:00:00+00:00,2008-04-15 00:00:00+00:00,19.404552459716797,18.886634826660156,3473.1933954065694,2008-04-28 00:00:00+00:00,20.440387725830078,target,3459.2670219010433,138.3891830928112,1.9230670329751267,9
CSX,1,2008-04-14 00:00:00+00:00,2008-04-15 00:00:00+00:00,4.614523887634277,4.410966396331787,14605.13914003388,2008-04-28 00:00:00+00:00,5.021638870239258,target,5805.233469083457,140.7374978547556,1.9526612226540263,9
ADBE,1,2008-04-16 00:00:00+00:00,2008-04-17 00:00:00+00:00,36.61000061035156,35.36000061035156,1900.832695384453,2008-05-01 00:00:00+00:00,39.11000061035156,target,4608.150684446269,143.93105401486318,1.9394239990234374,10
ERIE,1,2008-05-01 00:00:00+00:00,2008-05-02 00:00:00+00:00,32.652313232421875,31.09992516040802,2190.3728068867435,2008-05-06 00:00:00+00:00,31.09992516040802,stop,-3539.9497880283034,139.64116935381566,-1.041067204484589,2
EXC,1,2008-04-30 00:00:00+00:00,2008-05-01 00:00:00+00:00,29.599084854125977,28.993467330932617,2371.5219693424465,2008-05-08 00:00:00+00:00,28.993467330932617,stop,-1575.1887860185207,138.95352474671023,-1.096748442607978,5
FAST,1,2008-04-10 00:00:00+00:00,2008-04-11 00:00:00+00:00,3.903369188308716,3.641232907772064,13015.527483959177,2008-05-09 00:00:00+00:00,3.958099842071533,max_hold,610.0271620357953,102.32116622920803,0.17879701595096043,20
PSA,1,2008-05-06 00:00:00+00:00,2008-05-07 00:00:00+00:00,47.29048156738281,45.9425163269043,1500.7924497193665,2008-05-09 00:00:00+00:00,45.60805892944336,stop_gap,-2664.388620424056,139.42142816758553,-1.3170378027003546,2
ETR,1,2008-04-30 00:00:00+00:00,2008-05-01 00:00:00+00:00,26.876977920532227,26.064584732055664,2611.710297621177,2008-05-19 00:00:00+00:00,28.50176429748535,target,4098.838080802974,144.63323132010512,1.931832586728273,12
WELL,1,2008-05-09 00:00:00+00:00,2008-05-12 00:00:00+00:00,21.732280731201172,21.0836238861084,3215.3388098378805,2008-05-22 00:00:00+00:00,21.0836238861084,stop,-2223.319168088145,137.6676397943524,-1.066007018874804,8
VRTX,1,2008-04-28 00:00:00+00:00,2008-04-29 00:00:00+00:00,25.90999984741211,23.75,1633.367541016749,2008-05-28 00:00:00+00:00,27.229999542236328,max_hold,2069.247505545192,86.79715013270162,0.5865091596892434,20
WAT,1,2008-05-22 00:00:00+00:00,2008-05-23 00:00:00+00:00,63.9900016784668,62.15999984741211,1112.2432948754745,2008-05-28 00:00:00+00:00,62.15999984741211,stop,-2175.716759546107,140.3094933456897,-1.0689343580892348,2
HAL,1,2008-05-28 00:00:00+00:00,2008-05-29 00:00:00+00:00,35.827335357666016,34.529762268066406,1984.0053166226357,2008-06-03 00:00:00+00:00,34.529762268066406,stop,-2713.9807642236756,139.58885575159096,-1.0542220690222872,3
PWR,1,2008-05-07 00:00:00+00:00,2008-05-08 00:00:00+00:00,27.916257858276367,25.527666091918945,1458.3939654861301,2008-06-06 00:00:00+00:00,30.8579044342041,max_hold,4204.363731312089,85.71588361385596,1.2069339157237424,20
TDG,1,2008-05-20 00:00:00+00:00,2008-05-21 00:00:00+00:00,15.553656578063965,14.827188491821289,4642.263995750049,2008-06-06 00:00:00+00:00,14.827188491821289,stop,-3513.492544054204,141.0359032283887,-1.0418199307653229,11
WEC,1,2008-05-08 00:00:00+00:00,2008-05-09 00:00:00+00:00,13.14944839477539,12.806302070617676,5347.628524387417,2008-06-09 00:00:00+00:00,13.094066619873047,max_hold,-436.5017286715,140.34056947252344,-0.23787312924697412,20
MA,1,2008-05-28 00:00:00+00:00,2008-05-29 00:00:00+00:00,26.827444076538086,25.167131185531616,2140.6092856070745,2008-06-09 00:00:00+00:00,25.167131185531616,stop,-3665.3812621087577,111.30007060718229,-1.0313161305581087,7
ADSK,1,2008-06-09 00:00:00+00:00,2008-06-10 00:00:00+00:00,40.31999969482422,39.735146284103394,1728.3369271187141,2008-06-10 00:00:00+00:00,39.735146284103394,stop,-1149.18601170139,138.36226500125986,-1.1368807029444534,0
DXCM,1,2008-05-12 00:00:00+00:00,2008-05-13 00:00:00+00:00,1.8125,1.5800000429153442,15275.084976104363,2008-06-11 00:00:00+00:00,1.7649999856948853,max_hold,-780.2133711603021,54.646616283501515,-0.21968827405938726,20
CSX,1,2008-06-09 00:00:00+00:00,2008-06-10 00:00:00+00:00,5.332404136657715,5.1508026123046875,13068.50392207119,2008-06-11 00:00:00+00:00,5.1508026123046875,stop,-2510.260061776343,136.99982851469832,-1.0577264248541407,1
FE,1,2008-06-10 00:00:00+00:00,2008-06-11 00:00:00+00:00,34.23574447631836,33.49653625488281,2029.428838901994,2008-06-20 00:00:00+00:00,35.71416091918945,target,2858.38260978139,141.95835528810974,1.9053718514390103,7
CVX,1,2008-06-11 00:00:00+00:00,2008-06-12 00:00:00+00:00,48.04552459716797,46.845237731933594,1409.1873962943507,2008-06-20 00:00:00+00:00,46.845237731933594,stop,-1825.1479887248697,133.7188662989327,-1.079056736416567,6
DTE,1,2008-06-09 00:00:00+00:00,2008-06-10 00:00:00+00:00,18.460311889648438,18.229393005371094,3774.938624577437,2008-06-24 00:00:00+00:00,18.229393005371094,stop,-1010.2059995354296,138.50138413255712,-1.1588856840783692,10
QCOM,1,2008-06-12 00:00:00+00:00,2008-06-13 00:00:00+00:00,31.72579574584961,29.74694061279297,1713.809710328376,2008-06-24 00:00:00+00:00,29.74694061279297,stop,-3496.733714857519,105.35257249189786,-1.0310647986968549,7
WM,1,2008-06-23 00:00:00+00:00,2008-06-24 00:00:00+00:00,23.91744613647461,23.556745529174805,2811.8487160660866,2008-06-26 00:00:00+00:00,23.556745529174805,stop,-1147.725784401545,133.49024488133162,-1.1316166114081148,2
COP,1,2008-06-23 00:00:00+00:00,2008-06-24 00:00:00+00:00,38.36827087402344,37.160926818847656,1752.8087317575173,2008-06-26 00:00:00+00:00,37.160926818847656,stop,-2248.6314393663433,132.3882372187042,-1.0625581393879266,2
ROP,1,2008-06-25 00:00:00+00:00,2008-06-26 00:00:00+00:00,58.9299430847168,57.588165283203125,1133.6875396968912,2008-06-26 00:00:00+00:00,57.588165283203125,stop,-1653.251902223701,132.09512760576288,-1.0868386019178993,0
STE,1,2008-06-03 00:00:00+00:00,2008-06-04 00:00:00+00:00,22.537643432617188,21.287912726402283,2848.0784616169753,2008-06-27 00:00:00+00:00,21.287912726402283,stop,-3684.149729756931,124.81862256488854,-1.0350679998027377,17
FFIV,1,2008-06-25 00:00:00+00:00,2008-06-26 00:00:00+00:00,30.020000457763672,28.8700008392334,2225.4544027800875,2008-06-27 00:00:00+00:00,28.8700008392334,stop,-2690.3287269197453,131.0570126661272,-1.0512087137665835,1
MOS,1,2008-06-27 00:00:00+00:00,2008-06-30 00:00:00+00:00,105.74272155761719,98.97312927246094,479.55584836931683,2008-07-01 00:00:00+00:00,98.97312927246094,stop,-3344.570254941952,98.17268351946464,-1.03024049931027,1
WAB,1,2008-06-30 00:00:00+00:00,2008-07-01 00:00:00+00:00,22.539854049682617,21.236896514892578,2482.287918554311,2008-07-02 00:00:00+00:00,21.236896514892578,stop,-3342.9822460386326,108.66649904001062,-1.0335979871912169,1
PWR,1,2008-06-30 00:00:00+00:00,2008-07-01 00:00:00+00:00,31.779624938964844,31.083425521850586,2035.465020880749,2008-07-02 00:00:00+00:00,31.083425521850586,stop,-1545.0451014124894,127.95554031885126,-1.0902946036947034,1
FFIV,1,2008-07-01 00:00:00+00:00,2008-07-02 00:00:00+00:00,29.690000534057617,27.670000076293945,1602.4471015447366,2008-07-11 00:00:00+00:00,33.73000144958496,target,6372.260558966225,101.6271983586495,1.9686039665288717,6
EW,1,2008-07-08 00:00:00+00:00,2008-07-09 00:00:00+00:00,5.177499771118164,5.058332920074463,12283.69731913796,2008-07-11 00:00:00+00:00,5.415833473205566,target,2797.493758217215,130.12529917403444,1.9111050333918875,2
VRTX,1,2008-07-08 00:00:00+00:00,2008-07-09 00:00:00+00:00,34.68000030517578,32.16999816894531,1266.9080862583367,2008-07-14 00:00:00+00:00,32.16999816894531,stop,-3264.6348065493016,84.69280363322149,-1.0266334428601391,3
ETR,1,2008-06-30 00:00:00+00:00,2008-07-01 00:00:00+00:00,28.23240852355957,27.525789260864258,2291.2078112638737,2008-07-16 00:00:00+00:00,27.525789260864258,stop,-1746.7651925826872,127.7536183056679,-1.0789084033341252,10
FE,1,2008-06-30 00:00:00+00:00,2008-07-01 00:00:00+00:00,35.77541732788086,34.77376937866211,1808.1218828874557,2008-07-16 00:00:00+00:00,34.77376937866211,stop,-1938.663104235778,127.56152830401314,-1.0704331165072207,10
MRSH,1,2008-07-16 00:00:00+00:00,2008-07-17 00:00:00+00:00,19.5881404876709,18.48563003540039,2895.201772804743,2008-07-22 00:00:00+00:00,17.944528579711914,stop_gap,-4867.252759747818,108.66465002198046,-1.5248332327047074,3
MRSH,1,2008-07-22 00:00:00+00:00,2008-07-23 00:00:00+00:00,19.642261505126953,18.17108952999115,2144.044288095401,2008-07-28 00:00:00+00:00,17.97834587097168,stop_gap,-3648.1690596426547,80.660248359404,-1.1565855455983,3
FFIV,1,2008-07-24 00:00:00+00:00,2008-07-25 00:00:00+00:00,32.060001373291016,30.100000381469727,1589.4421276291598,2008-07-28 00:00:00+00:00,30.100000381469727,stop,-3214.107872038212,98.79972544251922,-1.031714270561159,1
RSG,1,2008-07-30 00:00:00+00:00,2008-07-31 00:00:00+00:00,21.72213363647461,21.23686981201172,2830.6438466759664,2008-08-05 00:00:00+00:00,22.69266128540039,target,2621.495651513675,125.72246594698044,1.9084728910690283,3
MDT,1,2008-07-15 00:00:00+00:00,2008-07-16 00:00:00+00:00,34.3131103515625,33.12445950508118,1874.959161127966,2008-08-13 00:00:00+00:00,33.86470031738281,max_hold,-968.5811122262963,127.830610699387,-0.4346001572941712,20
JBL,1,2008-07-16 00:00:00+00:00,2008-07-17 00:00:00+00:00,12.652186393737793,11.400256633758545,2549.6559934818097,2008-08-14 00:00:00+00:00,14.139839172363281,max_hold,3724.6923746802167,68.31044856212748,1.1668871527453766,20
HAS,1,2008-07-29 00:00:00+00:00,2008-07-30 00:00:00+00:00,22.12677764892578,21.02370262145996,2770.8660745029183,2008-08-19 00:00:00+00:00,20.337268829345703,stop_gap,-5076.15146397096,117.6621857727576,-1.6607871816906987,14
VTR,1,2008-08-05 00:00:00+00:00,2008-08-06 00:00:00+00:00,23.481672286987305,22.37961196899414,2676.1581241055255,2008-08-19 00:00:00+00:00,22.37961196899414,stop,-3072.0197216952824,122.73204844355757,-1.0416141326452024,9
BEN,1,2008-08-14 00:00:00+00:00,2008-08-15 00:00:00+00:00,18.021038055419922,16.851640701293945,2687.470439626204,2008-08-19 00:00:00+00:00,16.851640701293945,stop,-3236.4401146999076,93.7192933092492,-1.0298210686330638,2
BAX,1,2008-07-30 00:00:00+00:00,2008-07-31 00:00:00+00:00,26.292537689208984,25.495437622070312,2338.5960169221594,2008-08-28 00:00:00+00:00,26.408069610595703,max_hold,146.93706086164238,123.24543032070213,0.07882487616951017,20
AZO,1,2008-08-14 00:00:00+00:00,2008-08-15 00:00:00+00:00,135.25,131.30999755859375,464.72766305222297,2008-09-02 00:00:00+00:00,143.1300048828125,target,3532.6853649199033,129.37088910965588,1.929345220206652,11
CNP,1,2008-08-19 00:00:00+00:00,2008-08-20 00:00:00+00:00,7.988490104675293,7.822690963745117,7552.39867720862,2008-09-03 00:00:00+00:00,7.822690963745117,stop,-1371.5935556296295,119.41234298624428,-1.0953634679873225,9
WELL,1,2008-08-28 00:00:00+00:00,2008-08-29 00:00:00+00:00,23.626720428466797,22.533613204956055,2578.550565888628,2008-09-03 00:00:00+00:00,22.533613204956055,stop,-2937.6590041726417,119.02675441207037,-1.0422285505397808,2
CMCSA,1,2008-09-03 00:00:00+00:00,2008-09-04 00:00:00+00:00,6.662431716918945,6.556282043457031,8996.280250668447,2008-09-04 00:00:00+00:00,6.556282043457031,stop,-1073.8714645220318,118.91925354170965,-1.1245290101162562,0
WST,1,2008-09-02 00:00:00+00:00,2008-09-03 00:00:00+00:00,21.552806854248047,20.871015548706055,2824.7081509969835,2008-09-05 00:00:00+00:00,20.871015548706055,stop,-2045.696374981413,119.8349169380729,-1.062224058972458,2
GIS,1,2008-08-20 00:00:00+00:00,2008-08-21 00:00:00+00:00,17.804824829101562,17.525875091552734,3382.757737923673,2008-09-08 00:00:00+00:00,18.36272430419922,target,1764.8927096777443,122.34605669240787,1.8703438495726494,11
UAL,1,2008-09-02 00:00:00+00:00,2008-09-03 00:00:00+00:00,13.0,9.709707260131836,925.1515596222827,2008-09-08 00:00:00+00:00,9.709707260131836,stop,-3065.029380993182,21.009921090276443,-1.006902032449867,3
LYV,1,2008-09-03 00:00:00+00:00,2008-09-04 00:00:00+00:00,15.859999656677246,15.199999809265137,3779.1364548429083,2008-09-10 00:00:00+00:00,15.199999809265137,stop,-2611.6094598150034,117.37997626914412,-1.0470606161315492,4
LMT,1,2008-09-05 00:00:00+00:00,2008-09-08 00:00:00+00:00,67.88978576660156,64.73145294189453,876.3141899952358,2008-09-11 00:00:00+00:00,64.73145294189453,stop,-2883.909744393508,116.21787337500056,-1.041990900284804,3
JNJ,1,2008-09-08 00:00:00+00:00,2008-09-09 00:00:00+00:00,42.43601989746094,41.491817474365234,1403.7982046002833,2008-09-12 00:00:00+00:00,41.491817474365234,stop,-1443.2874137395393,117.81774741855415,-1.0888875471179758,3
ORLY,1,2008-09-05 00:00:00+00:00,2008-09-08 00:00:00+00:00,1.987333059310913,1.8706669807434082,25497.03536516231,2008-09-15 00:00:00+00:00,1.8266669511795044,stop_gap,-4193.755134159724,97.2456931502036,-1.4098366051339275,5
ARE,1,2008-09-10 00:00:00+00:00,2008-09-11 00:00:00+00:00,57.303714752197266,55.83863067626953,1015.2941375153426,2008-09-15 00:00:00+00:00,55.83863067626953,stop,-1602.36403327477,114.87276001825816,-1.0772258379484616,2
CNC,1,2008-08-21 00:00:00+00:00,2008-08-22 00:00:00+00:00,5.710000038146973,5.267499923706055,6843.024674113549,2008-09-17 00:00:00+00:00,5.267499923706055,stop,-3103.1585045163115,75.11930309904082,-1.024807903102404,17
MKC,1,2008-09-12 00:00:00+00:00,2008-09-15 00:00:00+00:00,13.950545310974121,13.704365730285645,4190.779080954927,2008-09-17 00:00:00+00:00,13.704365730285645,stop,-1147.5798595849042,115.89562267738087,-1.11233633172954,2
TGT,1,2008-09-16 00:00:00+00:00,2008-09-17 00:00:00+00:00,34.569820404052734,33.1541862487793,1638.4719326268971,2008-09-17 00:00:00+00:00,33.1541862487793,stop,-2430.4407143492167,110.96388406570253,-1.0478400485044463,0
AXON,1,2008-09-16 00:00:00+00:00,2008-09-17 00:00:00+00:00,6.039999961853027,5.729727506637573,9127.732658166655,2008-09-18 00:00:00+00:00,6.6605448722839355,target,5548.24086694024,115.92717785906176,1.959066476509113,1
TSCO,1,2008-09-16 00:00:00+00:00,2008-09-17 00:00:00+00:00,1.7391209602355957,1.6609081029891968,8862.452899331809,2008-09-18 00:00:00+00:00,1.6609081029891968,stop,-723.2903608975621,30.132597429188976,-1.0434714851614928,1
CHD,1,2008-09-11 00:00:00+00:00,2008-09-12 00:00:00+00:00,12.346475601196289,12.055811882019043,4716.074962484743,2008-09-19 00:00:00+00:00,12.055811882019043,stop,-1485.8749055414535,115.08301702694666,-1.083953675237792,5
RF,1,2008-09-18 00:00:00+00:00,2008-09-19 00:00:00+00:00,11.567416191101074,9.92786455154419,1717.1281025243798,2008-09-19 00:00:00+00:00,9.92786455154419,stop,-2852.2303464578968,36.910150634847305,-1.0131104627777718,0
EXR,1,2008-09-18 00:00:00+00:00,2008-09-19 00:00:00+00:00,8.889091491699219,8.035390257835388,3297.781570586445,2008-09-19 00:00:00+00:00,8.035390257835388,stop,-2871.133439828391,55.813244005341865,-1.0198248299032378,0
SYY,1,2008-09-18 00:00:00+00:00,2008-09-19 00:00:00+00:00,20.554527282714844,19.321236848831177,2282.7714530773787,2008-09-22 00:00:00+00:00,19.321236848831177,stop,-2906.3474518521894,91.02725602914013,-1.032332825290776,1
DGX,1,2008-09-18 00:00:00+00:00,2008-09-19 00:00:00+00:00,42.20024490356445,40.26452672481537,1334.2672310346013,2008-09-23 00:00:00+00:00,40.26452672481537,stop,-2692.7953769213814,110.03004249849909,-1.0426016413616939,2
SMCI,1,2008-09-19 00:00:00+00:00,2008-09-22 00:00:00+00:00,1.0420000553131104,0.9496435597538948,18632.48396153559,2008-09-25 00:00:00+00:00,0.9496435597538948,stop,-1757.9401899655472,37.109267714830736,-1.0215647378455373,3
VMC,1,2008-09-18 00:00:00+00:00,2008-09-19 00:00:00+00:00,68.56412506103516,61.352524280548096,390.38769359511144,2008-09-29 00:00:00+00:00,61.352524280548096,stop,-2866.0380569191148,50.71786109606555,-1.0180149530313862,6
MDLZ,1,2008-09-25 00:00:00+00:00,2008-09-26 00:00:00+00:00,13.816727638244629,13.619249537587166,3851.825857775703,2008-09-29 00:00:00+00:00,13.619249537587166,stop,-866.3298607760622,105.67860631921292,-1.1389317452643575,1
TSCO,1,2008-09-18 00:00:00+00:00,2008-09-19 00:00:00+00:00,1.7944709062576294,1.6593043804168701,20828.531164141925,2008-09-30 00:00:00+00:00,1.6593043804168701,stop,-2887.2572620154924,71.93706619244301,-1.0255520016157211,7
WST,1,2008-09-24 00:00:00+00:00,2008-09-25 00:00:00+00:00,21.64400291442871,21.096820831298828,2444.9111910419374,2008-09-30 00:00:00+00:00,21.096820831298828,stop,-1442.3091168721703,104.49751829028023,-1.0781107880968066,3
AXON,1,2008-09-30 00:00:00+00:00,2008-10-01 00:00:00+00:00,7.010000228881836,6.710000038146973,7441.218454219143,2008-10-02 00:00:00+00:00,6.710000038146973,stop,-2334.4604747444337,102.09351917890633,-1.045733305146977,1
STE,1,2008-09-19 00:00:00+00:00,2008-09-22 00:00:00+00:00,27.717613220214844,25.899996757507324,1487.3255614240543,2008-10-03 00:00:00+00:00,25.899996757507324,stop,-2783.1342677123966,79.7468418623316,-1.0294988580252258,9
CASY,1,2008-09-19 00:00:00+00:00,2008-09-22 00:00:00+00:00,24.677295684814453,23.22268295288086,1858.4928940203176,2008-10-06 00:00:00+00:00,23.22268295288086,stop,-2792.409195771947,89.02176992188176,-1.0329297122087078,10
KMB,1,2008-09-30 00:00:00+00:00,2008-10-01 00:00:00+00:00,32.27956008911133,31.52794647216797,1615.9744099124741,2008-10-06 00:00:00+00:00,31.347549438476562,stop_gap,-1608.9251419649365,102.8197807732802,-1.3246670067146793,3
AFL,1,2008-09-30 00:00:00+00:00,2008-10-01 00:00:00+00:00,18.51653289794922,16.443817138671875,1258.3235987317103,2008-10-06 00:00:00+00:00,16.4245662689209,stop_gap,-2676.3381867128583,43.96720964729757,-1.0261453933928406,3
DOC,1,2008-09-30 00:00:00+00:00,2008-10-01 00:00:00+00:00,13.586551666259766,12.033319473266602,1679.174025060447,2008-10-06 00:00:00+00:00,11.19013786315918,stop_gap,-4065.6001849476124,41.604373484787445,-1.5588078225215236,3
COF,1,2008-09-30 00:00:00+00:00,2008-10-01 00:00:00+00:00,36.62888717651367,32.7176513671875,162.71094084715264,2008-10-06 00:00:00+00:00,31.974061965942383,stop_gap,-768.5534398909582,11.162450399858388,-1.2076561961441792,3
MTB,1,2008-10-03 00:00:00+00:00,2008-10-06 00:00:00+00:00,48.90299987792969,46.43608093261719,1002.5869415666342,2008-10-07 00:00:00+00:00,46.43608093261719,stop,-2568.886437915267,95.58571744162037,-1.0386470260774903,1
TFC,1,2008-09-30 00:00:00+00:00,2008-10-01 00:00:00+00:00,19.316160202026367,15.968027114868164,778.9855078835934,2008-10-09 00:00:00+00:00,15.968027114868164,stop,-2635.6330239391073,27.485870577310934,-1.010538466183506,6
UAL,1,2008-10-28 00:00:00+00:00,2008-10-29 00:00:00+00:00,12.270000457763672,10.59000015258789,1407.0689784055203,2008-10-31 00:00:00+00:00,15.630001068115234,target,4688.495399604766,39.257226644530895,1.9833928592513201,2
CMG,1,2008-12-30 00:00:00+00:00,2008-12-31 00:00:00+00:00,1.2400000095367432,1.1205999851226807,20190.626249459678,2009-01-08 00:00:00+00:00,1.1205999851226807,stop,-2458.4232593373417,47.66199221664494,-1.0197705151757188,5
NOC,1,2009-01-16 00:00:00+00:00,2009-01-20 00:00:00+00:00,30.125568389892578,28.21982192993164,1249.3054792884698,2009-01-22 00:00:00+00:00,28.21982192993164,stop,-2453.7507103815847,72.89121581778085,-1.0306155050242203,2
DPZ,1,2009-01-21 00:00:00+00:00,2009-01-22 00:00:00+00:00,4.651058673858643,4.117716312408447,4447.23774692132,2009-01-27 00:00:00+00:00,5.717743396759033,target,4697.688035788118,46.112527958806865,1.980558825212338,3
COR,1,2009-01-26 00:00:00+00:00,2009-01-27 00:00:00+00:00,12.42572021484375,12.038469314575195,3839.981855980914,2009-02-02 00:00:00+00:00,12.028372764587402,stop_gap,-1619.7102728501395,93.90327334548589,-1.0892203037959718,4
MO,1,2009-02-06 00:00:00+00:00,2009-02-09 00:00:00+00:00,5.607248783111572,5.408409595489502,8780.106034346285,2009-02-12 00:00:00+00:00,5.408409595489502,stop,-1842.547799707305,96.7186486022525,-1.0553998359696495,3
NFLX,1,2009-01-15 00:00:00+00:00,2009-01-16 00:00:00+00:00,0.45614299178123474,0.4111430048942566,53026.17177468161,2009-02-13 00:00:00+00:00,0.546142965555191,target,4719.206681713574,53.147387341072516,1.9777269722354862,19
BDX,1,2009-01-30 00:00:00+00:00,2009-02-02 00:00:00+00:00,40.48648452758789,38.86902618408203,1201.531485725781,2009-02-17 00:00:00+00:00,38.86902618408203,stop,-2038.7752712580768,95.3481446859209,-1.0490618574693342,10
BAX,1,2009-02-12 00:00:00+00:00,2009-02-13 00:00:00+00:00,22.854114532470703,22.15144157409668,2128.7103149298127,2009-02-17 00:00:00+00:00,22.15144157409668,stop,-1591.590966026233,95.80379151320241,-1.064049079404891,1
MU,1,2009-02-12 00:00:00+00:00,2009-02-13 00:00:00+00:00,3.851792573928833,3.4714882373809814,6396.165474402417,2009-02-17 00:00:00+00:00,3.4617364406585693,stop_gap,-2541.6421144813125,46.77854177914428,-1.0448728139466068,1
DXCM,1,2009-02-11 00:00:00+00:00,2009-02-12 00:00:00+00:00,0.9325000047683716,0.8100000023841858,19793.391646207496,2009-02-18 00:00:00+00:00,0.8100000023841858,stop,-2459.180508936631,34.48998508508993,-1.014224489577459,3
DXCM,1,2009-02-19 00:00:00+00:00,2009-02-20 00:00:00+00:00,0.8824999928474426,0.8025000095367432,29267.73122903451,2009-02-20 00:00:00+00:00,0.8025000095367432,stop,-2390.7341370555014,49.31612719070286,-1.021062504423783,0
MCK,1,2009-02-20 00:00:00+00:00,2009-02-23 00:00:00+00:00,39.68257141113281,37.511417388916016,1068.713792644449,2009-02-26 00:00:00+00:00,37.511417388916016,stop,-2402.8405300384165,82.49828053985331,-1.0355543586544964,3
BR,1,2009-02-27 00:00:00+00:00,2009-03-02 00:00:00+00:00,10.840453147888184,10.563377380371094,4212.505943579975,2009-03-02 00:00:00+00:00,10.563377380371094,stop,-1257.3470808033949,90.16376331567072,-1.0772490164696162,0
ILMN,1,2009-02-03 00:00:00+00:00,2009-02-04 00:00:00+00:00,30.92412567138672,27.739253282546997,766.017007782611,2009-03-05 00:00:00+00:00,31.673152923583984,max_hold,525.8170344311266,47.95058004465395,0.2155282503649597,20
DXCM,1,2009-03-04 00:00:00+00:00,2009-03-05 00:00:00+00:00,0.9474999904632568,0.8988591097295284,47352.813727331675,2009-03-05 00:00:00+00:00,0.8988591097295284,stop,-2390.71286346279,87.43029854519268,-1.0379589981172461,0
AMZN,1,2009-02-27 00:00:00+00:00,2009-03-02 00:00:00+00:00,3.197000026702881,3.046999931335449,14283.851402927507,2009-03-06 00:00:00+00:00,3.046999931335449,stop,-2231.767440213853,89.1883675605051,-1.0416266399214171,4
BR,1,2009-03-03 00:00:00+00:00,2009-03-04 00:00:00+00:00,10.972063064575195,10.480259895324707,4101.865424651472,2009-03-12 00:00:00+00:00,11.955669403076172,target,3940.5743582904693,94.04647307471811,1.9533802669417657,6
NFLX,1,2009-03-03 00:00:00+00:00,2009-03-04 00:00:00+00:00,0.5297139883041382,0.4858570098876953,51309.88014532576,2009-03-23 00:00:00+00:00,0.6174279451370239,target,4441.732897053102,58.85971511454329,1.9738435711975297,13
CRM,1,2009-03-26 00:00:00+00:00,2009-03-27 00:00:00+00:00,8.632698059082031,7.864701509475708,3049.8964243444057,2009-04-01 00:00:00+00:00,7.668604373931885,stop_gap,-2990.103167075059,49.71728400260591,-1.2765617086244894,3
ILMN,1,2009-03-31 00:00:00+00:00,2009-04-01 00:00:00+00:00,35.6906623840332,34.50389099121094,1295.651664521427,2009-04-01 00:00:00+00:00,34.50389099121094,stop,-1628.590020437554,90.94768992097323,-1.0591474936114817,0
F,1,2009-04-01 00:00:00+00:00,2009-04-02 00:00:00+00:00,1.436646580696106,1.1996736973524094,9688.150525776198,2009-04-06 00:00:00+00:00,1.9105923473834991,target,4559.229374140899,32.428554580972985,1.9858750128670846,2
DXCM,1,2009-03-10 00:00:00+00:00,2009-03-11 00:00:00+00:00,0.9674999713897705,0.7950000166893005,13098.92761076537,2009-04-08 00:00:00+00:00,1.162500023841858,max_hold,2526.3908554168734,27.900715748469686,1.1180875542359219,20
BR,1,2009-03-31 00:00:00+00:00,2009-04-01 00:00:00+00:00,12.768430709838867,12.309432983398438,3621.6405270627392,2009-04-09 00:00:00+00:00,13.735105514526367,target,3404.9623682460715,95.98628090063652,2.048313563019693,6
NFLX,1,2009-03-30 00:00:00+00:00,2009-03-31 00:00:00+00:00,0.6029999852180481,0.5578569769859314,51003.872919345384,2009-04-13 00:00:00+00:00,0.6932860016822815,target,4538.820904392693,66.11560574299263,1.9712849001946198,8
ED,1,2009-04-08 00:00:00+00:00,2009-04-09 00:00:00+00:00,19.59634780883789,19.061182022094727,2404.4206947133493,2009-04-14 00:00:00+00:00,19.061182022094727,stop,-1379.7126574798078,92.94896473199303,-1.0722346808942873,2
BX,1,2009-04-09 00:00:00+00:00,2009-04-13 00:00:00+00:00,3.120147466659546,2.8591148853302,9369.3789419002,2009-04-15 00:00:00+00:00,3.6422126293182373,target,4828.067227033245,63.35911428080047,1.9740938082842396,2
WSM,1,2009-04-01 00:00:00+00:00,2009-04-02 00:00:00+00:00,3.6042516231536865,3.258270263671875,6635.701321595707,2009-04-16 00:00:00+00:00,4.29621434211731,target,4539.232796274901,52.42513244697065,1.9771650531199028,9
BG,1,2009-04-01 00:00:00+00:00,2009-04-02 00:00:00+00:00,38.867488861083984,35.65866470336914,715.4735976545081,2009-04-20 00:00:00+00:00,35.65866470336914,stop,-2349.1504595710476,53.32149521011162,-1.0232253778647462,11
TRV,1,2009-04-15 00:00:00+00:00,2009-04-16 00:00:00+00:00,29.367433547973633,26.796039581298828,964.8807053783398,2009-04-22 00:00:00+00:00,26.796039581298828,stop,-2535.2794759402627,54.19105156946985,-1.0218416445932244,4
NVR,1,2009-04-09 00:00:00+00:00,2009-04-13 00:00:00+00:00,457.67999267578125,425.0199890136719,74.88404459349239,2009-04-24 00:00:00+00:00,523.0,target,4817.989057010567,73.437284303479,1.969973059316784,9
AMZN,1,2009-04-16 00:00:00+00:00,2009-04-17 00:00:00+00:00,3.8389999866485596,3.67549991607666,13300.538165539843,2009-04-24 00:00:00+00:00,4.166000127792358,target,4242.807047882739,106.47080953727223,1.951039775784557,5
ON,1,2009-04-24 00:00:00+00:00,2009-04-27 00:00:00+00:00,4.769999980926514,4.56202495098114,10944.684971396706,2009-04-29 00:00:00+00:00,5.185950040817261,target,4443.477632758863,108.96473657895581,1.9521291088436972,2
EXPE,1,2009-04-09 00:00:00+00:00,2009-04-13 00:00:00+00:00,13.382360458374023,11.854431509971619,1600.672055604581,2009-04-30 00:00:00+00:00,16.438218355178833,target,4843.693374125238,47.73296718880807,1.9804830068539945,13
VTRS,1,2009-04-15 00:00:00+00:00,2009-04-16 00:00:00+00:00,11.3798828125,10.756985664367676,3983.1430145570785,2009-04-30 00:00:00+00:00,10.756985664367676,stop,-2569.262737408597,88.17431303780427,-1.0355385612909644,10
F,1,2009-04-22 00:00:00+00:00,2009-04-23 00:00:00+00:00,2.2021937370300293,1.8469345271587372,7125.475588171301,2009-04-30 00:00:00+00:00,2.9127121567726135,target,5026.335517739749,36.44613708208424,1.9856023271130514,5
FCX,1,2009-04-01 00:00:00+00:00,2009-04-02 00:00:00+00:00,14.805448532104492,13.035077095031738,1296.8063742357972,2009-05-01 00:00:00+00:00,15.201642990112305,max_hold,474.8741110231405,38.913387558287695,0.20684211167068617,20
ORLY,1,2009-04-30 00:00:00+00:00,2009-05-01 00:00:00+00:00,2.5446670055389404,2.4626669883728027,21472.948171076656,2009-05-01 00:00:00+00:00,2.4626669883728027,stop,-1868.304341962408,107.52222332653713,-1.0610650359226943,0
FITB,1,2009-04-21 00:00:00+00:00,2009-04-22 00:00:00+00:00,2.1746864318847656,1.7726434469223022,6319.380350004899,2009-05-04 00:00:00+00:00,2.9787724018096924,target,5048.758411570004,32.56666648820792,1.987181821281683,8
TSN,1,2009-04-30 00:00:00+00:00,2009-05-01 00:00:00+00:00,7.524645805358887,6.946374893188477,4724.559161855634,2009-05-05 00:00:00+00:00,8.681187629699707,target,5387.584853427538,76.56541883111244,1.971975361212215,2
EXR,1,2009-05-04 00:00:00+00:00,2009-05-05 00:00:00+00:00,3.9204320907592773,3.7062909603118896,3417.6337543548852,2009-05-05 00:00:00+00:00,3.7062909603118896,stop,-757.9213017471621,26.0653461344573,-1.0356154048273551,0
AIG,1,2009-04-21 00:00:00+00:00,2009-04-22 00:00:00+00:00,18.376102447509766,14.429563522338867,643.7697909996128,2009-05-07 00:00:00+00:00,26.269180297851562,target,5052.583793716112,28.74128434209988,1.9886874845043045,11
DRI,1,2009-05-04 00:00:00+00:00,2009-05-05 00:00:00+00:00,19.7213134765625,18.570388793945312,2477.6720696458833,2009-05-08 00:00:00+00:00,18.570388793945312,stop,-2946.488221601491,94.87428121483308,-1.0332703806329298,3
NTAP,1,2009-04-29 00:00:00+00:00,2009-04-30 00:00:00+00:00,13.005409240722656,12.485777854919434,4157.192101596464,2009-05-11 00:00:00+00:00,12.485777854919434,stop,-2266.1792544571035,105.97176165432103,-1.0490562883460917,7
NVR,1,2009-05-04 00:00:00+00:00,2009-05-05 00:00:00+00:00,525.9099731445312,477.6600036621094,59.10084443526001,2009-05-12 00:00:00+00:00,477.6600036621094,stop,-2910.925773465805,59.311833079146766,-1.0207993909130295,5
AVY,1,2009-05-08 00:00:00+00:00,2009-05-11 00:00:00+00:00,19.36812400817871,18.44422721862793,2913.3127655955573,2009-05-12 00:00:00+00:00,18.44422721862793,stop,-2801.759516617282,110.15920552623862,-1.0409270295713353,1
WY,1,2009-05-08 00:00:00+00:00,2009-05-11 00:00:00+00:00,7.327276706695557,6.786961078643799,5221.522383326263,2009-05-12 00:00:00+00:00,6.786961078643799,stop,-2894.9679544529795,73.69780851973874,-1.0261222090433175,1
MTB,1,2009-04-24 00:00:00+00:00,2009-04-27 00:00:00+00:00,30.67931365966797,28.044008255004883,990.5141736595677,2009-05-13 00:00:00+00:00,28.044008255004883,stop,-2668.4736379213064,58.166282680856966,-1.0222833079652793,12
DPZ,1,2009-05-08 00:00:00+00:00,2009-05-11 00:00:00+00:00,7.066784858703613,6.462852954864502,3072.0163031496386,2009-05-13 00:00:00+00:00,6.462852954864502,stop,-1896.8519225249408,41.56326793899108,-1.0224025883175936,2
MAA,1,2009-04-15 00:00:00+00:00,2009-04-16 00:00:00+00:00,17.43299674987793,15.324812889099121,1176.884270167131,2009-05-14 00:00:00+00:00,18.423446655273438,max_hold,1123.4460298208357,42.198884227660606,0.4528037045296937,20
TYL,1,2009-05-12 00:00:00+00:00,2009-05-13 00:00:00+00:00,15.930000305175781,15.529999732971191,3368.4813927700848,2009-05-14 00:00:00+00:00,15.529999732971191,stop,-1453.3669093135918,105.97242474504424,-1.0786498875858008,1
JPM,1,2009-05-14 00:00:00+00:00,2009-05-15 00:00:00+00:00,23.20047950744629,22.042085647583008,2255.5528211571436,2009-05-21 00:00:00+00:00,22.042085647583008,stop,-2714.8655340975492,102.04699547181221,-1.0390562888173192,4
FICO,1,2009-04-24 00:00:00+00:00,2009-04-27 00:00:00+00:00,15.545916557312012,13.892935752868652,1532.5822889169508,2009-05-26 00:00:00+00:00,16.441055297851562,max_hold,1322.8511133330328,49.02266654130868,0.5221789426496416,20
STT,1,2009-05-14 00:00:00+00:00,2009-05-15 00:00:00+00:00,26.49576759338379,24.60079002380371,1380.7526760545018,2009-05-27 00:00:00+00:00,30.285722732543945,target,5154.58950580401,78.40119471788753,1.970035798187041,7
ON,1,2009-05-14 00:00:00+00:00,2009-05-15 00:00:00+00:00,5.800000190734863,5.300000190734863,5232.990700521897,2009-05-29 00:00:00+00:00,6.800000190734863,target,5167.055015699094,65.93568482280344,1.9747999992370606,9
ADSK,1,2009-05-22 00:00:00+00:00,2009-05-26 00:00:00+00:00,20.100000381469727,18.74450445175171,1953.3572978938175,2009-06-02 00:00:00+00:00,22.81099224090576,target,5211.715232561325,83.82050059878492,1.9683429572294606,5
INCY,1,2009-05-26 00:00:00+00:00,2009-05-27 00:00:00+00:00,2.9800000190734863,2.5435785949230194,6238.560586271215,2009-06-05 00:00:00+00:00,3.85284286737442,target,5402.655887095333,42.62710432357755,1.9843434751175457,7
PFE,1,2009-06-02 00:00:00+00:00,2009-06-03 00:00:00+00:00,6.843551158905029,6.714514255523682,8316.596151661959,2009-06-05 00:00:00+00:00,6.714514255523682,stop,-1185.904768733311,112.75695464961893,-1.1050712242710914,2
CSGP,1,2009-05-14 00:00:00+00:00,2009-05-15 00:00:00+00:00,3.635999917984009,3.4600000381469727,14392.16396743855,2009-06-11 00:00:00+00:00,3.987999677658081,target,4956.312405460046,109.72585226816616,1.9566817909040541,18
EBAY,1,2009-05-14 00:00:00+00:00,2009-05-15 00:00:00+00:00,6.272519111633301,5.979305744171143,8342.725797067009,2009-06-15 00:00:00+00:00,6.547172546386719,max_hold,2184.4071230645923,106.95117230580834,0.8929802394810322,20
PM,1,2009-06-11 00:00:00+00:00,2009-06-12 00:00:00+00:00,19.57674789428711,19.1822566986084,2939.711376617224,2009-06-16 00:00:00+00:00,19.1822566986084,stop,-1273.630542660132,113.94028674809415,-1.0982506200834514,2
LVS,1,2009-05-18 00:00:00+00:00,2009-05-19 00:00:00+00:00,6.395945072174072,4.937768936157227,1872.3738700472743,2009-06-17 00:00:00+00:00,5.244426250457764,max_hold,-2177.8688797513855,21.795127102143482,-0.7976808591973165,20
WFC,1,2009-05-29 00:00:00+00:00,2009-06-01 00:00:00+00:00,16.659854888916016,15.017148971557617,1671.1971486412765,2009-06-17 00:00:00+00:00,15.017148971557617,stop,-2798.22396367463,52.93851852912225,-1.0192834295693125,12
LYV,1,2009-06-05 00:00:00+00:00,2009-06-08 00:00:00+00:00,5.610000133514404,5.21999979019165,7314.352584040462,2009-06-17 00:00:00+00:00,5.21999979019165,stop,-2931.81445688657,79.21443792711739,-1.0277692061279635,7
KDP,1,2009-06-18 00:00:00+00:00,2009-06-19 00:00:00+00:00,2.373441219329834,2.201284170150757,16317.440575338278,2009-06-23 00:00:00+00:00,2.201284170150757,stop,-2883.8102292965214,74.6478096913408,-1.026572977471994,2
PEG,1,2009-05-28 00:00:00+00:00,2009-05-29 00:00:00+00:00,16.603361129760742,16.07461929321289,3259.8878494429773,2009-06-26 00:00:00+00:00,16.763072967529297,max_hold,411.8718462609238,108.77083309299564,0.23895480731423133,20
TECH,1,2009-06-17 00:00:00+00:00,2009-06-18 00:00:00+00:00,13.263223648071289,12.891928672790527,4182.720706523104,2009-07-06 00:00:00+00:00,12.891928672790527,stop,-1662.4228785295606,109.39969719473454,-1.070443054881322,11
MPWR,1,2009-06-09 00:00:00+00:00,2009-06-10 00:00:00+00:00,18.265188217163086,16.4231436252594,1545.4215990892642,2009-07-09 00:00:00+00:00,19.195085525512695,max_hold,1379.1914691087281,57.89191614972758,0.4844817755929742,20
DTE,1,2009-07-06 00:00:00+00:00,2009-07-07 00:00:00+00:00,14.671014785766602,13.949484825134277,3781.2964945207036,2009-07-10 00:00:00+00:00,13.949484825134277,stop,-2836.5413056807993,108.22259485013066,-1.039666404962337,3
KO,1,2009-06-26 00:00:00+00:00,2009-06-29 00:00:00+00:00,14.216536521911621,13.933036804199219,3984.631399341774,2009-07-15 00:00:00+00:00,14.783535957336426,target,2143.729154418736,115.554599383999,1.8977068735261764,11
IDXX,1,2009-06-17 00:00:00+00:00,2009-06-18 00:00:00+00:00,22.489999771118164,21.610000610351562,2466.712350049815,2009-07-17 00:00:00+00:00,22.96500015258789,max_hold,1059.5648975664287,112.12440968331913,0.488120217264556,20
REGN,1,2009-06-17 00:00:00+00:00,2009-06-18 00:00:00+00:00,16.355655670166016,15.097527503967285,2204.718155052885,2009-07-17 00:00:00+00:00,17.425559997558594,max_hold,2284.3594352896735,74.47805948238941,0.8235433714637865,20
AES,1,2009-06-24 00:00:00+00:00,2009-06-25 00:00:00+00:00,6.566295623779297,5.88935923576355,4049.195554897387,2009-07-24 00:00:00+00:00,7.793582916259766,max_hold,4911.380292940771,58.145956353192545,1.7917893548251898,20
BDX,1,2009-07-21 00:00:00+00:00,2009-07-22 00:00:00+00:00,39.750431060791016,39.11506271362305,1414.3059676453317,2009-07-27 00:00:00+00:00,41.02116775512695,target,1682.9747358836107,114.23575422160741,1.8728743740919078,3
ELV,1,2009-07-17 00:00:00+00:00,2009-07-20 00:00:00+00:00,39.375614166259766,37.98958969116211,1420.5241494490829,2009-07-28 00:00:00+00:00,42.14766311645508,target,3821.9566930850892,115.80578412233024,1.9411819352778954,6
ELV,1,2009-07-30 00:00:00+00:00,2009-07-31 00:00:00+00:00,40.5726432800293,39.72999572753906,1436.642018809672,2009-08-03 00:00:00+00:00,42.257938385009766,target,2302.167867846758,118.99789406244113,1.901701985106046,1
PEP,1,2009-07-21 00:00:00+00:00,2009-07-22 00:00:00+00:00,33.314239501953125,32.80461883544922,1687.54480685219,2009-08-04 00:00:00+00:00,34.380855560302734,target,1685.7238840513605,114.23850612167521,1.960126480231148,9
BSX,1,2009-07-13 00:00:00+00:00,2009-07-14 00:00:00+00:00,10.180000305175781,9.579999923706055,4568.078970469061,2009-08-07 00:00:00+00:00,11.380001068115234,target,5383.210460853929,98.48778887661476,1.9640666872236332,18
ULTA,1,2009-07-28 00:00:00+00:00,2009-07-29 00:00:00+00:00,11.085954666137695,10.77938461303711,5219.49181579469,2009-08-10 00:00:00+00:00,11.699094772338867,target,3081.353387185898,118.92637906660583,1.9256775108722026,8
PEP,1,2009-08-04 00:00:00+00:00,2009-08-05 00:00:00+00:00,35.068233489990234,33.602797865867615,1680.3968347869632,2009-08-12 00:00:00+00:00,33.602797865867615,stop,-2577.9079680916475,115.39458373193983,-1.0468604899631617,5
PKG,1,2009-08-12 00:00:00+00:00,2009-08-13 00:00:00+00:00,11.96570873260498,11.365605354309082,5007.329145501929,2009-08-14 00:00:00+00:00,11.365605354309082,stop,-3121.742705485486,116.82756903026451,-1.0388788247671052,1
EMR,1,2009-08-07 00:00:00+00:00,2009-08-10 00:00:00+00:00,22.31328010559082,21.584978103637695,2675.274657988789,2009-08-17 00:00:00+00:00,21.584978103637695,stop,-2065.847786904694,117.43989771699736,-1.0602748009637544,5
DTE,1,2009-08-14 00:00:00+00:00,2009-08-17 00:00:00+00:00,15.387999534606934,15.239978432655334,3866.100479419014,2009-08-17 00:00:00+00:00,15.239978432655334,stop,-690.6752935220758,118.41084030286765,-1.2069162947947598,0
SO,1,2009-07-30 00:00:00+00:00,2009-07-31 00:00:00+00:00,15.196732521057129,14.77997875213623,3835.5853187189778,2009-08-18 00:00:00+00:00,14.77997875213623,stop,-1713.4728712567376,114.97823366293812,-1.0719290706135953,12
FLEX,1,2009-08-18 00:00:00+00:00,2009-08-19 00:00:00+00:00,4.076865196228027,3.9186129570007324,14445.797594419535,2009-08-21 00:00:00+00:00,4.483798027038574,target,5754.803700216029,123.66560819730046,2.5173240488250235,2
LVS,1,2009-08-04 00:00:00+00:00,2009-08-05 00:00:00+00:00,6.965446949005127,5.813865423202515,2558.5921290756473,2009-08-24 00:00:00+00:00,9.268610000610352,target,5851.318525480725,41.53633033425198,1.9859028157487149,13
ELV,1,2009-08-10 00:00:00+00:00,2009-08-11 00:00:00+00:00,40.79313278198242,39.288997650146484,1466.5659103725693,2009-08-25 00:00:00+00:00,43.8014030456543,target,4287.76315544007,124.06346244860299,1.9437586862794827,10
BAX,1,2009-08-17 00:00:00+00:00,2009-08-18 00:00:00+00:00,21.73491668701172,21.381816864013672,2699.352144842362,2009-08-25 00:00:00+00:00,22.441116333007812,target,1787.034859623256,119.24666948321673,1.874890809502717,5
FIX,1,2009-08-07 00:00:00+00:00,2009-08-10 00:00:00+00:00,10.111529350280762,9.26051265001297,3507.2256974691804,2009-09-01 00:00:00+00:00,9.26051265001297,stop,-3052.649763670509,67.94212351588244,-1.0227634099239156,16
TROW,1,2009-08-21 00:00:00+00:00,2009-08-24 00:00:00+00:00,26.154582977294922,24.415837049484253,1765.3116489977315,2009-09-01 00:00:00+00:00,24.415837049484253,stop,-3158.7009925795237,89.27255156798145,-1.0290844218341058,6
USB,1,2009-08-25 00:00:00+00:00,2009-08-26 00:00:00+00:00,13.078805923461914,12.723536491394043,4708.203016041255,2009-09-01 00:00:00+00:00,12.723536491394043,stop,-1794.1632779477686,121.48266637855401,-1.0726275330378738,4
CHD,1,2009-08-17 00:00:00+00:00,2009-08-18 00:00:00+00:00,11.35030460357666,11.132181167602539,5169.041362869436,2009-09-02 00:00:00+00:00,11.132181167602539,stop,-1243.701961652784,116.21289889134883,-1.10307230706675,11
EL,1,2009-08-25 00:00:00+00:00,2009-08-26 00:00:00+00:00,14.445591926574707,13.760774612426758,4262.731067584762,2009-09-02 00:00:00+00:00,13.760774612426758,stop,-3039.428195587902,120.23615494948484,-1.0411881620926828,5
MSI,1,2009-09-02 00:00:00+00:00,2009-09-03 00:00:00+00:00,24.071517944335938,22.605136275291443,1880.7505047737316,2009-09-11 00:00:00+00:00,27.004281282424927,target,5419.735293315308,96.06083517745226,1.9651688231618154,5
ECL,1,2009-09-02 00:00:00+00:00,2009-09-03 00:00:00+00:00,35.06527328491211,34.11267852783203,1692.7213347447139,2009-09-14 00:00:00+00:00,36.970462799072266,target,3103.0185100174126,121.93642733339999,1.924379453541409,6
CI,1,2009-09-02 00:00:00+00:00,2009-09-03 00:00:00+00:00,26.58320426940918,25.37569236755371,2232.8285031586142,2009-09-16 00:00:00+00:00,28.998228073120117,target,5268.230178351534,124.10380638078149,1.953970281984697,8
HUM,1,2009-09-02 00:00:00+00:00,2009-09-03 00:00:00+00:00,32.23699951171875,30.55591583251953,1765.4010009275262,2009-09-17 00:00:00+00:00,35.59916687011719,target,5815.815583772878,119.75803602957937,1.959647358890457,9
WSM,1,2009-08-25 00:00:00+00:00,2009-08-26 00:00:00+00:00,5.977611541748047,5.493607550859451,6361.27745372611,2009-09-24 00:00:00+00:00,6.4837236404418945,max_hold,3140.249471941388,79.27001053778883,1.0199311840494358,20
FITB,1,2009-09-15 00:00:00+00:00,2009-09-16 00:00:00+00:00,6.185728073120117,5.807506084442139,7984.2243235322385,2009-09-24 00:00:00+00:00,5.807506084442139,stop,-3115.565873576077,95.75667187862624,-1.0317095105958352,6
BMY,1,2009-09-24 00:00:00+00:00,2009-09-25 00:00:00+00:00,12.289590835571289,12.147454261779785,5148.365915222069,2009-09-29 00:00:00+00:00,12.573863983154297,target,1335.5360203058597,128.0061633233907,1.8250734898450762,2
JPM,1,2009-09-14 00:00:00+00:00,2009-09-15 00:00:00+00:00,28.582733154296875,27.429197311401367,2223.2634495511156,2009-10-01 00:00:00+00:00,27.429197311401367,stop,-2689.143354999906,124.5292777431855,-1.048556731731111,12
ADSK,1,2009-09-16 00:00:00+00:00,2009-09-17 00:00:00+00:00,23.84000015258789,22.700000762939453,2711.1549269439824,2009-10-01 00:00:00+00:00,22.700000762939453,stop,-3216.8921147406036,126.17715278210942,-1.0408245840639263,10
TTWO,1,2009-09-02 00:00:00+00:00,2009-09-03 00:00:00+00:00,10.920000076293945,10.020000457763672,3297.5422975708752,2009-10-02 00:00:00+00:00,10.609999656677246,max_hold,-1093.235580736948,70.99608478616216,-0.36836728874515484,20
DTE,1,2009-09-24 00:00:00+00:00,2009-09-25 00:00:00+00:00,16.163360595703125,15.96994686126709,3914.4898237746925,2009-10-02 00:00:00+00:00,15.933109283447266,stop_gap,-1026.9577234573558,125.64130472102514,-1.356407200863867,5
IP,1,2009-09-29 00:00:00+00:00,2009-09-30 00:00:00+00:00,11.26638412475586,10.322047472000122,3399.7177420705193,2009-10-02 00:00:00+00:00,10.240828514099121,stop_gap,-3559.7180574204776,73.11845239079858,-1.1087813019224482,2
MSI,1,2009-09-30 00:00:00+00:00,2009-10-01 00:00:00+00:00,26.67300033569336,25.074495315551758,1870.9943473215121,2009-10-02 00:00:00+00:00,25.074495315551758,stop,-3087.6131287015205,96.81927185152415,-1.0323724323659997,1
BMY,1,2009-10-02 00:00:00+00:00,2009-10-05 00:00:00+00:00,12.397427558898926,12.19237232208252,4860.058489270726,2009-10-15 00:00:00+00:00,12.807538032531738,target,1870.6632819235795,122.49760699440914,1.8770820683111955,8
ED,1,2009-10-15 00:00:00+00:00,2009-10-16 00:00:00+00:00,21.166427612304688,21.036198675632477,2919.955238767961,2009-10-16 00:00:00+00:00,21.036198675632477,stop,-503.4924455944312,123.22977971922859,-1.3240648919230769,0
CL,1,2009-10-02 00:00:00+00:00,2009-10-05 00:00:00+00:00,25.728832244873047,25.182973861694336,2341.817245310539,2009-10-20 00:00:00+00:00,26.82054901123047,target,2433.5401031945253,123.0610472559416,1.9037307424865562,11
UDR,1,2009-10-05 00:00:00+00:00,2009-10-06 00:00:00+00:00,8.25267505645752,7.806438446044922,6738.717681564869,2009-10-21 00:00:00+00:00,7.806438446044922,stop,-3115.280368858516,108.21783210957034,-1.0359878887741951,11
TRV,1,2009-10-16 00:00:00+00:00,2009-10-19 00:00:00+00:00,33.02280807495117,32.40713882446289,1858.841131668557,2009-10-21 00:00:00+00:00,32.40713882446289,stop,-1266.0552028506895,121.62387653952044,-1.1062745083460352,2
KDP,1,2009-10-20 00:00:00+00:00,2009-10-21 00:00:00+00:00,3.042118787765503,3.0032787322998047,20190.609598790215,2009-10-21 00:00:00+00:00,3.0032787322998047,stop,-906.2646579004045,122.06026119713317,-1.155648529529118,0
ECL,1,2009-10-22 00:00:00+00:00,2009-10-23 00:00:00+00:00,38.076011657714844,37.67234420776367,1606.4586522847674,2009-10-23 00:00:00+00:00,37.67234420776367,stop,-770.1616692962319,121.68660167644357,-1.1876503935966132,0
WDC,1,2009-10-22 00:00:00+00:00,2009-10-23 00:00:00+00:00,22.444805145263672,21.3095760345459,2694.061392301558,2009-10-23 00:00:00+00:00,21.3095760345459,stop,-3176.253907682155,117.87698908057087,-1.0385423354340735,0
ALGN,1,2009-10-23 00:00:00+00:00,2009-10-26 00:00:00+00:00,17.6200008392334,16.1150404214859,2000.9139490978928,2009-10-28 00:00:00+00:00,16.1150404214859,stop,-3078.797207343126,67.50091463196621,-1.022415899357148,2
MRSH,1,2009-10-26 00:00:00+00:00,2009-10-27 00:00:00+00:00,17.7575740814209,17.346752166748047,3372.1913601053975,2009-10-28 00:00:00+00:00,17.346752166748047,stop,-1503.7486168781431,118.37850567639643,-1.0854490108594217,1
BKNG,1,2009-10-05 00:00:00+00:00,2009-10-06 00:00:00+00:00,6.603442192077637,6.23877090215683,8245.953602220698,2009-10-30 00:00:00+00:00,6.23877090215683,stop,-3112.9588300738346,105.89629332488852,-1.0352158600064822,18
HAL,1,2009-10-29 00:00:00+00:00,2009-10-30 00:00:00+00:00,22.749088287353516,21.70098876953125,2534.1187661153335,2009-11-02 00:00:00+00:00,21.70098876953125,stop,-2768.65043129496,112.64177442512431,-1.0424101684058045,1
GD,1,2009-10-05 00:00:00+00:00,2009-10-06 00:00:00+00:00,44.046146392822266,42.361934661865234,1365.4145858439842,2009-11-03 00:00:00+00:00,42.84566116333008,max_hold,-1757.8033838664144,118.64334142751895,-0.7643795690205795,20
MA,1,2009-11-02 00:00:00+00:00,2009-11-03 00:00:00+00:00,20.5872859954834,19.948562622070312,2752.653680751846,2009-11-03 00:00:00+00:00,19.948562622070312,stop,-1869.7653977072757,111.58115289950885,-1.063463856662934,0
ADP,1,2009-11-02 00:00:00+00:00,2009-11-03 00:00:00+00:00,23.511964797973633,23.14467430114746,2410.248103852314,2009-11-05 00:00:00+00:00,24.246545791625977,target,1655.4125874851172,115.10985959139313,1.8699707424986758,2
ZBH,1,2009-10-21 00:00:00+00:00,2009-10-22 00:00:00+00:00,46.039852142333984,43.93741989135742,1319.4281854223573,2009-11-19 00:00:00+00:00,49.53721237182617,max_hold,4488.408588567282,126.10707279991391,1.6180227274376746,20
DE,1,2009-11-03 00:00:00+00:00,2009-11-04 00:00:00+00:00,34.7894172668457,32.92426300048828,1511.5308133808305,2009-11-23 00:00:00+00:00,38.694580078125,target,5791.700594240248,111.07332627731836,2.0543495425809764,13
DUK,1,2009-11-05 00:00:00+00:00,2009-11-06 00:00:00+00:00,23.03696060180664,22.505889892578125,2500.7169233448926,2009-11-23 00:00:00+00:00,24.099102020263672,target,2538.2410706221913,117.87394949885586,1.9112433395346833,11
LHX,1,2009-10-28 00:00:00+00:00,2009-10-29 00:00:00+00:00,28.99803352355957,27.081480979919434,1505.3459214990198,2009-11-27 00:00:00+00:00,30.408592224121094,max_hold,2033.9512651459568,89.42752177928975,0.7049908854821061,20
AMP,1,2009-11-23 00:00:00+00:00,2009-11-24 00:00:00+00:00,27.06943702697754,26.43267822265625,2216.5845648795184,2009-11-27 00:00:00+00:00,26.01523780822754,stop_gap,-2454.388387460661,117.66667087136378,-1.7389377046234031,2
CLX,1,2009-11-23 00:00:00+00:00,2009-11-24 00:00:00+00:00,36.3060417175293,35.65750503540039,1652.6642248914316,2009-11-27 00:00:00+00:00,35.63949203491211,stop_gap,-1220.4846243475429,118.90180977337891,-1.1387100170578202,2
CAT,1,2009-11-03 00:00:00+00:00,2009-11-04 00:00:00+00:00,37.971412658691406,36.190574645996094,1484.9266581935583,2009-12-03 00:00:00+00:00,39.43211364746094,max_hold,2054.0952782233744,114.93855965019199,0.7767677085743173,20
CL,1,2009-11-30 00:00:00+00:00,2009-12-01 00:00:00+00:00,28.351621627807617,27.64779281616211,2085.734859060212,2009-12-08 00:00:00+00:00,27.64779281616211,stop,-1584.8002180527071,116.79993079274759,-1.079563969984472,5
AKAM,1,2009-12-04 00:00:00+00:00,2009-12-07 00:00:00+00:00,26.010000228881836,24.40634000301361,1874.0266162862745,2009-12-08 00:00:00+00:00,24.40634000301361,stop,-3099.783510247029,94.48156349031659,-1.0314382931113728,1
VRTX,1,2009-12-08 00:00:00+00:00,2009-12-09 00:00:00+00:00,39.63999938964844,38.66999816894531,1486.3770955170232,2009-12-16 00:00:00+00:00,41.619998931884766,target,2822.24296842739,120.78300028687872,1.9574609839546957,5
PFE,1,2009-12-16 00:00:00+00:00,2009-12-17 00:00:00+00:00,8.637338638305664,8.533952713012695,6933.779786150479,2009-12-17 00:00:00+00:00,8.533952713012695,stop,-835.917191842722,119.06195287387177,-1.1660892554055051,0
BF.B,1,2009-11-20 00:00:00+00:00,2009-11-23 00:00:00+00:00,9.94024658203125,9.509232610464096,5937.224533840876,2009-12-22 00:00:00+00:00,10.17868423461914,max_hold,1296.2072710969876,119.45060963926394,0.5065235379202206,20
A,1,2009-11-30 00:00:00+00:00,2009-12-01 00:00:00+00:00,18.38315773010254,17.6945743560791,3216.7468945322453,2009-12-30 00:00:00+00:00,19.02120590209961,max_hold,1932.1191052777108,120.32037055584112,0.8722891533893234,20
CLX,1,2009-11-30 00:00:00+00:00,2009-12-01 00:00:00+00:00,36.42613983154297,35.59745788574219,1623.3936896271705,2009-12-30 00:00:00+00:00,37.002620697021484,max_hold,816.6516127294158,119.2037864792162,0.6070508806172146,20
BKNG,1,2010-01-04 00:00:00+00:00,2010-01-05 00:00:00+00:00,8.756400108337402,8.521568298339844,6893.9455707358065,2010-01-07 00:00:00+00:00,8.521568298339844,stop,-1738.0310901690675,119.1133737685258,-1.0735759282648158,2
SPGI,1,2010-01-07 00:00:00+00:00,2010-01-08 00:00:00+00:00,24.465208053588867,23.93178939819336,2473.9454856896123,2010-01-12 00:00:00+00:00,23.93178939819336,stop,-1439.3802078651079,119.7315333667683,-1.090729855362666,2
SMCI,1,2009-12-18 00:00:00+00:00,2009-12-21 00:00:00+00:00,1.0920000076293945,1.031000018119812,48639.708889450565,2010-01-13 00:00:00+00:00,1.2139999866485596,target,5821.88029559051,112.16316842075436,1.9621967149040953,15
CI,1,2010-01-04 00:00:00+00:00,2010-01-05 00:00:00+00:00,32.576053619384766,31.46693992614746,1853.083447362132,2010-01-20 00:00:00+00:00,34.794281005859375,target,3985.7176004241733,124.8428519372878,1.9392575035038995,10
MSFT,1,2009-12-18 00:00:00+00:00,2009-12-21 00:00:00+00:00,22.575790405273438,21.959413528442383,2628.4986516463864,2010-01-21 00:00:00+00:00,22.731740951538086,max_hold,290.82501549934034,119.09078508080546,0.17950546016047828,20
APA,1,2010-01-13 00:00:00+00:00,2010-01-14 00:00:00+00:00,77.11267852783203,75.00987243652344,786.7792989076622,2010-01-22 00:00:00+00:00,75.00987243652344,stop,-1774.1311762543176,119.6868739957807,-1.072342643286566,5
WDC,1,2010-01-21 00:00:00+00:00,2010-01-22 00:00:00+00:00,27.14268684387207,26.134275436401367,2235.3971374006014,2010-01-22 00:00:00+00:00,26.134275436401367,stop,-2373.2951425528445,119.09516897072307,-1.0528325660395916,0
VTR,1,2009-12-22 00:00:00+00:00,2009-12-23 00:00:00+00:00,24.30248260498047,23.612470626831055,2483.466163012466,2010-01-25 00:00:00+00:00,24.094919204711914,max_hold,-635.6699910188574,120.19330977208932,-0.370951244592484,20
XEL,1,2010-01-12 00:00:00+00:00,2010-01-13 00:00:00+00:00,12.014422416687012,11.668595612049103,4954.91002696247,2010-01-26 00:00:00+00:00,11.668595612049103,stop,-1830.8879253920836,117.34722349931752,-1.0684823088063777,8
SPGI,1,2010-01-20 00:00:00+00:00,2010-01-21 00:00:00+00:00,24.34987449645996,23.63625144958496,2520.9016292213655,2010-01-26 00:00:00+00:00,23.63625144958496,stop,-1919.9418045945088,120.96830307740629,-1.0672429599298665,3
ELV,1,2010-01-25 00:00:00+00:00,2010-01-26 00:00:00+00:00,51.18828582763672,49.02263641357422,1164.7261632122472,2010-01-27 00:00:00+00:00,49.02263641357422,stop,-2639.1068158778335,116.71828297396647,-1.0462729200721492,1
VLO,1,2010-01-26 00:00:00+00:00,2010-01-27 00:00:00+00:00,10.125022888183594,9.700465202331543,5830.991911750252,2010-01-28 00:00:00+00:00,9.700465202331543,stop,-2591.1946929770074,115.60226070229471,-1.0466968064674818,1
AMP,1,2010-01-27 00:00:00+00:00,2010-01-28 00:00:00+00:00,29.135372161865234,28.067018508911133,2011.9718744746526,2010-01-28 00:00:00+00:00,28.067018508911133,stop,-2264.5871029182194,115.08960118231332,-1.0535425610354832,0
MGM,1,2010-01-22 00:00:00+00:00,2010-01-25 00:00:00+00:00,11.249120712280273,10.162936210632324,2739.7933876204047,2010-02-04 00:00:00+00:00,10.162936210632324,stop,-3034.5857273235633,58.66461197274765,-1.0197130937611671,8
RF,1,2010-01-28 00:00:00+00:00,2010-01-29 00:00:00+00:00,4.104206562042236,3.8259546756744385,10317.476038467341,2010-02-04 00:00:00+00:00,3.8259546756744385,stop,-2952.6764188094157,81.8192485513243,-1.0284999370219343,4
SPGI,1,2010-01-26 00:00:00+00:00,2010-01-27 00:00:00+00:00,25.236509323120117,24.167168021202087,2339.425227608516,2010-02-05 00:00:00+00:00,24.167168021202087,stop,-2617.220227746712,115.57620911593865,-1.0462001021149272,7
EFX,1,2010-01-29 00:00:00+00:00,2010-02-01 00:00:00+00:00,26.66259002685547,26.048126220703125,2138.4694127398952,2010-02-05 00:00:00+00:00,26.048126220703125,stop,-1426.7323091115393,112.72025441901587,-1.0857832727001826,4
LYV,1,2010-01-25 00:00:00+00:00,2010-01-26 00:00:00+00:00,12.300000190734863,11.35180127620697,3143.8728119152115,2010-02-10 00:00:00+00:00,11.35180127620697,stop,-3055.375043256493,74.35825558473475,-1.0249439237954812,11
SMCI,1,2010-02-05 00:00:00+00:00,2010-02-08 00:00:00+00:00,1.2300000190734863,1.1649999618530273,42412.29989220223,2010-02-16 00:00:00+00:00,1.36899995803833,target,5785.077529925667,110.22956644909308,2.0984741371089024,5
INCY,1,2010-01-26 00:00:00+00:00,2010-01-27 00:00:00+00:00,10.25,9.348904728889465,3275.953634432212,2010-02-25 00:00:00+00:00,10.319999694824219,max_hold,161.92938940801622,67.38636526052889,0.05485512654891198,20
UAL,1,2010-02-02 00:00:00+00:00,2010-02-03 00:00:00+00:00,13.600000381469727,12.130000114440918,1986.1009062204976,2010-02-26 00:00:00+00:00,16.540000915527344,target,5779.276641091127,59.86108388945286,1.9794966014816333,16
DPZ,1,2010-02-09 00:00:00+00:00,2010-02-10 00:00:00+00:00,8.745244026184082,8.151903510093689,4761.803924166814,2010-02-26 00:00:00+00:00,9.931925058364868,target,5561.80537873366,88.93701703913229,1.9685220062037638,11
L,1,2010-02-24 00:00:00+00:00,2010-02-25 00:00:00+00:00,33.13886642456055,32.808433294296265,1784.98775410275,2010-03-01 00:00:00+00:00,33.79973268508911,target,1060.1536024556472,119.4845796875179,1.797421647592928,2
CMG,1,2010-02-08 00:00:00+00:00,2010-02-09 00:00:00+00:00,2.0107998847961426,1.8866436034440994,22217.37051376882,2010-03-09 00:00:00+00:00,2.259112447500229,target,5421.985984472199,94.86622434793927,1.9656085678002138,19
FITB,1,2010-02-10 00:00:00+00:00,2010-02-11 00:00:00+00:00,7.194790840148926,6.614073753356934,4853.506406937934,2010-03-12 00:00:00+00:00,8.258423805236816,max_hold,5087.347134395302,75.00227628916682,1.8049748737941884,20
TRMB,1,2010-03-12 00:00:00+00:00,2010-03-15 00:00:00+00:00,13.479999542236328,13.255000114440918,4535.310881966579,2010-03-17 00:00:00+00:00,13.929998397827148,target,1916.5718447013028,124.3128619322514,1.8781774771223545,2
CIEN,1,2010-03-05 00:00:00+00:00,2010-03-08 00:00:00+00:00,15.510000228881836,14.5665283203125,3201.196347988977,2010-03-22 00:00:00+00:00,14.40999984741211,stop_gap,-3617.0969989234322,95.77979497606208,-1.197619527707414,10
COO,1,2010-03-10 00:00:00+00:00,2010-03-11 00:00:00+00:00,9.896669387817383,9.483996391296387,6166.939143474812,2010-03-26 00:00:00+00:00,9.483996391296387,stop,-2664.4486421201955,119.51938641981948,-1.046963736281513,11
BIIB,1,2010-03-01 00:00:00+00:00,2010-03-02 00:00:00+00:00,56.540000915527344,54.33026194572449,1056.6754662833355,2010-03-30 00:00:00+00:00,58.220001220703125,max_hold,1653.9510270597866,121.2640787679779,0.708337194767939,20
F,1,2010-03-22 00:00:00+00:00,2010-03-23 00:00:00+00:00,7.044040203094482,6.563614368438721,6419.621060836451,2010-03-30 00:00:00+00:00,6.563614368438721,stop,-3171.50779220206,87.35598587600197,-1.0283241524288207,5
AJG,1,2010-03-29 00:00:00+00:00,2010-03-30 00:00:00+00:00,16.835617065429688,16.44145965576172,3570.824383547257,2010-04-01 00:00:00+00:00,16.44145965576172,stop,-1526.2934863674113,118.82659696920308,-1.0844258560284923,2
PNW,1,2010-03-11 00:00:00+00:00,2010-03-12 00:00:00+00:00,19.2984676361084,18.991085052490234,3181.7074883375126,2010-04-06 00:00:00+00:00,19.913232803344727,target,1831.2427752462331,124.76016091865534,1.8724335647846508,16
TSCO,1,2010-03-30 00:00:00+00:00,2010-03-31 00:00:00+00:00,2.371767520904541,2.3247270584106445,25167.863456467814,2010-04-06 00:00:00+00:00,2.465848445892334,target,2246.0634158437924,121.75245810717229,1.8971605356255894,3
AMZN,1,2010-04-06 00:00:00+00:00,2010-04-07 00:00:00+00:00,6.797999858856201,6.539000034332275,8938.404094917732,2010-04-15 00:00:00+00:00,7.315999507904053,target,4503.933554479749,126.15662973551613,1.945505757030131,6
SWK,1,2010-03-17 00:00:00+00:00,2010-03-18 00:00:00+00:00,38.37289810180664,36.909584045410156,1617.4144278628685,2010-04-16 00:00:00+00:00,39.85581588745117,max_hold,2271.964371156538,126.5282506793834,0.9599368402941615,20
VLO,1,2010-04-01 00:00:00+00:00,2010-04-05 00:00:00+00:00,10.853828430175781,10.40113353729248,5479.931359596949,2010-04-16 00:00:00+00:00,10.40113353729248,stop,-2597.2126724731515,116.47573263256979,-1.0469520692669876,9
BA,1,2010-04-15 00:00:00+00:00,2010-04-16 00:00:00+00:00,56.56657791137695,55.311279296875,1102.3233961902429,2010-04-16 00:00:00+00:00,55.311279296875,stop,-1507.0706114869868,123.32557951628735,-1.0891244966861053,0
OMC,1,2010-04-06 00:00:00+00:00,2010-04-07 00:00:00+00:00,23.627933502197266,22.79972267150879,2571.6709322040283,2010-04-20 00:00:00+00:00,26.058536529541016,target,6122.933902442586,127.77725070444791,2.8747710958244763,9
FFIV,1,2010-04-05 00:00:00+00:00,2010-04-06 00:00:00+00:00,65.26000213623047,61.65822219848633,832.729827949438,2010-04-23 00:00:00+00:00,72.46356201171875,target,5883.932655861327,114.68651987750513,1.9617623601306948,13
SYY,1,2010-04-19 00:00:00+00:00,2010-04-20 00:00:00+00:00,18.85624885559082,18.491809844970703,3255.9516767789232,2010-04-23 00:00:00+00:00,19.585126876831055,target,2248.028353650777,125.16326177366761,1.8945190426595349,3
LYV,1,2010-04-20 00:00:00+00:00,2010-04-21 00:00:00+00:00,15.520000457763672,14.920000076293945,4030.925497920392,2010-04-26 00:00:00+00:00,16.720001220703125,target,4707.156628037837,129.95704481872804,1.9462666980319354,3
GL,1,2010-04-19 00:00:00+00:00,2010-04-20 00:00:00+00:00,21.1811580657959,20.571826934814453,2898.5683827299563,2010-04-27 00:00:00+00:00,20.571826934814453,stop,-1887.2118330832704,121.02388220736728,-1.0685226519337017,5
LULU,1,2010-04-23 00:00:00+00:00,2010-04-26 00:00:00+00:00,22.020000457763672,20.430574417114258,2060.350288703625,2010-04-28 00:00:00+00:00,20.430574417114258,stop,-3362.23745592417,87.46305419908961,-1.0267081158790712,2
D,1,2010-04-23 00:00:00+00:00,2010-04-26 00:00:00+00:00,20.972251892089844,20.655241012573242,3122.959249750605,2010-04-28 00:00:00+00:00,20.655241012573242,stop,-1120.0130224684908,130.00096401054526,-1.1313125056406246,2
TT,1,2010-04-26 00:00:00+00:00,2010-04-27 00:00:00+00:00,18.238391876220703,17.23698914051056,3246.2463453441073,2010-05-06 00:00:00+00:00,17.23698914051056,stop,-3365.9617969918995,115.16182597525358,-1.0354256881389223,7
EW,1,2010-04-27 00:00:00+00:00,2010-04-28 00:00:00+00:00,8.5649995803833,8.254166603088379,7433.146237304391,2010-05-06 00:00:00+00:00,8.254166603088379,stop,-2435.4862974411394,125.01932183126979,-1.0541099799958273,6
PLD,1,2010-04-28 00:00:00+00:00,2010-04-29 00:00:00+00:00,16.895069122314453,16.259334564208984,3750.642239595217,2010-05-06 00:00:00+00:00,16.259334564208984,stop,-2508.763193696037,124.35030689526619,-1.052151331501194,5
CBRE,1,2010-04-28 00:00:00+00:00,2010-04-29 00:00:00+00:00,17.43000030517578,16.510000228881836,3443.8779693528654,2010-05-06 00:00:00+00:00,16.510000228881836,stop,-3285.2532146707395,116.88522011906551,-1.0368913018689943,5
JKHY,1,2010-05-06 00:00:00+00:00,2010-05-07 00:00:00+00:00,20.619794845581055,19.860578536987305,2960.56764416808,2010-05-07 00:00:00+00:00,19.860578536987305,stop,-2367.556121807659,119.84488366027466,-1.0533186299139803,0
PNC,1,2010-04-19 00:00:00+00:00,2010-04-20 00:00:00+00:00,40.259708404541016,38.222899198532104,1507.1376076364065,2010-05-18 00:00:00+00:00,41.74894714355469,max_hold,2120.889381388289,123.59832892823508,0.690899314139991,20
OKE,1,2010-05-10 00:00:00+00:00,2010-05-11 00:00:00+00:00,8.82485294342041,8.097770512104034,4218.105377194203,2010-05-20 00:00:00+00:00,8.097770512104034,stop,-3138.29172219302,71.38140899398041,-1.0232746972374043,7
CSX,1,2010-05-10 00:00:00+00:00,2010-05-11 00:00:00+00:00,4.567330837249756,4.221955120563507,8879.92457207154,2010-05-20 00:00:00+00:00,4.221955120563507,stop,-3144.9585095467887,78.04819634774934,-1.0254484769286711,7
NEE,1,2010-05-07 00:00:00+00:00,2010-05-10 00:00:00+00:00,8.074380874633789,7.716236889362335,7495.515002984411,2010-05-21 00:00:00+00:00,7.6836042404174805,stop_gap,-3047.186338430764,118.11421384667182,-1.1351150264975929,9
UPS,1,2010-05-10 00:00:00+00:00,2010-05-11 00:00:00+00:00,37.59529113769531,35.65896916389465,1121.4944356638985,2010-05-21 00:00:00+00:00,35.39384841918945,stop_gap,-2550.7626731140695,81.856913876942,-1.1746144953354194,8
DAL,1,2010-05-21 00:00:00+00:00,2010-05-24 00:00:00+00:00,11.248858451843262,10.8458890914917,5202.34406785051,2010-05-26 00:00:00+00:00,12.054797172546387,target,4071.5368881041572,121.23363459677466,1.9421701550607748,2
NFLX,1,2010-05-24 00:00:00+00:00,2010-05-25 00:00:00+00:00,1.3928569555282593,1.297286033630371,30730.038433180787,2010-05-28 00:00:00+00:00,1.5839987993240356,target,5782.3173142766,91.47889175664643,1.9688518673280886,3
ESS,1,2010-05-27 00:00:00+00:00,2010-05-28 00:00:00+00:00,63.53797149658203,58.97834825515747,670.0628026246148,2010-06-04 00:00:00+00:00,58.97834825515747,stop,-3137.327556641376,82.09362858010402,-1.0268698340333624,4
BRO,1,2010-06-02 00:00:00+00:00,2010-06-03 00:00:00+00:00,8.242631912231445,8.011098861694336,7405.922309149104,2010-06-07 00:00:00+00:00,8.011098861694336,stop,-1835.0896516236455,120.37386734552027,-1.07020047779883,2
ORLY,1,2010-05-10 00:00:00+00:00,2010-05-11 00:00:00+00:00,3.2019999027252197,3.046923041343689,19156.217403934304,2010-06-09 00:00:00+00:00,3.305332899093628,max_hold,1854.8134615617867,124.6558818713948,0.6243720868735678,20
FIS,1,2010-05-26 00:00:00+00:00,2010-05-27 00:00:00+00:00,20.788787841796875,19.21689736843109,1917.8021324043327,2010-06-25 00:00:00+00:00,20.700021743774414,max_hold,-249.80313956681354,79.56732749412595,-0.08286512948267072,20
TMUS,1,2010-05-26 00:00:00+00:00,2010-05-27 00:00:00+00:00,14.038385391235352,12.665731310844421,2196.165038804539,2010-06-25 00:00:00+00:00,13.644488334655762,max_hold,-925.8591039985515,60.796159450442815,-0.3071275832185014,20
NTAP,1,2010-05-27 00:00:00+00:00,2010-05-28 00:00:00+00:00,27.525793075561523,25.492072582244873,1502.2880175036776,2010-06-28 00:00:00+00:00,29.23838233947754,max_hold,2487.5261895369836,85.27614054949002,0.8141851812687441,20
ROST,1,2010-06-08 00:00:00+00:00,2010-06-09 00:00:00+00:00,11.693410873413086,11.124241828918457,5054.068372902067,2010-07-08 00:00:00+00:00,11.759389877319336,max_hold,214.93033838790944,118.53205853025058,0.07471629662023703,20
PG,1,2010-07-22 00:00:00+00:00,2010-07-23 00:00:00+00:00,38.61629867553711,38.197872161865234,1571.8285587106247,2010-07-27 00:00:00+00:00,39.45315170288086,target,1192.6776961547102,122.71179166763935,1.813421358763037,2
SJM,1,2010-07-06 00:00:00+00:00,2010-07-07 00:00:00+00:00,38.35533905029297,37.2687873840332,1567.027473623774,2010-08-03 00:00:00+00:00,37.237388610839844,stop_gap,-1870.3149338239734,118.45588105115493,-1.0984688571900025,19
AMT,1,2010-07-06 00:00:00+00:00,2010-07-07 00:00:00+00:00,32.57783508300781,31.021728515625,1844.9313743169291,2010-08-04 00:00:00+00:00,33.309261322021484,max_hold,1227.8740450346736,121.5571713202827,0.42769509271334855,20
AIZ,1,2010-08-05 00:00:00+00:00,2010-08-06 00:00:00+00:00,27.183765411376953,26.8257999420166,2241.154368359281,2010-08-10 00:00:00+00:00,27.899696350097656,target,1481.061209806384,123.45054095108023,1.8461207393553818,2
MRSH,1,2010-07-13 00:00:00+00:00,2010-07-14 00:00:00+00:00,16.827733993530273,16.10779571533203,3595.5975803026204,2010-08-11 00:00:00+00:00,17.300416946411133,max_hold,1576.8665846888596,122.7110969398559,0.6091561113245287,20
STT,1,2010-08-09 00:00:00+00:00,2010-08-10 00:00:00+00:00,26.552635192871094,26.0648193359375,2302.1605591918133,2010-08-11 00:00:00+00:00,26.0648193359375,stop,-1244.1642545221678,121.1338285412918,-1.1078633541344094,1
APD,1,2010-08-13 00:00:00+00:00,2010-08-16 00:00:00+00:00,46.35356903076172,45.721797943115234,1297.8507164175505,2010-08-17 00:00:00+00:00,47.61711120605469,target,1517.929202760173,121.95991466759673,1.8512583401261964,1
MSI,1,2010-08-04 00:00:00+00:00,2010-08-05 00:00:00+00:00,25.16851806640625,23.471909403800964,1795.607662429931,2010-08-19 00:00:00+00:00,23.471909403800964,stop,-3133.78263898842,87.33912426937138,-1.0286692084876636,10
EXPD,1,2010-08-17 00:00:00+00:00,2010-08-18 00:00:00+00:00,34.37152099609375,32.71654510498047,1789.3323828396203,2010-08-24 00:00:00+00:00,32.71654510498047,stop,-3081.3448039645887,120.04284917673709,-1.0405371863489472,4
URI,1,2010-08-17 00:00:00+00:00,2010-08-18 00:00:00+00:00,12.071928024291992,11.253657341003418,3747.5224201610354,2010-08-24 00:00:00+00:00,11.244027137756348,stop_gap,-3189.954198680771,87.37706471724559,-1.0402631538462435,4
EXC,1,2010-07-27 00:00:00+00:00,2010-07-28 00:00:00+00:00,15.798593521118164,15.292013168334961,3873.052105791646,2010-08-25 00:00:00+00:00,15.2865571975708,max_hold,-2103.537769606797,120.394408449869,-1.0721329228069911,20
T,1,2010-08-24 00:00:00+00:00,2010-08-25 00:00:00+00:00,6.530547142028809,6.437184810638428,8964.039176151857,2010-09-01 00:00:00+00:00,6.71727180480957,target,1555.0532242824665,118.75396803802607,1.8581031691309788,5
ES,1,2010-08-24 00:00:00+00:00,2010-08-25 00:00:00+00:00,16.29671287536621,16.080705642700195,3592.1403825762195,2010-09-01 00:00:00+00:00,16.790552139282227,target,1655.0858616063151,118.85410080812001,2.1330396821192057,5
LVS,1,2010-08-12 00:00:00+00:00,2010-08-13 00:00:00+00:00,17.798503875732422,16.753379821777344,2901.863399081311,2010-09-08 00:00:00+00:00,19.888751983642578,target,5956.251210953312,109.36326839013299,1.9639399210871142,17
VZ,1,2010-08-25 00:00:00+00:00,2010-08-26 00:00:00+00:00,13.067237854003906,12.803248405456543,4520.264602790675,2010-09-09 00:00:00+00:00,13.595216751098633,target,2266.0829697827944,120.52134977495822,1.8990018171111906,9
CF,1,2010-08-12 00:00:00+00:00,2010-08-13 00:00:00+00:00,11.829039573669434,10.932538986206055,3382.939489479821,2010-09-13 00:00:00+00:00,13.394794464111328,max_hold,5211.523345479542,85.3307042424938,1.7183826513298774,20
CHRW,1,2010-09-24 00:00:00+00:00,2010-09-27 00:00:00+00:00,47.62394332885742,46.3465461730957,1312.691371971647,2010-10-05 00:00:00+00:00,50.17873764038086,target,3225.271714435046,128.38473546401468,1.9234359646660415,6
MOS,1,2010-09-16 00:00:00+00:00,2010-09-17 00:00:00+00:00,44.77265548706055,41.865230560302734,1066.6574053186284,2010-10-12 00:00:00+00:00,50.58750534057617,target,6100.736035349209,101.7166217191741,1.9672011614298235,17
GRMN,1,2010-10-05 00:00:00+00:00,2010-10-06 00:00:00+00:00,18.12010383605957,17.595670700073242,3498.523546570869,2010-10-14 00:00:00+00:00,19.168970108032227,target,3539.0266464771153,130.4567032232274,1.928896419037366,6
VRSN,1,2010-10-12 00:00:00+00:00,2010-10-13 00:00:00+00:00,26.796855926513672,26.18802261352539,2422.8432710728002,2010-10-19 00:00:00+00:00,26.18802261352539,stop,-1603.4817520179606,128.37405643934326,-1.0870269044247567,4
GIS,1,2010-09-22 00:00:00+00:00,2010-09-23 00:00:00+00:00,20.749862670898438,20.21491050720215,2986.791537676057,2010-10-21 00:00:00+00:00,21.188133239746094,max_hold,1183.7627749536452,125.26005129300617,0.7408747918664808,20
WAB,1,2010-09-24 00:00:00+00:00,2010-09-27 00:00:00+00:00,22.00558853149414,21.340999603271484,2840.8937764871093,2010-10-25 00:00:00+00:00,22.386676788330078,max_hold,956.5175468662827,126.11371027125315,0.5066229321884076,20
CINF,1,2010-09-24 00:00:00+00:00,2010-09-27 00:00:00+00:00,17.395490646362305,16.793577194213867,3593.778455460288,2010-10-25 00:00:00+00:00,18.509044647216797,max_hold,3872.833431871103,129.03294539137812,1.7903727881714706,20
ORLY,1,2010-10-14 00:00:00+00:00,2010-10-15 00:00:00+00:00,3.572666883468628,3.493333101272583,18356.840789629012,2010-10-28 00:00:00+00:00,3.7313344478607178,target,2778.5568284573515,134.07838956645116,1.9079332772351614,9
UHS,1,2010-10-20 00:00:00+00:00,2010-10-21 00:00:00+00:00,35.78863525390625,34.29396438598633,1827.0274697223178,2010-11-01 00:00:00+00:00,38.777976989746094,target,5325.374218873506,136.23524889328536,1.950111684221541,7
STE,1,2010-10-28 00:00:00+00:00,2010-10-29 00:00:00+00:00,27.446231842041016,27.173275262117386,2467.557468872993,2010-11-02 00:00:00+00:00,28.126314163208008,target,1541.0137600845528,137.12845095954026,2.2879454869213047,2
AMD,1,2010-10-25 00:00:00+00:00,2010-10-26 00:00:00+00:00,7.199999809265137,6.789999961853027,8062.131522020508,2010-11-05 00:00:00+00:00,8.029999732971191,target,6568.782288795378,122.78625938982142,1.9872444570567271,8
CB,1,2010-11-01 00:00:00+00:00,2010-11-02 00:00:00+00:00,44.240352630615234,43.240509033203125,1543.2008261144122,2010-11-16 00:00:00+00:00,43.240509033203125,stop,-1677.960003500378,135.0005379888051,-1.087494546037245,10
APH,1,2010-10-21 00:00:00+00:00,2010-10-22 00:00:00+00:00,2.6930580139160156,2.5881540775299072,24174.210756524502,2010-11-19 00:00:00+00:00,2.7509732246398926,max_hold,1268.4493515215759,131.60515852595364,0.5001831322343915,20
MOS,1,2010-10-25 00:00:00+00:00,2010-10-26 00:00:00+00:00,50.409915924072266,47.10301208496094,999.5672250128242,2010-11-23 00:00:00+00:00,50.97780227661133,max_hold,466.2967453978856,101.3438401322395,0.14106809784458146,20
CINF,1,2010-11-02 00:00:00+00:00,2010-11-03 00:00:00+00:00,18.021488189697266,17.624221801757812,3824.582588581783,2010-12-02 00:00:00+00:00,18.641468048095703,max_hold,2230.9436676290643,140.2205040729989,1.4683268453346903,20
FCX,1,2010-11-19 00:00:00+00:00,2010-11-22 00:00:00+00:00,36.263057708740234,34.66725540161133,1911.9303706787823,2010-12-03 00:00:00+00:00,39.45466232299805,target,5957.358784670818,144.76700852723363,1.9525519422465516,8
BBY,1,2010-12-02 00:00:00+00:00,2010-12-03 00:00:00+00:00,24.845273971557617,24.36780548095703,2861.3514836302143,2010-12-03 00:00:00+00:00,24.36780548095703,stop,-1507.02109187213,140.8159179054644,-1.1030708422049207,0
DVA,1,2010-11-08 00:00:00+00:00,2010-11-09 00:00:00+00:00,36.005001068115234,34.508803844451904,1950.9526747075188,2010-12-08 00:00:00+00:00,36.084999084472656,max_hold,15.428165366451282,140.64417861735677,0.005285410292014706,20
BSX,1,2010-12-08 00:00:00+00:00,2010-12-09 00:00:00+00:00,6.699999809265137,6.480000019073486,10519.382509829655,2010-12-10 00:00:00+00:00,7.1399993896484375,target,4482.935644707373,145.58824550910788,1.9370908527373731,1
TDG,1,2010-11-16 00:00:00+00:00,2010-11-17 00:00:00+00:00,28.973371505737305,27.932013988494873,2334.9618808705204,2010-12-13 00:00:00+00:00,31.056086540222168,target,4722.893717971456,140.16649626663153,1.9423546120789326,17
OMC,1,2010-12-14 00:00:00+00:00,2010-12-15 00:00:00+00:00,28.164783477783203,27.788761138916016,2519.8293163569588,2010-12-17 00:00:00+00:00,27.788761138916016,stop,-1088.5054951618956,140.9933820792458,-1.1488037779491134,2
BKNG,1,2010-12-03 00:00:00+00:00,2010-12-06 00:00:00+00:00,16.281591415405273,15.368645787239075,3900.3005472350887,2010-12-20 00:00:00+00:00,15.368645787239075,stop,-3684.207770614101,123.44543748159413,-1.0346682608757534,10
EBAY,1,2010-12-07 00:00:00+00:00,2010-12-08 00:00:00+00:00,11.17547607421875,10.822876930236816,6309.838773907008,2010-12-21 00:00:00+00:00,10.822876930236816,stop,-2363.6498110932316,138.80606074960747,-1.062389127653647,9
CF,1,2010-11-23 00:00:00+00:00,2010-11-24 00:00:00+00:00,16.9527530670166,15.783737182617188,2929.5125675102954,2010-12-23 00:00:00+00:00,17.86799430847168,max_hold,2579.202902099782,102.00781704659406,0.7531296245233733,20
AME,1,2010-12-21 00:00:00+00:00,2010-12-22 00:00:00+00:00,24.349367141723633,23.489674389362335,2927.252208719976,2011-01-04 00:00:00+00:00,23.489674389362335,stop,-2656.574448155082,140.03693998491806,-1.055646673069754,8
DLTR,1,2010-12-23 00:00:00+00:00,2010-12-27 00:00:00+00:00,28.420000076293945,27.795000076293945,2472.5402993162174,2011-01-04 00:00:00+00:00,27.795000076293945,stop,-1684.3315403759766,138.99385330334087,-1.0899440002441405,6
OMC,1,2010-12-17 00:00:00+00:00,2010-12-20 00:00:00+00:00,28.231779098510742,27.770566940307617,2538.28607863701,2011-01-05 00:00:00+00:00,27.770566940307617,stop,-1312.8383757864676,142.14997532134515,-1.121424262224575,11
TMUS,1,2010-12-20 00:00:00+00:00,2010-12-21 00:00:00+00:00,20.19888687133789,19.121015429496765,3315.1778398698184,2011-01-05 00:00:00+00:00,22.35462975502014,target,7005.598561112224,141.07247532823402,1.9605207866406853,10
WMB,1,2011-01-05 00:00:00+00:00,2011-01-06 00:00:00+00:00,9.115612030029297,8.960485458374023,7828.100856650756,2011-01-06 00:00:00+00:00,8.960485458374023,stop,-1355.8479626978137,141.50151423387263,-1.116524830630387,0
NVR,1,2011-01-05 00:00:00+00:00,2011-01-06 00:00:00+00:00,693.3400268554688,674.0700073242188,102.91909824505676,2011-01-07 00:00:00+00:00,731.8800659179688,target,3819.823699892784,146.68236674897832,1.9260395096921321,1
VRSN,1,2010-12-10 00:00:00+00:00,2010-12-13 00:00:00+00:00,30.232986450195312,29.044760704040527,2379.788579754728,2011-01-11 00:00:00+00:00,30.131698608398438,max_hold,-384.698837299139,143.65518812293226,-0.13604529894979314,20
D,1,2011-01-04 00:00:00+00:00,2011-01-05 00:00:00+00:00,22.319562911987305,22.028362274169922,3188.893393939733,2011-01-11 00:00:00+00:00,22.028362274169922,stop,-1070.0285959079592,141.4208056610703,-1.1522933655590708,4
FFIV,1,2011-01-05 00:00:00+00:00,2011-01-06 00:00:00+00:00,137.88999938964844,129.35744094848633,418.15084439931206,2011-01-20 00:00:00+00:00,111.19000244140625,stop_gap,-11268.779282455165,104.15301308863772,-3.1583817603952866,9
BKR,1,2011-01-07 00:00:00+00:00,2011-01-10 00:00:00+00:00,28.465181350708008,27.39617347717285,2520.0065997350957,2011-01-25 00:00:00+00:00,30.60319709777832,target,5238.961089428913,148.85270352583586,1.944744674093793,10
OXY,1,2011-01-11 00:00:00+00:00,2011-01-12 00:00:00+00:00,59.99056625366211,58.18475341796875,1203.517230049487,2011-01-26 00:00:00+00:00,58.18475341796875,stop,-2315.5528953928947,142.2260333914138,-1.0654416212665008,9
CBRE,1,2011-01-11 00:00:00+00:00,2011-01-12 00:00:00+00:00,21.110000610351562,20.290000915527344,3420.1647578969564,2011-02-01 00:00:00+00:00,22.75,target,5459.0596870792415,150.0084283688634,1.9465121744712923,13
FLEX,1,2011-01-26 00:00:00+00:00,2011-01-27 00:00:00+00:00,6.24717378616333,5.923134803771973,10898.0976442851,2011-02-03 00:00:00+00:00,5.923134803771973,stop,-3664.0416820299906,132.63321137419666,-1.0375581619844636,5
ADI,1,2011-01-06 00:00:00+00:00,2011-01-07 00:00:00+00:00,26.74468421936035,26.011558532714844,2683.207658927443,2011-02-07 00:00:00+00:00,28.260251998901367,max_hold,3918.993407548456,147.58966613965535,1.9922407166030558,20
TROW,1,2011-02-01 00:00:00+00:00,2011-02-02 00:00:00+00:00,38.40568161010742,37.375770568847656,1861.1319351499878,2011-02-16 00:00:00+00:00,40.46550369262695,target,3686.810976774202,146.7896817300513,1.923419419597385,10
CSX,1,2011-01-25 00:00:00+00:00,2011-01-26 00:00:00+00:00,6.008749485015869,5.81416442990303,11792.13138302296,2011-02-24 00:00:00+00:00,6.045139789581299,max_hold,286.978206501306,142.1410460024611,0.12506826527206816,20
HBAN,1,2011-01-26 00:00:00+00:00,2011-01-27 00:00:00+00:00,4.082808017730713,3.8411527276039124,14613.412637492045,2011-02-25 00:00:00+00:00,3.9963088035583496,max_hold,-1382.112177375545,118.06346785600014,-0.391377035214191,20
CIEN,1,2011-02-03 00:00:00+00:00,2011-02-04 00:00:00+00:00,25.010000228881836,23.048255562782288,1801.0754286083265,2011-03-03 00:00:00+00:00,28.933489561080933,target,6969.343936636599,97.15629399408608,1.9725022880285352,18
ARE,1,2011-02-07 00:00:00+00:00,2011-02-08 00:00:00+00:00,44.87722396850586,43.56905746459961,1612.1726273396166,2011-03-09 00:00:00+00:00,45.00458526611328,max_hold,60.42340524132598,144.90499254381416,0.028650396001493016,20
WMB,1,2011-02-16 00:00:00+00:00,2011-02-17 00:00:00+00:00,11.235694885253906,10.840285867452621,6638.400906519095,2011-03-10 00:00:00+00:00,10.840285867452621,stop,-2771.432792858939,146.5492106410651,-1.0558307467934405,14
BRO,1,2011-03-03 00:00:00+00:00,2011-03-04 00:00:00+00:00,11.025198936462402,10.663506507873535,6738.440165278139,2011-03-10 00:00:00+00:00,10.663506507873535,stop,-2583.3908321792173,146.1480438989999,-1.0599644994752966,4
TRMB,1,2011-02-25 00:00:00+00:00,2011-02-28 00:00:00+00:00,24.030000686645508,23.174999237060547,3020.8554131092096,2011-03-11 00:00:00+00:00,23.174999237060547,stop,-2725.435236740297,142.59947954534726,-1.0552104326216294,9
BX,1,2011-02-24 00:00:00+00:00,2011-02-25 00:00:00+00:00,8.009512901306152,7.523160219192505,7334.800150762495,2011-03-15 00:00:00+00:00,7.407195091247559,stop_gap,-4530.959236132754,113.07847210804432,-1.27013696185765,12
CDNS,1,2011-03-09 00:00:00+00:00,2011-03-10 00:00:00+00:00,9.8100004196167,9.350000381469727,7404.804471568276,2011-03-15 00:00:00+00:00,9.15999984741211,stop_gap,-4953.596286385431,140.4691428029463,-1.4542837325980367,3
WMB,1,2011-03-11 00:00:00+00:00,2011-03-14 00:00:00+00:00,11.06754207611084,10.730026245117188,6464.696598573169,2011-03-15 00:00:00+00:00,10.730026245117188,stop,-2322.85211037267,140.91466578340908,-1.0645823582765157,1
ULTA,1,2011-03-10 00:00:00+00:00,2011-03-11 00:00:00+00:00,42.5439567565918,39.893611907958984,1341.7713381500332,2011-03-24 00:00:00+00:00,47.84464645385742,target,6991.032671134995,121.28083708319684,1.9658955311958455,9
HUM,1,2011-03-15 00:00:00+00:00,2011-03-16 00:00:00+00:00,55.572025299072266,54.0215950012207,1264.9294698829742,2011-03-30 00:00:00+00:00,58.67288589477539,target,3777.8581945504966,144.51175495326117,1.9263140617464989,10
HSY,1,2011-03-15 00:00:00+00:00,2011-03-16 00:00:00+00:00,36.963443756103516,36.18053436279297,1901.7354812962049,2011-04-06 00:00:00+00:00,38.52926254272461,target,2834.2059856499504,143.56715814755495,1.9035741467098692,15
KR,1,2011-04-04 00:00:00+00:00,2011-04-05 00:00:00+00:00,8.827591896057129,8.754556715488434,8339.592544318482,2011-04-06 00:00:00+00:00,8.973662257194519,target,1069.7120882713111,148.45520641597585,1.756264665676999,1
AON,1,2011-03-11 00:00:00+00:00,2011-03-14 00:00:00+00:00,43.96534729003906,42.36050796508789,1627.3794254824275,2011-04-11 00:00:00+00:00,45.75038528442383,max_hold,2758.93256843242,146.00153733376453,1.0563813058742713,20
ECHO,1,2011-04-06 00:00:00+00:00,2011-04-07 00:00:00+00:00,29.918962478637695,29.076175689697266,2446.003613702829,2011-04-11 00:00:00+00:00,29.076175689697266,stop,-2205.76185247994,144.302321150645,-1.070000074683782,2
KR,1,2011-04-06 00:00:00+00:00,2011-04-07 00:00:00+00:00,8.887065887451172,8.786707878112793,8234.651488780159,2011-04-11 00:00:00+00:00,9.08778190612793,target,1504.809854874597,148.0166071439929,1.820892742770804,2
CHD,1,2011-04-11 00:00:00+00:00,2011-04-12 00:00:00+00:00,15.823321342468262,15.709388732910156,4601.635754962176,2011-04-12 00:00:00+00:00,16.051186561584473,target,901.8778643543335,146.67487524311355,1.7202336712230155,0
ROK,1,2011-03-17 00:00:00+00:00,2011-03-18 00:00:00+00:00,64.99967193603516,61.570388317108154,1019.008299419133,2011-04-15 00:00:00+00:00,67.6844482421875,max_hold,2600.603118390347,135.20621966273455,0.7442056328874461,20
REGN,1,2011-04-11 00:00:00+00:00,2011-04-12 00:00:00+00:00,43.09333801269531,41.4389533996582,1689.6616648797842,2011-04-18 00:00:00+00:00,46.40210723876953,target,5439.483496208812,151.21702302274764,1.9459040875101168,4
UNH,1,2011-04-12 00:00:00+00:00,2011-04-13 00:00:00+00:00,34.850555419921875,34.04296112060547,2087.8593600600316,2011-04-18 00:00:00+00:00,34.04296112060547,stop,-1829.9832903154722,143.83997335659063,-1.0853070862422416,3
CLX,1,2011-04-11 00:00:00+00:00,2011-04-12 00:00:00+00:00,43.84788131713867,43.059391021728516,1660.5856215747833,2011-04-19 00:00:00+00:00,43.059391021728516,stop,-1453.6726141655656,144.31696685620673,-1.1102198376375196,5
ELV,1,2011-03-24 00:00:00+00:00,2011-03-25 00:00:00+00:00,54.6181640625,52.27418303489685,1315.0404149229907,2011-04-25 00:00:00+00:00,56.839290618896484,max_hold,2774.300130869622,146.5710574504841,0.9000367651748195,20
TYL,1,2011-04-15 00:00:00+00:00,2011-04-18 00:00:00+00:00,23.5,23.09000015258789,3135.0987757203693,2011-04-28 00:00:00+00:00,24.31999969482422,target,2420.859616836293,149.92042249819184,1.8833658109956364,7
TSCO,1,2011-04-29 00:00:00+00:00,2011-05-02 00:00:00+00:00,5.055013179779053,4.813680648803711,14933.150279984578,2011-05-02 00:00:00+00:00,4.813680648803711,stop,-3751.2256405131952,147.37068800938277,-1.0408925136975882,0
IT,1,2011-04-19 00:00:00+00:00,2011-04-20 00:00:00+00:00,41.41999816894531,39.849998474121094,1766.95916741506,2011-05-05 00:00:00+00:00,39.849998474121094,stop,-2917.726119212757,143.60076560425733,-1.0517643391339422,10
STT,1,2011-04-19 00:00:00+00:00,2011-04-20 00:00:00+00:00,31.520381927490234,30.285996675491333,2321.9085875067744,2011-05-19 00:00:00+00:00,32.18739700317383,max_hold,1400.8243932361254,147.92363899009206,0.48875121909951874,20
IP,1,2011-04-19 00:00:00+00:00,2011-04-20 00:00:00+00:00,15.199800491333008,14.389405369758606,4515.540847330583,2011-05-19 00:00:00+00:00,16.150527954101562,max_hold,4151.485004137785,141.5636886725897,1.1344800947678368,20
DG,1,2011-04-25 00:00:00+00:00,2011-04-26 00:00:00+00:00,27.50181007385254,26.515626907348633,2690.418169619112,2011-05-19 00:00:00+00:00,29.47417640686035,target,5153.200990209557,153.28922925968283,1.942225756415315,17
AMZN,1,2011-05-19 00:00:00+00:00,2011-05-20 00:00:00+00:00,9.897500038146973,9.568499565124512,7680.386931272893,2011-05-25 00:00:00+00:00,9.568499565124512,stop,-2676.3573423414387,149.50640895712962,-1.059167086978451,3
CVS,1,2011-05-05 00:00:00+00:00,2011-05-06 00:00:00+00:00,25.097360610961914,24.282313585281372,2929.8183728150016,2011-05-27 00:00:00+00:00,26.727454662322998,target,4624.042205138731,151.83729595541365,1.936414938475467,15
COR,1,2011-05-02 00:00:00+00:00,2011-05-03 00:00:00+00:00,28.454195022583008,27.486595153808594,2652.8905651791924,2011-06-01 00:00:00+00:00,28.47718620300293,max_hold,-90.03963849763342,151.03272411597675,-0.035076690170135684,20
ULTA,1,2011-05-26 00:00:00+00:00,2011-05-27 00:00:00+00:00,54.213382720947266,50.713993072509766,1078.1796696756867,2011-06-02 00:00:00+00:00,50.713993072509766,stop,-3886.101338591787,113.13056337292613,-1.0299844791048942,3
CL,1,2011-05-27 00:00:00+00:00,2011-05-31 00:00:00+00:00,30.177061080932617,29.574783325195312,2522.722357331417,2011-06-03 00:00:00+00:00,29.574783325195312,stop,-1670.1168734970156,150.73731377512706,-1.0992097812627666,3
AWK,1,2011-05-19 00:00:00+00:00,2011-05-20 00:00:00+00:00,21.064210891723633,20.56285285949707,3608.8050170027855,2011-06-06 00:00:00+00:00,20.56285285949707,stop,-1959.5273385223632,150.22395650850007,-1.083028616428767,10
TMUS,1,2011-06-01 00:00:00+00:00,2011-06-02 00:00:00+00:00,28.67548942565918,27.49380874633789,2644.130828252068,2011-06-06 00:00:00+00:00,27.021133422851562,stop_gap,-4521.602865430761,147.26915750327578,-1.447135978087003,2
MCD,1,2011-06-07 00:00:00+00:00,2011-06-08 00:00:00+00:00,53.282649993896484,52.97569277882576,1375.6119685611277,2011-06-08 00:00:00+00:00,53.89656442403793,target,697.0710276406716,147.43701013428995,1.6508333762630738,0
CASY,1,2011-06-07 00:00:00+00:00,2011-06-08 00:00:00+00:00,35.29085159301758,34.62833023071289,2076.919307403719,2011-06-13 00:00:00+00:00,36.61589431762695,target,2602.6623089616487,149.34450891439104,1.8914650153158754,3
ESS,1,2011-06-03 00:00:00+00:00,2011-06-06 00:00:00+00:00,83.47703552246094,81.3542709350586,884.4354555099528,2011-06-15 00:00:00+00:00,81.3542709350586,stop,-2023.230916408646,145.78265160905693,-1.0776493575574604,7
EXC,1,2011-06-08 00:00:00+00:00,2011-06-09 00:00:00+00:00,16.56583023071289,16.355178833007812,4442.29934522522,2011-06-15 00:00:00+00:00,16.355178833007812,stop,-1082.021543103966,146.24497700792003,-1.1562819398417268,4
CF,1,2011-06-14 00:00:00+00:00,2011-06-15 00:00:00+00:00,21.190834045410156,20.09658432006836,3388.3564013028354,2011-06-16 00:00:00+00:00,20.09658432006836,stop,-3847.6045497976843,139.8964883119374,-1.0377312576912754,1
REGN,1,2011-06-15 00:00:00+00:00,2011-06-16 00:00:00+00:00,57.22993850708008,52.58378219604492,781.17751501926,2011-06-20 00:00:00+00:00,52.58378219604492,stop,-3715.256850899382,85.78400945388626,-1.0236353909235265,2
MNST,1,2011-06-17 00:00:00+00:00,2011-06-20 00:00:00+00:00,3.001667022705078,2.9433329105377197,23815.05745776511,2011-06-21 00:00:00+00:00,3.118335247039795,target,2632.712260331083,145.74820569562704,1.8950870761144558,1
JNJ,1,2011-05-25 00:00:00+00:00,2011-05-26 00:00:00+00:00,42.50449752807617,41.811363220214844,1775.7435809739297,2011-06-24 00:00:00+00:00,42.491539001464844,max_hold,-173.94218672450387,150.9311662755581,-0.14132118700502472,20
EXPE,1,2011-06-13 00:00:00+00:00,2011-06-14 00:00:00+00:00,36.727943420410156,35.27311325073242,2009.8556123289777,2011-07-06 00:00:00+00:00,39.637603759765625,target,5694.513439435977,153.48372358864964,1.9475089609963945,15
CI,1,2011-06-27 00:00:00+00:00,2011-06-28 00:00:00+00:00,44.41211700439453,43.11247634887695,1643.4114111894476,2011-07-07 00:00:00+00:00,47.029354095458984,target,4150.9213441821485,150.27595706144936,1.9434569157570012,6
DPZ,1,2011-06-16 00:00:00+00:00,2011-06-17 00:00:00+00:00,18.80031394958496,17.937557220458984,3830.5523792828235,2011-07-11 00:00:00+00:00,20.525827407836914,target,6459.0288386468665,150.64084434468504,1.9544180415755648,15
STX,1,2011-07-19 00:00:00+00:00,2011-07-20 00:00:00+00:00,8.953864097595215,8.442430913448334,7394.857868301323,2011-07-21 00:00:00+00:00,7.613653182983398,stop_gap,-10033.183662621008,122.51443552050489,-2.6528947943720738,1
DLTR,1,2011-07-21 00:00:00+00:00,2011-07-22 00:00:00+00:00,34.724998474121094,33.70000076293945,2128.748256288531,2011-07-25 00:00:00+00:00,33.70000076293945,stop,-2327.62168819009,145.65959781243672,-1.0667562458829092,1
JBHT,1,2011-07-15 00:00:00+00:00,2011-07-18 00:00:00+00:00,41.6562614440918,40.272342681884766,1817.1158403292354,2011-07-26 00:00:00+00:00,40.272342681884766,stop,-2663.6144688686,148.87376433337516,-1.0592004432365085,6
CRL,1,2011-07-14 00:00:00+00:00,2011-07-15 00:00:00+00:00,41.65999984741211,40.369998931884766,1817.6593634918459,2011-07-27 00:00:00+00:00,40.369998931884766,stop,-2493.884838389744,149.10259536841366,-1.0635891012106482,8
WDC,1,2011-07-22 00:00:00+00:00,2011-07-25 00:00:00+00:00,22.88560676574707,21.38836908340454,2465.675075530946,2011-07-27 00:00:00+00:00,21.38836908340454,stop,-3800.866874243606,109.16523874591218,-1.0295704391969898,2
BIIB,1,2011-07-26 00:00:00+00:00,2011-07-27 00:00:00+00:00,104.20999908447266,103.03946888446808,693.9266370555425,2011-07-27 00:00:00+00:00,103.03946888446808,stop,-956.0780116003656,143.81592633923742,-1.1770560622597608,0
EXPE,1,2011-07-25 00:00:00+00:00,2011-07-26 00:00:00+00:00,39.902130126953125,38.69857406616211,1822.4870580915979,2011-07-28 00:00:00+00:00,38.69857406616211,stop,-2336.714110628169,143.2487661488385,-1.0653070569404606,2
LLY,1,2011-07-29 00:00:00+00:00,2011-08-01 00:00:00+00:00,27.546070098876953,26.67400324344635,2564.5490206822255,2011-08-01 00:00:00+00:00,26.67400324344635,stop,-2375.5082360553547,139.05003599137365,-1.0621742163512806,0
CMG,1,2011-08-01 00:00:00+00:00,2011-08-02 00:00:00+00:00,6.512400150299072,6.35699987411499,10762.024048520872,2011-08-03 00:00:00+00:00,6.35699987411499,stop,-1810.9223019926555,138.50079255277925,-1.082814524789965,1
LULU,1,2011-08-01 00:00:00+00:00,2011-08-02 00:00:00+00:00,61.880001068115234,58.529998779296875,1046.0680469539482,2011-08-03 00:00:00+00:00,58.529998779296875,stop,-3630.287404929585,125.95705337410759,-1.0359432589790512,1
EXPE,1,2011-07-29 00:00:00+00:00,2011-08-01 00:00:00+00:00,41.91244125366211,39.170536518096924,1288.214834370553,2011-08-04 00:00:00+00:00,39.170536518096924,stop,-3636.614649566458,104.4522947805178,-1.0295717705724905,3
DECK,1,2011-07-29 00:00:00+00:00,2011-08-01 00:00:00+00:00,16.78499984741211,15.597399473190308,2974.2011129799944,2011-08-04 00:00:00+00:00,15.597399473190308,stop,-3628.474122886239,96.31176810029832,-1.0272670841332645,3
LVS,1,2011-08-03 00:00:00+00:00,2011-08-04 00:00:00+00:00,28.756723403930664,27.38616180419922,2410.2244537745437,2011-08-04 00:00:00+00:00,27.38616180419922,stop,-3438.678037911179,135.31695483409175,-1.0409634161785437,0
GOOGL,1,2011-08-03 00:00:00+00:00,2011-08-04 00:00:00+00:00,14.737143516540527,14.467683792114258,4703.093098115844,2011-08-04 00:00:00+00:00,14.467683792114258,stop,-1404.647191916385,137.35302174699945,-1.1083829034963848,0
CASY,1,2011-07-12 00:00:00+00:00,2011-07-13 00:00:00+00:00,39.57523727416992,38.20600128173828,1906.8119574864256,2011-08-08 00:00:00+00:00,38.0947380065918,stop_gap,-2971.1357440708953,148.10203760303156,-1.1379844318083674,18
AAPL,1,2011-08-12 00:00:00+00:00,2011-08-15 00:00:00+00:00,11.354595184326172,10.687020361423492,4940.336807428666,2011-08-19 00:00:00+00:00,10.687020361423492,stop,-3406.9374738746396,108.89300457585895,-1.033017445819647,4
ROL,1,2011-09-07 00:00:00+00:00,2011-09-08 00:00:00+00:00,4.831884860992432,4.53258752822876,10905.4600133617,2011-09-21 00:00:00+00:00,4.53258752822876,stop,-3366.098973746916,102.12387918688141,-1.0312881919218955,9
SNPS,1,2011-09-07 00:00:00+00:00,2011-09-08 00:00:00+00:00,25.31999969482422,23.92259383201599,2335.738801038625,2011-09-22 00:00:00+00:00,23.92259383201599,stop,-3378.9929309244485,115.01783636441411,-1.0352385765921164,10
AZO,1,2011-09-26 00:00:00+00:00,2011-09-27 00:00:00+00:00,330.1000061035156,316.8515214920044,193.6700464350144,2011-09-29 00:00:00+00:00,316.8515214920044,stop,-2691.1297622955813,125.29513239062786,-1.0488321152619524,2
AMZN,1,2011-09-26 00:00:00+00:00,2011-09-27 00:00:00+00:00,11.711000442504883,10.949999809265137,4200.422490984033,2011-09-29 00:00:00+00:00,10.949999809265137,stop,-3291.709950639051,95.18577512572963,-1.0297778993366895,2
FITB,1,2011-11-02 00:00:00+00:00,2011-11-03 00:00:00+00:00,7.470016002655029,7.077186584472656,7984.880034946231,2011-11-22 00:00:00+00:00,7.077186584472656,stop,-3252.853445886248,116.15766750227402,-1.0370318563574943,13
PH,1,2011-11-02 00:00:00+00:00,2011-11-03 00:00:00+00:00,64.201416015625,59.1090030670166,615.9547173489019,2011-11-25 00:00:00+00:00,59.1090030670166,stop,-3212.6494127161977,75.95363433222315,-1.0242145364735864,15
SHW,1,2011-11-02 00:00:00+00:00,2011-11-03 00:00:00+00:00,24.135175704956055,23.06631851196289,2599.2732074785495,2011-12-02 00:00:00+00:00,24.91899299621582,max_hold,1909.8500983098306,127.50518642008888,0.6874287111274491,20
GRMN,1,2011-11-02 00:00:00+00:00,2011-11-03 00:00:00+00:00,22.431936264038086,21.177084803581238,2499.6550406388433,2011-12-02 00:00:00+00:00,23.01321029663086,max_hold,1339.3873758900463,113.59718967294711,0.42700582731682657,20
WMT,1,2011-11-02 00:00:00+00:00,2011-11-03 00:00:00+00:00,14.150886535644531,13.811065673828125,4433.2145134271,2011-12-02 00:00:00+00:00,14.604806900024414,max_hold,1884.8461898263465,127.48015748266796,1.2511435250667924,20
OKE,1,2011-11-28 00:00:00+00:00,2011-11-29 00:00:00+00:00,15.562267303466797,14.964010238647461,3933.7684468007114,2011-12-23 00:00:00+00:00,16.75878143310547,target,4579.666007636387,127.14352168743598,1.9459746476268813,18
HUM,1,2011-11-28 00:00:00+00:00,2011-11-29 00:00:00+00:00,73.9234848022461,70.89955139160156,828.1313609987718,2011-12-28 00:00:00+00:00,79.0254898071289,max_hold,4098.468506009521,126.6618425066283,1.636628641640154,20
FICO,1,2011-12-16 00:00:00+00:00,2011-12-19 00:00:00+00:00,36.3482666015625,34.927711486816406,1727.706151228218,2012-01-05 00:00:00+00:00,34.927711486816406,stop,-2577.4457556836333,123.14394577809992,-1.0501747361636993,11
GWW,1,2012-01-04 00:00:00+00:00,2012-01-05 00:00:00+00:00,148.15785217285156,146.26971435546875,430.64117406848345,2012-01-09 00:00:00+00:00,151.9341278076172,target,1496.9878103743515,129.2319625873249,1.8410645784339872,2
ALGN,1,2012-01-04 00:00:00+00:00,2012-01-05 00:00:00+00:00,24.280000686645508,23.5,2627.7952884191836,2012-01-09 00:00:00+00:00,23.5,stop,-2175.238190015826,125.55606068503243,-1.06125635721185,2
V,1,2012-01-05 00:00:00+00:00,2012-01-06 00:00:00+00:00,22.92218589782715,22.405109405517578,2781.474600087124,2012-01-09 00:00:00+00:00,22.405109405517578,stop,-1564.311850238117,126.07672057690175,-1.087660715537243,1
ORLY,1,2011-12-16 00:00:00+00:00,2011-12-19 00:00:00+00:00,5.360000133514404,5.179333209991455,11716.254147334708,2012-01-19 00:00:00+00:00,5.592667102813721,max_hold,2597.661111068907,128.32423293200637,1.2271991892020293,20
ODFL,1,2011-12-16 00:00:00+00:00,2011-12-19 00:00:00+00:00,8.439732551574707,8.069550514221191,7440.890266396594,2012-01-19 00:00:00+00:00,8.682266235351562,max_hold,1677.2636127736193,127.40291411489397,0.6089211853752537,20
COO,1,2012-01-19 00:00:00+00:00,2012-01-20 00:00:00+00:00,17.63239860534668,17.131900787353516,3662.6999216762956,2012-01-23 00:00:00+00:00,17.131900787353516,stop,-1960.5045154254933,127.3311966627743,-1.069459442464892,1
BLK,1,2012-01-23 00:00:00+00:00,2012-01-24 00:00:00+00:00,126.97367095947266,124.63031005859375,504.13935299572165,2012-01-26 00:00:00+00:00,131.66039276123047,target,2232.373287262317,130.38760954680953,1.8896311431910897,2
OKE,1,2012-01-26 00:00:00+00:00,2012-01-27 00:00:00+00:00,17.11433982849121,16.754867553710938,3821.3859290046735,2012-01-27 00:00:00+00:00,16.754867553710938,stop,-1503.109605229527,129.4273125168885,-1.0942192479319988,0
AVY,1,2012-01-19 00:00:00+00:00,2012-01-20 00:00:00+00:00,21.398279190063477,20.623355865478516,3018.10180235231,2012-01-30 00:00:00+00:00,20.623355865478516,stop,-2465.623055113637,126.82557249892231,-1.054226829574459,6
VRTX,1,2012-01-27 00:00:00+00:00,2012-01-30 00:00:00+00:00,35.25,34.65530472993851,1841.5912848403407,2012-01-30 00:00:00+00:00,34.65530472993851,stop,-1223.922626435781,128.736999954763,-1.1175481095094468,0
MRK,1,2012-01-30 00:00:00+00:00,2012-01-31 00:00:00+00:00,23.238628387451172,22.791385650634766,2767.10289283892,2012-01-31 00:00:00+00:00,22.791385650634766,stop,-1364.9364558480772,127.36978500220371,-1.1029195339554085,0
O,1,2012-01-09 00:00:00+00:00,2012-01-10 00:00:00+00:00,17.02424430847168,16.60784149169922,3696.259605926092,2012-02-01 00:00:00+00:00,17.8570499420166,target,2949.33550391928,128.93031894050185,1.9162318484758263,15
AJG,1,2012-01-10 00:00:00+00:00,2012-01-11 00:00:00+00:00,23.9923152923584,23.36262035369873,2642.0363411976455,2012-02-02 00:00:00+00:00,25.251705169677734,target,3197.24933196675,130.10449164737994,1.921797020368539,15
GPN,1,2012-01-09 00:00:00+00:00,2012-01-10 00:00:00+00:00,22.402469635009766,21.39033877849579,2808.8879299486935,2012-02-08 00:00:00+00:00,23.741472244262695,max_hold,3631.495105915418,129.61316138494246,1.2773631581854688,20
HSY,1,2012-02-02 00:00:00+00:00,2012-02-03 00:00:00+00:00,43.23496627807617,42.36687469482422,1502.523859173923,2012-02-08 00:00:00+00:00,42.36687469482422,stop,-1432.9471242351203,128.61880845099475,-1.0986092281326214,3
KLAC,1,2012-02-08 00:00:00+00:00,2012-02-09 00:00:00+00:00,3.0598058700561523,2.9938549995422363,21220.604785976757,2012-02-10 00:00:00+00:00,2.978407859802246,stop_gap,-1855.449553137612,128.1345471745837,-1.3257781633877768,1
UDR,1,2012-02-08 00:00:00+00:00,2012-02-09 00:00:00+00:00,15.28834342956543,15.034714698791504,4247.087422480738,2012-02-10 00:00:00+00:00,15.017016410827637,stop_gap,-1281.0590812723622,128.70951261188625,-1.189267389612294,1
INCY,1,2012-02-13 00:00:00+00:00,2012-02-14 00:00:00+00:00,18.8799991607666,17.45003914833069,2235.684965342584,2012-02-15 00:00:00+00:00,17.45003914833069,stop,-3278.162621282034,81.22252043796891,-1.0254063316408475,1
LYV,1,2012-02-10 00:00:00+00:00,2012-02-13 00:00:00+00:00,10.84000015258789,10.359999656677246,5879.226054161695,2012-02-21 00:00:00+00:00,10.359999656677246,stop,-2946.67101279525,124.63959122685456,-1.044166620638683,5
DXCM,1,2012-02-16 00:00:00+00:00,2012-02-17 00:00:00+00:00,2.9725000858306885,2.7578002959489822,15144.589564031301,2012-02-23 00:00:00+00:00,2.7578002959489822,stop,-3338.3232446028665,86.78304736066498,-1.0266898276190066,3
MU,1,2012-01-31 00:00:00+00:00,2012-02-01 00:00:00+00:00,7.547560691833496,7.108749866485596,7296.9334763794395,2012-02-27 00:00:00+00:00,8.425182342529297,target,6287.394759200523,116.55204335704838,1.9635999339312125,17
VRTX,1,2012-01-31 00:00:00+00:00,2012-02-01 00:00:00+00:00,37.45000076293945,34.59523582458496,1121.6241863767696,2012-03-01 00:00:00+00:00,38.93000030517578,max_hold,1574.3336258453314,85.66965655348153,0.4916760474076965,20
IDXX,1,2012-02-01 00:00:00+00:00,2012-02-02 00:00:00+00:00,43.04499816894531,41.24839651584625,1500.0478831757994,2012-03-02 00:00:00+00:00,43.05500030517578,max_hold,-114.15043717279428,129.1541204525449,-0.0423565580674975,20
TMUS,1,2012-03-01 00:00:00+00:00,2012-03-02 00:00:00+00:00,16.8113956451416,15.850297927856445,3346.6212194234954,2012-03-05 00:00:00+00:00,15.850297927856445,stop,-3325.7363313796905,109.30631677370326,-1.033983738578902,1
LYB,1,2012-03-02 00:00:00+00:00,2012-03-05 00:00:00+00:00,20.056682586669922,19.770357131958008,3174.016733407379,2012-03-05 00:00:00+00:00,19.770357131958008,stop,-1035.2134749650972,126.41169050900535,-1.1390970975972075,0
CF,1,2012-02-21 00:00:00+00:00,2012-02-22 00:00:00+00:00,25.703981399536133,24.13900375366211,2030.3268590329712,2012-03-06 00:00:00+00:00,24.13900375366211,stop,-3278.6136996951395,101.19755149092,-1.031849007737974,9
NXPI,1,2012-02-23 00:00:00+00:00,2012-02-24 00:00:00+00:00,21.875585556030273,19.91081428527832,1613.9173308053123,2012-03-06 00:00:00+00:00,19.91081428527832,stop,-3238.4181998308018,67.4397948958483,-1.0212678190399822,7
DHI,1,2012-02-27 00:00:00+00:00,2012-02-28 00:00:00+00:00,12.143119812011719,11.817017555236816,5359.241758863405,2012-03-06 00:00:00+00:00,11.817017555236816,stop,-1876.0690008943154,128.40816872666184,-1.0734743071213624,5
CRL,1,2012-03-05 00:00:00+00:00,2012-03-06 00:00:00+00:00,35.2599983215332,34.8162761926651,1753.4727519761643,2012-03-06 00:00:00+00:00,34.8162761926651,stop,-900.9315003397232,122.87683792064846,-1.157928284291245,0
MPWR,1,2012-02-10 00:00:00+00:00,2012-02-13 00:00:00+00:00,14.775951385498047,13.70102310180664,2964.421547517282,2012-03-13 00:00:00+00:00,15.688777923583984,max_hold,2615.6923586444336,90.31030000312406,0.820856444252021,20
NOC,1,2012-03-07 00:00:00+00:00,2012-03-08 00:00:00+00:00,45.99381637573242,45.51143264770508,1322.2736751036396,2012-03-13 00:00:00+00:00,46.95858383178711,target,1152.7780979057195,122.90851183210115,1.807306103405191,3
IT,1,2012-03-07 00:00:00+00:00,2012-03-08 00:00:00+00:00,39.959999084472656,38.970001220703125,1521.9322823962034,2012-03-13 00:00:00+00:00,41.93999481201172,target,2888.773172109145,124.64624463911159,1.917272554927906,3
DRI,1,2012-03-07 00:00:00+00:00,2012-03-08 00:00:00+00:00,28.568065643310547,27.87375831604004,2128.8250093832426,2012-03-14 00:00:00+00:00,29.956680297851562,target,2831.5286621556393,124.58894282734632,1.9157077224415344,4
BAC,1,2012-03-07 00:00:00+00:00,2012-03-08 00:00:00+00:00,6.215867519378662,5.900066375732422,9628.909494911151,2012-03-14 00:00:00+00:00,6.847469806671143,target,5955.855568304138,125.78569281402821,1.9586342937988745,4
CME,1,2012-03-14 00:00:00+00:00,2012-03-15 00:00:00+00:00,30.025535583496094,29.111312866210938,2129.1571838257546,2012-03-16 00:00:00+00:00,31.853981018066406,target,3761.296514944903,131.75121730388184,1.9323146149930317,1
DVN,1,2012-03-13 00:00:00+00:00,2012-03-14 00:00:00+00:00,46.30677795410156,45.14443588256836,1364.9253682500198,2012-03-19 00:00:00+00:00,48.63146209716797,target,3043.4367477769083,129.58361226298786,1.9183216005198538,3
UNH,1,2012-03-13 00:00:00+00:00,2012-03-14 00:00:00+00:00,43.397186279296875,42.67338562011719,1456.4376488534415,2012-03-21 00:00:00+00:00,42.67338562011719,stop,-1179.526951666889,125.3564213726537,-1.118914746495204,5
CVS,1,2012-03-16 00:00:00+00:00,2012-03-19 00:00:00+00:00,30.9824161529541,30.563745498657227,2110.7509482063524,2012-03-21 00:00:00+00:00,30.563745498657227,stop,-1013.618099607903,129.90861906460006,-1.1470037630293755,2
IP,1,2012-03-21 00:00:00+00:00,2012-03-22 00:00:00+00:00,18.31501007080078,18.11168098449707,3563.804187986027,2012-03-22 00:00:00+00:00,18.11168098449707,stop,-854.442643445881,129.81759413734363,-1.179151402868587,0
AZO,1,2012-03-22 00:00:00+00:00,2012-03-23 00:00:00+00:00,377.7699890136719,375.0199890136719,171.020316048177,2012-03-29 00:00:00+00:00,375.0199890136719,stop,-599.0482490926233,128.74237996013653,-1.2737418101917615,4
DVA,1,2012-03-13 00:00:00+00:00,2012-03-14 00:00:00+00:00,43.650001525878906,42.654998779296875,1448.002147583002,2012-04-09 00:00:00+00:00,42.654998779296875,stop,-1565.7359396908128,124.96982578904617,-1.0867384543426086,17
TRGP,1,2012-03-19 00:00:00+00:00,2012-03-20 00:00:00+00:00,24.532384872436523,23.476465821266174,2677.218815943341,2012-04-10 00:00:00+00:00,23.476465821266174,stop,-2955.4565503152935,128.53019840899537,-1.045466412070595,14
PLD,1,2012-03-29 00:00:00+00:00,2012-03-30 00:00:00+00:00,23.066232681274414,22.29541015625,2811.2589101167505,2012-04-10 00:00:00+00:00,22.29541015625,stop,-2294.5050141981,127.52332260452417,-1.0588483618016842,6
RF,1,2012-03-14 00:00:00+00:00,2012-03-15 00:00:00+00:00,4.014340877532959,3.750041753053665,12094.078047319632,2012-04-13 00:00:00+00:00,4.027187347412109,max_hold,58.11133937877628,97.25486997220935,0.018179937840020203,20
CCI,1,2012-03-21 00:00:00+00:00,2012-03-22 00:00:00+00:00,31.555057525634766,30.852649688720703,2068.483302250392,2012-04-20 00:00:00+00:00,32.57891845703125,max_hold,1985.17918199309,132.66005842707233,1.3663386212065258,20
LVS,1,2012-04-11 00:00:00+00:00,2012-04-12 00:00:00+00:00,38.247806549072266,35.91705679893494,1356.7060123685358,2012-04-23 00:00:00+00:00,35.84041976928711,stop_gap,-3366.6320603228887,100.51594209183895,-1.0646681420677213,7
ADSK,1,2012-04-13 00:00:00+00:00,2012-04-16 00:00:00+00:00,41.470001220703125,39.46570324897766,1537.3968079437163,2012-04-23 00:00:00+00:00,39.46570324897766,stop,-3205.8315975991563,124.43029370036322,-1.0403810738779546,5
ULTA,1,2012-04-11 00:00:00+00:00,2012-04-12 00:00:00+00:00,93.44999694824219,91.61000061035156,676.7559770149907,2012-04-24 00:00:00+00:00,91.61000061035156,stop,-1370.4689788073326,125.2404594541579,-1.1005762858043222,8
BIIB,1,2012-04-20 00:00:00+00:00,2012-04-23 00:00:00+00:00,126.93000030517578,124.2300033569336,497.71917814633963,2012-04-27 00:00:00+00:00,132.32999420166016,target,2558.6418527612864,129.03867139216692,1.9039776712801006,4
AIG,1,2012-04-24 00:00:00+00:00,2012-04-25 00:00:00+00:00,24.332012176513672,23.268924713134766,2556.4931815428795,2012-05-07 00:00:00+00:00,22.674192428588867,stop_gap,-4358.375923360052,120.17104156315415,-1.6036554011382147,8
LOW,1,2012-04-11 00:00:00+00:00,2012-04-12 00:00:00+00:00,23.87628936767578,23.315126419067383,2648.7718846453176,2012-05-08 00:00:00+00:00,23.315126419067383,stop,-1611.3919363111236,124.99929533253248,-1.0840957442107875,18
PNC,1,2012-05-07 00:00:00+00:00,2012-05-08 00:00:00+00:00,42.84850311279297,42.36661911010742,1462.0279000736914,2012-05-09 00:00:00+00:00,42.36661911010742,stop,-829.1147427235252,124.58688619807002,-1.1768374167807922,1
ALL,1,2012-04-24 00:00:00+00:00,2012-04-25 00:00:00+00:00,24.20368003845215,23.514450073242188,2570.0481548116504,2012-05-11 00:00:00+00:00,25.58213996887207,target,3414.7564458119077,127.95195484560855,1.9277660250999709,12
BKNG,1,2012-04-25 00:00:00+00:00,2012-04-26 00:00:00+00:00,28.2658634185791,26.508456826210022,1781.6235166524298,2012-05-11 00:00:00+00:00,26.237546920776367,stop_gap,-3710.800929297801,97.1045575983529,-1.1851667776745594,11
VRSK,1,2012-05-11 00:00:00+00:00,2012-05-14 00:00:00+00:00,46.18682098388672,45.60842514038086,1342.2700454792287,2012-05-17 00:00:00+00:00,45.60842514038086,stop,-899.5774243576043,123.21400918999763,-1.1587066144318474,3
REGN,1,2012-05-11 00:00:00+00:00,2012-05-14 00:00:00+00:00,131.68728637695312,124.47534942626953,416.36100913449565,2012-05-17 00:00:00+00:00,124.47534942626953,stop,-3109.425480146561,106.65613354558207,-1.035519256138109,3
DAL,1,2012-04-27 00:00:00+00:00,2012-04-30 00:00:00+00:00,9.234012603759766,8.788171768188477,6942.573418215374,2012-05-18 00:00:00+00:00,8.788171768188477,stop,-3220.403071951027,125.1203381588644,-1.0404229109001535,14
EBAY,1,2012-05-08 00:00:00+00:00,2012-05-09 00:00:00+00:00,14.775675773620605,14.475045204162598,4213.570074026519,2012-05-18 00:00:00+00:00,14.475045204162598,stop,-1389.9779333614997,123.24996255568703,-1.097297892993776,7
PFE,1,2012-05-09 00:00:00+00:00,2012-05-10 00:00:00+00:00,11.820472717285156,11.449318408966064,5236.304551170122,2012-05-23 00:00:00+00:00,11.449318408966064,stop,-2065.3247070168263,121.84771317916739,-1.0626957322188633,9
GNRC,1,2012-05-21 00:00:00+00:00,2012-05-22 00:00:00+00:00,18.31818389892578,16.893555521965027,2078.837565118763,2012-05-23 00:00:00+00:00,16.893555521965027,stop,-3034.770473001511,73.19948664132102,-1.024716438328998,1
ED,1,2012-05-21 00:00:00+00:00,2012-05-22 00:00:00+00:00,34.60346221923828,34.29780578613281,1711.7194618252176,2012-05-25 00:00:00+00:00,35.21477508544922,target,926.8868947726521,119.50923558476502,1.7715793625040561,3
SHW,1,2012-05-21 00:00:00+00:00,2012-05-22 00:00:00+00:00,34.67275619506836,33.33217537403107,1708.2985671507854,2012-05-29 00:00:00+00:00,37.353917837142944,target,4457.181527409797,123.04306404586325,1.9462720390282178,4
DHI,1,2012-05-23 00:00:00+00:00,2012-05-24 00:00:00+00:00,14.61322021484375,13.44347858428955,2515.636533949605,2012-06-01 00:00:00+00:00,13.44347858428955,stop,-3013.225237625045,70.58045652111974,-1.0239853811015007,5
LYV,1,2012-05-31 00:00:00+00:00,2012-06-01 00:00:00+00:00,9.149999618530273,8.990089505910873,6554.179778021756,2012-06-01 00:00:00+00:00,8.990089505910873,stop,-1166.9730317421777,118.89340531092455,-1.113439286779918,0
MNST,1,2012-05-21 00:00:00+00:00,2012-05-22 00:00:00+00:00,5.829999923706055,5.634167194366455,10159.763379473796,2012-06-06 00:00:00+00:00,6.221665382385254,target,3856.786316255234,122.44206783850133,1.9384593916107244,10
EG,1,2012-05-23 00:00:00+00:00,2012-05-24 00:00:00+00:00,73.95231628417969,72.46973419189453,795.8222078659713,2012-06-06 00:00:00+00:00,76.91748046875,target,2239.6779732976415,120.06553475220686,1.898238487070629,8
ATO,1,2012-05-31 00:00:00+00:00,2012-06-01 00:00:00+00:00,22.65083885192871,22.387451171875,2647.616843716647,2012-06-06 00:00:00+00:00,23.177614212036133,target,1273.3631320216814,121.3361842536311,1.8260038090824169,3
SHW,1,2012-06-04 00:00:00+00:00,2012-06-05 00:00:00+00:00,36.515380859375,35.75971984863281,1626.0935431216785,2012-06-07 00:00:00+00:00,38.026702880859375,target,2336.3385796525145,121.21240106083059,1.9013551279203604,2
VZ,1,2012-06-06 00:00:00+00:00,2012-06-07 00:00:00+00:00,20.190017700195312,19.76497459411621,2987.3878647884544,2012-06-14 00:00:00+00:00,21.040103912353516,target,2416.3668692563188,123.17036496908054,1.9029977876999706,5
AXON,1,2012-06-06 00:00:00+00:00,2012-06-07 00:00:00+00:00,5.429999828338623,5.059999942779541,8150.734124726686,2012-06-15 00:00:00+00:00,5.059999942779541,stop,-3101.271892474206,85.50119910282794,-1.028351359501821,6
CHD,1,2012-06-06 00:00:00+00:00,2012-06-07 00:00:00+00:00,21.982431411743164,21.483951568603516,2743.800844305452,2012-06-21 00:00:00+00:00,21.483951568603516,stop,-1486.992512796196,119.26309832037934,-1.0871978748560345,10
GNRC,1,2012-06-12 00:00:00+00:00,2012-06-13 00:00:00+00:00,17.250722885131836,16.110776901245117,2655.5957810098803,2012-06-22 00:00:00+00:00,16.110776901245117,stop,-3115.8304034695916,88.59465808086466,-1.0292658601880667,7
LUV,1,2012-06-18 00:00:00+00:00,2012-06-19 00:00:00+00:00,7.75206995010376,7.529612064361572,7774.261179450813,2012-06-25 00:00:00+00:00,7.529612064361572,stop,-1848.2494924299622,118.80378724176953,-1.068694719288017,4
FISV,1,2012-06-22 00:00:00+00:00,2012-06-25 00:00:00+00:00,17.297500610351562,17.140430629253387,3433.916872353366,2012-06-26 00:00:00+00:00,17.140430629253387,stop,-657.6222513658721,118.25699313262452,-1.219252151167446,1
WEC,1,2012-06-25 00:00:00+00:00,2012-06-26 00:00:00+00:00,24.237529754638672,23.974822998046875,2414.759386326234,2012-06-27 00:00:00+00:00,24.762943267822266,target,1150.4228604973127,118.32435216541296,1.813478443957193,1
AXON,1,2012-06-18 00:00:00+00:00,2012-06-19 00:00:00+00:00,5.400000095367432,5.059999942779541,8862.733739200285,2012-06-28 00:00:00+00:00,5.059999942779541,stop,-3106.0350189240644,92.70419525012144,-1.0307646921877278,7
NEE,1,2012-06-26 00:00:00+00:00,2012-06-27 00:00:00+00:00,11.346617698669434,11.178934097290039,5198.598294148132,2012-07-02 00:00:00+00:00,11.726027488708496,target,1852.453673367583,119.94541391258801,2.125056606134369,3
FE,1,2012-06-27 00:00:00+00:00,2012-06-28 00:00:00+00:00,26.159122467041016,25.795732498168945,2250.1115589000938,2012-07-02 00:00:00+00:00,26.885902404785156,target,1515.9787150885422,119.35722360623905,1.8540272725841245,2
EXPE,1,2012-06-29 00:00:00+00:00,2012-07-02 00:00:00+00:00,43.80255889892578,40.78722405433655,984.4923091820073,2012-07-12 00:00:00+00:00,40.78722405433655,stop,-3051.8519548594854,83.27799075286202,-1.0280531971781017,7
ED,1,2012-07-06 00:00:00+00:00,2012-07-09 00:00:00+00:00,36.502044677734375,36.2022590637207,1631.288957663052,2012-07-13 00:00:00+00:00,37.10161590576172,target,858.0050848600454,120.06883875343641,1.7544790105233692,4
EG,1,2012-06-14 00:00:00+00:00,2012-06-15 00:00:00+00:00,77.02908325195312,75.0627212524414,784.7812730040872,2012-07-16 00:00:00+00:00,77.59513854980469,max_hold,322.8834036158072,121.34619362284982,0.20923465575106218,20
BRO,1,2012-07-13 00:00:00+00:00,2012-07-16 00:00:00+00:00,11.78015422821045,11.615578651428223,5052.290010348014,2012-07-16 00:00:00+00:00,11.615578651428223,stop,-949.6855700366748,118.20202751256903,-1.142157988062815,0
KDP,1,2012-07-17 00:00:00+00:00,2012-07-18 00:00:00+00:00,4.9516072273254395,4.90733528137207,11976.832595915224,2012-07-23 00:00:00+00:00,4.90733528137207,stop,-648.3165893783312,118.07890399942255,-1.2226905164521515,3
EW,1,2012-07-17 00:00:00+00:00,2012-07-18 00:00:00+00:00,17.11166763305664,16.483333587646484,3465.7388230142483,2012-07-24 00:00:00+00:00,16.483333587646484,stop,-2294.073194989378,116.43149998980189,-1.0534667848513182,4
LMT,1,2012-07-24 00:00:00+00:00,2012-07-25 00:00:00+00:00,58.302024841308594,57.276519775390625,994.8286128278596,2012-07-25 00:00:00+00:00,57.276519775390625,stop,-1135.1826253888094,114.98084321369376,-1.1127040211285943,0
HSY,1,2012-06-26 00:00:00+00:00,2012-06-27 00:00:00+00:00,50.11586380004883,48.85170364379883,1177.002708124457,2012-07-26 00:00:00+00:00,50.85148239135742,max_hold,746.9862342174882,118.83883989942474,0.5020338933951332,20
CBOE,1,2012-07-12 00:00:00+00:00,2012-07-13 00:00:00+00:00,22.920249938964844,22.533727645874023,2579.930200935593,2012-07-27 00:00:00+00:00,23.693294525146484,target,1874.1413834241573,120.25969113561493,1.8794027012223105,10
BF.B,1,2012-07-27 00:00:00+00:00,2012-07-30 00:00:00+00:00,19.701753616333008,19.01009178161621,2988.2554601179736,2012-08-02 00:00:00+00:00,19.01009178161621,stop,-2182.5431375293483,115.68088338166461,-1.055969324104459,3
ROST,1,2012-07-05 00:00:00+00:00,2012-07-06 00:00:00+00:00,29.26873207092285,27.62500536441803,1816.8138615907983,2012-08-03 00:00:00+00:00,29.186059951782227,max_hold,-256.40132844503125,106.2014764232578,-0.08585789268060183,20
NOC,1,2012-07-24 00:00:00+00:00,2012-07-25 00:00:00+00:00,49.6950798034668,48.63627624511719,1167.1280683583539,2012-08-07 00:00:00+00:00,51.812686920166016,target,2353.0461399555384,118.47256369952396,1.904129745387467,9
AEP,1,2012-08-03 00:00:00+00:00,2012-08-06 00:00:00+00:00,25.34233856201172,24.781293869018555,2317.231253323403,2012-08-09 00:00:00+00:00,26.464427947998047,target,2480.0923357393644,120.04825849062283,1.9076601790249161,3
ROL,1,2012-07-25 00:00:00+00:00,2012-07-26 00:00:00+00:00,5.68739652633667,5.467995792627335,10169.815845105823,2012-08-23 00:00:00+00:00,5.682191371917725,max_hold,-168.5620770460036,115.62661515999095,-0.0755455190918282,20
CCI,1,2012-07-26 00:00:00+00:00,2012-07-27 00:00:00+00:00,36.22193908691406,34.646517395973206,1608.3731497954411,2012-08-24 00:00:00+00:00,36.62672424316406,max_hold,533.8777426496669,117.1678340985854,0.2106969167865692,20
COF,1,2012-08-03 00:00:00+00:00,2012-08-06 00:00:00+00:00,45.1958122253418,42.83801078796387,1245.31391866277,2012-09-04 00:00:00+00:00,44.34111022949219,max_hold,-1175.8738675076015,111.50157576723387,-0.4004743161724913,20
MOS,1,2012-08-07 00:00:00+00:00,2012-08-08 00:00:00+00:00,43.183876037597656,42.14411163330078,1353.0747241228607,2012-09-06 00:00:00+00:00,44.223636627197266,max_hold,1288.6048768411317,118.26889608518286,0.9159316023891287,20
CL,1,2012-08-24 00:00:00+00:00,2012-08-27 00:00:00+00:00,38.134647369384766,37.76601791381836,1548.0312773839692,2012-09-06 00:00:00+00:00,38.87190628051758,target,1022.0913003500464,119.20855361359548,1.7911003787486806,7
TMO,1,2012-08-24 00:00:00+00:00,2012-08-27 00:00:00+00:00,53.718292236328125,53.09188461303711,1098.9483176438955,2012-09-06 00:00:00+00:00,54.971107482910156,target,1257.3351745827636,119.44403296718181,1.8264877442771104,7
PKG,1,2012-08-10 00:00:00+00:00,2012-08-13 00:00:00+00:00,20.57985496520996,19.885486602783203,2873.86096979311,2012-09-07 00:00:00+00:00,22.028125762939453,target,4039.679506469594,122.44941281632562,2.024376243307906,18
CTSH,1,2012-09-06 00:00:00+00:00,2012-09-07 00:00:00+00:00,28.70978355407715,27.597738027572632,2091.8497678213953,2012-09-14 00:00:00+00:00,30.93387460708618,target,4527.69878037414,124.76557247644818,1.946365812604237,5
O,1,2012-09-07 00:00:00+00:00,2012-09-10 00:00:00+00:00,21.286741256713867,20.837751388549805,2834.7963154117924,2012-09-19 00:00:00+00:00,20.837751388549805,stop,-1392.2091804680956,119.41435653938461,-1.0938205862361938,7
MET,1,2012-09-06 00:00:00+00:00,2012-09-07 00:00:00+00:00,19.802574157714844,19.023179829120636,3032.7650124416523,2012-09-26 00:00:00+00:00,19.023179829120636,stop,-2481.4692389289075,117.74938827294164,-1.0498152893373827,13
TT,1,2012-09-11 00:00:00+00:00,2012-09-12 00:00:00+00:00,22.928258895874023,22.22464370727539,2626.923617170064,2012-09-26 00:00:00+00:00,22.22464370727539,stop,-1966.9565825613104,118.61322623199285,-1.0641727230094038,10
TGT,1,2012-09-19 00:00:00+00:00,2012-09-20 00:00:00+00:00,42.941139221191406,42.14079284667969,1407.6130368658112,2012-09-27 00:00:00+00:00,42.134193420410156,stop_gap,-1255.620576565823,119.75314734201385,-1.1145438547991955,5
DHR,1,2012-09-26 00:00:00+00:00,2012-09-27 00:00:00+00:00,22.243337631225586,21.883926391601562,2655.758128900177,2012-10-01 00:00:00+00:00,22.962160110473633,target,1788.9637744006827,120.0548680984963,1.8742234722848727,2
REGN,1,2012-09-14 00:00:00+00:00,2012-09-17 00:00:00+00:00,147.67642211914062,140.592604637146,416.26551095199176,2012-10-04 00:00:00+00:00,161.84405708312988,target,5768.655106841054,128.8427004252385,1.9563059776753147,13
AON,1,2012-09-06 00:00:00+00:00,2012-09-07 00:00:00+00:00,45.68965530395508,44.938072204589844,1314.445330398456,2012-10-05 00:00:00+00:00,47.14914321899414,max_hold,1796.3855494977806,122.03152519829368,1.818360627946991,20
VLO,1,2012-10-04 00:00:00+00:00,2012-10-05 00:00:00+00:00,18.456396102905273,17.522462606430054,3343.6810063254443,2012-10-08 00:00:00+00:00,17.522462606430054,stop,-3243.077519830975,120.30182649567132,-1.0385240050229743,1
MCD,1,2012-10-08 00:00:00+00:00,2012-10-09 00:00:00+00:00,63.0615119934082,62.24098587036133,974.5970474639407,2012-10-16 00:00:00+00:00,64.79214477539062,target,1562.0638031700348,124.60579639433942,1.9533553901513743,5
CRL,1,2012-09-27 00:00:00+00:00,2012-09-28 00:00:00+00:00,38.95000076293945,37.64702749252319,1539.1756211513618,2012-10-17 00:00:00+00:00,41.55594730377197,target,3887.096593051176,123.91279262195984,1.938213661097597,13
GOOGL,1,2012-10-17 00:00:00+00:00,2012-10-18 00:00:00+00:00,18.72918701171875,18.113422393798828,3387.7403281802094,2012-10-18 00:00:00+00:00,18.113422393798828,stop,-2210.863822472261,124.81319367846339,-1.059832293596169,0
WMT,1,2012-10-10 00:00:00+00:00,2012-10-11 00:00:00+00:00,19.48223304748535,19.006059259176254,3125.573092533164,2012-10-23 00:00:00+00:00,19.006059259176254,stop,-1608.61395091975,120.2979708112527,-1.0808282464335854,8
VZ,1,2012-10-18 00:00:00+00:00,2012-10-19 00:00:00+00:00,22.701671600341797,21.888295650482178,2764.3223772579104,2012-10-23 00:00:00+00:00,21.888295650482178,stop,-2371.6943835930033,123.26104427265011,-1.0548208577577438,2
GLW,1,2012-10-16 00:00:00+00:00,2012-10-17 00:00:00+00:00,9.548131942749023,9.143246829509735,6582.07804836661,2012-10-24 00:00:00+00:00,8.949172973632812,stop_gap,-4064.145387136167,121.75070464406066,-1.525015995507037,5
CCI,1,2012-10-24 00:00:00+00:00,2012-10-25 00:00:00+00:00,38.69824981689453,38.19822311401367,1563.0943247544187,2012-10-25 00:00:00+00:00,38.19822311401367,stop,-901.7853419306697,120.1964404319344,-1.1537847328710167,0
FCX,1,2012-09-27 00:00:00+00:00,2012-09-28 00:00:00+00:00,30.683168411254883,29.128995895385742,1880.3974014525422,2012-10-26 00:00:00+00:00,30.474069595336914,max_hold,-508.1887815265618,114.99991142760987,-0.17389064030219653,20
GNRC,1,2012-10-01 00:00:00+00:00,2012-10-02 00:00:00+00:00,22.22691535949707,20.78061556816101,2107.418665114499,2012-10-26 00:00:00+00:00,25.11951494216919,target,5996.139600281361,99.77875094427418,1.9672637508590605,18
RMD,1,2012-10-23 00:00:00+00:00,2012-10-24 00:00:00+00:00,33.83478546142578,32.94898223876953,1793.8522089517082,2012-10-26 00:00:00+00:00,32.94898223876953,stop,-1708.800276869569,119.80020921111311,-1.075393457589747,2
PFE,1,2012-10-25 00:00:00+00:00,2012-10-26 00:00:00+00:00,13.390631675720215,13.148880004882812,4533.170751558082,2012-10-31 00:00:00+00:00,13.148880004882812,stop,-1216.209741491553,120.30813811114373,-1.1097800548334287,1
RSG,1,2012-10-31 00:00:00+00:00,2012-11-01 00:00:00+00:00,21.681337356567383,21.39836311340332,2786.727415971976,2012-11-01 00:00:00+00:00,21.39836311340332,stop,-908.6234638107417,120.05138237152818,-1.1522389458074953,0
HIG,1,2012-11-01 00:00:00+00:00,2012-11-02 00:00:00+00:00,16.10129165649414,15.893073245882988,3749.1327757005783,2012-11-02 00:00:00+00:00,15.893073245882988,stop,-900.5895898197798,119.95112209322633,-1.1536577135925148,0
CMCSA,1,2012-10-26 00:00:00+00:00,2012-10-31 00:00:00+00:00,12.731528282165527,12.26465904712677,4760.4935385153385,2012-11-07 00:00:00+00:00,12.26465904712677,stop,-2341.522165002218,118.99418826861496,-1.0535400181749333,5
TRGP,1,2012-10-24 00:00:00+00:00,2012-10-25 00:00:00+00:00,27.7540225982666,26.59162974357605,2179.4683798554825,2012-11-09 00:00:00+00:00,26.59162974357605,stop,-2651.843102629671,118.44463086166512,-1.046753257405656,9
WST,1,2012-11-08 00:00:00+00:00,2012-11-09 00:00:00+00:00,24.89641571044922,24.383760452270508,2345.6114484880322,2012-11-14 00:00:00+00:00,24.383760452270508,stop,-1318.0821881023546,115.5921453907824,-1.096127320214749,3
GM,1,2012-10-31 00:00:00+00:00,2012-11-01 00:00:00+00:00,18.91288185119629,17.74392342567444,2584.350987483186,2012-11-15 00:00:00+00:00,17.74392342567444,stop,-3115.7329122394444,94.73405091525974,-1.0313585192394727,10
CPAY,1,2012-10-26 00:00:00+00:00,2012-10-31 00:00:00+00:00,46.970001220703125,45.65999984741211,1290.3631370560774,2012-11-19 00:00:00+00:00,49.590003967285156,target,3256.1574919666054,124.59747120852367,1.9262901496466314,13
AXON,1,2012-11-19 00:00:00+00:00,2012-11-20 00:00:00+00:00,8.0600004196167,7.5,5264.03614739018,2012-11-28 00:00:00+00:00,9.180001258850098,target,5804.972910815431,90.7519920165166,1.9692143057852225,5
CLX,1,2012-11-02 00:00:00+00:00,2012-11-05 00:00:00+00:00,48.56345748901367,47.21077334880829,1233.4618246107614,2012-12-04 00:00:00+00:00,50.495933532714844,max_hold,2261.4494496857405,122.18597719449214,1.3553915494278423,20
PGR,1,2012-11-09 00:00:00+00:00,2012-11-12 00:00:00+00:00,14.218864440917969,13.875635147094727,4140.706766868978,2012-12-11 00:00:00+00:00,14.466300010681152,max_hold,905.7812835290094,118.77685455348595,0.6373302315630367,20
AXON,1,2012-12-04 00:00:00+00:00,2012-12-05 00:00:00+00:00,8.319999694824219,7.710000038146973,4999.535928807682,2012-12-13 00:00:00+00:00,7.710000038146973,stop,-3129.8577597220096,80.14255960376701,-1.0262787028771276,6
HSIC,1,2012-12-11 00:00:00+00:00,2012-12-12 00:00:00+00:00,31.705881118774414,31.023529052734375,1924.17163626931,2012-12-14 00:00:00+00:00,31.023529052734375,stop,-1433.664643235927,120.70215181192077,-1.0919311500521316,2
AOS,1,2012-11-16 00:00:00+00:00,2012-11-19 00:00:00+00:00,12.05429744720459,11.482771873474121,4870.828042213361,2012-12-18 00:00:00+00:00,12.34408187866211,max_hold,1292.6498247351517,118.84031020499025,0.46434676649624224,20
SNA,1,2012-11-19 00:00:00+00:00,2012-11-20 00:00:00+00:00,56.679420471191406,54.591392517089844,1040.1879295552399,2012-12-19 00:00:00+00:00,59.136356353759766,max_hold,2435.2048756333797,120.4701731053777,1.1212110935319093,20
ORLY,1,2012-12-18 00:00:00+00:00,2012-12-19 00:00:00+00:00,6.1393327713012695,5.955999851226807,9809.952765238417,2012-12-24 00:00:00+00:00,5.955999851226807,stop,-1917.1419279505587,118.65464170684774,-1.0659746902935676,3
AON,1,2012-11-28 00:00:00+00:00,2012-11-29 00:00:00+00:00,50.066463470458984,48.9269905090332,1211.9026783389936,2012-12-27 00:00:00+00:00,48.9269905090332,stop,-1500.9007658625437,119.97043201577449,-1.086876527421612,19
MSI,1,2012-12-27 00:00:00+00:00,2012-12-28 00:00:00+00:00,43.41110610961914,43.11132264137268,1372.1280435338954,2012-12-31 00:00:00+00:00,43.0518913269043,stop_gap,-611.526980525625,118.63830351065312,-1.486665634894062,1
GPC,1,2012-12-17 00:00:00+00:00,2012-12-18 00:00:00+00:00,42.61643981933594,41.99121856689453,1409.8696875117307,2013-01-03 00:00:00+00:00,44.0013542175293,target,1830.4290275996577,122.11980221171063,2.076539463568805,10
GRMN,1,2013-01-02 00:00:00+00:00,2013-01-03 00:00:00+00:00,27.66341209411621,26.280237197875977,2081.5942987522717,2013-01-09 00:00:00+00:00,26.280237197875977,stop,-2991.4977710110397,112.28879282010294,-1.0389998758932242,4
NRG,1,2013-01-08 00:00:00+00:00,2013-01-09 00:00:00+00:00,17.16258430480957,16.908203125,3502.3988060039246,2013-01-11 00:00:00+00:00,17.67134666442871,target,1659.886362634734,122.0023182350833,1.8630640403692011,2
EG,1,2012-12-19 00:00:00+00:00,2012-12-20 00:00:00+00:00,82.29129028320312,79.47232818603516,731.3745119083599,2013-01-22 00:00:00+00:00,84.71183776855469,max_hold,1648.1849043839832,122.1418312660237,0.7994234330301201,20
PKG,1,2013-01-11 00:00:00+00:00,2013-01-14 00:00:00+00:00,26.034975051879883,25.531728744506836,2313.169999316113,2013-01-22 00:00:00+00:00,25.531728744506836,stop,-1283.3768126673692,119.28255218542206,-1.102468121555756,5
XYL,1,2012-12-24 00:00:00+00:00,2012-12-26 00:00:00+00:00,22.472322463989258,21.88797950744629,2660.7127051729535,2013-01-25 00:00:00+00:00,23.44902229309082,max_hold,2476.5341389969894,122.18350543379037,1.592863358619159,20
MTD,1,2012-12-31 00:00:00+00:00,2013-01-02 00:00:00+00:00,198.8800048828125,191.61103439331055,299.86577439228864,2013-01-25 00:00:00+00:00,213.4179458618164,target,4235.796885458001,123.63404428039183,1.9432797324820508,16
ILMN,1,2013-01-10 00:00:00+00:00,2013-01-11 00:00:00+00:00,51.43968963623047,48.755128145217896,1096.3580433768923,2013-01-31 00:00:00+00:00,48.755128145217896,stop,-3053.08997799087,109.849394379373,-1.037322601146177,13
ABT,1,2013-01-22 00:00:00+00:00,2013-01-23 00:00:00+00:00,25.402490615844727,25.048513412475586,2369.637715358176,2013-02-01 00:00:00+00:00,26.110445022583008,target,1555.528467843417,122.06699511763668,1.854473861174873,7
SPG,1,2013-02-01 00:00:00+00:00,2013-02-04 00:00:00+00:00,80.41055297851562,79.89176940917969,763.1177898136106,2013-02-04 00:00:00+00:00,81.4481201171875,target,668.2687087715566,123.51723287495668,1.6880034706903144,0
DOV,1,2013-01-28 00:00:00+00:00,2013-01-29 00:00:00+00:00,35.68156051635742,34.54793155193329,1698.3909496913868,2013-02-15 00:00:00+00:00,37.956512451171875,target,3738.6915403910116,125.06623668076571,1.9418292324289357,13
FISV,1,2013-01-22 00:00:00+00:00,2013-01-23 00:00:00+00:00,20.38249969482422,19.84332686662674,2953.2540526726075,2013-02-21 00:00:00+00:00,20.102500915527344,max_hold,-946.4700218268529,119.56249212497374,-0.594398981452094,20
MA,1,2013-02-05 00:00:00+00:00,2013-02-06 00:00:00+00:00,47.96918487548828,47.22587585449219,1281.5997094510226,2013-02-21 00:00:00+00:00,47.22587585449219,stop,-1074.6265875136332,122.00196217271542,-1.128069292906484,10
WRB,1,2013-02-21 00:00:00+00:00,2013-02-22 00:00:00+00:00,9.308269500732422,9.16373348236084,6552.777868652336,2013-02-25 00:00:00+00:00,9.16373348236084,stop,-1068.1553547457238,121.04293233729346,-1.1278020744670323,1
NKE,1,2013-02-21 00:00:00+00:00,2013-02-22 00:00:00+00:00,22.57478904724121,22.322580337524414,2701.908852933664,2013-02-26 00:00:00+00:00,22.322580337524414,stop,-802.7535453849212,121.3085998141311,-1.1780167284277394,2
PTC,1,2013-01-28 00:00:00+00:00,2013-01-29 00:00:00+00:00,23.530000686645508,22.291329860687256,2446.2205043444474,2013-02-27 00:00:00+00:00,23.09000015258789,max_hold,-1190.3811302997385,114.04280196548808,-0.39285702439983966,20
ATO,1,2013-02-26 00:00:00+00:00,2013-02-27 00:00:00+00:00,26.691679000854492,26.53612518310547,2263.2498923995745,2013-02-27 00:00:00+00:00,26.53612518310547,stop,-472.52498337483325,120.467822092013,-1.342182563913923,0
ROK,1,2013-01-31 00:00:00+00:00,2013-02-01 00:00:00+00:00,68.2419204711914,66.1559066772461,888.1727197158243,2013-03-04 00:00:00+00:00,68.29488372802734,max_hold,-74.22774485794477,121.2682647269271,-0.040063755860989404,20
ADP,1,2013-02-26 00:00:00+00:00,2013-02-27 00:00:00+00:00,39.16358184814453,38.655208587646484,1542.5029268488622,2013-03-05 00:00:00+00:00,40.180328369140625,target,1445.9462707620771,122.3882137377957,1.8439258781243668,4
PSKY,1,2013-02-27 00:00:00+00:00,2013-02-28 00:00:00+00:00,33.721824645996094,32.51556396484375,1803.3458588620706,2013-03-14 00:00:00+00:00,36.13434600830078,target,4224.635572063051,125.97483606538837,1.942088661476089,10
SCHW,1,2013-03-04 00:00:00+00:00,2013-03-05 00:00:00+00:00,14.318381309509277,13.689900815486908,4240.22634709149,2013-03-14 00:00:00+00:00,15.575342297554016,target,5203.042944322112,126.75615445134063,1.952434922179145,7
AON,1,2013-03-14 00:00:00+00:00,2013-03-15 00:00:00+00:00,52.44538116455078,52.11130914092064,1208.538451653092,2013-03-18 00:00:00+00:00,52.04108810424805,stop_gap,-614.8796249011692,126.27591578881251,-1.5229635934280241,1
PFE,1,2013-02-15 00:00:00+00:00,2013-02-19 00:00:00+00:00,14.65599536895752,14.340414047241211,4219.161742083308,2013-03-19 00:00:00+00:00,15.030420303344727,max_hold,1454.5075691843967,125.25178926415997,1.0923920238372251,20
TRGP,1,2013-03-14 00:00:00+00:00,2013-03-15 00:00:00+00:00,34.213523864746094,33.5498161315918,1852.5498863995138,2013-03-21 00:00:00+00:00,35.54093933105469,target,2329.8797484457027,129.2236228692398,1.8949018374936057,4
DLTR,1,2013-03-18 00:00:00+00:00,2013-03-19 00:00:00+00:00,44.63999938964844,43.68000030517578,1406.519341056444,2013-03-21 00:00:00+00:00,46.55999755859375,target,2572.239999802549,128.27455961199132,1.904999912579771,2
URI,1,2013-02-27 00:00:00+00:00,2013-02-28 00:00:00+00:00,50.5981330871582,47.26728439331055,912.862132419206,2013-03-28 00:00:00+00:00,51.4934196472168,max_hold,724.077685810254,93.19551253108938,0.23813600683492867,20
BSX,1,2013-03-05 00:00:00+00:00,2013-03-06 00:00:00+00:00,7.429999828338623,7.170000076293945,8332.368481095973,2013-04-02 00:00:00+00:00,7.9499993324279785,target,4204.675657813228,128.15182024645415,1.94084610066042,18
ROP,1,2013-03-22 00:00:00+00:00,2013-03-25 00:00:00+00:00,116.05271911621094,113.79541778564453,556.4200983248884,2013-04-03 00:00:00+00:00,113.79541778564453,stop,-1383.8999512373841,127.89212293472283,-1.1018243039994051,6
ICE,1,2013-04-02 00:00:00+00:00,2013-04-03 00:00:00+00:00,27.437808990478516,26.875154495239258,2402.4911066454324,2013-04-03 00:00:00+00:00,26.875154495239258,stop,-1482.2588326763869,130.48641174999506,-1.0965298668103989,0
IBM,1,2013-03-28 00:00:00+00:00,2013-04-01 00:00:00+00:00,121.44158172607422,119.69534301757812,540.0030467633828,2013-04-05 00:00:00+00:00,119.33009338378906,stop_gap,-1270.2275761729984,130.01743813364953,-1.3470437953015295,4
SRE,1,2013-03-19 00:00:00+00:00,2013-03-20 00:00:00+00:00,26.069746017456055,25.521366119384766,2403.398132773377,2013-04-08 00:00:00+00:00,27.166505813598633,target,2508.002537903372,127.9479082466101,1.9029208546515066,12
CPAY,1,2013-03-21 00:00:00+00:00,2013-03-22 00:00:00+00:00,72.55000305175781,69.579904794693,881.1924995922049,2013-04-10 00:00:00+00:00,78.49019956588745,target,5101.361120671242,133.09549368355593,1.949146395322655,12
KKR,1,2013-04-05 00:00:00+00:00,2013-04-08 00:00:00+00:00,12.927911758422852,12.403532028198242,5016.556287766985,2013-04-10 00:00:00+00:00,13.97667121887207,target,5126.192510767141,134.96835490449746,1.9486925572699563,2
COST,1,2013-04-08 00:00:00+00:00,2013-04-09 00:00:00+00:00,84.41761016845703,82.21369934082031,777.2745957861277,2013-04-15 00:00:00+00:00,82.21369934082031,stop,-1842.5621814441374,129.51828374413668,-1.075607101439743,4
BRO,1,2013-04-10 00:00:00+00:00,2013-04-11 00:00:00+00:00,13.81258773803711,13.38087511062622,4871.4835995148505,2013-04-16 00:00:00+00:00,13.38087511062622,stop,-2235.553492416889,132.47250828127983,-1.0629897323405868,3
EQT,1,2013-04-05 00:00:00+00:00,2013-04-08 00:00:00+00:00,33.256378173828125,32.104652404785156,1950.1100414611878,2013-04-17 00:00:00+00:00,32.104652404785156,stop,-2373.453189271908,127.46120205160551,-1.0567505150405077,7
CSGP,1,2013-04-16 00:00:00+00:00,2013-04-17 00:00:00+00:00,10.835000038146973,10.618000030517578,6109.114565750274,2013-04-17 00:00:00+00:00,10.618000030517578,stop,-1456.736742575175,131.05883519852023,-1.0988617479926694,0
HSY,1,2013-04-10 00:00:00+00:00,2013-04-11 00:00:00+00:00,62.98078918457031,61.65454173088074,1068.3860190369378,2013-04-19 00:00:00+00:00,65.63328409194946,target,2696.4789968705354,137.40947774002598,1.903024075244239,6
VRTX,1,2013-04-19 00:00:00+00:00,2013-04-22 00:00:00+00:00,84.4000015258789,77.8092131614685,496.3237009578535,2013-04-30 00:00:00+00:00,77.8092131614685,stop,-3351.672751017219,80.50827776309126,-1.0246115040748784,6
MU,1,2013-04-09 00:00:00+00:00,2013-04-10 00:00:00+00:00,9.400322914123535,8.815238952636719,5613.303920214441,2013-05-08 00:00:00+00:00,9.673360824584961,max_hold,1425.578389456858,107.06638370342284,0.43406458464071196,20
MKC,1,2013-04-16 00:00:00+00:00,2013-04-17 00:00:00+00:00,27.519800186157227,27.157896041870117,2405.2593443699457,2013-05-08 00:00:00+00:00,28.243608474731445,target,1606.8211898700356,134.12545975552246,1.8459166341663944,15
ACGL,1,2013-04-17 00:00:00+00:00,2013-04-18 00:00:00+00:00,16.39665985107422,16.047998428344727,3960.4767746939906,2013-05-08 00:00:00+00:00,17.093982696533203,target,2629.0920219244567,132.63891197937758,1.903945087226954,14
HRL,1,2013-05-10 00:00:00+00:00,2013-05-13 00:00:00+00:00,15.006851196289062,14.815290451049805,4394.81306315317,2013-05-14 00:00:00+00:00,15.389972686767578,target,1550.15897245007,133.58835867962358,1.8413201836049904,1
TGT,1,2013-04-17 00:00:00+00:00,2013-04-18 00:00:00+00:00,45.98706817626953,45.09716033935547,1412.105470038353,2013-05-16 00:00:00+00:00,46.96548843383789,max_hold,1250.3737840654321,131.25881364318235,0.9950105665197785,20
APO,1,2013-04-19 00:00:00+00:00,2013-04-22 00:00:00+00:00,11.865909576416016,10.790588021278381,3042.0337596928757,2013-05-20 00:00:00+00:00,12.837321281433105,max_hold,2879.9191389797406,75.14806224306383,0.8803957008358008,20
BIIB,1,2013-05-10 00:00:00+00:00,2013-05-13 00:00:00+00:00,216.5,208.5,304.6295874099166,2013-05-20 00:00:00+00:00,232.5,target,4737.294713811613,136.77868474705255,1.943875,5
SJM,1,2013-05-10 00:00:00+00:00,2013-05-13 00:00:00+00:00,69.60060119628906,68.72528076171875,947.5824136669005,2013-05-21 00:00:00+00:00,68.72528076171875,stop,-960.5134232204688,131.0751730983718,-1.1580288503442866,6
WEC,1,2013-05-21 00:00:00+00:00,2013-05-22 00:00:00+00:00,28.06142234802246,27.74489402770996,2414.7403076329438,2013-05-22 00:00:00+00:00,27.74489402770996,stop,-899.0914551389426,134.75776157299748,-1.1763074985537987,0
KO,1,2013-05-14 00:00:00+00:00,2013-05-15 00:00:00+00:00,28.01034927368164,27.581937789916992,2413.101694387562,2013-05-23 00:00:00+00:00,27.581937789916992,stop,-1167.9503194756123,134.1498421080496,-1.1297637649091095,6
MNST,1,2013-05-21 00:00:00+00:00,2013-05-22 00:00:00+00:00,4.7708330154418945,4.628290139138699,14203.18996996071,2013-05-24 00:00:00+00:00,4.628290139138699,stop,-2158.0610827144674,133.49753171556455,-1.0659389188596713,2
NRG,1,2013-05-23 00:00:00+00:00,2013-05-24 00:00:00+00:00,20.85426139831543,20.53748321533203,3231.74855185867,2013-05-24 00:00:00+00:00,20.53748321533203,stop,-1157.5151448310778,133.7677107140591,-1.1306647579824547,0
SJM,1,2013-05-24 00:00:00+00:00,2013-05-28 00:00:00+00:00,70.38166046142578,68.48017883300781,950.0036392427274,2013-05-31 00:00:00+00:00,68.48017883300781,stop,-1938.3337196319087,131.91925268165068,-1.0730282308380579,3
VRSK,1,2013-05-17 00:00:00+00:00,2013-05-20 00:00:00+00:00,57.423004150390625,55.58349609375,1182.9779085022253,2013-06-03 00:00:00+00:00,55.58349609375,stop,-2309.781586823689,133.6841933059697,-1.0614330009788144,9
WSM,1,2013-05-20 00:00:00+00:00,2013-05-21 00:00:00+00:00,20.541345596313477,19.912729263305664,3298.6550279549365,2013-06-03 00:00:00+00:00,19.912729263305664,stop,-2207.032464967763,133.44403743694807,-1.0643541580697622,8
OMC,1,2013-05-24 00:00:00+00:00,2013-05-28 00:00:00+00:00,41.23191452026367,39.90378177165985,1621.628157514741,2013-06-03 00:00:00+00:00,39.90378177165985,stop,-2285.30939173995,131.57192968654755,-1.061090050205611,4
MGM,1,2013-06-03 00:00:00+00:00,2013-06-04 00:00:00+00:00,14.318777084350586,14.114906400442123,4570.875900523073,2013-06-04 00:00:00+00:00,14.114906400442123,stop,-1061.8344345040882,129.96683860373992,-1.1394692112651141,0
WAB,1,2013-05-31 00:00:00+00:00,2013-06-03 00:00:00+00:00,51.38856887817383,50.31007385253906,1274.2080582458846,2013-06-05 00:00:00+00:00,50.31007385253906,stop,-1503.812282522064,129.58523008014362,-1.0942968120514571,2
TPR,1,2013-06-03 00:00:00+00:00,2013-06-04 00:00:00+00:00,39.438438415527344,39.050931096076965,1659.5320638773567,2013-06-06 00:00:00+00:00,39.050931096076965,stop,-773.3364469930939,130.25562537802517,-1.202549385706907,2
GD,1,2013-06-06 00:00:00+00:00,2013-06-07 00:00:00+00:00,58.661624908447266,57.20069885253906,1098.7273037360014,2013-06-20 00:00:00+00:00,57.20069885253906,stop,-1732.460444956187,127.30109859049617,-1.0793074524835955,9
PNR,1,2013-06-06 00:00:00+00:00,2013-06-07 00:00:00+00:00,31.550344467163086,30.49544334411621,2042.8660940774307,2013-06-20 00:00:00+00:00,30.49544334411621,stop,-2281.77297307665,126.75123619998519,-1.058816685711806,9
AXON,1,2013-05-23 00:00:00+00:00,2013-05-24 00:00:00+00:00,9.119999885559082,8.455887615680695,5074.121660666621,2013-06-24 00:00:00+00:00,8.800000190734863,max_hold,-1714.6456434605475,90.92826054627062,-0.5088291697462429,20
MRK,1,2013-06-03 00:00:00+00:00,2013-06-04 00:00:00+00:00,30.233572006225586,29.173511505126953,2164.79062038528,2013-06-24 00:00:00+00:00,29.173511505126953,stop,-2423.412926989061,128.60389716982098,-1.0560412197697997,14
ULTA,1,2013-06-21 00:00:00+00:00,2013-06-24 00:00:00+00:00,93.27999877929688,91.94000244140625,682.2575983131964,2013-06-24 00:00:00+00:00,95.95999145507812,target,1699.334945233355,129.1104212421174,1.8587757407365233,0
USB,1,2013-06-21 00:00:00+00:00,2013-06-24 00:00:00+00:00,22.56414222717285,22.333431243896484,2820.4479167473673,2013-06-25 00:00:00+00:00,23.025564193725586,target,1172.8332318051862,128.58339249994708,1.802394728792401,1
CHTR,1,2013-06-04 00:00:00+00:00,2013-06-05 00:00:00+00:00,114.62000274658203,109.92615365982056,571.1071984319749,2013-06-27 00:00:00+00:00,124.00770092010498,target,5225.100004296322,136.28199930933712,1.9491616157111415,16
TSLA,1,2013-06-24 00:00:00+00:00,2013-06-25 00:00:00+00:00,6.873332977294922,6.353332996368408,6106.545904996622,2013-07-02 00:00:00+00:00,7.913332939147949,target,6260.51205404964,90.29545420060734,1.9715641029638182,5
NOC,1,2013-06-27 00:00:00+00:00,2013-06-28 00:00:00+00:00,66.26749420166016,64.38434648513794,983.7867440136764,2013-07-11 00:00:00+00:00,70.03378963470459,target,3571.1401248381017,134.0913962302612,1.9276205033516516,8
DXCM,1,2013-06-24 00:00:00+00:00,2013-06-25 00:00:00+00:00,5.494999885559082,5.0910168290138245,7860.239935011701,2013-07-24 00:00:00+00:00,5.53000020980835,max_hold,188.45180036933658,86.6591460331149,0.05934735075012789,20
AFL,1,2013-06-25 00:00:00+00:00,2013-06-26 00:00:00+00:00,21.039592742919922,20.221565067768097,3015.89880698842,2013-07-25 00:00:00+00:00,22.218830108642578,max_hold,3425.997538568898,130.46302587022794,1.3886803312128253,20
EQT,1,2013-06-25 00:00:00+00:00,2013-06-26 00:00:00+00:00,39.97471618652344,38.25883483886719,1587.3354136354378,2013-07-25 00:00:00+00:00,40.548336029052734,max_hold,782.7099976149366,127.81709239579956,0.2873723121865329,20
V,1,2013-07-25 00:00:00+00:00,2013-07-26 00:00:00+00:00,44.12979507446289,42.771371603012085,1522.4277292117933,2013-07-31 00:00:00+00:00,42.771371603012085,stop,-2200.402306799495,132.3007458506438,-1.0639720738811027,3
TPL,1,2013-07-02 00:00:00+00:00,2013-07-03 00:00:00+00:00,8.065227508544922,7.751650810241699,8088.22074995053,2013-08-01 00:00:00+00:00,8.182085037231445,max_hold,813.7576378465983,131.41185046367997,0.32084723350029964,20
TSLA,1,2013-07-17 00:00:00+00:00,2013-07-18 00:00:00+00:00,8.064666748046875,7.111614108085632,3536.545860523584,2013-08-08 00:00:00+00:00,10.289999961853027,target,7805.080844997605,64.91212057418653,2.315694280208911,15
BRO,1,2013-08-08 00:00:00+00:00,2013-08-09 00:00:00+00:00,14.621002197265625,14.50063082575798,4736.909899798665,2013-08-12 00:00:00+00:00,14.50063082575798,stop,-708.1348931119691,137.9465517650642,-1.2419315544740979,1
INTU,1,2013-07-26 00:00:00+00:00,2013-07-29 00:00:00+00:00,56.81304931640625,56.080116271972656,1184.9463505007661,2013-08-13 00:00:00+00:00,58.27891540527344,target,1600.5948687570883,136.37780356891727,1.8429706975340128,11
IBKR,1,2013-07-16 00:00:00+00:00,2013-07-17 00:00:00+00:00,3.7074923515319824,3.5850923359394073,18135.312157902357,2013-08-14 00:00:00+00:00,3.875304698944092,max_hold,2905.8129127285565,137.51639154040487,1.3090647871727314,20
TYL,1,2013-08-12 00:00:00+00:00,2013-08-13 00:00:00+00:00,75.75,74.25,919.2741832656385,2013-08-15 00:00:00+00:00,74.25,stop,-1516.8024023883036,137.8911274898458,-1.1,2
CMG,1,2013-08-13 00:00:00+00:00,2013-08-14 00:00:00+00:00,8.1048002243042,8.003399848937988,8596.23927596089,2013-08-15 00:00:00+00:00,8.003399848937988,stop,-1010.1318314548403,138.46994213464058,-1.1588574008238812,1
CCL,1,2013-08-14 00:00:00+00:00,2013-08-15 00:00:00+00:00,29.785308837890625,29.212055206298828,2342.041570885838,2013-08-19 00:00:00+00:00,29.212055206298828,stop,-1480.7581150134406,138.17427916417714,-1.1029166860755282,2
NFLX,1,2013-08-16 00:00:00+00:00,2013-08-19 00:00:00+00:00,3.68571400642395,3.5774290561676025,18739.296098329978,2013-08-20 00:00:00+00:00,3.9022839069366455,target,3916.1737520012884,142.1937396919742,1.9299256462195604,1
ZBRA,1,2013-08-20 00:00:00+00:00,2013-08-21 00:00:00+00:00,47.5099983215332,46.75,1460.7519654551834,2013-08-22 00:00:00+00:00,46.75,stop,-1247.8595197342488,137.6904778119819,-1.1240265874947926,1
FIX,1,2013-08-20 00:00:00+00:00,2013-08-21 00:00:00+00:00,14.677371978759766,14.24996280670166,4728.3889464261165,2013-08-27 00:00:00+00:00,14.24996280670166,stop,-2157.7364948098275,136.77969004914348,-1.0676806598374282,4
J,1,2013-07-31 00:00:00+00:00,2013-08-01 00:00:00+00:00,45.60491180419922,43.57657337188721,1474.9455280448879,2013-08-29 00:00:00+00:00,44.442955017089844,max_hold,-1846.6386654064204,132.81569847804192,-0.6172562891802825,20
NXPI,1,2013-08-01 00:00:00+00:00,2013-08-02 00:00:00+00:00,30.5328426361084,29.017836809158325,2224.7506048672267,2013-08-30 00:00:00+00:00,33.822078704833984,max_hold,7174.556283268902,143.17365017944437,2.12862623365403,20
GEN,1,2013-08-29 00:00:00+00:00,2013-08-30 00:00:00+00:00,9.318427085876465,9.060381889343262,7408.349204958786,2013-09-04 00:00:00+00:00,9.060381889343262,stop,-2047.8455614398474,136.15663485965845,-1.0712232167935545,2
COP,1,2013-09-03 00:00:00+00:00,2013-09-04 00:00:00+00:00,43.707923889160156,43.10003662109375,1592.2154078850344,2013-09-06 00:00:00+00:00,44.92369842529297,target,1794.6543142700252,141.1206346749193,1.854197271483615,2
NTAP,1,2013-08-16 00:00:00+00:00,2013-08-19 00:00:00+00:00,30.770702362060547,29.936035871505737,2244.5924466546817,2013-09-17 00:00:00+00:00,31.946269989013672,max_hold,2497.8961735744815,140.7740424162717,1.3332878068009297,20
ALGN,1,2013-08-22 00:00:00+00:00,2013-08-23 00:00:00+00:00,44.369998931884766,42.39281463623047,1571.1099133833156,2013-09-18 00:00:00+00:00,48.32436752319336,target,6067.11465692419,145.6330380523591,1.9531179937758898,17
CRL,1,2013-09-09 00:00:00+00:00,2013-09-10 00:00:00+00:00,47.81999969482422,46.1298269033432,1478.509400232696,2013-09-20 00:00:00+00:00,46.1298269033432,stop,-2637.8420619978438,138.90570177562228,-1.055585930072773,8
FLEX,1,2013-09-18 00:00:00+00:00,2013-09-19 00:00:00+00:00,7.015824794769287,6.83496618270874,10169.708441651583,2013-09-23 00:00:00+00:00,6.83496618270874,stop,-1980.1378597447424,140.85850592720988,-1.076583530193415,2
LHX,1,2013-08-30 00:00:00+00:00,2013-09-03 00:00:00+00:00,43.8292121887207,42.40699005126953,1573.126139345565,2013-10-01 00:00:00+00:00,45.47126388549805,max_hold,2442.6735331888203,140.48091316835672,1.0917782671319407,20
INCY,1,2013-09-24 00:00:00+00:00,2013-09-25 00:00:00+00:00,36.150001525878906,33.95000076293945,1612.9087528716473,2013-10-02 00:00:00+00:00,40.55000305175781,target,6973.090865010126,123.71010872856567,1.9651363736459997,5
EXPD,1,2013-10-01 00:00:00+00:00,2013-10-02 00:00:00+00:00,37.243995666503906,36.76173782348633,1959.551461129975,2013-10-03 00:00:00+00:00,36.76173782348633,stop,-1090.0271041187912,145.01804319230587,-1.1534567753775085,1
PSKY,1,2013-10-04 00:00:00+00:00,2013-10-07 00:00:00+00:00,43.28920364379883,42.68936538696289,1697.4141646482742,2013-10-08 00:00:00+00:00,42.68936538696289,stop,-1164.1151945802542,145.94124092900438,-1.143336254483478,1
MPWR,1,2013-09-17 00:00:00+00:00,2013-09-18 00:00:00+00:00,27.34273338317871,26.03856658935547,2614.000550076266,2013-10-09 00:00:00+00:00,26.03856658935547,stop,-3548.631463937146,139.53874749199053,-1.0409313442309351,15
CSGP,1,2013-09-24 00:00:00+00:00,2013-09-25 00:00:00+00:00,16.707000732421875,16.183000564575195,4247.800719830296,2013-10-09 00:00:00+00:00,16.183000564575195,stop,-2365.5584613549254,139.71017118460352,-1.0627671579422482,10
EOG,1,2013-10-10 00:00:00+00:00,2013-10-11 00:00:00+00:00,61.79964065551758,60.12630844116211,1154.289420025368,2013-10-16 00:00:00+00:00,65.14630508422852,target,3716.486980353774,146.53236208250337,1.9241358382688862,3
FCX,1,2013-10-02 00:00:00+00:00,2013-10-03 00:00:00+00:00,27.84212875366211,26.990581512451172,2622.8893869972344,2013-10-18 00:00:00+00:00,29.545223236083984,target,4316.507766516104,150.52067648177965,1.9326081405558444,11
CNC,1,2013-09-23 00:00:00+00:00,2013-09-24 00:00:00+00:00,15.640000343322754,14.915519297122955,4502.7686519911,2013-10-22 00:00:00+00:00,16.875,max_hold,5414.510215040682,146.40752426539356,1.6597875991945554,20
AON,1,2013-10-16 00:00:00+00:00,2013-10-17 00:00:00+00:00,65.05233764648438,63.54979705810547,1118.4193268147562,2013-10-25 00:00:00+00:00,68.05741882324219,target,3212.0683425098205,148.87252422334774,1.911410209148933,6
CTSH,1,2013-10-10 00:00:00+00:00,2013-10-11 00:00:00+00:00,37.11720657348633,35.762202978134155,1921.8760773066779,2013-11-07 00:00:00+00:00,39.827213764190674,target,5060.420348414547,147.87764072921084,1.9432146006094702,19
CRM,1,2013-10-10 00:00:00+00:00,2013-10-11 00:00:00+00:00,50.57452392578125,47.787715911865234,1279.8633959322199,2013-11-07 00:00:00+00:00,56.14813995361328,target,6996.876705987739,136.59043101561474,1.9617043358040915,19
CASY,1,2013-10-18 00:00:00+00:00,2013-10-21 00:00:00+00:00,66.73296356201172,64.82815551757812,1108.6391579065444,2013-11-18 00:00:00+00:00,69.15077209472656,max_hold,2529.83118541656,150.6460302716818,1.1979814993571436,20
MSI,1,2013-10-23 00:00:00+00:00,2013-10-24 00:00:00+00:00,50.4465446472168,48.754215240478516,1467.6400295543503,2013-11-21 00:00:00+00:00,52.51139831542969,max_hold,2879.3567001888223,151.1051984525536,1.1592871443577366,20
EG,1,2013-10-25 00:00:00+00:00,2013-10-28 00:00:00+00:00,114.7334976196289,110.81224274635315,651.9938864802725,2013-11-25 00:00:00+00:00,119.85638427734375,max_hold,3187.139613134479,152.95116882695532,1.2466154161854472,20
IDXX,1,2013-11-19 00:00:00+00:00,2013-11-20 00:00:00+00:00,53.474998474121094,52.58000183105469,1457.9793721271983,2013-11-25 00:00:00+00:00,52.58000183105469,stop,-1459.5126464697992,154.62600275589,-1.1184976515015896,3
ULTA,1,2013-11-25 00:00:00+00:00,2013-11-26 00:00:00+00:00,128.88999938964844,125.73999786376953,615.3069441492921,2013-12-03 00:00:00+00:00,125.73999786376953,stop,-2094.8934184529003,156.67560549874327,-1.0808348806060883,4
LDOS,1,2013-11-26 00:00:00+00:00,2013-11-27 00:00:00+00:00,27.832326889038086,27.191844940185547,2853.254125361111,2013-12-03 00:00:00+00:00,26.499887466430664,stop_gap,-3956.811894098149,155.02361474974543,-2.1652001894001436,3
AXON,1,2013-11-08 00:00:00+00:00,2013-11-11 00:00:00+00:00,16.860000610351562,15.800000190734863,3666.6585540152796,2013-12-04 00:00:00+00:00,15.800000190734863,stop,-4006.4126771588053,119.75307131144943,-1.0308113093133457,16
AZO,1,2013-12-03 00:00:00+00:00,2013-12-04 00:00:00+00:00,460.2099914550781,455.4100036621094,166.84214515457992,2013-12-04 00:00:00+00:00,455.4100036621094,stop,-953.6042642264815,152.76400413177757,-1.1907546507635771,0
ADM,1,2013-12-03 00:00:00+00:00,2013-12-04 00:00:00+00:00,28.411407470703125,27.897228240966797,2702.5208897204952,2013-12-09 00:00:00+00:00,29.43976593017578,target,2622.816214234923,156.34400461071792,1.8874883113607193,3
HIG,1,2013-11-08 00:00:00+00:00,2013-11-11 00:00:00+00:00,26.280729293823242,25.27846336364746,2957.8019410297247,2013-12-10 00:00:00+00:00,27.666950225830078,max_hold,3940.6004121885735,159.56655119728012,1.3292612393334806,20
CAH,1,2013-12-09 00:00:00+00:00,2013-12-10 00:00:00+00:00,46.078208923339844,44.9920654296875,1672.8823651341104,2013-12-10 00:00:00+00:00,48.25049591064453,target,3476.179766229604,157.80082684271315,1.9131526309504578,0
MS,1,2013-12-10 00:00:00+00:00,2013-12-11 00:00:00+00:00,22.226980209350586,21.750537872314453,3485.098948364544,2013-12-11 00:00:00+00:00,21.750537872314453,stop,-1813.7146897790656,153.26600201809353,-1.0923039676852433,0
UAL,1,2013-12-10 00:00:00+00:00,2013-12-11 00:00:00+00:00,37.56999969482422,36.56999969482422,2061.8372632991764,2013-12-11 00:00:00+00:00,36.56999969482422,stop,-2214.7018767417317,152.8646134425553,-1.0741399993896483,0
TSCO,1,2013-11-21 00:00:00+00:00,2013-11-22 00:00:00+00:00,11.954415321350098,11.747477531433105,6573.812151135057,2013-12-12 00:00:00+00:00,11.747477531433105,stop,-1516.1819491258843,155.81179124052738,-1.1145363196460667,13
PG,1,2013-12-11 00:00:00+00:00,2013-12-12 00:00:00+00:00,58.46085739135742,57.400718688964844,1310.5872018717762,2013-12-12 00:00:00+00:00,57.400718688964844,stop,-1541.250914364228,151.84669879956346,-1.109289073041895,0
FIS,1,2013-12-12 00:00:00+00:00,2013-12-13 00:00:00+00:00,39.97927474975586,39.45138931274414,1907.549334397742,2013-12-18 00:00:00+00:00,41.0350456237793,target,1859.3962151147082,154.53881290522241,1.8465304880692577,3
IRM,1,2013-12-04 00:00:00+00:00,2013-12-05 00:00:00+00:00,12.70525074005127,12.316317558288574,6023.729277035192,2013-12-23 00:00:00+00:00,13.48311710357666,target,4527.904749491367,157.75163809742855,1.9326661517411838,12
TKO,1,2013-12-10 00:00:00+00:00,2013-12-11 00:00:00+00:00,11.647860527038574,11.232209205627441,6650.057990937949,2013-12-23 00:00:00+00:00,12.47916316986084,target,5367.764676054929,160.44610673311522,1.9419536942286426,8
GLW,1,2013-12-12 00:00:00+00:00,2013-12-13 00:00:00+00:00,12.498631477355957,12.235965728759766,6101.663136221559,2013-12-27 00:00:00+00:00,13.02396297454834,target,3049.6655570069247,155.73027370791735,1.902832422619588,9
WST,1,2013-12-31 00:00:00+00:00,2014-01-02 00:00:00+00:00,46.245323181152344,45.750920951366425,1699.5174625789023,2014-01-02 00:00:00+00:00,45.750920951366425,stop,-996.5944464540042,156.34922339488753,-1.1860757063582703,0
AAPL,1,2013-12-23 00:00:00+00:00,2013-12-24 00:00:00+00:00,17.628568649291992,17.021720051765442,4477.184306448649,2014-01-03 00:00:00+00:00,17.021720051765442,stop,-2872.108746022533,155.1357287862893,-1.0570987373824183,6
BIIB,1,2014-01-02 00:00:00+00:00,2014-01-03 00:00:00+00:00,279.79998779296875,273.7699890136719,280.1010992840398,2014-01-06 00:00:00+00:00,273.7699890136719,stop,-1844.0648457966531,155.05555903418045,-1.0918026681377189,1
IBKR,1,2013-12-18 00:00:00+00:00,2013-12-19 00:00:00+00:00,5.512089729309082,5.390049457550049,14125.81021372188,2014-01-08 00:00:00+00:00,5.390049457550049,stop,-1877.9192663762974,154.00154907715228,-1.0893323083415059,12
TPL,1,2013-12-26 00:00:00+00:00,2013-12-27 00:00:00+00:00,9.710017204284668,9.505515098571777,8115.558094546716,2014-01-09 00:00:00+00:00,9.505515098571777,stop,-1815.5934880915684,155.94476872147052,-1.093962515622377,8
PRU,1,2014-01-08 00:00:00+00:00,2014-01-09 00:00:00+00:00,53.11207580566406,52.4189567565918,1457.6475159737427,2014-01-10 00:00:00+00:00,52.4189567565918,stop,-1164.150307626787,153.82704747251643,-1.1522552766418819,1
WSM,1,2013-12-23 00:00:00+00:00,2013-12-24 00:00:00+00:00,22.048553466796875,21.510149002075195,3579.661179161649,2014-01-13 00:00:00+00:00,21.510149002075195,stop,-2083.2309572939785,155.92539624247405,-1.0809033084288948,12
TKO,1,2014-01-08 00:00:00+00:00,2014-01-09 00:00:00+00:00,13.622747421264648,12.850486516952515,5012.469551031689,2014-01-16 00:00:00+00:00,15.167269229888916,target,7597.559454795932,144.30908183760255,1.9627198314838983,5
NSC,1,2014-01-09 00:00:00+00:00,2014-01-10 00:00:00+00:00,68.92369079589844,67.55274200439453,1113.6275134355728,2014-01-16 00:00:00+00:00,67.02256774902344,stop_gap,-2268.536425290717,151.39349386425084,-1.4858828557595456,4
EXPE,1,2014-01-14 00:00:00+00:00,2014-01-15 00:00:00+00:00,64.64722442626953,62.72286605834961,1202.1814879660417,2014-01-21 00:00:00+00:00,62.72286605834961,stop,-2466.5499710270437,153.12196490116878,-1.0661883423628085,3
NDAQ,1,2014-01-16 00:00:00+00:00,2014-01-17 00:00:00+00:00,10.878091812133789,10.594908714294434,7206.122279172007,2014-01-23 00:00:00+00:00,10.594908714294434,stop,-2195.3890979192925,154.73706749416664,-1.0758272675532685,3
SYY,1,2014-01-10 00:00:00+00:00,2014-01-13 00:00:00+00:00,25.995576858520508,25.60137939453125,2964.2374572199096,2014-01-24 00:00:00+00:00,25.60137939453125,stop,-1321.4405187018876,152.94563040383306,-1.1308911420456471,8
JBHT,1,2014-01-21 00:00:00+00:00,2014-01-22 00:00:00+00:00,70.82504272460938,68.77355098724365,1096.2363038022572,2014-01-24 00:00:00+00:00,68.77355098724365,stop,-2401.952765837346,153.0330463866748,-1.0680473584997758,2
MRK,1,2014-01-23 00:00:00+00:00,2014-01-24 00:00:00+00:00,33.04411315917969,32.77987289428711,2322.7426415051154,2014-01-24 00:00:00+00:00,33.572593688964844,target,1072.7907961043654,154.73346563283116,1.7478934299614546,0
TXT,1,2014-01-27 00:00:00+00:00,2014-01-28 00:00:00+00:00,36.2049674987793,35.017425537109375,2108.316819897852,2014-01-31 00:00:00+00:00,35.017425537109375,stop,-2653.8740613141263,150.1593691909397,-1.059974632758017,3
RVTY,1,2014-01-28 00:00:00+00:00,2014-01-29 00:00:00+00:00,40.5008544921875,39.34477353096008,1886.4399738194754,2014-01-31 00:00:00+00:00,43.89027404785156,target,6234.737739536466,159.19879831366728,2.858820911309757,2
URI,1,2014-01-28 00:00:00+00:00,2014-01-29 00:00:00+00:00,77.70702362060547,74.13494968414307,948.5369644491609,2014-02-03 00:00:00+00:00,74.13494968414307,stop,-3532.2718929144685,144.0277244344567,-1.042508071222939,3
HII,1,2014-01-31 00:00:00+00:00,2014-02-03 00:00:00+00:00,75.86653137207031,73.02384853363037,1019.4457792601543,2014-02-03 00:00:00+00:00,73.02384853363037,stop,-3049.7466907901808,151.78566936730746,-1.0523767118485197,0
TSN,1,2014-01-31 00:00:00+00:00,2014-02-03 00:00:00+00:00,28.05352020263672,26.782625675201416,2756.9379755448977,2014-02-04 00:00:00+00:00,26.782625675201416,stop,-3654.957238601705,151.17985300313177,-1.0431476764547085,1
CRL,1,2014-01-07 00:00:00+00:00,2014-01-08 00:00:00+00:00,56.29999923706055,54.21903967857361,1380.7707281527119,2014-02-06 00:00:00+00:00,57.099998474121094,max_hold,948.0361316655212,156.57939741218414,0.32994357653379397,20
CMCSA,1,2014-02-04 00:00:00+00:00,2014-02-05 00:00:00+00:00,18.377897262573242,18.062944412231445,4065.3801806059278,2014-02-11 00:00:00+00:00,19.007802963256836,target,2408.819066473608,151.98708473616415,1.8812974698109324,4
CAT,1,2014-01-27 00:00:00+00:00,2014-01-28 00:00:00+00:00,67.19810485839844,64.62960958480835,1135.9180754037518,2014-02-26 00:00:00+00:00,71.0653076171875,max_hold,4235.769605561729,157.05590939802266,1.4517991855602639,20
RVTY,1,2014-02-06 00:00:00+00:00,2014-02-07 00:00:00+00:00,41.171077728271484,40.10829162597656,1835.829699963966,2014-02-27 00:00:00+00:00,43.29664993286133,target,3747.120219475143,155.06836312877545,1.9205223633629214,13
HII,1,2014-02-11 00:00:00+00:00,2014-02-12 00:00:00+00:00,74.20669555664062,71.34980773925781,1037.7580972503463,2014-02-27 00:00:00+00:00,80.33538818359375,target,6199.723100411732,160.3772987673693,2.0911393534121316,10
NEE,1,2014-02-28 00:00:00+00:00,2014-03-03 00:00:00+00:00,16.33391761779785,16.17753791809082,4834.526813324681,2014-03-03 00:00:00+00:00,16.17753791809082,stop,-913.1993548217712,157.1775035284669,-1.2079007415719374,0
BX,1,2014-02-04 00:00:00+00:00,2014-02-05 00:00:00+00:00,16.78529167175293,16.039045333862305,4451.107597862475,2014-03-05 00:00:00+00:00,18.27778434753418,target,6487.175964850138,156.06952407387843,1.9530140729153886,19
SMCI,1,2014-02-06 00:00:00+00:00,2014-02-07 00:00:00+00:00,2.0899999141693115,1.9539999961853027,27787.91649049855,2014-03-10 00:00:00+00:00,2.078000068664551,max_hold,-449.27074024056265,115.82003545538676,-0.11888128851295086,20
WEC,1,2014-03-10 00:00:00+00:00,2014-03-11 00:00:00+00:00,29.046247482299805,28.687824249267578,2721.6784078922915,2014-03-13 00:00:00+00:00,29.763093948364258,target,1790.9654337073125,160.06011475420394,1.8359220719785865,2
VTR,1,2014-02-26 00:00:00+00:00,2014-02-27 00:00:00+00:00,41.29025650024414,40.317787170410156,1891.8245885391862,2014-03-19 00:00:00+00:00,40.317787170410156,stop,-1994.129493418879,154.3881036387235,-1.0839183727106192,14
AKAM,1,2014-03-20 00:00:00+00:00,2014-03-21 00:00:00+00:00,62.68000030517578,59.43355989456177,1243.5112529214844,2014-03-24 00:00:00+00:00,59.43355989456177,stop,-4188.834768780249,151.84958624267875,-1.037614600841123,1
SRE,1,2014-02-27 00:00:00+00:00,2014-02-28 00:00:00+00:00,31.900970458984375,30.821478605270386,2479.347368448513,2014-03-28 00:00:00+00:00,32.779109954833984,max_hold,2016.8484610003939,160.36438716503875,0.7535577157317914,20
FANG,1,2014-03-13 00:00:00+00:00,2014-03-14 00:00:00+00:00,48.22587585449219,45.92976379394531,1655.2740750670305,2014-03-28 00:00:00+00:00,52.81809997558594,target,7434.1340609107365,167.25547363322795,1.9559934475471499,10
MRVL,1,2014-03-03 00:00:00+00:00,2014-03-04 00:00:00+00:00,13.706643104553223,13.123003959655762,5730.078868121972,2014-04-01 00:00:00+00:00,14.478646278381348,max_hold,4262.135141390576,161.50393108505597,1.2744482458863706,20
KMB,1,2014-03-06 00:00:00+00:00,2014-03-07 00:00:00+00:00,68.35028076171875,66.98685455322266,1169.109284656712,2014-04-04 00:00:00+00:00,68.50572967529297,max_hold,21.73713568643163,159.99963246298628,0.013636897267594431,20
NSC,1,2014-03-28 00:00:00+00:00,2014-03-31 00:00:00+00:00,73.76570892333984,72.51620483398438,1088.6679457981747,2014-04-08 00:00:00+00:00,72.51620483398438,stop,-1519.547480782649,159.25243055761192,-1.1170719767974355,6
HUM,1,2014-04-01 00:00:00+00:00,2014-04-02 00:00:00+00:00,102.71051788330078,100.53076934814453,797.9853425093105,2014-04-08 00:00:00+00:00,100.53076934814453,stop,-1901.5909496142463,162.18356820341808,-1.093240703665332,4
TTWO,1,2014-03-28 00:00:00+00:00,2014-03-31 00:00:00+00:00,21.600000381469727,20.549999237060547,3717.887101187829,2014-04-09 00:00:00+00:00,20.549999237060547,stop,-4060.4946509281535,156.70893989680565,-1.0401428130273587,7
ESS,1,2014-04-04 00:00:00+00:00,2014-04-07 00:00:00+00:00,115.87394714355469,112.71427154541016,695.9431974608018,2014-04-10 00:00:00+00:00,112.71427154541016,stop,-2358.039154527844,159.0844158162672,-1.0723454707892164,3
TXN,1,2014-04-08 00:00:00+00:00,2014-04-09 00:00:00+00:00,33.480892181396484,32.817710876464844,2386.728026890276,2014-04-10 00:00:00+00:00,32.817710876464844,stop,-1741.070141451884,158.236734061871,-1.0999705549068444,1
BF.B,1,2014-04-08 00:00:00+00:00,2014-04-09 00:00:00+00:00,28.535133361816406,28.07293701171875,2800.3998692208615,2014-04-11 00:00:00+00:00,28.07293701171875,stop,-1452.8598312387294,158.52523287089318,-1.1224762384245885,2
RSG,1,2014-04-14 00:00:00+00:00,2014-04-15 00:00:00+00:00,27.535276412963867,27.239215850830078,2836.454789496394,2014-04-15 00:00:00+00:00,27.239215850830078,stop,-995.1277703692522,155.36537092387152,-1.1850111067445772,0
EXR,1,2014-03-28 00:00:00+00:00,2014-03-31 00:00:00+00:00,30.32105827331543,29.629344940185547,2648.534298507433,2014-04-22 00:00:00+00:00,31.704484939575195,target,3499.7761964758893,164.27677858289576,1.9103305657963308,15
CLX,1,2014-04-14 00:00:00+00:00,2014-04-15 00:00:00+00:00,61.63713836669922,60.89086151123047,1267.1348594576389,2014-04-28 00:00:00+00:00,63.12969207763672,target,1733.1704365817077,158.0964001600587,1.832814283961724,8
BF.B,1,2014-04-24 00:00:00+00:00,2014-04-25 00:00:00+00:00,28.241865158081055,27.919933319091797,2831.576239087531,2014-04-29 00:00:00+00:00,28.88572883605957,target,1661.3879540254222,161.76113775004814,1.822547548656575,2
BXP,1,2014-04-14 00:00:00+00:00,2014-04-15 00:00:00+00:00,69.59339904785156,68.61710357666016,1122.269751588884,2014-04-30 00:00:00+00:00,71.54598999023438,target,2032.9372847874845,158.39646707517957,1.8554337357871293,10
MRK,1,2014-04-29 00:00:00+00:00,2014-04-30 00:00:00+00:00,38.00472640991211,36.686161041259766,2101.8432264497665,2014-05-07 00:00:00+00:00,36.497798919677734,stop_gap,-3323.917966317468,156.59262821740055,-1.1993565530848769,5
NXPI,1,2014-04-09 00:00:00+00:00,2014-04-10 00:00:00+00:00,52.36455154418945,48.40453386306763,1006.1754382558661,2014-05-09 00:00:00+00:00,52.969783782958984,max_hold,502.9849920793281,105.98482101118394,0.12623628066750642,20
XEL,1,2014-05-07 00:00:00+00:00,2014-05-08 00:00:00+00:00,21.258195877075195,20.81461524963379,3784.7000718460818,2014-05-09 00:00:00+00:00,20.81461524963379,stop,-1838.0526038410426,159.23297129402215,-1.0948481708260953,1
PPL,1,2014-04-15 00:00:00+00:00,2014-04-16 00:00:00+00:00,17.96729850769043,17.557601928710938,4376.404377344408,2014-05-15 00:00:00+00:00,18.11284637451172,max_hold,479.0750174721405,157.90130399768992,0.2671921796656409,20
INTC,1,2014-04-30 00:00:00+00:00,2014-05-01 00:00:00+00:00,19.90221405029297,19.5268497467041,4019.911986153585,2014-05-16 00:00:00+00:00,19.5268497467041,stop,-1667.4328293314434,158.50136616036292,-1.1050421241977857,11
CHTR,1,2014-05-15 00:00:00+00:00,2014-05-16 00:00:00+00:00,137.02000427246094,134.13999938964844,579.4123125695489,2014-05-27 00:00:00+00:00,142.78001403808594,target,3175.3010030576506,162.1195756663161,1.9028473805789854,6
BAX,1,2014-04-28 00:00:00+00:00,2014-04-29 00:00:00+00:00,32.48584747314453,31.808956146240234,2455.712602067919,2014-05-28 00:00:00+00:00,32.95035934448242,max_hold,980.0151385410404,160.6925177135692,0.5895712482318265,20
REG,1,2014-05-16 00:00:00+00:00,2014-05-19 00:00:00+00:00,33.68771743774414,33.043087005615234,2353.1452737057707,2014-06-05 00:00:00+00:00,34.97697830200195,target,2872.24010505166,161.5780042504283,1.8934820754382018,12
PGR,1,2014-05-28 00:00:00+00:00,2014-05-29 00:00:00+00:00,18.159217834472656,17.693744122982025,4399.105180736801,2014-06-05 00:00:00+00:00,17.69340705871582,stop_gap,-2206.870064785564,157.71946791063863,-1.0777480838681515,5
WELL,1,2014-06-05 00:00:00+00:00,2014-06-06 00:00:00+00:00,40.85358810424805,39.70469772815704,1972.6612034504858,2014-06-10 00:00:00+00:00,39.70469772815704,stop,-2425.285677010421,158.91420507806046,-1.0701183398423944,2
JBHT,1,2014-05-12 00:00:00+00:00,2014-05-13 00:00:00+00:00,68.62928771972656,67.02494812011719,1159.6894341350153,2014-06-11 00:00:00+00:00,68.38864135742188,max_hold,-437.9732883656029,158.89824463782995,-0.23540171387266748,20
MAA,1,2014-05-27 00:00:00+00:00,2014-05-28 00:00:00+00:00,46.08769226074219,45.42021560668945,1732.0276030986927,2014-06-11 00:00:00+00:00,45.42021560668945,stop,-1314.5822115714966,158.49422232820365,-1.1370952936133734,10
RMD,1,2014-05-29 00:00:00+00:00,2014-05-30 00:00:00+00:00,43.00286865234375,41.79743194580078,1857.3854519739157,2014-06-12 00:00:00+00:00,45.41374206542969,target,4313.697477556488,164.2237264600334,1.9266518015936809,9
MCK,1,2014-06-11 00:00:00+00:00,2014-06-12 00:00:00+00:00,170.55078125,168.48165893554688,469.0612380795583,2014-06-12 00:00:00+00:00,168.48165893554688,stop,-1129.5720506979903,159.0269761425664,-1.1638532617513018,0
AJG,1,2014-06-11 00:00:00+00:00,2014-06-12 00:00:00+00:00,36.426055908203125,36.19535827636719,2196.196063888027,2014-06-12 00:00:00+00:00,36.19535827636719,stop,-666.1480949725105,159.49086398613545,-1.3147904623321647,0
FE,1,2014-06-12 00:00:00+00:00,2014-06-13 00:00:00+00:00,20.445405960083008,20.229372024536133,3891.2734729363347,2014-06-13 00:00:00+00:00,20.229372024536133,stop,-998.9238072367159,158.2766845891233,-1.1882795769176437,0
BALL,1,2014-06-13 00:00:00+00:00,2014-06-16 00:00:00+00:00,26.77525520324707,26.378454208374023,2959.2218193104018,2014-06-25 00:00:00+00:00,27.568857192993164,target,2187.6280407507793,160.816283154011,1.8630444149626508,7
ZBRA,1,2014-06-17 00:00:00+00:00,2014-06-18 00:00:00+00:00,78.5199966430664,77.35346400737762,1005.6293703155254,2014-06-27 00:00:00+00:00,80.85306191444397,target,2185.928731237991,160.27022852244852,1.8633788256910546,7
AON,1,2014-06-25 00:00:00+00:00,2014-06-26 00:00:00+00:00,80.76849365234375,79.70001983642578,1000.0924901585181,2014-06-27 00:00:00+00:00,79.70001983642578,stop,-1229.0559944775948,160.48335524701926,-1.1501847879640406,1
ATO,1,2014-06-13 00:00:00+00:00,2014-06-16 00:00:00+00:00,37.93037033081055,37.04637145996094,2088.9308151756168,2014-07-01 00:00:00+00:00,39.72065353393555,target,3577.5701343181154,162.20761658100534,1.9373691932595423,11
FLEX,1,2014-07-01 00:00:00+00:00,2014-07-02 00:00:00+00:00,8.44009017944336,8.183873176574707,9690.341237064391,2014-07-08 00:00:00+00:00,8.183873176574707,stop,-2643.9220661674162,161.09187763226922,-1.0648823581959554,3
ELV,1,2014-06-11 00:00:00+00:00,2014-06-12 00:00:00+00:00,90.21113586425781,87.78998565673828,886.794738167762,2014-07-11 00:00:00+00:00,92.61555480957031,max_hold,1970.0963217678293,162.1297472861758,0.9175772109218674,20
ARE,1,2014-06-12 00:00:00+00:00,2014-06-13 00:00:00+00:00,49.604434967041016,48.72943115234375,1603.8619512297055,2014-07-14 00:00:00+00:00,50.792720794677734,max_hold,1744.8232479941303,161.0231781379029,1.2432959189456658,20
AAPL,1,2014-06-27 00:00:00+00:00,2014-06-30 00:00:00+00:00,20.174114227294922,19.637453079223633,3999.01445346591,2014-07-16 00:00:00+00:00,21.2474365234375,target,4126.585995364237,165.64538013715065,1.9228161924901817,11
DVN,1,2014-07-16 00:00:00+00:00,2014-07-17 00:00:00+00:00,51.690311431884766,50.40371322631836,1577.3499982485084,2014-07-17 00:00:00+00:00,50.40371322631836,stop,-2190.453686912505,161.0380096157999,-1.0793519097232518,0
COR,1,2014-07-18 00:00:00+00:00,2014-07-21 00:00:00+00:00,52.83420181274414,52.457420349121094,1552.854703599681,2014-07-21 00:00:00+00:00,52.457420349121094,stop,-748.5894587399133,163.50259072369283,-1.279450111874943,0
TEL,1,2014-06-27 00:00:00+00:00,2014-06-30 00:00:00+00:00,49.60468673706055,48.57026672363281,1626.3901596328342,2014-07-22 00:00:00+00:00,51.6976318359375,target,3239.1882193901315,164.7570940751145,1.9253714685046486,15
KR,1,2014-07-14 00:00:00+00:00,2014-07-15 00:00:00+00:00,19.595720291137695,19.26399040222168,4183.161659228739,2014-07-24 00:00:00+00:00,20.259180068969727,target,2608.6400139485877,166.71949111878305,1.8798573728452985,7
RSG,1,2014-07-21 00:00:00+00:00,2014-07-22 00:00:00+00:00,30.055015563964844,29.627965927124023,2732.038425406536,2014-07-28 00:00:00+00:00,29.627965927124023,stop,-1329.7722161815095,163.0561987764819,-1.139756544303854,4
ADBE,1,2014-07-11 00:00:00+00:00,2014-07-14 00:00:00+00:00,72.55000305175781,70.30999755859375,1128.2497859666016,2014-07-31 00:00:00+00:00,70.30999755859375,stop,-2688.4674833381832,161.1817651118177,-1.063776629586992,13
ZBRA,1,2014-07-24 00:00:00+00:00,2014-07-25 00:00:00+00:00,82.05999755859375,80.8499984741211,1008.9205804211563,2014-07-31 00:00:00+00:00,80.8499984741211,stop,-1385.156226368955,164.36324775373492,-1.134636462228163,4
SMCI,1,2014-07-11 00:00:00+00:00,2014-07-14 00:00:00+00:00,2.5269999504089355,2.3610000610351562,24654.993965300637,2014-08-06 00:00:00+00:00,2.3610000610351562,stop,-4213.2398815356455,120.51361078454353,-1.0294458028248312,17
AAPL,1,2014-07-22 00:00:00+00:00,2014-07-23 00:00:00+00:00,20.901350021362305,20.277070999145508,3948.7205285398745,2014-08-19 00:00:00+00:00,22.1499080657959,target,4760.209394540302,169.9973865882299,1.9310384354510512,19
SBAC,1,2014-07-28 00:00:00+00:00,2014-07-29 00:00:00+00:00,96.93219757080078,93.36443901062012,851.4106074446054,2014-08-26 00:00:00+00:00,99.48617553710938,max_hold,2007.2512453338509,167.23268636108693,0.6607957218610953,20
BKNG,1,2014-08-22 00:00:00+00:00,2014-08-25 00:00:00+00:00,50.28033447265625,49.247615814208984,1635.2135365477586,2014-08-27 00:00:00+00:00,49.247615814208984,stop,-1851.4649813123444,162.7494515739344,-1.0963746994137877,2
LRCX,1,2014-07-31 00:00:00+00:00,2014-08-01 00:00:00+00:00,5.9115400314331055,5.668484210968018,13830.593059201565,2014-08-29 00:00:00+00:00,6.132501602172852,max_hold,2889.4533280009227,166.57623862248522,0.8595454686350483,20
WDC,1,2014-08-01 00:00:00+00:00,2014-08-04 00:00:00+00:00,62.884490966796875,61.42364501953125,1296.556822737165,2014-09-02 00:00:00+00:00,64.62116241455078,max_hold,2086.374889609011,165.31832482914638,1.1015301082119955,20
CCL,1,2014-08-29 00:00:00+00:00,2014-09-02 00:00:00+00:00,31.495912551879883,30.978347778320312,2620.630701323903,2014-09-04 00:00:00+00:00,32.53104209899902,target,2544.9012679575612,167.79100307036651,1.8762919002185345,2
MSFT,1,2014-09-04 00:00:00+00:00,2014-09-05 00:00:00+00:00,37.970088958740234,37.481895446777344,2184.3035891112113,2014-09-08 00:00:00+00:00,38.946475982666016,target,1964.716551859079,168.00912886361925,1.8424465646170796,1
EQIX,1,2014-09-02 00:00:00+00:00,2014-09-03 00:00:00+00:00,160.3461456298828,157.58660888671875,514.8901834251986,2014-09-11 00:00:00+00:00,157.58660888671875,stop,-1584.5588341462512,163.70045428993166,-1.115212365011695,6
PEP,1,2014-09-08 00:00:00+00:00,2014-09-09 00:00:00+00:00,63.41183090209961,63.06683900952339,1319.3547128193363,2014-09-12 00:00:00+00:00,63.06683900952339,stop,-622.036908573916,166.87022921902098,-1.3666134556587604,3
GEN,1,2014-08-26 00:00:00+00:00,2014-08-27 00:00:00+00:00,8.940106391906738,8.778093338012695,9204.980338275496,2014-09-15 00:00:00+00:00,8.778093338012695,stop,-1654.4226557821805,163.0956801435466,-1.1093627908619461,12
COR,1,2014-08-28 00:00:00+00:00,2014-08-29 00:00:00+00:00,55.96309280395508,55.23628234863281,1468.5918917406946,2014-09-16 00:00:00+00:00,55.23628234863281,stop,-1230.6944422343638,163.30650071572222,-1.1529963890011494,11
ADP,1,2014-09-15 00:00:00+00:00,2014-09-16 00:00:00+00:00,55.48548889160156,55.2008558511734,1502.813874087213,2014-09-16 00:00:00+00:00,56.054754972457886,target,687.8767383601561,167.62422599797966,1.60812615536034,0
DRI,1,2014-09-02 00:00:00+00:00,2014-09-03 00:00:00+00:00,30.052249908447266,29.394309997558594,2747.2371149052415,2014-09-18 00:00:00+00:00,31.36812973022461,target,3446.2975385866835,168.73634655492955,1.9066474329612986,11
BNY,1,2014-09-11 00:00:00+00:00,2014-09-12 00:00:00+00:00,29.465728759765625,28.972274780273438,2835.4491892971173,2014-09-18 00:00:00+00:00,30.45263671875,target,2628.4318913930533,169.89548082006553,1.8785735489656452,4
SNPS,1,2014-09-18 00:00:00+00:00,2014-09-19 00:00:00+00:00,41.06999969482422,40.470001220703125,2046.6685676162172,2014-09-22 00:00:00+00:00,40.470001220703125,stop,-1394.8833744785422,166.8853568772074,-1.135900347138334,1
TKO,1,2014-09-18 00:00:00+00:00,2014-09-19 00:00:00+00:00,12.362892150878906,11.958770751953125,6799.1111158749845,2014-09-22 00:00:00+00:00,11.958770751953125,stop,-2913.031984198438,165.3656885992095,-1.0601840510487266,1
TER,1,2014-09-16 00:00:00+00:00,2014-09-17 00:00:00+00:00,19.15235137939453,18.43510729074478,4360.970583171418,2014-09-23 00:00:00+00:00,18.43510729074478,stop,-3291.7981731118007,163.917801556649,-1.05240539345664,4
TRGP,1,2014-09-16 00:00:00+00:00,2014-09-17 00:00:00+00:00,80.98444366455078,78.89420318603516,1031.3442580412816,2014-09-23 00:00:00+00:00,78.89420318603516,stop,-2320.6474398553123,164.88992441276164,-1.0764881593739506,4
ALL,1,2014-09-24 00:00:00+00:00,2014-09-25 00:00:00+00:00,47.516441345214844,47.253631591796875,1735.8063342693133,2014-09-25 00:00:00+00:00,47.253631591796875,stop,-620.6893275938962,164.50249290322978,-1.3606033326559643,0
PFE,1,2014-09-24 00:00:00+00:00,2014-09-25 00:00:00+00:00,17.05666160583496,16.596544444561005,4835.608618790012,2014-10-01 00:00:00+00:00,16.516794204711914,stop_gap,-2772.935550154416,162.34809228004607,-1.246293129658261,4
HIG,1,2014-09-24 00:00:00+00:00,2014-09-25 00:00:00+00:00,29.10576629638672,28.778736114501953,2833.7800499414943,2014-10-01 00:00:00+00:00,28.778736114501953,stop,-1090.7635532865538,164.03194813276667,-1.177000489915898,4
STT,1,2014-09-26 00:00:00+00:00,2014-09-29 00:00:00+00:00,53.14557647705078,52.756737023591995,1540.0200894965312,2014-10-01 00:00:00+00:00,52.756737023591995,stop,-761.9122602305315,163.0916903151496,-1.2723548563774214,2
ULTA,1,2014-09-12 00:00:00+00:00,2014-09-15 00:00:00+00:00,114.61000061035156,108.26940202713013,655.6479432605048,2014-10-13 00:00:00+00:00,113.94999694824219,max_hold,-582.5849359173309,149.854892310918,-0.1401387657656323,20
ZTS,1,2014-09-24 00:00:00+00:00,2014-09-25 00:00:00+00:00,32.98274230957031,32.33335876464844,2500.6816927114005,2014-10-13 00:00:00+00:00,32.33335876464844,stop,-1787.2363205297504,163.3347781955863,-1.1005817002678697,12
IRM,1,2014-10-02 00:00:00+00:00,2014-10-03 00:00:00+00:00,16.952804565429688,16.181588113307953,4771.964547788838,2014-10-15 00:00:00+00:00,16.181588113307953,stop,-3838.3337153718553,158.11614717545007,-1.0429638042440352,8
ERIE,1,2014-10-02 00:00:00+00:00,2014-10-03 00:00:00+00:00,59.48857498168945,57.84901142120361,1359.8944401798774,2014-10-20 00:00:00+00:00,62.76770210266113,target,4293.011108968337,166.2556314840989,1.9254336458611443,11
ROST,1,2014-10-02 00:00:00+00:00,2014-10-03 00:00:00+00:00,33.85601043701172,33.21479415893555,2389.477712453224,2014-10-21 00:00:00+00:00,35.13844299316406,target,2899.483301896146,164.86070875429692,1.8924006520277707,12
TJX,1,2014-10-17 00:00:00+00:00,2014-10-20 00:00:00+00:00,25.529396057128906,25.13467788696289,3137.4409035750778,2014-10-21 00:00:00+00:00,26.318832397460938,target,2314.139112194995,162.67075273133543,1.8686449411923882,1
BDX,1,2014-10-21 00:00:00+00:00,2014-10-22 00:00:00+00:00,78.4040298461914,76.21188354492188,1049.5122583890122,2014-11-04 00:00:00+00:00,82.78832244873047,target,4432.195481036931,169.17334969208073,1.926468250681275,9
NKE,1,2014-10-16 00:00:00+00:00,2014-10-17 00:00:00+00:00,37.1380500793457,35.526804089546204,2144.2706381125654,2014-11-12 00:00:00+00:00,40.3605420589447,target,6743.716977790172,166.17795561719743,1.9519014522742524,18
ULTA,1,2014-10-16 00:00:00+00:00,2014-10-17 00:00:00+00:00,115.38999938964844,109.12839460372925,635.8915411027888,2014-11-14 00:00:00+00:00,123.7699966430664,max_hold,5176.689549465709,152.07981844737992,1.300119943004387,20
GRMN,1,2014-10-31 00:00:00+00:00,2014-11-03 00:00:00+00:00,39.22926712036133,37.69489669799805,2127.780456180218,2014-11-20 00:00:00+00:00,42.29800796508789,target,6356.1346519187055,173.4721425724473,1.9468659758444258,13
AFL,1,2014-11-14 00:00:00+00:00,2014-11-17 00:00:00+00:00,22.31314468383789,22.079675674438477,3783.2671396882506,2014-11-24 00:00:00+00:00,22.780136108398438,target,1596.1533836141186,170.5999274420031,1.8070841387198238,5
SO,1,2014-10-30 00:00:00+00:00,2014-10-31 00:00:00+00:00,28.522096633911133,27.782236099243164,2924.0929835708935,2014-12-01 00:00:00+00:00,28.84016990661621,max_hold,762.3432238654709,167.73260111287942,0.3523785821087909,20
PNW,1,2014-11-17 00:00:00+00:00,2014-11-18 00:00:00+00:00,39.15740203857422,38.29804611206055,2170.43964363364,2014-12-02 00:00:00+00:00,40.87611389160156,target,3556.652425999343,173.70791579423798,1.9068680235268005,9
ERIE,1,2014-11-20 00:00:00+00:00,2014-11-21 00:00:00+00:00,65.32861328125,64.06463623046875,1315.1457856729035,2014-12-04 00:00:00+00:00,67.8565673828125,target,3149.4702539800264,175.15792906442607,1.8946300642232845,8
ETR,1,2014-11-05 00:00:00+00:00,2014-11-06 00:00:00+00:00,26.27662467956543,25.270678400993347,3209.865670026314,2014-12-05 00:00:00+00:00,26.153162002563477,max_hold,-564.5911807958851,168.29257235776842,-0.1748527405795042,20
STE,1,2014-11-24 00:00:00+00:00,2014-11-25 00:00:00+00:00,55.590721130371094,53.65925216674805,1549.0939232218095,2014-12-09 00:00:00+00:00,59.45365905761719,target,5805.839118629944,178.21455025003218,1.940436847624935,9
MSFT,1,2014-12-01 00:00:00+00:00,2014-12-02 00:00:00+00:00,41.36900329589844,40.0521035194397,2106.437847883481,2014-12-09 00:00:00+00:00,39.90363693237305,stop_gap,-3257.8989345195155,171.19576537424862,-1.1744546026977931,5
CDW,1,2014-12-04 00:00:00+00:00,2014-12-05 00:00:00+00:00,30.036296844482422,28.742084503173828,2932.2398960332066,2014-12-09 00:00:00+00:00,28.742084503173828,stop,-3967.2933759354555,172.35231481185173,-1.045416335072361,2
PH,1,2014-12-05 00:00:00+00:00,2014-12-08 00:00:00+00:00,107.5496826171875,104.68502044677734,818.3875080560503,2014-12-09 00:00:00+00:00,104.61880493164062,stop_gap,-2572.2297253048973,173.63603981310658,-1.0971786500904184,1
AJG,1,2014-12-02 00:00:00+00:00,2014-12-03 00:00:00+00:00,38.77737808227539,38.14973831176758,2261.091048645592,2014-12-12 00:00:00+00:00,38.14973831176758,stop,-1593.0898811458765,173.93921427668812,-1.1225657136605645,7
FDS,1,2014-12-09 00:00:00+00:00,2014-12-10 00:00:00+00:00,121.3087387084961,118.78387451171875,716.668634987885,2014-12-12 00:00:00+00:00,118.78387451171875,stop,-1981.5578228214072,172.0668453872056,-1.0950912977920402,2
LULU,1,2014-12-09 00:00:00+00:00,2014-12-10 00:00:00+00:00,48.09000015258789,45.18336725234985,1495.5133855259146,2014-12-15 00:00:00+00:00,53.903265953063965,target,8541.28452353748,152.53229469450895,1.9649101659527424,3
CBRE,1,2014-12-09 00:00:00+00:00,2014-12-10 00:00:00+00:00,33.54999923706055,32.40511620044708,2591.301644093179,2014-12-16 00:00:00+00:00,32.40511620044708,stop,-3137.646894140431,170.90959906956894,-1.0576086057075327,4
CDW,1,2014-12-09 00:00:00+00:00,2014-12-10 00:00:00+00:00,29.654109954833984,28.672590255737305,2931.740939611236,2014-12-16 00:00:00+00:00,28.41201400756836,stop_gap,-3811.738372348948,170.23483282511597,-1.3246418512278493,4
DPZ,1,2014-12-12 00:00:00+00:00,2014-12-15 00:00:00+00:00,82.54740905761719,80.85166931152344,1056.1220130566542,2014-12-16 00:00:00+00:00,80.85166931152344,stop,-1963.4774378435297,172.5693635788188,-1.0963585825864737,1
ROL,1,2014-12-12 00:00:00+00:00,2014-12-15 00:00:00+00:00,8.346933364868164,8.164322853088379,10444.570720245438,2014-12-17 00:00:00+00:00,8.164322853088379,stop,-2079.741387792718,172.45298324853934,-1.090417884803192,2
WTW,1,2014-12-15 00:00:00+00:00,2014-12-16 00:00:00+00:00,95.68778228759766,94.71610260009766,905.5184820443247,2014-12-17 00:00:00+00:00,94.71610260009766,stop,-1052.2881524771522,172.41423681884822,-1.1959533448492463,1
SYY,1,2014-12-16 00:00:00+00:00,2014-12-17 00:00:00+00:00,29.189481735229492,28.734529495239258,2940.3102881890763,2014-12-19 00:00:00+00:00,30.09938621520996,target,2501.073835346143,174.32766840976072,1.8696811165239846,2
INCY,1,2014-12-17 00:00:00+00:00,2014-12-18 00:00:00+00:00,76.36000061035156,71.0199966430664,802.279365142713,2014-12-23 00:00:00+00:00,71.0199966430664,stop,-4402.414923364311,118.23993063120696,-1.0275992299174912,3
RMD,1,2014-12-16 00:00:00+00:00,2014-12-17 00:00:00+00:00,46.944236755371094,45.54441738128662,1828.2570851081664,2014-12-26 00:00:00+00:00,49.74387550354004,target,4941.6886508001435,176.77072628308804,1.9309281511251062,6
ATO,1,2014-12-17 00:00:00+00:00,2014-12-18 00:00:00+00:00,40.94955825805664,39.575708508491516,2092.415730462837,2014-12-29 00:00:00+00:00,43.69725775718689,target,5572.213325201103,177.11632936388918,1.9383871372819061,6
ERIE,1,2014-12-29 00:00:00+00:00,2014-12-30 00:00:00+00:00,69.53916931152344,67.46049499511719,1269.1536124105507,2014-12-30 00:00:00+00:00,67.46049499511719,stop,-2812.03063654583,173.87361885380574,-1.0659072290571687,0
INCY,1,2014-12-26 00:00:00+00:00,2014-12-29 00:00:00+00:00,73.83999633789062,69.44999694824219,998.0757178559228,2015-01-06 00:00:00+00:00,69.44999694824219,stop,-4524.566055121055,143.01426291062737,-1.0326400941248441,5
FRT,1,2015-01-02 00:00:00+00:00,2015-01-05 00:00:00+00:00,88.59312438964844,87.29607391357422,975.1649585952995,2015-01-06 00:00:00+00:00,91.18722534179688,target,2354.3608502917446,175.31549730211333,1.8613929426435383,1
DXCM,1,2014-12-26 00:00:00+00:00,2014-12-29 00:00:00+00:00,13.979999542236328,13.380000114440918,6268.31464332012,2015-01-07 00:00:00+00:00,13.380000114440918,stop,-3932.486285722846,171.50108648918345,-1.045600042915385,6
CLX,1,2015-01-06 00:00:00+00:00,2015-01-07 00:00:00+00:00,73.89546203613281,72.8203353881836,1156.1987551632317,2015-01-09 00:00:00+00:00,76.04571533203125,target,2312.758381382629,173.36180262078062,1.8605362655142317,2
CDW,1,2014-12-17 00:00:00+00:00,2014-12-18 00:00:00+00:00,29.532508850097656,28.2904109954834,2901.3281699017843,2015-01-13 00:00:00+00:00,32.01670455932617,target,7028.892524033777,178.574466700058,1.950447371613456,16
CIEN,1,2015-01-12 00:00:00+00:00,2015-01-13 00:00:00+00:00,19.56999969482422,18.809999465942383,4421.833001697531,2015-01-14 00:00:00+00:00,18.809999465942383,stop,-3530.30404026158,169.7099468942013,-1.050499983687155,1
ALLE,1,2015-01-07 00:00:00+00:00,2015-01-08 00:00:00+00:00,48.87187576293945,47.345455169677734,1757.0081935777314,2015-01-15 00:00:00+00:00,47.345455169677734,stop,-2850.9881280194104,169.05463881278848,-1.0630346127124872,5
ALL,1,2015-01-13 00:00:00+00:00,2015-01-14 00:00:00+00:00,53.52690887451172,53.13430669903755,1620.7717156086537,2015-01-16 00:00:00+00:00,54.31211322546005,target,1097.8545661313797,174.7824368585308,1.7253224030923193,2
LNT,1,2015-01-13 00:00:00+00:00,2015-01-14 00:00:00+00:00,22.893728256225586,22.446857452392578,3789.461417415873,2015-01-16 00:00:00+00:00,23.7874698638916,target,3209.90274019467,176.89659919493045,1.8955375967288264,2
TGT,1,2015-01-15 00:00:00+00:00,2015-01-16 00:00:00+00:00,52.9609489440918,51.80793380737305,1632.2303168446335,2015-01-16 00:00:00+00:00,51.80793380737305,stop,-2052.9932086219856,171.00694668888173,-1.090865140807792,0
WY,1,2014-12-19 00:00:00+00:00,2014-12-22 00:00:00+00:00,22.956790924072266,22.237405002117157,3787.458817885733,2015-01-22 00:00:00+00:00,22.779285430908203,max_hold,-845.5182509935502,173.22350568616594,-0.31032240513176707,20
PPG,1,2015-01-16 00:00:00+00:00,2015-01-20 00:00:00+00:00,93.31240844726562,89.8559799194336,927.410960112436,2015-01-28 00:00:00+00:00,89.8559799194336,stop,-3375.402070474126,169.8723709174081,-1.0529935414234033,6
RCL,1,2015-01-16 00:00:00+00:00,2015-01-20 00:00:00+00:00,72.26505279541016,69.82574462890625,1197.5214430892775,2015-01-29 00:00:00+00:00,66.11080169677734,stop_gap,-7535.555709728733,165.70805296019626,-2.5796769098443977,7
D,1,2015-01-29 00:00:00+00:00,2015-01-30 00:00:00+00:00,47.8482666015625,46.95589828491211,1778.3146804337903,2015-01-30 00:00:00+00:00,46.95589828491211,stop,-1755.5033160372623,168.59163818388345,-1.1062388288754281,0
DGX,1,2015-01-16 00:00:00+00:00,2015-01-20 00:00:00+00:00,55.609031677246094,53.38353133201599,1556.2031507894803,2015-02-18 00:00:00+00:00,56.99110412597656,max_hold,1975.5568132173894,175.2286861162985,0.5704210811056921,20
AXON,1,2015-01-20 00:00:00+00:00,2015-01-21 00:00:00+00:00,26.780000686645508,24.969999313354492,2369.48973104261,2015-02-19 00:00:00+00:00,26.84000015258789,max_hold,15.11607705145721,127.05204136705967,0.0035245636811589904,20
TMUS,1,2015-01-30 00:00:00+00:00,2015-02-02 00:00:00+00:00,29.047138214111328,27.83010482788086,2884.6234082313135,2015-02-19 00:00:00+00:00,31.481204986572266,target,6846.764513380712,174.60147565815055,1.9502656674126593,12
BXP,1,2015-02-18 00:00:00+00:00,2015-02-19 00:00:00+00:00,89.45475006103516,88.24459838867188,957.9912750254213,2015-02-19 00:00:00+00:00,88.24459838867188,stop,-1329.549168973967,170.23442539252147,-1.1468405593347497,0
DPZ,1,2015-01-22 00:00:00+00:00,2015-01-23 00:00:00+00:00,86.22643280029297,82.7414128780365,1011.4520687552401,2015-02-23 00:00:00+00:00,89.17485809326172,max_hold,2804.7808636068917,177.40999853662555,0.7956981778972805,20
SHW,1,2015-01-29 00:00:00+00:00,2015-01-30 00:00:00+00:00,81.73922729492188,79.17862868309021,1040.9845767670313,2015-02-24 00:00:00+00:00,86.8604245185852,target,5155.577687229515,175.5096371861525,1.9341561574569068,16
BXP,1,2015-02-23 00:00:00+00:00,2015-02-24 00:00:00+00:00,88.82746887207031,87.33223724365234,976.8972951100042,2015-02-24 00:00:00+00:00,87.33223724365234,stop,-1632.777673776263,172.08994041182274,-1.1178143257323339,0
ESS,1,2015-02-20 00:00:00+00:00,2015-02-23 00:00:00+00:00,156.44776916503906,152.98162841796875,554.2198910318343,2015-02-26 00:00:00+00:00,152.94720458984375,stop_gap,-2111.555366054874,171.4728486402284,-1.0991935489551279,3
MS,1,2015-02-24 00:00:00+00:00,2015-02-25 00:00:00+00:00,26.853334426879883,26.238529205322266,3206.5718457889334,2015-02-27 00:00:00+00:00,26.238529205322266,stop,-2141.6599892541676,170.2428751634848,-1.0863555834768177,2
MRVL,1,2015-02-25 00:00:00+00:00,2015-02-26 00:00:00+00:00,14.729544639587402,14.3251314163208,5818.567337018656,2015-03-04 00:00:00+00:00,14.298176765441895,stop_gap,-2678.842774377607,168.89975163538077,-1.1384286394785619,4
KDP,1,2015-02-27 00:00:00+00:00,2015-03-02 00:00:00+00:00,9.663097381591797,9.53699779510498,8753.895744979622,2015-03-04 00:00:00+00:00,9.53699779510498,stop,-1271.9382650611217,168.07563147048967,-1.1522613650973719,2
MSI,1,2015-03-02 00:00:00+00:00,2015-03-03 00:00:00+00:00,57.002685546875,56.130958557128906,1496.0806339716826,2015-03-04 00:00:00+00:00,56.130958557128906,stop,-1473.4309214642071,169.25705399464488,-1.129781050070454,1
SMCI,1,2015-02-24 00:00:00+00:00,2015-02-25 00:00:00+00:00,4.099999904632568,3.8238262236118317,15589.310650554407,2015-03-06 00:00:00+00:00,3.8238262236118317,stop,-4428.884293993568,123.52698705418172,-1.028691460022396,7
CPRT,1,2015-02-25 00:00:00+00:00,2015-02-26 00:00:00+00:00,4.787499904632568,4.615274354815483,17901.79614335453,2015-03-06 00:00:00+00:00,4.615274354815483,stop,-3251.4732314772314,168.32654797462038,-1.0545956988927276,6
DPZ,1,2015-03-04 00:00:00+00:00,2015-03-05 00:00:00+00:00,90.22725677490234,88.14854431152344,924.8225757570327,2015-03-06 00:00:00+00:00,88.14854431152344,stop,-2087.406182453799,164.96596781347242,-1.0858107141939581,1
UNH,1,2015-03-04 00:00:00+00:00,2015-03-05 00:00:00+00:00,93.76715850830078,91.77788543701172,889.9086347665044,2015-03-16 00:00:00+00:00,97.7457046508789,target,3370.1136155030313,170.42895059420997,1.903727212757634,7
COHR,1,2015-03-04 00:00:00+00:00,2015-03-05 00:00:00+00:00,17.389999389648438,17.040000915527344,4798.401779342633,2015-03-16 00:00:00+00:00,18.089996337890625,target,3188.619327349633,170.24727463009245,1.8986281416893733,7
NTRS,1,2015-03-06 00:00:00+00:00,2015-03-09 00:00:00+00:00,52.14210891723633,50.86186218261719,1582.3133723410858,2015-03-25 00:00:00+00:00,50.86186218261719,stop,-2188.736088959409,162.98456087553296,-1.0804563435426344,12
MAR,1,2015-03-16 00:00:00+00:00,2015-03-17 00:00:00+00:00,74.61077117919922,72.29369354248047,1139.6239431242525,2015-03-25 00:00:00+00:00,72.29369354248047,stop,-2808.0129982311246,167.41584534867826,-1.0634007520480468,6
PANW,1,2015-03-27 00:00:00+00:00,2015-03-30 00:00:00+00:00,24.614999771118164,23.26370406150818,3091.114740960929,2015-04-01 00:00:00+00:00,23.26370406150818,stop,-4325.008654567818,147.99856719513383,-1.035431699732433,2
STZ,1,2015-03-09 00:00:00+00:00,2015-03-10 00:00:00+00:00,95.62480163574219,93.22044897079468,865.1387312254184,2015-04-06 00:00:00+00:00,100.4335069656372,target,3990.5795915926856,169.6176363495989,1.9184569254503854,18
NOW,1,2015-03-12 00:00:00+00:00,2015-03-13 00:00:00+00:00,15.324000358581543,14.53176337480545,5233.427287510802,2015-04-13 00:00:00+00:00,16.558000564575195,max_hold,6291.198217229437,166.85213361169303,1.5173719855146859,20
ROP,1,2015-03-16 00:00:00+00:00,2015-03-17 00:00:00+00:00,157.245849609375,154.19287824630737,540.734279868147,2015-04-15 00:00:00+00:00,159.02528381347656,max_hold,791.1824293531195,171.0186435744883,0.479258694784652,20
EL,1,2015-04-14 00:00:00+00:00,2015-04-15 00:00:00+00:00,72.98847961425781,71.74583435058594,1159.90706345376,2015-04-17 00:00:00+00:00,71.74583435058594,stop,-1609.2313717923244,167.87835309195646,-1.1164727522778066,2
MTD,1,2015-04-15 00:00:00+00:00,2015-04-16 00:00:00+00:00,327.4800109863281,323.7099914550781,258.1971457169274,2015-04-17 00:00:00+00:00,323.7099914550781,stop,-1141.543682215589,168.1353999497701,-1.1727285487631136,1
DG,1,2015-03-26 00:00:00+00:00,2015-03-27 00:00:00+00:00,64.11944580078125,62.91885757446289,1296.9637655945346,2015-04-27 00:00:00+00:00,66.21603393554688,max_hold,2550.1584475770483,169.0403945893983,1.6377410771875307,20
LH,1,2015-04-20 00:00:00+00:00,2015-04-21 00:00:00+00:00,102.47440338134766,100.877685546875,822.9690399945337,2015-04-28 00:00:00+00:00,100.877685546875,stop,-1481.401816784255,167.35247340614245,-1.1273563083833051,5
CNC,1,2015-04-20 00:00:00+00:00,2015-04-21 00:00:00+00:00,35.08000183105469,33.834999084472656,2404.0267096025054,2015-04-29 00:00:00+00:00,33.834999084472656,stop,-3158.6933592048913,165.67350289320885,-1.0553532922756381,6
FSLR,1,2015-04-28 00:00:00+00:00,2015-04-29 00:00:00+00:00,63.130001068115234,62.099998474121094,1335.4795008222015,2015-04-29 00:00:00+00:00,62.099998474121094,stop,-1542.789447349498,167.24209727663032,-1.1215822176297827,0
HCA,1,2015-04-06 00:00:00+00:00,2015-04-07 00:00:00+00:00,70.2983627319336,68.09778594970703,1188.8917410959755,2015-05-05 00:00:00+00:00,69.8083267211914,max_hold,-749.1714519741244,166.57168596311894,-0.2863534257403773,20
FANG,1,2015-04-29 00:00:00+00:00,2015-04-30 00:00:00+00:00,63.06694030761719,60.10935974121094,1331.403055504498,2015-05-06 00:00:00+00:00,60.10935974121094,stop,-4101.729105264754,163.99730225074862,-1.0416476566853086,4
VTRS,1,2015-04-08 00:00:00+00:00,2015-04-09 00:00:00+00:00,54.26406478881836,50.61200928688049,1153.0901056532366,2015-05-07 00:00:00+00:00,56.739707946777344,max_hold,2726.642278539042,127.99735203159591,0.6474817767606915,20
APA,1,2015-04-29 00:00:00+00:00,2015-04-30 00:00:00+00:00,52.014461517333984,49.682064056396484,1614.3109930860069,2015-05-07 00:00:00+00:00,49.682064056396484,stop,-3929.3846806296215,164.16981919232532,-1.0436017133772961,5
FIX,1,2015-04-27 00:00:00+00:00,2015-04-28 00:00:00+00:00,19.253414154052734,18.538602828979492,4414.166844724983,2015-05-13 00:00:00+00:00,20.68303680419922,target,6134.306745028574,176.28615771590106,1.9441300808235518,11
INCY,1,2015-05-06 00:00:00+00:00,2015-05-07 00:00:00+00:00,100.62999725341797,96.0199966430664,820.6214196098551,2015-05-20 00:00:00+00:00,109.8499984741211,target,7393.406097644586,172.72439289340934,1.9543427401603992,9
LYB,1,2015-05-21 00:00:00+00:00,2015-05-22 00:00:00+00:00,55.68384552001953,54.09089279174805,1520.7352447652272,2015-05-26 00:00:00+00:00,54.09089279174805,stop,-2589.397670662957,166.93831353558465,-1.0689127407006511,1
CAT,1,2015-05-20 00:00:00+00:00,2015-05-21 00:00:00+00:00,67.25761413574219,65.94648742675781,1254.129233206541,2015-05-28 00:00:00+00:00,65.94648742675781,stop,-1811.3774919277341,167.05515775254432,-1.1015951400041897,4
GWW,1,2015-05-07 00:00:00+00:00,2015-05-08 00:00:00+00:00,208.0671844482422,203.43585205078125,397.40959369973433,2015-05-29 00:00:00+00:00,203.43585205078125,stop,-2004.0711809046516,163.53525454128385,-1.0888519763177924,14
CBRE,1,2015-05-26 00:00:00+00:00,2015-05-27 00:00:00+00:00,38.5099983215332,37.93000030517578,2161.4907232723585,2015-05-29 00:00:00+00:00,37.93000030517578,stop,-1418.8846797915205,165.2243479185833,-1.131793551824155,2
MA,1,2015-05-28 00:00:00+00:00,2015-05-29 00:00:00+00:00,86.67365264892578,85.49695587158203,958.9230079381196,2015-06-02 00:00:00+00:00,85.49695587158203,stop,-1293.4599709625822,165.0983578010218,-1.146316886249287,2
XYL,1,2015-05-13 00:00:00+00:00,2015-05-14 00:00:00+00:00,31.94586753845215,31.32354736328125,2606.527908380648,2015-06-05 00:00:00+00:00,31.32354736328125,stop,-1787.008400219563,164.91349568828258,-1.1016669833729216,15
DPZ,1,2015-05-07 00:00:00+00:00,2015-05-08 00:00:00+00:00,95.23938751220703,91.8280258178711,868.2111193042409,2015-06-08 00:00:00+00:00,95.71056365966797,max_hold,243.2954995384969,165.78487083802375,0.08214496772779525,20
AMZN,1,2015-05-29 00:00:00+00:00,2015-06-01 00:00:00+00:00,21.520000457763672,21.100000381469727,3834.056657464367,2015-06-08 00:00:00+00:00,21.100000381469727,stop,-1773.7115866091428,163.40749795879972,-1.1014761740409897,5
ETN,1,2015-06-02 00:00:00+00:00,2015-06-03 00:00:00+00:00,56.311946868896484,55.204437255859375,1464.299306004951,2015-06-15 00:00:00+00:00,55.204437255859375,stop,-1785.0189216461126,163.29336388206156,-1.1006911207018293,8
TER,1,2015-06-05 00:00:00+00:00,2015-06-08 00:00:00+00:00,19.67765998840332,19.238924026489258,4164.99029712958,2015-06-15 00:00:00+00:00,19.238924026489258,stop,-1989.4182191933387,162.08719481945568,-1.0887016050499079,5
AIZ,1,2015-06-09 00:00:00+00:00,2015-06-10 00:00:00+00:00,53.047149658203125,52.348838806152344,1534.071617397003,2015-06-16 00:00:00+00:00,54.44377136230469,target,1977.6189454374182,164.89877106542394,1.8460700980017262,4
HAS,1,2015-06-08 00:00:00+00:00,2015-06-09 00:00:00+00:00,50.00366973876953,49.52596664428711,1629.041183184682,2015-06-17 00:00:00+00:00,50.959075927734375,target,1391.9235578351213,164.47247065813565,1.7886495883475606,6
CF,1,2015-06-16 00:00:00+00:00,2015-06-17 00:00:00+00:00,46.67927932739258,45.732383728027344,1754.7718531197443,2015-06-17 00:00:00+00:00,45.732383728027344,stop,-1823.7471308386998,162.16138522963664,-1.097594352658698,0
ELV,1,2015-06-15 00:00:00+00:00,2015-06-16 00:00:00+00:00,139.76361083984375,136.4036865234375,581.8200714729982,2015-06-22 00:00:00+00:00,146.48345947265625,target,3743.198520922543,166.54429090815506,1.914805500554052,4
SCHW,1,2015-06-22 00:00:00+00:00,2015-06-23 00:00:00+00:00,29.175291061401367,28.357379913330078,2843.505966017254,2015-06-29 00:00:00+00:00,28.357379913330078,stop,-2489.3297223702884,163.59449315755657,-1.0703409791031688,4
TTWO,1,2015-06-18 00:00:00+00:00,2015-06-19 00:00:00+00:00,28.15999984741211,27.420000076293945,2909.731775864312,2015-07-01 00:00:00+00:00,27.420000076293945,stop,-2314.9237400353836,161.72289188054356,-1.0751081312359365,8
EXPE,1,2015-06-30 00:00:00+00:00,2015-07-01 00:00:00+00:00,102.71434783935547,100.18413543701172,796.7619752565264,2015-07-01 00:00:00+00:00,100.18413543701172,stop,-2177.6388278217987,161.6617963118316,-1.080190296707273,0
TFC,1,2015-07-01 00:00:00+00:00,2015-07-02 00:00:00+00:00,26.247953414916992,25.735414505004883,3118.3451080440495,2015-07-06 00:00:00+00:00,25.581663131713867,stop_gap,-2239.3456763737345,161.6226312099853,-1.40110318623985,1
CF,1,2015-06-18 00:00:00+00:00,2015-06-19 00:00:00+00:00,46.99295425415039,45.645904541015625,1743.624074392226,2015-07-07 00:00:00+00:00,45.645904541015625,stop,-2510.275653644393,161.52734441947348,-1.068771670333965,11
BAX,1,2015-07-01 00:00:00+00:00,2015-07-02 00:00:00+00:00,32.755775451660156,31.6843284368515,2498.8013868994244,2015-07-07 00:00:00+00:00,31.6843284368515,stop,-2838.3563075616707,161.0230209685559,-1.0601430616706882,2
AVY,1,2015-06-09 00:00:00+00:00,2015-06-10 00:00:00+00:00,49.635406494140625,48.276424407958984,1639.5176834920671,2015-07-09 00:00:00+00:00,49.66777038574219,max_hold,-109.74814193412635,162.80931452150847,-0.04925692984401359,20
CI,1,2015-06-15 00:00:00+00:00,2015-06-16 00:00:00+00:00,139.73329162597656,131.67298221588135,504.4302266257642,2015-07-15 00:00:00+00:00,139.7782440185547,max_hold,-118.31872169413235,140.99406726968627,-0.029100513532722493,20
AIG,1,2015-07-07 00:00:00+00:00,2015-07-08 00:00:00+00:00,46.82205581665039,46.04269790649414,1690.82381310851,2015-07-15 00:00:00+00:00,48.38077163696289,target,2474.54261911951,160.97120773382994,1.8778445355940168,5
NFLX,1,2015-07-06 00:00:00+00:00,2015-07-07 00:00:00+00:00,9.501285552978516,9.111714363098145,8455.168489147014,2015-07-16 00:00:00+00:00,11.10200023651123,target,13360.108099540561,174.20425278018416,4.056027341827929,7
HAS,1,2015-07-07 00:00:00+00:00,2015-07-08 00:00:00+00:00,52.73125076293945,51.24283981323242,1501.3458965613804,2015-07-20 00:00:00+00:00,56.55265426635742,target,5573.175526585912,164.07294237593845,2.4940152443243857,8
T,1,2015-07-16 00:00:00+00:00,2015-07-17 00:00:00+00:00,12.323034286499023,12.129937171936035,6736.892526894468,2015-07-21 00:00:00+00:00,12.129937171936035,stop,-1465.6115487429756,164.73704067869485,-1.1266356129338149,2
LEN,1,2015-07-22 00:00:00+00:00,2015-07-23 00:00:00+00:00,45.43830490112305,43.86264419555664,1844.2875951536153,2015-07-24 00:00:00+00:00,43.86264419555664,stop,-3070.668126101567,164.6966326544508,-1.0566752402856796,1
UHS,1,2015-07-23 00:00:00+00:00,2015-07-24 00:00:00+00:00,134.91204833984375,133.05221557617188,616.9661978890964,2015-07-27 00:00:00+00:00,133.05221557617188,stop,-1312.7788419906217,165.32489307841456,-1.144079763057283,1
TKO,1,2015-07-09 00:00:00+00:00,2015-07-10 00:00:00+00:00,14.21816349029541,13.044405460357666,3380.8146851075417,2015-07-30 00:00:00+00:00,16.5656795501709,target,7832.442300137592,104.07446861525409,1.9737732630957174,14
MDLZ,1,2015-07-16 00:00:00+00:00,2015-07-17 00:00:00+00:00,32.57792282104492,31.97234535217285,2548.3195490828034,2015-07-30 00:00:00+00:00,34.32483673095703,target,4281.205257139751,170.48961005395284,2.774229948629436,9
REGN,1,2015-07-28 00:00:00+00:00,2015-07-29 00:00:00+00:00,550.0393676757812,525.39208984375,149.92998477090222,2015-08-04 00:00:00+00:00,599.3339233398438,target,7218.406459983228,172.32552001805442,1.953367130486032,4
KR,1,2015-07-28 00:00:00+00:00,2015-07-29 00:00:00+00:00,30.98883056640625,30.064348816871643,2661.1973576191085,2015-08-07 00:00:00+00:00,30.064348816871643,stop,-2622.7029486776114,162.47455964902457,-1.066040437698216,7
WST,1,2015-08-04 00:00:00+00:00,2015-08-05 00:00:00+00:00,58.08211135864258,56.2254753112793,1497.1905234194267,2015-08-12 00:00:00+00:00,56.2254753112793,stop,-2950.878131068358,171.14023551715184,-1.0615670404720714,5
CASY,1,2015-07-28 00:00:00+00:00,2015-07-29 00:00:00+00:00,92.4408950805664,88.60593175888062,892.1094278365924,2015-08-18 00:00:00+00:00,100.22308349609375,target,6770.68630299991,171.8773516927458,1.9790344262313426,14
REGN,1,2015-08-12 00:00:00+00:00,2015-08-13 00:00:00+00:00,573.478271484375,550.3069458007812,150.5633157449716,2015-08-20 00:00:00+00:00,550.3069458007812,stop,-3657.952453628132,169.2008284996365,-1.0484989608549173,5
ALLE,1,2015-08-07 00:00:00+00:00,2015-08-10 00:00:00+00:00,55.49583053588867,54.439598083496094,1553.76306711543,2015-08-21 00:00:00+00:00,54.439598083496094,stop,-1811.948583572649,170.8136087563047,-1.1040826083030861,9
WRB,1,2015-07-30 00:00:00+00:00,2015-07-31 00:00:00+00:00,13.029061317443848,12.629468262195587,6500.063555427763,2015-08-24 00:00:00+00:00,12.202852249145508,stop_gap,-5534.420495817857,164.0090418078908,-2.130770219056843,16
HRL,1,2015-08-19 00:00:00+00:00,2015-08-20 00:00:00+00:00,23.15359878540039,22.496360778808594,3789.0583585353993,2015-08-24 00:00:00+00:00,22.34613609313965,stop_gap,-3231.9244140687388,172.40115075267678,-1.2977983905137238,2
MAA,1,2015-07-30 00:00:00+00:00,2015-07-31 00:00:00+00:00,54.064083099365234,52.32407891750336,1566.4693041274334,2015-08-25 00:00:00+00:00,52.32407891750336,stop,-2892.31693006196,166.65379012196075,-1.0611424749008527,17
RCL,1,2015-08-26 00:00:00+00:00,2015-08-27 00:00:00+00:00,77.70757293701172,73.4093246459961,966.192021147757,2015-09-25 00:00:00+00:00,80.42939758300781,max_hold,2477.014576759823,152.79067916492096,0.5964494142497071,20
DXCM,1,2015-08-26 00:00:00+00:00,2015-08-27 00:00:00+00:00,23.397499084472656,21.470986247062683,2155.6737764979193,2015-09-25 00:00:00+00:00,24.559999465942383,max_hold,2402.5908654915506,103.38072201156669,0.5785286561690999,20
SYY,1,2015-08-26 00:00:00+00:00,2015-08-27 00:00:00+00:00,30.192943572998047,28.933144450187683,2750.9296625224065,2015-09-25 00:00:00+00:00,29.96011734008789,max_hold,-805.9654298832247,165.47683955732526,-0.23256032530778648,20
CDW,1,2015-08-26 00:00:00+00:00,2015-08-27 00:00:00+00:00,34.714515686035156,32.89753997325897,2285.6294525511025,2015-09-25 00:00:00+00:00,35.81489944458008,max_hold,2353.8654191454166,161.20410849373755,0.5667958774422894,20
CASY,1,2015-08-26 00:00:00+00:00,2015-08-27 00:00:00+00:00,98.74253845214844,93.70248317718506,823.9856464116764,2015-09-25 00:00:00+00:00,99.35326385498047,max_hold,340.00086811710344,163.22809771547927,0.08187005459536363,20
PNW,1,2015-10-08 00:00:00+00:00,2015-10-09 00:00:00+00:00,41.61138153076172,40.67599868774414,2033.9805970952339,2015-10-22 00:00:00+00:00,43.482147216796875,target,3632.0225206961622,173.07858641089967,1.9090281274851655,9
AIZ,1,2015-10-22 00:00:00+00:00,2015-10-23 00:00:00+00:00,65.40705108642578,63.44064712524414,1314.6758497938383,2015-10-28 00:00:00+00:00,63.44064712524414,stop,-2754.5767558448506,169.3929571404072,-1.0655245314570276,3
ED,1,2015-10-08 00:00:00+00:00,2015-10-09 00:00:00+00:00,44.6055793762207,43.70283126831055,1897.4474457116069,2015-10-29 00:00:00+00:00,43.70283126831055,stop,-1880.4776596874297,167.5605682123175,-1.0978217620959223,14
MSI,1,2015-10-02 00:00:00+00:00,2015-10-05 00:00:00+00:00,57.80286407470703,56.292842864990234,1460.3457230882823,2015-11-02 00:00:00+00:00,59.093563079833984,max_hold,1714.157574492012,170.7091974394349,0.7773417819691141,20
CVX,1,2015-10-28 00:00:00+00:00,2015-10-29 00:00:00+00:00,55.96449279785156,54.347965240478516,1523.9930640790185,2015-11-02 00:00:00+00:00,59.197547912597656,target,4751.647419370332,175.5061512879102,1.9287596179940203,2
SRE,1,2015-10-29 00:00:00+00:00,2015-10-30 00:00:00+00:00,35.98049545288086,35.275001525878906,2362.2511637931684,2015-11-03 00:00:00+00:00,35.275001525878906,stop,-1834.8772307741121,168.32338066473585,-1.1010008651407746,2
PCG,1,2015-11-02 00:00:00+00:00,2015-11-03 00:00:00+00:00,49.25239562988281,47.59229922294617,1745.1128002564112,2015-11-06 00:00:00+00:00,47.59229922294617,stop,-3066.0604060294145,169.00491662459802,-1.0583367896274984,3
CMS,1,2015-11-03 00:00:00+00:00,2015-11-04 00:00:00+00:00,26.146400451660156,25.303335189819336,3294.135631428481,2015-11-06 00:00:00+00:00,25.303335189819336,stop,-2946.6537260536015,169.48240740417344,-1.061026990400648,2
ARE,1,2015-11-02 00:00:00+00:00,2015-11-03 00:00:00+00:00,61.326019287109375,59.8342170715332,1401.5419075972566,2015-11-09 00:00:00+00:00,59.8342170715332,stop,-2260.6344717674683,169.81114879102643,-1.0812173591737477,4
TPL,1,2015-10-27 00:00:00+00:00,2015-10-28 00:00:00+00:00,14.313953399658203,13.938502311706543,5986.556984133518,2015-11-12 00:00:00+00:00,13.938502311706543,stop,-2416.7942688353323,169.13493605779354,-1.0752493643459684,11
NDAQ,1,2015-11-10 00:00:00+00:00,2015-11-11 00:00:00+00:00,16.361011505126953,16.011363983154297,5137.26570607481,2015-11-13 00:00:00+00:00,16.011363983154297,stop,-1962.5377182642894,166.30549442012403,-1.0925857426520325,2
TYL,1,2015-11-06 00:00:00+00:00,2015-11-09 00:00:00+00:00,170.61000061035156,167.3800048828125,494.99506037103515,2015-11-16 00:00:00+00:00,167.3800048828125,stop,-1766.1353133252792,167.30338317389524,-1.1046410069869286,5
COP,1,2015-10-29 00:00:00+00:00,2015-10-30 00:00:00+00:00,38.823509216308594,36.527076721191406,1850.5871049583213,2015-11-30 00:00:00+00:00,38.52115249633789,max_hold,-702.6704806780645,143.13303360278718,-0.1653440205582761,20
APA,1,2015-11-16 00:00:00+00:00,2015-11-17 00:00:00+00:00,38.30624771118164,36.0789680480957,1848.5076887180367,2015-12-02 00:00:00+00:00,36.0789680480957,stop,-4254.645225397648,137.50164325797422,-1.033397339809683,10
NI,1,2015-12-01 00:00:00+00:00,2015-12-02 00:00:00+00:00,13.818078994750977,13.540152549743652,5963.929407694676,2015-12-03 00:00:00+00:00,13.540152549743652,stop,-1820.6962602059498,163.16256165073167,-1.098436949905122,1
CVX,1,2015-11-16 00:00:00+00:00,2015-11-17 00:00:00+00:00,57.88471603393555,55.25649642944336,1422.532186121792,2015-12-04 00:00:00+00:00,55.25649642944336,stop,-3899.673995892423,160.94701630600053,-1.0430486144574815,12
DOV,1,2015-12-03 00:00:00+00:00,2015-12-04 00:00:00+00:00,43.756431579589844,43.2992599606514,1824.8693874096775,2015-12-04 00:00:00+00:00,43.2992599606514,stop,-993.1437586848584,158.86526649156588,-1.1904223445505757,0
DIS,1,2015-11-06 00:00:00+00:00,2015-11-09 00:00:00+00:00,105.34169006347656,101.24700498580933,801.6874183538821,2015-12-08 00:00:00+00:00,103.02399444580078,max_hold,-2025.1115639523853,167.04414768778202,-0.6169122299447187,20
DD,1,2015-11-16 00:00:00+00:00,2015-11-17 00:00:00+00:00,72.50346374511719,70.06754302978516,1135.7094873738213,2015-12-09 00:00:00+00:00,77.99127960205078,target,6061.646225860713,170.91830781926691,2.1910898330937325,15
BAX,1,2015-12-04 00:00:00+00:00,2015-12-07 00:00:00+00:00,31.877578735351562,31.29952049255371,2513.6124232688703,2015-12-09 00:00:00+00:00,31.29952049255371,stop,-1611.8171219550056,158.80274148535287,-1.1092919269209323,2
DHR,1,2015-12-04 00:00:00+00:00,2015-12-07 00:00:00+00:00,39.44867706298828,38.5047607421875,2031.1930310101375,2015-12-09 00:00:00+00:00,38.5047607421875,stop,-2075.6147322804313,158.33847961315524,-1.0825851148956118,2
AMZN,1,2015-12-08 00:00:00+00:00,2015-12-09 00:00:00+00:00,33.900001525878906,32.989498138427734,2328.2367631743396,2015-12-09 00:00:00+00:00,32.989498138427734,stop,-2275.6020518473642,155.7345921887764,-1.0734643062136808,0
DD,1,2015-12-09 00:00:00+00:00,2015-12-10 00:00:00+00:00,78.78922271728516,75.31537199020386,1007.7087826394664,2015-12-11 00:00:00+00:00,73.32943725585938,stop_gap,-5655.165070464316,153.2913096582844,-1.6154707160126025,1
CSGP,1,2015-12-10 00:00:00+00:00,2015-12-11 00:00:00+00:00,20.520999908447266,20.30578461289406,3869.565620474683,2015-12-11 00:00:00+00:00,20.30578461289406,stop,-990.7716304512996,157.98192177831032,-1.1897020581943154,0
WST,1,2015-12-10 00:00:00+00:00,2015-12-11 00:00:00+00:00,59.65425491333008,59.06399804353714,1331.1264361420704,2015-12-11 00:00:00+00:00,59.06399804353714,stop,-943.7355284593355,158.02900496348747,-1.2011298114980238,0
ILMN,1,2015-12-08 00:00:00+00:00,2015-12-09 00:00:00+00:00,175.39883422851562,167.31517028808594,432.18935702172274,2015-12-14 00:00:00+00:00,167.31517028808594,stop,-3641.790866048362,148.1173452543698,-1.042395874821385,3
GE,1,2015-12-09 00:00:00+00:00,2015-12-10 00:00:00+00:00,127.60701751708984,125.38523864746094,622.1961241192083,2015-12-14 00:00:00+00:00,125.38523864746094,stop,-1539.7930025508188,157.41080121775738,-1.1138692331729696,2
MSFT,1,2015-12-14 00:00:00+00:00,2015-12-15 00:00:00+00:00,48.429237365722656,46.706459045410156,1589.5411222897098,2016-01-04 00:00:00+00:00,46.706459045410156,stop,-2889.649086369078,151.2221016431652,-1.055222250761709,12
CLX,1,2015-12-15 00:00:00+00:00,2015-12-16 00:00:00+00:00,94.25835418701172,91.4642825126648,816.6762231518319,2016-01-04 00:00:00+00:00,91.08299255371094,stop_gap,-2744.6062168754015,151.36387105008748,-1.202797698748019,11
FSLR,1,2015-12-14 00:00:00+00:00,2015-12-15 00:00:00+00:00,58.86000061035156,53.88302040100098,773.3631748154993,2016-01-05 00:00:00+00:00,70.55999755859375,target,8948.25812455568,100.08866066855165,2.3248187582371385,13
LRCX,1,2015-12-15 00:00:00+00:00,2015-12-16 00:00:00+00:00,6.96763801574707,6.637782096862793,11048.01318954609,2016-01-06 00:00:00+00:00,6.623064041137695,stop_gap,-3957.008071838349,150.15025557965407,-1.085821585005161,13
COR,1,2016-01-05 00:00:00+00:00,2016-01-06 00:00:00+00:00,74.85527801513672,74.30003982782364,1031.31108450589,2016-01-07 00:00:00+00:00,74.30003982782364,stop,-726.4488297213811,153.82553260444416,-1.2686330321852608,1
MSCI,1,2015-12-15 00:00:00+00:00,2015-12-16 00:00:00+00:00,62.97191619873047,60.834144592285156,1222.426779185549,2016-01-08 00:00:00+00:00,60.834144592285156,stop,-2764.613103637672,151.34384413641152,-1.057913605184831,15
KMB,1,2016-01-05 00:00:00+00:00,2016-01-06 00:00:00+00:00,87.57266235351562,85.63226580619812,881.5431194627987,2016-01-08 00:00:00+00:00,85.63226580619812,stop,-1863.2308379933613,152.687612676244,-1.0892626449986011,2
KR,1,2016-01-05 00:00:00+00:00,2016-01-06 00:00:00+00:00,33.558841705322266,32.68289566040039,2300.4094905497636,2016-01-08 00:00:00+00:00,32.68289566040039,stop,-2167.4177162544242,152.3831213066133,-1.0756230794690451,2
LHX,1,2016-01-11 00:00:00+00:00,2016-01-12 00:00:00+00:00,71.11775207519531,69.54583740234375,1059.472761268542,2016-01-13 00:00:00+00:00,69.54583740234375,stop,-1814.4300204782946,149.02924155371292,-1.0894855120999447,1
TSN,1,2016-01-11 00:00:00+00:00,2016-01-12 00:00:00+00:00,40.283485412597656,39.01363754272461,1870.4270594906309,2016-01-15 00:00:00+00:00,39.01363754272461,stop,-2523.477301762475,148.31948451539043,-1.0624461597618382,3
HRL,1,2016-01-12 00:00:00+00:00,2016-01-13 00:00:00+00:00,30.02227783203125,29.049549102783203,2526.2172685924634,2016-01-15 00:00:00+00:00,29.049549102783203,stop,-2606.5523827724523,149.22826929003367,-1.0607279554501068,2
PSA,1,2016-01-11 00:00:00+00:00,2016-01-12 00:00:00+00:00,163.47576904296875,159.7110595703125,460.9081921279361,2016-01-20 00:00:00+00:00,159.7110595703125,stop,-1884.1448938246165,148.9594568957086,-1.0858464194808775,5
FICO,1,2016-02-10 00:00:00+00:00,2016-02-11 00:00:00+00:00,90.6417007446289,88.98541939258575,812.1306628127343,2016-02-16 00:00:00+00:00,94.2585678100586,target,2787.2054694973904,150.16317765557093,2.072091672493566,2
COHR,1,2016-02-12 00:00:00+00:00,2016-02-16 00:00:00+00:00,19.989999771118164,19.020000457763672,3702.13155967068,2016-02-23 00:00:00+00:00,21.92999839782715,target,7026.93679345452,155.19334820258956,1.9567834764501266,5
RMD,1,2016-02-09 00:00:00+00:00,2016-02-10 00:00:00+00:00,51.020320892333984,49.48687744140625,1442.2018317334248,2016-03-10 00:00:00+00:00,51.52556228637695,max_hold,580.7682033992598,147.89186055705872,0.26260864762937736,20
PG,1,2016-02-12 00:00:00+00:00,2016-02-16 00:00:00+00:00,61.45184326171875,59.68299865722656,1204.2862362204814,2016-03-15 00:00:00+00:00,60.709808349609375,max_hold,-1040.740027077879,147.11759562948407,-0.4885655650733676,20
JCI,1,2016-02-16 00:00:00+00:00,2016-02-17 00:00:00+00:00,25.28500747680664,24.338659286499023,2946.21830511871,2016-03-16 00:00:00+00:00,26.549257278442383,max_hold,3572.0408481676373,152.71505965428426,1.2811516409054355,20
SYY,1,2016-02-25 00:00:00+00:00,2016-02-26 00:00:00+00:00,33.216407775878906,32.072330474853516,2282.562361825619,2016-03-18 00:00:00+00:00,35.50456237792969,target,5065.995672737966,156.8598999412252,1.939933280651389,15
BBY,1,2016-03-18 00:00:00+00:00,2016-03-21 00:00:00+00:00,22.12721824645996,21.607555389404297,3541.8295091538903,2016-03-22 00:00:00+00:00,21.607555389404297,stop,-1995.4583537706403,154.90111183966962,-1.084159899138567,1
GRMN,1,2016-03-16 00:00:00+00:00,2016-03-17 00:00:00+00:00,29.85752296447754,29.296035766601562,2587.4239742611117,2016-03-24 00:00:00+00:00,29.296035766601562,stop,-1605.8607730486513,153.05533602365676,-1.1053515716027869,5
MKC,1,2016-03-23 00:00:00+00:00,2016-03-24 00:00:00+00:00,38.92106246948242,37.930938720703125,1985.020330373294,2016-03-29 00:00:00+00:00,40.901309967041016,target,3772.3825097195204,158.44903210512786,1.9193814181965285,2
ATO,1,2016-03-02 00:00:00+00:00,2016-03-03 00:00:00+00:00,54.83168029785156,53.16231155395508,1399.7296548018276,2016-03-30 00:00:00+00:00,58.19383239746094,target,4547.898835908661,158.20516186880934,1.9463204871862254,18
GIS,1,2016-03-24 00:00:00+00:00,2016-03-28 00:00:00+00:00,41.539398193359375,40.65385818481445,1859.5174402716993,2016-04-01 00:00:00+00:00,43.31047821044922,target,3135.5743549174836,157.7798249777802,1.9041828990389378,4
NDSN,1,2016-04-01 00:00:00+00:00,2016-04-04 00:00:00+00:00,68.2749252319336,66.84356689453125,1166.1787607112494,2016-04-05 00:00:00+00:00,66.84356689453125,stop,-1826.7920077427932,157.57231569721347,-1.0943987879175527,1
APO,1,2016-03-30 00:00:00+00:00,2016-03-31 00:00:00+00:00,11.202131271362305,10.432520389556885,5171.1698565099105,2016-04-07 00:00:00+00:00,10.432520389556885,stop,-4091.6650517592366,111.87645852503738,-1.02811115613408,5
FCX,1,2016-03-30 00:00:00+00:00,2016-03-31 00:00:00+00:00,9.123438835144043,8.195784568786621,4253.104970492623,2016-04-07 00:00:00+00:00,8.195784568786621,stop,-4019.071446287768,73.66047514432967,-1.0186699118756142,5
HLT,1,2016-03-11 00:00:00+00:00,2016-03-14 00:00:00+00:00,42.17276382446289,39.437660694122314,1415.0228789907321,2016-04-12 00:00:00+00:00,44.190093994140625,max_hold,2732.362924863902,122.2054197083476,0.7059943336098943,20
NTAP,1,2016-03-16 00:00:00+00:00,2016-03-17 00:00:00+00:00,20.326448440551758,19.617568969726562,3800.6674385977403,2016-04-14 00:00:00+00:00,19.617568969726562,stop,-2846.029048993743,151.81392633802605,-1.0563481086055153,19
MRVL,1,2016-04-05 00:00:00+00:00,2016-04-06 00:00:00+00:00,10.15433120727539,9.487924575805664,5842.56258360631,2016-04-14 00:00:00+00:00,9.487924575805664,stop,-4008.283559187998,114.76110869585403,-1.0294748804341294,6
EXC,1,2016-04-14 00:00:00+00:00,2016-04-15 00:00:00+00:00,17.213266372680664,16.957082748413086,4400.109690000654,2016-04-15 00:00:00+00:00,16.957082748413086,stop,-1277.5893318376873,150.35328427842995,-1.1333822535253213,0
AEP,1,2016-04-12 00:00:00+00:00,2016-04-13 00:00:00+00:00,45.99909591674805,45.015384674072266,1671.7051842692738,2016-04-20 00:00:00+00:00,45.015384674072266,stop,-1796.6245632523228,152.1493790472495,-1.0925215415280332,5
LNT,1,2016-04-15 00:00:00+00:00,2016-04-18 00:00:00+00:00,26.34494400024414,26.0107364654541,2871.281155844604,2016-04-20 00:00:00+00:00,26.0107364654541,stop,-1109.9316755065,150.3278787225808,-1.1566561941776385,2
NVR,1,2016-04-07 00:00:00+00:00,2016-04-08 00:00:00+00:00,1740.0,1690.550048828125,44.04988126141824,2016-04-21 00:00:00+00:00,1690.550048828125,stop,-2329.379799816255,151.11532231223146,-1.069374184757118,9
TPR,1,2016-03-29 00:00:00+00:00,2016-03-30 00:00:00+00:00,29.798912048339844,28.582326889038086,2665.257622344621,2016-04-27 00:00:00+00:00,31.28586196899414,max_hold,3800.297950509696,162.80665955889805,1.172022472685199,20
COHR,1,2016-04-26 00:00:00+00:00,2016-04-27 00:00:00+00:00,23.079999923706055,21.779701709747314,2915.38997337871,2016-04-27 00:00:00+00:00,21.779701709747314,stop,-3921.659899728486,130.78352435093046,-1.0344995487588025,0
MCHP,1,2016-04-20 00:00:00+00:00,2016-04-21 00:00:00+00:00,20.205175399780273,19.743640899658203,3734.535022507797,2016-04-29 00:00:00+00:00,19.743640899658203,stop,-1872.8070083794837,149.1902535779833,-1.0865565115692812,6
NWSA,1,2016-04-21 00:00:00+00:00,2016-04-22 00:00:00+00:00,11.310308456420898,10.98234748840332,6601.965681914157,2016-04-29 00:00:00+00:00,10.98234748840332,stop,-2312.3624053658464,147.17534950644915,-1.0679735033091784,5
SYY,1,2016-04-27 00:00:00+00:00,2016-04-28 00:00:00+00:00,35.48200607299805,34.765337228775024,2113.4083187947144,2016-05-02 00:00:00+00:00,36.91534376144409,target,2876.2226330050567,153.00516139880114,1.898980749033493,2
HCA,1,2016-04-20 00:00:00+00:00,2016-04-21 00:00:00+00:00,74.32969665527344,72.17532348632812,1015.1653855974535,2016-05-03 00:00:00+00:00,72.17532348632812,stop,-2335.7718940371874,148.7268252640116,-1.0680035484350763,8
MSCI,1,2016-04-29 00:00:00+00:00,2016-05-02 00:00:00+00:00,67.91779327392578,66.39604187011719,1085.7638521262384,2016-05-03 00:00:00+00:00,66.39604187011719,stop,-1798.0957732175743,145.8331070398446,-1.0882626655102052,1
TPR,1,2016-05-02 00:00:00+00:00,2016-05-03 00:00:00+00:00,30.80523109436035,29.41346573829651,2405.979472386723,2016-05-06 00:00:00+00:00,29.41346573829651,stop,-3493.443825501856,144.8849484332518,-1.0432678515600977,3
HD,1,2016-05-04 00:00:00+00:00,2016-05-05 00:00:00+00:00,104.60037231445312,102.18061828613281,699.9413410086299,2016-05-17 00:00:00+00:00,102.18061828613281,stop,-1838.4204433496209,144.73456385606704,-1.0854553761169372,8
RF,1,2016-05-17 00:00:00+00:00,2016-05-18 00:00:00+00:00,6.2617292404174805,6.083800315856934,11595.469948083446,2016-05-19 00:00:00+00:00,6.617587089538574,target,3976.99726981739,149.3417254558658,1.9276153870891666,1
PNR,1,2016-05-06 00:00:00+00:00,2016-05-09 00:00:00+00:00,33.05815505981445,32.214019775390625,2218.1489601995636,2016-05-25 00:00:00+00:00,34.74642562866211,target,3594.4349466740427,150.40066015091168,1.9196756942404591,12
AMT,1,2016-04-29 00:00:00+00:00,2016-05-02 00:00:00+00:00,80.9908676147461,78.90055847167969,910.5061721747103,2016-05-31 00:00:00+00:00,81.73138427734375,max_hold,526.0853771954678,148.15961469791574,0.27641576970665854,20
SYK,1,2016-05-02 00:00:00+00:00,2016-05-03 00:00:00+00:00,97.69281768798828,95.229736328125,762.2815413367966,2016-06-01 00:00:00+00:00,99.31700134277344,max_hold,1087.908271274408,150.1769485092524,0.5794261850260655,20
PFE,1,2016-05-19 00:00:00+00:00,2016-05-20 00:00:00+00:00,20.00017547607422,19.599937438964844,3661.474671391229,2016-06-01 00:00:00+00:00,20.80065155029297,target,2781.5316760777805,149.39119472885818,1.8980585970263055,7
DHR,1,2016-06-01 00:00:00+00:00,2016-06-02 00:00:00+00:00,40.26884460449219,40.0371698141098,1858.6727244104645,2016-06-06 00:00:00+00:00,40.73219418525696,target,710.6608061870818,150.55442144742074,1.6503674885987603,2
ECL,1,2016-06-01 00:00:00+00:00,2016-06-02 00:00:00+00:00,105.26008605957031,103.72513580322266,711.0634801071211,2016-06-08 00:00:00+00:00,108.32998657226562,target,2031.0180417778383,151.87610036192604,1.8608488635064542,4
AFL,1,2016-06-06 00:00:00+00:00,2016-06-07 00:00:00+00:00,27.42879295349121,27.03040885925293,2749.1711344469322,2016-06-13 00:00:00+00:00,27.03040885925293,stop,-1244.9437179312854,149.71766562861626,-1.1367002413007259,4
MLM,1,2016-06-08 00:00:00+00:00,2016-06-09 00:00:00+00:00,177.23138427734375,170.98214721679688,428.5033703438532,2016-06-13 00:00:00+00:00,170.6761932373047,stop_gap,-2958.0010234377587,149.0795695331922,-1.1046306214137467,2
CHTR,1,2016-05-18 00:00:00+00:00,2016-05-19 00:00:00+00:00,225.8000030517578,213.29236793518066,293.80969152885996,2016-06-17 00:00:00+00:00,221.6300048828125,max_hold,-1356.6451483057447,131.4592726120115,-0.3691687624273687,20
PAYX,1,2016-06-14 00:00:00+00:00,2016-06-15 00:00:00+00:00,39.71528244018555,39.27164077758789,1883.967774074776,2016-06-23 00:00:00+00:00,40.60256576538086,target,1520.2969534395615,151.3162377023167,1.8189578324648745,6
AVY,1,2016-05-25 00:00:00+00:00,2016-05-26 00:00:00+00:00,61.694149017333984,60.31953048706055,1212.0041937340145,2016-06-24 00:00:00+00:00,61.787845611572266,max_hold,-36.10003018548426,149.66069534087544,-0.02166812081654401,20
NOC,1,2016-06-01 00:00:00+00:00,2016-06-02 00:00:00+00:00,180.95278930664062,178.35154724121094,413.6250311293013,2016-06-24 00:00:00+00:00,177.23013305664062,stop_gap,-1687.9372297024345,148.15342241249633,-1.5688040827100749,16
TECH,1,2016-06-23 00:00:00+00:00,2016-06-24 00:00:00+00:00,25.892383575439453,25.642473235726357,2916.2444579772136,2016-06-27 00:00:00+00:00,25.642473235726357,stop,-879.0878837477323,150.28824056821156,-1.2062133838493003,1
PCG,1,2016-06-24 00:00:00+00:00,2016-06-27 00:00:00+00:00,58.520931243896484,57.47038269042969,1270.5264534379576,2016-07-01 00:00:00+00:00,60.727256774902344,target,2651.6869746360658,151.50797740242723,1.9866548158100183,4
JNJ,1,2016-06-27 00:00:00+00:00,2016-06-28 00:00:00+00:00,88.68238067626953,87.03997802734375,840.8394364859271,2016-07-01 00:00:00+00:00,91.9671859741211,target,2610.0965557877544,151.89727982374137,1.8900089653602634,3
MNST,1,2016-06-14 00:00:00+00:00,2016-06-15 00:00:00+00:00,12.816666603088379,12.446666717529297,5837.891752412267,2016-07-13 00:00:00+00:00,13.556666374206543,target,4166.073897525923,153.9646630717725,1.9287206996363149,19
ALB,1,2016-07-01 00:00:00+00:00,2016-07-05 00:00:00+00:00,69.82998657226562,66.9425539970398,1089.8521179497268,2016-07-14 00:00:00+00:00,75.60485172271729,target,6135.246548554346,158.50246653946317,1.9496317803079408,7
CNP,1,2016-07-13 00:00:00+00:00,2016-07-14 00:00:00+00:00,17.278127670288086,16.980974197387695,4489.749935404296,2016-07-22 00:00:00+00:00,17.872434616088867,target,2510.472336764696,157.81723475468561,1.8817090645339358,6
AMD,1,2016-06-28 00:00:00+00:00,2016-06-29 00:00:00+00:00,5.309999942779541,4.676865637302399,5908.248263970286,2016-07-25 00:00:00+00:00,6.576268553733826,target,7411.202297181108,70.22702520960979,1.9812263079196828,17
PLD,1,2016-07-05 00:00:00+00:00,2016-07-06 00:00:00+00:00,36.907005310058594,35.5939918756485,2063.828160942348,2016-07-25 00:00:00+00:00,39.533032178878784,target,5261.909101269208,157.75910199315777,1.941782745335519,13
VTR,1,2016-06-24 00:00:00+00:00,2016-06-27 00:00:00+00:00,45.8096809387207,44.26816689968109,1623.0715801023598,2016-07-26 00:00:00+00:00,48.57926940917969,max_hold,4342.0403121957725,153.20002278536987,1.7354363647429232,20
EVRG,1,2016-07-14 00:00:00+00:00,2016-07-15 00:00:00+00:00,39.05419158935547,38.68012619018555,1986.1687792376815,2016-07-26 00:00:00+00:00,38.68012619018555,stop,-897.3504922734448,154.393475049065,-1.2078094310568128,7
DECK,1,2016-07-26 00:00:00+00:00,2016-07-27 00:00:00+00:00,10.358332633972168,10.03166675567627,7809.557602785284,2016-07-29 00:00:00+00:00,11.096667289733887,target,5598.512966531849,167.5540577719363,2.1945348549341084,2
AWK,1,2016-07-22 00:00:00+00:00,2016-07-25 00:00:00+00:00,67.7101821899414,65.67764186859131,1182.4659983771783,2016-08-04 00:00:00+00:00,65.67764186859131,stop,-2561.1363868738463,157.72656654673227,-1.065626163799757,8
HII,1,2016-07-26 00:00:00+00:00,2016-07-27 00:00:00+00:00,140.72601318359375,137.57579040527344,574.8332774003941,2016-08-10 00:00:00+00:00,137.57579040527344,stop,-1970.8300220666697,159.97713786342928,-1.0883435309731513,10
NEM,1,2016-07-26 00:00:00+00:00,2016-07-27 00:00:00+00:00,32.30900192260742,30.49712371826172,2232.3243135161038,2016-08-10 00:00:00+00:00,35.93275833129883,target,7937.0617967696935,152.3377406119318,1.9623364528088965,10
CASY,1,2016-08-10 00:00:00+00:00,2016-08-11 00:00:00+00:00,123.9753189086914,122.05433654785156,670.1102055383369,2016-08-16 00:00:00+00:00,122.05433654785156,stop,-1452.1368676444176,164.86698298651024,-1.1280749164968804,3
INTC,1,2016-07-25 00:00:00+00:00,2016-07-26 00:00:00+00:00,27.944446563720703,27.22875213623047,2897.533187886376,2016-08-23 00:00:00+00:00,28.76396942138672,max_hold,2210.280160969448,164.31451734931503,1.0658381739199958,20
CL,1,2016-07-29 00:00:00+00:00,2016-08-01 00:00:00+00:00,58.788604736328125,57.5803108215332,1411.8620109762433,2016-08-29 00:00:00+00:00,58.78860092163086,max_hold,-166.00817585136602,166.0027900252133,-0.09731160516121701,20
AXON,1,2016-08-11 00:00:00+00:00,2016-08-12 00:00:00+00:00,29.0,28.18000030517578,2862.824561987109,2016-08-31 00:00:00+00:00,28.18000030517578,stop,-2511.2115764927944,163.6963093280876,-1.0697317336409902,13
SBAC,1,2016-08-04 00:00:00+00:00,2016-08-05 00:00:00+00:00,103.28085327148438,100.31031799316406,803.3102531994991,2016-09-02 00:00:00+00:00,103.92386627197266,max_hold,350.0892605122252,166.44967572058567,0.1467103535599994,20
DHR,1,2016-08-23 00:00:00+00:00,2016-08-24 00:00:00+00:00,68.21589660644531,67.27244567871094,1211.3934594506572,2016-09-06 00:00:00+00:00,67.27244567871094,stop,-1307.0199748461268,164.1296916760502,-1.1436093158660845,8
AMD,1,2016-09-02 00:00:00+00:00,2016-09-06 00:00:00+00:00,7.559999942779541,7.090000152587891,8787.271358303342,2016-09-07 00:00:00+00:00,7.050000190734863,stop_gap,-4609.888249602042,128.38203571803913,-1.116191460349958,1
YUM,1,2016-08-29 00:00:00+00:00,2016-08-30 00:00:00+00:00,54.31769561767578,53.46806335449219,1525.172186546632,2016-09-08 00:00:00+00:00,53.46806335449219,stop,-1460.227338290455,164.39184169016968,-1.1268616596176468,6
MSCI,1,2016-09-07 00:00:00+00:00,2016-09-08 00:00:00+00:00,79.34661865234375,78.46916961669922,1029.9861747963284,2016-09-08 00:00:00+00:00,78.46916961669922,stop,-1066.3084558839369,162.54808008169886,-1.1798574981088437,0
ROST,1,2016-09-06 00:00:00+00:00,2016-09-07 00:00:00+00:00,56.344120025634766,55.892899960279465,1452.7908923139958,2016-09-09 00:00:00+00:00,55.892899960279465,stop,-818.5853217935072,163.05692041600014,-1.2487411988151198,2
KEY,1,2016-09-08 00:00:00+00:00,2016-09-09 00:00:00+00:00,8.134798049926758,8.055817604064941,9997.214276381546,2016-09-12 00:00:00+00:00,8.016327857971191,stop_gap,-1345.838160849924,161.46626650607323,-1.7044892111522998,1
MRK,1,2016-09-08 00:00:00+00:00,2016-09-09 00:00:00+00:00,43.7581672668457,43.467280209064484,1858.5174901012451,2016-09-12 00:00:00+00:00,43.276554107666016,stop_gap,-1056.842031718983,161.7555519206187,-1.954875149453668,1
COHR,1,2016-09-12 00:00:00+00:00,2016-09-13 00:00:00+00:00,21.709999084472656,21.440000534057617,3701.978283567163,2016-09-13 00:00:00+00:00,21.440000534057617,stop,-1159.2691317548188,159.74036152373046,-1.1598156714256447,0
CSCO,1,2016-09-12 00:00:00+00:00,2016-09-13 00:00:00+00:00,23.22953224182129,22.753594398498535,3459.817628281242,2016-09-15 00:00:00+00:00,22.753594398498535,stop,-1805.751372447887,159.09323215366732,-1.0966158234430134,2
VEEV,1,2016-08-31 00:00:00+00:00,2016-09-01 00:00:00+00:00,41.36000061035156,39.29844570159912,1991.4618817713836,2016-09-30 00:00:00+00:00,41.689998626708984,max_hold,491.7875628742266,165.39090776174857,0.1197872615819886,20
PANW,1,2016-09-01 00:00:00+00:00,2016-09-02 00:00:00+00:00,23.481666564941406,21.95381498336792,2680.886664730113,2016-09-30 00:00:00+00:00,26.53736972808838,target,8057.898494073708,134.09536738063508,1.9672618486662712,19
NVDA,1,2016-09-15 00:00:00+00:00,2016-09-16 00:00:00+00:00,1.5433613061904907,1.464973896741867,50965.579415555876,2016-10-03 00:00:00+00:00,1.700136125087738,target,7824.812756949085,165.30672591796207,1.9586222142804186,11
STT,1,2016-09-30 00:00:00+00:00,2016-10-03 00:00:00+00:00,52.327919006347656,51.5723991394043,1589.4308935926213,2016-10-04 00:00:00+00:00,53.838958740234375,target,2232.9483191188356,168.74491536668847,1.8594783772184493,1
TTWO,1,2016-10-04 00:00:00+00:00,2016-10-05 00:00:00+00:00,45.650001525878906,44.560001373291016,1828.267139266905,2016-10-07 00:00:00+00:00,44.560001373291016,stop,-2157.739444706077,164.9279839337246,-1.0827614589640122,2
BBY,1,2016-09-14 00:00:00+00:00,2016-09-15 00:00:00+00:00,26.061264038085938,25.386781692504883,3056.7498318440353,2016-10-10 00:00:00+00:00,27.410228729248047,target,3959.9986163483213,163.4489765249977,1.9207221758765691,17
IDXX,1,2016-09-30 00:00:00+00:00,2016-10-03 00:00:00+00:00,112.37000274658203,110.51000213623047,740.1584856562737,2016-10-10 00:00:00+00:00,116.09000396728516,target,2584.2938575527564,169.09661260235805,1.8771720797066376,5
NWS,1,2016-10-03 00:00:00+00:00,2016-10-04 00:00:00+00:00,13.334259986877441,12.812240481376648,6264.115542413289,2016-10-10 00:00:00+00:00,12.812240481376648,stop,-3433.775197813327,163.78469996290679,-1.050087209755066,4
PKG,1,2016-09-12 00:00:00+00:00,2016-09-13 00:00:00+00:00,59.59775924682617,58.15007019042969,1348.5397129466876,2016-10-11 00:00:00+00:00,60.75107192993164,max_hold,1392.9927763642486,162.29517824857436,0.7135260485424357,20
WMB,1,2016-10-10 00:00:00+00:00,2016-10-11 00:00:00+00:00,18.28531837463379,17.996782302856445,4579.811994262473,2016-10-11 00:00:00+00:00,17.996782302856445,stop,-1487.606162163065,166.16519985980835,-1.1257454586319047,0
ARES,1,2016-10-10 00:00:00+00:00,2016-10-11 00:00:00+00:00,12.268975257873535,11.811624526977539,6825.616536907928,2016-10-17 00:00:00+00:00,11.811624526977539,stop,-3286.0656520807797,164.364940110141,-1.0526523697418713,4
ROST,1,2016-10-12 00:00:00+00:00,2016-10-13 00:00:00+00:00,58.63055419921875,57.650657653808594,1423.706414313551,2016-10-18 00:00:00+00:00,57.650657653808594,stop,-1560.6353042434373,165.55030717930796,-1.1186668249803406,3
HIG,1,2016-10-14 00:00:00+00:00,2016-10-17 00:00:00+00:00,35.08152770996094,34.36245346069336,2366.248581442277,2016-10-21 00:00:00+00:00,34.3058967590332,stop_gap,-1999.5235320751665,164.18789471969052,-1.1751475960339732,4
FLEX,1,2016-10-17 00:00:00+00:00,2016-10-18 00:00:00+00:00,10.512434005737305,10.130270957946777,7863.331628664204,2016-10-25 00:00:00+00:00,10.130270957946777,stop,-3167.395215840084,162.3204348421206,-1.05401543943882,5
CSX,1,2016-10-25 00:00:00+00:00,2016-10-26 00:00:00+00:00,8.948806762695312,8.730826377868652,9071.21779546749,2016-10-28 00:00:00+00:00,8.730826377868652,stop,-2137.723348664472,160.3758027620206,-1.0811065323819065,2
CMI,1,2016-10-18 00:00:00+00:00,2016-10-19 00:00:00+00:00,98.54486846923828,96.78375244140625,836.7568340719039,2016-11-01 00:00:00+00:00,95.68209075927734,stop_gap,-2557.9695487339945,162.5207354954655,-1.7358337672689779,9
NDSN,1,2016-10-31 00:00:00+00:00,2016-11-01 00:00:00+00:00,90.46583557128906,88.78335571289062,900.3055239013598,2016-11-01 00:00:00+00:00,88.78335571289062,stop,-1676.1249474368894,161.37903706799847,-1.1065386847809329,0
BKR,1,2016-11-03 00:00:00+00:00,2016-11-04 00:00:00+00:00,29.871644973754883,28.84461784362793,2696.798889237625,2016-11-07 00:00:00+00:00,31.92569923400879,target,5372.716238269214,166.65500921733224,1.9398289077328223,1
DE,1,2016-10-21 00:00:00+00:00,2016-10-24 00:00:00+00:00,74.73983764648438,73.41395568847656,1093.2242237003138,2016-11-09 00:00:00+00:00,77.3916015625,target,2732.6587739930324,166.31377452965341,1.885260193571404,12
CSX,1,2016-11-02 00:00:00+00:00,2016-11-03 00:00:00+00:00,8.96915340423584,8.722108840942383,8964.164605397053,2016-11-09 00:00:00+00:00,9.463242530822754,target,4263.865229228242,165.23103123371675,1.925388376536895,4
EVRG,1,2016-10-12 00:00:00+00:00,2016-10-13 00:00:00+00:00,39.55467987060547,39.12919235229492,2110.3115070390863,2016-11-10 00:00:00+00:00,39.65231704711914,max_hold,38.89342007812448,167.1514370334837,0.04331544123580092,20
EXPE,1,2016-11-07 00:00:00+00:00,2016-11-08 00:00:00+00:00,120.6739273071289,116.92723846435547,681.8277832172184,2016-11-10 00:00:00+00:00,116.92723846435547,stop,-2716.599624220696,162.00307614779803,-1.063416305901614,2
TDG,1,2016-11-11 00:00:00+00:00,2016-11-14 00:00:00+00:00,186.79641723632812,181.72738647460938,439.5920428627692,2016-11-14 00:00:00+00:00,181.72738647460938,stop,-2390.305719595013,162.00013171684918,-1.0727010391205403,0
CHTR,1,2016-11-17 00:00:00+00:00,2016-11-18 00:00:00+00:00,264.19000244140625,258.6300048828125,311.4349651389254,2016-11-25 00:00:00+00:00,275.30999755859375,target,3295.13612797386,168.01916369245026,1.9029675832921675,4
NOW,1,2016-11-15 00:00:00+00:00,2016-11-16 00:00:00+00:00,17.04800033569336,16.100000381469727,4295.221914926842,2016-12-01 00:00:00+00:00,16.100000381469727,stop,-4214.248197847361,142.37801911636956,-1.0349662471706655,10
LMT,1,2016-11-09 00:00:00+00:00,2016-11-10 00:00:00+00:00,197.77281188964844,190.28564071655273,415.91357468097135,2016-12-09 00:00:00+00:00,199.98631286621094,max_hold,755.1916842827465,165.43341943918392,0.24251373580602806,20
BG,1,2016-11-15 00:00:00+00:00,2016-11-16 00:00:00+00:00,50.32948684692383,47.95440626144409,1618.0853149230416,2016-12-09 00:00:00+00:00,55.0796480178833,target,7515.605061063676,170.5609731834868,1.9556187122621291,16
TTWO,1,2016-11-11 00:00:00+00:00,2016-11-14 00:00:00+00:00,48.41999816894531,45.869998931884766,1610.0832003977173,2016-12-13 00:00:00+00:00,50.029998779296875,max_hold,2433.722249191551,158.51268616557127,0.5927651237832234,20
ULTA,1,2016-12-13 00:00:00+00:00,2016-12-14 00:00:00+00:00,254.4199981689453,248.5500030517578,334.0897284154535,2016-12-16 00:00:00+00:00,266.1599884033203,target,3748.2897226699715,173.92042633244864,1.9113150903570613,2
HPQ,1,2016-11-30 00:00:00+00:00,2016-12-01 00:00:00+00:00,10.974087715148926,10.525437355041504,7558.442068238915,2016-12-30 00:00:00+00:00,10.772906303405762,max_hold,-1684.9914403148096,164.3733944475838,-0.4968867197796124,20
KR,1,2016-12-01 00:00:00+00:00,2016-12-02 00:00:00+00:00,27.11772918701172,25.689523458480835,2868.356783977936,2017-01-03 00:00:00+00:00,28.094951629638672,max_hold,2644.652955182463,158.3696675820476,0.6455720932856943,20
HUM,1,2016-12-30 00:00:00+00:00,2017-01-03 00:00:00+00:00,186.7063446044922,184.7334063053131,452.65738858280713,2017-01-03 00:00:00+00:00,184.7334063053131,stop,-1061.200046004087,168.13494766268082,-1.1882672920204136,0
BMY,1,2016-12-09 00:00:00+00:00,2016-12-12 00:00:00+00:00,40.23207092285156,38.90212953090668,2100.219754503753,2017-01-05 00:00:00+00:00,42.89195370674133,target,5411.759648788805,174.57871860092752,1.9374979791342282,16
DVA,1,2016-12-16 00:00:00+00:00,2016-12-19 00:00:00+00:00,64.98999786376953,63.349998474121094,1319.311612737177,2017-01-09 00:00:00+00:00,63.0,stop_gap,-2794.285981489195,168.85869049587762,-1.291456493826701,13
OMC,1,2016-12-09 00:00:00+00:00,2016-12-12 00:00:00+00:00,60.91692352294922,58.754438400268555,1387.0725117123925,2017-01-11 00:00:00+00:00,60.35818862915039,max_hold,-943.2231869439122,168.21737442101488,-0.314457657451059,20
TER,1,2017-01-05 00:00:00+00:00,2017-01-06 00:00:00+00:00,24.36559295654297,23.985475540161133,3519.447140344168,2017-01-11 00:00:00+00:00,25.12582778930664,target,2501.4238689445815,174.18243921555046,1.8697996497583935,3
STLD,1,2017-01-04 00:00:00+00:00,2017-01-05 00:00:00+00:00,31.352773666381836,29.661640524864197,2539.0966659196524,2017-01-12 00:00:00+00:00,29.661640524864197,stop,-4448.872016899699,154.92149564603352,-1.036079012759747,5
USB,1,2017-01-11 00:00:00+00:00,2017-01-12 00:00:00+00:00,36.17289352416992,35.57748794555664,2368.4385105446227,2017-01-17 00:00:00+00:00,35.57748794555664,stop,-1580.117868399967,169.93636661916767,-1.1205067336400099,2
LUV,1,2017-01-09 00:00:00+00:00,2017-01-10 00:00:00+00:00,44.75053787231445,43.7767448425293,1881.353311466279,2017-01-25 00:00:00+00:00,43.45804214477539,stop_gap,-2597.5926211765227,165.9515041148902,-1.417862179462068,10
CSX,1,2017-01-19 00:00:00+00:00,2017-01-20 00:00:00+00:00,12.999978065490723,12.487235724925995,6146.7631909472975,2017-01-26 00:00:00+00:00,14.025462746620178,target,6137.2925060438565,166.11898480300812,1.9472923558792796,4
ESS,1,2017-01-17 00:00:00+00:00,2017-01-18 00:00:00+00:00,167.22970581054688,163.1860809326172,504.62590837087026,2017-01-27 00:00:00+00:00,163.1860809326172,stop,-2207.254243661663,166.73636652534492,-1.0817127692894044,7
EXC,1,2017-01-11 00:00:00+00:00,2017-01-12 00:00:00+00:00,17.945789337158203,17.738056182861328,4774.0042218750905,2017-01-30 00:00:00+00:00,17.738056182861328,stop,-1162.0737848020226,170.3548291653118,-1.1717773248126928,11
LULU,1,2017-01-03 00:00:00+00:00,2017-01-04 00:00:00+00:00,66.97000122070312,63.650001525878906,1266.3624572820684,2017-02-02 00:00:00+00:00,67.0,max_hold,-131.66525208207827,169.65457994793132,-0.031316635988225004,20
ABT,1,2017-01-26 00:00:00+00:00,2017-01-27 00:00:00+00:00,34.49348449707031,33.35664498806,2443.671671620899,2017-02-15 00:00:00+00:00,36.76716351509094,target,5381.98737984717,174.13762684866657,1.9373168794298874,13
CNP,1,2017-02-15 00:00:00+00:00,2017-02-16 00:00:00+00:00,19.502859115600586,19.293142318725586,4388.6596971377085,2017-02-21 00:00:00+00:00,19.922292709350586,target,1667.7277336485572,173.0235748676984,1.8120076578870778,2
WRB,1,2017-02-02 00:00:00+00:00,2017-02-03 00:00:00+00:00,16.325963973999023,15.912528991699219,5184.357308773524,2017-02-23 00:00:00+00:00,17.152833938598633,target,4113.223293730162,173.56605064712744,1.9190228225817612,13
SYK,1,2017-01-27 00:00:00+00:00,2017-01-30 00:00:00+00:00,111.12153625488281,107.45466327667236,754.396041778692,2017-02-28 00:00:00+00:00,116.05245971679688,max_hold,3548.4899786255705,171.3791633560837,1.2827685861750147,20
ECHO,1,2017-02-01 00:00:00+00:00,2017-02-02 00:00:00+00:00,44.40842819213867,42.23963737487793,1858.4978475261616,2017-02-28 00:00:00+00:00,42.23963737487793,stop,-4191.728308962201,161.03524334860606,-1.039952246605533,17
GPN,1,2017-01-30 00:00:00+00:00,2017-01-31 00:00:00+00:00,73.19072723388672,71.46714782714844,1143.3215200193106,2017-03-01 00:00:00+00:00,75.75275421142578,max_hold,2758.9302906874186,170.29028760302268,1.400041963056575,20
CMI,1,2017-03-01 00:00:00+00:00,2017-03-02 00:00:00+00:00,120.0960464477539,116.40548706054688,723.4649051951213,2017-03-09 00:00:00+00:00,116.40548706054688,stop,-2841.0907567007835,171.10055951808363,-1.0640828418391288,5
ZBH,1,2017-02-21 00:00:00+00:00,2017-02-22 00:00:00+00:00,104.94375610351562,103.56090545654297,826.9224131606312,2017-03-10 00:00:00+00:00,107.70945739746094,target,2111.1726795961476,175.84770847459046,1.8462211273744433,12
CCL,1,2017-02-23 00:00:00+00:00,2017-02-24 00:00:00+00:00,49.67304229736328,48.65985870361328,1750.218654395328,2017-03-21 00:00:00+00:00,51.877174377441406,target,3679.9779997217806,177.73508358213067,2.0752229668674698,17
BKNG,1,2017-02-28 00:00:00+00:00,2017-03-01 00:00:00+00:00,68.02718353271484,65.90349125862122,1270.0855965919484,2017-03-29 00:00:00+00:00,69.9351577758789,max_hold,2248.066622342952,175.2239825681473,0.8334596887917264,20
NRG,1,2017-03-02 00:00:00+00:00,2017-03-03 00:00:00+00:00,13.90766429901123,12.930418968200684,4429.26750146517,2017-03-31 00:00:00+00:00,15.010147094726562,max_hold,4755.106495766603,128.08472221978204,1.0985624085112364,20
AMD,1,2017-03-10 00:00:00+00:00,2017-03-13 00:00:00+00:00,14.479999542236328,13.098851799964905,3177.021982202321,2017-04-06 00:00:00+00:00,13.098851799964905,stop,-4475.555354823481,87.6186169580633,-1.0199680674978662,18
NCLH,1,2017-03-09 00:00:00+00:00,2017-03-10 00:00:00+00:00,50.22999954223633,49.04999923706055,1732.3532638941526,2017-04-07 00:00:00+00:00,50.0099983215332,max_hold,-554.7709202178005,173.65108747204403,-0.27139079300423496,20
DHI,1,2017-04-06 00:00:00+00:00,2017-04-07 00:00:00+00:00,29.927066802978516,29.687922224402428,2954.3822162770402,2017-04-13 00:00:00+00:00,30.40535596013069,target,1234.803943252285,178.24503687623795,1.7477156993382836,4
AWK,1,2017-03-21 00:00:00+00:00,2017-03-22 00:00:00+00:00,63.68645095825195,62.344093322753906,1373.8590439732138,2017-04-20 00:00:00+00:00,65.72480773925781,max_hold,2622.6220702754968,177.79282815353105,1.4220841538999294,20
BAX,1,2017-04-20 00:00:00+00:00,2017-04-21 00:00:00+00:00,45.56582260131836,45.06575393676758,1981.5513691226997,2017-04-26 00:00:00+00:00,46.56595993041992,target,1799.2596339764405,182.56385981548084,1.8157617362117628,3
CSGP,1,2017-03-31 00:00:00+00:00,2017-04-03 00:00:00+00:00,20.784000396728516,19.83825522661209,4285.877678196013,2017-04-27 00:00:00+00:00,22.857999801635742,target,8701.863479601701,187.04427448199533,2.146833490525696,17
EFX,1,2017-04-17 00:00:00+00:00,2017-04-18 00:00:00+00:00,125.1344223022461,123.1776123046875,711.7075651581772,2017-04-27 00:00:00+00:00,121.61400604248047,stop_gap,-2681.1196077248824,175.6127231438323,-1.9251560922166382,7
VRTX,1,2017-03-29 00:00:00+00:00,2017-03-30 00:00:00+00:00,107.87999725341797,101.2203459739685,664.7329290543364,2017-04-28 00:00:00+00:00,119.5,max_hold,7573.051489772276,151.1469715826315,1.71069358908991,20
XEL,1,2017-04-27 00:00:00+00:00,2017-04-28 00:00:00+00:00,33.7676887512207,33.34129333496094,2699.14104323633,2017-05-04 00:00:00+00:00,33.33380889892578,stop_gap,-1352.2193235326768,181.11640637013653,-1.1749219875287402,4
KO,1,2017-04-28 00:00:00+00:00,2017-05-01 00:00:00+00:00,32.197723388671875,31.95146942138672,2830.7225606560864,2017-05-05 00:00:00+00:00,32.69023132324219,target,1210.47352437247,183.67979731784555,1.7364998605818387,4
LMT,1,2017-04-07 00:00:00+00:00,2017-04-10 00:00:00+00:00,210.388916015625,207.37542724609375,420.985815250714,2017-05-09 00:00:00+00:00,212.57687377929688,max_hold,743.0365850335561,178.0625978399773,0.585697213051668,20
NVR,1,2017-04-27 00:00:00+00:00,2017-04-28 00:00:00+00:00,2109.800048828125,2047.010009765625,43.20018605283224,2017-05-15 00:00:00+00:00,2235.380126953125,target,5237.37014750238,187.71259202682828,1.9307982565282984,11
CMCSA,1,2017-05-05 00:00:00+00:00,2017-05-08 00:00:00+00:00,28.765134811401367,27.819988071918488,3198.0638521030055,2017-05-17 00:00:00+00:00,27.819988071918488,stop,-3203.6024585331656,180.96283605995183,-1.0598691404408582,7
VRSN,1,2017-05-15 00:00:00+00:00,2017-05-16 00:00:00+00:00,88.58219909667969,87.0303726196289,1045.4990477123247,2017-05-17 00:00:00+00:00,87.0303726196289,stop,-1806.0358804670764,183.60277649571296,-1.1131650827675381,1
CL,1,2017-05-17 00:00:00+00:00,2017-05-18 00:00:00+00:00,59.39589309692383,58.97019326686859,1534.5187375534472,2017-05-18 00:00:00+00:00,58.97019326686859,stop,-834.8793432091882,181.63497741610905,-1.2780505840193401,0
AEP,1,2017-04-27 00:00:00+00:00,2017-04-28 00:00:00+00:00,48.88483810424805,48.2459602355957,1864.4585556217528,2017-05-22 00:00:00+00:00,50.162593841552734,target,2197.652784508794,184.66983190371155,1.844966562772424,16
XEL,1,2017-05-04 00:00:00+00:00,2017-05-05 00:00:00+00:00,33.70036315917969,33.266483306884766,2717.642688398276,2017-05-22 00:00:00+00:00,34.56812286376953,target,2172.731464576949,185.5293518882878,1.8426557820976095,11
CBOE,1,2017-05-17 00:00:00+00:00,2017-05-18 00:00:00+00:00,74.70955657958984,73.32373809814453,1219.9792779368609,2017-06-01 00:00:00+00:00,77.48119354248047,target,3195.6700992478263,185.66956144259257,1.8901798813049846,9
KLAC,1,2017-05-18 00:00:00+00:00,2017-05-19 00:00:00+00:00,8.817224502563477,8.625850677490234,10367.171600686608,2017-06-02 00:00:00+00:00,9.199972152709961,target,3781.22319933963,186.7873694885365,1.905853391139682,9
TSLA,1,2017-05-09 00:00:00+00:00,2017-05-10 00:00:00+00:00,21.437332153320312,20.14286780357361,3541.6129865179596,2017-06-07 00:00:00+00:00,24.02626085281372,target,9007.969051890615,161.01445140429138,1.9648784510635382,19
AFL,1,2017-06-08 00:00:00+00:00,2017-06-09 00:00:00+00:00,30.441762924194336,30.106599807739258,3151.8317716847064,2017-06-09 00:00:00+00:00,31.112089157104492,target,1918.7481316205344,194.00738665941844,1.8163465815321929,0
HUM,1,2017-05-22 00:00:00+00:00,2017-05-23 00:00:00+00:00,212.6658935546875,207.4022674560547,433.0788419100306,2017-06-12 00:00:00+00:00,207.4022674560547,stop,-2461.4877277371193,181.92263269380848,-1.079805851164058,13
MAS,1,2017-06-09 00:00:00+00:00,2017-06-12 00:00:00+00:00,32.08847427368164,31.854869842529297,3000.93541637494,2017-06-12 00:00:00+00:00,31.854869842529297,stop,-892.9216568669772,191.88984599978752,-1.2737248767105394,0
IT,1,2017-06-12 00:00:00+00:00,2017-06-13 00:00:00+00:00,119.25,117.05000305175781,801.7884630787715,2017-06-19 00:00:00+00:00,123.64999389648438,target,3333.1099310300774,194.75441278810518,1.8895907587096596,4
VRSN,1,2017-05-22 00:00:00+00:00,2017-05-23 00:00:00+00:00,88.33665466308594,85.98926544189453,1042.6147474759766,2017-06-21 00:00:00+00:00,91.243896484375,max_hold,2843.899866368688,187.23333098620668,1.161997867893928,20
HLT,1,2017-06-12 00:00:00+00:00,2017-06-13 00:00:00+00:00,63.92631530761719,61.87729263305664,1495.6794203145732,2017-06-27 00:00:00+00:00,61.87729263305664,stop,-3252.842913496324,188.16186739818886,-1.0613968842329453,10
HON,1,2017-06-08 00:00:00+00:00,2017-06-09 00:00:00+00:00,104.76658630371094,103.64505004882812,915.8198138901344,2017-06-29 00:00:00+00:00,103.64505004882812,stop,-1217.9926302347365,190.8675060169207,-1.1858269275247957,14
STZ,1,2017-06-19 00:00:00+00:00,2017-06-20 00:00:00+00:00,157.55404663085938,153.0522813796997,619.8161242216469,2017-06-29 00:00:00+00:00,169.21649169921875,target,7026.033852640797,202.53764857757014,2.518051008348157,7
MDT,1,2017-06-01 00:00:00+00:00,2017-06-02 00:00:00+00:00,66.86780548095703,65.08892357349396,1423.0527221496834,2017-06-30 00:00:00+00:00,68.90984344482422,max_hold,2712.7089303032812,193.21875291091703,1.0716058817305032,20
NOW,1,2017-06-21 00:00:00+00:00,2017-06-22 00:00:00+00:00,21.187999725341797,20.14637267589569,4573.962149340383,2017-07-21 00:00:00+00:00,21.97599983215332,max_hold,3406.8521620419597,197.4305001901277,0.7150698588809703,20
HAS,1,2017-06-30 00:00:00+00:00,2017-07-03 00:00:00+00:00,81.43063354492188,79.1422348022461,1196.3944299250138,2017-07-24 00:00:00+00:00,79.1422348022461,stop,-2929.9359944723437,192.10848528763432,-1.0701682208404875,14
CMI,1,2017-07-21 00:00:00+00:00,2017-07-24 00:00:00+00:00,130.97390747070312,129.41351318359375,757.8408349575186,2017-07-25 00:00:00+00:00,134.09469604492188,target,2164.181207002517,200.87981180930473,1.830127163560267,1
CB,1,2017-06-30 00:00:00+00:00,2017-07-03 00:00:00+00:00,124.63488006591797,122.76473236083984,781.6684731183078,2017-07-27 00:00:00+00:00,122.75425720214844,stop_gap,-1663.3998916284938,193.37628919438492,-1.13788445439859,17
BLK,1,2017-07-25 00:00:00+00:00,2017-07-26 00:00:00+00:00,344.4743347167969,338.3565368652344,286.50955745633536,2017-07-27 00:00:00+00:00,338.3565368652344,stop,-1948.4451258929826,195.63757083449156,-1.1116138336293073,1
IP,1,2017-07-27 00:00:00+00:00,2017-07-28 00:00:00+00:00,36.254703521728516,35.18025600910187,2710.8742279144326,2017-07-28 00:00:00+00:00,35.18025600910187,stop,-3106.3432619905852,193.65119076423855,-1.0664852947131842,0
IEX,1,2017-06-30 00:00:00+00:00,2017-07-03 00:00:00+00:00,101.18126678466797,98.9345703125,962.8576464232614,2017-08-01 00:00:00+00:00,104.44528198242188,max_hold,2944.7928964110642,197.98909478801812,1.3612825260884478,20
DE,1,2017-06-30 00:00:00+00:00,2017-07-03 00:00:00+00:00,108.67695617675781,105.81544494628906,896.447230634206,2017-08-01 00:00:00+00:00,112.45735931396484,max_hold,3190.6966783102584,198.23524471984913,1.243842338907493,20
GM,1,2017-07-27 00:00:00+00:00,2017-07-28 00:00:00+00:00,30.67665672302246,30.299833297729492,3203.8022365055526,2017-08-01 00:00:00+00:00,30.299833297729492,stop,-1402.62434782404,195.3566151027436,-1.1618171427992954,2
XYZ,1,2017-08-01 00:00:00+00:00,2017-08-02 00:00:00+00:00,27.25,25.475843906402588,2748.8520361990845,2017-08-03 00:00:00+00:00,25.399999618530273,stop_gap,-5230.104374229419,144.72705865727795,-1.0724255819172597,1
SYK,1,2017-07-28 00:00:00+00:00,2017-07-31 00:00:00+00:00,134.17007446289062,130.61133432388306,729.459411379684,2017-08-10 00:00:00+00:00,130.61133432388306,stop,-2789.103777651599,193.1472905978834,-1.0744031310082152,8
RJF,1,2017-08-01 00:00:00+00:00,2017-08-02 00:00:00+00:00,48.519989013671875,47.3425407409668,2010.261209682491,2017-08-10 00:00:00+00:00,47.3425407409668,stop,-2559.6873140544535,192.70872502778371,-1.0814154914291083,6
TKO,1,2017-08-10 00:00:00+00:00,2017-08-11 00:00:00+00:00,18.507009506225586,18.28919842839241,5147.220454377291,2017-08-11 00:00:00+00:00,18.942631661891937,target,2049.4817109961473,192.76155902962438,1.8280636524979657,0
VRTX,1,2017-08-11 00:00:00+00:00,2017-08-14 00:00:00+00:00,154.52000427246094,148.5,619.1713899430204,2017-08-18 00:00:00+00:00,147.64999389648438,stop_gap,-4440.808891181726,187.0950177653458,-1.191391243184877,4
EG,1,2017-08-01 00:00:00+00:00,2017-08-02 00:00:00+00:00,217.5608367919922,211.97853088378906,448.3244928022601,2017-08-24 00:00:00+00:00,211.97853088378906,stop,-2695.2574841140745,192.57301915184814,-1.0769465834977943,16
MA,1,2017-08-01 00:00:00+00:00,2017-08-02 00:00:00+00:00,123.2774658203125,120.24634552001953,791.2058473896194,2017-08-30 00:00:00+00:00,127.25872039794922,max_hold,2951.766206254278,198.22569551858325,1.2308051221384615,20
TTWO,1,2017-08-03 00:00:00+00:00,2017-08-04 00:00:00+00:00,89.5,84.40936422348022,945.0606373017021,2017-09-01 00:00:00+00:00,97.7699966430664,max_hold,7638.66679560429,176.98150237498396,1.5877636902848928,20
NXPI,1,2017-08-30 00:00:00+00:00,2017-08-31 00:00:00+00:00,98.61554718017578,98.15068054199219,987.241973735045,2017-09-06 00:00:00+00:00,98.15068054199219,stop,-653.1917364247786,194.25587902083242,-1.4232745728775171,3
FCX,1,2017-09-06 00:00:00+00:00,2017-09-07 00:00:00+00:00,13.563572883605957,13.059216499328613,7217.909990163262,2017-09-08 00:00:00+00:00,13.059216499328613,stop,-3832.5598821311564,192.16089745309586,-1.0527856694449906,1
MNST,1,2017-08-11 00:00:00+00:00,2017-08-14 00:00:00+00:00,13.484999656677246,13.003006964921951,7094.873433831114,2017-09-12 00:00:00+00:00,14.119999885559082,max_hold,4309.392276477282,195.8539778931326,1.260175184664358,20
LMT,1,2017-09-08 00:00:00+00:00,2017-09-11 00:00:00+00:00,239.42340087890625,236.69561767578125,405.79917222167217,2017-09-13 00:00:00+00:00,236.69561767578125,stop,-1300.1408694367935,193.20870360848716,-1.1745443032310035,2
DXCM,1,2017-09-12 00:00:00+00:00,2017-09-13 00:00:00+00:00,18.334999084472656,17.46308469772339,5316.6487693558865,2017-09-18 00:00:00+00:00,17.46308469772339,stop,-4825.988389380098,190.32583808591153,-1.0410568793521815,3
TKO,1,2017-09-12 00:00:00+00:00,2017-09-13 00:00:00+00:00,19.468406677246094,19.13013458251953,4913.584264114212,2017-09-18 00:00:00+00:00,20.14495086669922,target,3129.613312998119,194.64357027665972,1.8828949884974513,3
EL,1,2017-08-18 00:00:00+00:00,2017-08-21 00:00:00+00:00,93.82466125488281,90.40592885017395,1018.5756036303718,2017-09-19 00:00:00+00:00,98.48516082763672,max_hold,4551.189072425148,195.88209311175171,1.3069726500140906,20
CRM,1,2017-09-18 00:00:00+00:00,2017-09-19 00:00:00+00:00,94.17222595214844,92.40594482421875,1033.5610806936406,2017-09-20 00:00:00+00:00,92.40594482421875,stop,-2018.3993672132551,192.8399358214647,-1.1056333376528011,1
CRL,1,2017-09-18 00:00:00+00:00,2017-09-19 00:00:00+00:00,107.25,105.31999969482422,907.5314464002635,2017-09-20 00:00:00+00:00,105.31999969482422,stop,-1944.449927793474,192.9139592843474,-1.1101398787993786,1
NEM,1,2017-09-19 00:00:00+00:00,2017-09-20 00:00:00+00:00,30.099916458129883,29.42350959777832,3222.624302639445,2017-09-20 00:00:00+00:00,29.42350959777832,stop,-2371.626826025122,191.82163938413174,-1.08799944167475,0
HII,1,2017-08-24 00:00:00+00:00,2017-08-25 00:00:00+00:00,175.38540649414062,170.13975477218628,549.6882784100707,2017-09-25 00:00:00+00:00,183.84449768066406,max_hold,4452.398803654607,197.46446757926304,1.5441096191058046,20
AEE,1,2017-09-25 00:00:00+00:00,2017-09-26 00:00:00+00:00,45.85157012939453,45.147335052490234,2087.745704133889,2017-09-27 00:00:00+00:00,45.147335052490234,stop,-1660.2463298817115,189.982573374367,-1.1292166609790315,1
STE,1,2017-09-22 00:00:00+00:00,2017-09-25 00:00:00+00:00,79.7135009765625,79.04463195800781,1210.4152982316793,2017-10-02 00:00:00+00:00,81.2711181640625,target,1690.5054267507892,194.85824578781293,2.0880509182160374,5
MRVL,1,2017-09-27 00:00:00+00:00,2017-09-28 00:00:00+00:00,16.863126754760742,16.52303123474121,5722.289411337231,2017-10-02 00:00:00+00:00,17.543317794799805,target,3695.366352774274,196.88363332771192,1.898832996836934,2
TSCO,1,2017-09-25 00:00:00+00:00,2017-09-26 00:00:00+00:00,10.864232063293457,10.429593712091446,8811.153702143769,2017-10-09 00:00:00+00:00,10.429593712091446,stop,-4017.288489100851,187.6231718135871,-1.0489920544666524,9
BAX,1,2017-10-02 00:00:00+00:00,2017-10-03 00:00:00+00:00,54.579959869384766,53.61785125732422,1804.5810155954293,2017-10-09 00:00:00+00:00,53.61785125732422,stop,-1931.4546521535697,195.25171588823895,-1.1124590402480463,4
CNC,1,2017-09-22 00:00:00+00:00,2017-09-25 00:00:00+00:00,46.0,43.630001068115234,2035.5798426648519,2017-10-13 00:00:00+00:00,43.529998779296875,stop_gap,-5210.130157049804,182.2454608289455,-1.0799714654077623,14
APTV,1,2017-10-02 00:00:00+00:00,2017-10-03 00:00:00+00:00,82.50958251953125,79.60724520683289,1193.7275211510996,2017-10-16 00:00:00+00:00,79.60724520683289,stop,-3658.1232447304346,193.52331889867253,-1.0558573350578748,9
NTAP,1,2017-10-16 00:00:00+00:00,2017-10-17 00:00:00+00:00,34.692325592041016,34.41580840945244,2761.862199448625,2017-10-17 00:00:00+00:00,35.24535995721817,target,1334.2464581434265,193.1582500354233,1.7470765292248847,0
MCHP,1,2017-09-22 00:00:00+00:00,2017-09-25 00:00:00+00:00,37.58489227294922,36.62257385253906,2567.1602397296438,2017-10-20 00:00:00+00:00,39.627681732177734,target,5045.950827877121,198.21704999314457,2.042543137006176,19
BAC,1,2017-10-13 00:00:00+00:00,2017-10-16 00:00:00+00:00,21.009429931640625,20.400341033935547,4538.7223419179645,2017-10-23 00:00:00+00:00,22.22760772705078,target,5332.729867636596,196.2409088198511,1.9290135843526295,5
CNC,1,2017-10-19 00:00:00+00:00,2017-10-20 00:00:00+00:00,47.654998779296875,44.66564393043518,1619.8308293273892,2017-10-25 00:00:00+00:00,44.66564393043518,stop,-4991.792967230033,149.54382324454286,-1.0308831327752497,3
PFE,1,2017-10-17 00:00:00+00:00,2017-10-18 00:00:00+00:00,22.71269989013672,22.399423599243164,4223.945922567017,2017-10-26 00:00:00+00:00,22.399423599243164,stop,-1513.813281628055,190.5511700713059,-1.1440010776452538,6
HD,1,2017-10-23 00:00:00+00:00,2017-10-24 00:00:00+00:00,132.0368194580078,129.5030059814453,736.756460136839,2017-11-02 00:00:00+00:00,129.5030059814453,stop,-2059.494603614783,192.69115597557828,-1.1032198414992531,7
TKO,1,2017-10-26 00:00:00+00:00,2017-10-27 00:00:00+00:00,22.125797271728516,21.041438579559326,4375.700897392466,2017-11-07 00:00:00+00:00,24.294514656066895,target,9286.537204280394,203.12140055969257,1.9571909993777663,7
P,1,2017-10-10 00:00:00+00:00,2017-10-11 00:00:00+00:00,15.65999984741211,15.149999618530273,6199.458907964881,2017-11-08 00:00:00+00:00,16.34000015258789,max_hold,4017.2512642859588,198.38268505487622,1.2705882634533467,20
JNJ,1,2017-11-08 00:00:00+00:00,2017-11-09 00:00:00+00:00,110.19847106933594,108.67295837402344,885.7753328462704,2017-11-10 00:00:00+00:00,108.67295837402344,stop,-1545.1324287173716,193.87091326573068,-1.1434740137633033,1
DELL,1,2017-11-07 00:00:00+00:00,2017-11-08 00:00:00+00:00,20.92801284790039,20.512466430664062,4682.424571985491,2017-11-15 00:00:00+00:00,20.512466430664062,stop,-2139.806673316724,194.04191844880577,-1.0997252714971588,5
WFC,1,2017-10-20 00:00:00+00:00,2017-10-23 00:00:00+00:00,42.80954360961914,41.59809362888336,2276.161534824696,2017-11-20 00:00:00+00:00,42.61260223388672,max_hold,-642.7049866487698,194.4346025911733,-0.23307897648769052,20
COHR,1,2017-11-08 00:00:00+00:00,2017-11-09 00:00:00+00:00,44.04999923706055,40.985777854919434,1592.755144251127,2017-11-21 00:00:00+00:00,50.17844200134277,target,9611.02590454188,150.0828345172319,1.9692488141400013,8
CPRT,1,2017-11-15 00:00:00+00:00,2017-11-16 00:00:00+00:00,9.007499694824219,8.829999923706055,10729.417984425412,2017-11-22 00:00:00+00:00,9.657500267028809,target,6773.86324302873,200.2645862700055,3.556824711748208,4
NVDA,1,2017-11-10 00:00:00+00:00,2017-11-13 00:00:00+00:00,5.327456474304199,5.067071706056595,18365.787778605903,2017-11-29 00:00:00+00:00,5.067071706056595,stop,-4973.075093036228,190.90369861924492,-1.0399198779956147,11
SO,1,2017-11-21 00:00:00+00:00,2017-11-22 00:00:00+00:00,36.0826416015625,35.79460144042969,2747.417790608728,2017-11-29 00:00:00+00:00,35.79460144042969,stop,-988.8434793795705,197.47681627347674,-1.249538962758913,4
NOC,1,2017-11-02 00:00:00+00:00,2017-11-03 00:00:00+00:00,260.31195068359375,254.00238037109375,375.7185410372166,2017-12-04 00:00:00+00:00,261.638427734375,max_hold,302.2755875658588,196.1064346730223,0.1275089479182789,20
FSLR,1,2017-11-30 00:00:00+00:00,2017-12-01 00:00:00+00:00,61.68000030517578,58.77000045776367,1586.50156539478,2017-12-04 00:00:00+00:00,58.77000045776367,stop,-4807.813427980089,191.0941147622059,-1.0413917550099039,1
FRT,1,2017-11-29 00:00:00+00:00,2017-11-30 00:00:00+00:00,93.45307922363281,91.73017883300781,1063.2543478912314,2017-12-06 00:00:00+00:00,91.73017883300781,stop,-2028.7782356009193,196.89690428538705,-1.1074834384299277,4
PPG,1,2017-12-04 00:00:00+00:00,2017-12-05 00:00:00+00:00,99.08386993408203,96.99870300292969,995.7954396794174,2017-12-11 00:00:00+00:00,96.99870300292969,stop,-2271.6578529431126,195.258131931283,-1.0940368706253407,4
INTU,1,2017-11-24 00:00:00+00:00,2017-11-27 00:00:00+00:00,144.14236450195312,141.24659729003906,694.6831554266327,2017-12-18 00:00:00+00:00,149.94337463378906,target,3825.5676138168647,204.29640922879094,1.9017151551557883,15
SBAC,1,2017-12-11 00:00:00+00:00,2017-12-12 00:00:00+00:00,151.73338317871094,146.0186767578125,654.0646207766879,2017-12-18 00:00:00+00:00,146.0186767578125,stop,-3932.5363762028996,194.74908816785987,-1.052102774492082,4
SWK,1,2017-11-20 00:00:00+00:00,2017-11-21 00:00:00+00:00,128.04373168945312,125.44105529785156,766.439614679639,2017-12-20 00:00:00+00:00,131.74583435058594,max_hold,2638.325122209581,199.1130148935182,1.3226051099555018,20
CI,1,2017-12-18 00:00:00+00:00,2017-12-19 00:00:00+00:00,185.59539794921875,182.3860321044922,533.5504367660443,2017-12-22 00:00:00+00:00,182.3860321044922,stop,-1908.6952009228332,196.33665272695106,-1.1146586110331909,3
AWK,1,2017-12-22 00:00:00+00:00,2017-12-26 00:00:00+00:00,76.18925476074219,74.70886993408203,1290.0101243281435,2018-01-02 00:00:00+00:00,74.70886993408203,stop,-2104.371522891819,194.6601085984539,-1.1019316882862547,4
FSLR,1,2017-12-05 00:00:00+00:00,2017-12-06 00:00:00+00:00,62.08000183105469,56.99508619308472,964.1669661862402,2018-01-05 00:00:00+00:00,69.0,max_hold,6545.650632873205,126.3830076931348,1.3351093017984796,20
RMD,1,2017-12-06 00:00:00+00:00,2017-12-07 00:00:00+00:00,78.1224136352539,75.95769500732422,1256.3219008429803,2018-01-08 00:00:00+00:00,80.4155502319336,max_hold,2681.743011911827,199.1747161214007,0.9860859537454094,20
SNA,1,2017-12-18 00:00:00+00:00,2017-12-19 00:00:00+00:00,138.0994873046875,133.2767105102539,717.0519425542595,2018-01-12 00:00:00+00:00,147.7450408935547,target,6711.397563695371,204.96537421305538,1.9407303011559311,16
EFX,1,2018-01-02 00:00:00+00:00,2018-01-03 00:00:00+00:00,110.44610595703125,108.30528259277344,895.8831241060351,2018-01-17 00:00:00+00:00,114.72775268554688,target,3634.125587513239,201.72945994772363,1.894819039066008,9
CSX,1,2017-12-20 00:00:00+00:00,2017-12-21 00:00:00+00:00,16.5686092376709,15.653554856777191,5409.514042209251,2018-01-23 00:00:00+00:00,17.040302276611328,max_hold,2369.8222389807315,181.8078787798779,0.4787520136216203,20
CBOE,1,2018-01-05 00:00:00+00:00,2018-01-08 00:00:00+00:00,114.12577056884766,110.32271575927734,878.6516892553482,2018-01-25 00:00:00+00:00,122.10308837890625,target,6801.720883569451,207.56288596530732,2.0354923446358284,12
KR,1,2018-01-08 00:00:00+00:00,2018-01-09 00:00:00+00:00,23.229143142700195,22.050009846687317,4286.663011961136,2018-01-26 00:00:00+00:00,25.587409734725952,target,9899.834060789348,209.26011159110766,1.9585996315747385,12
EXPD,1,2018-01-17 00:00:00+00:00,2018-01-18 00:00:00+00:00,59.806583404541016,58.83013916015625,1719.3681788445615,2018-01-26 00:00:00+00:00,58.83013916015625,stop,-1882.8473678312396,203.98020562015103,-1.1214987166414683,6
FANG,1,2018-01-26 00:00:00+00:00,2018-01-29 00:00:00+00:00,99.06719207763672,96.38329315185547,1065.4140250874918,2018-01-30 00:00:00+00:00,96.38329315185547,stop,-3067.699245618254,208.23568817365665,-1.072823340458918,1
ADP,1,2018-01-12 00:00:00+00:00,2018-01-16 00:00:00+00:00,97.88525390625,96.03522491455078,1043.4620485687942,2018-01-31 00:00:00+00:00,101.58531188964844,target,3652.7301179656906,208.13996521456465,1.8921797622140568,11
WM,1,2018-01-31 00:00:00+00:00,2018-02-01 00:00:00+00:00,76.14688110351562,75.44973754882812,1354.2758561564158,2018-02-01 00:00:00+00:00,75.44973754882812,stop,-1149.4283249041616,205.30364051582052,-1.2174539485203992,0
LIN,1,2018-01-25 00:00:00+00:00,2018-01-26 00:00:00+00:00,142.9397430419922,138.4163818359375,736.1986195569337,2018-02-02 00:00:00+00:00,136.85324096679688,stop_gap,-4686.857634278187,205.98320858898575,-1.407425754698205,5
URI,1,2018-01-26 00:00:00+00:00,2018-01-29 00:00:00+00:00,178.02723693847656,169.96005249023438,592.8731899716346,2018-02-02 00:00:00+00:00,169.96005249023438,stop,-4989.129712272089,206.31233435318234,-1.0431361513625161,4
CMCSA,1,2018-01-30 00:00:00+00:00,2018-01-31 00:00:00+00:00,31.30953598022461,30.613611221313477,3291.7228681510232,2018-02-02 00:00:00+00:00,30.613611221313477,stop,-2494.6252831314487,203.83383971118496,-1.0889796582297564,2
HAL,1,2018-02-01 00:00:00+00:00,2018-02-02 00:00:00+00:00,45.38140869140625,44.38132858276367,2247.0623067398387,2018-02-02 00:00:00+00:00,44.38132858276367,stop,-2448.9447793295985,201.70246347857835,-1.0897555470791296,0
GWW,1,2018-01-24 00:00:00+00:00,2018-01-25 00:00:00+00:00,244.7239990234375,230.33885765075684,361.4782491063623,2018-02-05 00:00:00+00:00,229.4621124267578,stop_gap,-5688.2480103452035,171.40796531757098,-1.0939115786525966,7
AMZN,1,2018-02-06 00:00:00+00:00,2018-02-07 00:00:00+00:00,72.44999694824219,67.74177122116089,1060.467201492499,2018-02-08 00:00:00+00:00,67.74177122116089,stop,-5141.5877328557835,148.66877206289212,-1.0297759233086539,1
SPGI,1,2018-02-06 00:00:00+00:00,2018-02-07 00:00:00+00:00,157.47608947753906,149.7727074623108,634.1177225517828,2018-02-09 00:00:00+00:00,149.7727074623108,stop,-5079.682966815187,194.83190737227275,-1.0398849227952698,2
P,1,2018-02-06 00:00:00+00:00,2018-02-07 00:00:00+00:00,19.020000457763672,18.3700008392334,5250.177540090288,2018-02-13 00:00:00+00:00,20.31999969482422,target,6618.684811321527,206.54198522826545,1.9394768873225796,4
GWW,1,2018-02-09 00:00:00+00:00,2018-02-12 00:00:00+00:00,240.95994567871094,223.71630096435547,283.670288091832,2018-03-02 00:00:00+00:00,223.71630096435547,stop,-5023.324508629082,131.81484475466982,-1.026947681556917,13
EL,1,2018-02-09 00:00:00+00:00,2018-02-12 00:00:00+00:00,121.30623626708984,117.51685333251953,806.4729092912215,2018-03-07 00:00:00+00:00,128.88500213623047,target,5910.296903408554,201.77245591429931,1.9339757309505883,16
IDXX,1,2018-03-02 00:00:00+00:00,2018-03-05 00:00:00+00:00,184.3699951171875,180.3300018310547,548.4294377681822,2018-03-07 00:00:00+00:00,192.44998168945312,target,4224.643324982213,206.65916801988539,1.9067275735085831,2
TPR,1,2018-02-06 00:00:00+00:00,2018-02-07 00:00:00+00:00,38.977657318115234,37.12262010574341,2561.9389693142925,2018-03-08 00:00:00+00:00,40.62668228149414,max_hold,4020.7598553057264,203.94145974676817,0.846031881900987,20
CME,1,2018-02-06 00:00:00+00:00,2018-02-07 00:00:00+00:00,116.587158203125,111.70176267623901,856.5126790540575,2018-03-08 00:00:00+00:00,124.46646881103516,max_hold,6542.263950010586,206.46548786959585,1.5634879384606797,20
DECK,1,2018-03-09 00:00:00+00:00,2018-03-12 00:00:00+00:00,15.916666984558105,15.619999885559082,6533.0828719435685,2018-03-12 00:00:00+00:00,15.619999885559082,stop,-2144.1824013070595,206.0316581673528,-1.1063032165566191,0
MSCI,1,2018-02-13 00:00:00+00:00,2018-02-14 00:00:00+00:00,127.4070816040039,120.31940746307373,706.4838124193795,2018-03-15 00:00:00+00:00,140.86459350585938,max_hold,9317.984718306278,189.52959579574937,1.8608700067882453,20
PANW,1,2018-03-26 00:00:00+00:00,2018-03-27 00:00:00+00:00,31.536666870117188,30.238332748413086,3277.250055744045,2018-03-27 00:00:00+00:00,30.238332748413086,stop,-4457.417693672579,202.45212094341667,-1.0475802018801208,0
ZTS,1,2018-03-26 00:00:00+00:00,2018-03-27 00:00:00+00:00,77.86006164550781,74.47370171546936,1327.4269384557567,2018-03-28 00:00:00+00:00,74.47370171546936,stop,-4697.357335561898,202.21194112170568,-1.044984516267663,1
EW,1,2018-03-26 00:00:00+00:00,2018-03-27 00:00:00+00:00,47.106666564941406,45.016666412353516,2194.032199573905,2018-04-02 00:00:00+00:00,45.016666412353516,stop,-4787.64919077646,202.12155888425366,-1.0440781465318199,3
PGR,1,2018-03-29 00:00:00+00:00,2018-04-02 00:00:00+00:00,48.062068939208984,46.89578628540039,2103.7470387773415,2018-04-02 00:00:00+00:00,46.89578628540039,stop,-2653.3309860646277,199.7673067374195,-1.0814192467962347,0
CPRT,1,2018-04-03 00:00:00+00:00,2018-04-04 00:00:00+00:00,12.420000076293945,12.260329842567444,8010.381087226925,2018-04-05 00:00:00+00:00,12.75,target,2441.8038550646634,201.6212925766453,1.9091217975662438,1
PODD,1,2018-04-05 00:00:00+00:00,2018-04-06 00:00:00+00:00,85.69000244140625,83.4000015258789,1171.818007959313,2018-04-06 00:00:00+00:00,83.4000015258789,stop,-2881.6070226730317,198.14271161477643,-1.0738384001599175,0
EG,1,2018-03-28 00:00:00+00:00,2018-03-29 00:00:00+00:00,217.53598022460938,208.52202129364014,459.7549178271692,2018-04-13 00:00:00+00:00,208.52202129364014,stop,-4340.094209082871,195.88226147763072,-1.0472664680171155,10
OKE,1,2018-03-20 00:00:00+00:00,2018-03-21 00:00:00+00:00,34.180816650390625,32.422707080841064,2949.4052078100553,2018-04-19 00:00:00+00:00,35.365760803222656,max_hold,3289.7594175998147,205.1210377270524,0.6344300689201017,20
KDP,1,2018-04-19 00:00:00+00:00,2018-04-20 00:00:00+00:00,15.9878568649292,15.753673553466797,6337.065451534991,2018-04-24 00:00:00+00:00,15.753673553466797,stop,-1685.1831281877123,201.14815579326427,-1.1355413851660905,2
BR,1,2018-03-26 00:00:00+00:00,2018-03-27 00:00:00+00:00,93.78448486328125,90.4248399734497,1102.0324247527874,2018-04-25 00:00:00+00:00,93.46560668945312,max_hold,-557.7697595335908,206.3556724290413,-0.15064933407477998,20
NI,1,2018-04-24 00:00:00+00:00,2018-04-25 00:00:00+00:00,18.11905860900879,17.96487033367157,5475.283306555377,2018-04-26 00:00:00+00:00,18.427435159683228,target,1488.3465727960318,200.1024072448495,1.7629748845120514,1
STX,1,2018-04-10 00:00:00+00:00,2018-04-11 00:00:00+00:00,43.26589584350586,41.11030578613281,2256.119555328927,2018-05-01 00:00:00+00:00,38.06020736694336,stop_gap,-11928.1369827349,183.48141181179312,-2.452699464672831,14
TPL,1,2018-04-25 00:00:00+00:00,2018-04-26 00:00:00+00:00,53.39358139038086,52.29269027709961,1857.45501443082,2018-05-01 00:00:00+00:00,56.47612380981445,target,5521.605839314502,204.07803485813872,2.7002422658978764,3
PODD,1,2018-04-09 00:00:00+00:00,2018-04-10 00:00:00+00:00,85.91999816894531,83.01000213623047,1155.7939688483398,2018-05-04 00:00:00+00:00,83.01000213623047,stop,-3558.6041394946824,195.24827551027033,-1.058051625640044,18
CPRT,1,2018-04-25 00:00:00+00:00,2018-04-26 00:00:00+00:00,12.854999542236328,12.619999885559082,7714.988644389309,2018-05-07 00:00:00+00:00,13.32499885559082,target,3424.060975051313,201.97839034936675,1.8885955887425685,7
KDP,1,2018-04-27 00:00:00+00:00,2018-04-30 00:00:00+00:00,15.872749328613281,15.642537117004395,6337.682119073578,2018-05-08 00:00:00+00:00,15.581677436828613,stop_gap,-2044.0692820056602,199.34815807705047,-1.400995699993786,6
AXON,1,2018-05-04 00:00:00+00:00,2018-05-07 00:00:00+00:00,45.189998626708984,42.262736558914185,1677.1572532553619,2018-05-09 00:00:00+00:00,51.044522762298584,target,9657.557192801542,161.4004255611323,1.967124733228445,2
AES,1,2018-05-10 00:00:00+00:00,2018-05-11 00:00:00+00:00,9.097455024719238,8.720265686511993,11026.324709133023,2018-05-18 00:00:00+00:00,8.720265686511993,stop,-4355.476094034757,196.46397413868016,-1.0472381345557582,5
LULU,1,2018-05-08 00:00:00+00:00,2018-05-09 00:00:00+00:00,98.19000244140625,95.38999938964844,996.6290075540171,2018-05-21 00:00:00+00:00,103.79000854492188,target,5379.829387348162,201.29913789505366,1.9278643604122048,8
HRL,1,2018-05-04 00:00:00+00:00,2018-05-07 00:00:00+00:00,28.21564292907715,27.773292541503906,3479.9694775850435,2018-05-24 00:00:00+00:00,27.560022354125977,stop_gap,-2475.637202484382,194.09761277754666,-1.6082188695190993,13
HAL,1,2018-05-09 00:00:00+00:00,2018-05-10 00:00:00+00:00,45.00185012817383,42.82514953613281,2236.4012974287994,2018-05-25 00:00:00+00:00,42.82514953613281,stop,-5064.392444153097,196.4164159985341,-1.040348681846939,11
ECL,1,2018-05-01 00:00:00+00:00,2018-05-02 00:00:00+00:00,133.0078125,128.5423936843872,744.1858757218537,2018-05-31 00:00:00+00:00,131.5642547607422,max_hold,-1271.166075910611,196.89079556597662,-0.38252398645033847,20
VTR,1,2018-05-21 00:00:00+00:00,2018-05-22 00:00:00+00:00,37.455322265625,36.30229949951172,2703.9074019273776,2018-06-05 00:00:00+00:00,39.76136779785156,target,6026.546803953995,208.78677981496645,1.9330310794089818,9
DVN,1,2018-05-30 00:00:00+00:00,2018-05-31 00:00:00+00:00,29.0410213470459,27.65777015686035,3215.5284077873116,2018-06-05 00:00:00+00:00,27.65777015686035,stop,-4630.200071915256,182.31657476802042,-1.040989512176961,3
NI,1,2018-05-23 00:00:00+00:00,2018-05-24 00:00:00+00:00,18.90195083618164,18.534029006958008,5325.91905728354,2018-06-06 00:00:00+00:00,18.534029006958008,stop,-2158.902880327426,199.38099847465992,-1.1017498198520455,8
DVA,1,2018-06-05 00:00:00+00:00,2018-06-06 00:00:00+00:00,67.7300033569336,66.13999938964844,1472.7209805870953,2018-06-08 00:00:00+00:00,70.9100112915039,target,4479.0863453534785,204.17805832165612,1.9128052397975097,2
CPRT,1,2018-05-25 00:00:00+00:00,2018-05-29 00:00:00+00:00,13.539999961853027,13.037500381469727,7351.755608862594,2018-06-13 00:00:00+00:00,14.544999122619629,target,7182.034167523891,206.4740495441727,1.9441094078863712,11
VTR,1,2018-06-14 00:00:00+00:00,2018-06-15 00:00:00+00:00,39.073848724365234,38.257408142089844,2598.1388828226845,2018-06-18 00:00:00+00:00,38.257408142089844,stop,-2322.143367646371,200.91734532228566,-1.0947175563602383,1
AIZ,1,2018-06-06 00:00:00+00:00,2018-06-07 00:00:00+00:00,82.10041809082031,79.95980072021484,1218.4279210455288,2018-06-20 00:00:00+00:00,86.38165283203125,target,5011.09268583356,205.28325940797538,1.9212927666399358,9
ADI,1,2018-06-20 00:00:00+00:00,2018-06-21 00:00:00+00:00,87.46915435791016,85.36312866210938,1187.4354437611207,2018-06-22 00:00:00+00:00,85.36312866210938,stop,-2705.9967353496486,205.2271786841245,-1.0820656098188313,1
ULTA,1,2018-06-04 00:00:00+00:00,2018-06-05 00:00:00+00:00,252.44000244140625,241.48176956176758,387.0898776283352,2018-06-25 00:00:00+00:00,241.48176956176758,stop,-4433.013142684812,191.19211828267902,-1.0450731224120016,14
DVN,1,2018-06-06 00:00:00+00:00,2018-06-07 00:00:00+00:00,29.08991813659668,27.05951738357544,2463.391564018014,2018-07-06 00:00:00+00:00,30.55150604248047,max_hold,3453.5431362361223,146.92018118875865,0.6904777195431063,20
DXCM,1,2018-06-08 00:00:00+00:00,2018-06-11 00:00:00+00:00,23.184999465942383,21.922500610351562,4013.9868004034265,2018-07-10 00:00:00+00:00,25.190000534057617,max_hold,7853.871210739807,194.17661146951576,1.549804231069642,20
TPL,1,2018-06-26 00:00:00+00:00,2018-06-27 00:00:00+00:00,70.41786193847656,68.25670623779297,1420.8661729516814,2018-07-11 00:00:00+00:00,74.74017333984375,target,5935.1759171069225,206.25014205909213,1.9328331432888404,9
AXON,1,2018-06-18 00:00:00+00:00,2018-06-19 00:00:00+00:00,65.5,61.56999969482422,1288.2724635923157,2018-07-18 00:00:00+00:00,70.9000015258789,max_hold,6780.952903146544,175.72036599973964,1.3393387062644508,20
OKE,1,2018-06-22 00:00:00+00:00,2018-06-25 00:00:00+00:00,41.712318420410156,40.326290130615234,2469.5641872715087,2018-07-24 00:00:00+00:00,42.04688262939453,max_hold,619.3790655835614,206.84872326707182,0.18095230074393337,20
SNA,1,2018-07-19 00:00:00+00:00,2018-07-20 00:00:00+00:00,139.5035400390625,133.38015270233154,765.944086562695,2018-07-24 00:00:00+00:00,133.38015270233154,stop,-4899.185971076628,209.01365077466218,-1.0445641730198103,2
PG,1,2018-07-24 00:00:00+00:00,2018-07-25 00:00:00+00:00,63.93400955200195,62.97566223144531,1648.4235788182618,2018-08-02 00:00:00+00:00,65.85070419311523,target,2945.5844574981093,213.94018230762975,1.8645744491989253,6
ALGN,1,2018-07-06 00:00:00+00:00,2018-07-09 00:00:00+00:00,350.5799865722656,332.010009765625,276.14557575230526,2018-08-06 00:00:00+00:00,362.1099853515625,max_hold,2987.1519687025125,196.80618262979982,0.5825160106556931,20
D,1,2018-07-10 00:00:00+00:00,2018-07-11 00:00:00+00:00,48.12207794189453,46.86176681518555,2164.8766152845806,2018-08-08 00:00:00+00:00,49.445072174072266,max_hold,2652.8984336919393,211.2208417060168,0.9723210849226503,20
AEE,1,2018-07-11 00:00:00+00:00,2018-07-12 00:00:00+00:00,48.681640625,47.155314564704895,2132.6129879776167,2018-08-09 00:00:00+00:00,49.66447448730469,max_hold,1886.2700573695386,209.73420240564275,0.5794880728311571,20
VZ,1,2018-07-24 00:00:00+00:00,2018-07-25 00:00:00+00:00,33.16043472290039,32.15985548496246,3178.1950301492907,2018-08-17 00:00:00+00:00,35.161593198776245,target,6142.931192979377,217.14072959039376,1.9317175238789883,17
AMD,1,2018-08-17 00:00:00+00:00,2018-08-20 00:00:00+00:00,19.790000915527344,18.729999542236328,5093.575632403155,2018-08-23 00:00:00+00:00,21.910003662109375,target,10585.992203430245,212.4021271877504,1.9606604240066505,3
COST,1,2018-08-02 00:00:00+00:00,2018-08-03 00:00:00+00:00,198.24237060546875,192.94715070724487,535.4473738265019,2018-08-27 00:00:00+00:00,208.8328104019165,target,5452.655840055271,217.96733662035234,1.9231240271732764,16
MSI,1,2018-08-09 00:00:00+00:00,2018-08-10 00:00:00+00:00,108.56805419921875,105.03529739379883,975.501291377306,2018-08-30 00:00:00+00:00,115.6335678100586,target,6673.708679819263,218.70897179893666,1.9365363554985418,14
RL,1,2018-08-17 00:00:00+00:00,2018-08-20 00:00:00+00:00,116.40849304199219,112.43902587890625,927.6294236299989,2018-09-04 00:00:00+00:00,112.43902587890625,stop,-3894.4802286873633,212.28569207574827,-1.0576519491202916,10
DIS,1,2018-08-27 00:00:00+00:00,2018-08-28 00:00:00+00:00,106.99604034423828,105.9219741821289,1047.2919783776322,2018-09-04 00:00:00+00:00,105.9219741821289,stop,-1347.8482044895545,222.9873286655565,-1.1982354737888905,4
BSX,1,2018-08-08 00:00:00+00:00,2018-08-09 00:00:00+00:00,34.220001220703125,32.900001525878906,3116.4154343213,2018-09-07 00:00:00+00:00,36.31999969482422,max_hold,6324.635709211968,219.83194759018807,1.5374688957604832,20
CASY,1,2018-09-04 00:00:00+00:00,2018-09-05 00:00:00+00:00,109.58865356445312,106.53955841064453,1021.3739317983666,2018-09-11 00:00:00+00:00,115.68684387207031,target,5998.442090791083,230.09052055457482,1.9261172623113665,4
CVNA,1,2018-09-10 00:00:00+00:00,2018-09-11 00:00:00+00:00,13.73799991607666,12.251949071884155,3773.389560830476,2018-09-13 00:00:00+00:00,12.251949071884155,stop,-5705.5189445370015,98.07020219768793,-1.0174892730551781,2
WRB,1,2018-09-11 00:00:00+00:00,2018-09-12 00:00:00+00:00,19.434215545654297,19.236263275146484,5860.1441923217435,2018-09-14 00:00:00+00:00,19.830120086669922,target,2089.9630283253837,230.09466842113648,1.8016474601094579,2
ES,1,2018-08-30 00:00:00+00:00,2018-08-31 00:00:00+00:00,46.55522155761719,45.90779495239258,2401.339003173481,2018-09-19 00:00:00+00:00,45.90779495239258,stop,-1776.7258067146142,222.03504789655997,-1.1428162138593794,12
EXC,1,2018-09-17 00:00:00+00:00,2018-09-18 00:00:00+00:00,23.89287567138672,23.62345314025879,4722.093739881583,2018-09-19 00:00:00+00:00,23.62345314025879,stop,-1496.6150064458739,224.37655882362617,-1.1763636048281476,1
HPE,1,2018-09-07 00:00:00+00:00,2018-09-10 00:00:00+00:00,12.90186882019043,12.61325454711914,8711.333109689063,2018-09-21 00:00:00+00:00,13.479097366333008,target,4798.616761663273,229.81338420624925,1.908594381331906,9
HUM,1,2018-08-23 00:00:00+00:00,2018-08-24 00:00:00+00:00,306.70660400390625,299.9451599121094,362.1994765936206,2018-09-24 00:00:00+00:00,313.961669921875,max_hold,2402.975354186313,224.80572395418392,0.9812101607246827,20
UAL,1,2018-09-21 00:00:00+00:00,2018-09-24 00:00:00+00:00,89.83000183105469,87.11000061035156,1264.998406100378,2018-09-24 00:00:00+00:00,87.11000061035156,stop,-3664.6260298443112,223.8288210637759,-1.06505144229151,0
DXCM,1,2018-09-24 00:00:00+00:00,2018-09-25 00:00:00+00:00,35.73500061035156,33.8025016784668,2911.034630177812,2018-10-01 00:00:00+00:00,33.8025016784668,stop,-5827.997390757004,202.42607725881908,-1.0359832034789267,4
AAPL,1,2018-09-24 00:00:00+00:00,2018-09-25 00:00:00+00:00,51.91335678100586,50.86210632324219,2167.292451239246,2018-10-01 00:00:00+00:00,54.0158576965332,target,4327.154776043142,229.57958690287347,1.8992350360513681,4
JNJ,1,2018-10-01 00:00:00+00:00,2018-10-02 00:00:00+00:00,112.30036163330078,110.38843536376953,1007.8231993695497,2018-10-04 00:00:00+00:00,110.38843536376953,stop,-2151.314585771016,224.43093585334358,-1.1164735275339186,2
FTNT,1,2018-09-24 00:00:00+00:00,2018-09-25 00:00:00+00:00,17.649999618530273,16.626575469970703,5496.813145767527,2018-10-08 00:00:00+00:00,16.626575469970703,stop,-5813.983242036546,188.41192853835992,-1.033492052280322,9
ECL,1,2018-10-05 00:00:00+00:00,2018-10-08 00:00:00+00:00,144.7623291015625,142.26373291015625,765.6684181175837,2018-10-09 00:00:00+00:00,142.26373291015625,stop,-2132.862984247675,219.76679085903217,-1.1148749297701346,1
ALL,1,2018-09-14 00:00:00+00:00,2018-09-17 00:00:00+00:00,83.37655639648438,81.15966820716858,1360.3109098114944,2018-10-10 00:00:00+00:00,81.15966820716858,stop,-3239.4776111460706,223.82042138754355,-1.074219451119199,17
TSCO,1,2018-10-09 00:00:00+00:00,2018-10-10 00:00:00+00:00,15.5784330368042,15.171296119689941,7137.177159971811,2018-10-10 00:00:00+00:00,15.171296119689941,stop,-3125.2745704202666,219.46626461104927,-1.0755267524606829,0
TJX,1,2018-09-19 00:00:00+00:00,2018-09-20 00:00:00+00:00,49.11931228637695,48.20303726196289,2295.1525516602205,2018-10-11 00:00:00+00:00,48.20303726196289,stop,-2326.3605992059065,223.3696388994401,-1.106215215907009,15
HWM,1,2018-10-01 00:00:00+00:00,2018-10-02 00:00:00+00:00,16.614633560180664,16.045848846435547,6812.001561255013,2018-10-11 00:00:00+00:00,16.045848846435547,stop,-4097.045615194936,222.48325714521152,-1.0574215192802316,7
CASY,1,2018-10-11 00:00:00+00:00,2018-10-12 00:00:00+00:00,119.24903106689453,115.93392181396484,902.0516287895999,2018-10-12 00:00:00+00:00,115.93392181396484,stop,-3202.546866930425,212.14716570972695,-1.0709427457550664,0
TJX,1,2018-10-15 00:00:00+00:00,2018-10-16 00:00:00+00:00,49.66279602050781,48.13117599487305,2153.0860503289555,2018-10-19 00:00:00+00:00,48.13117599487305,stop,-3508.268548551268,210.55883695257677,-1.0638500217930038,3
BG,1,2018-10-15 00:00:00+00:00,2018-10-16 00:00:00+00:00,53.80638122558594,51.63056182861328,1987.278662799968,2018-10-23 00:00:00+00:00,51.63056182861328,stop,-4533.492048912518,209.5325872024654,-1.048458499451241,5
LLY,1,2018-10-16 00:00:00+00:00,2018-10-17 00:00:00+00:00,99.97906494140625,96.12118601799011,1075.9991827138235,2018-10-24 00:00:00+00:00,96.12118601799011,stop,-4362.078278366936,211.00370976228618,-1.0508311056029074,5
PFE,1,2018-10-19 00:00:00+00:00,2018-10-22 00:00:00+00:00,28.879615783691406,27.930818557739258,3676.901142471192,2018-10-24 00:00:00+00:00,27.930818557739258,stop,-3697.5199550112434,208.88635093429104,-1.0598762652203368,2
CASY,1,2018-10-15 00:00:00+00:00,2018-10-16 00:00:00+00:00,119.37251281738281,115.56346893310547,895.7528899108256,2018-10-26 00:00:00+00:00,115.56346893310547,stop,-3622.4066517356237,210.44458459703685,-1.06167846548585,8
SBUX,1,2018-10-29 00:00:00+00:00,2018-10-30 00:00:00+00:00,49.05083465576172,48.17778015136719,2099.526357875652,2018-11-02 00:00:00+00:00,52.039398193359375,target,6062.326310981865,212.24160839051683,3.307323071142066,3
PM,1,2018-11-02 00:00:00+00:00,2018-11-05 00:00:00+00:00,59.709922790527344,58.6192741394043,1747.4822204273084,2018-11-13 00:00:00+00:00,58.6192741394043,stop,-2112.667294363048,206.77816779249721,-1.1084943320730167,6
CDW,1,2018-11-15 00:00:00+00:00,2018-11-16 00:00:00+00:00,79.24593353271484,77.92877960205078,1341.1346989059475,2018-11-20 00:00:00+00:00,77.58597564697266,stop_gap,-2436.559834587947,210.33271529654508,-1.379329896548928,2
MRK,1,2018-10-29 00:00:00+00:00,2018-10-30 00:00:00+00:00,53.58003616333008,51.10204577445984,1922.050218884579,2018-11-28 00:00:00+00:00,57.399192810058594,max_hold,7127.303217459094,213.3076513399435,1.496445439986453,20
WELL,1,2018-11-05 00:00:00+00:00,2018-11-06 00:00:00+00:00,52.919593811035156,50.32634735107422,1979.7529804952703,2018-12-04 00:00:00+00:00,58.10608673095703,target,10048.171394568424,219.80342196452477,1.9571866067278214,19
AMT,1,2018-11-05 00:00:00+00:00,2018-11-06 00:00:00+00:00,126.52806091308594,121.2005386352539,828.019672616041,2018-12-06 00:00:00+00:00,132.22096252441406,max_hold,4499.585246770807,214.24928167643907,1.020014990927825,20
MCD,1,2018-12-06 00:00:00+00:00,2018-12-07 00:00:00+00:00,154.4791259765625,151.78683471679688,696.1265851349506,2018-12-10 00:00:00+00:00,151.78683471679688,stop,-2087.375398209862,213.19987736054327,-1.1137566225728568,1
GEN,1,2018-11-28 00:00:00+00:00,2018-11-29 00:00:00+00:00,11.007560729980469,10.480106353759766,9727.8667144963,2018-12-14 00:00:00+00:00,10.480106353759766,stop,-5340.035031248881,209.02916139609442,-1.0407384373937758,10
HRL,1,2018-11-21 00:00:00+00:00,2018-11-23 00:00:00+00:00,36.080326080322266,34.72978365421295,2925.1199571563234,2018-12-17 00:00:00+00:00,34.72978365421295,stop,-4157.626668751592,207.12806515291823,-1.052430866565612,15
DECK,1,2018-11-26 00:00:00+00:00,2018-11-27 00:00:00+00:00,21.165000915527344,19.80500030517578,3905.320654680588,2018-12-17 00:00:00+00:00,19.80500030517578,stop,-5471.239465973665,160.00099198950085,-1.0301249873778455,13
PG,1,2018-12-10 00:00:00+00:00,2018-12-11 00:00:00+00:00,76.78916931152344,74.62609100341797,1382.3330925604687,2018-12-20 00:00:00+00:00,74.62609100341797,stop,-3199.4010521459004,209.30632505200137,-1.069999897714086,7
DELL,1,2018-12-11 00:00:00+00:00,2018-12-12 00:00:00+00:00,27.074613571166992,26.210371017456055,3951.215229854218,2018-12-20 00:00:00+00:00,26.210371017456055,stop,-3625.348783139873,210.5404426291147,-1.0616551272091668,6
MRVL,1,2019-01-18 00:00:00+00:00,2019-01-22 00:00:00+00:00,16.133502960205078,15.719575881958008,6374.619759733619,2019-01-24 00:00:00+00:00,16.96135711669922,target,5066.288315173302,210.9671489918534,1.9200466415073472,2
BIIB,1,2019-01-29 00:00:00+00:00,2019-01-30 00:00:00+00:00,326.20001220703125,321.85183811187744,320.9234870338719,2019-01-30 00:00:00+00:00,321.85183811187744,stop,-1603.4062524302078,207.975059583097,-1.1490399961310622,0
BIIB,1,2019-01-31 00:00:00+00:00,2019-02-01 00:00:00+00:00,333.75,321.4200134277344,317.62947340067353,2019-02-07 00:00:00+00:00,321.4200134277344,stop,-4124.468448339069,208.1013063529635,-1.053136311997406,4
PFG,1,2019-01-31 00:00:00+00:00,2019-02-01 00:00:00+00:00,37.32533645629883,35.11537575721741,2398.4326235199064,2019-02-08 00:00:00+00:00,35.11537575721741,stop,-5474.186004817653,173.74416744391428,-1.0327791857310524,5
LULU,1,2019-02-07 00:00:00+00:00,2019-02-08 00:00:00+00:00,147.1300048828125,143.05999755859375,696.5370115683617,2019-02-12 00:00:00+00:00,155.27001953125,target,5459.188668041774,210.6328093035707,1.925700373408515,2
LEN,1,2019-01-24 00:00:00+00:00,2019-01-25 00:00:00+00:00,39.7056884765625,37.8223876953125,2615.7008834687317,2019-02-19 00:00:00+00:00,43.4722900390625,target,9634.734322817492,217.5687118884635,1.9558339382940109,16
COO,1,2019-02-08 00:00:00+00:00,2019-02-11 00:00:00+00:00,69.32198333740234,67.58332061767578,1476.8890830879802,2019-02-22 00:00:00+00:00,72.79930877685547,target,4925.726595074529,209.8973847979052,1.9182582737285534,8
REGN,1,2019-01-24 00:00:00+00:00,2019-01-25 00:00:00+00:00,407.0091857910156,389.4944763183594,255.17410430192643,2019-02-25 00:00:00+00:00,420.9674377441406,max_hold,3350.5062464657703,211.27819329351684,0.7496713177051934,20
MRVL,1,2019-01-24 00:00:00+00:00,2019-01-25 00:00:00+00:00,17.153881072998047,16.036083102226257,4645.660805555468,2019-02-25 00:00:00+00:00,19.25239372253418,max_hold,9579.846762018484,169.13120389388598,1.8447934498546354,20
MGM,1,2019-02-20 00:00:00+00:00,2019-02-21 00:00:00+00:00,28.087968826293945,26.521589875221252,3453.342443882013,2019-02-27 00:00:00+00:00,26.521589875221252,stop,-5597.828421848326,188.58550690560872,-1.0348635677618863,4
VTR,1,2019-02-22 00:00:00+00:00,2019-02-25 00:00:00+00:00,48.0940055847168,46.77196502685547,2238.304094411,2019-02-27 00:00:00+00:00,46.77196502685547,stop,-3171.4676840785687,212.33889044015578,-1.0717572316881394,2
DOC,1,2019-02-26 00:00:00+00:00,2019-02-27 00:00:00+00:00,20.65950584411621,20.403873443603516,5181.37150813636,2019-02-27 00:00:00+00:00,20.403873443603516,stop,-1537.2910600421696,212.7646234691877,-1.1606344861033389,0
LULU,1,2019-02-26 00:00:00+00:00,2019-02-27 00:00:00+00:00,150.0,147.02999877929688,713.6304996858689,2019-03-04 00:00:00+00:00,147.02999877929688,stop,-2331.4531216485743,211.96966645056267,-1.10001005949384,3
STLD,1,2019-03-04 00:00:00+00:00,2019-03-05 00:00:00+00:00,32.56978225708008,31.994625091552734,3284.269666711563,2019-03-06 00:00:00+00:00,31.994625091552734,stop,-2101.0181569375804,212.04692460432386,-1.1122552429463965,1
MCD,1,2019-03-06 00:00:00+00:00,2019-03-07 00:00:00+00:00,152.76998901367188,150.7400360107422,699.602349213981,2019-03-08 00:00:00+00:00,150.7400360107422,stop,-1632.4962161606588,212.33632651707427,-1.149515789078062,1
AMT,1,2019-02-28 00:00:00+00:00,2019-03-01 00:00:00+00:00,143.8822021484375,140.21578979492188,739.4526038434511,2019-03-11 00:00:00+00:00,151.21502685546875,target,5204.065908767924,218.21041437392566,1.9195133551410428,6
CPT,1,2019-02-28 00:00:00+00:00,2019-03-01 00:00:00+00:00,76.05311584472656,74.92146301269531,1398.9442489458393,2019-03-12 00:00:00+00:00,78.31642150878906,target,2950.2840658536475,215.9543764931306,1.8635893155708971,7
IR,1,2019-03-08 00:00:00+00:00,2019-03-11 00:00:00+00:00,24.786991119384766,24.107378005981445,4294.983798815711,2019-03-13 00:00:00+00:00,26.146217346191406,target,5619.097317878578,218.7573051813529,1.9250555831530143,2
TSN,1,2019-02-12 00:00:00+00:00,2019-02-13 00:00:00+00:00,49.16228103637695,46.77592468261719,2153.558398185872,2019-03-14 00:00:00+00:00,51.79746627807617,max_hold,5457.602596329056,217.4227117077641,1.061964400409867,20
CRH,1,2019-03-11 00:00:00+00:00,2019-03-12 00:00:00+00:00,25.386865615844727,24.779335021972656,4274.3250866944245,2019-03-27 00:00:00+00:00,24.779335021972656,stop,-2811.2099082121213,214.4266498903687,-1.0825739495982998,11
CSGP,1,2019-02-27 00:00:00+00:00,2019-02-28 00:00:00+00:00,45.63999938964844,43.06863570213318,2066.0775681663868,2019-03-28 00:00:00+00:00,46.064998626708984,max_hold,688.6117508882853,189.46963929033907,0.12961769689073266,20
ALL,1,2019-03-14 00:00:00+00:00,2019-03-15 00:00:00+00:00,78.7416000366211,77.54777526855469,1380.2758053196744,2019-04-05 00:00:00+00:00,81.1292495727539,target,3074.949020615144,220.66586569172063,1.8660851626756647,15
MRVL,1,2019-03-12 00:00:00+00:00,2019-03-13 00:00:00+00:00,19.136871337890625,18.033541321754456,4907.031249133109,2019-04-10 00:00:00+00:00,20.970226287841797,max_hold,8799.523248801765,196.8067813615013,1.6253050547879977,20
CL,1,2019-03-13 00:00:00+00:00,2019-03-14 00:00:00+00:00,55.628807067871094,54.240609645843506,1959.481423186307,2019-04-11 00:00:00+00:00,57.19452667236328,max_hold,2846.9232523551154,221.07522656593815,1.0466063743511833,20
AWK,1,2019-04-05 00:00:00+00:00,2019-04-08 00:00:00+00:00,90.36388397216797,88.8448715209961,1230.7264090753335,2019-04-16 00:00:00+00:00,88.8448715209961,stop,-2090.0456874944434,220.55694812296127,-1.1179771471622302,6
BALL,1,2019-04-10 00:00:00+00:00,2019-04-11 00:00:00+00:00,53.46818542480469,52.633609771728516,2076.644199717547,2019-04-16 00:00:00+00:00,52.633609771728516,stop,-1953.4523667606159,220.33567757449975,-1.127132626988879,3
EW,1,2019-04-16 00:00:00+00:00,2019-04-17 00:00:00+00:00,63.5533332824707,62.29666519165039,1757.155190348375,2019-04-17 00:00:00+00:00,62.29666519165039,stop,-2429.298836354232,221.13797802413697,-1.1001457738868583,0
J,1,2019-03-28 00:00:00+00:00,2019-03-29 00:00:00+00:00,58.62240219116211,56.52842450141907,1846.1957554454139,2019-04-24 00:00:00+00:00,62.81035757064819,target,7507.596799957719,224.18864564427682,1.9420085704080678,17
CMG,1,2019-04-24 00:00:00+00:00,2019-04-25 00:00:00+00:00,14.220199584960938,13.745489656925201,7949.364588767237,2019-04-25 00:00:00+00:00,13.745489656925201,stop,-3995.9517516234423,222.30945975991855,-1.0589111109548583,0
MRSH,1,2019-03-28 00:00:00+00:00,2019-03-29 00:00:00+00:00,82.97254943847656,80.96073913574219,1304.3883890730376,2019-04-29 00:00:00+00:00,83.55575561523438,max_hold,543.5097778344949,217.2175875640734,0.20711588519939933,20
ALGN,1,2019-04-22 00:00:00+00:00,2019-04-23 00:00:00+00:00,292.1000061035156,272.5025806427002,282.85498523197987,2019-05-02 00:00:00+00:00,331.2948570251465,target,10910.128633803599,176.33034480394983,1.9681899612591907,7
FAST,1,2019-04-11 00:00:00+00:00,2019-04-12 00:00:00+00:00,14.229484558105469,13.721251904964447,7843.347868355902,2019-05-07 00:00:00+00:00,13.721251904964447,stop,-4205.472845899095,219.227349256597,-1.05499594780132,16
KLAC,1,2019-04-16 00:00:00+00:00,2019-04-17 00:00:00+00:00,11.437763214111328,11.046786308288574,9763.540943342576,2019-05-07 00:00:00+00:00,10.895496368408203,stop_gap,-5512.496244571919,218.05169433222738,-1.444075332525142,13
LITE,1,2019-04-29 00:00:00+00:00,2019-04-30 00:00:00+00:00,62.5099983215332,59.09900450706482,1660.335032184907,2019-05-07 00:00:00+00:00,59.0,stop_gap,-6029.5204831257715,201.7473069739708,-1.0646481692376568,5
NDSN,1,2019-05-02 00:00:00+00:00,2019-05-03 00:00:00+00:00,134.80126953125,131.66720581054688,849.9972755312187,2019-05-09 00:00:00+00:00,131.66720581054688,stop,-2890.443101994376,226.4974780554851,-1.0850233112943903,4
FSLR,1,2019-05-07 00:00:00+00:00,2019-05-08 00:00:00+00:00,61.470001220703125,58.56999969482422,1788.989583872687,2019-05-09 00:00:00+00:00,58.56999969482422,stop,-5402.822834298207,214.75031128594622,-1.0413930819843782,1
MTD,1,2019-04-25 00:00:00+00:00,2019-04-26 00:00:00+00:00,731.0399780273438,709.719970703125,153.05265041679053,2019-05-10 00:00:00+00:00,709.719970703125,stop,-3483.595756644623,220.51212876755747,-1.0675778355429464,10
NSC,1,2019-05-09 00:00:00+00:00,2019-05-10 00:00:00+00:00,174.0120391845703,170.99606323242188,623.4488678381265,2019-05-10 00:00:00+00:00,170.99606323242188,stop,-2095.401703640813,215.09491084685416,-1.1143935190103968,0
J,1,2019-05-07 00:00:00+00:00,2019-05-08 00:00:00+00:00,61.01420974731445,58.75104856491089,1802.353785452733,2019-05-13 00:00:00+00:00,58.75104856491089,stop,-4294.876490879512,215.85936668476376,-1.0529194558670498,3
IVZ,1,2019-05-10 00:00:00+00:00,2019-05-13 00:00:00+00:00,14.867302894592285,14.665717124938965,7233.789029719821,2019-05-13 00:00:00+00:00,14.665717124938965,stop,-1671.8645652975963,213.635636231781,-1.1465034961065013,0
BR,1,2019-05-09 00:00:00+00:00,2019-05-10 00:00:00+00:00,102.1004409790039,100.3222885131836,1062.5576910302827,2019-05-15 00:00:00+00:00,105.65674591064453,target,3558.0251599672583,220.75399679641177,1.8831612075549415,3
GPN,1,2019-05-14 00:00:00+00:00,2019-05-15 00:00:00+00:00,137.4242706298828,134.47366333007812,773.5439308513468,2019-05-16 00:00:00+00:00,143.3254852294922,target,4347.676468446175,217.1722697330169,1.904850179189227,1
ALGN,1,2019-05-14 00:00:00+00:00,2019-05-15 00:00:00+00:00,319.0,308.1499938964844,333.24047177874246,2019-05-23 00:00:00+00:00,308.1499938964844,stop,-3824.652912579882,208.9917598420999,-1.057801810239837,6
SBUX,1,2019-05-15 00:00:00+00:00,2019-05-16 00:00:00+00:00,66.19181823730469,64.84512329101562,1627.320083443172,2019-05-23 00:00:00+00:00,64.84512329101562,stop,-2404.742778989619,213.23904662200425,-1.0973026162230757,5
CMCSA,1,2019-05-16 00:00:00+00:00,2019-05-17 00:00:00+00:00,32.7725830078125,32.0723762512207,3353.420308621704,2019-05-29 00:00:00+00:00,32.0723762512207,stop,-2565.5399610800546,217.45240329098897,-1.0926083026885676,7
SBAC,1,2019-05-23 00:00:00+00:00,2019-05-24 00:00:00+00:00,191.419189453125,184.39334917068481,558.8631216768044,2019-05-29 00:00:00+00:00,184.39334917068481,stop,-4136.5108011477505,210.027768500587,-1.0534900486655077,2
ICE,1,2019-05-23 00:00:00+00:00,2019-05-24 00:00:00+00:00,74.07268524169922,73.08274841308594,1444.2182758401514,2019-06-04 00:00:00+00:00,76.05255889892578,target,2642.556098368226,216.81362125285523,1.8483486624586716,6
LMT,1,2019-05-29 00:00:00+00:00,2019-05-30 00:00:00+00:00,278.6496276855469,274.7813720703125,380.1382354240172,2019-06-04 00:00:00+00:00,286.3861389160156,target,2726.1520282211077,214.79169926737478,1.853930085598201,3
PEP,1,2019-05-10 00:00:00+00:00,2019-05-13 00:00:00+00:00,100.5104751586914,98.79337310791016,1070.007204827382,2019-06-05 00:00:00+00:00,103.9446792602539,target,3455.8546432272556,218.76848829236647,1.8809301087690613,16
AXON,1,2019-05-14 00:00:00+00:00,2019-05-15 00:00:00+00:00,65.37999725341797,61.82324552536011,1494.3931798616882,2019-06-13 00:00:00+00:00,70.63999938964844,max_hold,7657.243963132514,203.26735530820815,1.4406353131612353,20
ACGL,1,2019-05-29 00:00:00+00:00,2019-05-30 00:00:00+00:00,32.663360595703125,31.883625030517578,3242.5450660804618,2019-06-19 00:00:00+00:00,34.22283172607422,target,4839.773926577823,216.881492901888,1.914219390126368,14
PSA,1,2019-06-19 00:00:00+00:00,2019-06-20 00:00:00+00:00,180.2163848876953,176.23208618164062,615.4502243926905,2019-06-26 00:00:00+00:00,176.23208618164062,stop,-2671.513824192918,219.37629150405428,-1.089463290121211,4
VRSK,1,2019-06-04 00:00:00+00:00,2019-06-05 00:00:00+00:00,135.1248779296875,132.2366943359375,793.5879070541374,2019-07-01 00:00:00+00:00,140.9012451171875,target,4365.004153423281,219.05099328103734,1.9044291631445478,18
LMT,1,2019-06-13 00:00:00+00:00,2019-06-14 00:00:00+00:00,287.9437255859375,281.1715393066406,380.87763276576095,2019-07-01 00:00:00+00:00,301.48809814453125,target,4934.2471597154545,224.50139769926622,1.912962845465074,11
MET,1,2019-06-04 00:00:00+00:00,2019-06-05 00:00:00+00:00,37.7719841003418,36.07917606830597,2838.968394731379,2019-07-03 00:00:00+00:00,39.382808685302734,max_hold,4354.040067939899,219.04001822049344,0.9059915614476677,20
EQIX,1,2019-06-05 00:00:00+00:00,2019-06-06 00:00:00+00:00,433.9041748046875,418.3165645599365,249.55908207066392,2019-07-05 00:00:00+00:00,451.55499267578125,max_hold,4183.947528659147,220.97437704748006,1.075556704354916,20
NDAQ,1,2019-07-01 00:00:00+00:00,2019-07-02 00:00:00+00:00,29.271869659423828,28.376562118530273,3822.5488805442174,2019-07-10 00:00:00+00:00,31.062484741210938,target,6614.082657498402,230.6310188725045,1.9326104699839581,5
MRK,1,2019-07-01 00:00:00+00:00,2019-07-02 00:00:00+00:00,64.42543029785156,63.29650115966797,1736.7854910826752,2019-07-11 00:00:00+00:00,63.29650115966797,stop,-2182.53334510621,221.82559744847583,-1.1131354724912315,6
WSM,1,2019-07-11 00:00:00+00:00,2019-07-12 00:00:00+00:00,27.54627227783203,26.6215877532959,4149.310201476064,2019-07-15 00:00:00+00:00,29.395641326904297,target,7437.336198597939,236.26966301170114,1.9384201724006347,1
HIG,1,2019-06-27 00:00:00+00:00,2019-06-28 00:00:00+00:00,47.6692008972168,46.702823638916016,2309.4026481502465,2019-07-16 00:00:00+00:00,49.60195541381836,target,4238.870132890657,224.63826597334116,1.8993445308490902,11
HSY,1,2019-07-15 00:00:00+00:00,2019-07-16 00:00:00+00:00,116.94374084472656,114.8990707397461,990.8965363416698,2019-07-17 00:00:00+00:00,121.0330810546875,target,3816.302641423282,235.81040854972784,1.883611140340076,1
EW,1,2019-07-09 00:00:00+00:00,2019-07-10 00:00:00+00:00,63.0099983215332,61.02066421508789,1804.5006332578673,2019-07-24 00:00:00+00:00,72.72000122070312,target,17276.781510361798,244.9248701260555,4.812802871376743,10
TTWO,1,2019-07-10 00:00:00+00:00,2019-07-11 00:00:00+00:00,115.80999755859375,113.01000213623047,987.3718073642182,2019-07-26 00:00:00+00:00,121.40998840332031,target,5295.0487552986115,234.22432628212954,1.9152784379334118,11
COO,1,2019-07-17 00:00:00+00:00,2019-07-18 00:00:00+00:00,82.77670288085938,81.66255187988281,1407.8637469756504,2019-07-29 00:00:00+00:00,85.0050048828125,target,2900.931822096933,236.21378376613666,1.849408466521495,7
NWS,1,2019-07-26 00:00:00+00:00,2019-07-29 00:00:00+00:00,12.694693565368652,12.508827209472656,9592.112656631254,2019-07-31 00:00:00+00:00,12.508827209472656,stop,-2024.6060354479373,241.75501061602407,-1.135600230893558,2
TGT,1,2019-07-16 00:00:00+00:00,2019-07-17 00:00:00+00:00,72.11993408203125,70.1787109375,1609.8444233717303,2019-08-01 00:00:00+00:00,70.1787109375,stop,-3354.145933881813,229.0786801380458,-1.0733036000628833,11
HII,1,2019-07-24 00:00:00+00:00,2019-07-25 00:00:00+00:00,199.8466033935547,193.7229461669922,609.370935751364,2019-08-01 00:00:00+00:00,179.61129760742188,stop_gap,-12562.037838321954,231.23061621121354,-3.3664137172331308,5
COR,1,2019-07-29 00:00:00+00:00,2019-07-30 00:00:00+00:00,69.8685302734375,68.47118377685547,1745.8098115772377,2019-08-01 00:00:00+00:00,73.40642547607422,target,5926.361333594431,250.13082350079213,2.4293332077552647,2
SYK,1,2019-08-01 00:00:00+00:00,2019-08-02 00:00:00+00:00,197.64837646484375,193.55471801757812,604.9466366053116,2019-08-05 00:00:00+00:00,193.55471801757812,stop,-2713.1019053209934,236.65699623673106,-1.0955631984255374,1
LDOS,1,2019-08-01 00:00:00+00:00,2019-08-02 00:00:00+00:00,74.0818099975586,72.62922668457031,1613.9821715593616,2019-08-05 00:00:00+00:00,72.62922668457031,stop,-2581.2325674436656,236.78899757594758,-1.1010000840367031,1
DVA,1,2019-07-11 00:00:00+00:00,2019-07-12 00:00:00+00:00,56.40999984741211,52.803396701812744,1584.5661965124675,2019-08-09 00:00:00+00:00,59.79999923706055,max_hold,5187.536002788811,184.14243624600016,0.9077209935222603,20
BALL,1,2019-08-01 00:00:00+00:00,2019-08-02 00:00:00+00:00,68.25481414794922,66.00232863426208,1751.7697772018641,2019-08-13 00:00:00+00:00,72.75978517532349,target,7644.6469796855345,247.02511323873958,1.9373960016761913,7
EIX,1,2019-07-31 00:00:00+00:00,2019-08-01 00:00:00+00:00,53.924781799316406,51.4772891998291,2244.5374701370015,2019-08-29 00:00:00+00:00,52.409969329833984,max_hold,-3638.72568127113,238.6723332870709,-0.6623706322753199,20
KLAC,1,2019-08-06 00:00:00+00:00,2019-08-07 00:00:00+00:00,12.311864852905273,11.582539558410645,8125.794527022574,2019-09-03 00:00:00+00:00,13.792444229125977,target,11818.76554024621,212.1182518704752,1.9942748155286738,18
ZBRA,1,2019-08-05 00:00:00+00:00,2019-08-06 00:00:00+00:00,201.14999389648438,190.3699951171875,544.9643939202147,2019-09-04 00:00:00+00:00,202.27000427246094,max_hold,390.5162409309858,219.84953479743336,0.06647406854848985,20
WDC,1,2019-08-13 00:00:00+00:00,2019-08-14 00:00:00+00:00,39.586856842041016,37.549835205078125,2966.014450063389,2019-09-04 00:00:00+00:00,43.6609001159668,target,11836.75717057461,246.91405007281622,1.9591326103525704,14
TXN,1,2019-08-13 00:00:00+00:00,2019-08-14 00:00:00+00:00,99.28953552246094,96.28700256347656,1217.013571174769,2019-09-05 00:00:00+00:00,105.29460144042969,target,7059.265046836124,248.98167113091557,1.9318628172421153,15
NOC,1,2019-08-29 00:00:00+00:00,2019-08-30 00:00:00+00:00,329.16302490234375,319.5614013671875,374.37247312112413,2019-09-09 00:00:00+00:00,319.5614013671875,stop,-3837.448116671043,242.86456783660677,-1.0675640347587294,5
WRB,1,2019-09-04 00:00:00+00:00,2019-09-05 00:00:00+00:00,27.637718200683594,27.092063903808594,4532.439820425521,2019-09-09 00:00:00+00:00,27.092063903808594,stop,-2721.204707116152,248.0594437736125,-1.1003012024608503,2
SPGI,1,2019-09-04 00:00:00+00:00,2019-09-05 00:00:00+00:00,233.97650146484375,226.8587188720703,535.3798083748998,2019-09-10 00:00:00+00:00,226.8587188720703,stop,-4057.438952529622,246.72187195638176,-1.0647442113228904,3
CASY,1,2019-09-05 00:00:00+00:00,2019-09-06 00:00:00+00:00,163.4979248046875,157.84454345703125,775.1115182319949,2019-09-10 00:00:00+00:00,157.84454345703125,stop,-4631.077247973035,249.07624844675746,-1.0568407557354926,2
TTWO,1,2019-09-09 00:00:00+00:00,2019-09-10 00:00:00+00:00,130.97999572753906,129.37242674827576,954.7524745262147,2019-09-10 00:00:00+00:00,129.37242674827576,stop,-1783.4025805309007,248.57211960767867,-1.1619541219283327,0
CASY,1,2019-09-10 00:00:00+00:00,2019-09-11 00:00:00+00:00,163.21051025390625,156.2156219482422,757.336768924381,2019-09-18 00:00:00+00:00,156.2156219482422,stop,-5539.399263270546,241.91315487198727,-1.0456656515792389,5
MLM,1,2019-09-10 00:00:00+00:00,2019-09-11 00:00:00+00:00,244.66607666015625,235.78878784179688,505.2000758645507,2019-09-30 00:00:00+00:00,262.420654296875,target,8713.43371406397,256.18025494939917,1.9428781983629608,13
MDT,1,2019-09-30 00:00:00+00:00,2019-10-01 00:00:00+00:00,88.8406753540039,86.6812744140625,1399.3093400935838,2019-10-02 00:00:00+00:00,86.6812744140625,stop,-3267.279407968766,245.60950370189218,-1.0812827050880274,1
GNRC,1,2019-09-04 00:00:00+00:00,2019-09-05 00:00:00+00:00,77.0,73.06974673271179,1593.6160598233992,2019-10-03 00:00:00+00:00,76.11000061035156,max_hold,-1662.3158764689997,243.9985558922267,-0.26540513277876177,20
SHW,1,2019-09-11 00:00:00+00:00,2019-09-12 00:00:00+00:00,167.06072998046875,161.0145845413208,741.7951695744271,2019-10-10 00:00:00+00:00,174.25167846679688,max_hold,5081.026955914746,253.18389590199553,1.132893038518462,20
TGT,1,2019-10-03 00:00:00+00:00,2019-10-04 00:00:00+00:00,88.1248779296875,85.84686279296875,1387.9385518467564,2019-10-11 00:00:00+00:00,92.680908203125,target,6072.542738914135,250.94732097069016,1.9206301208370173,5
EXC,1,2019-09-18 00:00:00+00:00,2019-09-19 00:00:00+00:00,26.708242416381836,25.908327102661133,4650.360086156051,2019-10-16 00:00:00+00:00,25.908327102661133,stop,-3964.5802419935662,244.68599476181248,-1.0657776749819976,19
TER,1,2019-10-03 00:00:00+00:00,2019-10-04 00:00:00+00:00,57.256343841552734,55.06837844848633,2136.2159587744586,2019-10-23 00:00:00+00:00,61.79757308959961,target,9446.721514828132,254.3248773029364,2.0211358667415205,13
NRG,1,2019-10-11 00:00:00+00:00,2019-10-14 00:00:00+00:00,32.43046951293945,31.70428466796875,3852.912003322202,2019-10-28 00:00:00+00:00,33.88283920288086,target,5340.353268505394,255.4993431311949,1.9086826044703595,10
DLTR,1,2019-10-10 00:00:00+00:00,2019-10-11 00:00:00+00:00,115.0,110.80999755859375,1078.0925153915844,2019-10-30 00:00:00+00:00,110.80999755859375,stop,-4760.654339821055,243.44406826851187,-1.0538925694474792,13
LYB,1,2019-10-11 00:00:00+00:00,2019-10-14 00:00:00+00:00,55.80620574951172,53.47926640510559,2239.029577116026,2019-11-01 00:00:00+00:00,60.460084438323975,target,10159.84837000847,260.3236625521189,1.9500346708790088,14
SYY,1,2019-10-24 00:00:00+00:00,2019-10-25 00:00:00+00:00,66.0052261352539,65.32975006103516,1922.757501583972,2019-11-01 00:00:00+00:00,67.3561782836914,target,2341.1317369208855,256.421640768301,1.8025667976868165,5
VST,1,2019-11-01 00:00:00+00:00,2019-11-04 00:00:00+00:00,23.448165893554688,23.154306411743164,5501.611603719239,2019-11-05 00:00:00+00:00,23.154306411743164,stop,-1873.0894373940312,256.38870239683115,-1.1585876079887323,1
IRM,1,2019-11-01 00:00:00+00:00,2019-11-04 00:00:00+00:00,23.991952896118164,23.104648649692535,5376.915423453773,2019-11-13 00:00:00+00:00,23.104648649692535,stop,-5024.194331145916,253.2344432439263,-1.0530783006342326,7
T,1,2019-10-28 00:00:00+00:00,2019-10-29 00:00:00+00:00,18.362417221069336,17.736783921718597,6989.023143615726,2019-11-20 00:00:00+00:00,17.694520950317383,stop_gap,-4919.945269187779,252.00277536774308,-1.125185007981319,16
KLAC,1,2019-10-24 00:00:00+00:00,2019-10-25 00:00:00+00:00,15.474745750427246,14.722049117088318,8137.849354684999,2019-11-22 00:00:00+00:00,14.880090713500977,max_hold,-5086.236194840174,247.02308632954697,-0.8303609259120533,20
PH,1,2019-11-01 00:00:00+00:00,2019-11-04 00:00:00+00:00,180.25726318359375,169.9875249862671,628.0720067406156,2019-12-03 00:00:00+00:00,177.8983917236328,max_hold,-1706.4886724039131,224.9475409030812,-0.2645663465477085,20
MAS,1,2019-11-21 00:00:00+00:00,2019-11-22 00:00:00+00:00,41.08192443847656,40.40465545654297,3032.075103182065,2019-12-03 00:00:00+00:00,40.2888069152832,stop_gap,-2651.5140646374603,246.72216866545125,-1.2911978517759177,6
IVZ,1,2019-11-22 00:00:00+00:00,2019-11-25 00:00:00+00:00,12.941726684570312,12.725159645080566,9634.222576716083,2019-12-03 00:00:00+00:00,12.695286750793457,stop_gap,-2621.2498674359526,246.9926936385552,-1.2563174334065799,5
EW,1,2019-12-03 00:00:00+00:00,2019-12-04 00:00:00+00:00,81.62666320800781,79.72666931152344,1510.1750435871147,2019-12-05 00:00:00+00:00,79.72666931152344,stop,-3112.9951414091524,243.6717759706093,-1.0849230793941438,1
SHW,1,2019-11-06 00:00:00+00:00,2019-11-07 00:00:00+00:00,181.07925415039062,174.99705505371094,711.5014453931102,2019-12-06 00:00:00+00:00,181.34849548339844,max_hold,-66.30227012038688,257.8678677150132,-0.01532117169213478,20
CAH,1,2019-12-06 00:00:00+00:00,2019-12-09 00:00:00+00:00,45.98246383666992,45.242835998535156,2671.1257764100214,2019-12-10 00:00:00+00:00,45.242835998535156,stop,-2219.313233242741,243.67424985054916,-1.1233394622696493,1
KIM,1,2019-11-13 00:00:00+00:00,2019-11-14 00:00:00+00:00,15.506682395935059,15.154585838317871,8292.24785930748,2019-12-12 00:00:00+00:00,15.154585838317871,stop,-3173.9227620497923,254.25083587913628,-1.0870819880823404,19
VICI,1,2019-12-03 00:00:00+00:00,2019-12-04 00:00:00+00:00,16.72574806213379,16.555559158325195,7370.106808382577,2019-12-13 00:00:00+00:00,16.555559158325195,stop,-1499.5971876082613,245.28678893737697,-1.1955550948132874,7
CDW,1,2019-12-10 00:00:00+00:00,2019-12-11 00:00:00+00:00,124.26082611083984,122.66799926757812,982.1189370728166,2019-12-16 00:00:00+00:00,127.44647979736328,target,2881.4843007584714,247.20651173202674,1.8419744701233385,3
AMD,1,2019-12-04 00:00:00+00:00,2019-12-05 00:00:00+00:00,39.95000076293945,37.56939101219177,2585.5123683595843,2019-12-23 00:00:00+00:00,44.711220264434814,target,12091.29927550441,218.8926340867007,1.964437169510549,12
MSCI,1,2019-12-16 00:00:00+00:00,2019-12-17 00:00:00+00:00,245.0004119873047,239.0741729736328,504.3761988525653,2019-12-30 00:00:00+00:00,239.0741729736328,stop,-3233.209606331327,244.15569912373087,-1.0816832705944148,8
BIIB,1,2019-12-05 00:00:00+00:00,2019-12-06 00:00:00+00:00,299.67999267578125,280.14028549194336,313.09924707346255,2019-12-31 00:00:00+00:00,296.7300109863281,end,-1110.372568941962,186.7355230936875,-0.18149666521351987,17
USB,1,2019-12-12 00:00:00+00:00,2019-12-13 00:00:00+00:00,45.50476837158203,44.5341911315918,2697.031402943979,2019-12-31 00:00:00+00:00,44.92531967163086,end,-1806.684127386908,243.89278722353401,-0.6901859639745156,12
PPL,1,2019-12-13 00:00:00+00:00,2019-12-16 00:00:00+00:00,27.143077850341797,26.311320781707764,4490.238344762612,2019-12-31 00:00:00+00:00,27.32586097717285,end,576.1612871505743,244.57851772183534,0.15426882781322934,11
PCG,1,2019-12-17 00:00:00+00:00,2019-12-18 00:00:00+00:00,11.833536148071289,9.552732706069946,2694.126611521533,2019-12-31 00:00:00+00:00,10.683599472045898,end,-3158.7390147340175,60.66401428939713,-0.5140529824072484,9
GE,1,2019-12-23 00:00:00+00:00,2019-12-24 00:00:00+00:00,53.662960052490234,52.69606018066406,2290.761856260296,2019-12-31 00:00:00+00:00,53.95302963256836,end,417.9577254101765,246.5226042942337,0.1886995703582715,5
BE,1,2019-12-30 00:00:00+00:00,2019-12-31 00:00:00+00:00,7.380000114440918,6.348119616508484,5922.332349291628,2019-12-31 00:00:00+00:00,7.46999979019165,end,445.06135630213686,87.94663482218306,0.07282788655922494,1
