asset,setup,variant,dev_sharpe,dev_cagr,dev_maxdd,dev_sortino,dev_trades_per_yr,dev_exp_r,dev_profit_factor,dev_win_rate,dev_exposure,dev_trades,dev_sharpe_min,dev_sharpe_max,val_sharpe,val_cagr,val_maxdd,val_sortino,val_trades_per_yr,val_exp_r,val_profit_factor,val_win_rate,val_exposure,val_trades,val_sharpe_min,val_sharpe_max
stocks,breakout,naive,-0.22002994896797168,-0.049784887085813634,-0.8655340951980534,-0.3077156563876645,210.15479842243644,-0.03473934063753148,0.9365767849086017,0.36977503269143913,0.7439785743292329,5252.0,-0.4186531013260752,0.00023412911074055377,0.021089408641832962,-0.011123740289600337,-0.28988049298368873,0.028583648424422556,214.5384263494968,-0.032340264062566515,0.9877658865587235,0.37029783721878595,0.7033414632873701,642.0,-0.23160067722245173,0.42943541910161287
stocks,breakout,+ regime,-0.018396210349655166,-0.009293861506883938,-0.44116740617427824,-0.025828961628937455,145.8319045793164,-0.031218203570072954,0.9819820592496767,0.374323051548349,0.5226370317581954,3644.5,-0.19670775262762893,0.10947293914190728,0.06332043787470225,-0.00042628984506348777,-0.1692010534912562,0.08846890378549471,133.66880146386094,0.013119590384760802,0.9993680768756423,0.38197767145135564,0.46943133040959717,400.0,-0.41864347738268703,0.6541425044029462
stocks,breakout,+ vol,-0.10865134059588272,-0.0290551739815319,-0.7313501246786918,-0.1541362165336077,191.36811185363717,-0.032712009390988984,0.9559394073915796,0.3711435366958623,0.6763020640839883,4782.5,-0.2750869078185686,0.1645945391700874,0.06533822128093414,-0.001947749852726277,-0.23661889525663038,0.09091332147058147,183.1262580054895,-0.03453533447481926,0.9972034828991074,0.3701627820939697,0.605145669250857,548.0,-0.4950667216400226,0.576228350787228
stocks,breakout,+ chop,-0.32345873384862805,-0.06406419336113495,-0.8959810137639675,-0.4485057476028423,207.8539795135846,-0.05959547287977146,0.9158825957357566,0.3621168249659975,0.7166431658262243,5194.5,-0.4612425124821917,-0.17987569328907194,-0.22926592034203636,-0.0495182989496436,-0.33321989212327274,-0.3117680727186254,202.67532021957913,-0.08776288908748617,0.9399350529903856,0.3522695865645678,0.6620514699755858,606.5,-0.834766683047224,0.22274437933793317
stocks,breakout,+ rs,-0.40442921639075785,-0.08161166894119115,-0.928328222147999,-0.5545137964051821,205.0929968229623,-0.05777773913130069,0.8913494892996814,0.3586417985772101,0.7139026857173773,5125.5,-0.6624011532596152,-0.2322684850055796,-0.11429399527680481,-0.037126287994925344,-0.28768083847468195,-0.15887176089521907,198.66525617566333,-0.06479797734581752,0.9584481794547508,0.35649520954878766,0.6734564224121793,594.5,-0.39675339888244693,0.4207050775228983
stocks,breakout,+ volume,-0.024489863543733663,-0.018670207840638664,-0.7387197466895091,-0.0343127670909151,177.68324112620508,-0.003971443981043773,0.9763820096143835,0.3821110094880972,0.7453060514203544,4440.5,-0.22334638427994957,0.19002733621104267,-0.2604064419358725,-0.05660484742584898,-0.29176298087925817,-0.36224930119554055,183.29334400731932,-0.045361478404591066,0.924401575587644,0.36749263080324246,0.689157150962926,548.5,-0.6323911646662458,0.5537587356378406
stocks,breakout,+ event,-0.09885231746139506,-0.02945876832005262,-0.8360368939003936,-0.1383134547521349,208.87434268185802,-0.0218841121848709,0.9617838391104837,0.375734778172945,0.7398380310558369,5220.0,-0.2979054322173287,0.014172326557167663,-0.07016126548350805,-0.02813103327521077,-0.2824879456807411,-0.09713133470519253,210.02710430009148,-0.054526264410575245,0.9673960231672378,0.3674484719260839,0.6948957611515407,628.5,-0.6007243524141035,0.596380535082971
stocks,breakout,+ score rank only,-0.395458733260147,-0.07904844848765691,-0.9300528402525947,-0.537745502337285,232.3226884312007,-0.06360967912267554,0.906639005294262,0.3580778504994833,0.7220578574988412,5806.0,-0.395458733260147,-0.395458733260147,-0.2851993683665514,-0.06420574058876649,-0.4045851225385777,-0.38984644403657115,220.55352241537054,-0.08815022419719364,0.9359649174654855,0.3515151515151515,0.6905329913763736,660.0,-0.2851993683665514,-0.2851993683665514
stocks,breakout,+ score top 20%,-0.4241478401100132,-0.07325203525898827,-0.8981983511176567,-0.578454840436395,205.99331726555653,-0.06692805318617723,0.9071581068833628,0.35586635586635584,0.6318304746818262,5148.0,-0.4241478401100132,-0.4241478401100132,-0.09576793698558865,-0.028389518003046676,-0.28970775279040983,-0.1299351734449231,189.47552607502288,-0.068624976482956,0.9629062107150885,0.35978835978835977,0.5934912379464119,567.0,-0.09576793698558865,-0.09576793698558865
stocks,breakout,+ risk 0.25%,-0.1593758792053142,-0.02285256900366006,-0.7010296135234724,-0.21988232343374814,380.6954973707274,-0.019255537340765343,0.9655981431404079,0.3746639431353033,0.682034803897162,9514.0,-0.3175813747217199,0.028889309603889125,-0.353549715714233,-0.048569946286604104,-0.21608348069314048,-0.47457044856920333,396.82925434583717,-0.04639878388587426,0.9300339667366775,0.36784374725419555,0.6031235064767771,1187.5,-0.9879178156591039,-0.22915987619480419
stocks,breakout,+ risk 0.5%,-0.05845146214397129,-0.019072405071258014,-0.7391030580615563,-0.08133332851747493,264.7942457274321,-0.010831963646969473,0.97478921088629,0.3754298747381819,0.755805099732237,6617.5,-0.36047701320978154,0.07443914145667044,-0.28429488446478685,-0.05610307364097483,-0.3016051637479128,-0.38506288873961586,269.00846294602013,-0.05814835432946086,0.9340602295355973,0.3612089152315949,0.703001563900647,805.0,-0.5133070202184883,0.5751062904757872
stocks,breakout,+ risk 2%,-0.21957183483174625,-0.04779483103578924,-0.8797157550712844,-0.3082367318195756,192.76861031989483,-0.03038701920386009,0.9358372225208325,0.37165296463153485,0.6915500993031627,4817.5,-0.3523088583199686,-0.06852230438529137,-0.11376442446770517,-0.0348417551620705,-0.2641123217886839,-0.15903510545459165,198.16399817017384,-0.03579059098483789,0.9571336215481383,0.3693113235246142,0.6498894747602124,593.0,-0.5544068597056165,0.22428002159889596
stocks,breakout,+ ATR sizing,-0.18230939149991282,-0.0388530423855899,-0.8407881962883882,-0.25337918855251773,253.53023663453112,-0.038389734275519186,0.948251981173046,0.3667951371322571,0.7512009013325232,6336.0,-0.3683368199497428,-0.010761526217980441,-0.008162709408474772,-0.015130117337011861,-0.25195333729061953,-0.01132630628219762,259.48456084172005,-0.04624183609859443,0.9818839974628013,0.36311474852433157,0.7013228704395769,776.5,-0.5972239593249978,0.2622814955936849
stocks,breakout,+ heat cap 4%,-0.22636387849471043,-0.04217068787734646,-0.8434521979119761,-0.31523112059963854,208.9143569237511,-0.047826678735050615,0.9368286553838154,0.36841929346066915,0.7102550408485806,5221.0,-0.37700282202002233,0.1235125857925534,-0.17783763401335773,-0.03999920511218635,-0.24999893883691449,-0.25241777920213526,205.68286825251602,-0.053218118081417506,0.9502110928033638,0.367907233019435,0.6669770728372076,615.5,-0.4789796030497115,0.10459027532050452
stocks,breakout,+ heat cap 6%,-0.2290771835614107,-0.048386132199683685,-0.8592731889724332,-0.3183423941925251,208.63425723049957,-0.038145723264020166,0.9376964936722456,0.36885623335657847,0.7382157663086402,5214.0,-0.38118035557278385,-0.04556872257600511,0.06604442893500495,-0.00381492938679856,-0.26960356559710735,0.09355394518415297,210.6954483074108,-0.013960183991542013,0.9956427253733243,0.3792095128845917,0.703297674703652,630.5,-0.3663623580528155,0.5273779400275092
stocks,breakout,+ heat cap 8%,-0.21277746591865804,-0.047626505187514656,-0.8769676860708182,-0.29710685271097464,209.47455631025417,-0.03330115053300724,0.9324307808395977,0.36951792002243566,0.7433214405021511,5235.0,-0.4720120342729739,0.08024559805921638,0.061033229427551086,-0.0047090679441670336,-0.2778187887019645,0.08702566871084326,213.03465233302836,-0.0247601243966298,0.9938465468745223,0.36838151849500317,0.7035115092074782,637.5,-0.27040500868052814,0.42943541910161287
stocks,breakout,+ max 5 positions,-0.15572890138134957,-0.03607289979111716,-0.8250874570426454,-0.21788465056912604,206.71357361963192,-0.032133592033243695,0.9488597693156829,0.3725899512614679,0.7329748306710024,5166.0,-0.4157914494445458,0.10311532681459178,0.004759242785684939,-0.014452895193068305,-0.27481686698020985,0.0067901607243796526,210.52836230558097,-0.03954981837152581,0.9841078309383873,0.3690370907881509,0.6988005465225595,630.0,-0.22269730962681517,0.2722076289152763
stocks,breakout,+ halve risk in 10% DD,-0.021349977796693842,-0.014049991047787314,-0.721318915406762,-0.02991717290710131,256.5112976555653,-0.005365711980178996,0.9792329128786779,0.3781255169368003,0.7546867116739973,6410.5,-0.2858457539553876,0.0371569923675887,-0.2688771641837323,-0.057889393565624614,-0.3327190875669647,-0.3700979013769372,246.78602470265326,-0.048842357106733014,0.9315476750998928,0.36402162294765983,0.7037613422557792,738.5,-0.5048342764490404,0.3613779656790677
stocks,breakout,+ partial 3d + BE + 10MA,-0.4417376003429515,-0.0831557351127889,-0.9393939767462646,-0.6218083552430881,218.1576468010517,-0.04129910816180249,0.8762842611799703,0.4224963270376748,0.713628997690706,5452.0,-0.5606873157899163,-0.05503552755577365,-0.2955714357323358,-0.07033838040500245,-0.3082267831504269,-0.4135741188563541,207.3537282708143,-0.07702970412963206,0.8846924305104182,0.4184629372343903,0.6744088360462988,620.5,-0.7223899910902473,0.37345815578280495
stocks,breakout,+ partial 2R + BE + 20MA,0.0007351401380805743,-0.014753372823992084,-0.7744910603906092,0.0010280429050385379,127.54539603418056,0.02401314545387032,0.967133432202621,0.36385271289899446,0.7968937645387844,3187.5,-0.03821582497934193,0.22913699787433764,-0.033174437096902716,-0.02375828979721384,-0.2640529505651789,-0.045411587763811455,130.8283394327539,-0.049674235500415734,0.9580849500255185,0.35094573513844785,0.7562249022591254,391.5,-0.4232407037154757,0.49009589858221736
stocks,breakout,+ ATR trail 2.5,0.19621463425434876,0.019402873874420634,-0.7323948911943909,0.2860092472765121,97.67476446099911,0.10375439845119985,1.0523245546508895,0.27351845821551346,0.830727839670139,2441.0,-0.09084556283622469,0.3590875731281812,-0.27467993135741753,-0.0715642662863285,-0.33173739748322484,-0.37284949201839024,104.0945791399817,-0.15360442221221526,0.853686307180741,0.25644432633537073,0.794676850769755,311.5,-0.6536470794036362,0.2468735677837325
stocks,breakout,+ time stop 5d,-0.45795495921351337,-0.08194343033337836,-0.9163448248111863,-0.6342633242083702,287.2822496713409,-0.055812514955386416,0.9099059179962508,0.39174751536456853,0.6670840168402232,7179.5,-0.6947494357578566,-0.30293359576862944,-0.5055041184847361,-0.09756053313105822,-0.3974593949941268,-0.694465361859517,281.2057410795975,-0.07938020499396342,0.8971793147155256,0.3761717006397858,0.6289628747187306,841.5,-0.910664603072511,0.16834363690939028
stocks,breakout,ALL LAYERS,0.11730005712669246,0.006424860916636854,-0.3632134113584563,0.1678249250891858,52.218585670464506,0.009110382797204672,1.0299236747846192,0.3578544061302682,0.2973431102800539,1305.0,0.11730005712669246,0.11730005712669246,0.28720543092485046,0.02156712884622114,-0.13532003883074406,0.39690567605586224,33.417200365965236,0.06947414495400352,1.1319267067233199,0.32,0.20332436946327384,100.0,0.28720543092485046,0.28720543092485046
stocks,breakout,all minus regime,-0.1429182676268672,-0.01737833552497514,-0.5665638718483288,-0.20060048494704538,71.2653648115688,-0.05995084581719297,0.9286656438966616,0.34362717574396406,0.36787217553204643,1781.0,-0.1429182676268672,-0.1429182676268672,0.0570178267181473,0.0008159401147249667,-0.19087053040341795,0.07921664538129398,44.779048490393414,-0.030717637182554162,1.0035968098740675,0.30597014925373134,0.25899974899535766,134.0,0.0570178267181473,0.0570178267181473
stocks,breakout,all minus vol,0.2634698967907189,0.01964018807957224,-0.3414570774749911,0.38218584708694253,54.37935473269062,0.04760431163474635,1.0832357368728522,0.36938925680647533,0.31227865688551304,1359.0,0.2634698967907189,0.2634698967907189,0.30801611580234023,0.024491555251514585,-0.12916748587283966,0.4245937661560717,36.4247483989021,0.08669650876976488,1.1381950472230324,0.3211009174311927,0.22176040012992526,109.0,0.30801611580234023,0.30801611580234023
stocks,breakout,all minus chop,0.12458287231345766,0.007262147222426796,-0.38535624975996763,0.17814695175111664,55.2596680543383,0.00804523741250307,1.0298705611502363,0.3562635771180304,0.3202537550245438,1381.0,0.12458287231345766,0.12458287231345766,0.09568334300763379,0.004577882298052449,-0.13005931570934093,0.12735200793898677,37.09309240622141,0.05685250156124199,1.0242016825463591,0.32432432432432434,0.22684499972154093,111.0,0.09568334300763379,0.09568334300763379
stocks,breakout,all minus rs,0.09487488699552055,0.004482356732833592,-0.34409660457663815,0.13524431615194704,58.54083588957055,-0.0065913506111751705,1.0191029813595363,0.3595352016404648,0.3361914090588241,1463.0,0.09487488699552055,0.09487488699552055,0.3556874157058224,0.029969715341539915,-0.1129558573217696,0.5041146123601942,38.09560841720037,0.12818269692643716,1.164125325764826,0.3333333333333333,0.2269748438827001,114.0,0.3556874157058224,0.3556874157058224
stocks,breakout,all minus volume,-0.20709857765364792,-0.027123996649961568,-0.5730124629648876,-0.28739483144826594,97.15457931638913,-0.08501479160070842,0.9184697950574235,0.3389621087314662,0.4580779796372043,2428.0,-0.20709857765364792,-0.20709857765364792,0.3397235081934693,0.03547762949347333,-0.17044672569790686,0.475835742896935,70.84446477584629,0.13823179334891775,1.1246375176569101,0.3584905660377358,0.3823884447009255,212.0,0.3397235081934693,0.3397235081934693
stocks,breakout,all minus event,0.06257820091368956,0.0015304851444200018,-0.44063526668703323,0.09001022655267724,55.69982471516214,-0.009108502930686595,1.0061046128401314,0.35129310344827586,0.318705929797794,1392.0,0.06257820091368956,0.06257820091368956,0.19298467755736576,0.013909512743863317,-0.15942194205814642,0.2678094388745131,38.76395242451967,-0.017580092790898588,1.0708657203365586,0.29310344827586204,0.22579681333922377,116.0,0.19298467755736576,0.19298467755736576
stocks,breakout,all minus score,0.17182430823814948,0.012990240847974621,-0.3206744472651116,0.24104139362185106,79.92844818141981,0.05969883581430521,1.0484828691920414,0.37085822052514583,0.4865747458611325,1997.5,0.10988023791167613,0.36367627125304736,-0.17842838064188274,-0.027865349561187913,-0.22400880869750112,-0.23837578323504,79.8671088746569,-0.03788659657232603,0.9079596363509542,0.32283755274261605,0.379430372976555,239.0,-0.34064141471323367,-0.10659324358419976
stocks,breakout,all minus exit,-0.07711876661909518,-0.008780286707066653,-0.4995859623197796,-0.10934380764627599,60.66159070990359,-0.06939963846472079,0.9703075033641024,0.358179419525066,0.2146737157847197,1516.0,-0.07711876661909518,-0.07711876661909518,-0.8245310986257444,-0.05445210175035964,-0.18736240362013978,-1.018929949993499,37.09309240622141,-0.20697017009058583,0.6822223746295503,0.3153153153153153,0.11544501525915195,111.0,-0.8245310986257444,-0.8245310986257444
stocks,breakout,all minus sizing,0.1890127707791137,0.013595622851770628,-0.3374032159118192,0.27404851895519433,47.977076029798425,0.04229269100478664,1.060256579861796,0.3611342785654712,0.31290493944055364,1199.0,0.1890127707791137,0.1890127707791137,0.2581969721090627,0.019432881182337214,-0.1419717540998181,0.3549434670511622,32.74885635864593,0.09230149058065139,1.1165181914104916,0.32653061224489793,0.21021256521225035,98.0,0.2581969721090627,0.2581969721090627
stocks,breakout,PICKED,0.3165615179511234,0.034403859240984325,-0.32109565032241827,0.4639427882196705,58.38077892199825,0.13918754704514247,1.1272834305366164,0.29836251563255534,0.5634430411442237,1459.0,0.20556323259014891,0.5237006708408929,-0.5577278692316667,-0.07969559202525522,-0.25213867220635366,-0.7551192984797819,60.6522186642269,-0.25045559340008955,0.7112688099169362,0.25812124974136147,0.4825750592119809,181.5,-0.9042087596049755,-0.17858414767282754
stocks,pullback,naive,0.4811144759911269,0.06314632437808887,-0.4702839274984881,0.696613885422966,127.78548148553901,0.0775823185252276,1.1140689702783488,0.42346790039239013,0.7385149760846762,3193.5,0.3162434449468976,0.6615511640725049,-0.1464806729439106,-0.04050392828035543,-0.28648264970479637,-0.199493858413962,129.32456541628545,-0.03390840867269661,0.942253929375149,0.3985187697874265,0.6564358099989736,387.0,-0.33084831360543476,0.13373751575229487
stocks,pullback,+ regime,0.3697509846723478,0.036962191190765825,-0.33114932155999877,0.5201330379112238,90.4722009202454,0.06338329817748453,1.0870242481953127,0.42088995330551865,0.539588997599245,2261.0,0.08666938358191639,0.47302873265538325,0.48994447198789737,0.06146076780353604,-0.13298001835745638,0.7087202492906923,87.88723696248857,0.09394708982007222,1.158999333077768,0.44471900284277277,0.4844084405185854,263.0,0.32486365122897504,0.7725967046268923
stocks,pullback,+ vol,0.37666470393529006,0.044293528239429,-0.4063812665110199,0.5437740257119399,118.30210615687992,0.059062488610495165,1.0910859229026695,0.4169223799339862,0.6766503350205011,2956.5,0.279006048212503,0.46850646713717764,0.23974910244032627,0.025164442988615088,-0.2340819492107456,0.3357949595677082,113.78556724611163,0.02755941179146748,1.0446776841790228,0.41119653065247386,0.5891841831145109,340.5,-0.08150678081716731,0.5376833498485662
stocks,pullback,+ rs,0.32912215002821005,0.040456311058030714,-0.4978390072585544,0.46509077507926977,116.58149375547765,0.051787900083738805,1.0612033862144385,0.41390659968707644,0.6753675289981927,2913.5,0.2934020636087389,0.3840382949971448,-0.02276208555195105,-0.020702563119806394,-0.32529379899048555,-0.03120918671038748,119.9677493138152,-0.012745735299925393,0.9701662483974065,0.3975061387354205,0.602351984209555,359.0,-0.255347787284754,0.42498092152972977
stocks,pullback,+ volume,0.3778647357961521,0.044664229095003005,-0.45359809282434976,0.5463019117153862,122.46358731375986,0.06219677991898342,1.0934451019120432,0.41194839587535786,0.6647622815223202,3060.5,0.298504184988649,0.4888062052087094,-0.021232132630380384,-0.01361981692469344,-0.24370839101352687,-0.028052711424959294,112.2817932296432,-0.03232948540786279,0.9763709689996593,0.38102281252131215,0.5746013157558334,336.0,-0.37256174238113293,0.5890368175667592
stocks,pullback,+ event,0.3585988534292517,0.04339698334042097,-0.530279085191966,0.5150226463837668,126.06486908413672,0.06377500402138235,1.0782476772801806,0.4186705227442045,0.7293136137184828,3150.5,0.18195888277596764,0.5429143616034239,-0.030827556974635982,-0.0198253717385089,-0.28547036565860345,-0.04215175662014683,128.82330741079596,-0.0247282321536855,0.9690036208729185,0.40184958813152005,0.6484919914469699,385.5,-0.41427182024563325,0.3343574891183836
stocks,pullback,+ score rank only,0.5235227321515076,0.07213483787951347,-0.5142513226230445,0.7542741829009331,130.8865852322524,0.0796009198867052,1.1039796013821086,0.4212778966676857,0.7333287680267149,3271.0,0.5133587590857097,0.5235227321515076,-0.08912645678590533,-0.03097718041240738,-0.31194684484372404,-0.12499217378154677,129.6587374199451,0.002995411878134248,0.9562117367392474,0.40463917525773196,0.6464357803247767,388.0,-0.08912645678590533,-0.08912645678590533
stocks,pullback,+ score top 20%,0.4222333125861037,0.05025110881080119,-0.4353392695263347,0.6068958540271033,95.31392418930763,0.08448354670397404,1.0999265152204571,0.4164567590260285,0.5237078944903355,2382.0,0.42161958240638414,0.42284704276582324,-0.25611971213224577,-0.04575763883833439,-0.24494980977693748,-0.3393841002245005,80.86962488563587,-0.08200999721118313,0.8987191676908042,0.359504132231405,0.4256982023722193,242.0,-0.25611971213224577,-0.25611971213224577
stocks,pullback,+ risk 0.25%,0.45868351704896293,0.03689685574748658,-0.29945203232876055,0.6462548213249962,232.34269555214723,0.06892836270192004,1.102009267029536,0.4177134196912678,0.5577636657101412,5806.5,0.35728858469416036,0.5428734945986997,0.02590914191722482,-0.0020170716823688095,-0.17443841830342183,0.03458471805308054,230.74576852698993,0.0036841477496983403,0.994666443673258,0.40112867155957793,0.44300922680141996,690.5,-0.35260101002373395,0.37807334875129517
stocks,pullback,+ risk 0.5%,0.4008955160890929,0.04371874661203845,-0.4468211044648527,0.5643054781377439,174.48210177475897,0.06627954110588334,1.0811379870531888,0.41780044977506536,0.7143549018070903,4360.5,0.3022462478152872,0.46310734203498655,-0.14568345296964202,-0.03242948149294356,-0.24325889060416817,-0.19763096228702784,183.62751601097898,-0.028886447865600483,0.9478513633178601,0.3974838820290689,0.6294884861082237,549.5,-0.2176679489040881,0.3122671101416327
stocks,pullback,+ risk 2%,0.46902391679032607,0.06275449116079013,-0.5162448018027459,0.6814287144142153,113.38035440403155,0.07799166051126594,1.1140311685912103,0.41995364151836256,0.7028616102910004,2833.5,0.356466075714242,0.6119773423380517,0.28254429502429734,0.03595903702206038,-0.2617497172267079,0.40215108872927813,115.12225526075024,-0.00231136894267951,1.0519022812501144,0.4063958852924786,0.6425522541780673,344.5,-0.12165658683975372,0.7015667665841859
stocks,pullback,+ ATR sizing,0.42243933268136746,0.05192326454751506,-0.522358656781916,0.6009590020960695,141.33030236634534,0.06837922239448616,1.0849069886964626,0.4206535290426686,0.7362146652807524,3532.0,0.30146577734590924,0.6180495172755863,-0.44816592689918533,-0.0834747286728102,-0.3196827896248422,-0.5957524699584622,141.1876715462031,-0.0694425304488606,0.8656946291169585,0.3829610800254196,0.6572927685660047,422.5,-0.634898009338207,-0.036350194032914916
stocks,pullback,+ heat cap 4%,0.356755274416384,0.03841484808740603,-0.4273412891367097,0.5153346300895828,120.08273992112183,0.05926441312612418,1.083116351783942,0.41167705424938167,0.6757897036102851,3001.0,0.19170867057653526,0.595764409037178,-0.05193143896651446,-0.01690397685613415,-0.23181395626311735,-0.0695417568416166,115.95768526989936,-0.016421978645871253,0.9670583536023223,0.39743027645840945,0.5739226318807539,347.0,-0.5882994450418666,0.3717307918686651
stocks,pullback,+ heat cap 6%,0.3811937600573319,0.046264340019093964,-0.4941083181891941,0.5517356879582906,126.0048477212971,0.06740142196151251,1.0764093345464456,0.4173120194406247,0.7252963430497905,3149.0,0.3000228194909198,0.4525724638313236,-0.11092729051203577,-0.03165490567294671,-0.2611387683212337,-0.15010766426771632,129.49165141811528,-0.022325915416859663,0.9475153549565523,0.3966030029536125,0.6378275400245582,387.5,-0.5125945039476897,0.2508269409664169
stocks,pullback,+ heat cap 8%,0.40428591952654036,0.050455248323163726,-0.5133583477487693,0.5800274123140134,127.86550996932516,0.07016553221376266,1.0834265343620784,0.41847447485569667,0.7362581360775304,3195.5,0.24413266367625044,0.6119231572333412,-0.06861758950451922,-0.026261872920075258,-0.2791753803503324,-0.09360118740838946,133.66880146386094,-0.020973833897354195,0.9611969388677108,0.3954949874686717,0.6525858769347919,400.0,-0.4230494580899322,0.11716157107734418
stocks,pullback,+ max 5 positions,0.4293240997336093,0.05209313785333969,-0.4432956447478705,0.6130953503472997,122.68366564417178,0.07513049879492258,1.0939884386670227,0.42137757586289365,0.7168222247650784,3066.0,0.3418804303043551,0.5910946759622251,-0.21566604815303148,-0.046577569480523495,-0.2808546432511813,-0.2931069442096381,124.64615736505033,-0.04735620271823459,0.9243419662711496,0.3913027422654525,0.6270227095681962,373.0,-0.38247405246873595,0.1241815436670865
stocks,pullback,+ halve risk in 10% DD,0.4405995205597733,0.05133204780332801,-0.4644369869950243,0.6263144727897155,156.13557186678352,0.07056538373757128,1.0995531784375963,0.41928310117337597,0.7179677502799817,3902.0,0.2131940320161269,0.5786878478178356,-0.06968931183987931,-0.023826936695734102,-0.2636282172585382,-0.09571000976795337,154.0532936870997,-0.01964163842087352,0.9634687019786206,0.4012996607330237,0.6326506485831231,461.0,-0.35348904551193955,0.09272571097638888
stocks,pullback,+ partial 3d + BE + 10MA,0.2240190193233167,0.02181480638708233,-0.6156080504838789,0.3268535870239299,169.0801791191937,0.030414227922731542,1.0335473253418264,0.5042003461470779,0.6630655542487346,4225.5,0.04760748605261469,0.3590795773964281,-0.11045261792051447,-0.02980211634775526,-0.21383910450475724,-0.1546419355936024,159.56713174748398,-0.0159709482865358,0.9368265755390496,0.4994715823941649,0.5890709806389016,477.5,-0.24132905366375007,0.21610565102798818
stocks,pullback,+ partial 2R + BE + 20MA,0.6070285791907368,0.08926719559274299,-0.5277592205569128,0.8844251699785423,82.34930981595092,0.19069057893552233,1.2271548690410183,0.3888454977181822,0.7940769636109546,2058.0,0.47790947733623246,0.7373332207109837,0.20584174043952172,0.0211386164544225,-0.24657952897476243,0.27629836221999127,83.20882891125345,0.0790157253230116,1.0421947953345738,0.3679239241803279,0.7240392703207419,249.0,-0.22180633805018865,0.5171812438184584
stocks,pullback,+ ATR trail 2.5,0.4116633197907435,0.05651044028904362,-0.5396878066684656,0.6036617004877511,79.18818470639789,0.15682736062473124,1.162373933002063,0.3314166420292391,0.8039735923963194,1979.0,0.3115077189309425,0.6517482029293663,0.3698196852055772,0.05422232825695561,-0.28771069419410367,0.5159758443368775,83.71008691674291,0.11698512356658144,1.111887897699519,0.3061669829222011,0.723544254020548,250.5,-0.40614545890894815,0.7045931053725046
stocks,pullback,+ time stop 5d,0.20266077533362215,0.018696611343485547,-0.629137112844353,0.28927996409319107,198.35059706397897,0.016279344939206967,1.0226388754620204,0.43770807475361556,0.6306337393629374,4957.0,-0.00496779931280083,0.3324811941678858,0.10291839110730286,0.0037554909705278527,-0.20795563467476552,0.14384202560022255,187.30340805123512,0.0004640375627178038,1.0065974687071713,0.4406939628898953,0.5579614440228813,560.5,-0.36264805166045544,0.6229780425691285
stocks,pullback,ALL LAYERS,0.5774916752435493,0.05261239885641844,-0.26132898192561604,0.8419843406596843,45.25610758106924,0.17262058620555765,1.3007397759251274,0.39699381078691426,0.3501111513135615,1131.0,0.5774916752435493,0.5774916752435493,0.5823545599643194,0.057925005995116186,-0.10941662384907713,0.8212632666148916,32.74885635864593,0.26312016282540013,1.341708482302765,0.41836734693877553,0.27745665800279573,98.0,0.5823545599643194,0.5823545599643194
stocks,pullback,all minus regime,0.5499582554647249,0.05735474802640739,-0.3336511646401109,0.791006038584968,63.182487949167395,0.16110247938333272,1.2505783330229656,0.39328689043698545,0.46370323697631854,1579.0,0.5496614867728523,0.5499582554647249,0.16341625289518547,0.012557819915857582,-0.14681251176148047,0.2216327850583768,52.13083257090577,0.04297439185137124,1.0468721516575237,0.358974358974359,0.3662842748775824,156.0,0.16341625289518547,0.16341625289518547
stocks,pullback,all minus vol,0.5640381363999251,0.053309760898313074,-0.25542477736333535,0.8174626797124811,47.09676270815074,0.17637738408601608,1.2838648195196964,0.3967714528462192,0.36665910347795605,1177.0,0.5640381363999251,0.5640381363999252,0.5003582826772461,0.05052043861015054,-0.10941662384907713,0.7047375342073058,35.0880603842635,0.21509395594603448,1.2714314045721855,0.4095238095238095,0.2942027656814044,105.0,0.5003582826772461,0.5003582826772461
stocks,pullback,all minus rs,0.5647230712075095,0.05316213886372667,-0.27810023439126197,0.819391062178207,49.6976884312007,0.18171003155141877,1.2390828174512833,0.4025764895330113,0.39102743755683456,1242.0,0.5647230712075095,0.5647230712075095,0.5127961692813721,0.0512067993338583,-0.12994668024037448,0.7270023950085502,35.422232387923145,0.23340256490062153,1.282281749213389,0.41509433962264153,0.3021988454526692,106.0,0.5127961692813721,0.5127961692813721
stocks,pullback,all minus volume,0.5508078106258883,0.05316576139953022,-0.236163443890254,0.7976705882290774,47.01673422436459,0.18703915579465338,1.269769966997487,0.4,0.37370814044319095,1175.0,0.5508078106258883,0.5628859093410994,0.8930449177801018,0.10631015676805777,-0.10941662384907724,1.2788256968306593,35.0880603842635,0.340753027862234,1.5857095883786916,0.44761904761904764,0.31992347636411983,105.0,0.8930449177801018,0.8930449177801018
stocks,pullback,all minus event,0.571411174981708,0.05366976491932096,-0.29008828988905067,0.829866761366474,47.25681967572305,0.18611376552767908,1.2866051406226,0.39627434377646065,0.363160470747181,1181.0,0.571411174981708,0.571411174981708,0.5603082364628444,0.05721623159323519,-0.13620303135025824,0.7726965315341257,36.4247483989021,0.2754322939800923,1.324303820816563,0.43119266055045874,0.2877091397557098,109.0,0.5603082364628444,0.5603082364628444
stocks,pullback,all minus score,0.545383125743691,0.05454666413549658,-0.25500111252051505,0.7853423550111621,54.099255039439086,0.17158612082580432,1.224397128908607,0.40451493426621704,0.44582142761581534,1352.0,0.4453175964751581,0.6401864965899905,0.2681411393978522,0.026062635618433805,-0.18461914795775125,0.376368390436039,48.62202653247941,0.04202618669562613,1.1054766862950012,0.3673639392817475,0.40932435401330064,145.5,-0.11672110529581504,0.5763311814354151
stocks,pullback,all minus exit,0.4989081468756782,0.03770346501403088,-0.3313453172116996,0.7329979904090197,52.218585670464506,0.09436596216217975,1.189162289872518,0.41762452107279696,0.2565602818618441,1305.0,0.496086690005991,0.4989081468756782,0.4988062257082379,0.042102785608888915,-0.09335550837390316,0.7264096114997541,36.4247483989021,0.126349768448524,1.23595443556933,0.43119266055045874,0.20644717019430847,109.0,0.4988062257082379,0.4988062257082379
stocks,pullback,all minus sizing,0.5258020035379518,0.052849729324370376,-0.4123885755672557,0.7690019990756392,39.81417068361087,0.1762848548783171,1.2291728819100973,0.39597989949748746,0.3767089717006736,995.0,0.5258020035379518,0.5258020035379518,0.6723677498484415,0.07157720092580622,-0.0929885753462939,0.9623910191377675,34.08554437328454,0.2609986222062333,1.3897692374342163,0.4117647058823529,0.2875000016108671,102.0,0.6723677498484415,0.6723677498484415
stocks,pullback,PICKED,0.6070285791907368,0.08926719559274299,-0.5277592205569128,0.8844251699785423,82.34930981595092,0.19069057893552233,1.2271548690410183,0.3888454977181822,0.7940769636109546,2058.0,0.47790947733623246,0.7373332207109837,0.20584174043952172,0.0211386164544225,-0.24657952897476243,0.27629836221999127,83.20882891125345,0.0790157253230116,1.0421947953345738,0.3679239241803279,0.7240392703207419,249.0,-0.22180633805018865,0.5171812438184584
stocks,rsi2,naive,0.6253249194364928,0.08358587623865577,-0.32870170788309416,0.8980740599041015,330.73771636722176,0.026303867643304054,1.1025305926719806,0.6538926366299169,0.7202666256835348,8265.5,0.4884533375874581,0.7704718105800479,0.5529844238578714,0.0853425352791981,-0.2304601602887142,0.7760141330873915,349.0426578225069,0.027662467032477336,1.1275737442974707,0.6679609164596801,0.6830487933198357,1044.5,0.2354802680742536,1.091681948255926
stocks,rsi2,+ regime,0.6356345246178505,0.06276438289362984,-0.23015922042858333,0.9144137818090525,218.2576824057844,0.02991317960409304,1.1165336874933565,0.6450691262377766,0.5133532326167473,5454.5,0.4854952921832754,0.8461848868583509,0.5455480556074197,0.05949853486785195,-0.18554112507895842,0.7873090439700453,217.37888838060385,0.029455956341527947,1.1446924158009892,0.6754703878122355,0.45795479316163457,650.5,0.11793672431389939,0.8569263237142851
stocks,rsi2,+ vol,0.5246769952951438,0.06325825848975453,-0.3032506701004913,0.7504601186446676,294.9249698729185,0.02339924393732073,1.0843506069013866,0.6460081539738403,0.658547661022902,7370.5,0.35535453581501136,0.5825957383651336,1.0633175098675958,0.14693988823183612,-0.16117095868174014,1.585226342505206,291.5650731930467,0.0494244068730327,1.2826095273622333,0.6802053018193339,0.5879105363714417,872.5,0.8953941673926707,1.308102422643242
stocks,rsi2,+ rs,0.8990249944003124,0.12254204589970619,-0.2942132200467876,1.297219482964098,265.63454480718667,0.04660902576252966,1.2073713585685628,0.6710026311336947,0.513859180865738,6638.5,0.7956929949725835,0.9615753906546113,0.8783605240541784,0.13900897726750616,-0.2042702248209543,1.2757787703173737,291.0638151875572,0.04930181415013493,1.251572397060048,0.6892647873940929,0.5084436937286121,871.0,0.6815178557826503,0.9733044447810998
stocks,rsi2,+ event,0.6246235273780729,0.08245054929104056,-0.33276195780602275,0.8922952250023549,325.6959218886941,0.026740322314004795,1.1055459626647317,0.6514481041383882,0.7152452113051755,8139.5,0.5585171624281606,0.66404048132906,0.4663529498829554,0.06775142462499262,-0.21315104100841786,0.6472093751245748,342.02504574565415,0.022582901995379143,1.1013109802118626,0.6599969160156827,0.6726776914552544,1023.5,0.11880276358021717,0.6674137955328203
stocks,rsi2,+ score rank only,0.8399075989241086,0.1251694024860286,-0.2623206534173226,1.2144808806505942,346.28324934268187,0.036951843777919685,1.151738930964086,0.652761728680379,0.7119132690716998,8654.0,0.8399075989241086,0.8399075989241086,1.0862475863126353,0.19700328559786584,-0.18054009439218777,1.5759362561668369,361.2399359560842,0.053493888295100385,1.2715295215940865,0.6845513413506013,0.6741564624826496,1081.0,1.0862475863126353,1.0862475863126353
stocks,rsi2,+ score top 20%,0.9006539279775123,0.11997324895268902,-0.2207599497680366,1.302418327707316,246.48773006134968,0.049270054289235005,1.2060444088802138,0.6633116883116883,0.4943290884650318,6160.0,0.9006539279775123,0.9006539279775123,0.9854898459827897,0.1522194855791894,-0.15349828721598568,1.486200467294075,234.2545745654163,0.06560800220903054,1.3747203757209925,0.6947218259629101,0.4254230300802701,701.0,0.9854898459827897,0.9854898459827897
stocks,rsi2,+ risk 0.25%,0.3785761138739212,0.016318764411016096,-0.11284959395850946,0.5274892348326792,430.55324276950046,0.015949027826340383,1.0739868997124749,0.6443959375704269,0.28153363898920036,10760.0,0.28885892127301255,0.5096683648828969,0.2817745065854701,0.013460171385873188,-0.07810176891567056,0.39099758201811174,414.2061985361391,0.014225532875196093,1.0697385747770116,0.6560602226720648,0.22766192048185102,1239.5,0.039990874563666186,0.561188972735907
stocks,rsi2,+ risk 0.5%,0.4232881869954558,0.035032849016792156,-0.21626125280126618,0.5918586796749248,429.61290808501315,0.01783975965423234,1.073875183047257,0.6445100013964717,0.5544412121144808,10736.5,0.35646938044915444,0.505335707658534,0.30513825737206596,0.026603170618483163,-0.15285883109621712,0.4176113143534165,415.20871454711806,0.015307801464125484,1.0674061060271214,0.65957662836978,0.45594172306552283,1242.5,0.0117666249731346,0.5304903023410074
stocks,rsi2,+ risk 2%,0.6495532604811662,0.10019011948285861,-0.3608223955476499,0.9429384744969898,233.82322250219107,0.024594143467470596,1.0952891863651155,0.6479118093388607,0.7398049732468613,5843.5,0.5036560112813924,0.866854376546612,0.7655150039978437,0.1493454443672937,-0.2990697974537744,1.0689847061599929,230.74576852698993,0.034100656884776585,1.2226799985728247,0.6744031467575355,0.7071897941364604,690.5,0.06789810724375536,1.0862435748560537
stocks,rsi2,+ ATR sizing,0.6412918088532433,0.09452808684808012,-0.3969828334564235,0.9301474861452579,260.39267911919364,0.024037869522195436,1.092071126683122,0.6502816760741532,0.7337334335910045,6507.5,0.5175666301337718,0.7695625144591445,0.781756147229054,0.14818870914090798,-0.2581066760908836,1.1055087292836943,267.3376029277219,0.03656913131687615,1.2123313516656067,0.6763829100301335,0.7016392098868056,800.0,0.5734613972966708,0.9315241561930783
stocks,rsi2,+ heat cap 4%,0.35697623051145255,0.02468560930808461,-0.2203994030586136,0.5077415260998972,153.63468174846628,0.015108475308849368,1.0819371979076982,0.6510032576128266,0.38653005878951197,3839.5,0.22669777860940582,0.4598184412543327,0.12300879795643913,0.006348753771128202,-0.12970544482263058,0.16770682354485764,142.3572735590119,0.0069303817789309954,1.0252788077357038,0.6544790067418731,0.31065637666316315,426.0,-0.1334749318108125,0.6615407686186638
stocks,rsi2,+ heat cap 6%,0.46524902457118034,0.04311961126688901,-0.22507897086202422,0.6614047239360454,225.06010352760734,0.019110766776458024,1.0822495381630453,0.6520504171844488,0.5492597391076051,5624.5,0.1363731748638599,0.6353769282725926,0.4057219754643743,0.03916740562771226,-0.16809162695363483,0.5486481770268019,214.5384263494968,0.019838127958175394,1.1061908167134713,0.6687108037316885,0.45994135417247883,642.0,0.030353542121719132,0.7134166504297392
stocks,rsi2,+ heat cap 8%,0.610725453930996,0.06854871446647459,-0.2786399855097029,0.8770055166455331,277.75886010078875,0.025832997786925493,1.1166147728421176,0.6521945550606705,0.6465913395605537,6941.5,0.4566086036545939,0.7237480170433888,0.3609271922596943,0.04014072139845937,-0.16886041479340258,0.5007315815235893,274.18812900274474,0.017534772050725476,1.0779045880909934,0.6617788260833264,0.5676514048102257,820.5,-0.12077054630848175,0.8285164250569769
stocks,rsi2,+ max 5 positions,0.48026116117520745,0.04456740944588122,-0.28602986612078557,0.6847689903775274,222.8393131025416,0.020817488632134337,1.0836237496644197,0.6483437518128103,0.5450529299851903,5569.0,0.1827084269545389,0.5411623767549698,0.4502773095258218,0.04526163962968788,-0.14895859115592475,0.6271557372189682,218.3814043915828,0.02246352178090545,1.1161935096293147,0.660710539704432,0.46280019391670946,653.5,0.05972198653611059,0.8640911501870526
stocks,rsi2,+ halve risk in 10% DD,0.5301035971562794,0.05669633801290208,-0.2791309944166623,0.7504721283923049,385.6972776073619,0.022165535713797088,1.0818955305216873,0.6500385383201402,0.6274775542675559,9639.0,0.43290025790158404,0.6552411354802937,0.4745590468785035,0.05830639251458769,-0.18311438077465697,0.6588357016143658,363.4120539798719,0.028301963494693376,1.1060659910626933,0.667285955567104,0.5777153582991666,1087.5,0.07525417057417276,0.7322716926655519
stocks,rsi2,ALL LAYERS,0.6303546737186163,0.039468413960527915,-0.12749461191271094,0.9216464386178294,90.55222940403155,0.04909510852581285,1.2454461303118014,0.6646045072912063,0.19403527507116036,2263.0,0.6303546737186163,0.6303546737186163,0.08638687778280447,0.003512447127152818,-0.11460307721895546,0.1242466153925049,71.84698078682526,0.012490368775314531,1.0261254477470483,0.6697674418604651,0.13480485464548214,215.0,0.08638687778280447,0.08638687778280447
stocks,rsi2,all minus regime,0.6185833376598633,0.04830178329932133,-0.18303975179323162,0.8823374378423582,142.210615687993,0.04132698344020185,1.196675953181873,0.6646032639279685,0.2715113707499322,3554.0,0.6185833376598633,0.6185833376598633,0.38878573363960833,0.026836694331547006,-0.14120803343218313,0.5702685113543516,122.64112534309241,0.03557633387903552,1.1459920577858458,0.6757493188010899,0.20055682310540324,367.0,0.38878573363960833,0.38878573363960833
stocks,rsi2,all minus vol,0.6985343354627898,0.0450388199801508,-0.1274946119127106,1.0231011398157936,94.31356814198072,0.05211359904041338,1.261156049800799,0.6690708527789563,0.20051708440977156,2357.0,0.6985343354627898,0.6985343354627898,0.22200178609026747,0.012592028787223208,-0.09294493648713809,0.3232159819097063,73.51784080512351,0.02090358578861827,1.0920820669856943,0.6772727272727272,0.1381833329189219,220.0,0.22200178609026747,0.22200178609026747
stocks,rsi2,all minus rs,0.6244470531944833,0.04194396919060406,-0.13356169565651022,0.9038518664081785,107.55828220858895,0.044068579116266084,1.216516045067965,0.6629464285714286,0.2381612789733878,2688.0,0.6244470531944833,0.6244470531944833,0.3272727276183298,0.021135629986929194,-0.09229998346503043,0.48200420449080644,81.53796889295518,0.03021938052671012,1.1445019695341774,0.6762295081967213,0.16462027565555898,244.0,0.3272727276183298,0.3272727276183298
stocks,rsi2,all minus event,0.5682566447633421,0.036897504936749925,-0.16561986449039678,0.8286754898934762,95.79409509202453,0.041865060014295685,1.2032497706222625,0.6558061821219716,0.2039989278436913,2394.0,0.5682566447633421,0.5682566447633421,0.4820118778890593,0.031219794527798994,-0.08923090831407043,0.729581797778707,76.85956084172004,0.043604182392012865,1.2336600063022993,0.6782608695652174,0.1419449376101967,230.0,0.4820118778890593,0.4820118778890593
stocks,rsi2,all minus score,0.7213413464852931,0.04926165398478333,-0.15936097861974757,1.0476706813105225,114.24066060473268,0.04707576126211857,1.2388499604306924,0.6681885430228429,0.24312228162104915,2855.0,0.6615755899503369,0.8037115206643531,0.5507732611024321,0.03807011606273947,-0.1396195793731409,0.8193918298189501,103.76040713632204,0.032068427365812446,1.1883810904080383,0.6596894868833183,0.18725483709949345,310.5,0.038404643902401225,0.6529196407311657
stocks,rsi2,all minus sizing,0.9352104182668388,0.07844562109609376,-0.14689240583577434,1.4355167053580835,115.12097392638037,0.06851095217841639,1.346777189481597,0.6830031282586028,0.2410982073675651,2877.0,0.9352104182668388,0.9352104182668388,0.021993902277166112,-0.0023611913275394247,-0.1608174758210198,0.030133842756156652,100.919945105215,0.002696665884219859,0.9886542080815712,0.6688741721854304,0.19274733827975452,302.0,0.021993902277166112,0.021993902277166112
stocks,rsi2,PICKED,0.9636998857396197,0.12375755441473091,-0.22402806719624635,1.4238780831851636,217.43739044697634,0.057017025211555876,1.246351483730883,0.6722488038277512,0.41752988215502346,5434.0,0.9636998857396197,0.9636998857396197,0.529422233462682,0.07024667732070089,-0.1576439771833188,0.7687386626085689,210.52836230558097,0.037096557428348484,1.175222403608962,0.6761904761904762,0.37496990315419515,630.0,0.529422233462682,0.529422233462682
forex,breakout,naive,-0.016591883805289993,-0.04818696993583249,-0.7128633675502434,-0.024161862234801178,207.6421232876712,-0.004643592062035797,0.9675657228149281,0.35983933374130705,4.015384650746212,3112.5,-0.10119808631476652,0.10488264983311837,-0.3586509343450095,-0.12424167524681201,-0.5971679633135918,-0.5308573223562719,199.81912705667276,-0.07154781944927358,0.8999104687291554,0.3423898677148341,3.80825455260844,598.5,-0.6647202831873715,0.07180230007885985
forex,breakout,+ regime,0.007267321616399361,-0.03773758616684253,-0.6812126804115037,0.010462425106717415,185.3935616438356,-0.008704873018172209,0.971258253432304,0.3591771512349988,3.630812991806798,2779.0,-0.20135699685272693,0.16868816350299182,-0.3973797744316566,-0.1283916210960298,-0.6102177637829055,-0.5970680466568318,183.29273308957954,-0.08249925325406782,0.87516407748619,0.33606671599252813,3.4737916687600077,549.0,-0.8641076831621948,-0.10396380449724373
forex,breakout,+ vol,-0.1394506735697533,-0.07277328782889597,-0.7654573927771526,-0.19790213557922054,194.23294520547944,-0.027633158835395293,0.9319616340283334,0.35086369069968815,3.8514490485872677,2911.5,-0.27537670302316813,0.04171721372572208,-0.6590843092864758,-0.16558828601229725,-0.5968370961556674,-0.9403859403451764,174.27833638025595,-0.1074128446007992,0.8187854815297363,0.33047713119715405,3.504715796443067,522.0,-1.0072721003045464,-0.40356704873469423
forex,breakout,+ chop,-0.043690371968291064,-0.051643639134158204,-0.7846160371519943,-0.06284982841621323,182.75842465753425,-0.007850601302866156,0.9579766566369965,0.35871075842208505,3.3845574162092236,2739.5,-0.09619479342865671,0.06659852626746225,-0.31370726847550345,-0.10783320098451948,-0.5767645972614971,-0.4517761562513145,169.93807129798904,-0.07715851855175981,0.8943405562892982,0.3411764705882353,3.31894625368189,509.0,-0.6052580791300233,-0.06926063242951608
forex,breakout,+ rs,-0.13770734892788042,-0.06342255829413757,-0.7714739070977514,-0.1961275214318144,146.4669178082192,-0.02999289127264905,0.9547340753711236,0.3516039079882368,2.6758394297519343,2195.5,-0.18111254347006508,-0.080377275965508,-0.1293181677805419,-0.0527239299111395,-0.44210542178923035,-0.19364470234907127,138.3876828153565,-0.02838684811787625,0.9299838745129549,0.35499304911955515,2.6169218134196868,414.5,-0.2293899304726947,-0.051537313256732456
forex,breakout,+ score rank only,0.007706049769803454,-0.042145900904672295,-0.7338590029371777,0.01109617137313454,210.14383561643834,-0.004584239975640846,0.9744993047187044,0.35904761904761906,3.986089964513409,3150.0,0.007706049769803454,0.007706049769803454,-0.7886328952894148,-0.22362601833514295,-0.7273342710263877,-1.1500181588389882,210.3359232175503,-0.12750640571210814,0.8183993902347902,0.32063492063492066,3.757191038022435,630.0,-0.7886328952894148,-0.7886328952894148
forex,breakout,+ score top 20%,-0.15764378382034866,-0.04036775147389582,-0.6352287800808575,-0.22208401227733127,88.32712328767123,-0.0499735783417653,0.9357283809499736,0.3459214501510574,1.4718957513030309,1324.0,-0.15764378382034866,-0.15764378382034866,-0.6463361485357592,-0.10160956413028333,-0.4271796865541001,-0.8825845915764644,81.12957038391225,-0.15789200206800497,0.7857114219426874,0.32098765432098764,1.4591906381462596,243.0,-0.6463361485357592,-0.6463361485357592
forex,breakout,+ risk 0.25%,-0.08603576674904892,-0.014830250947784784,-0.3367361043508694,-0.12381772818622727,335.26280821917805,-0.011359648784999692,0.9746981289740119,0.3570007955449483,1.7878119397710237,5025.5,-0.1781250722275206,0.007619290787785909,-0.8555643552111742,-0.09573169175954943,-0.37612812132806345,-1.198946086070209,343.54867458866545,-0.111862075217372,0.8338664780662106,0.32710597826086957,1.881965852998651,1029.0,-1.088566423983722,-0.7551525066578982
forex,breakout,+ risk 0.5%,-0.0779425308912549,-0.036202040940915614,-0.582547632596294,-0.11231772454533065,314.04828767123286,-0.010467256245876938,0.9698896631581831,0.3580744329372533,3.2945570660048604,4707.5,-0.1581059834674844,0.058827571011794914,-0.6571283555236989,-0.14376594778650997,-0.5550953709092683,-0.9359437087149105,308.4926873857404,-0.09103350109210677,0.858381608092475,0.3335053624144029,3.3038337874642103,924.0,-0.8847795744060406,-0.4733858101763706
forex,breakout,+ risk 2%,-0.15874959965536428,-0.10819064691473207,-0.8941692607274474,-0.2222519793443556,150.97,-0.03146364117338489,0.9235451513145594,0.350466320104326,4.130774496447237,2263.0,-0.2728121367715058,0.05373219360892265,-0.20288004073805754,-0.104721920376257,-0.6088182966254819,-0.31144845181471825,157.9188756855576,-0.09822939746075982,0.9151705256011278,0.33479680526192157,3.8292143381775476,473.0,-0.455457007821622,0.31847683950142963
forex,breakout,+ ATR sizing,-0.00406330647871754,-0.02824079099559218,-0.5365286204247528,-0.00600723676998668,302.7071917808219,-0.01605215495053399,0.9750093038894483,0.35540760150473727,3.6366369479334697,4537.5,-0.07187373269956635,0.07039219650608022,-0.4871542983694407,-0.128445500063667,-0.5708129719795656,-0.7103799210543227,296.3065585009141,-0.09537369999995396,0.8744750783951507,0.33369133817048835,3.5331553386478003,887.5,-0.8269498101232046,-0.27464797034457544
forex,breakout,+ heat cap 4%,-0.09542872338007391,-0.034631772125910176,-0.572684617630839,-0.13802640014332723,139.36205479452053,-0.01846805416248771,0.9577462573150969,0.3536409922007685,2.594714897130631,2089.0,-0.2749876143529046,0.13812982360822323,-0.5808818462825602,-0.12107026242977936,-0.47559263822745834,-0.8147516533472337,153.07781078610606,-0.114045194344469,0.865796287546289,0.32970973571267226,2.809741028860124,458.5,-0.7933774825915582,-0.0717702937588908
forex,breakout,+ heat cap 6%,0.02813081689168556,-0.021558052311680953,-0.6315627976344145,0.040922861316936975,175.95376712328766,-0.0022591444302179115,0.9827456473680203,0.359241755009699,3.464877057822062,2637.5,-0.2406806694459228,0.15215074340474152,-0.524709944785106,-0.1451270216043693,-0.5866618526522591,-0.7415133014676933,184.79513254113346,-0.09584076742821224,0.8698558317443223,0.3339433902868663,3.5032993944718633,553.5,-0.938421252297012,-0.314852218502535
forex,breakout,+ heat cap 8%,0.006645912114333156,-0.034654535105230255,-0.674008400654822,0.009606389544625372,194.66657534246576,-0.0033481400228078714,0.9757041306513394,0.3597734754707328,3.851818053938614,2918.0,-0.051479750272231395,0.15089467347244795,-0.4426679243879291,-0.13901677932568335,-0.60479673000357,-0.6441107361312567,195.81272851919562,-0.08450924940808914,0.8835350313484684,0.33950976698519253,3.751019280537129,586.5,-0.9017108618625979,0.18659287695493892
forex,breakout,+ max 5 positions,-0.02131488342640316,-0.03389626546522834,-0.6180634951291029,-0.03068646805568452,180.12328767123287,-0.007091739115737577,0.9742294647180993,0.35591683672008867,3.5208890431047912,2700.0,-0.14448771450672693,0.2403642792318719,-0.43119817333557886,-0.12459568431278789,-0.5392975253232036,-0.6215694045750586,187.29913162705668,-0.08117631473409587,0.89067165077794,0.3404645399084901,3.5738542815871837,561.0,-0.8399142469470123,-0.04470544943881791
forex,breakout,+ halve risk in 10% DD,-0.09672487577928841,-0.04185111291522037,-0.5965084067278029,-0.13760846764583848,307.3770547945205,-0.0044957448853696815,0.9609045285214719,0.3598430044628717,3.3445387976747405,4607.5,-0.21699855696438078,-0.0035012247187280812,-0.46054782188699234,-0.12042710298607406,-0.5695061326825936,-0.686477216255527,291.4654936014625,-0.0835836510318508,0.8910294396167293,0.3369700813211821,3.3699628663937427,873.0,-0.6646736097261863,-0.16805898761913823
forex,breakout,+ partial 3d + BE + 10MA,0.0355904915626534,-0.03468029439590142,-0.6597968025293266,0.052332776003734253,216.94849315068493,-0.0017964604380241206,0.9649372327881256,0.5151252967529845,3.673657073870472,3252.0,-0.06694171217161278,0.15992050322795656,-0.6319404003883666,-0.2060148878664711,-0.6533525514692373,-0.961441335820648,207.66499085923218,-0.114972240600617,0.7799063688482091,0.4305210758026973,3.397632737007588,622.0,-0.9090486887543662,-0.4571202877151606
forex,breakout,+ partial 2R + BE + 20MA,-0.03188585052030012,-0.05246382810299349,-0.7132301537155766,-0.04588506408544701,139.4621232876712,-0.01649328223303906,0.943593859588129,0.35055416720188326,4.376092392492828,2090.5,-0.12437799090974698,0.07915355340687144,-0.35326655527643913,-0.1334381442679275,-0.6033015776578912,-0.517739715117922,138.2207495429616,-0.11906621534019321,0.8284459698245115,0.31623449224881206,4.196600032749659,414.0,-0.6840538646006571,-0.07340660796389599
forex,breakout,+ ATR trail 2.5,-0.13836262887678108,-0.1032490380615178,-0.8686842767602984,-0.19731497767146144,121.78335616438355,-0.056888150717787744,0.865063194533767,0.27093385077966575,4.6419136176990055,1825.5,-0.2953302593797562,-0.021554854704639848,-0.08115438128284924,-0.07392913889000025,-0.6469670406911479,-0.12379665035974255,115.01702468007313,-0.08727030155488213,0.8873820891703961,0.25352084785501555,4.492359169944784,344.5,-0.5482945279701755,0.11567465693177802
forex,breakout,+ time stop 5d,-0.054284409923190016,-0.05464538499372795,-0.7682193524410623,-0.07773597506044463,267.04945205479453,-0.007913704941145521,0.9623019547596963,0.4027040993764481,3.4317547903405226,4003.0,-0.18778318678721723,0.19276709474121734,-0.7104687017579114,-0.19426170502809614,-0.6606273872772812,-1.0308606942286478,247.3951096892139,-0.08870197413562797,0.8331252895920953,0.3626409475691772,3.20787155382221,741.0,-0.9303099190299697,-0.5778033544685144
forex,breakout,ALL LAYERS,-0.25922879438795604,-0.02777426844683284,-0.44590009480932935,-0.3661074282049926,44.76397260273972,-0.08674844955064848,0.834713318849354,0.3353204172876304,0.6954870282307064,671.0,-0.25922879438795604,-0.25922879438795604,-1.3061959786053585,-0.11071855205408188,-0.3062212747737396,-1.6230831499800311,45.73971663619744,-0.4360694329271082,0.4577959316957188,0.25547445255474455,0.7423385196606531,137.0,-1.3061959786053585,-1.3061959786053585
forex,breakout,all minus regime,-0.2826305422693486,-0.030361105525556376,-0.4726283700822468,-0.39690437959036395,45.8313698630137,-0.09710487119544439,0.8252214464600397,0.3318777292576419,0.7174448911917976,687.0,-0.2826305422693486,-0.2826305422693486,-1.3061959786053585,-0.11071855205408188,-0.3062212747737396,-1.6230831499800311,45.73971663619744,-0.4360694329271082,0.4577959316957188,0.25547445255474455,0.7423385196606531,137.0,-1.3061959786053585,-1.3061959786053585
forex,breakout,all minus vol,-0.31420865802522946,-0.034997847673565174,-0.5084066494687225,-0.43830479373894937,49.5672602739726,-0.10668773473653696,0.8159504683759746,0.3297442799461642,0.7482495842593045,743.0,-0.31420865802522946,-0.31420865802522946,-1.3247145205029403,-0.11873358436183878,-0.3348021121283894,-1.6525493232504107,51.749314442413166,-0.40949049057160597,0.47006544817683604,0.25806451612903225,0.8294270589842858,155.0,-1.3247145205029403,-1.3247145205029403
forex,breakout,all minus chop,-0.2889791026649506,-0.03372736275209032,-0.47649645576947997,-0.4063498570455255,54.90424657534246,-0.0938932291802272,0.83818115055217,0.330498177399757,0.8317748626462483,823.0,-0.2889791026649506,-0.2889791026649506,-1.0498342139191843,-0.10151649867925938,-0.302566799740996,-1.3838688360203462,54.75411334552103,-0.33088537767955106,0.5648966137596351,0.27439024390243905,0.9881870704215275,164.0,-1.0498342139191843,-1.0498342139191843
forex,breakout,all minus rs,-0.30453787528421167,-0.035068449388285905,-0.47694166430462803,-0.4249683123024925,52.56931506849315,-0.09397947846346338,0.8183991623118361,0.3248730964467005,0.8205417007713316,788.0,-0.30453787528421167,-0.30453787528421167,-1.3249294910626892,-0.11914833543208547,-0.33306612376909794,-1.6737311144387281,52.75091407678245,-0.3984708036062678,0.4692084358358099,0.25949367088607594,0.8542539496065761,158.0,-1.3249294910626892,-1.3249294910626892
forex,breakout,all minus score,-0.4054463320111502,-0.05997102676246968,-0.6433073217021312,-0.5703249788550204,84.62458904109589,-0.12020887337670927,0.819247161613861,0.31954311994172724,1.318621358243377,1268.5,-0.4101453156091655,-0.3963981196152755,-0.8675823602209571,-0.11936919762091458,-0.3855356665263253,-1.1960125294090105,82.79890310786107,-0.24468144498705446,0.644536450287267,0.29435483870967744,1.4263765243761195,248.0,-0.9817550115360502,-0.7987107020590503
forex,breakout,all minus exit,-0.22955425672243981,-0.021135934872881013,-0.38021788633401443,-0.3217536604629307,53.63671232876712,-0.04686369807055145,0.894506951121975,0.3482587064676617,0.5056179853169451,804.0,-0.22955425672243981,-0.22955425672243981,-1.351411221426605,-0.09742525044915662,-0.28233297168597105,-1.6675094000162145,50.74771480804388,-0.3145369670509764,0.5556603367573969,0.2565789473684211,0.501727598612923,152.0,-1.351411221426605,-1.351411221426605
forex,breakout,all minus sizing,-0.2606958095101113,-0.049105063133065396,-0.664629926695949,-0.37070111034792597,43.83,-0.1095213893487864,0.8427830625065735,0.3257229832572298,1.1601658042130576,657.0,-0.2606958095101113,-0.2606958095101113,-1.3532176412648396,-0.15581255462495103,-0.4114006202252014,-1.7090892894329714,45.071983546617915,-0.4263858640336363,0.45068970332608216,0.25925925925925924,1.0761609397788472,135.0,-1.3532176412648396,-1.3532176412648396
forex,pullback,naive,-0.5802395784153894,-0.10356412283894983,-0.8413055674145278,-0.8028322929576599,74.3508904109589,-0.13564111460721212,0.7769945489546624,0.3273461947930445,1.597677189424235,1114.5,-0.6136965421494506,-0.5677858403468553,-1.0761508313106516,-0.16561955422809166,-0.47671595305955045,-1.3721912102676583,81.12957038391225,-0.21735683799983307,0.6736526706218835,0.32024486450489215,2.0638251124286233,243.0,-1.1189590572370627,-0.9145195313576457
forex,pullback,+ regime,-0.534493425173476,-0.09346670324805467,-0.8147058810378575,-0.7440876273455522,67.11260273972603,-0.13617711777601274,0.7870149056108198,0.328202890404272,1.4389395247984091,1006.0,-0.5523447740397067,-0.5109512649312146,-1.0308446338312858,-0.15243685019723313,-0.4537735730075752,-1.313881157809618,75.62077239488117,-0.2107198376889577,0.673208966991827,0.32142857142857145,1.954759560541852,226.5,-1.0738147040186008,-0.959752589389376
forex,pullback,+ vol,-0.8491719047376881,-0.11852856840384829,-0.8770748885947086,-1.1390053879871347,61.10849315068493,-0.19791954975943454,0.6945089627016517,0.3034934497816594,1.313712462596702,916.0,-0.8545051124033631,-0.8407630866881223,-1.037384767934075,-0.13406794018223794,-0.3952876967738274,-1.3354986989366484,63.100776965265084,-0.2249606015918375,0.6784979879175068,0.30851063829787234,1.671794897056873,189.0,-1.2081739249764447,-0.9782569955112316
forex,pullback,+ rs,-0.4696031564670927,-0.06290189024186149,-0.6912904109741469,-0.6534826608066675,40.82794520547945,-0.14432145945335922,0.7662638283142005,0.3235294117647059,0.8106513971539324,612.0,-0.4804387518935842,-0.4627783635654181,-0.4661884300195747,-0.05889345458356254,-0.21517713369733105,-0.5945343051600934,45.071983546617915,-0.12021382402287799,0.7786796451802154,0.34074074074074073,1.1287974339420273,135.0,-0.4664034692697713,-0.4180446931891814
forex,pullback,+ score rank only,-0.5867590147588317,-0.10513745077709746,-0.8454307486282315,-0.808676649602977,74.11739726027398,-0.13842858504248864,0.7714970043082863,0.3258325832583258,1.596939027688765,1111.0,-0.5867590147588317,-0.5867590147588317,-1.038510162774343,-0.16191491331372543,-0.4708430161476086,-1.3196789169255574,81.46343692870201,-0.20759737763346942,0.682731665250812,0.3237704918032787,2.047833041510717,244.0,-1.038510162774343,-1.0239932900930406
forex,pullback,+ score top 20%,-0.31225843223180916,-0.024939856859554244,-0.4156487315143401,-0.44744992094336167,17.945616438356165,-0.12487056413282274,0.7929148967139504,0.3420074349442379,0.3719198083289281,269.0,-0.31225843223180916,-0.31225843223180916,-0.4854801358131954,-0.02614869478297943,-0.12661544332754393,-0.6338200115286339,16.025594149908592,-0.1690933023221571,0.7380295945359483,0.3333333333333333,0.342796940801415,48.0,-0.4854801358131954,-0.4854801358131954
forex,pullback,+ risk 0.25%,-0.6334327515891114,-0.028268861096947095,-0.3888784430168084,-0.8715236639121551,76.58575342465753,-0.14768312189377342,0.7800792121102773,0.3231707317073171,0.4543487064586429,1148.0,-0.6492968616527491,-0.6223654876160621,-1.0948921254711101,-0.04824264853646126,-0.16024147971739044,-1.419052878154616,91.47943327239489,-0.21108326916508113,0.6880541709464774,0.3175182481751825,0.615266500788572,274.0,-1.096273768693564,-1.0938585423811495
forex,pullback,+ risk 0.5%,-0.6372610296591561,-0.05762810996877338,-0.6366361689291444,-0.876045275934368,76.5190410958904,-0.14948105371131776,0.7707555735535006,0.3225806451612903,0.8810626969591249,1147.0,-0.6512833731896848,-0.6285905633785965,-1.0799861456168283,-0.09457614842968293,-0.2952426986205861,-1.4004364397438471,91.14556672760513,-0.207931039889305,0.6893208955108208,0.31868131868131866,1.2269431804035076,273.0,-1.0813781631516617,-1.0789515531794684
forex,pullback,+ risk 2%,-0.5057538905865292,-0.1417810483044772,-0.921563168493742,-0.697669273303225,64.47746575342465,-0.1235576001316303,0.7770491382468665,0.33126293995859213,2.180796001225729,966.5,-0.559878023891691,-0.4504199966567218,-0.9784412740977779,-0.20515999768580712,-0.5665313891752742,-1.2662118461190495,66.77330895795247,-0.21277795668739424,0.6623616652980449,0.32,2.568263037077015,200.0,-1.1757227893062716,-0.7916624151244046
forex,pullback,+ ATR sizing,-0.5765860901779133,-0.07704833527172239,-0.74361256875242,-0.7852007950116806,76.25219178082192,-0.14470669011860499,0.7716219246205216,0.3242888246722603,1.2310016291853998,1143.0,-0.5995937179324734,-0.5589252334683622,-1.0151729715512021,-0.12077484268467892,-0.36476263064993625,-1.3079326998659075,89.14236745886654,-0.20346291873753525,0.6852219355858542,0.32209737827715357,1.628822433597942,267.0,-1.0648845118330625,-0.97706941019946
forex,pullback,+ heat cap 4%,-0.49882563156394977,-0.06709554227925141,-0.7194606553877135,-0.6993397624401114,57.439315068493144,-0.11562995843776894,0.8173865550760218,0.33390579460761644,1.261310295551648,861.0,-0.5913462074881466,-0.43050757687082203,-0.8115489877426124,-0.0962702784259013,-0.315380837907519,-1.0662207581059224,62.933843692870205,-0.15108878769590262,0.7497056759082286,0.34036983402027404,1.559568634139696,188.5,-0.901250601297376,-0.5958579702187592
forex,pullback,+ heat cap 6%,-0.5670904337903575,-0.09100257640759124,-0.8044712530546002,-0.7827032061770377,68.98054794520547,-0.129964486928113,0.7915156663702838,0.32833655705996134,1.4916411159818717,1034.0,-0.6405862499974668,-0.5229842174018765,-0.8898548583308008,-0.1292389011748281,-0.4066130859646768,-1.162952011058267,76.12157221206581,-0.178510215983487,0.7279338937737413,0.33113667381555856,1.9483232209395476,228.0,-1.0964850542051214,-0.8289723240775507
forex,pullback,+ heat cap 8%,-0.5906407425000184,-0.1018095308744057,-0.8365847443411691,-0.8128527899111107,72.98328767123287,-0.13646871443109332,0.7753544135049968,0.3272394881170018,1.5724850384185585,1094.0,-0.6744804710870113,-0.5592346926138813,-0.9622953875915032,-0.14450961846135418,-0.43605196973763105,-1.2562615456782396,79.12637111517368,-0.193223988854902,0.7052654092879376,0.325531914893617,2.039879755101367,237.0,-1.0388617110478444,-0.8023539843364634
forex,pullback,+ max 5 positions,-0.5950595567548703,-0.09248757460369617,-0.8102741419501372,-0.8222953860582105,67.84643835616438,-0.13532419509401872,0.7757659724281651,0.3264705882352941,1.465479926773801,1017.0,-0.6392828909574819,-0.508345515219771,-0.8921262341888851,-0.12569983810356739,-0.39936027432946797,-1.1881628362222783,73.11677330895796,-0.1817832842225674,0.7252380331586443,0.3287671232876712,1.9106237137781186,219.0,-0.9546495986180177,-0.8112534482248692
forex,pullback,+ halve risk in 10% DD,-0.6779589919160509,-0.06228692136668246,-0.6696718862127267,-0.9254396452498863,76.5190410958904,-0.14948105371131776,0.751898779614293,0.3225806451612903,0.896033809509868,1147.0,-0.6917480610933273,-0.6695536075821978,-0.9965756012789564,-0.10225875810009072,-0.34398622795424194,-1.2843596222656313,90.81170018281536,-0.20480860814213464,0.7017301562301435,0.31985294117647056,1.342393984812869,272.0,-1.008209368091741,-0.9950379716438232
forex,pullback,+ partial 3d + BE + 10MA,-0.8755581100135783,-0.1336635158040645,-0.8918777899304926,-1.2133779598359231,86.59260273972602,-0.1557836228774987,0.6080382033713115,0.48364775702938,1.2892587758323053,1298.0,-0.8936251359246061,-0.8393849984185312,-0.8696544284337739,-0.1416366663448842,-0.5682806952007795,-1.258622762566295,98.65756398537478,-0.123387335654845,0.693972216561946,0.4711864406779661,1.5963763601678354,295.5,-0.9235127272202608,-0.8413222208295525
forex,pullback,+ partial 2R + BE + 20MA,-0.6477017928443951,-0.13336685601415826,-0.9035890609532475,-0.9076247585207295,67.27938356164383,-0.189545800784146,0.7098741788346102,0.29347342518316677,2.1480009195810275,1008.5,-0.683278726778913,-0.6406892519558198,-0.7001225579497454,-0.1434052055034255,-0.535464879678502,-0.9538433175254433,69.1103747714808,-0.1888185178186746,0.7183804705974985,0.281923541434411,2.769771646335061,207.0,-0.7684996424216826,-0.4819072887129974
forex,pullback,+ ATR trail 2.5,-0.5416692435077504,-0.1390383139505204,-0.9141147972685651,-0.7819479270805507,65.94513698630136,-0.20144526045752376,0.641012270211406,0.2628104670726258,2.247393484169693,988.5,-0.5783266779935312,-0.5091437825480781,-0.7026072787959061,-0.16172891866871475,-0.6067240539557017,-1.0041976290589085,71.11357404021938,-0.1890360532678328,0.6743300250943367,0.2505813953488372,2.67962363025997,213.0,-0.8216852612722871,-0.5279587334506328
forex,pullback,+ time stop 5d,-0.8288866493078899,-0.11574676870374867,-0.8668396613766995,-1.1280719400947818,88.12698630136985,-0.1344781658734893,0.7126293149185183,0.37031432798843855,1.1348586671969523,1321.0,-0.8340361104954208,-0.810246471249912,-1.1413003067230705,-0.14834809491820955,-0.4361426032642454,-1.4211037906435249,97.82289762340037,-0.15880280724349827,0.6727704134574538,0.36286016112929814,1.5014088070635794,293.0,-1.1842133869392217,-1.096164151696487
forex,pullback,ALL LAYERS,-0.42455110777464755,-0.017982667041897993,-0.3167700030253656,-0.6028641104134764,12.141643835616438,-0.25021920286701516,0.6380663800760596,0.29120879120879123,0.20685458919007838,182.0,-0.42455110777464755,-0.42455110777464755,-0.4045387683214906,-0.019138095612241668,-0.0809506860153244,-0.5241006139840256,8.680530164533822,-0.2407346412852037,0.6746100303748277,0.3076923076923077,0.3034873479802772,26.0,-0.4045387683214906,-0.4045387683214906
forex,pullback,all minus regime,-0.42271229281531403,-0.01785635381876982,-0.3190055106993118,-0.5987192584206399,12.208356164383561,-0.25059717775033924,0.6440453358177105,0.2896174863387978,0.20675998788701017,183.0,-0.42271229281531403,-0.42271229281531403,-0.4785353898786795,-0.022502959923598298,-0.09036174430859267,-0.618119674076294,9.014396709323584,-0.2711667915372483,0.6380693428107899,0.2962962962962963,0.30548813425498955,27.0,-0.4785353898786795,-0.4785353898786795
forex,pullback,all minus vol,-0.4303576060083199,-0.0212501866663779,-0.329482773011329,-0.6111103182917489,15.543972602739725,-0.19409597174779497,0.6523564460173299,0.30472103004291845,0.2586349534513368,233.0,-0.4303576060083199,-0.4303576060083199,-0.7246221856950973,-0.038340184125296495,-0.12093202780991708,-0.9037788540237843,13.020795246800732,-0.3133367349728695,0.5471900887480137,0.28205128205128205,0.3642113305712429,39.0,-0.7246221856950973,-0.7246221856950973
forex,pullback,all minus rs,-0.46308248479980024,-0.020099700343996774,-0.3333260914208708,-0.6526374085075197,13.342465753424657,-0.25685671021785794,0.6359330527726751,0.285,0.22945965074360453,200.0,-0.46308248479980024,-0.46308248479980024,-0.7049036703667233,-0.03280114274980961,-0.11155143187507144,-0.899727356151954,10.015996343692871,-0.34960533649088454,0.531847476386169,0.26666666666666666,0.3234046345580952,30.0,-0.7049036703667233,-0.7049036703667233
forex,pullback,all minus score,-0.677284056445781,-0.0439732150394464,-0.5318958963990781,-0.938281563637397,29.753698630136984,-0.26672954615734784,0.6228950556580961,0.2802690582959641,0.46428868641837023,446.0,-0.677284056445781,-0.6772840564457809,-0.867750947666785,-0.06674646319664779,-0.19921782445430658,-1.1507971801241648,29.71412248628885,-0.30596564065631426,0.5333849259846366,0.28888888888888886,0.8717778130750629,89.0,-0.903128453442378,-0.8396586741488318
forex,pullback,all minus exit,-0.39755904872711456,-0.014148322162516824,-0.2725458843954899,-0.5489036497516743,12.341780821917808,-0.1890331071137874,0.7111644875374883,0.3081081081081081,0.15175786325908402,185.0,-0.39755904872711456,-0.39755904872711456,-0.3225511016283739,-0.014803179559129576,-0.0920786139876596,-0.4136779753862786,9.348263254113347,-0.1626499394461285,0.759651414679666,0.32142857142857145,0.24672845088976114,28.0,-0.3225511016283739,-0.3225511016283739
forex,pullback,all minus sizing,-0.4319410716315703,-0.03180722494658694,-0.47914279690780914,-0.6182686616748356,12.141643835616438,-0.25021920286701516,0.6257640599404609,0.29120879120879123,0.36075657364843045,182.0,-0.4319410716315703,-0.4319410716315703,-0.4045387683214906,-0.019138095612241668,-0.0809506860153244,-0.5241006139840256,8.680530164533822,-0.2407346412852037,0.6746100303748277,0.3076923076923077,0.3034873479802772,26.0,-0.4045387683214906,-0.4045387683214906
forex,rsi2,naive,-0.4799605594747845,-0.08431181667264825,-0.7534157662964167,-0.6511689339896538,266.78260273972603,-0.0287169167802149,0.8569986824407123,0.6098874211654925,2.0672372801389622,3999.0,-0.5331469912177177,-0.40372275026432397,-0.03025523210600712,-0.014873813772400046,-0.2624461580339826,-0.04301616814755523,263.75457038391227,-0.0019245072701810054,0.9673594411381697,0.6489566163644802,2.230022931322954,790.0,-0.14013872073830672,0.029577150142843917
forex,rsi2,+ vol,-0.46783106176005396,-0.07452576321624704,-0.7586738363079257,-0.6451705517781692,243.29986301369863,-0.028108136951022357,0.8744425369335644,0.6126953745272397,1.9309027643848142,3647.0,-0.533035865770405,-0.43621785886713094,-0.27823274815745214,-0.044444593936723675,-0.2661538901535974,-0.38654062341143713,223.02285191956125,-0.016497011881113487,0.8944178465834259,0.6514582941739839,1.973777395414915,668.0,-0.3341715997359664,-0.1712227520258814
forex,rsi2,+ rs,-0.1251740029790344,-0.015250589742331178,-0.3159949941659552,-0.175459740519627,98.06712328767122,-0.012308245701233449,0.9284576760784183,0.6142857142857143,0.6996777332860492,1470.0,-0.12517400297903497,-0.12517400297903422,0.336555326004536,0.02407893211288048,-0.12107649768282447,0.5111340166634464,81.79730347349178,0.032141022355795475,1.1654076047213338,0.689795918367347,0.623767071436441,245.0,0.32721084308485293,0.346733942344334
forex,rsi2,+ score rank only,-0.49440256585753967,-0.08721490211380245,-0.7674684828982972,-0.6715968501141419,265.44835616438354,-0.0302721296456643,0.8552430077196183,0.6054284996230208,2.062155092539744,3979.0,-0.49440256585753967,-0.49440256585753967,0.0034333529292916243,-0.010239122768643583,-0.25613375748548695,0.0048673144086895945,263.0868372943327,-0.00027798494115712955,0.9772334503738199,0.6459390862944162,2.2041237658457784,788.0,0.0034333529292916243,0.0034333529292916243
forex,rsi2,+ score top 20%,-0.10537277450524013,-0.009714922959037087,-0.3437327187582607,-0.14974515970603572,68.38013698630137,-0.011403030770688818,0.9379595261132033,0.6058536585365853,0.5030122760961451,1025.0,-0.10537277450524013,-0.10537277450524013,0.8261122961293649,0.057224157461489344,-0.057247598594240334,1.4420371066127249,65.43784277879342,0.0883070865157378,1.545831983020481,0.7193877551020408,0.45475497786674524,196.0,0.8261122961293649,0.8261122961293649
forex,rsi2,+ risk 0.25%,-0.49017705418802515,-0.019813581912788036,-0.2808135814891534,-0.6657302771112594,267.88335616438354,-0.028749888895825748,0.8630926220742059,0.6096374660541888,0.5235802039056998,4015.5,-0.5364298863216344,-0.44119736390682845,-0.06610526069096254,-0.0031011500033520933,-0.07355117606248085,-0.09351314066634267,264.7561700182815,-0.003724016632961337,0.9747524185453704,0.6484270301145056,0.5575177364500599,793.0,-0.2014054185025939,0.08544990756016696
forex,rsi2,+ risk 0.5%,-0.48591445891636603,-0.0404648386461412,-0.48957689526421017,-0.6603094513250308,267.88335616438354,-0.028749888895825755,0.8603658818048984,0.6096374660541888,1.0444958153737074,4015.5,-0.5318060997381062,-0.4375147997699914,-0.06519274222619979,-0.007482108179448277,-0.14260509861842557,-0.09222693658363575,264.7561700182815,-0.0037240166329613345,0.968848189573155,0.6484270301145056,1.1161762755257931,793.0,-0.1998628342513474,0.08700564927311444
forex,rsi2,+ risk 2%,-0.45977332583670694,-0.1443505310557131,-0.9070994723768766,-0.6296568721672392,218.7830821917808,-0.028164103833379476,0.8512998076247594,0.6068932223271462,3.2148539713750055,3279.5,-0.6112284194299853,-0.4204822105211994,-0.22071853975483693,-0.07373151562048774,-0.5090400875194143,-0.3084523467404262,205.49485831809875,-0.014176318438814998,0.8861002337754578,0.6364366956800341,3.316331182579423,615.5,-0.3982730119211773,-0.04667383351142188
forex,rsi2,+ ATR sizing,-0.5021921155441185,-0.12539103114923855,-0.8748970467846074,-0.6845473878040487,248.80363013698627,-0.02960890470157855,0.8486836021445837,0.605999385896129,2.826489904437247,3729.5,-0.584648689212849,-0.46643381367724246,-0.10521133674511893,-0.039494179380513916,-0.37683190465338245,-0.1482727770900374,238.04684643510055,-0.006326608455879449,0.9333177833358022,0.6449582675389127,2.9392811371598557,713.0,-0.2820671112865186,0.034102446725762924
forex,rsi2,+ heat cap 4%,-0.39428398074809734,-0.029624931068854277,-0.42387336142120874,-0.537173266016105,114.1781506849315,-0.025361994284782332,0.8718790843216584,0.6102465980269689,0.8967469469982003,1711.5,-0.5615550816494255,-0.2159440430418528,-0.8050626883399914,-0.05583320566622141,-0.2379728209397738,-1.0585944771278415,118.35569012797075,-0.046295662134795565,0.7777966602359756,0.6299435028248588,0.9900452669839857,354.5,-1.0665121361251673,-0.2936029159700795
forex,rsi2,+ heat cap 6%,-0.4375914946732796,-0.0470998255456575,-0.5372417840210247,-0.6116044247322265,165.88020547945206,-0.02710618913950086,0.8628776208269137,0.6112562657006142,1.2909860983902912,2486.5,-0.5548434681267362,-0.3483635598917624,-0.6637237088378065,-0.06422998451066142,-0.26890943260223715,-0.8880646413332752,170.77273765996344,-0.03699644844359566,0.8070831679169717,0.6359269425675675,1.4360367078668963,511.5,-0.8229515727364859,-0.43735539080947483
forex,rsi2,+ heat cap 8%,-0.518214613085535,-0.06842742643810401,-0.6648896972064653,-0.6978002885534438,208.84294520547945,-0.03074920067873583,0.8441128274597904,0.6089455272363818,1.620403008297735,3130.5,-0.5735622638534221,-0.42314120011596507,-0.334046266313644,-0.044373370531830436,-0.26629531537580775,-0.4592474233104874,212.8399223034735,-0.01854100452631954,0.8847906045602729,0.6413466868784985,1.7848679500714573,637.5,-0.45470813139490873,-0.2294568878538726
forex,rsi2,+ max 5 positions,-0.45692651260736306,-0.04943625524556833,-0.5541991127056034,-0.6283259287081184,172.98506849315066,-0.026492074962179542,0.8643242876188014,0.60964311262992,1.350650383717869,2593.0,-0.5673884226819803,-0.29905591230735223,-0.6163070234963477,-0.06354990552558909,-0.27037502189401447,-0.8373296340829556,176.6154021937843,-0.03469633276430266,0.8143727185731096,0.6254721447922562,1.5289959894183713,529.0,-0.8244456480263325,-0.3444038183453957
forex,rsi2,+ halve risk in 10% DD,-0.5579882787997239,-0.048091709335345845,-0.5343448689475321,-0.7501402543673937,267.88335616438354,-0.02874988889582575,0.8344859680951515,0.6096374660541888,1.0702345478743753,4015.5,-0.6056480768775665,-0.5164320288262256,-0.30617699194412673,-0.033389633465421065,-0.21067630126405912,-0.40894914264779947,264.08843692870204,-0.0019409232985952848,0.8867035651884438,0.6485803768465769,1.3250535375355317,791.0,-0.42012513437775845,-0.2659608621928083
forex,rsi2,ALL LAYERS,0.026045658632854934,0.00022753235069017386,-0.14833218687054295,0.03743844643066878,39.8272602739726,0.0028858200463343416,1.0032901863624564,0.6231155778894473,0.2354173080282376,597.0,0.026045658632854934,0.026045658632854934,0.3055450209494358,0.012672693902111787,-0.059177237699523766,0.4581874946976753,31.383455210237663,0.04286386414575001,1.2144668578864228,0.6914893617021277,0.2294247362186199,94.0,0.3055450209494358,0.3055450209494358
forex,rsi2,all minus regime,0.026045658632854934,0.00022753235069017386,-0.14833218687054295,0.03743844643066878,39.8272602739726,0.0028858200463343416,1.0032901863624564,0.6231155778894473,0.2354173080282376,597.0,0.026045658632854934,0.026045658632854934,0.3055450209494358,0.012672693902111787,-0.059177237699523766,0.4581874946976753,31.383455210237663,0.04286386414575001,1.2144668578864228,0.6914893617021277,0.2294247362186199,94.0,0.3055450209494358,0.3055450209494358
forex,rsi2,all minus vol,0.0083266365842756,-0.000498903180846777,-0.17977592155224031,0.01190345272712181,47.43246575342466,-0.0005207914701052335,0.9932535845662896,0.620253164556962,0.23881815635062767,711.0,0.0083266365842756,0.0083266365842756,0.46383847137299733,0.022242381622786134,-0.046284631163561185,0.7155599474046718,40.39785191956125,0.057008393156165814,1.3060978409169592,0.6859504132231405,0.2767736118722622,121.0,0.46383847137299733,0.46383847137299733
forex,rsi2,all minus rs,-0.08809282067594189,-0.00516110881770715,-0.21303847561056177,-0.1259644481916825,53.3031506849315,-0.02170446270246752,0.9442348039168258,0.5982478097622027,0.30885221574887944,799.0,-0.08809282067594189,-0.08809282067594189,0.23624240347678407,0.010870696194253293,-0.0880361312355743,0.3543852077868786,43.736517367458866,0.027055877114714598,1.1315656086424064,0.6717557251908397,0.33624763749695535,131.0,0.23624240347678407,0.23624240347678407
forex,rsi2,all minus score,-0.4494239616300213,-0.021149200023570625,-0.2863497242887343,-0.5713223666561784,80.88869863013699,-0.032184347394370955,0.783417019315629,0.6046223016190967,0.3186242833402144,1212.5,-0.48321823797208335,-0.4444833022161479,0.03270086144662068,0.00022799070181689363,-0.10349782323070422,0.04645969891010783,56.92424588665448,0.007973848303133585,1.0021022294222113,0.6744926040591676,0.4463323347451639,170.5,-0.008128040648323984,0.07900669232328854
forex,rsi2,all minus sizing,0.03168054133191986,0.00029800362248022516,-0.19329661790833652,0.04544001837379576,41.69520547945205,0.003427924989737829,1.0034673942238654,0.624,0.30579421518980787,625.0,0.03168054133191986,0.03168054133191986,0.4518126653899453,0.0214632027471664,-0.06006310469704168,0.7201643278095907,35.055987202925046,0.06360736221261976,1.3604023542875738,0.7238095238095238,0.2593287477097069,105.0,0.4518126653899453,0.4518126653899453
crypto,breakout,naive,0.30373523511247624,0.04268265527959869,-0.3184847050710079,0.4615271882574816,264.4580243644068,0.05003384357242745,1.0241297869917543,0.3830556184818814,0.35632615449283167,683.5,0.14852500026641483,0.4435086514365068,0.8403904735086813,0.3738591298751691,-0.5358857025686777,1.2858054519723554,549.6286008230452,0.08863042958393907,1.0579315085050762,0.3979201710292907,0.5620232110977941,1097.0,0.6026285013337922,1.27801398442773
crypto,breakout,+ regime,0.2925722506451911,0.043983972871050825,-0.2696105558669208,0.44600420683841135,169.4698093220339,0.07644543983467825,1.0415268276642418,0.3861150317572336,0.19915810647284798,438.0,0.18866725165211234,0.4545216898266112,1.127520369368212,0.5981116541344575,-0.5174011283226081,1.7440120229834133,423.369341563786,0.15811516500088701,1.1391421668427864,0.42197222472720713,0.4199155228049932,845.0,0.9361170234152669,1.282002870500853
crypto,breakout,+ vol,0.45893244597197946,0.10893140717337946,-0.3035222628217023,0.6960454735071543,247.43365995762713,0.07487325258861885,1.0625846312466256,0.39085766668157224,0.3377657101767323,639.5,0.2497656837722418,0.7130537380098015,0.6972460327521629,0.26052654186216095,-0.5752713711327018,1.068285068994268,483.74331275720164,0.07676189317143933,1.058613473758319,0.39298501232911864,0.5052146782947913,965.5,0.4149666355365618,0.9663994978037818
crypto,breakout,+ chop,0.2741156112730524,0.03317770230525041,-0.30138018996362154,0.40392679929575404,228.0877913135593,0.04265244486753841,1.0213200446916826,0.38155698395201354,0.3043572977232907,589.5,0.1572926898209815,0.335268340849111,0.6011481635914238,0.19884354041632502,-0.5538984417603691,0.9174877239507135,533.5956790123456,0.0677485389454664,1.0373419221632036,0.38966663545275776,0.532892726049196,1065.0,0.30348894322051956,0.7721526004054964
crypto,breakout,+ rs,0.25138308310333857,0.03157269400081708,-0.16232330037257314,0.3833192966357452,126.71543961864407,0.041262614720648995,1.0382740369145413,0.3744230659651655,0.15690430379864484,327.5,0.1456637610342777,0.33501043619235127,1.0359508103592208,0.4980917205832097,-0.4627270495995402,1.6830868126027334,469.9650205761317,0.10962101906850777,1.0969142338522206,0.4009536926055689,0.4715704625622019,938.0,0.8972564615632321,1.1527069110441364
crypto,breakout,+ volume,0.3135672609900939,0.05048995640467013,-0.30318112892667404,0.45995527587813134,181.8511652542373,0.05999856481425112,1.0387170029224269,0.3814107247223846,0.2392945960478412,470.0,0.19672378402749968,0.4433141194047933,0.6073324342768691,0.1961974757009426,-0.5197237912099704,0.8923016725737706,478.9835390946502,0.06348539479553963,1.04079561388428,0.38809576412895624,0.47676685843750505,956.0,0.14374297400449523,0.9876358977367848
crypto,breakout,+ score rank only,0.3117112633235789,0.04621771696925814,-0.28943343878405814,0.4659130885863175,261.16922669491527,0.05216132482779277,1.0250107907174277,0.38074074074074077,0.359284018169858,675.0,0.3117112633235789,0.3117112633235789,0.2850401054283757,0.0010564320589288023,-0.7063373580910547,0.4229231928664158,564.1584362139918,0.0317750856750345,1.000167265228795,0.37211367673179396,0.5600619681857673,1126.0,0.2850401054283757,0.2850401054283757
crypto,breakout,+ score top 20%,0.014819950909789874,-0.01680204951065667,-0.1842435660453592,0.02328021041763435,88.6040783898305,0.007773980255579895,0.9713284900667413,0.37117903930131,0.11097753937347632,229.0,0.014819950909789874,0.014819950909789874,0.2072440322141642,-0.014181021778253755,-0.5945460251687462,0.3189806055655552,352.2232510288066,0.02629510383299165,0.9956050837869426,0.3755334281650071,0.38629678943668916,703.0,0.2072440322141642,0.2072440322141642
crypto,breakout,+ risk 0.25%,0.4059563934792876,0.04178145975917291,-0.08774292844289888,0.6080219794264428,300.0544226694915,0.063157015618131,1.0843488795846126,0.38531287365484257,0.10305546938147049,775.5,0.22087519480484671,0.5315115106898329,0.8880017986919388,0.13024046139872048,-0.15925694285308079,1.386912814267547,581.1934156378601,0.09175642369169973,1.1183998300177238,0.3963706510319779,0.14911521165968566,1160.0,0.43057797667267,1.1729011935139917
crypto,breakout,+ risk 0.5%,0.40722601491139654,0.07040781421326758,-0.17195307677661725,0.6129064006426543,300.0544226694915,0.063157015618131,1.0673323569337518,0.38531287365484257,0.20542376570118748,775.5,0.22323180146558194,0.5304527954508871,0.8881019913115229,0.2470513921799964,-0.2982253380966916,1.3887754743245546,579.9408436213992,0.09141572000764947,1.0945982095322222,0.3964499874239722,0.297880950897046,1157.5,0.42561427443353844,1.18719674324187
crypto,breakout,+ risk 2%,0.14443703544229292,-0.057018047445371756,-0.49045764532033176,0.2147473081087039,199.64936440677965,0.038410100661568455,0.972094385298024,0.38036168665939657,0.4515065653796722,516.0,-0.10751109356016979,0.31778476537633465,1.0238606438631654,0.6587202072420446,-0.6918175919851619,1.6152400255044137,384.03858024691357,0.11657932027716955,1.0725880864687831,0.4129851914049082,0.7210097372934843,766.5,0.40798116080240804,1.283460068607494
crypto,breakout,+ ATR sizing,0.43996493435375383,0.08990399371996327,-0.2261952239517706,0.6599334941721251,298.89367055084745,0.06044046279070889,1.0679004886582102,0.3848214285714286,0.25775741854850204,772.5,0.3169578345576005,0.6394150921409829,1.0269626798450653,0.350844326125778,-0.33657274978693,1.5581346664872588,581.1934156378601,0.09175642369169974,1.1128231780382278,0.3963706510319779,0.35449241647146557,1160.0,0.617096194299152,1.2731063569448031
crypto,breakout,+ heat cap 4%,0.6723937334625714,0.12633058627893645,-0.18299977673066858,1.0294260065255636,135.03416313559322,0.1149612357011991,1.1534563943335425,0.4060287191647729,0.1793868311523919,349.0,0.18599907437173854,0.9636168115761091,0.1379500340230825,0.0035856703051116434,-0.32750885636000954,0.2058300771892007,213.43827160493828,0.020071581523134555,1.0022469449311933,0.3694997490379789,0.19778588305593714,426.0,-0.3350386214838158,0.7449619211711042
crypto,breakout,+ heat cap 6%,0.3724448873520245,0.06809405542116431,-0.24308710036514303,0.57043355699395,190.75026483050848,0.0661003368994594,1.0551639119932443,0.38745933155871043,0.24555185902634252,493.0,0.02273627844044642,0.6519035887160406,0.5658031304931774,0.14184934523043236,-0.4079083228746114,0.8509625097979026,317.6522633744856,0.060391030349349395,1.0517469061540523,0.38207183480285506,0.2985015353349747,634.0,-0.006455711692726558,1.0278517146691168
crypto,breakout,+ heat cap 8%,0.499721548807593,0.11889502868787827,-0.2624133825141888,0.7639978663576439,227.3139565677966,0.08274393297423285,1.080145147681047,0.39516854267166934,0.29502310536991494,587.5,0.3662867104408963,0.7373212562178852,0.3213073849264581,0.048840552148561533,-0.49254962476295155,0.4699070436192204,405.0817901234568,0.03396685963177189,1.0154067948186292,0.37493929681429683,0.3889083320066502,808.5,0.10850761573226186,0.8068109492035348
crypto,breakout,+ max 5 positions,0.42719021681470526,0.08458217121098899,-0.30125020646065753,0.6458769982982357,188.8156779661017,0.07508840400082299,1.0726820255754166,0.3903688524590164,0.2650945575164019,488.0,0.1550076301161398,0.6996662161278979,1.01839921961388,0.32891051553059536,-0.30760323964425645,1.5848633843785684,301.86985596707814,0.1096158514057276,1.1232313583025464,0.4037967433106947,0.3018298275046922,602.5,0.6251036724657049,1.391342154396263
crypto,breakout,+ halve risk in 10% DD,0.09749996299289755,-0.011675776334562515,-0.2491011706069658,0.14119782724014002,296.3787076271187,0.06399763540300282,0.9896167224419181,0.38652898501129285,0.22966117161670052,766.0,-0.042958398799235804,0.29798032122389134,0.9755245571570637,0.35463476052611065,-0.36590236853024155,1.4708686151437433,579.1893004115227,0.09141572000764947,1.1066109680445981,0.3968722847212695,0.3325036771583769,1156.0,0.5169591395320764,1.3006588857257548
crypto,breakout,+ partial 3d + BE + 10MA,0.6943919055088095,0.23425420457835366,-0.3007950753535276,1.1417147387558406,223.44478283898303,0.1701249991692208,1.219541697465315,0.4974271012006861,0.3221902202029935,577.5,0.5849378581994265,0.8248639955511028,0.7802770590639077,0.36601428573543926,-0.664572947184998,1.3516841220178843,515.5586419753087,0.11390804669407706,1.0566528104165975,0.4506083907340471,0.5524945713522367,1029.0,0.11359555360218686,1.3315373450757164
crypto,breakout,+ partial 2R + BE + 20MA,1.3922333715110549,0.6658756056853474,-0.23225129357304902,2.281758474996204,151.47815148305085,0.4677163228101459,1.6414291285882916,0.4127645143787303,0.46189404664501255,391.5,1.1270494745541657,1.4810506273159942,0.7626976541918711,0.29543868102151216,-0.5408626479502565,1.2381309308197705,280.57613168724276,0.16046118349574096,1.085136584789295,0.35803526159203314,0.5441317936661326,560.0,0.33578055400343704,1.165809671593527
crypto,breakout,+ ATR trail 2.5,1.2775720875768237,0.7690381594949353,-0.29266094436793444,2.1861561474746436,139.48371292372883,0.5141180063659663,1.6959436041311617,0.3411602209944752,0.5156204513503617,360.5,1.052330300420438,1.3766496738491922,0.6340305748869459,0.22422199454451197,-0.7032916248672635,1.0093350363078895,276.5679012345679,0.1926104849104634,1.0665765274187935,0.2685137750455373,0.6860215868094325,552.0,0.36290889776170326,1.0366058606793742
crypto,breakout,+ time stop 5d,0.4198207810754727,0.09319927697612185,-0.3185725806012543,0.6632446730478545,296.185248940678,0.057152652188392855,1.0517557755544675,0.39649035627052975,0.2589581998047337,765.5,0.18623340082961148,0.8073085834009299,0.3425488505511894,0.036903405492082264,-0.6757127494860056,0.5197211289320818,722.7340534979423,0.02584807298821548,1.0058208053852997,0.40185854889947814,0.487706551273549,1442.5,0.08498414793206689,0.672544797948107
crypto,breakout,ALL LAYERS,0.25897965284768265,0.015395021111007656,-0.0786813500332324,0.38199466565011564,13.542108050847459,0.13157639651462968,1.1778702061162778,0.34285714285714286,0.02287088675669319,35.0,0.25897965284768265,0.25897965284768265,0.9383127620702527,0.13178489786939163,-0.1409142613123533,1.5320802988971063,38.57921810699588,0.3690801637516973,1.5511909497745828,0.37662337662337664,0.05176306137915961,77.0,0.9383127620702527,0.9383127620702527
crypto,breakout,all minus regime,0.37907412410130137,0.024670607997341998,-0.07868135003323251,0.5691608760014877,14.31594279661017,0.18827181499303014,1.269102283953093,0.35135135135135137,0.026144321664128493,37.0,0.37907412410130137,0.37907412410130137,0.7053182212102763,0.10486443552214197,-0.2099656039009562,1.123228796197718,66.1358024691358,0.1530615400886152,1.291820982863598,0.3787878787878788,0.07723589778036218,132.0,0.7053182212102763,0.7053182212102763
crypto,breakout,all minus vol,0.1379383566454874,0.007217830978733852,-0.08773531613170749,0.20024074990862212,14.31594279661017,0.06861809950212973,1.0773264757951375,0.32432432432432434,0.02485584082416581,37.0,0.1379383566454874,0.1379383566454874,1.1007738592049112,0.1773463313231609,-0.18154965197292094,1.9158138196309757,44.090534979423865,0.4291598380837904,1.6228329680552465,0.3522727272727273,0.05819014510095734,88.0,1.1007738592049112,1.1007738592049112
crypto,breakout,all minus chop,0.13933962520331816,0.007218165560112455,-0.08821554636380868,0.20395013903446035,14.31594279661017,0.068279344817826,1.0767620258036998,0.32432432432432434,0.023248572763696174,37.0,0.13933962520331816,0.13933962520331816,0.8438460261174808,0.11792925538188626,-0.16489142563704828,1.3588552504004339,42.58744855967078,0.2637507069094999,1.4527235657181465,0.35294117647058826,0.054015849919393795,85.0,0.8438460261174808,0.8438460261174808
crypto,breakout,all minus rs,-0.30522773719528135,-0.025220093988520098,-0.12749360650061392,-0.4014808237077226,18.18511652542373,-0.0440323550697715,0.7913609509017122,0.2978723404255319,0.0298119846469266,47.0,-0.30522773719528135,-0.30522773719528135,0.9784283356085123,0.19860002050040015,-0.2544539783690528,1.8388441963965099,56.11522633744856,0.2890141626361024,1.7153928373883895,0.3482142857142857,0.058712000650755464,112.0,0.9784283356085123,0.9784283356085123
crypto,breakout,all minus volume,0.7326883346830902,0.08718956634078712,-0.14790358825410643,1.166026157096682,20.89353813559322,0.5751304512048178,1.7092047056872752,0.37037037037037035,0.036868147316077494,54.0,0.7326883346830902,0.7326883346830902,1.4763933927998147,0.4560344107775838,-0.19946528668957486,2.5331082288460287,101.20781893004116,0.618645367021557,1.7328704862737274,0.4752475247524752,0.18830422931644003,202.0,1.4763933927998147,1.4763933927998147
crypto,breakout,all minus score,0.8219140897032153,0.1106073943266348,-0.13410853917169907,1.3040558225396734,36.37023305084746,0.40048049457612844,1.6425239728383434,0.4574468085106383,0.0599037031777381,94.0,0.8219140897032151,0.8219140897032154,1.1158365673056283,0.31218196536290865,-0.2362014708497327,1.8557620465977605,121.24897119341564,0.28570411860622,1.4988857423462623,0.388092427053466,0.13086680729845596,242.0,0.9407712991484035,1.278548818441883
crypto,breakout,all minus exit,-0.22245712489984157,-0.01225430948902162,-0.09307613998854836,-0.315643696639964,15.476694915254237,-0.07491504833823735,0.8802832568124113,0.325,0.012792062786860159,40.0,-0.22245712489984157,-0.22245712489984157,0.4503865815350281,0.043357979314092354,-0.09301313615842755,0.6508240619102685,40.08230452674897,0.10779660304887699,1.1580103390336975,0.3875,0.03381815624085734,80.0,0.4503865815350281,0.4503865815350281
crypto,breakout,all minus sizing,0.25897965284768265,0.015395021111007656,-0.0786813500332324,0.38199466565011564,13.542108050847459,0.13157639651462968,1.1778702061162778,0.34285714285714286,0.02287088675669319,35.0,0.25897965284768265,0.25897965284768265,0.8504297794778597,0.13958787334280598,-0.17283463865346949,1.3874306739724096,38.57921810699588,0.3701421328876097,1.450117809225926,0.37662337662337664,0.0645304938950815,77.0,0.8504297794778597,0.8504297794778597
crypto,breakout,PICKED,1.2363952778450729,0.5451213475629345,-0.2990311730814932,1.9767746375358717,146.06130826271186,0.42686782682511215,1.5154000952326565,0.39117458279845957,0.4498691666234874,377.5,0.9920336954810198,1.4388922243434887,0.6833955423256131,0.23985728510341375,-0.4572373461467191,1.0553907529948154,265.04423868312756,0.12442764835134745,1.1044945206819994,0.382936935771376,0.498581625262503,529.0,0.2456202278545192,1.3022964801005288
crypto,pullback,naive,0.11748234278113692,-0.0005437569680438736,-0.3532225158114088,0.16424426934146197,108.53032309322035,0.03169626595111284,0.9993074511670262,0.3865019872214117,0.21459372626209933,280.5,0.031775258796866525,0.2783905066072371,1.525505086624798,0.675790811396014,-0.26663951545431175,2.3366539807312376,334.4367283950617,0.18424069095469361,1.2301225270764466,0.45352229814781514,0.45378705242917294,667.5,1.3811092912862595,2.075143781663053
crypto,pullback,+ regime,-0.16641358148070362,-0.05984973197215554,-0.37236946463603354,-0.2273917720634896,84.73490466101696,-0.031177079028341062,0.8853256539139276,0.3592643793724603,0.15608155479189104,219.0,-0.2977543424922582,-0.026848781410502485,1.3185827820244214,0.598025632274546,-0.31320953015967984,2.0370791846798184,280.0751028806584,0.21054965587921237,1.2677187877501386,0.47546715579502463,0.3924969475429847,559.0,1.0433491815963998,1.4532138508679586
crypto,pullback,+ vol,0.18863334602353968,0.017295625378165314,-0.3076100646306387,0.2601905940436174,99.43776483050847,0.047785296976716136,1.0258142126747756,0.39376367947470814,0.1971257629273031,257.0,0.08991100723238807,0.3383020614725087,1.3557491845148206,0.5712519418119153,-0.2808571083327996,2.065453770500523,310.8883744855967,0.1782057597310442,1.2153954740614372,0.45049730604552063,0.4061384940712208,620.5,1.1087347656475603,1.6223199352172757
crypto,pullback,+ rs,0.5027134069001841,0.05474258525727804,-0.21081779306857562,0.7573945559574158,46.043167372881356,0.13002567323919573,1.1788372657444834,0.40336134453781514,0.08356233523123191,119.0,0.5027134069001838,0.5027134069001843,0.9389752941457074,0.25835881531749616,-0.24846528031853604,1.3707112484659436,238.99074074074073,0.11490782507819335,1.1487439805963744,0.4224318658280922,0.3333141339280197,477.0,0.7779735965355146,1.0482730031011258
crypto,pullback,+ volume,0.3735291893364682,0.05351117346169598,-0.22884056125150204,0.5316526184936509,77.38347457627118,0.10388906975961568,1.0998173616199538,0.3940174129353234,0.15005670704968116,200.0,0.22979293273545412,0.4449919353520362,1.156779062951082,0.43900940997771953,-0.3625915685506219,1.7549039006857137,306.6296296296296,0.1499061207472765,1.1462298459156937,0.42821922854286165,0.42960809359607754,612.0,0.8932727966214595,1.4013765809326517
crypto,pullback,+ score rank only,0.0580998664210309,-0.01502444257981772,-0.3783844690065682,0.08120218577206176,107.56302966101696,0.018948685376190835,0.9802782175153023,0.381294964028777,0.2157240255702329,278.0,0.0580998664210309,0.0580998664210309,1.3258804366688202,0.5327025029768306,-0.26711877026350916,2.0197512376043516,337.1923868312757,0.15713093574307122,1.1798377690821538,0.43536404160475484,0.4424824030181409,673.0,1.3258804366688202,1.3258804366688202
crypto,pullback,+ score top 20%,0.554335842790229,0.049467293241908905,-0.08629284618345834,0.8629889911915369,28.63188559322034,0.17972849592775156,1.3120691593352174,0.43243243243243246,0.0522497578646867,74.0,0.554335842790229,0.554335842790229,1.1854864708958501,0.32466483287642633,-0.25700414005508965,1.774477306691012,198.4074074074074,0.16205887514744624,1.2174610279004987,0.4090909090909091,0.2665234473856898,396.0,1.1854864708958501,1.1854864708958501
crypto,pullback,+ risk 0.25%,0.2897719379506052,0.016392478158850365,-0.09947695252795657,0.41422268883339197,111.04528601694915,0.06747947344452165,1.0943647143730306,0.397212543554007,0.05730537636184352,287.0,0.1986714927964261,0.33677947936225866,1.7139950983159467,0.18454721191601742,-0.06982739020065415,2.6249078648589075,343.9562757201646,0.2059612476464208,1.3559886293082253,0.45932452884954283,0.11747244768010318,686.5,1.2982620703865893,1.8932798049170623
crypto,pullback,+ risk 0.5%,0.2804338032434498,0.02768089179368949,-0.19439748236878485,0.400440881865747,111.04528601694915,0.06747947344452165,1.0756424619603155,0.397212543554007,0.11427565186299635,287.0,0.18806018194105484,0.3282423417182111,1.713164300159594,0.3855000971688093,-0.13550854876405088,2.6258666013840677,343.9562757201646,0.20596124764642082,1.3194808176864683,0.45932452884954283,0.2339043993649204,686.5,1.290603815944698,1.8921270822481684
crypto,pullback,+ risk 2%,-0.18494642874415024,-0.1123652472771744,-0.5511436690483648,-0.25007415271882083,91.3125,-0.020767436804111285,0.9056894240579958,0.3630544536602957,0.293684098127008,236.0,-0.2730820196131752,-0.09014587587761301,1.4684730235903276,1.0609491694236146,-0.3866325641143056,2.236614831882692,267.7998971193416,0.1967619042473217,1.1745859367791165,0.4698434401159334,0.6719002585388241,534.5,1.0497508154857291,1.8316252402395492
crypto,pullback,+ ATR sizing,0.35702190802496425,0.047012972286798904,-0.21035197680822326,0.5071356608665716,111.04528601694915,0.06747947344452165,1.0991619961427719,0.397212543554007,0.14763967711746678,287.0,0.2689280793625737,0.44461910603569266,1.621686878155078,0.4729683085548183,-0.17304683472404042,2.5139244885883256,343.9562757201646,0.2059612476464208,1.2926614197938582,0.45932452884954283,0.28780901074984844,686.5,1.2692752073401032,1.9405522998133335
crypto,pullback,+ heat cap 4%,-0.17327657181372375,-0.034549797525140535,-0.2882387062664337,-0.23725340172972798,65.58249470338983,-0.03408549872272016,0.9244567056669277,0.3607059309206,0.13169130646657534,169.5,-0.400695063620077,0.16987474248145826,1.5317271912533132,0.3092184533876502,-0.17191814487181828,2.4391946301883185,133.52417695473252,0.2157590416058363,1.3482910161966706,0.45078387612277515,0.1714301046732029,266.5,0.8125823516514048,1.8446274304261188
crypto,pullback,+ heat cap 6%,-0.01626001339090846,-0.020879655658902818,-0.33385134301095476,-0.0226080814946234,87.44332627118644,0.0012500897673586892,0.9666454916135734,0.37168141592920356,0.16921169725926333,226.0,-0.17636890653854093,0.05847107938625712,1.810275596648463,0.5256108647020322,-0.1721926691683041,2.8404783197176835,193.1466049382716,0.24274899285696125,1.383874515179249,0.4555912766803659,0.2575410670234771,385.5,1.482902560663966,2.1140593521218674
crypto,pullback,+ heat cap 8%,0.06129439712395924,-0.010267676638394063,-0.3575468195345395,0.08513511187138956,100.0181408898305,0.021674365622884995,0.9856963741239346,0.37765072765072766,0.1994773856270177,258.5,-0.06064374679356928,0.30190744032608513,1.5723084745710842,0.5458292078662804,-0.21332477762566693,2.377814273697498,254.52263374485597,0.1967367114858195,1.2728347087013652,0.4444444444444444,0.33586794347559945,508.0,0.9076355454682796,2.2532622424858286
crypto,pullback,+ max 5 positions,-0.03665530970958489,-0.021484467313886924,-0.29521040573223367,-0.05067699479722293,82.6068591101695,-0.005571575452467214,0.962958991436993,0.36596896191966616,0.16166296624126436,213.5,-0.22331228197757272,0.195104133818655,1.5232251039243998,0.4064394745922699,-0.19608696055706243,2.429310154593545,188.8878600823045,0.20235191755871335,1.3071646096160907,0.4522917720394242,0.2518045455432487,377.0,1.0516633017280734,2.0519197343520097
crypto,pullback,+ halve risk in 10% DD,0.22070840118363855,0.023513306285209423,-0.25489529339151606,0.31531780182794655,109.30415783898306,0.033315378477989814,1.0444333985435896,0.3861195542046606,0.14916310713175873,282.5,0.1481635160261969,0.2641424298039885,1.5411865872100197,0.5020836576396195,-0.21738278010688267,2.284366928757996,342.7037037037037,0.2069682142033379,1.274888204569716,0.45934872002291993,0.30130931248164744,684.0,1.3614105320739052,1.8939988255067879
crypto,pullback,+ partial 3d + BE + 10MA,0.8140652647721555,0.1907099359972354,-0.2936976619325524,1.165193056515003,124.00701800847457,0.18593459847731952,1.3398095724976198,0.5375,0.20291492804078004,320.5,0.6616212628927961,0.9516217708330016,0.9208624276182756,0.38807576347818007,-0.46742013082478967,1.5265788367640782,420.36316872427983,0.12317364605843466,1.1162327219745207,0.5472198758410812,0.4780805847099865,839.0,0.5716617293961038,1.1442326932921985
crypto,pullback,+ partial 2R + BE + 20MA,0.6069305683015968,0.13854161151758104,-0.33524832619452655,0.8555631002350772,85.12182203389831,0.21118736102945312,1.2128735277690903,0.37159817351598173,0.2798439494635908,220.0,0.47915998090043527,0.6739420683159759,1.1987721817993262,0.4965235150022821,-0.35234118522837654,1.9066614745126973,183.8775720164609,0.30770120666256545,1.2337748042858891,0.40984341381783407,0.4334664110372693,367.0,1.0731350986606516,1.4629692989244962
crypto,pullback,+ ATR trail 2.5,0.43487063328092224,0.09602111506284283,-0.3772375488781136,0.6118549328067464,94.0209216101695,0.17751485984017207,1.147966312011441,0.3026597524255604,0.32348383727586894,243.0,0.41389642638173524,0.5081549000732783,1.1631937028420802,0.7925979621452963,-0.42935824826208313,2.1996751302623685,193.89814814814815,0.4647080123846042,1.3783252053916242,0.37352454272601243,0.541883282994788,387.0,1.0162647941841088,1.36211329008857
crypto,pullback,+ time stop 5d,0.6757282773753477,0.11639077353879135,-0.25068850128327935,0.9671285287314106,131.93882415254237,0.10679550678090458,1.2054021661285457,0.4553464242839993,0.15011585269408673,341.0,0.35025879667321363,0.8086738854874501,0.7217156293493459,0.234762193866342,-0.3531318084788846,1.0731430100613357,528.8359053497942,0.05806381893745419,1.0797359625896723,0.44234354717817187,0.41992336662921737,1055.5,0.5365659447413913,1.053669726064501
crypto,pullback,ALL LAYERS,0.9256255790043885,0.09541235296557793,-0.10532983225676695,1.418369609574337,11.220603813559322,0.8679614118308245,2.5780466949310186,0.4482758620689655,0.03504073658945072,29.0,0.9256255790043885,0.9256255790043885,0.8683898845732612,0.1305389270508488,-0.2591095347661603,1.3609867808651204,71.14609053497942,0.20808125531077748,1.4433479406456184,0.3591549295774648,0.08223217542969466,142.0,0.8683898845732612,0.8683898845732612
crypto,pullback,all minus regime,0.6567573415649782,0.06530401222885951,-0.11179637378280594,0.9859994484119554,15.863612288135593,0.5063708905443737,1.7147108296490525,0.3902439024390244,0.047726334802762053,41.0,0.6567573415649782,0.6567573415649782,0.8528342950256171,0.1382897606143838,-0.25838921550326666,1.3520136241321692,109.22427983539094,0.1524989075446103,1.3183321431755717,0.3669724770642202,0.12543508066501058,218.0,0.8528342950256171,0.8528342950256171
crypto,pullback,all minus vol,0.9256255790043885,0.09541235296557793,-0.10532983225676695,1.418369609574337,11.220603813559322,0.8679614118308245,2.5780466949310186,0.4482758620689655,0.03504073658945072,29.0,0.9256255790043885,0.9256255790043885,0.7546052318735005,0.10457291929890378,-0.20596462419593553,1.1304159544111039,73.65123456790123,0.1543007977598628,1.329493174635123,0.3673469387755102,0.09159680621527685,147.0,0.7546052318735005,0.7546052318735005
crypto,pullback,all minus rs,0.8395990095875895,0.09299008933440933,-0.09060360083876495,1.2420809078008201,13.929025423728813,0.6800268713424535,2.3000367376982753,0.4444444444444444,0.04135618380148714,36.0,0.8395990095875895,0.8395990095875895,1.225964421273068,0.2679895675405939,-0.30444077735255093,2.1936952802653265,84.17283950617283,0.395535881559015,1.7753800867980838,0.39880952380952384,0.11079250046886048,168.0,1.225964421273068,1.225964421273068
crypto,pullback,all minus volume,0.8046063068576192,0.08978608324765003,-0.09876285219634529,1.2228719479176287,13.929025423728813,0.6724728381978866,2.1223109792076267,0.3888888888888889,0.046089794182261744,36.0,0.8046063068576192,0.8046063068576192,1.034579939383486,0.17112241501079795,-0.20973237412211188,1.5955335047061752,78.1604938271605,0.27853829709510264,1.537173907600036,0.38461538461538464,0.0962531559018254,156.0,1.034579939383486,1.034579939383486
crypto,pullback,all minus score,1.0808213496760404,0.12924788877202076,-0.10130235874048066,1.6635561228479194,16.250529661016948,0.8024360597146858,2.4200829812046845,0.44047619047619047,0.05066011968739982,42.0,1.0193031481391435,1.1499865315662647,0.8561971380882931,0.15021741202787986,-0.24261406333153773,1.3469964608478784,94.69444444444444,0.18836916277345173,1.381940691178345,0.35903856492091785,0.1168755972859954,189.0,0.7688661112159456,0.8992103037543148
crypto,pullback,all minus exit,0.658939425414422,0.03914005780648577,-0.06545635970582597,1.1384582299721595,12.38135593220339,0.32455666224375057,1.6386022230590007,0.4375,0.01742796910277661,32.0,0.658939425414422,0.658939425414422,0.18607268876573874,0.01446702695534885,-0.18086146562113048,0.2532475073422486,72.64917695473251,0.05370932046616943,1.0515259602046387,0.3793103448275862,0.057855812745867145,145.0,0.18607268876573874,0.18607268876573874
crypto,pullback,all minus sizing,0.879008273000171,0.09072179837107353,-0.10979746797448375,1.333734061184494,11.607521186440678,0.8050640448625613,2.396864605298312,0.43333333333333335,0.03520328353325638,30.0,0.879008273000171,0.879008273000171,0.5711568735619325,0.11206123463150286,-0.3537940870466574,0.8319618269719223,71.14609053497942,0.22386712730588149,1.212741396605129,0.3591549295774648,0.14386590259385695,142.0,0.5711568735619325,0.5711568735619325
crypto,pullback,PICKED,1.6578829174206455,0.15524119737083564,-0.042572735232347614,3.307763114988697,17.798199152542374,0.8604226215418167,5.517323322634153,0.7391304347826086,0.033931511351850074,46.0,1.6578829174206455,1.6578829174206455,0.214319137837553,0.023523718318723796,-0.33310178771283905,0.3633914868055386,145.79938271604937,0.04766655137267995,1.0344220138123448,0.49140893470790376,0.17734553313370308,291.0,0.214319137837553,0.214319137837553
crypto,rsi2,naive,-1.1256166869725561,-0.1944059264923344,-0.4731399551280814,-1.3704801074945705,256.13930084745766,-0.07949593870519868,0.645205745903906,0.6051241163750023,0.1470417486925629,662.0,-1.2076687481355777,-1.049825253719544,0.005081551549235251,-0.0209849265049476,-0.2603939478078118,0.005670565220222884,556.8935185185185,0.0001659504351842712,0.9794383296485094,0.653081719724319,0.20832527717494004,1111.5,-0.42383366137474016,0.399840070018896
crypto,rsi2,+ regime,-0.34656392154114135,-0.062247191867710494,-0.2972861720242595,-0.44526902403282076,193.45868644067798,-0.02893866622781934,0.8217715747657408,0.6308953722334004,0.10960181105118913,500.0,-0.40498592044637477,-0.25034930388682225,0.7632662216932491,0.14207621342833976,-0.24293854741366422,1.1210333308165517,453.6815843621399,0.034203467198348755,1.1771981962943712,0.685951376594613,0.1739703997912492,905.5,0.3473545991576513,1.0796202669092039
crypto,rsi2,+ vol,-1.0357757279827915,-0.17057412534879862,-0.4296866843244754,-1.2858132208962076,238.14764300847457,-0.07398538798083507,0.6666305168948607,0.6142615475139748,0.13919167789984305,615.5,-1.120121784051534,-0.9968687960787987,-0.15274629596917377,-0.04837923875771333,-0.26987435301391494,-0.2161097251453563,490.0061728395062,-0.006050852896324424,0.9438051713427352,0.6485948776771212,0.18905662379592758,978.0,-0.3736500363861709,0.13591804731864326
crypto,rsi2,+ rs,-1.0877231770155118,-0.08945511132110384,-0.2280288843620928,-1.350994844759613,103.69385593220339,-0.08730992948614832,0.6082508105556909,0.5895522388059702,0.05555655166323417,268.0,-1.0877231770155118,-1.0877231770155118,-0.9057880912955323,-0.18129707001349932,-0.40543403377971954,-1.2983217465335612,401.3240740740741,-0.04532555899084507,0.752655269260621,0.5914776340894636,0.15002980814254532,801.0,-1.1457513997300321,-0.7660738736053961
crypto,rsi2,+ score rank only,-1.0940444102705522,-0.18650965700589173,-0.46055505003760366,-1.3427065252716668,254.5916313559322,-0.07593209657504972,0.6562614495473761,0.6048632218844985,0.1443936560517059,658.0,-1.0940444102705522,-1.0940444102705522,-0.12688229759618072,-0.04865477359950876,-0.29062032841639374,-0.1874369696033856,560.6512345679013,-0.004575449843219703,0.9514703928099195,0.6523681858802503,0.19911497673605758,1119.0,-0.12688229759618072,-0.12688229759618072
crypto,rsi2,+ score top 20%,-1.133955689937472,-0.0846814536218613,-0.20962296854193585,-1.3785851309522,75.4488877118644,-0.1144153720747485,0.520049269679938,0.558974358974359,0.041978428305269794,195.0,-1.133955689937472,-1.133955689937472,-0.7581621451597359,-0.13628363044949587,-0.35395670626644427,-1.0508378414195338,312.641975308642,-0.041875685004239466,0.747613890185559,0.6089743589743589,0.11558395505799642,624.0,-0.7581621451597359,-0.7581621451597359
crypto,rsi2,+ risk 0.25%,-1.1490120320637978,-0.050275914518144504,-0.14260237436350093,-1.3925712472857166,256.13930084745766,-0.07949593870519868,0.6562722441641928,0.6051241163750023,0.036592855289079906,662.0,-1.2299031017521114,-1.069766957147208,0.006370137485678003,-0.0011485616385583097,-0.0695841131994957,0.0074760330377303535,556.8935185185185,0.00016595043518426882,0.9956514142147654,0.653081719724319,0.05188692640293146,1111.5,-0.41829738385458265,0.41152606732676716
crypto,rsi2,+ risk 0.5%,-1.1414299446123726,-0.09947799776976751,-0.2679200804276728,-1.3854153258291872,256.13930084745766,-0.07949593870519868,0.652386423380382,0.6051241163750023,0.07329305073686847,662.0,-1.2226853400200548,-1.063299148485611,0.005919898343494032,-0.0050398985931537355,-0.13671655566266383,0.006843625454260253,556.8935185185185,0.0001659504351842712,0.9902208918043534,0.653081719724319,0.10389218144320381,1111.5,-0.4201139330527945,0.40765396364068207
crypto,rsi2,+ risk 2%,-1.0552937896329824,-0.3387473076260257,-0.7085697339812214,-1.2999722960723878,246.46636652542372,-0.07462406446272164,0.646608361863765,0.605939974276087,0.27707882052552635,637.0,-1.1381976248669101,-0.9461894496939519,0.006186914020201835,-0.08135272133643179,-0.4751114475842749,0.006849634379785655,555.3904320987654,0.0005372708953201618,0.9593242519415259,0.6504326690400897,0.4157558403578003,1108.5,-0.39864351871213294,0.3945963439319649
crypto,rsi2,+ ATR sizing,-1.065966233933509,-0.27484981645837303,-0.6142186187449858,-1.3091701454603433,254.78509004237287,-0.07654987013161799,0.6463033280548794,0.6071415373244642,0.21933934819188833,658.5,-1.1966998419729185,-0.9934664210078242,0.004325864289059851,-0.0465624890217613,-0.3708199640750295,0.004619680947070687,556.8935185185185,0.00016595043518427143,0.9687101216653385,0.653081719724319,0.3134142145670638,1111.5,-0.4276839475671577,0.39191066328435487
crypto,rsi2,+ heat cap 4%,-1.134550070756645,-0.0878528041463651,-0.26367166192065206,-1.410881988289253,125.16777012711864,-0.07133150360363102,0.6880214927863868,0.6248076923076923,0.06687071878981349,323.5,-1.3174897541285242,-0.9704954389839265,0.22328338295550387,0.014406445329250284,-0.09130488492986549,0.3123503554208512,183.12602880658437,0.009451200435062725,1.0443684677009928,0.6561023979653627,0.06718975010592693,365.5,-0.07326955748540194,0.7031669770513739
crypto,rsi2,+ heat cap 6%,-1.3102429857764823,-0.13344339894306018,-0.3610072537334396,-1.6071378911178518,166.9548463983051,-0.08257372858246574,0.6456722385810671,0.6147640435088018,0.09230053508473354,431.5,-1.458713452766733,-1.138474588108523,0.2668900715947599,0.02275581120195269,-0.11907757136135244,0.3787481432436828,277.82047325102883,0.009995427867180984,1.0495287683966312,0.6509436443743013,0.10257988016238265,554.5,-0.33897182669529674,0.48778980894556195
crypto,rsi2,+ heat cap 8%,-1.2728216569342057,-0.1570117991762941,-0.4036083737245556,-1.5548538248268104,203.13162076271186,-0.08008371896722305,0.6460969498742106,0.609064807219032,0.11415741944263247,525.0,-1.443731612988485,-1.0578881699781002,-0.1809852759091941,-0.034680482729886664,-0.16814630693441357,-0.25448458871749047,372.51491769547323,-0.006888917353917013,0.9468426530055298,0.6592607313195549,0.13698672603690293,743.5,-0.5296735746784341,0.769544222760005
crypto,rsi2,+ max 5 positions,-1.3576328495765495,-0.14510058747720045,-0.38487395194979035,-1.7033280284670447,175.27356991525423,-0.0878516036852538,0.6326002698593283,0.608436299552493,0.0978887598383047,453.0,-1.5664572599986188,-1.110279260225301,0.0629161825408071,0.0006615787200411338,-0.14344009726232843,0.0896524068519239,298.36265432098764,0.002399793346342736,1.0008934106854985,0.6638949020306179,0.1100248563133335,595.5,-0.2747412099276889,0.5109385884704877
crypto,rsi2,+ halve risk in 10% DD,-1.0131172778328534,-0.11104131353052954,-0.31020371970949984,-1.3190874902102803,256.13930084745766,-0.0794959387051987,0.6697427976593129,0.6051241163750023,0.08657613237270753,662.0,-1.066270181872586,-0.9508564377122496,-0.10348634834581133,-0.025050734731137836,-0.19705631928975315,-0.13982223356411036,556.8935185185185,0.00016595043518427143,0.959956897269588,0.653081719724319,0.12170884440848159,1111.5,-0.40414233836262814,0.306372379766851
crypto,rsi2,ALL LAYERS,0.08556719910949973,0.002599663823188658,-0.05495721837904277,0.12232837089722767,37.14406779661017,0.008313863792947688,1.048292483732916,0.6458333333333334,0.01858731717504244,96.0,0.08556719910949973,0.08556719910949973,-0.9584026993335473,-0.05700402233453161,-0.1861175406045581,-1.178187092850039,122.25102880658436,-0.057855615557131965,0.635204607904791,0.6147540983606558,0.028168062552991237,244.0,-0.9584026993335473,-0.9584026993335473
crypto,rsi2,all minus regime,-1.315117417753412,-0.052549241046707884,-0.13284870765811796,-1.5406503984773923,57.26377118644068,-0.10653036447393541,0.49687639169875336,0.5878378378378378,0.02122125628624704,148.0,-1.315117417753412,-1.315117417753412,-0.7579555399305246,-0.06774237532024041,-0.16494047203402462,-1.0425465166258225,215.4423868312757,-0.029594527262087212,0.7483379882287653,0.6069767441860465,0.051658777413158254,430.0,-0.7579555399305246,-0.7579555399305246
crypto,rsi2,all minus vol,-0.03872634821593883,-0.0027268524282635376,-0.06787889912540501,-0.053516456928422426,40.626324152542374,-0.005125371824363977,0.9568550380194305,0.6190476190476191,0.020461092657231162,105.0,-0.03872634821593883,-0.03872634821593883,-0.6073885256129117,-0.03894738634793282,-0.16637368371141725,-0.7776334818872672,128.76440329218107,-0.01927892224431393,0.7527780783424485,0.6575875486381323,0.03092844678261537,257.0,-0.6073885256129117,-0.6073885256129117
crypto,rsi2,all minus rs,0.06714266725742749,0.0019714253196223552,-0.05212295256152788,0.09271443162071584,41.78707627118644,0.006223525552291481,1.031797003740041,0.6481481481481481,0.021510765687889653,108.0,0.06714266725742749,0.06714266725742749,-0.26064025090093584,-0.017552435110556375,-0.16208594055448977,-0.34274386164342285,137.28189300411523,0.009944200408999746,0.8806175629764212,0.6715328467153284,0.03268124938129661,274.0,-0.26064025090093584,-0.26064025090093584
crypto,rsi2,all minus score,0.1366958478364196,0.005839253304754877,-0.05206178754272872,0.19293580944114658,56.10301906779661,0.011996414537880631,1.0699195511575734,0.6413793103448275,0.028071555350045144,145.0,0.12465105901762497,0.1516150707501826,-0.8551027891828078,-0.058636230835215186,-0.18609592359055693,-1.063220853984006,194.6496913580247,-0.037109881545472054,0.7199878008708094,0.6198436821537125,0.04220188813318403,388.5,-1.024741320705193,-0.5747321675390189
crypto,rsi2,all minus sizing,0.18566911325759025,0.007145470934167841,-0.05512894130546553,0.2659617788646621,39.85248940677966,0.019181962787503226,1.132473475044103,0.6601941747572816,0.019406639548747735,103.0,0.18566911325759025,0.18566911325759025,-1.028307705095687,-0.11416423257759112,-0.3282256419949865,-1.2781486139968516,138.78497942386832,-0.08108094494975107,0.5974783258129736,0.592057761732852,0.0552373797621143,277.0,-1.028307705095687,-1.028307705095687
crypto,rsi2,PICKED,-0.34656392154114135,-0.062247191867710494,-0.2972861720242595,-0.44526902403282076,193.45868644067798,-0.02893866622781934,0.8217715747657408,0.6308953722334004,0.10960181105118913,500.0,-0.40498592044637477,-0.25034930388682225,0.7632662216932491,0.14207621342833976,-0.24293854741366422,1.1210333308165517,453.6815843621399,0.034203467198348755,1.1771981962943712,0.685951376594613,0.1739703997912492,905.5,0.3473545991576513,1.0796202669092039
