time,asset,period,label,hash,seed,sharpe,cagr,maxdd,trades,exp_r,config
2026-09-27 00:44:47,stocks,dev,naive breakout,b092b312a6,0,-0.029793169797675573,-0.01947655510255908,-0.8099640964100678,5215,-0.020606944111671032,"{""exits"": {""max_hold"": 20, ""native_exit"": false, ""target_r"": 2.0}, ""filters"": {}, ""rank"": ""random"", ""setup"": ""breakout"", ""setup_params"": {""base_len"": 20, ""stop_atr_max"": 1.5, ""stop_atr_min"": 0.5}, ""sizing"": {""heat_cap"": null, ""max_positions"": 10, ""risk_pct"": 1.0}}"
2026-09-27 00:44:53,stocks,dev,naive pullback,1ff9d3db1e,0,0.5505991501592785,0.07527360815873219,-0.5462875852248681,3210,0.0739378365940953,"{""exits"": {""max_hold"": 20, ""native_exit"": false, ""target_r"": 2.0}, ""filters"": {}, ""rank"": ""random"", ""setup"": ""pullback"", ""setup_params"": {""adx_min"": 25.0, ""lookback"": 5, ""stop_atr_max"": 2.0, ""stop_atr_min"": 0.5}, ""sizing"": {""heat_cap"": null, ""max_positions"": 10, ""risk_pct"": 1.0}}"
2026-09-27 00:44:58,stocks,dev,naive rsi2,4fdf9a625b,0,0.5225202073243848,0.0676231283434574,-0.36011505843726643,8250,0.0223835317254484,"{""exits"": {""max_hold"": 10, ""native_exit"": true, ""target_r"": null}, ""filters"": {}, ""rank"": ""random"", ""setup"": ""rsi2"", ""setup_params"": {""entry"": 10.0, ""exit"": 70.0, ""ma"": 200, ""stop_atr"": 3.0}, ""sizing"": {""heat_cap"": null, ""max_positions"": 10, ""risk_pct"": 1.0}}"
2026-09-27 00:45:02,forex,dev,naive breakout,b092b312a6,0,0.10488264983311837,-0.012765979487669554,-0.6256586483486628,3051,0.011867125367657487,"{""exits"": {""max_hold"": 20, ""native_exit"": false, ""target_r"": 2.0}, ""filters"": {}, ""rank"": ""random"", ""setup"": ""breakout"", ""setup_params"": {""base_len"": 20, ""stop_atr_max"": 1.5, ""stop_atr_min"": 0.5}, ""sizing"": {""heat_cap"": null, ""max_positions"": 10, ""risk_pct"": 1.0}}"
2026-09-27 00:45:04,forex,dev,naive pullback,1ff9d3db1e,0,-0.569498407882378,-0.1022586853645171,-0.8378070504146046,1117,-0.13268734295780432,"{""exits"": {""max_hold"": 20, ""native_exit"": false, ""target_r"": 2.0}, ""filters"": {}, ""rank"": ""random"", ""setup"": ""pullback"", ""setup_params"": {""adx_min"": 25.0, ""lookback"": 5, ""stop_atr_max"": 2.0, ""stop_atr_min"": 0.5}, ""sizing"": {""heat_cap"": null, ""max_positions"": 10, ""risk_pct"": 1.0}}"
2026-09-27 00:45:04,forex,dev,naive rsi2,4fdf9a625b,0,-0.44354966038552535,-0.07858759588161912,-0.7307818240621565,3995,-0.026666144882691496,"{""exits"": {""max_hold"": 10, ""native_exit"": true, ""target_r"": null}, ""filters"": {}, ""rank"": ""random"", ""setup"": ""rsi2"", ""setup_params"": {""entry"": 10.0, ""exit"": 70.0, ""ma"": 200, ""stop_atr"": 3.0}, ""sizing"": {""heat_cap"": null, ""max_positions"": 10, ""risk_pct"": 1.0}}"
2026-09-27 00:45:06,crypto,dev,naive breakout,b092b312a6,0,0.3291464315632224,0.05321966014198409,-0.32595287849451904,680,0.05371421962674632,"{""exits"": {""max_hold"": 20, ""native_exit"": false, ""target_r"": 2.0}, ""filters"": {}, ""rank"": ""random"", ""setup"": ""breakout"", ""setup_params"": {""base_len"": 20, ""stop_atr_max"": 1.5, ""stop_atr_min"": 0.5}, ""sizing"": {""heat_cap"": null, ""max_positions"": 10, ""risk_pct"": 1.0}}"
2026-09-27 00:45:07,crypto,dev,naive pullback,1ff9d3db1e,0,0.13551544957271724,0.0035569542538607113,-0.3451135147984645,286,0.03442338299130949,"{""exits"": {""max_hold"": 20, ""native_exit"": false, ""target_r"": 2.0}, ""filters"": {}, ""rank"": ""random"", ""setup"": ""pullback"", ""setup_params"": {""adx_min"": 25.0, ""lookback"": 5, ""stop_atr_max"": 2.0, ""stop_atr_min"": 0.5}, ""sizing"": {""heat_cap"": null, ""max_positions"": 10, ""risk_pct"": 1.0}}"
2026-09-27 00:45:08,crypto,dev,naive rsi2,4fdf9a625b,0,-1.0858091010403585,-0.18688868435846073,-0.4606386946619194,661,-0.0757657575981227,"{""exits"": {""max_hold"": 10, ""native_exit"": true, ""target_r"": null}, ""filters"": {}, ""rank"": ""random"", ""setup"": ""rsi2"", ""setup_params"": {""entry"": 10.0, ""exit"": 70.0, ""ma"": 200, ""stop_atr"": 3.0}, ""sizing"": {""heat_cap"": null, ""max_positions"": 10, ""risk_pct"": 1.0}}"
2026-09-27 00:45:41,stocks,dev,naive breakout,b092b312a6,0,-0.029793169797675573,-0.01947655510255908,-0.8099640964100678,5215,-0.020606944111671032,"{""exits"": {""max_hold"": 20, ""native_exit"": false, ""target_r"": 2.0}, ""filters"": {}, ""rank"": ""random"", ""setup"": ""breakout"", ""setup_params"": {""base_len"": 20, ""stop_atr_max"": 1.5, ""stop_atr_min"": 0.5}, ""sizing"": {""heat_cap"": null, ""max_positions"": 10, ""risk_pct"": 1.0}}"
2026-09-27 00:45:47,stocks,dev,naive pullback,1ff9d3db1e,0,0.5505991501592785,0.07527360815873219,-0.5462875852248681,3210,0.0739378365940953,"{""exits"": {""max_hold"": 20, ""native_exit"": false, ""target_r"": 2.0}, ""filters"": {}, ""rank"": ""random"", ""setup"": ""pullback"", ""setup_params"": {""adx_min"": 25.0, ""lookback"": 5, ""stop_atr_max"": 2.0, ""stop_atr_min"": 0.5}, ""sizing"": {""heat_cap"": null, ""max_positions"": 10, ""risk_pct"": 1.0}}"
2026-09-27 00:45:52,stocks,dev,naive rsi2,4fdf9a625b,0,0.5225202073243848,0.0676231283434574,-0.36011505843726643,8250,0.0223835317254484,"{""exits"": {""max_hold"": 10, ""native_exit"": true, ""target_r"": null}, ""filters"": {}, ""rank"": ""random"", ""setup"": ""rsi2"", ""setup_params"": {""entry"": 10.0, ""exit"": 70.0, ""ma"": 200, ""stop_atr"": 3.0}, ""sizing"": {""heat_cap"": null, ""max_positions"": 10, ""risk_pct"": 1.0}}"
2026-09-27 00:45:55,forex,dev,naive breakout,b092b312a6,0,0.10488264983311837,-0.012765979487669554,-0.6256586483486628,3051,0.011867125367657487,"{""exits"": {""max_hold"": 20, ""native_exit"": false, ""target_r"": 2.0}, ""filters"": {}, ""rank"": ""random"", ""setup"": ""breakout"", ""setup_params"": {""base_len"": 20, ""stop_atr_max"": 1.5, ""stop_atr_min"": 0.5}, ""sizing"": {""heat_cap"": null, ""max_positions"": 10, ""risk_pct"": 1.0}}"
2026-09-27 00:45:57,forex,dev,naive pullback,1ff9d3db1e,0,-0.569498407882378,-0.1022586853645171,-0.8378070504146046,1117,-0.13268734295780432,"{""exits"": {""max_hold"": 20, ""native_exit"": false, ""target_r"": 2.0}, ""filters"": {}, ""rank"": ""random"", ""setup"": ""pullback"", ""setup_params"": {""adx_min"": 25.0, ""lookback"": 5, ""stop_atr_max"": 2.0, ""stop_atr_min"": 0.5}, ""sizing"": {""heat_cap"": null, ""max_positions"": 10, ""risk_pct"": 1.0}}"
2026-09-27 00:45:58,forex,dev,naive rsi2,4fdf9a625b,0,-0.44354966038552535,-0.07858759588161912,-0.7307818240621565,3995,-0.026666144882691496,"{""exits"": {""max_hold"": 10, ""native_exit"": true, ""target_r"": null}, ""filters"": {}, ""rank"": ""random"", ""setup"": ""rsi2"", ""setup_params"": {""entry"": 10.0, ""exit"": 70.0, ""ma"": 200, ""stop_atr"": 3.0}, ""sizing"": {""heat_cap"": null, ""max_positions"": 10, ""risk_pct"": 1.0}}"
2026-09-27 00:46:00,crypto,dev,naive breakout,b092b312a6,0,0.3291464315632224,0.05321966014198409,-0.32595287849451904,680,0.05371421962674632,"{""exits"": {""max_hold"": 20, ""native_exit"": false, ""target_r"": 2.0}, ""filters"": {}, ""rank"": ""random"", ""setup"": ""breakout"", ""setup_params"": {""base_len"": 20, ""stop_atr_max"": 1.5, ""stop_atr_min"": 0.5}, ""sizing"": {""heat_cap"": null, ""max_positions"": 10, ""risk_pct"": 1.0}}"
2026-09-27 00:46:00,crypto,dev,naive pullback,1ff9d3db1e,0,0.13551544957271724,0.0035569542538607113,-0.3451135147984645,286,0.03442338299130949,"{""exits"": {""max_hold"": 20, ""native_exit"": false, ""target_r"": 2.0}, ""filters"": {}, ""rank"": ""random"", ""setup"": ""pullback"", ""setup_params"": {""adx_min"": 25.0, ""lookback"": 5, ""stop_atr_max"": 2.0, ""stop_atr_min"": 0.5}, ""sizing"": {""heat_cap"": null, ""max_positions"": 10, ""risk_pct"": 1.0}}"
2026-09-27 00:46:01,crypto,dev,naive rsi2,4fdf9a625b,0,-1.0858091010403585,-0.18688868435846073,-0.4606386946619194,661,-0.0757657575981227,"{""exits"": {""max_hold"": 10, ""native_exit"": true, ""target_r"": null}, ""filters"": {}, ""rank"": ""random"", ""setup"": ""rsi2"", ""setup_params"": {""entry"": 10.0, ""exit"": 70.0, ""ma"": 200, ""stop_atr"": 3.0}, ""sizing"": {""heat_cap"": null, ""max_positions"": 10, ""risk_pct"": 1.0}}"
2026-09-27 01:27:28,stocks,dev,naive breakout,b092b312a6,0,-0.029793169797675573,-0.01947655510255908,-0.8099640964100678,5215,-0.020606944111671032,"{""exits"": {""max_hold"": 20, ""native_exit"": false, ""target_r"": 2.0}, ""filters"": {}, ""rank"": ""random"", ""setup"": ""breakout"", ""setup_params"": {""base_len"": 20, ""stop_atr_max"": 1.5, ""stop_atr_min"": 0.5}, ""sizing"": {""heat_cap"": null, ""max_positions"": 10, ""risk_pct"": 1.0}}"
2026-09-27 01:27:34,stocks,dev,breakout + regime,682cc9fcfe,0,-0.00038695649219180715,-0.007235005381392101,-0.3946112037972187,3670,-0.013420847147611678,"{""exits"": {""max_hold"": 20, ""native_exit"": false, ""target_r"": 2.0}, ""filters"": {""regime"": true}, ""rank"": ""random"", ""setup"": ""breakout"", ""setup_params"": {""base_len"": 20, ""stop_atr_max"": 1.5, ""stop_atr_min"": 0.5}, ""sizing"": {""heat_cap"": null, ""max_positions"": 10, ""risk_pct"": 1.0}}"
2026-09-27 01:27:40,stocks,dev,breakout + vol,88e4a99583,0,0.1645945391700874,0.013618795215941892,-0.6248488684825854,4838,0.003837361584291437,"{""exits"": {""max_hold"": 20, ""native_exit"": false, ""target_r"": 2.0}, ""filters"": {""vol"": true}, ""rank"": ""random"", ""setup"": ""breakout"", ""setup_params"": {""base_len"": 20, ""stop_atr_max"": 1.5, ""stop_atr_min"": 0.5}, ""sizing"": {""heat_cap"": null, ""max_positions"": 10, ""risk_pct"": 1.0}}"
2026-09-27 01:27:46,stocks,dev,breakout + chop,5070dd20fe,0,-0.3580016623987042,-0.06966993136000232,-0.9196597515131476,5195,-0.06844016852370449,"{""exits"": {""max_hold"": 20, ""native_exit"": false, ""target_r"": 2.0}, ""filters"": {""chop"": true}, ""rank"": ""random"", ""setup"": ""breakout"", ""setup_params"": {""base_len"": 20, ""stop_atr_max"": 1.5, ""stop_atr_min"": 0.5}, ""sizing"": {""heat_cap"": null, ""max_positions"": 10, ""risk_pct"": 1.0}}"
2026-09-27 01:27:52,stocks,dev,breakout + rs,51ab81bcd8,0,-0.29725852956647164,-0.06347224332518397,-0.8806482035127349,5159,-0.03549960633501506,"{""exits"": {""max_hold"": 20, ""native_exit"": false, ""target_r"": 2.0}, ""filters"": {""rs"": true}, ""rank"": ""random"", ""setup"": ""breakout"", ""setup_params"": {""base_len"": 20, ""stop_atr_max"": 1.5, ""stop_atr_min"": 0.5}, ""sizing"": {""heat_cap"": null, ""max_positions"": 10, ""risk_pct"": 1.0}}"
2026-09-27 01:27:58,stocks,dev,breakout + volume,0166420b2a,0,0.019160908666392508,-0.011082077455814798,-0.7451158981881181,4389,-0.00302476106120549,"{""exits"": {""max_hold"": 20, ""native_exit"": false, ""target_r"": 2.0}, ""filters"": {""volume"": true}, ""rank"": ""random"", ""setup"": ""breakout"", ""setup_params"": {""base_len"": 20, ""stop_atr_max"": 1.5, ""stop_atr_min"": 0.5}, ""sizing"": {""heat_cap"": null, ""max_positions"": 10, ""risk_pct"": 1.0}}"
2026-09-27 01:28:04,stocks,dev,breakout + event,172e982446,0,-0.059362395814686185,-0.023216546755184586,-0.7386255670887525,5204,-0.01826978719311423,"{""exits"": {""max_hold"": 20, ""native_exit"": false, ""target_r"": 2.0}, ""filters"": {""event"": true}, ""rank"": ""random"", ""setup"": ""breakout"", ""setup_params"": {""base_len"": 20, ""stop_atr_max"": 1.5, ""stop_atr_min"": 0.5}, ""sizing"": {""heat_cap"": null, ""max_positions"": 10, ""risk_pct"": 1.0}}"
2026-09-27 01:28:05,stocks,dev,breakout + score rank only,441edab161,0,-0.395458733260147,-0.07904844848765691,-0.9300528402525947,5806,-0.06360967912267554,"{""exits"": {""max_hold"": 20, ""native_exit"": false, ""target_r"": 2.0}, ""filters"": {}, ""rank"": ""score"", ""setup"": ""breakout"", ""setup_params"": {""base_len"": 20, ""stop_atr_max"": 1.5, ""stop_atr_min"": 0.5}, ""sizing"": {""heat_cap"": null, ""max_positions"": 10, ""risk_pct"": 1.0}}"
2026-09-27 01:28:12,stocks,dev,breakout + score top 20%,9810d12771,0,-0.4241478401100132,-0.07325203525898827,-0.8981983511176567,5148,-0.06692805318617723,"{""exits"": {""max_hold"": 20, ""native_exit"": false, ""target_r"": 2.0}, ""filters"": {""score"": true}, ""rank"": ""score"", ""setup"": ""breakout"", ""setup_params"": {""base_len"": 20, ""stop_atr_max"": 1.5, ""stop_atr_min"": 0.5}, ""sizing"": {""heat_cap"": null, ""max_positions"": 10, ""risk_pct"": 1.0}}"
2026-09-27 01:28:13,stocks,dev,breakout + risk 0.25%,cd7cc6eff6,0,0.028889309603889125,-0.002750261163772527,-0.5309219782431642,9528,0.0008876895691013825,"{""exits"": {""max_hold"": 20, ""native_exit"": false, ""target_r"": 2.0}, ""filters"": {}, ""rank"": ""random"", ""setup"": ""breakout"", ""setup_params"": {""base_len"": 20, ""stop_atr_max"": 1.5, ""stop_atr_min"": 0.5}, ""sizing"": {""heat_cap"": null, ""max_positions"": 10, ""risk_pct"": 0.25}}"
2026-09-27 01:28:15,stocks,dev,breakout + risk 0.5%,49826e3851,0,0.06566571018560878,-0.0011674195171716972,-0.6167106741410264,6639,0.0032638831583186325,"{""exits"": {""max_hold"": 20, ""native_exit"": false, ""target_r"": 2.0}, ""filters"": {}, ""rank"": ""random"", ""setup"": ""breakout"", ""setup_params"": {""base_len"": 20, ""stop_atr_max"": 1.5, ""stop_atr_min"": 0.5}, ""sizing"": {""heat_cap"": null, ""max_positions"": 10, ""risk_pct"": 0.5}}"
2026-09-27 01:28:16,stocks,dev,breakout + risk 2%,f9a644fd67,0,-0.24704567951346681,-0.0529487730373871,-0.898166981313881,4809,-0.031384931044894045,"{""exits"": {""max_hold"": 20, ""native_exit"": false, ""target_r"": 2.0}, ""filters"": {}, ""rank"": ""random"", ""setup"": ""breakout"", ""setup_params"": {""base_len"": 20, ""stop_atr_max"": 1.5, ""stop_atr_min"": 0.5}, ""sizing"": {""heat_cap"": null, ""max_positions"": 10, ""risk_pct"": 2.0}}"
2026-09-27 01:28:18,stocks,dev,breakout + ATR sizing,c404b15004,0,-0.17110670558208046,-0.03706248191126049,-0.8587044519789616,6258,-0.033652170792271466,"{""exits"": {""max_hold"": 20, ""native_exit"": false, ""target_r"": 2.0}, ""filters"": {}, ""rank"": ""random"", ""setup"": ""breakout"", ""setup_params"": {""base_len"": 20, ""stop_atr_max"": 1.5, ""stop_atr_min"": 0.5}, ""sizing"": {""atr_mult"": 2.0, ""heat_cap"": null, ""max_positions"": 10, ""mode"": ""atr"", ""risk_pct"": 1.0}}"
2026-09-27 01:28:19,stocks,dev,breakout + heat cap 4%,b41a0cbbfb,0,-0.1744292351588124,-0.03462689910150374,-0.8099458855754533,5130,-0.03659773923651685,"{""exits"": {""max_hold"": 20, ""native_exit"": false, ""target_r"": 2.0}, ""filters"": {}, ""rank"": ""random"", ""setup"": ""breakout"", ""setup_params"": {""base_len"": 20, ""stop_atr_max"": 1.5, ""stop_atr_min"": 0.5}, ""sizing"": {""heat_cap"": 0.04, ""max_positions"": 10, ""risk_pct"": 1.0}}"
2026-09-27 01:28:21,stocks,dev,breakout + heat cap 6%,c1198a7843,0,-0.2887037178263633,-0.05669387881200072,-0.8619284346964886,5245,-0.05325623169310473,"{""exits"": {""max_hold"": 20, ""native_exit"": false, ""target_r"": 2.0}, ""filters"": {}, ""rank"": ""random"", ""setup"": ""breakout"", ""setup_params"": {""base_len"": 20, ""stop_atr_max"": 1.5, ""stop_atr_min"": 0.5}, ""sizing"": {""heat_cap"": 0.06, ""max_positions"": 10, ""risk_pct"": 1.0}}"
2026-09-27 01:28:22,stocks,dev,breakout + heat cap 8%,446f0c4a6c,0,0.08024559805921638,-0.0006073056172990476,-0.7068987775616942,5235,-0.0050533535550030895,"{""exits"": {""max_hold"": 20, ""native_exit"": false, ""target_r"": 2.0}, ""filters"": {}, ""rank"": ""random"", ""setup"": ""breakout"", ""setup_params"": {""base_len"": 20, ""stop_atr_max"": 1.5, ""stop_atr_min"": 0.5}, ""sizing"": {""heat_cap"": 0.08, ""max_positions"": 10, ""risk_pct"": 1.0}}"
2026-09-27 01:28:24,stocks,dev,breakout + max 5 positions,465a5a0299,0,-0.22090525305767233,-0.04573760839706231,-0.8499189627008821,5225,-0.03618892291854841,"{""exits"": {""max_hold"": 20, ""native_exit"": false, ""target_r"": 2.0}, ""filters"": {}, ""rank"": ""random"", ""setup"": ""breakout"", ""setup_params"": {""base_len"": 20, ""stop_atr_max"": 1.5, ""stop_atr_min"": 0.5}, ""sizing"": {""heat_cap"": null, ""max_positions"": 5, ""risk_pct"": 1.0}}"
2026-09-27 01:28:25,stocks,dev,breakout + halve risk in 10% DD,5e8ad633a3,0,-0.20973476213671563,-0.041654322449309555,-0.839859671594698,6572,-0.02862652715163093,"{""exits"": {""max_hold"": 20, ""native_exit"": false, ""target_r"": 2.0}, ""filters"": {}, ""rank"": ""random"", ""setup"": ""breakout"", ""setup_params"": {""base_len"": 20, ""stop_atr_max"": 1.5, ""stop_atr_min"": 0.5}, ""sizing"": {""dd_reduce"": {""dd"": 0.1, ""factor"": 0.5}, ""heat_cap"": null, ""max_positions"": 10, ""risk_pct"": 1.0}}"
2026-09-27 01:28:26,stocks,dev,breakout + partial 3d + BE + 10MA,3a1101c9f7,0,-0.5609322996638688,-0.09921594773136055,-0.9619557929927545,5474,-0.06775024486152431,"{""exits"": {""breakeven"": true, ""max_hold"": 100, ""native_exit"": false, ""partial"": {""after_bars"": 3, ""frac"": 0.33, ""trail_after_partial"": true}, ""target_r"": null, ""trail_ma"": 10}, ""filters"": {}, ""rank"": ""random"", ""setup"": ""breakout"", ""setup_params"": {""base_len"": 20, ""stop_atr_max"": 1.5, ""stop_atr_min"": 0.5}, ""sizing"": {""heat_cap"": null, ""max_positions"": 10, ""risk_pct"": 1.0}}"
2026-09-27 01:28:28,stocks,dev,breakout + partial 2R + BE + 20MA,5c3dccffa7,0,0.22913699787433764,0.025074523703801477,-0.5859263705557209,3165,0.059739211289804195,"{""exits"": {""breakeven"": true, ""max_hold"": 100, ""native_exit"": false, ""partial"": {""at_r"": 2.0, ""frac"": 0.5, ""trail_after_partial"": true}, ""target_r"": null, ""trail_ma"": 20}, ""filters"": {}, ""rank"": ""random"", ""setup"": ""breakout"", ""setup_params"": {""base_len"": 20, ""stop_atr_max"": 1.5, ""stop_atr_min"": 0.5}, ""sizing"": {""heat_cap"": null, ""max_positions"": 10, ""risk_pct"": 1.0}}"
2026-09-27 01:28:30,stocks,dev,breakout + ATR trail 2.5,40e01aadb0,0,0.03582074825241376,-0.010679774033701017,-0.829456741712503,2458,0.10112800671057925,"{""exits"": {""max_hold"": 100, ""native_exit"": false, ""target_r"": null, ""trail_atr"": 2.5}, ""filters"": {}, ""rank"": ""random"", ""setup"": ""breakout"", ""setup_params"": {""base_len"": 20, ""stop_atr_max"": 1.5, ""stop_atr_min"": 0.5}, ""sizing"": {""heat_cap"": null, ""max_positions"": 10, ""risk_pct"": 1.0}}"
2026-09-27 01:28:31,stocks,dev,breakout + time stop 5d,f691067460,0,-0.5428538568151435,-0.09295239839768821,-0.9399698493890987,7176,-0.054785968399553214,"{""exits"": {""max_hold"": 20, ""native_exit"": false, ""target_r"": 2.0, ""time_stop"": {""bars"": 5, ""min_r"": 0.5}}, ""filters"": {}, ""rank"": ""random"", ""setup"": ""breakout"", ""setup_params"": {""base_len"": 20, ""stop_atr_max"": 1.5, ""stop_atr_min"": 0.5}, ""sizing"": {""heat_cap"": null, ""max_positions"": 10, ""risk_pct"": 1.0}}"
2026-09-27 01:28:38,stocks,dev,naive pullback,1ff9d3db1e,0,0.5505991501592785,0.07527360815873219,-0.5462875852248681,3210,0.0739378365940953,"{""exits"": {""max_hold"": 20, ""native_exit"": false, ""target_r"": 2.0}, ""filters"": {}, ""rank"": ""random"", ""setup"": ""pullback"", ""setup_params"": {""adx_min"": 25.0, ""lookback"": 5, ""stop_atr_max"": 2.0, ""stop_atr_min"": 0.5}, ""sizing"": {""heat_cap"": null, ""max_positions"": 10, ""risk_pct"": 1.0}}"
2026-09-27 01:28:44,stocks,dev,pullback + regime,180b683bf0,0,0.3222553358488536,0.031419465914683586,-0.41792690660462184,2270,0.06541005839483845,"{""exits"": {""max_hold"": 20, ""native_exit"": false, ""target_r"": 2.0}, ""filters"": {""regime"": true}, ""rank"": ""random"", ""setup"": ""pullback"", ""setup_params"": {""adx_min"": 25.0, ""lookback"": 5, ""stop_atr_max"": 2.0, ""stop_atr_min"": 0.5}, ""sizing"": {""heat_cap"": null, ""max_positions"": 10, ""risk_pct"": 1.0}}"
2026-09-27 01:28:49,stocks,dev,pullback + vol,8b21589674,0,0.3445299833935452,0.03961632265517823,-0.45527100512418806,2958,0.04656671890591349,"{""exits"": {""max_hold"": 20, ""native_exit"": false, ""target_r"": 2.0}, ""filters"": {""vol"": true}, ""rank"": ""random"", ""setup"": ""pullback"", ""setup_params"": {""adx_min"": 25.0, ""lookback"": 5, ""stop_atr_max"": 2.0, ""stop_atr_min"": 0.5}, ""sizing"": {""heat_cap"": null, ""max_positions"": 10, ""risk_pct"": 1.0}}"
2026-09-27 01:28:55,stocks,dev,pullback + rs,7186b6a6dc,0,0.3190907609871417,0.038381929050866015,-0.449010347967558,2957,0.051655417060371696,"{""exits"": {""max_hold"": 20, ""native_exit"": false, ""target_r"": 2.0}, ""filters"": {""rs"": true}, ""rank"": ""random"", ""setup"": ""pullback"", ""setup_params"": {""adx_min"": 25.0, ""lookback"": 5, ""stop_atr_max"": 2.0, ""stop_atr_min"": 0.5}, ""sizing"": {""heat_cap"": null, ""max_positions"": 10, ""risk_pct"": 1.0}}"
2026-09-27 01:29:00,stocks,dev,pullback + volume,c9c2ec1829,0,0.32763511737336204,0.03670218350747412,-0.48900303733100015,3040,0.04882670244884822,"{""exits"": {""max_hold"": 20, ""native_exit"": false, ""target_r"": 2.0}, ""filters"": {""volume"": true}, ""rank"": ""random"", ""setup"": ""pullback"", ""setup_params"": {""adx_min"": 25.0, ""lookback"": 5, ""stop_atr_max"": 2.0, ""stop_atr_min"": 0.5}, ""sizing"": {""heat_cap"": null, ""max_positions"": 10, ""risk_pct"": 1.0}}"
2026-09-27 01:29:06,stocks,dev,pullback + event,200104c73c,0,0.4685475971083152,0.05970144230426122,-0.4702973197021786,3215,0.06699373931965674,"{""exits"": {""max_hold"": 20, ""native_exit"": false, ""target_r"": 2.0}, ""filters"": {""event"": true}, ""rank"": ""random"", ""setup"": ""pullback"", ""setup_params"": {""adx_min"": 25.0, ""lookback"": 5, ""stop_atr_max"": 2.0, ""stop_atr_min"": 0.5}, ""sizing"": {""heat_cap"": null, ""max_positions"": 10, ""risk_pct"": 1.0}}"
2026-09-27 01:29:07,stocks,dev,pullback + score rank only,7987dca2ad,0,0.5235227321515076,0.07213483787951347,-0.5142513226230445,3271,0.0796009198867052,"{""exits"": {""max_hold"": 20, ""native_exit"": false, ""target_r"": 2.0}, ""filters"": {}, ""rank"": ""score"", ""setup"": ""pullback"", ""setup_params"": {""adx_min"": 25.0, ""lookback"": 5, ""stop_atr_max"": 2.0, ""stop_atr_min"": 0.5}, ""sizing"": {""heat_cap"": null, ""max_positions"": 10, ""risk_pct"": 1.0}}"
2026-09-27 01:29:13,stocks,dev,pullback + score top 20%,04720094ae,0,0.42284704276582324,0.050342356812048905,-0.4353392695263347,2382,0.08449311130064319,"{""exits"": {""max_hold"": 20, ""native_exit"": false, ""target_r"": 2.0}, ""filters"": {""score"": true}, ""rank"": ""score"", ""setup"": ""pullback"", ""setup_params"": {""adx_min"": 25.0, ""lookback"": 5, ""stop_atr_max"": 2.0, ""stop_atr_min"": 0.5}, ""sizing"": {""heat_cap"": null, ""max_positions"": 10, ""risk_pct"": 1.0}}"
2026-09-27 01:29:14,stocks,dev,pullback + risk 0.25%,cd1a0ffb15,0,0.5059037597740205,0.04114395132052895,-0.30718777959770416,5786,0.07661588444095016,"{""exits"": {""max_hold"": 20, ""native_exit"": false, ""target_r"": 2.0}, ""filters"": {}, ""rank"": ""random"", ""setup"": ""pullback"", ""setup_params"": {""adx_min"": 25.0, ""lookback"": 5, ""stop_atr_max"": 2.0, ""stop_atr_min"": 0.5}, ""sizing"": {""heat_cap"": null, ""max_positions"": 10, ""risk_pct"": 0.25}}"
2026-09-27 01:29:15,stocks,dev,pullback + risk 0.5%,bab7c0373a,0,0.46310734203498655,0.0522471590283804,-0.42828311874064606,4354,0.08047122062602972,"{""exits"": {""max_hold"": 20, ""native_exit"": false, ""target_r"": 2.0}, ""filters"": {}, ""rank"": ""random"", ""setup"": ""pullback"", ""setup_params"": {""adx_min"": 25.0, ""lookback"": 5, ""stop_atr_max"": 2.0, ""stop_atr_min"": 0.5}, ""sizing"": {""heat_cap"": null, ""max_positions"": 10, ""risk_pct"": 0.5}}"
2026-09-27 01:29:16,stocks,dev,pullback + risk 2%,a01d0a6e71,0,0.47914935861335184,0.06340292017242044,-0.5013475845743847,2780,0.08158866568669944,"{""exits"": {""max_hold"": 20, ""native_exit"": false, ""target_r"": 2.0}, ""filters"": {}, ""rank"": ""random"", ""setup"": ""pullback"", ""setup_params"": {""adx_min"": 25.0, ""lookback"": 5, ""stop_atr_max"": 2.0, ""stop_atr_min"": 0.5}, ""sizing"": {""heat_cap"": null, ""max_positions"": 10, ""risk_pct"": 2.0}}"
2026-09-27 01:29:17,stocks,dev,pullback + ATR sizing,128d5cc40e,0,0.3966456647382691,0.04800166789401494,-0.5172587057573512,3531,0.060970532808288215,"{""exits"": {""max_hold"": 20, ""native_exit"": false, ""target_r"": 2.0}, ""filters"": {}, ""rank"": ""random"", ""setup"": ""pullback"", ""setup_params"": {""adx_min"": 25.0, ""lookback"": 5, ""stop_atr_max"": 2.0, ""stop_atr_min"": 0.5}, ""sizing"": {""atr_mult"": 2.0, ""heat_cap"": null, ""max_positions"": 10, ""mode"": ""atr"", ""risk_pct"": 1.0}}"
2026-09-27 01:29:18,stocks,dev,pullback + heat cap 4%,ab318016c0,0,0.19170867057653526,0.016474193311708296,-0.6150250524595214,3016,0.03247394887588645,"{""exits"": {""max_hold"": 20, ""native_exit"": false, ""target_r"": 2.0}, ""filters"": {}, ""rank"": ""random"", ""setup"": ""pullback"", ""setup_params"": {""adx_min"": 25.0, ""lookback"": 5, ""stop_atr_max"": 2.0, ""stop_atr_min"": 0.5}, ""sizing"": {""heat_cap"": 0.04, ""max_positions"": 10, ""risk_pct"": 1.0}}"
2026-09-27 01:29:19,stocks,dev,pullback + heat cap 6%,d045836d74,0,0.34611877769539967,0.04064466457550653,-0.5402508672911468,3138,0.06896003687182428,"{""exits"": {""max_hold"": 20, ""native_exit"": false, ""target_r"": 2.0}, ""filters"": {}, ""rank"": ""random"", ""setup"": ""pullback"", ""setup_params"": {""adx_min"": 25.0, ""lookback"": 5, ""stop_atr_max"": 2.0, ""stop_atr_min"": 0.5}, ""sizing"": {""heat_cap"": 0.06, ""max_positions"": 10, ""risk_pct"": 1.0}}"
2026-09-27 01:29:20,stocks,dev,pullback + heat cap 8%,75cbead313,0,0.47810615788233096,0.06246571300843251,-0.5080714417680371,3211,0.08567645980930241,"{""exits"": {""max_hold"": 20, ""native_exit"": false, ""target_r"": 2.0}, ""filters"": {}, ""rank"": ""random"", ""setup"": ""pullback"", ""setup_params"": {""adx_min"": 25.0, ""lookback"": 5, ""stop_atr_max"": 2.0, ""stop_atr_min"": 0.5}, ""sizing"": {""heat_cap"": 0.08, ""max_positions"": 10, ""risk_pct"": 1.0}}"
2026-09-27 01:29:21,stocks,dev,pullback + max 5 positions,cad047327c,0,0.3871239136295218,0.04544602272011322,-0.44062160319935384,3110,0.07128934758659868,"{""exits"": {""max_hold"": 20, ""native_exit"": false, ""target_r"": 2.0}, ""filters"": {}, ""rank"": ""random"", ""setup"": ""pullback"", ""setup_params"": {""adx_min"": 25.0, ""lookback"": 5, ""stop_atr_max"": 2.0, ""stop_atr_min"": 0.5}, ""sizing"": {""heat_cap"": null, ""max_positions"": 5, ""risk_pct"": 1.0}}"
2026-09-27 01:29:21,stocks,dev,pullback + halve risk in 10% DD,041629b0ad,0,0.37214093093902484,0.04222760269667303,-0.489896564565411,3907,0.05766595257054856,"{""exits"": {""max_hold"": 20, ""native_exit"": false, ""target_r"": 2.0}, ""filters"": {}, ""rank"": ""random"", ""setup"": ""pullback"", ""setup_params"": {""adx_min"": 25.0, ""lookback"": 5, ""stop_atr_max"": 2.0, ""stop_atr_min"": 0.5}, ""sizing"": {""dd_reduce"": {""dd"": 0.1, ""factor"": 0.5}, ""heat_cap"": null, ""max_positions"": 10, ""risk_pct"": 1.0}}"
2026-09-27 01:29:22,stocks,dev,pullback + partial 3d + BE + 10MA,98bd23a063,0,0.22956459523577621,0.023147737147378278,-0.6688744696813921,4239,0.0292728173379801,"{""exits"": {""breakeven"": true, ""max_hold"": 100, ""native_exit"": false, ""partial"": {""after_bars"": 3, ""frac"": 0.33, ""trail_after_partial"": true}, ""target_r"": null, ""trail_ma"": 10}, ""filters"": {}, ""rank"": ""random"", ""setup"": ""pullback"", ""setup_params"": {""adx_min"": 25.0, ""lookback"": 5, ""stop_atr_max"": 2.0, ""stop_atr_min"": 0.5}, ""sizing"": {""heat_cap"": null, ""max_positions"": 10, ""risk_pct"": 1.0}}"
2026-09-27 01:29:23,stocks,dev,pullback + partial 2R + BE + 20MA,d22d7a3411,0,0.5103074433401276,0.07268575991467308,-0.541616782985137,2065,0.12015800720515796,"{""exits"": {""breakeven"": true, ""max_hold"": 100, ""native_exit"": false, ""partial"": {""at_r"": 2.0, ""frac"": 0.5, ""trail_after_partial"": true}, ""target_r"": null, ""trail_ma"": 20}, ""filters"": {}, ""rank"": ""random"", ""setup"": ""pullback"", ""setup_params"": {""adx_min"": 25.0, ""lookback"": 5, ""stop_atr_max"": 2.0, ""stop_atr_min"": 0.5}, ""sizing"": {""heat_cap"": null, ""max_positions"": 10, ""risk_pct"": 1.0}}"
2026-09-27 01:29:25,stocks,dev,pullback + ATR trail 2.5,f572acf362,0,0.4477420764140393,0.06335815890029806,-0.5409504717180806,1990,0.1568950946274992,"{""exits"": {""max_hold"": 100, ""native_exit"": false, ""target_r"": null, ""trail_atr"": 2.5}, ""filters"": {}, ""rank"": ""random"", ""setup"": ""pullback"", ""setup_params"": {""adx_min"": 25.0, ""lookback"": 5, ""stop_atr_max"": 2.0, ""stop_atr_min"": 0.5}, ""sizing"": {""heat_cap"": null, ""max_positions"": 10, ""risk_pct"": 1.0}}"
2026-09-27 01:29:26,stocks,dev,pullback + time stop 5d,74144dc6cc,0,0.19524467691218633,0.01769649218779823,-0.6129472742366704,4956,0.01589255115929915,"{""exits"": {""max_hold"": 20, ""native_exit"": false, ""target_r"": 2.0, ""time_stop"": {""bars"": 5, ""min_r"": 0.5}}, ""filters"": {}, ""rank"": ""random"", ""setup"": ""pullback"", ""setup_params"": {""adx_min"": 25.0, ""lookback"": 5, ""stop_atr_max"": 2.0, ""stop_atr_min"": 0.5}, ""sizing"": {""heat_cap"": null, ""max_positions"": 10, ""risk_pct"": 1.0}}"
2026-09-27 01:29:31,stocks,dev,naive rsi2,4fdf9a625b,0,0.5225202073243848,0.0676231283434574,-0.36011505843726643,8250,0.0223835317254484,"{""exits"": {""max_hold"": 10, ""native_exit"": true, ""target_r"": null}, ""filters"": {}, ""rank"": ""random"", ""setup"": ""rsi2"", ""setup_params"": {""entry"": 10.0, ""exit"": 70.0, ""ma"": 200, ""stop_atr"": 3.0}, ""sizing"": {""heat_cap"": null, ""max_positions"": 10, ""risk_pct"": 1.0}}"
2026-09-27 01:29:37,stocks,dev,rsi2 + regime,e4fdb095f8,0,0.6076840986628086,0.06047526506767098,-0.18622543381820367,5464,0.029536739533100233,"{""exits"": {""max_hold"": 10, ""native_exit"": true, ""target_r"": null}, ""filters"": {""regime"": true}, ""rank"": ""random"", ""setup"": ""rsi2"", ""setup_params"": {""entry"": 10.0, ""exit"": 70.0, ""ma"": 200, ""stop_atr"": 3.0}, ""sizing"": {""heat_cap"": null, ""max_positions"": 10, ""risk_pct"": 1.0}}"
2026-09-27 01:29:43,stocks,dev,rsi2 + vol,c69b807a7e,0,0.54156831543815,0.06545100420459371,-0.3182181204733209,7424,0.02415414808331752,"{""exits"": {""max_hold"": 10, ""native_exit"": true, ""target_r"": null}, ""filters"": {""vol"": true}, ""rank"": ""random"", ""setup"": ""rsi2"", ""setup_params"": {""entry"": 10.0, ""exit"": 70.0, ""ma"": 200, ""stop_atr"": 3.0}, ""sizing"": {""heat_cap"": null, ""max_positions"": 10, ""risk_pct"": 1.0}}"
2026-09-27 01:29:48,stocks,dev,rsi2 + rs,17771581c0,0,0.9615753906546113,0.13210304534910344,-0.24666304880190648,6634,0.04994681277103203,"{""exits"": {""max_hold"": 10, ""native_exit"": true, ""target_r"": null}, ""filters"": {""rs"": true}, ""rank"": ""random"", ""setup"": ""rsi2"", ""setup_params"": {""entry"": 10.0, ""exit"": 70.0, ""ma"": 200, ""stop_atr"": 3.0}, ""sizing"": {""heat_cap"": null, ""max_positions"": 10, ""risk_pct"": 1.0}}"
2026-09-27 01:29:54,stocks,dev,rsi2 + event,6da334d29e,0,0.66404048132906,0.08827652158670096,-0.3109914077592131,8140,0.028796186019530275,"{""exits"": {""max_hold"": 10, ""native_exit"": true, ""target_r"": null}, ""filters"": {""event"": true}, ""rank"": ""random"", ""setup"": ""rsi2"", ""setup_params"": {""entry"": 10.0, ""exit"": 70.0, ""ma"": 200, ""stop_atr"": 3.0}, ""sizing"": {""heat_cap"": null, ""max_positions"": 10, ""risk_pct"": 1.0}}"
2026-09-27 01:29:56,stocks,dev,rsi2 + score rank only,edccd751a7,0,0.8399075989241086,0.1251694024860286,-0.2623206534173226,8654,0.036951843777919685,"{""exits"": {""max_hold"": 10, ""native_exit"": true, ""target_r"": null}, ""filters"": {}, ""rank"": ""score"", ""setup"": ""rsi2"", ""setup_params"": {""entry"": 10.0, ""exit"": 70.0, ""ma"": 200, ""stop_atr"": 3.0}, ""sizing"": {""heat_cap"": null, ""max_positions"": 10, ""risk_pct"": 1.0}}"
2026-09-27 01:30:02,stocks,dev,rsi2 + score top 20%,ef013a315f,0,0.9006539279775123,0.11997324895268902,-0.2207599497680366,6160,0.049270054289235005,"{""exits"": {""max_hold"": 10, ""native_exit"": true, ""target_r"": null}, ""filters"": {""score"": true}, ""rank"": ""score"", ""setup"": ""rsi2"", ""setup_params"": {""entry"": 10.0, ""exit"": 70.0, ""ma"": 200, ""stop_atr"": 3.0}, ""sizing"": {""heat_cap"": null, ""max_positions"": 10, ""risk_pct"": 1.0}}"
2026-09-27 01:30:03,stocks,dev,rsi2 + risk 0.25%,eedc3e5b94,0,0.3889887261268161,0.016864076796633487,-0.13374927499460676,10822,0.016399760011746072,"{""exits"": {""max_hold"": 10, ""native_exit"": true, ""target_r"": null}, ""filters"": {}, ""rank"": ""random"", ""setup"": ""rsi2"", ""setup_params"": {""entry"": 10.0, ""exit"": 70.0, ""ma"": 200, ""stop_atr"": 3.0}, ""sizing"": {""heat_cap"": null, ""max_positions"": 10, ""risk_pct"": 0.25}}"
2026-09-27 01:30:05,stocks,dev,rsi2 + risk 0.5%,49e9aab495,0,0.49632166147344337,0.04190124309035337,-0.23932585226727132,10760,0.020911424670046225,"{""exits"": {""max_hold"": 10, ""native_exit"": true, ""target_r"": null}, ""filters"": {}, ""rank"": ""random"", ""setup"": ""rsi2"", ""setup_params"": {""entry"": 10.0, ""exit"": 70.0, ""ma"": 200, ""stop_atr"": 3.0}, ""sizing"": {""heat_cap"": null, ""max_positions"": 10, ""risk_pct"": 0.5}}"
2026-09-27 01:30:06,stocks,dev,rsi2 + risk 2%,5889f14ea9,0,0.6272095899448885,0.09565744756956773,-0.35975256213232154,5870,0.02248749107618748,"{""exits"": {""max_hold"": 10, ""native_exit"": true, ""target_r"": null}, ""filters"": {}, ""rank"": ""random"", ""setup"": ""rsi2"", ""setup_params"": {""entry"": 10.0, ""exit"": 70.0, ""ma"": 200, ""stop_atr"": 3.0}, ""sizing"": {""heat_cap"": null, ""max_positions"": 10, ""risk_pct"": 2.0}}"
2026-09-27 01:30:08,stocks,dev,rsi2 + ATR sizing,6c9d7290dc,0,0.5260710588636517,0.0760099263761731,-0.46079767005239836,6516,0.0198633568034884,"{""exits"": {""max_hold"": 10, ""native_exit"": true, ""target_r"": null}, ""filters"": {}, ""rank"": ""random"", ""setup"": ""rsi2"", ""setup_params"": {""entry"": 10.0, ""exit"": 70.0, ""ma"": 200, ""stop_atr"": 3.0}, ""sizing"": {""atr_mult"": 2.0, ""heat_cap"": null, ""max_positions"": 10, ""mode"": ""atr"", ""risk_pct"": 1.0}}"
2026-09-27 01:30:10,stocks,dev,rsi2 + heat cap 4%,5cd2b0125e,0,0.33767760025896476,0.023256067396269176,-0.3049411436866525,3828,0.014628727617951719,"{""exits"": {""max_hold"": 10, ""native_exit"": true, ""target_r"": null}, ""filters"": {}, ""rank"": ""random"", ""setup"": ""rsi2"", ""setup_params"": {""entry"": 10.0, ""exit"": 70.0, ""ma"": 200, ""stop_atr"": 3.0}, ""sizing"": {""heat_cap"": 0.04, ""max_positions"": 10, ""risk_pct"": 1.0}}"
2026-09-27 01:30:11,stocks,dev,rsi2 + heat cap 6%,30b29fae94,0,0.6353769282725926,0.06140301229796896,-0.17539228908587357,5623,0.027445965076004553,"{""exits"": {""max_hold"": 10, ""native_exit"": true, ""target_r"": null}, ""filters"": {}, ""rank"": ""random"", ""setup"": ""rsi2"", ""setup_params"": {""entry"": 10.0, ""exit"": 70.0, ""ma"": 200, ""stop_atr"": 3.0}, ""sizing"": {""heat_cap"": 0.06, ""max_positions"": 10, ""risk_pct"": 1.0}}"
2026-09-27 01:30:13,stocks,dev,rsi2 + heat cap 8%,2e6c562c31,0,0.639844789139631,0.07233800248302669,-0.2104509481213377,6951,0.02682119065205392,"{""exits"": {""max_hold"": 10, ""native_exit"": true, ""target_r"": null}, ""filters"": {}, ""rank"": ""random"", ""setup"": ""rsi2"", ""setup_params"": {""entry"": 10.0, ""exit"": 70.0, ""ma"": 200, ""stop_atr"": 3.0}, ""sizing"": {""heat_cap"": 0.08, ""max_positions"": 10, ""risk_pct"": 1.0}}"
2026-09-27 01:30:14,stocks,dev,rsi2 + max 5 positions,57e8af7446,0,0.5005457980740582,0.04653026297681806,-0.29782865575863515,5548,0.021249517354778046,"{""exits"": {""max_hold"": 10, ""native_exit"": true, ""target_r"": null}, ""filters"": {}, ""rank"": ""random"", ""setup"": ""rsi2"", ""setup_params"": {""entry"": 10.0, ""exit"": 70.0, ""ma"": 200, ""stop_atr"": 3.0}, ""sizing"": {""heat_cap"": null, ""max_positions"": 5, ""risk_pct"": 1.0}}"
2026-09-27 01:30:15,stocks,dev,rsi2 + halve risk in 10% DD,7d8a2b05e9,0,0.6443588924395243,0.07267477426096014,-0.2760249091817053,9629,0.02454675607551735,"{""exits"": {""max_hold"": 10, ""native_exit"": true, ""target_r"": null}, ""filters"": {}, ""rank"": ""random"", ""setup"": ""rsi2"", ""setup_params"": {""entry"": 10.0, ""exit"": 70.0, ""ma"": 200, ""stop_atr"": 3.0}, ""sizing"": {""dd_reduce"": {""dd"": 0.1, ""factor"": 0.5}, ""heat_cap"": null, ""max_positions"": 10, ""risk_pct"": 1.0}}"
2026-09-27 01:30:17,forex,dev,naive breakout,b092b312a6,0,0.10488264983311837,-0.012765979487669554,-0.6256586483486628,3051,0.011867125367657487,"{""exits"": {""max_hold"": 20, ""native_exit"": false, ""target_r"": 2.0}, ""filters"": {}, ""rank"": ""random"", ""setup"": ""breakout"", ""setup_params"": {""base_len"": 20, ""stop_atr_max"": 1.5, ""stop_atr_min"": 0.5}, ""sizing"": {""heat_cap"": null, ""max_positions"": 10, ""risk_pct"": 1.0}}"
2026-09-27 01:30:18,forex,dev,breakout + regime,682cc9fcfe,0,-0.09626555518304895,-0.0646090979574162,-0.7333982286408751,2771,-0.023229995164274653,"{""exits"": {""max_hold"": 20, ""native_exit"": false, ""target_r"": 2.0}, ""filters"": {""regime"": true}, ""rank"": ""random"", ""setup"": ""breakout"", ""setup_params"": {""base_len"": 20, ""stop_atr_max"": 1.5, ""stop_atr_min"": 0.5}, ""sizing"": {""heat_cap"": null, ""max_positions"": 10, ""risk_pct"": 1.0}}"
2026-09-27 01:30:19,forex,dev,breakout + vol,88e4a99583,0,-0.13053008310456113,-0.07168041795600211,-0.7472006608829633,2896,-0.030010484005847715,"{""exits"": {""max_hold"": 20, ""native_exit"": false, ""target_r"": 2.0}, ""filters"": {""vol"": true}, ""rank"": ""random"", ""setup"": ""breakout"", ""setup_params"": {""base_len"": 20, ""stop_atr_max"": 1.5, ""stop_atr_min"": 0.5}, ""sizing"": {""heat_cap"": null, ""max_positions"": 10, ""risk_pct"": 1.0}}"
2026-09-27 01:30:20,forex,dev,breakout + chop,5070dd20fe,0,-0.01889897769191099,-0.04526346483624544,-0.791875873437879,2727,-0.005774796727691307,"{""exits"": {""max_hold"": 20, ""native_exit"": false, ""target_r"": 2.0}, ""filters"": {""chop"": true}, ""rank"": ""random"", ""setup"": ""breakout"", ""setup_params"": {""base_len"": 20, ""stop_atr_max"": 1.5, ""stop_atr_min"": 0.5}, ""sizing"": {""heat_cap"": null, ""max_positions"": 10, ""risk_pct"": 1.0}}"
2026-09-27 01:30:20,forex,dev,breakout + rs,51ab81bcd8,0,-0.15204080277364396,-0.06734037749971344,-0.8151031022900587,2185,-0.033543129906485565,"{""exits"": {""max_hold"": 20, ""native_exit"": false, ""target_r"": 2.0}, ""filters"": {""rs"": true}, ""rank"": ""random"", ""setup"": ""breakout"", ""setup_params"": {""base_len"": 20, ""stop_atr_max"": 1.5, ""stop_atr_min"": 0.5}, ""sizing"": {""heat_cap"": null, ""max_positions"": 10, ""risk_pct"": 1.0}}"
2026-09-27 01:30:21,forex,dev,breakout + score rank only,441edab161,0,0.007706049769803454,-0.042145900904672295,-0.7338590029371777,3150,-0.004584239975640846,"{""exits"": {""max_hold"": 20, ""native_exit"": false, ""target_r"": 2.0}, ""filters"": {}, ""rank"": ""score"", ""setup"": ""breakout"", ""setup_params"": {""base_len"": 20, ""stop_atr_max"": 1.5, ""stop_atr_min"": 0.5}, ""sizing"": {""heat_cap"": null, ""max_positions"": 10, ""risk_pct"": 1.0}}"
2026-09-27 01:30:22,forex,dev,breakout + score top 20%,9810d12771,0,-0.15764378382034866,-0.04036775147389582,-0.6352287800808575,1324,-0.0499735783417653,"{""exits"": {""max_hold"": 20, ""native_exit"": false, ""target_r"": 2.0}, ""filters"": {""score"": true}, ""rank"": ""score"", ""setup"": ""breakout"", ""setup_params"": {""base_len"": 20, ""stop_atr_max"": 1.5, ""stop_atr_min"": 0.5}, ""sizing"": {""heat_cap"": null, ""max_positions"": 10, ""risk_pct"": 1.0}}"
2026-09-27 01:30:22,forex,dev,breakout + risk 0.25%,cd7cc6eff6,0,0.007619290787785909,-0.0048917177360555675,-0.30498048866949856,5034,0.0010024335420678822,"{""exits"": {""max_hold"": 20, ""native_exit"": false, ""target_r"": 2.0}, ""filters"": {}, ""rank"": ""random"", ""setup"": ""breakout"", ""setup_params"": {""base_len"": 20, ""stop_atr_max"": 1.5, ""stop_atr_min"": 0.5}, ""sizing"": {""heat_cap"": null, ""max_positions"": 10, ""risk_pct"": 0.25}}"
2026-09-27 01:30:23,forex,dev,breakout + risk 0.5%,49826e3851,0,-0.11740675276429159,-0.04434023273549825,-0.637832504290232,4716,-0.015017974804838833,"{""exits"": {""max_hold"": 20, ""native_exit"": false, ""target_r"": 2.0}, ""filters"": {}, ""rank"": ""random"", ""setup"": ""breakout"", ""setup_params"": {""base_len"": 20, ""stop_atr_max"": 1.5, ""stop_atr_min"": 0.5}, ""sizing"": {""heat_cap"": null, ""max_positions"": 10, ""risk_pct"": 0.5}}"
2026-09-27 01:30:24,forex,dev,breakout + risk 2%,f9a644fd67,0,-0.16432433162723478,-0.10915819243096281,-0.9021242596653621,2235,-0.028358594820496137,"{""exits"": {""max_hold"": 20, ""native_exit"": false, ""target_r"": 2.0}, ""filters"": {}, ""rank"": ""random"", ""setup"": ""breakout"", ""setup_params"": {""base_len"": 20, ""stop_atr_max"": 1.5, ""stop_atr_min"": 0.5}, ""sizing"": {""heat_cap"": null, ""max_positions"": 10, ""risk_pct"": 2.0}}"
2026-09-27 01:30:24,forex,dev,breakout + ATR sizing,c404b15004,0,-0.029433319282115525,-0.034186754197017666,-0.53048484642316,4513,-0.016814047492410125,"{""exits"": {""max_hold"": 20, ""native_exit"": false, ""target_r"": 2.0}, ""filters"": {}, ""rank"": ""random"", ""setup"": ""breakout"", ""setup_params"": {""base_len"": 20, ""stop_atr_max"": 1.5, ""stop_atr_min"": 0.5}, ""sizing"": {""atr_mult"": 2.0, ""heat_cap"": null, ""max_positions"": 10, ""mode"": ""atr"", ""risk_pct"": 1.0}}"
2026-09-27 01:30:25,forex,dev,breakout + heat cap 4%,b41a0cbbfb,0,-0.10843444714495488,-0.037913923379938264,-0.5902598064312237,2081,-0.024839144294591383,"{""exits"": {""max_hold"": 20, ""native_exit"": false, ""target_r"": 2.0}, ""filters"": {}, ""rank"": ""random"", ""setup"": ""breakout"", ""setup_params"": {""base_len"": 20, ""stop_atr_max"": 1.5, ""stop_atr_min"": 0.5}, ""sizing"": {""heat_cap"": 0.04, ""max_positions"": 10, ""risk_pct"": 1.0}}"
2026-09-27 01:30:25,forex,dev,breakout + heat cap 6%,c1198a7843,0,0.15215074340474152,0.0076072093059242896,-0.4931765346568485,2640,0.017456765339028412,"{""exits"": {""max_hold"": 20, ""native_exit"": false, ""target_r"": 2.0}, ""filters"": {}, ""rank"": ""random"", ""setup"": ""breakout"", ""setup_params"": {""base_len"": 20, ""stop_atr_max"": 1.5, ""stop_atr_min"": 0.5}, ""sizing"": {""heat_cap"": 0.06, ""max_positions"": 10, ""risk_pct"": 1.0}}"
2026-09-27 01:30:26,forex,dev,breakout + heat cap 8%,446f0c4a6c,0,0.04721271092459847,-0.023275517349467867,-0.6083316294053227,2907,-0.0012841521965189287,"{""exits"": {""max_hold"": 20, ""native_exit"": false, ""target_r"": 2.0}, ""filters"": {}, ""rank"": ""random"", ""setup"": ""breakout"", ""setup_params"": {""base_len"": 20, ""stop_atr_max"": 1.5, ""stop_atr_min"": 0.5}, ""sizing"": {""heat_cap"": 0.08, ""max_positions"": 10, ""risk_pct"": 1.0}}"
2026-09-27 01:30:26,forex,dev,breakout + max 5 positions,465a5a0299,0,0.2403642792318719,0.02962737975392682,-0.45246626915971644,2717,0.03308976378928439,"{""exits"": {""max_hold"": 20, ""native_exit"": false, ""target_r"": 2.0}, ""filters"": {}, ""rank"": ""random"", ""setup"": ""breakout"", ""setup_params"": {""base_len"": 20, ""stop_atr_max"": 1.5, ""stop_atr_min"": 0.5}, ""sizing"": {""heat_cap"": null, ""max_positions"": 5, ""risk_pct"": 1.0}}"
2026-09-27 01:30:27,forex,dev,breakout + halve risk in 10% DD,5e8ad633a3,0,-0.13547676176931778,-0.05049704815899547,-0.6344943801553367,4547,-0.006352618257320351,"{""exits"": {""max_hold"": 20, ""native_exit"": false, ""target_r"": 2.0}, ""filters"": {}, ""rank"": ""random"", ""setup"": ""breakout"", ""setup_params"": {""base_len"": 20, ""stop_atr_max"": 1.5, ""stop_atr_min"": 0.5}, ""sizing"": {""dd_reduce"": {""dd"": 0.1, ""factor"": 0.5}, ""heat_cap"": null, ""max_positions"": 10, ""risk_pct"": 1.0}}"
2026-09-27 01:30:28,forex,dev,breakout + partial 3d + BE + 10MA,3a1101c9f7,0,0.10454717724244454,-0.014081210505715647,-0.5487171516510725,3235,0.005193245476430523,"{""exits"": {""breakeven"": true, ""max_hold"": 100, ""native_exit"": false, ""partial"": {""after_bars"": 3, ""frac"": 0.33, ""trail_after_partial"": true}, ""target_r"": null, ""trail_ma"": 10}, ""filters"": {}, ""rank"": ""random"", ""setup"": ""breakout"", ""setup_params"": {""base_len"": 20, ""stop_atr_max"": 1.5, ""stop_atr_min"": 0.5}, ""sizing"": {""heat_cap"": null, ""max_positions"": 10, ""risk_pct"": 1.0}}"
2026-09-27 01:30:28,forex,dev,breakout + partial 2R + BE + 20MA,5c3dccffa7,0,-0.07148643274622891,-0.0637962968369371,-0.7231463918757111,2103,-0.02566321926224613,"{""exits"": {""breakeven"": true, ""max_hold"": 100, ""native_exit"": false, ""partial"": {""at_r"": 2.0, ""frac"": 0.5, ""trail_after_partial"": true}, ""target_r"": null, ""trail_ma"": 20}, ""filters"": {}, ""rank"": ""random"", ""setup"": ""breakout"", ""setup_params"": {""base_len"": 20, ""stop_atr_max"": 1.5, ""stop_atr_min"": 0.5}, ""sizing"": {""heat_cap"": null, ""max_positions"": 10, ""risk_pct"": 1.0}}"
2026-09-27 01:30:29,forex,dev,breakout + ATR trail 2.5,40e01aadb0,0,-0.22196116810780192,-0.13098562923641244,-0.9115096980582835,1842,-0.086806824002355,"{""exits"": {""max_hold"": 100, ""native_exit"": false, ""target_r"": null, ""trail_atr"": 2.5}, ""filters"": {}, ""rank"": ""random"", ""setup"": ""breakout"", ""setup_params"": {""base_len"": 20, ""stop_atr_max"": 1.5, ""stop_atr_min"": 0.5}, ""sizing"": {""heat_cap"": null, ""max_positions"": 10, ""risk_pct"": 1.0}}"
2026-09-27 01:30:30,forex,dev,breakout + time stop 5d,f691067460,0,-0.14382033280453785,-0.07954672743955671,-0.8047749494941951,4017,-0.01988540335490536,"{""exits"": {""max_hold"": 20, ""native_exit"": false, ""target_r"": 2.0, ""time_stop"": {""bars"": 5, ""min_r"": 0.5}}, ""filters"": {}, ""rank"": ""random"", ""setup"": ""breakout"", ""setup_params"": {""base_len"": 20, ""stop_atr_max"": 1.5, ""stop_atr_min"": 0.5}, ""sizing"": {""heat_cap"": null, ""max_positions"": 10, ""risk_pct"": 1.0}}"
2026-09-27 01:30:31,forex,dev,naive pullback,1ff9d3db1e,0,-0.569498407882378,-0.1022586853645171,-0.8378070504146046,1117,-0.13268734295780432,"{""exits"": {""max_hold"": 20, ""native_exit"": false, ""target_r"": 2.0}, ""filters"": {}, ""rank"": ""random"", ""setup"": ""pullback"", ""setup_params"": {""adx_min"": 25.0, ""lookback"": 5, ""stop_atr_max"": 2.0, ""stop_atr_min"": 0.5}, ""sizing"": {""heat_cap"": null, ""max_positions"": 10, ""risk_pct"": 1.0}}"
2026-09-27 01:30:31,forex,dev,pullback + regime,180b683bf0,0,-0.542797749871536,-0.09382221276292446,-0.8157925500342278,1006,-0.13628358877873423,"{""exits"": {""max_hold"": 20, ""native_exit"": false, ""target_r"": 2.0}, ""filters"": {""regime"": true}, ""rank"": ""random"", ""setup"": ""pullback"", ""setup_params"": {""adx_min"": 25.0, ""lookback"": 5, ""stop_atr_max"": 2.0, ""stop_atr_min"": 0.5}, ""sizing"": {""heat_cap"": null, ""max_positions"": 10, ""risk_pct"": 1.0}}"
2026-09-27 01:30:32,forex,dev,pullback + vol,8b21589674,0,-0.8496244681231305,-0.11902473978176187,-0.8781080078612729,917,-0.19807684953125768,"{""exits"": {""max_hold"": 20, ""native_exit"": false, ""target_r"": 2.0}, ""filters"": {""vol"": true}, ""rank"": ""random"", ""setup"": ""pullback"", ""setup_params"": {""adx_min"": 25.0, ""lookback"": 5, ""stop_atr_max"": 2.0, ""stop_atr_min"": 0.5}, ""sizing"": {""heat_cap"": null, ""max_positions"": 10, ""risk_pct"": 1.0}}"
2026-09-27 01:30:32,forex,dev,pullback + rs,7186b6a6dc,0,-0.4753547880256983,-0.06357772828849084,-0.6946109765438608,613,-0.14578582696553613,"{""exits"": {""max_hold"": 20, ""native_exit"": false, ""target_r"": 2.0}, ""filters"": {""rs"": true}, ""rank"": ""random"", ""setup"": ""pullback"", ""setup_params"": {""adx_min"": 25.0, ""lookback"": 5, ""stop_atr_max"": 2.0, ""stop_atr_min"": 0.5}, ""sizing"": {""heat_cap"": null, ""max_positions"": 10, ""risk_pct"": 1.0}}"
2026-09-27 01:30:32,forex,dev,pullback + score rank only,7987dca2ad,0,-0.5867590147588317,-0.10513745077709746,-0.8454307486282315,1111,-0.13842858504248864,"{""exits"": {""max_hold"": 20, ""native_exit"": false, ""target_r"": 2.0}, ""filters"": {}, ""rank"": ""score"", ""setup"": ""pullback"", ""setup_params"": {""adx_min"": 25.0, ""lookback"": 5, ""stop_atr_max"": 2.0, ""stop_atr_min"": 0.5}, ""sizing"": {""heat_cap"": null, ""max_positions"": 10, ""risk_pct"": 1.0}}"
2026-09-27 01:30:33,forex,dev,pullback + score top 20%,04720094ae,0,-0.31225843223180916,-0.024939856859554244,-0.4156487315143401,269,-0.12487056413282274,"{""exits"": {""max_hold"": 20, ""native_exit"": false, ""target_r"": 2.0}, ""filters"": {""score"": true}, ""rank"": ""score"", ""setup"": ""pullback"", ""setup_params"": {""adx_min"": 25.0, ""lookback"": 5, ""stop_atr_max"": 2.0, ""stop_atr_min"": 0.5}, ""sizing"": {""heat_cap"": null, ""max_positions"": 10, ""risk_pct"": 1.0}}"
2026-09-27 01:30:33,forex,dev,pullback + risk 0.25%,cd1a0ffb15,0,-0.6223654876160621,-0.027739653158345146,-0.38387113832182407,1150,-0.14449078660939435,"{""exits"": {""max_hold"": 20, ""native_exit"": false, ""target_r"": 2.0}, ""filters"": {}, ""rank"": ""random"", ""setup"": ""pullback"", ""setup_params"": {""adx_min"": 25.0, ""lookback"": 5, ""stop_atr_max"": 2.0, ""stop_atr_min"": 0.5}, ""sizing"": {""heat_cap"": null, ""max_positions"": 10, ""risk_pct"": 0.25}}"
2026-09-27 01:30:33,forex,dev,pullback + risk 0.5%,bab7c0373a,0,-0.6285905633785965,-0.056720876406012755,-0.6313573143488275,1149,-0.14631527160086602,"{""exits"": {""max_hold"": 20, ""native_exit"": false, ""target_r"": 2.0}, ""filters"": {}, ""rank"": ""random"", ""setup"": ""pullback"", ""setup_params"": {""adx_min"": 25.0, ""lookback"": 5, ""stop_atr_max"": 2.0, ""stop_atr_min"": 0.5}, ""sizing"": {""heat_cap"": null, ""max_positions"": 10, ""risk_pct"": 0.5}}"
2026-09-27 01:30:34,forex,dev,pullback + risk 2%,a01d0a6e71,0,-0.4504199966567218,-0.13051670539163673,-0.9052345414310096,970,-0.11169930747125924,"{""exits"": {""max_hold"": 20, ""native_exit"": false, ""target_r"": 2.0}, ""filters"": {}, ""rank"": ""random"", ""setup"": ""pullback"", ""setup_params"": {""adx_min"": 25.0, ""lookback"": 5, ""stop_atr_max"": 2.0, ""stop_atr_min"": 0.5}, ""sizing"": {""heat_cap"": null, ""max_positions"": 10, ""risk_pct"": 2.0}}"
2026-09-27 01:30:34,forex,dev,pullback + ATR sizing,128d5cc40e,0,-0.585390804816218,-0.07782589144373564,-0.7440693616335096,1146,-0.1447086857393231,"{""exits"": {""max_hold"": 20, ""native_exit"": false, ""target_r"": 2.0}, ""filters"": {}, ""rank"": ""random"", ""setup"": ""pullback"", ""setup_params"": {""adx_min"": 25.0, ""lookback"": 5, ""stop_atr_max"": 2.0, ""stop_atr_min"": 0.5}, ""sizing"": {""atr_mult"": 2.0, ""heat_cap"": null, ""max_positions"": 10, ""mode"": ""atr"", ""risk_pct"": 1.0}}"
2026-09-27 01:30:34,forex,dev,pullback + heat cap 4%,ab318016c0,0,-0.4917204635302771,-0.06638226201392028,-0.7141571967413647,861,-0.11388183616175084,"{""exits"": {""max_hold"": 20, ""native_exit"": false, ""target_r"": 2.0}, ""filters"": {}, ""rank"": ""random"", ""setup"": ""pullback"", ""setup_params"": {""adx_min"": 25.0, ""lookback"": 5, ""stop_atr_max"": 2.0, ""stop_atr_min"": 0.5}, ""sizing"": {""heat_cap"": 0.04, ""max_positions"": 10, ""risk_pct"": 1.0}}"
2026-09-27 01:30:34,forex,dev,pullback + heat cap 6%,d045836d74,0,-0.6034130248417872,-0.096837936210596,-0.8224902320644406,1034,-0.13941937541822289,"{""exits"": {""max_hold"": 20, ""native_exit"": false, ""target_r"": 2.0}, ""filters"": {}, ""rank"": ""random"", ""setup"": ""pullback"", ""setup_params"": {""adx_min"": 25.0, ""lookback"": 5, ""stop_atr_max"": 2.0, ""stop_atr_min"": 0.5}, ""sizing"": {""heat_cap"": 0.06, ""max_positions"": 10, ""risk_pct"": 1.0}}"
2026-09-27 01:30:35,forex,dev,pullback + heat cap 8%,75cbead313,0,-0.5820342220946542,-0.10066282928056347,-0.8334310584905811,1090,-0.13536812774020301,"{""exits"": {""max_hold"": 20, ""native_exit"": false, ""target_r"": 2.0}, ""filters"": {}, ""rank"": ""random"", ""setup"": ""pullback"", ""setup_params"": {""adx_min"": 25.0, ""lookback"": 5, ""stop_atr_max"": 2.0, ""stop_atr_min"": 0.5}, ""sizing"": {""heat_cap"": 0.08, ""max_positions"": 10, ""risk_pct"": 1.0}}"
2026-09-27 01:30:35,forex,dev,pullback + max 5 positions,cad047327c,0,-0.5644682330110534,-0.08814215112228119,-0.7972851602510251,1013,-0.12880390756692883,"{""exits"": {""max_hold"": 20, ""native_exit"": false, ""target_r"": 2.0}, ""filters"": {}, ""rank"": ""random"", ""setup"": ""pullback"", ""setup_params"": {""adx_min"": 25.0, ""lookback"": 5, ""stop_atr_max"": 2.0, ""stop_atr_min"": 0.5}, ""sizing"": {""heat_cap"": null, ""max_positions"": 5, ""risk_pct"": 1.0}}"
2026-09-27 01:30:35,forex,dev,pullback + halve risk in 10% DD,041629b0ad,0,-0.6695536075821978,-0.06138417290169251,-0.6648729658817352,1149,-0.14631527160086602,"{""exits"": {""max_hold"": 20, ""native_exit"": false, ""target_r"": 2.0}, ""filters"": {}, ""rank"": ""random"", ""setup"": ""pullback"", ""setup_params"": {""adx_min"": 25.0, ""lookback"": 5, ""stop_atr_max"": 2.0, ""stop_atr_min"": 0.5}, ""sizing"": {""dd_reduce"": {""dd"": 0.1, ""factor"": 0.5}, ""heat_cap"": null, ""max_positions"": 10, ""risk_pct"": 1.0}}"
2026-09-27 01:30:36,forex,dev,pullback + partial 3d + BE + 10MA,98bd23a063,0,-0.8459752105567719,-0.13102146932230774,-0.8887035926386542,1299,-0.15296820314819792,"{""exits"": {""breakeven"": true, ""max_hold"": 100, ""native_exit"": false, ""partial"": {""after_bars"": 3, ""frac"": 0.33, ""trail_after_partial"": true}, ""target_r"": null, ""trail_ma"": 10}, ""filters"": {}, ""rank"": ""random"", ""setup"": ""pullback"", ""setup_params"": {""adx_min"": 25.0, ""lookback"": 5, ""stop_atr_max"": 2.0, ""stop_atr_min"": 0.5}, ""sizing"": {""heat_cap"": null, ""max_positions"": 10, ""risk_pct"": 1.0}}"
2026-09-27 01:30:36,forex,dev,pullback + partial 2R + BE + 20MA,d22d7a3411,0,-0.643242013385795,-0.13201719878146445,-0.9007993017504551,1010,-0.18602949160329907,"{""exits"": {""breakeven"": true, ""max_hold"": 100, ""native_exit"": false, ""partial"": {""at_r"": 2.0, ""frac"": 0.5, ""trail_after_partial"": true}, ""target_r"": null, ""trail_ma"": 20}, ""filters"": {}, ""rank"": ""random"", ""setup"": ""pullback"", ""setup_params"": {""adx_min"": 25.0, ""lookback"": 5, ""stop_atr_max"": 2.0, ""stop_atr_min"": 0.5}, ""sizing"": {""heat_cap"": null, ""max_positions"": 10, ""risk_pct"": 1.0}}"
2026-09-27 01:30:36,forex,dev,pullback + ATR trail 2.5,f572acf362,0,-0.5444607295528299,-0.13941869019649156,-0.9146820147475717,992,-0.2020007730600931,"{""exits"": {""max_hold"": 100, ""native_exit"": false, ""target_r"": null, ""trail_atr"": 2.5}, ""filters"": {}, ""rank"": ""random"", ""setup"": ""pullback"", ""setup_params"": {""adx_min"": 25.0, ""lookback"": 5, ""stop_atr_max"": 2.0, ""stop_atr_min"": 0.5}, ""sizing"": {""heat_cap"": null, ""max_positions"": 10, ""risk_pct"": 1.0}}"
2026-09-27 01:30:37,forex,dev,pullback + time stop 5d,74144dc6cc,0,-0.8338665167379643,-0.11607013605953054,-0.8675679251368497,1321,-0.13427774603783277,"{""exits"": {""max_hold"": 20, ""native_exit"": false, ""target_r"": 2.0, ""time_stop"": {""bars"": 5, ""min_r"": 0.5}}, ""filters"": {}, ""rank"": ""random"", ""setup"": ""pullback"", ""setup_params"": {""adx_min"": 25.0, ""lookback"": 5, ""stop_atr_max"": 2.0, ""stop_atr_min"": 0.5}, ""sizing"": {""heat_cap"": null, ""max_positions"": 10, ""risk_pct"": 1.0}}"
2026-09-27 01:30:37,forex,dev,naive rsi2,4fdf9a625b,0,-0.44354966038552535,-0.07858759588161912,-0.7307818240621565,3995,-0.026666144882691496,"{""exits"": {""max_hold"": 10, ""native_exit"": true, ""target_r"": null}, ""filters"": {}, ""rank"": ""random"", ""setup"": ""rsi2"", ""setup_params"": {""entry"": 10.0, ""exit"": 70.0, ""ma"": 200, ""stop_atr"": 3.0}, ""sizing"": {""heat_cap"": null, ""max_positions"": 10, ""risk_pct"": 1.0}}"
2026-09-27 01:30:38,forex,dev,rsi2 + vol,c69b807a7e,0,-0.43621785886713094,-0.07032187599691253,-0.751270587910192,3662,-0.02612827813834456,"{""exits"": {""max_hold"": 10, ""native_exit"": true, ""target_r"": null}, ""filters"": {""vol"": true}, ""rank"": ""random"", ""setup"": ""rsi2"", ""setup_params"": {""entry"": 10.0, ""exit"": 70.0, ""ma"": 200, ""stop_atr"": 3.0}, ""sizing"": {""heat_cap"": null, ""max_positions"": 10, ""risk_pct"": 1.0}}"
2026-09-27 01:30:39,forex,dev,rsi2 + rs,17771581c0,0,-0.1251740029790344,-0.015250589742331178,-0.3159949941659552,1470,-0.012308245701233452,"{""exits"": {""max_hold"": 10, ""native_exit"": true, ""target_r"": null}, ""filters"": {""rs"": true}, ""rank"": ""random"", ""setup"": ""rsi2"", ""setup_params"": {""entry"": 10.0, ""exit"": 70.0, ""ma"": 200, ""stop_atr"": 3.0}, ""sizing"": {""heat_cap"": null, ""max_positions"": 10, ""risk_pct"": 1.0}}"
2026-09-27 01:30:39,forex,dev,rsi2 + score rank only,edccd751a7,0,-0.49440256585753967,-0.08721490211380245,-0.7674684828982972,3979,-0.0302721296456643,"{""exits"": {""max_hold"": 10, ""native_exit"": true, ""target_r"": null}, ""filters"": {}, ""rank"": ""score"", ""setup"": ""rsi2"", ""setup_params"": {""entry"": 10.0, ""exit"": 70.0, ""ma"": 200, ""stop_atr"": 3.0}, ""sizing"": {""heat_cap"": null, ""max_positions"": 10, ""risk_pct"": 1.0}}"
2026-09-27 01:30:40,forex,dev,rsi2 + score top 20%,ef013a315f,0,-0.10537277450524013,-0.009714922959037087,-0.3437327187582607,1025,-0.011403030770688818,"{""exits"": {""max_hold"": 10, ""native_exit"": true, ""target_r"": null}, ""filters"": {""score"": true}, ""rank"": ""score"", ""setup"": ""rsi2"", ""setup_params"": {""entry"": 10.0, ""exit"": 70.0, ""ma"": 200, ""stop_atr"": 3.0}, ""sizing"": {""heat_cap"": null, ""max_positions"": 10, ""risk_pct"": 1.0}}"
2026-09-27 01:30:41,forex,dev,rsi2 + risk 0.25%,eedc3e5b94,0,-0.467314653192303,-0.018940306051751454,-0.26981284232708147,4006,-0.027516256573841217,"{""exits"": {""max_hold"": 10, ""native_exit"": true, ""target_r"": null}, ""filters"": {}, ""rank"": ""random"", ""setup"": ""rsi2"", ""setup_params"": {""entry"": 10.0, ""exit"": 70.0, ""ma"": 200, ""stop_atr"": 3.0}, ""sizing"": {""heat_cap"": null, ""max_positions"": 10, ""risk_pct"": 0.25}}"
2026-09-27 01:30:41,forex,dev,rsi2 + risk 0.5%,49e9aab495,0,-0.462151708828876,-0.038682177386307304,-0.4730823767788177,4006,-0.027516256573841213,"{""exits"": {""max_hold"": 10, ""native_exit"": true, ""target_r"": null}, ""filters"": {}, ""rank"": ""random"", ""setup"": ""rsi2"", ""setup_params"": {""entry"": 10.0, ""exit"": 70.0, ""ma"": 200, ""stop_atr"": 3.0}, ""sizing"": {""heat_cap"": null, ""max_positions"": 10, ""risk_pct"": 0.5}}"
2026-09-27 01:30:42,forex,dev,rsi2 + risk 2%,5889f14ea9,0,-0.5205999304987962,-0.15857973896818023,-0.9261456853785477,3290,-0.03164918844247011,"{""exits"": {""max_hold"": 10, ""native_exit"": true, ""target_r"": null}, ""filters"": {}, ""rank"": ""random"", ""setup"": ""rsi2"", ""setup_params"": {""entry"": 10.0, ""exit"": 70.0, ""ma"": 200, ""stop_atr"": 3.0}, ""sizing"": {""heat_cap"": null, ""max_positions"": 10, ""risk_pct"": 2.0}}"
2026-09-27 01:30:42,forex,dev,rsi2 + ATR sizing,6c9d7290dc,0,-0.584648689212849,-0.14289088298855657,-0.9040060333681855,3717,-0.03562496459707545,"{""exits"": {""max_hold"": 10, ""native_exit"": true, ""target_r"": null}, ""filters"": {}, ""rank"": ""random"", ""setup"": ""rsi2"", ""setup_params"": {""entry"": 10.0, ""exit"": 70.0, ""ma"": 200, ""stop_atr"": 3.0}, ""sizing"": {""atr_mult"": 2.0, ""heat_cap"": null, ""max_positions"": 10, ""mode"": ""atr"", ""risk_pct"": 1.0}}"
2026-09-27 01:30:43,forex,dev,rsi2 + heat cap 4%,5cd2b0125e,0,-0.40829263627563034,-0.030538442557580092,-0.4110548208490905,1709,-0.026103889461162485,"{""exits"": {""max_hold"": 10, ""native_exit"": true, ""target_r"": null}, ""filters"": {}, ""rank"": ""random"", ""setup"": ""rsi2"", ""setup_params"": {""entry"": 10.0, ""exit"": 70.0, ""ma"": 200, ""stop_atr"": 3.0}, ""sizing"": {""heat_cap"": 0.04, ""max_positions"": 10, ""risk_pct"": 1.0}}"
2026-09-27 01:30:43,forex,dev,rsi2 + heat cap 6%,30b29fae94,0,-0.47718881948406544,-0.048893892630501146,-0.5345848666175266,2477,-0.028417992133793663,"{""exits"": {""max_hold"": 10, ""native_exit"": true, ""target_r"": null}, ""filters"": {}, ""rank"": ""random"", ""setup"": ""rsi2"", ""setup_params"": {""entry"": 10.0, ""exit"": 70.0, ""ma"": 200, ""stop_atr"": 3.0}, ""sizing"": {""heat_cap"": 0.06, ""max_positions"": 10, ""risk_pct"": 1.0}}"
2026-09-27 01:30:44,forex,dev,rsi2 + heat cap 8%,2e6c562c31,0,-0.42314120011596507,-0.057245483977823364,-0.6011549734454671,3141,-0.025057190634477384,"{""exits"": {""max_hold"": 10, ""native_exit"": true, ""target_r"": null}, ""filters"": {}, ""rank"": ""random"", ""setup"": ""rsi2"", ""setup_params"": {""entry"": 10.0, ""exit"": 70.0, ""ma"": 200, ""stop_atr"": 3.0}, ""sizing"": {""heat_cap"": 0.08, ""max_positions"": 10, ""risk_pct"": 1.0}}"
2026-09-27 01:30:44,forex,dev,rsi2 + max 5 positions,57e8af7446,0,-0.29905591230735223,-0.0366516324360332,-0.49296324106228295,2603,-0.01875693498911339,"{""exits"": {""max_hold"": 10, ""native_exit"": true, ""target_r"": null}, ""filters"": {}, ""rank"": ""random"", ""setup"": ""rsi2"", ""setup_params"": {""entry"": 10.0, ""exit"": 70.0, ""ma"": 200, ""stop_atr"": 3.0}, ""sizing"": {""heat_cap"": null, ""max_positions"": 5, ""risk_pct"": 1.0}}"
2026-09-27 01:30:45,forex,dev,rsi2 + halve risk in 10% DD,7d8a2b05e9,0,-0.5436493175241697,-0.04639597842628118,-0.5176600940819353,4006,-0.027516256573841213,"{""exits"": {""max_hold"": 10, ""native_exit"": true, ""target_r"": null}, ""filters"": {}, ""rank"": ""random"", ""setup"": ""rsi2"", ""setup_params"": {""entry"": 10.0, ""exit"": 70.0, ""ma"": 200, ""stop_atr"": 3.0}, ""sizing"": {""dd_reduce"": {""dd"": 0.1, ""factor"": 0.5}, ""heat_cap"": null, ""max_positions"": 10, ""risk_pct"": 1.0}}"
2026-09-27 01:30:46,crypto,dev,naive breakout,b092b312a6,0,0.3291464315632224,0.05321966014198409,-0.32595287849451904,680,0.05371421962674632,"{""exits"": {""max_hold"": 20, ""native_exit"": false, ""target_r"": 2.0}, ""filters"": {}, ""rank"": ""random"", ""setup"": ""breakout"", ""setup_params"": {""base_len"": 20, ""stop_atr_max"": 1.5, ""stop_atr_min"": 0.5}, ""sizing"": {""heat_cap"": null, ""max_positions"": 10, ""risk_pct"": 1.0}}"
2026-09-27 01:30:48,crypto,dev,breakout + regime,682cc9fcfe,0,0.23577653796700593,0.024432363256807532,-0.29014070366231204,438,0.06306163046750746,"{""exits"": {""max_hold"": 20, ""native_exit"": false, ""target_r"": 2.0}, ""filters"": {""regime"": true}, ""rank"": ""random"", ""setup"": ""breakout"", ""setup_params"": {""base_len"": 20, ""stop_atr_max"": 1.5, ""stop_atr_min"": 0.5}, ""sizing"": {""heat_cap"": null, ""max_positions"": 10, ""risk_pct"": 1.0}}"
2026-09-27 01:30:49,crypto,dev,breakout + vol,88e4a99583,0,0.7006149462315976,0.21636213794334136,-0.24674167497711097,638,0.11594567825822526,"{""exits"": {""max_hold"": 20, ""native_exit"": false, ""target_r"": 2.0}, ""filters"": {""vol"": true}, ""rank"": ""random"", ""setup"": ""breakout"", ""setup_params"": {""base_len"": 20, ""stop_atr_max"": 1.5, ""stop_atr_min"": 0.5}, ""sizing"": {""heat_cap"": null, ""max_positions"": 10, ""risk_pct"": 1.0}}"
2026-09-27 01:30:50,crypto,dev,breakout + chop,5070dd20fe,0,0.3005806098091593,0.043666149603157844,-0.3128914864279696,589,0.046097223279651225,"{""exits"": {""max_hold"": 20, ""native_exit"": false, ""target_r"": 2.0}, ""filters"": {""chop"": true}, ""rank"": ""random"", ""setup"": ""breakout"", ""setup_params"": {""base_len"": 20, ""stop_atr_max"": 1.5, ""stop_atr_min"": 0.5}, ""sizing"": {""heat_cap"": null, ""max_positions"": 10, ""risk_pct"": 1.0}}"
2026-09-27 01:30:51,crypto,dev,breakout + rs,51ab81bcd8,0,0.19649320587233216,0.019524764807927752,-0.17950417185976153,323,0.03211484136727035,"{""exits"": {""max_hold"": 20, ""native_exit"": false, ""target_r"": 2.0}, ""filters"": {""rs"": true}, ""rank"": ""random"", ""setup"": ""breakout"", ""setup_params"": {""base_len"": 20, ""stop_atr_max"": 1.5, ""stop_atr_min"": 0.5}, ""sizing"": {""heat_cap"": null, ""max_positions"": 10, ""risk_pct"": 1.0}}"
2026-09-27 01:30:52,crypto,dev,breakout + volume,0166420b2a,0,0.2894585406885942,0.042505984070283276,-0.3128915099573064,470,0.05572038623153694,"{""exits"": {""max_hold"": 20, ""native_exit"": false, ""target_r"": 2.0}, ""filters"": {""volume"": true}, ""rank"": ""random"", ""setup"": ""breakout"", ""setup_params"": {""base_len"": 20, ""stop_atr_max"": 1.5, ""stop_atr_min"": 0.5}, ""sizing"": {""heat_cap"": null, ""max_positions"": 10, ""risk_pct"": 1.0}}"
2026-09-27 01:30:52,crypto,dev,breakout + score rank only,441edab161,0,0.3117112633235789,0.04621771696925814,-0.28943343878405814,675,0.05216132482779277,"{""exits"": {""max_hold"": 20, ""native_exit"": false, ""target_r"": 2.0}, ""filters"": {}, ""rank"": ""score"", ""setup"": ""breakout"", ""setup_params"": {""base_len"": 20, ""stop_atr_max"": 1.5, ""stop_atr_min"": 0.5}, ""sizing"": {""heat_cap"": null, ""max_positions"": 10, ""risk_pct"": 1.0}}"
2026-09-27 01:30:53,crypto,dev,breakout + score top 20%,9810d12771,0,0.014819950909789874,-0.01680204951065667,-0.1842435660453592,229,0.007773980255579895,"{""exits"": {""max_hold"": 20, ""native_exit"": false, ""target_r"": 2.0}, ""filters"": {""score"": true}, ""rank"": ""score"", ""setup"": ""breakout"", ""setup_params"": {""base_len"": 20, ""stop_atr_max"": 1.5, ""stop_atr_min"": 0.5}, ""sizing"": {""heat_cap"": null, ""max_positions"": 10, ""risk_pct"": 1.0}}"
2026-09-27 01:30:53,crypto,dev,breakout + risk 0.25%,cd7cc6eff6,0,0.39995112455227183,0.04104075038806543,-0.08367723327604826,768,0.06247008000441906,"{""exits"": {""max_hold"": 20, ""native_exit"": false, ""target_r"": 2.0}, ""filters"": {}, ""rank"": ""random"", ""setup"": ""breakout"", ""setup_params"": {""base_len"": 20, ""stop_atr_max"": 1.5, ""stop_atr_min"": 0.5}, ""sizing"": {""heat_cap"": null, ""max_positions"": 10, ""risk_pct"": 0.25}}"
2026-09-27 01:30:53,crypto,dev,breakout + risk 0.5%,49826e3851,0,0.4026979161424894,0.06940130960262647,-0.16364137890312236,768,0.06247008000441906,"{""exits"": {""max_hold"": 20, ""native_exit"": false, ""target_r"": 2.0}, ""filters"": {}, ""rank"": ""random"", ""setup"": ""breakout"", ""setup_params"": {""base_len"": 20, ""stop_atr_max"": 1.5, ""stop_atr_min"": 0.5}, ""sizing"": {""heat_cap"": null, ""max_positions"": 10, ""risk_pct"": 0.5}}"
2026-09-27 01:30:54,crypto,dev,breakout + risk 2%,f9a644fd67,0,0.27581351171894775,0.01246079942801015,-0.4316405311246382,524,0.04197624274523011,"{""exits"": {""max_hold"": 20, ""native_exit"": false, ""target_r"": 2.0}, ""filters"": {}, ""rank"": ""random"", ""setup"": ""breakout"", ""setup_params"": {""base_len"": 20, ""stop_atr_max"": 1.5, ""stop_atr_min"": 0.5}, ""sizing"": {""heat_cap"": null, ""max_positions"": 10, ""risk_pct"": 2.0}}"
2026-09-27 01:30:54,crypto,dev,breakout + ATR sizing,c404b15004,0,0.47694499243599114,0.10230166520483874,-0.21110745094911998,764,0.06834530429304018,"{""exits"": {""max_hold"": 20, ""native_exit"": false, ""target_r"": 2.0}, ""filters"": {}, ""rank"": ""random"", ""setup"": ""breakout"", ""setup_params"": {""base_len"": 20, ""stop_atr_max"": 1.5, ""stop_atr_min"": 0.5}, ""sizing"": {""atr_mult"": 2.0, ""heat_cap"": null, ""max_positions"": 10, ""mode"": ""atr"", ""risk_pct"": 1.0}}"
2026-09-27 01:30:54,crypto,dev,breakout + heat cap 4%,b41a0cbbfb,0,0.8434281985082758,0.17433795668837004,-0.15237728718636845,349,0.1487124916056747,"{""exits"": {""max_hold"": 20, ""native_exit"": false, ""target_r"": 2.0}, ""filters"": {}, ""rank"": ""random"", ""setup"": ""breakout"", ""setup_params"": {""base_len"": 20, ""stop_atr_max"": 1.5, ""stop_atr_min"": 0.5}, ""sizing"": {""heat_cap"": 0.04, ""max_positions"": 10, ""risk_pct"": 1.0}}"
2026-09-27 01:30:54,crypto,dev,breakout + heat cap 6%,c1198a7843,0,0.38054859263543345,0.07017746567732464,-0.2016419376090166,483,0.06819763274840439,"{""exits"": {""max_hold"": 20, ""native_exit"": false, ""target_r"": 2.0}, ""filters"": {}, ""rank"": ""random"", ""setup"": ""breakout"", ""setup_params"": {""base_len"": 20, ""stop_atr_max"": 1.5, ""stop_atr_min"": 0.5}, ""sizing"": {""heat_cap"": 0.06, ""max_positions"": 10, ""risk_pct"": 1.0}}"
2026-09-27 01:30:54,crypto,dev,breakout + heat cap 8%,446f0c4a6c,0,0.3662867104408963,0.06978811771896543,-0.2745588746930575,593,0.06145502970318664,"{""exits"": {""max_hold"": 20, ""native_exit"": false, ""target_r"": 2.0}, ""filters"": {}, ""rank"": ""random"", ""setup"": ""breakout"", ""setup_params"": {""base_len"": 20, ""stop_atr_max"": 1.5, ""stop_atr_min"": 0.5}, ""sizing"": {""heat_cap"": 0.08, ""max_positions"": 10, ""risk_pct"": 1.0}}"
2026-09-27 01:30:54,crypto,dev,breakout + max 5 positions,465a5a0299,0,0.31913967726141607,0.05188148002284976,-0.276825699800081,501,0.050936016674424545,"{""exits"": {""max_hold"": 20, ""native_exit"": false, ""target_r"": 2.0}, ""filters"": {}, ""rank"": ""random"", ""setup"": ""breakout"", ""setup_params"": {""base_len"": 20, ""stop_atr_max"": 1.5, ""stop_atr_min"": 0.5}, ""sizing"": {""heat_cap"": null, ""max_positions"": 5, ""risk_pct"": 1.0}}"
2026-09-27 01:30:54,crypto,dev,breakout + halve risk in 10% DD,5e8ad633a3,0,0.01073312183049204,-0.03495061275582079,-0.24339437721430912,762,0.06344431432230775,"{""exits"": {""max_hold"": 20, ""native_exit"": false, ""target_r"": 2.0}, ""filters"": {}, ""rank"": ""random"", ""setup"": ""breakout"", ""setup_params"": {""base_len"": 20, ""stop_atr_max"": 1.5, ""stop_atr_min"": 0.5}, ""sizing"": {""dd_reduce"": {""dd"": 0.1, ""factor"": 0.5}, ""heat_cap"": null, ""max_positions"": 10, ""risk_pct"": 1.0}}"
2026-09-27 01:30:54,crypto,dev,breakout + partial 3d + BE + 10MA,3a1101c9f7,0,0.5811374418198927,0.17484999161132575,-0.2972455380754382,583,0.13627993001181152,"{""exits"": {""breakeven"": true, ""max_hold"": 100, ""native_exit"": false, ""partial"": {""after_bars"": 3, ""frac"": 0.33, ""trail_after_partial"": true}, ""target_r"": null, ""trail_ma"": 10}, ""filters"": {}, ""rank"": ""random"", ""setup"": ""breakout"", ""setup_params"": {""base_len"": 20, ""stop_atr_max"": 1.5, ""stop_atr_min"": 0.5}, ""sizing"": {""heat_cap"": null, ""max_positions"": 10, ""risk_pct"": 1.0}}"
2026-09-27 01:30:54,crypto,dev,breakout + partial 2R + BE + 20MA,5c3dccffa7,0,1.391701305370826,0.6576944303912711,-0.2377476297579071,391,0.44977919597749627,"{""exits"": {""breakeven"": true, ""max_hold"": 100, ""native_exit"": false, ""partial"": {""at_r"": 2.0, ""frac"": 0.5, ""trail_after_partial"": true}, ""target_r"": null, ""trail_ma"": 20}, ""filters"": {}, ""rank"": ""random"", ""setup"": ""breakout"", ""setup_params"": {""base_len"": 20, ""stop_atr_max"": 1.5, ""stop_atr_min"": 0.5}, ""sizing"": {""heat_cap"": null, ""max_positions"": 10, ""risk_pct"": 1.0}}"
2026-09-27 01:30:55,crypto,dev,breakout + ATR trail 2.5,40e01aadb0,0,1.2909544446001322,0.7887949809394648,-0.28533624895026144,359,0.5142563783393864,"{""exits"": {""max_hold"": 100, ""native_exit"": false, ""target_r"": null, ""trail_atr"": 2.5}, ""filters"": {}, ""rank"": ""random"", ""setup"": ""breakout"", ""setup_params"": {""base_len"": 20, ""stop_atr_max"": 1.5, ""stop_atr_min"": 0.5}, ""sizing"": {""heat_cap"": null, ""max_positions"": 10, ""risk_pct"": 1.0}}"
2026-09-27 01:30:55,crypto,dev,breakout + time stop 5d,f691067460,0,0.3856189936483377,0.07848481150252251,-0.42304617930531263,762,0.051781084553737464,"{""exits"": {""max_hold"": 20, ""native_exit"": false, ""target_r"": 2.0, ""time_stop"": {""bars"": 5, ""min_r"": 0.5}}, ""filters"": {}, ""rank"": ""random"", ""setup"": ""breakout"", ""setup_params"": {""base_len"": 20, ""stop_atr_max"": 1.5, ""stop_atr_min"": 0.5}, ""sizing"": {""heat_cap"": null, ""max_positions"": 10, ""risk_pct"": 1.0}}"
2026-09-27 01:30:56,crypto,dev,naive pullback,1ff9d3db1e,0,0.13551544957271724,0.0035569542538607113,-0.3451135147984645,286,0.03442338299130949,"{""exits"": {""max_hold"": 20, ""native_exit"": false, ""target_r"": 2.0}, ""filters"": {}, ""rank"": ""random"", ""setup"": ""pullback"", ""setup_params"": {""adx_min"": 25.0, ""lookback"": 5, ""stop_atr_max"": 2.0, ""stop_atr_min"": 0.5}, ""sizing"": {""heat_cap"": null, ""max_positions"": 10, ""risk_pct"": 1.0}}"
2026-09-27 01:30:57,crypto,dev,pullback + regime,180b683bf0,0,-0.026848781410502485,-0.029943268047473826,-0.3686186344858815,219,0.006627860659839347,"{""exits"": {""max_hold"": 20, ""native_exit"": false, ""target_r"": 2.0}, ""filters"": {""regime"": true}, ""rank"": ""random"", ""setup"": ""pullback"", ""setup_params"": {""adx_min"": 25.0, ""lookback"": 5, ""stop_atr_max"": 2.0, ""stop_atr_min"": 0.5}, ""sizing"": {""heat_cap"": null, ""max_positions"": 10, ""risk_pct"": 1.0}}"
2026-09-27 01:30:58,crypto,dev,pullback + vol,8b21589674,0,0.2967344449758837,0.04228918069048282,-0.27231060089781145,260,0.07117627078028876,"{""exits"": {""max_hold"": 20, ""native_exit"": false, ""target_r"": 2.0}, ""filters"": {""vol"": true}, ""rank"": ""random"", ""setup"": ""pullback"", ""setup_params"": {""adx_min"": 25.0, ""lookback"": 5, ""stop_atr_max"": 2.0, ""stop_atr_min"": 0.5}, ""sizing"": {""heat_cap"": null, ""max_positions"": 10, ""risk_pct"": 1.0}}"
2026-09-27 01:30:59,crypto,dev,pullback + rs,7186b6a6dc,0,0.5027134069001838,0.05474258525727804,-0.21081779306857562,119,0.13002567323919575,"{""exits"": {""max_hold"": 20, ""native_exit"": false, ""target_r"": 2.0}, ""filters"": {""rs"": true}, ""rank"": ""random"", ""setup"": ""pullback"", ""setup_params"": {""adx_min"": 25.0, ""lookback"": 5, ""stop_atr_max"": 2.0, ""stop_atr_min"": 0.5}, ""sizing"": {""heat_cap"": null, ""max_positions"": 10, ""risk_pct"": 1.0}}"
2026-09-27 01:31:00,crypto,dev,pullback + volume,c9c2ec1829,0,0.3155712612430986,0.042493080042896425,-0.23940215732750902,200,0.09155489186039308,"{""exits"": {""max_hold"": 20, ""native_exit"": false, ""target_r"": 2.0}, ""filters"": {""volume"": true}, ""rank"": ""random"", ""setup"": ""pullback"", ""setup_params"": {""adx_min"": 25.0, ""lookback"": 5, ""stop_atr_max"": 2.0, ""stop_atr_min"": 0.5}, ""sizing"": {""heat_cap"": null, ""max_positions"": 10, ""risk_pct"": 1.0}}"
2026-09-27 01:31:00,crypto,dev,pullback + score rank only,7987dca2ad,0,0.0580998664210309,-0.01502444257981772,-0.3783844690065682,278,0.018948685376190835,"{""exits"": {""max_hold"": 20, ""native_exit"": false, ""target_r"": 2.0}, ""filters"": {}, ""rank"": ""score"", ""setup"": ""pullback"", ""setup_params"": {""adx_min"": 25.0, ""lookback"": 5, ""stop_atr_max"": 2.0, ""stop_atr_min"": 0.5}, ""sizing"": {""heat_cap"": null, ""max_positions"": 10, ""risk_pct"": 1.0}}"
2026-09-27 01:31:01,crypto,dev,pullback + score top 20%,04720094ae,0,0.554335842790229,0.049467293241908905,-0.08629284618345834,74,0.17972849592775156,"{""exits"": {""max_hold"": 20, ""native_exit"": false, ""target_r"": 2.0}, ""filters"": {""score"": true}, ""rank"": ""score"", ""setup"": ""pullback"", ""setup_params"": {""adx_min"": 25.0, ""lookback"": 5, ""stop_atr_max"": 2.0, ""stop_atr_min"": 0.5}, ""sizing"": {""heat_cap"": null, ""max_positions"": 10, ""risk_pct"": 1.0}}"
2026-09-27 01:31:01,crypto,dev,pullback + risk 0.25%,cd1a0ffb15,0,0.33677947936225866,0.01945043653183709,-0.09308484837374997,294,0.07626445188138091,"{""exits"": {""max_hold"": 20, ""native_exit"": false, ""target_r"": 2.0}, ""filters"": {}, ""rank"": ""random"", ""setup"": ""pullback"", ""setup_params"": {""adx_min"": 25.0, ""lookback"": 5, ""stop_atr_max"": 2.0, ""stop_atr_min"": 0.5}, ""sizing"": {""heat_cap"": null, ""max_positions"": 10, ""risk_pct"": 0.25}}"
2026-09-27 01:31:01,crypto,dev,pullback + risk 0.5%,bab7c0373a,0,0.3282423417182111,0.03391209139106266,-0.18266907987931624,294,0.0762644518813809,"{""exits"": {""max_hold"": 20, ""native_exit"": false, ""target_r"": 2.0}, ""filters"": {}, ""rank"": ""random"", ""setup"": ""pullback"", ""setup_params"": {""adx_min"": 25.0, ""lookback"": 5, ""stop_atr_max"": 2.0, ""stop_atr_min"": 0.5}, ""sizing"": {""heat_cap"": null, ""max_positions"": 10, ""risk_pct"": 0.5}}"
2026-09-27 01:31:01,crypto,dev,pullback + risk 2%,a01d0a6e71,0,-0.18309239303859537,-0.11090281742779506,-0.5355117814862728,238,-0.02159805714841241,"{""exits"": {""max_hold"": 20, ""native_exit"": false, ""target_r"": 2.0}, ""filters"": {}, ""rank"": ""random"", ""setup"": ""pullback"", ""setup_params"": {""adx_min"": 25.0, ""lookback"": 5, ""stop_atr_max"": 2.0, ""stop_atr_min"": 0.5}, ""sizing"": {""heat_cap"": null, ""max_positions"": 10, ""risk_pct"": 2.0}}"
2026-09-27 01:31:01,crypto,dev,pullback + ATR sizing,128d5cc40e,0,0.43601155143024817,0.06094783062692288,-0.203458578941216,294,0.07626445188138091,"{""exits"": {""max_hold"": 20, ""native_exit"": false, ""target_r"": 2.0}, ""filters"": {}, ""rank"": ""random"", ""setup"": ""pullback"", ""setup_params"": {""adx_min"": 25.0, ""lookback"": 5, ""stop_atr_max"": 2.0, ""stop_atr_min"": 0.5}, ""sizing"": {""atr_mult"": 2.0, ""heat_cap"": null, ""max_positions"": 10, ""mode"": ""atr"", ""risk_pct"": 1.0}}"
2026-09-27 01:31:02,crypto,dev,pullback + heat cap 4%,ab318016c0,0,-0.32116527019445373,-0.053971179427846905,-0.30667577487451947,169,-0.06503632415682684,"{""exits"": {""max_hold"": 20, ""native_exit"": false, ""target_r"": 2.0}, ""filters"": {}, ""rank"": ""random"", ""setup"": ""pullback"", ""setup_params"": {""adx_min"": 25.0, ""lookback"": 5, ""stop_atr_max"": 2.0, ""stop_atr_min"": 0.5}, ""sizing"": {""heat_cap"": 0.04, ""max_positions"": 10, ""risk_pct"": 1.0}}"
2026-09-27 01:31:02,crypto,dev,pullback + heat cap 6%,d045836d74,0,0.05847107938625712,-0.006563112051672926,-0.29177102489685725,226,0.020066193112951294,"{""exits"": {""max_hold"": 20, ""native_exit"": false, ""target_r"": 2.0}, ""filters"": {}, ""rank"": ""random"", ""setup"": ""pullback"", ""setup_params"": {""adx_min"": 25.0, ""lookback"": 5, ""stop_atr_max"": 2.0, ""stop_atr_min"": 0.5}, ""sizing"": {""heat_cap"": 0.06, ""max_positions"": 10, ""risk_pct"": 1.0}}"
2026-09-27 01:31:02,crypto,dev,pullback + heat cap 8%,75cbead313,0,-0.035424052992515095,-0.032246544297089064,-0.3878767533479348,264,0.00019797758478122245,"{""exits"": {""max_hold"": 20, ""native_exit"": false, ""target_r"": 2.0}, ""filters"": {}, ""rank"": ""random"", ""setup"": ""pullback"", ""setup_params"": {""adx_min"": 25.0, ""lookback"": 5, ""stop_atr_max"": 2.0, ""stop_atr_min"": 0.5}, ""sizing"": {""heat_cap"": 0.08, ""max_positions"": 10, ""risk_pct"": 1.0}}"
2026-09-27 01:31:02,crypto,dev,pullback + max 5 positions,cad047327c,0,-0.0018158509569744857,-0.015647793520099484,-0.29293958149804844,216,0.0014186455322786043,"{""exits"": {""max_hold"": 20, ""native_exit"": false, ""target_r"": 2.0}, ""filters"": {}, ""rank"": ""random"", ""setup"": ""pullback"", ""setup_params"": {""adx_min"": 25.0, ""lookback"": 5, ""stop_atr_max"": 2.0, ""stop_atr_min"": 0.5}, ""sizing"": {""heat_cap"": null, ""max_positions"": 5, ""risk_pct"": 1.0}}"
2026-09-27 01:31:02,crypto,dev,pullback + halve risk in 10% DD,041629b0ad,0,0.22561027736516806,0.024322180333598675,-0.24540938684143654,288,0.03724778605275127,"{""exits"": {""max_hold"": 20, ""native_exit"": false, ""target_r"": 2.0}, ""filters"": {}, ""rank"": ""random"", ""setup"": ""pullback"", ""setup_params"": {""adx_min"": 25.0, ""lookback"": 5, ""stop_atr_max"": 2.0, ""stop_atr_min"": 0.5}, ""sizing"": {""dd_reduce"": {""dd"": 0.1, ""factor"": 0.5}, ""heat_cap"": null, ""max_positions"": 10, ""risk_pct"": 1.0}}"
2026-09-27 01:31:02,crypto,dev,pullback + partial 3d + BE + 10MA,98bd23a063,0,0.6825125609623712,0.15066910005952083,-0.30801562374128977,321,0.15696115637215496,"{""exits"": {""breakeven"": true, ""max_hold"": 100, ""native_exit"": false, ""partial"": {""after_bars"": 3, ""frac"": 0.33, ""trail_after_partial"": true}, ""target_r"": null, ""trail_ma"": 10}, ""filters"": {}, ""rank"": ""random"", ""setup"": ""pullback"", ""setup_params"": {""adx_min"": 25.0, ""lookback"": 5, ""stop_atr_max"": 2.0, ""stop_atr_min"": 0.5}, ""sizing"": {""heat_cap"": null, ""max_positions"": 10, ""risk_pct"": 1.0}}"
2026-09-27 01:31:02,crypto,dev,pullback + partial 2R + BE + 20MA,d22d7a3411,0,0.47915998090043527,0.09919333321159063,-0.3727597346277579,224,0.16655489697996262,"{""exits"": {""breakeven"": true, ""max_hold"": 100, ""native_exit"": false, ""partial"": {""at_r"": 2.0, ""frac"": 0.5, ""trail_after_partial"": true}, ""target_r"": null, ""trail_ma"": 20}, ""filters"": {}, ""rank"": ""random"", ""setup"": ""pullback"", ""setup_params"": {""adx_min"": 25.0, ""lookback"": 5, ""stop_atr_max"": 2.0, ""stop_atr_min"": 0.5}, ""sizing"": {""heat_cap"": null, ""max_positions"": 10, ""risk_pct"": 1.0}}"
2026-09-27 01:31:02,crypto,dev,pullback + ATR trail 2.5,f572acf362,0,0.43478721102283546,0.09625956474322894,-0.37516338004480443,243,0.18029597168028957,"{""exits"": {""max_hold"": 100, ""native_exit"": false, ""target_r"": null, ""trail_atr"": 2.5}, ""filters"": {}, ""rank"": ""random"", ""setup"": ""pullback"", ""setup_params"": {""adx_min"": 25.0, ""lookback"": 5, ""stop_atr_max"": 2.0, ""stop_atr_min"": 0.5}, ""sizing"": {""heat_cap"": null, ""max_positions"": 10, ""risk_pct"": 1.0}}"
2026-09-27 01:31:02,crypto,dev,pullback + time stop 5d,74144dc6cc,0,0.35025879667321363,0.04919354558769107,-0.29825813364394704,341,0.059988276539093485,"{""exits"": {""max_hold"": 20, ""native_exit"": false, ""target_r"": 2.0, ""time_stop"": {""bars"": 5, ""min_r"": 0.5}}, ""filters"": {}, ""rank"": ""random"", ""setup"": ""pullback"", ""setup_params"": {""adx_min"": 25.0, ""lookback"": 5, ""stop_atr_max"": 2.0, ""stop_atr_min"": 0.5}, ""sizing"": {""heat_cap"": null, ""max_positions"": 10, ""risk_pct"": 1.0}}"
2026-09-27 01:31:03,crypto,dev,naive rsi2,4fdf9a625b,0,-1.0858091010403585,-0.18688868435846073,-0.4606386946619194,661,-0.0757657575981227,"{""exits"": {""max_hold"": 10, ""native_exit"": true, ""target_r"": null}, ""filters"": {}, ""rank"": ""random"", ""setup"": ""rsi2"", ""setup_params"": {""entry"": 10.0, ""exit"": 70.0, ""ma"": 200, ""stop_atr"": 3.0}, ""sizing"": {""heat_cap"": null, ""max_positions"": 10, ""risk_pct"": 1.0}}"
2026-09-27 01:31:04,crypto,dev,rsi2 + regime,e4fdb095f8,0,-0.3396802972082118,-0.06182179754117145,-0.2976592427906921,497,-0.028681075295726135,"{""exits"": {""max_hold"": 10, ""native_exit"": true, ""target_r"": null}, ""filters"": {""regime"": true}, ""rank"": ""random"", ""setup"": ""rsi2"", ""setup_params"": {""entry"": 10.0, ""exit"": 70.0, ""ma"": 200, ""stop_atr"": 3.0}, ""sizing"": {""heat_cap"": null, ""max_positions"": 10, ""risk_pct"": 1.0}}"
2026-09-27 01:31:05,crypto,dev,rsi2 + vol,c69b807a7e,0,-1.0559240067293076,-0.1724481748653358,-0.4301755479342251,613,-0.07511310224627468,"{""exits"": {""max_hold"": 10, ""native_exit"": true, ""target_r"": null}, ""filters"": {""vol"": true}, ""rank"": ""random"", ""setup"": ""rsi2"", ""setup_params"": {""entry"": 10.0, ""exit"": 70.0, ""ma"": 200, ""stop_atr"": 3.0}, ""sizing"": {""heat_cap"": null, ""max_positions"": 10, ""risk_pct"": 1.0}}"
2026-09-27 01:31:06,crypto,dev,rsi2 + rs,17771581c0,0,-1.0877231770155118,-0.08945511132110384,-0.2280288843620928,268,-0.08730992948614832,"{""exits"": {""max_hold"": 10, ""native_exit"": true, ""target_r"": null}, ""filters"": {""rs"": true}, ""rank"": ""random"", ""setup"": ""rsi2"", ""setup_params"": {""entry"": 10.0, ""exit"": 70.0, ""ma"": 200, ""stop_atr"": 3.0}, ""sizing"": {""heat_cap"": null, ""max_positions"": 10, ""risk_pct"": 1.0}}"
2026-09-27 01:31:06,crypto,dev,rsi2 + score rank only,edccd751a7,0,-1.0940444102705522,-0.18650965700589173,-0.46055505003760366,658,-0.07593209657504972,"{""exits"": {""max_hold"": 10, ""native_exit"": true, ""target_r"": null}, ""filters"": {}, ""rank"": ""score"", ""setup"": ""rsi2"", ""setup_params"": {""entry"": 10.0, ""exit"": 70.0, ""ma"": 200, ""stop_atr"": 3.0}, ""sizing"": {""heat_cap"": null, ""max_positions"": 10, ""risk_pct"": 1.0}}"
2026-09-27 01:31:07,crypto,dev,rsi2 + score top 20%,ef013a315f,0,-1.133955689937472,-0.0846814536218613,-0.20962296854193585,195,-0.1144153720747485,"{""exits"": {""max_hold"": 10, ""native_exit"": true, ""target_r"": null}, ""filters"": {""score"": true}, ""rank"": ""score"", ""setup"": ""rsi2"", ""setup_params"": {""entry"": 10.0, ""exit"": 70.0, ""ma"": 200, ""stop_atr"": 3.0}, ""sizing"": {""heat_cap"": null, ""max_positions"": 10, ""risk_pct"": 1.0}}"
2026-09-27 01:31:07,crypto,dev,rsi2 + risk 0.25%,eedc3e5b94,0,-1.1073605517050589,-0.04804978026704765,-0.1374976178116033,661,-0.07576575759812267,"{""exits"": {""max_hold"": 10, ""native_exit"": true, ""target_r"": null}, ""filters"": {}, ""rank"": ""random"", ""setup"": ""rsi2"", ""setup_params"": {""entry"": 10.0, ""exit"": 70.0, ""ma"": 200, ""stop_atr"": 3.0}, ""sizing"": {""heat_cap"": null, ""max_positions"": 10, ""risk_pct"": 0.25}}"
2026-09-27 01:31:07,crypto,dev,rsi2 + risk 0.5%,49e9aab495,0,-1.1003705061235727,-0.09526215145002292,-0.2592119448017882,661,-0.07576575759812268,"{""exits"": {""max_hold"": 10, ""native_exit"": true, ""target_r"": null}, ""filters"": {}, ""rank"": ""random"", ""setup"": ""rsi2"", ""setup_params"": {""entry"": 10.0, ""exit"": 70.0, ""ma"": 200, ""stop_atr"": 3.0}, ""sizing"": {""heat_cap"": null, ""max_positions"": 10, ""risk_pct"": 0.5}}"
2026-09-27 01:31:07,crypto,dev,rsi2 + risk 2%,5889f14ea9,0,-1.0568454127307532,-0.3416597367623774,-0.7117350403827005,638,-0.0755414492544697,"{""exits"": {""max_hold"": 10, ""native_exit"": true, ""target_r"": null}, ""filters"": {}, ""rank"": ""random"", ""setup"": ""rsi2"", ""setup_params"": {""entry"": 10.0, ""exit"": 70.0, ""ma"": 200, ""stop_atr"": 3.0}, ""sizing"": {""heat_cap"": null, ""max_positions"": 10, ""risk_pct"": 2.0}}"
2026-09-27 01:31:07,crypto,dev,rsi2 + ATR sizing,6c9d7290dc,0,-1.1101116434303517,-0.27818561875979897,-0.6193465698955005,655,-0.07830414097074824,"{""exits"": {""max_hold"": 10, ""native_exit"": true, ""target_r"": null}, ""filters"": {}, ""rank"": ""random"", ""setup"": ""rsi2"", ""setup_params"": {""entry"": 10.0, ""exit"": 70.0, ""ma"": 200, ""stop_atr"": 3.0}, ""sizing"": {""atr_mult"": 2.0, ""heat_cap"": null, ""max_positions"": 10, ""mode"": ""atr"", ""risk_pct"": 1.0}}"
2026-09-27 01:31:07,crypto,dev,rsi2 + heat cap 4%,5cd2b0125e,0,-0.9778730214644284,-0.07513268969500853,-0.2543675119546741,316,-0.061499431043979876,"{""exits"": {""max_hold"": 10, ""native_exit"": true, ""target_r"": null}, ""filters"": {}, ""rank"": ""random"", ""setup"": ""rsi2"", ""setup_params"": {""entry"": 10.0, ""exit"": 70.0, ""ma"": 200, ""stop_atr"": 3.0}, ""sizing"": {""heat_cap"": 0.04, ""max_positions"": 10, ""risk_pct"": 1.0}}"
2026-09-27 01:31:07,crypto,dev,rsi2 + heat cap 6%,30b29fae94,0,-1.2633176169803517,-0.12956575398996273,-0.34419134826054554,431,-0.07992754091282799,"{""exits"": {""max_hold"": 10, ""native_exit"": true, ""target_r"": null}, ""filters"": {}, ""rank"": ""random"", ""setup"": ""rsi2"", ""setup_params"": {""entry"": 10.0, ""exit"": 70.0, ""ma"": 200, ""stop_atr"": 3.0}, ""sizing"": {""heat_cap"": 0.06, ""max_positions"": 10, ""risk_pct"": 1.0}}"
2026-09-27 01:31:07,crypto,dev,rsi2 + heat cap 8%,2e6c562c31,0,-1.1144158446496786,-0.14044700609801997,-0.3811478080815386,525,-0.07061770946129939,"{""exits"": {""max_hold"": 10, ""native_exit"": true, ""target_r"": null}, ""filters"": {}, ""rank"": ""random"", ""setup"": ""rsi2"", ""setup_params"": {""entry"": 10.0, ""exit"": 70.0, ""ma"": 200, ""stop_atr"": 3.0}, ""sizing"": {""heat_cap"": 0.08, ""max_positions"": 10, ""risk_pct"": 1.0}}"
2026-09-27 01:31:07,crypto,dev,rsi2 + max 5 positions,57e8af7446,0,-1.5635259830749089,-0.1619318252664098,-0.4065000716111118,454,-0.09729968842929758,"{""exits"": {""max_hold"": 10, ""native_exit"": true, ""target_r"": null}, ""filters"": {}, ""rank"": ""random"", ""setup"": ""rsi2"", ""setup_params"": {""entry"": 10.0, ""exit"": 70.0, ""ma"": 200, ""stop_atr"": 3.0}, ""sizing"": {""heat_cap"": null, ""max_positions"": 5, ""risk_pct"": 1.0}}"
2026-09-27 01:31:08,crypto,dev,rsi2 + halve risk in 10% DD,7d8a2b05e9,0,-0.9887622286684203,-0.10818341826640476,-0.30462863623846004,661,-0.07576575759812267,"{""exits"": {""max_hold"": 10, ""native_exit"": true, ""target_r"": null}, ""filters"": {}, ""rank"": ""random"", ""setup"": ""rsi2"", ""setup_params"": {""entry"": 10.0, ""exit"": 70.0, ""ma"": 200, ""stop_atr"": 3.0}, ""sizing"": {""dd_reduce"": {""dd"": 0.1, ""factor"": 0.5}, ""heat_cap"": null, ""max_positions"": 10, ""risk_pct"": 1.0}}"
2026-09-27 11:08:49,stocks,dev,naive breakout,b092b312a6,0,-0.029793169797675573,-0.01947655510255908,-0.8099640964100678,5215,-0.020606944111671032,"{""exits"": {""max_hold"": 20, ""native_exit"": false, ""target_r"": 2.0}, ""filters"": {}, ""rank"": ""random"", ""setup"": ""breakout"", ""setup_params"": {""base_len"": 20, ""stop_atr_max"": 1.5, ""stop_atr_min"": 0.5}, ""sizing"": {""heat_cap"": null, ""max_positions"": 10, ""risk_pct"": 1.0}}"
2026-09-27 11:08:53,stocks,val,naive breakout,b092b312a6,0,0.2419471302449761,0.027795983198815044,-0.24087437691706592,646,0.01850804841661114,"{""exits"": {""max_hold"": 20, ""native_exit"": false, ""target_r"": 2.0}, ""filters"": {}, ""rank"": ""random"", ""setup"": ""breakout"", ""setup_params"": {""base_len"": 20, ""stop_atr_max"": 1.5, ""stop_atr_min"": 0.5}, ""sizing"": {""heat_cap"": null, ""max_positions"": 10, ""risk_pct"": 1.0}}"
2026-09-27 11:08:54,stocks,dev,stocks/breakout sens setup.base_len x0.7,7be791784c,0,0.4395649050610412,0.05272048258779538,-0.36751913600483355,1526,0.17426212506697325,"{""exits"": {""max_hold"": 100, ""native_exit"": false, ""target_r"": null, ""trail_atr"": 2.5}, ""filters"": {""event"": true, ""regime"": true, ""vol"": true, ""volume"": true}, ""rank"": ""random"", ""setup"": ""breakout"", ""setup_params"": {""base_len"": 14, ""stop_atr_max"": 1.5, ""stop_atr_min"": 0.5}, ""sizing"": {""heat_cap"": null, ""max_positions"": 10, ""risk_pct"": 1.0}}"
2026-09-27 11:09:00,stocks,dev,stocks/breakout sens setup.base_len x1.3,d0a4487ff1,0,0.17278946344063797,0.014351344962798995,-0.3215658095483279,1519,0.049749608882648164,"{""exits"": {""max_hold"": 100, ""native_exit"": false, ""target_r"": null, ""trail_atr"": 2.5}, ""filters"": {""event"": true, ""regime"": true, ""vol"": true, ""volume"": true}, ""rank"": ""random"", ""setup"": ""breakout"", ""setup_params"": {""base_len"": 26, ""stop_atr_max"": 1.5, ""stop_atr_min"": 0.5}, ""sizing"": {""heat_cap"": null, ""max_positions"": 10, ""risk_pct"": 1.0}}"
2026-09-27 11:09:06,stocks,dev,stocks/breakout sens setup.stop_atr_min x0.7,2532145bbd,0,0.19435149104327698,0.017490029975308907,-0.3844840474489377,1531,0.06805334604188484,"{""exits"": {""max_hold"": 100, ""native_exit"": false, ""target_r"": null, ""trail_atr"": 2.5}, ""filters"": {""event"": true, ""regime"": true, ""vol"": true, ""volume"": true}, ""rank"": ""random"", ""setup"": ""breakout"", ""setup_params"": {""base_len"": 20, ""stop_atr_max"": 1.5, ""stop_atr_min"": 0.35}, ""sizing"": {""heat_cap"": null, ""max_positions"": 10, ""risk_pct"": 1.0}}"
2026-09-27 11:09:12,stocks,dev,stocks/breakout sens setup.stop_atr_min x1.3,e5e3d53d5f,0,0.38062777014506505,0.04364507516962424,-0.34350043530307617,1441,0.21298973021609374,"{""exits"": {""max_hold"": 100, ""native_exit"": false, ""target_r"": null, ""trail_atr"": 2.5}, ""filters"": {""event"": true, ""regime"": true, ""vol"": true, ""volume"": true}, ""rank"": ""random"", ""setup"": ""breakout"", ""setup_params"": {""base_len"": 20, ""stop_atr_max"": 1.5, ""stop_atr_min"": 0.65}, ""sizing"": {""heat_cap"": null, ""max_positions"": 10, ""risk_pct"": 1.0}}"
2026-09-27 11:09:18,stocks,dev,stocks/breakout sens setup.stop_atr_max x0.7,3d62681bdc,0,0.270949441686596,0.02723372596360818,-0.28021681667098475,1538,0.15254824582860693,"{""exits"": {""max_hold"": 100, ""native_exit"": false, ""target_r"": null, ""trail_atr"": 2.5}, ""filters"": {""event"": true, ""regime"": true, ""vol"": true, ""volume"": true}, ""rank"": ""random"", ""setup"": ""breakout"", ""setup_params"": {""base_len"": 20, ""stop_atr_max"": 1.05, ""stop_atr_min"": 0.5}, ""sizing"": {""heat_cap"": null, ""max_positions"": 10, ""risk_pct"": 1.0}}"
2026-09-27 11:09:24,stocks,dev,stocks/breakout sens setup.stop_atr_max x1.3,bee5401423,0,0.3360797328901334,0.03675042684083496,-0.23511987775729937,1456,0.14277420603323068,"{""exits"": {""max_hold"": 100, ""native_exit"": false, ""target_r"": null, ""trail_atr"": 2.5}, ""filters"": {""event"": true, ""regime"": true, ""vol"": true, ""volume"": true}, ""rank"": ""random"", ""setup"": ""breakout"", ""setup_params"": {""base_len"": 20, ""stop_atr_max"": 1.95, ""stop_atr_min"": 0.5}, ""sizing"": {""heat_cap"": null, ""max_positions"": 10, ""risk_pct"": 1.0}}"
2026-09-27 11:09:30,stocks,dev,stocks/breakout sens regime.breadth_min x0.7,cc1de8cb8d,0,0.2512346254204254,0.02639290848391007,-0.37530816742281725,1647,0.11403704479892686,"{""exits"": {""max_hold"": 100, ""native_exit"": false, ""target_r"": null, ""trail_atr"": 2.5}, ""filters"": {""event"": true, ""regime"": true, ""vol"": true, ""volume"": true}, ""layer_params"": {""regime"": {""breadth_min"": 35.0}}, ""rank"": ""random"", ""setup"": ""breakout"", ""setup_params"": {""base_len"": 20, ""stop_atr_max"": 1.5, ""stop_atr_min"": 0.5}, ""sizing"": {""heat_cap"": null, ""max_positions"": 10, ""risk_pct"": 1.0}}"
2026-09-27 11:09:31,stocks,dev,breakout + regime,682cc9fcfe,0,-0.00038695649219180715,-0.007235005381392101,-0.3946112037972187,3670,-0.013420847147611678,"{""exits"": {""max_hold"": 20, ""native_exit"": false, ""target_r"": 2.0}, ""filters"": {""regime"": true}, ""rank"": ""random"", ""setup"": ""breakout"", ""setup_params"": {""base_len"": 20, ""stop_atr_max"": 1.5, ""stop_atr_min"": 0.5}, ""sizing"": {""heat_cap"": null, ""max_positions"": 10, ""risk_pct"": 1.0}}"
2026-09-27 11:09:35,stocks,dev,stocks/breakout sens regime.breadth_min x1.3,1b0a6931df,0,0.3097714670205857,0.03036153166242639,-0.2597274574945806,1151,0.1283283203742811,"{""exits"": {""max_hold"": 100, ""native_exit"": false, ""target_r"": null, ""trail_atr"": 2.5}, ""filters"": {""event"": true, ""regime"": true, ""vol"": true, ""volume"": true}, ""layer_params"": {""regime"": {""breadth_min"": 65.0}}, ""rank"": ""random"", ""setup"": ""breakout"", ""setup_params"": {""base_len"": 20, ""stop_atr_max"": 1.5, ""stop_atr_min"": 0.5}, ""sizing"": {""heat_cap"": null, ""max_positions"": 10, ""risk_pct"": 1.0}}"
2026-09-27 11:09:36,stocks,val,breakout + regime,682cc9fcfe,0,0.03691269140947371,-0.0038566926120876532,-0.19552777847801894,399,0.04194446666650472,"{""exits"": {""max_hold"": 20, ""native_exit"": false, ""target_r"": 2.0}, ""filters"": {""regime"": true}, ""rank"": ""random"", ""setup"": ""breakout"", ""setup_params"": {""base_len"": 20, ""stop_atr_max"": 1.5, ""stop_atr_min"": 0.5}, ""sizing"": {""heat_cap"": null, ""max_positions"": 10, ""risk_pct"": 1.0}}"
2026-09-27 11:09:36,stocks,dev,breakout + vol,88e4a99583,0,0.1645945391700874,0.013618795215941892,-0.6248488684825854,4838,0.003837361584291437,"{""exits"": {""max_hold"": 20, ""native_exit"": false, ""target_r"": 2.0}, ""filters"": {""vol"": true}, ""rank"": ""random"", ""setup"": ""breakout"", ""setup_params"": {""base_len"": 20, ""stop_atr_max"": 1.5, ""stop_atr_min"": 0.5}, ""sizing"": {""heat_cap"": null, ""max_positions"": 10, ""risk_pct"": 1.0}}"
2026-09-27 11:09:41,stocks,val,breakout + vol,88e4a99583,0,-0.14205512539550405,-0.03385469721390577,-0.2369875894832536,531,-0.026204392941399354,"{""exits"": {""max_hold"": 20, ""native_exit"": false, ""target_r"": 2.0}, ""filters"": {""vol"": true}, ""rank"": ""random"", ""setup"": ""breakout"", ""setup_params"": {""base_len"": 20, ""stop_atr_max"": 1.5, ""stop_atr_min"": 0.5}, ""sizing"": {""heat_cap"": null, ""max_positions"": 10, ""risk_pct"": 1.0}}"
2026-09-27 11:09:41,stocks,dev,stocks/breakout sens vol.max_pct x0.7,c149618853,0,0.4254563058453168,0.049495392982182196,-0.28633116945535775,1441,0.24082105917733065,"{""exits"": {""max_hold"": 100, ""native_exit"": false, ""target_r"": null, ""trail_atr"": 2.5}, ""filters"": {""event"": true, ""regime"": true, ""vol"": true, ""volume"": true}, ""layer_params"": {""vol"": {""max_pct"": 0.93}}, ""rank"": ""random"", ""setup"": ""breakout"", ""setup_params"": {""base_len"": 20, ""stop_atr_max"": 1.5, ""stop_atr_min"": 0.5}, ""sizing"": {""heat_cap"": null, ""max_positions"": 10, ""risk_pct"": 1.0}}"
2026-09-27 11:09:41,stocks,dev,breakout + chop,5070dd20fe,0,-0.3580016623987042,-0.06966993136000232,-0.9196597515131476,5195,-0.06844016852370449,"{""exits"": {""max_hold"": 20, ""native_exit"": false, ""target_r"": 2.0}, ""filters"": {""chop"": true}, ""rank"": ""random"", ""setup"": ""breakout"", ""setup_params"": {""base_len"": 20, ""stop_atr_max"": 1.5, ""stop_atr_min"": 0.5}, ""sizing"": {""heat_cap"": null, ""max_positions"": 10, ""risk_pct"": 1.0}}"
2026-09-27 11:09:46,stocks,val,breakout + chop,5070dd20fe,0,-0.834766683047224,-0.1405804794587766,-0.45729888363461224,622,-0.16296872149956676,"{""exits"": {""max_hold"": 20, ""native_exit"": false, ""target_r"": 2.0}, ""filters"": {""chop"": true}, ""rank"": ""random"", ""setup"": ""breakout"", ""setup_params"": {""base_len"": 20, ""stop_atr_max"": 1.5, ""stop_atr_min"": 0.5}, ""sizing"": {""heat_cap"": null, ""max_positions"": 10, ""risk_pct"": 1.0}}"
2026-09-27 11:09:47,stocks,dev,breakout + rs,51ab81bcd8,0,-0.29725852956647164,-0.06347224332518397,-0.8806482035127349,5159,-0.03549960633501506,"{""exits"": {""max_hold"": 20, ""native_exit"": false, ""target_r"": 2.0}, ""filters"": {""rs"": true}, ""rank"": ""random"", ""setup"": ""breakout"", ""setup_params"": {""base_len"": 20, ""stop_atr_max"": 1.5, ""stop_atr_min"": 0.5}, ""sizing"": {""heat_cap"": null, ""max_positions"": 10, ""risk_pct"": 1.0}}"
2026-09-27 11:09:47,stocks,dev,stocks/breakout sens vol.max_pct x1.3,3c3985060a,0,0.38200832875838125,0.04346712491284643,-0.2975812603789937,1458,0.1454412946978567,"{""exits"": {""max_hold"": 100, ""native_exit"": false, ""target_r"": null, ""trail_atr"": 2.5}, ""filters"": {""event"": true, ""regime"": true, ""vol"": true, ""volume"": true}, ""layer_params"": {""vol"": {""max_pct"": 0.87}}, ""rank"": ""random"", ""setup"": ""breakout"", ""setup_params"": {""base_len"": 20, ""stop_atr_max"": 1.5, ""stop_atr_min"": 0.5}, ""sizing"": {""heat_cap"": null, ""max_positions"": 10, ""risk_pct"": 1.0}}"
2026-09-27 11:09:51,stocks,val,breakout + rs,51ab81bcd8,0,-0.25651836994756944,-0.06452902376623049,-0.3108994349370495,589,-0.07726000950398508,"{""exits"": {""max_hold"": 20, ""native_exit"": false, ""target_r"": 2.0}, ""filters"": {""rs"": true}, ""rank"": ""random"", ""setup"": ""breakout"", ""setup_params"": {""base_len"": 20, ""stop_atr_max"": 1.5, ""stop_atr_min"": 0.5}, ""sizing"": {""heat_cap"": null, ""max_positions"": 10, ""risk_pct"": 1.0}}"
2026-09-27 11:09:52,stocks,dev,breakout + volume,0166420b2a,0,0.019160908666392508,-0.011082077455814798,-0.7451158981881181,4389,-0.00302476106120549,"{""exits"": {""max_hold"": 20, ""native_exit"": false, ""target_r"": 2.0}, ""filters"": {""volume"": true}, ""rank"": ""random"", ""setup"": ""breakout"", ""setup_params"": {""base_len"": 20, ""stop_atr_max"": 1.5, ""stop_atr_min"": 0.5}, ""sizing"": {""heat_cap"": null, ""max_positions"": 10, ""risk_pct"": 1.0}}"
2026-09-27 11:09:53,stocks,dev,stocks/breakout sens volume.breakout_min x0.7,af3ff6aa0d,0,0.22030204041048862,0.020753812235182467,-0.4376791206927938,1568,0.10709393431643856,"{""exits"": {""max_hold"": 100, ""native_exit"": false, ""target_r"": null, ""trail_atr"": 2.5}, ""filters"": {""event"": true, ""regime"": true, ""vol"": true, ""volume"": true}, ""layer_params"": {""volume"": {""breakout_min"": 0.98}}, ""rank"": ""random"", ""setup"": ""breakout"", ""setup_params"": {""base_len"": 20, ""stop_atr_max"": 1.5, ""stop_atr_min"": 0.5}, ""sizing"": {""heat_cap"": null, ""max_positions"": 10, ""risk_pct"": 1.0}}"
2026-09-27 11:09:56,stocks,val,breakout + volume,0166420b2a,0,0.4037190472888268,0.05804716075016114,-0.2854285249401789,520,0.007752488766879532,"{""exits"": {""max_hold"": 20, ""native_exit"": false, ""target_r"": 2.0}, ""filters"": {""volume"": true}, ""rank"": ""random"", ""setup"": ""breakout"", ""setup_params"": {""base_len"": 20, ""stop_atr_max"": 1.5, ""stop_atr_min"": 0.5}, ""sizing"": {""heat_cap"": null, ""max_positions"": 10, ""risk_pct"": 1.0}}"
2026-09-27 11:09:57,stocks,dev,breakout + event,172e982446,0,-0.059362395814686185,-0.023216546755184586,-0.7386255670887525,5204,-0.01826978719311423,"{""exits"": {""max_hold"": 20, ""native_exit"": false, ""target_r"": 2.0}, ""filters"": {""event"": true}, ""rank"": ""random"", ""setup"": ""breakout"", ""setup_params"": {""base_len"": 20, ""stop_atr_max"": 1.5, ""stop_atr_min"": 0.5}, ""sizing"": {""heat_cap"": null, ""max_positions"": 10, ""risk_pct"": 1.0}}"
2026-09-27 11:09:59,stocks,dev,stocks/breakout sens volume.breakout_min x1.3,5d8ebc2178,0,0.47184264819898764,0.05652847145884321,-0.28548580667136636,1379,0.2756943792744804,"{""exits"": {""max_hold"": 100, ""native_exit"": false, ""target_r"": null, ""trail_atr"": 2.5}, ""filters"": {""event"": true, ""regime"": true, ""vol"": true, ""volume"": true}, ""layer_params"": {""volume"": {""breakout_min"": 1.82}}, ""rank"": ""random"", ""setup"": ""breakout"", ""setup_params"": {""base_len"": 20, ""stop_atr_max"": 1.5, ""stop_atr_min"": 0.5}, ""sizing"": {""heat_cap"": null, ""max_positions"": 10, ""risk_pct"": 1.0}}"
2026-09-27 11:10:02,stocks,val,breakout + event,172e982446,0,0.2552253695007105,0.029898281182193287,-0.28184689242711647,603,-0.029504790958199453,"{""exits"": {""max_hold"": 20, ""native_exit"": false, ""target_r"": 2.0}, ""filters"": {""event"": true}, ""rank"": ""random"", ""setup"": ""breakout"", ""setup_params"": {""base_len"": 20, ""stop_atr_max"": 1.5, ""stop_atr_min"": 0.5}, ""sizing"": {""heat_cap"": null, ""max_positions"": 10, ""risk_pct"": 1.0}}"
2026-09-27 11:10:02,stocks,dev,breakout + score rank only,441edab161,0,-0.395458733260147,-0.07904844848765691,-0.9300528402525947,5806,-0.06360967912267554,"{""exits"": {""max_hold"": 20, ""native_exit"": false, ""target_r"": 2.0}, ""filters"": {}, ""rank"": ""score"", ""setup"": ""breakout"", ""setup_params"": {""base_len"": 20, ""stop_atr_max"": 1.5, ""stop_atr_min"": 0.5}, ""sizing"": {""heat_cap"": null, ""max_positions"": 10, ""risk_pct"": 1.0}}"
2026-09-27 11:10:04,stocks,val,breakout + score rank only,441edab161,0,-0.2851993683665514,-0.06420574058876649,-0.4045851225385777,660,-0.08815022419719364,"{""exits"": {""max_hold"": 20, ""native_exit"": false, ""target_r"": 2.0}, ""filters"": {}, ""rank"": ""score"", ""setup"": ""breakout"", ""setup_params"": {""base_len"": 20, ""stop_atr_max"": 1.5, ""stop_atr_min"": 0.5}, ""sizing"": {""heat_cap"": null, ""max_positions"": 10, ""risk_pct"": 1.0}}"
2026-09-27 11:10:05,stocks,dev,breakout + score top 20%,9810d12771,0,-0.4241478401100132,-0.07325203525898827,-0.8981983511176567,5148,-0.06692805318617723,"{""exits"": {""max_hold"": 20, ""native_exit"": false, ""target_r"": 2.0}, ""filters"": {""score"": true}, ""rank"": ""score"", ""setup"": ""breakout"", ""setup_params"": {""base_len"": 20, ""stop_atr_max"": 1.5, ""stop_atr_min"": 0.5}, ""sizing"": {""heat_cap"": null, ""max_positions"": 10, ""risk_pct"": 1.0}}"
2026-09-27 11:10:05,stocks,dev,stocks/breakout sens event.window_before x0.7,95eb17ddd8,0,0.2820098821429387,0.029359865686775954,-0.38844574549187316,1504,0.10238950571084819,"{""exits"": {""max_hold"": 100, ""native_exit"": false, ""target_r"": null, ""trail_atr"": 2.5}, ""filters"": {""event"": true, ""regime"": true, ""vol"": true, ""volume"": true}, ""layer_params"": {""event"": {""window_before"": 8}}, ""rank"": ""random"", ""setup"": ""breakout"", ""setup_params"": {""base_len"": 20, ""stop_atr_max"": 1.5, ""stop_atr_min"": 0.5}, ""sizing"": {""heat_cap"": null, ""max_positions"": 10, ""risk_pct"": 1.0}}"
2026-09-27 11:10:09,stocks,val,breakout + score top 20%,9810d12771,0,-0.09576793698558865,-0.028389518003046676,-0.28970775279040983,567,-0.068624976482956,"{""exits"": {""max_hold"": 20, ""native_exit"": false, ""target_r"": 2.0}, ""filters"": {""score"": true}, ""rank"": ""score"", ""setup"": ""breakout"", ""setup_params"": {""base_len"": 20, ""stop_atr_max"": 1.5, ""stop_atr_min"": 0.5}, ""sizing"": {""heat_cap"": null, ""max_positions"": 10, ""risk_pct"": 1.0}}"
2026-09-27 11:10:10,stocks,dev,breakout + risk 0.25%,cd7cc6eff6,0,0.028889309603889125,-0.002750261163772527,-0.5309219782431642,9528,0.0008876895691013825,"{""exits"": {""max_hold"": 20, ""native_exit"": false, ""target_r"": 2.0}, ""filters"": {}, ""rank"": ""random"", ""setup"": ""breakout"", ""setup_params"": {""base_len"": 20, ""stop_atr_max"": 1.5, ""stop_atr_min"": 0.5}, ""sizing"": {""heat_cap"": null, ""max_positions"": 10, ""risk_pct"": 0.25}}"
2026-09-27 11:10:11,stocks,dev,stocks/breakout sens event.window_before x1.3,568e80219b,0,0.34371271666944675,0.038139236841131297,-0.35023874982726466,1493,0.12125532333479923,"{""exits"": {""max_hold"": 100, ""native_exit"": false, ""target_r"": null, ""trail_atr"": 2.5}, ""filters"": {""event"": true, ""regime"": true, ""vol"": true, ""volume"": true}, ""layer_params"": {""event"": {""window_before"": 14}}, ""rank"": ""random"", ""setup"": ""breakout"", ""setup_params"": {""base_len"": 20, ""stop_atr_max"": 1.5, ""stop_atr_min"": 0.5}, ""sizing"": {""heat_cap"": null, ""max_positions"": 10, ""risk_pct"": 1.0}}"
2026-09-27 11:10:11,stocks,dev,stocks/breakout sens exit.max_hold x0.7,835a017f1a,0,0.29429901031365874,0.031463948677629805,-0.36080996921899455,1520,0.15950596592285973,"{""exits"": {""max_hold"": 70, ""native_exit"": false, ""target_r"": null, ""trail_atr"": 2.5}, ""filters"": {""event"": true, ""regime"": true, ""vol"": true, ""volume"": true}, ""rank"": ""random"", ""setup"": ""breakout"", ""setup_params"": {""base_len"": 20, ""stop_atr_max"": 1.5, ""stop_atr_min"": 0.5}, ""sizing"": {""heat_cap"": null, ""max_positions"": 10, ""risk_pct"": 1.0}}"
2026-09-27 11:10:11,stocks,val,breakout + risk 0.25%,cd7cc6eff6,0,-0.7923827467715303,-0.09640645809012616,-0.3001114868899336,1170,-0.10671032578107335,"{""exits"": {""max_hold"": 20, ""native_exit"": false, ""target_r"": 2.0}, ""filters"": {}, ""rank"": ""random"", ""setup"": ""breakout"", ""setup_params"": {""base_len"": 20, ""stop_atr_max"": 1.5, ""stop_atr_min"": 0.5}, ""sizing"": {""heat_cap"": null, ""max_positions"": 10, ""risk_pct"": 0.25}}"
2026-09-27 11:10:12,stocks,dev,stocks/breakout sens exit.max_hold x1.3,cd94ecac89,0,0.18102342898115287,0.015534464254582936,-0.36080996921899455,1530,0.1000630388183373,"{""exits"": {""max_hold"": 130, ""native_exit"": false, ""target_r"": null, ""trail_atr"": 2.5}, ""filters"": {""event"": true, ""regime"": true, ""vol"": true, ""volume"": true}, ""rank"": ""random"", ""setup"": ""breakout"", ""setup_params"": {""base_len"": 20, ""stop_atr_max"": 1.5, ""stop_atr_min"": 0.5}, ""sizing"": {""heat_cap"": null, ""max_positions"": 10, ""risk_pct"": 1.0}}"
2026-09-27 11:10:12,stocks,dev,breakout + risk 0.5%,49826e3851,0,0.06566571018560878,-0.0011674195171716972,-0.6167106741410264,6639,0.0032638831583186325,"{""exits"": {""max_hold"": 20, ""native_exit"": false, ""target_r"": 2.0}, ""filters"": {}, ""rank"": ""random"", ""setup"": ""breakout"", ""setup_params"": {""base_len"": 20, ""stop_atr_max"": 1.5, ""stop_atr_min"": 0.5}, ""sizing"": {""heat_cap"": null, ""max_positions"": 10, ""risk_pct"": 0.5}}"
2026-09-27 11:10:12,stocks,dev,stocks/breakout sens exit.trail_atr x0.7,472ea3456c,0,0.24795518373379247,0.023506097954302252,-0.33659852422655734,2080,0.08000733834475983,"{""exits"": {""max_hold"": 100, ""native_exit"": false, ""target_r"": null, ""trail_atr"": 1.75}, ""filters"": {""event"": true, ""regime"": true, ""vol"": true, ""volume"": true}, ""rank"": ""random"", ""setup"": ""breakout"", ""setup_params"": {""base_len"": 20, ""stop_atr_max"": 1.5, ""stop_atr_min"": 0.5}, ""sizing"": {""heat_cap"": null, ""max_positions"": 10, ""risk_pct"": 1.0}}"
2026-09-27 11:10:12,stocks,dev,stocks/breakout sens exit.trail_atr x1.3,7413a68d53,0,0.39837606497187944,0.04716418160474056,-0.36707580982061294,1173,0.1761264964333919,"{""exits"": {""max_hold"": 100, ""native_exit"": false, ""target_r"": null, ""trail_atr"": 3.25}, ""filters"": {""event"": true, ""regime"": true, ""vol"": true, ""volume"": true}, ""rank"": ""random"", ""setup"": ""breakout"", ""setup_params"": {""base_len"": 20, ""stop_atr_max"": 1.5, ""stop_atr_min"": 0.5}, ""sizing"": {""heat_cap"": null, ""max_positions"": 10, ""risk_pct"": 1.0}}"
2026-09-27 11:10:13,stocks,dev,stocks/breakout sens sizing.risk_pct x0.7,16d7f8b2ec,0,0.1641779593182736,0.01288421799082018,-0.3285718150448077,1696,0.08103712039809237,"{""exits"": {""max_hold"": 100, ""native_exit"": false, ""target_r"": null, ""trail_atr"": 2.5}, ""filters"": {""event"": true, ""regime"": true, ""vol"": true, ""volume"": true}, ""rank"": ""random"", ""setup"": ""breakout"", ""setup_params"": {""base_len"": 20, ""stop_atr_max"": 1.5, ""stop_atr_min"": 0.5}, ""sizing"": {""heat_cap"": null, ""max_positions"": 10, ""risk_pct"": 0.7}}"
2026-09-27 11:10:13,stocks,dev,stocks/breakout sens sizing.risk_pct x1.3,24dd55863a,0,0.3423189989218437,0.037359753787631345,-0.3892135380008849,1335,0.2180752846802085,"{""exits"": {""max_hold"": 100, ""native_exit"": false, ""target_r"": null, ""trail_atr"": 2.5}, ""filters"": {""event"": true, ""regime"": true, ""vol"": true, ""volume"": true}, ""rank"": ""random"", ""setup"": ""breakout"", ""setup_params"": {""base_len"": 20, ""stop_atr_max"": 1.5, ""stop_atr_min"": 0.5}, ""sizing"": {""heat_cap"": null, ""max_positions"": 10, ""risk_pct"": 1.3}}"
2026-09-27 11:10:14,stocks,val,breakout + risk 0.5%,49826e3851,0,-0.5133070202184883,-0.08964423107730046,-0.32895534052667896,804,-0.0918132735849966,"{""exits"": {""max_hold"": 20, ""native_exit"": false, ""target_r"": 2.0}, ""filters"": {}, ""rank"": ""random"", ""setup"": ""breakout"", ""setup_params"": {""base_len"": 20, ""stop_atr_max"": 1.5, ""stop_atr_min"": 0.5}, ""sizing"": {""heat_cap"": null, ""max_positions"": 10, ""risk_pct"": 0.5}}"
2026-09-27 11:10:14,stocks,dev,breakout + risk 2%,f9a644fd67,0,-0.24704567951346681,-0.0529487730373871,-0.898166981313881,4809,-0.031384931044894045,"{""exits"": {""max_hold"": 20, ""native_exit"": false, ""target_r"": 2.0}, ""filters"": {}, ""rank"": ""random"", ""setup"": ""breakout"", ""setup_params"": {""base_len"": 20, ""stop_atr_max"": 1.5, ""stop_atr_min"": 0.5}, ""sizing"": {""heat_cap"": null, ""max_positions"": 10, ""risk_pct"": 2.0}}"
2026-09-27 11:10:15,stocks,val,breakout + risk 2%,f9a644fd67,0,0.08573931956442325,-0.0006438631725268484,-0.23907447651675295,579,-0.057570551086455105,"{""exits"": {""max_hold"": 20, ""native_exit"": false, ""target_r"": 2.0}, ""filters"": {}, ""rank"": ""random"", ""setup"": ""breakout"", ""setup_params"": {""base_len"": 20, ""stop_atr_max"": 1.5, ""stop_atr_min"": 0.5}, ""sizing"": {""heat_cap"": null, ""max_positions"": 10, ""risk_pct"": 2.0}}"
2026-09-27 11:10:16,stocks,dev,breakout + ATR sizing,c404b15004,0,-0.17110670558208046,-0.03706248191126049,-0.8587044519789616,6258,-0.033652170792271466,"{""exits"": {""max_hold"": 20, ""native_exit"": false, ""target_r"": 2.0}, ""filters"": {}, ""rank"": ""random"", ""setup"": ""breakout"", ""setup_params"": {""base_len"": 20, ""stop_atr_max"": 1.5, ""stop_atr_min"": 0.5}, ""sizing"": {""atr_mult"": 2.0, ""heat_cap"": null, ""max_positions"": 10, ""mode"": ""atr"", ""risk_pct"": 1.0}}"
2026-09-27 11:10:17,stocks,val,breakout + ATR sizing,c404b15004,0,0.17780446257153606,0.015808171632156975,-0.21301315276504318,800,-0.04927220567577145,"{""exits"": {""max_hold"": 20, ""native_exit"": false, ""target_r"": 2.0}, ""filters"": {}, ""rank"": ""random"", ""setup"": ""breakout"", ""setup_params"": {""base_len"": 20, ""stop_atr_max"": 1.5, ""stop_atr_min"": 0.5}, ""sizing"": {""atr_mult"": 2.0, ""heat_cap"": null, ""max_positions"": 10, ""mode"": ""atr"", ""risk_pct"": 1.0}}"
2026-09-27 11:10:18,stocks,dev,breakout + heat cap 4%,b41a0cbbfb,0,-0.1744292351588124,-0.03462689910150374,-0.8099458855754533,5130,-0.03659773923651685,"{""exits"": {""max_hold"": 20, ""native_exit"": false, ""target_r"": 2.0}, ""filters"": {}, ""rank"": ""random"", ""setup"": ""breakout"", ""setup_params"": {""base_len"": 20, ""stop_atr_max"": 1.5, ""stop_atr_min"": 0.5}, ""sizing"": {""heat_cap"": 0.04, ""max_positions"": 10, ""risk_pct"": 1.0}}"
2026-09-27 11:10:19,stocks,val,breakout + heat cap 4%,b41a0cbbfb,0,0.08573867046019047,0.0004928684265073091,-0.25984113863358727,597,-0.011576371171503062,"{""exits"": {""max_hold"": 20, ""native_exit"": false, ""target_r"": 2.0}, ""filters"": {}, ""rank"": ""random"", ""setup"": ""breakout"", ""setup_params"": {""base_len"": 20, ""stop_atr_max"": 1.5, ""stop_atr_min"": 0.5}, ""sizing"": {""heat_cap"": 0.04, ""max_positions"": 10, ""risk_pct"": 1.0}}"
2026-09-27 11:10:20,stocks,dev,breakout + heat cap 6%,c1198a7843,0,-0.2887037178263633,-0.05669387881200072,-0.8619284346964886,5245,-0.05325623169310473,"{""exits"": {""max_hold"": 20, ""native_exit"": false, ""target_r"": 2.0}, ""filters"": {}, ""rank"": ""random"", ""setup"": ""breakout"", ""setup_params"": {""base_len"": 20, ""stop_atr_max"": 1.5, ""stop_atr_min"": 0.5}, ""sizing"": {""heat_cap"": 0.06, ""max_positions"": 10, ""risk_pct"": 1.0}}"
2026-09-27 11:10:21,stocks,val,breakout + heat cap 6%,c1198a7843,0,0.06474056859334695,-0.004065971694092174,-0.2329840617930823,630,-0.001073071571258553,"{""exits"": {""max_hold"": 20, ""native_exit"": false, ""target_r"": 2.0}, ""filters"": {}, ""rank"": ""random"", ""setup"": ""breakout"", ""setup_params"": {""base_len"": 20, ""stop_atr_max"": 1.5, ""stop_atr_min"": 0.5}, ""sizing"": {""heat_cap"": 0.06, ""max_positions"": 10, ""risk_pct"": 1.0}}"
2026-09-27 11:10:22,stocks,dev,breakout + heat cap 8%,446f0c4a6c,0,0.08024559805921638,-0.0006073056172990476,-0.7068987775616942,5235,-0.0050533535550030895,"{""exits"": {""max_hold"": 20, ""native_exit"": false, ""target_r"": 2.0}, ""filters"": {}, ""rank"": ""random"", ""setup"": ""breakout"", ""setup_params"": {""base_len"": 20, ""stop_atr_max"": 1.5, ""stop_atr_min"": 0.5}, ""sizing"": {""heat_cap"": 0.08, ""max_positions"": 10, ""risk_pct"": 1.0}}"
2026-09-27 11:10:23,stocks,val,breakout + heat cap 8%,446f0c4a6c,0,0.3468265933628048,0.04804043628234678,-0.2555315005193104,616,0.005409456394272504,"{""exits"": {""max_hold"": 20, ""native_exit"": false, ""target_r"": 2.0}, ""filters"": {}, ""rank"": ""random"", ""setup"": ""breakout"", ""setup_params"": {""base_len"": 20, ""stop_atr_max"": 1.5, ""stop_atr_min"": 0.5}, ""sizing"": {""heat_cap"": 0.08, ""max_positions"": 10, ""risk_pct"": 1.0}}"
2026-09-27 11:10:23,stocks,dev,breakout + max 5 positions,465a5a0299,0,-0.22090525305767233,-0.04573760839706231,-0.8499189627008821,5225,-0.03618892291854841,"{""exits"": {""max_hold"": 20, ""native_exit"": false, ""target_r"": 2.0}, ""filters"": {}, ""rank"": ""random"", ""setup"": ""breakout"", ""setup_params"": {""base_len"": 20, ""stop_atr_max"": 1.5, ""stop_atr_min"": 0.5}, ""sizing"": {""heat_cap"": null, ""max_positions"": 5, ""risk_pct"": 1.0}}"
2026-09-27 11:10:24,stocks,val,breakout + max 5 positions,465a5a0299,0,0.1279576992975648,0.007003768257501486,-0.2408743769170658,643,0.018967486578458377,"{""exits"": {""max_hold"": 20, ""native_exit"": false, ""target_r"": 2.0}, ""filters"": {}, ""rank"": ""random"", ""setup"": ""breakout"", ""setup_params"": {""base_len"": 20, ""stop_atr_max"": 1.5, ""stop_atr_min"": 0.5}, ""sizing"": {""heat_cap"": null, ""max_positions"": 5, ""risk_pct"": 1.0}}"
2026-09-27 11:10:25,stocks,dev,breakout + halve risk in 10% DD,5e8ad633a3,0,-0.20973476213671563,-0.041654322449309555,-0.839859671594698,6572,-0.02862652715163093,"{""exits"": {""max_hold"": 20, ""native_exit"": false, ""target_r"": 2.0}, ""filters"": {}, ""rank"": ""random"", ""setup"": ""breakout"", ""setup_params"": {""base_len"": 20, ""stop_atr_max"": 1.5, ""stop_atr_min"": 0.5}, ""sizing"": {""dd_reduce"": {""dd"": 0.1, ""factor"": 0.5}, ""heat_cap"": null, ""max_positions"": 10, ""risk_pct"": 1.0}}"
2026-09-27 11:10:26,stocks,val,breakout + halve risk in 10% DD,5e8ad633a3,0,-0.5048342764490404,-0.08896926036311914,-0.3341940820721033,801,-0.08007370876672905,"{""exits"": {""max_hold"": 20, ""native_exit"": false, ""target_r"": 2.0}, ""filters"": {}, ""rank"": ""random"", ""setup"": ""breakout"", ""setup_params"": {""base_len"": 20, ""stop_atr_max"": 1.5, ""stop_atr_min"": 0.5}, ""sizing"": {""dd_reduce"": {""dd"": 0.1, ""factor"": 0.5}, ""heat_cap"": null, ""max_positions"": 10, ""risk_pct"": 1.0}}"
2026-09-27 11:10:33,stocks,dev,breakout + partial 3d + BE + 10MA,3a1101c9f7,0,-0.5606873157899163,-0.0991713596191307,-0.9619087028255727,5474,-0.06771330872338108,"{""exits"": {""breakeven"": true, ""max_hold"": 100, ""native_exit"": false, ""partial"": {""after_bars"": 3, ""frac"": 0.33, ""trail_after_partial"": true}, ""target_r"": null, ""trail_ma"": 10}, ""filters"": {}, ""rank"": ""random"", ""setup"": ""breakout"", ""setup_params"": {""base_len"": 20, ""stop_atr_max"": 1.5, ""stop_atr_min"": 0.5}, ""sizing"": {""heat_cap"": null, ""max_positions"": 10, ""risk_pct"": 1.0}}"
2026-09-27 11:10:38,stocks,val,breakout + partial 3d + BE + 10MA,3a1101c9f7,0,-0.7223899910902473,-0.13702277429782694,-0.4174761784420875,658,-0.13245915123303975,"{""exits"": {""breakeven"": true, ""max_hold"": 100, ""native_exit"": false, ""partial"": {""after_bars"": 3, ""frac"": 0.33, ""trail_after_partial"": true}, ""target_r"": null, ""trail_ma"": 10}, ""filters"": {}, ""rank"": ""random"", ""setup"": ""breakout"", ""setup_params"": {""base_len"": 20, ""stop_atr_max"": 1.5, ""stop_atr_min"": 0.5}, ""sizing"": {""heat_cap"": null, ""max_positions"": 10, ""risk_pct"": 1.0}}"
2026-09-27 11:10:44,stocks,dev,breakout + partial 2R + BE + 20MA,5c3dccffa7,0,0.22913699787433764,0.025074523703801477,-0.5859263705557209,3165,0.059739211289804195,"{""exits"": {""breakeven"": true, ""max_hold"": 100, ""native_exit"": false, ""partial"": {""at_r"": 2.0, ""frac"": 0.5, ""trail_after_partial"": true}, ""target_r"": null, ""trail_ma"": 20}, ""filters"": {}, ""rank"": ""random"", ""setup"": ""breakout"", ""setup_params"": {""base_len"": 20, ""stop_atr_max"": 1.5, ""stop_atr_min"": 0.5}, ""sizing"": {""heat_cap"": null, ""max_positions"": 10, ""risk_pct"": 1.0}}"
2026-09-27 11:10:49,stocks,val,breakout + partial 2R + BE + 20MA,5c3dccffa7,0,-0.16452988676454425,-0.04544725690660556,-0.34496174591567186,419,-0.09619766304943332,"{""exits"": {""breakeven"": true, ""max_hold"": 100, ""native_exit"": false, ""partial"": {""at_r"": 2.0, ""frac"": 0.5, ""trail_after_partial"": true}, ""target_r"": null, ""trail_ma"": 20}, ""filters"": {}, ""rank"": ""random"", ""setup"": ""breakout"", ""setup_params"": {""base_len"": 20, ""stop_atr_max"": 1.5, ""stop_atr_min"": 0.5}, ""sizing"": {""heat_cap"": null, ""max_positions"": 10, ""risk_pct"": 1.0}}"
2026-09-27 11:10:50,stocks,dev,breakout + ATR trail 2.5,40e01aadb0,0,0.03582074825241376,-0.010679774033701017,-0.829456741712503,2458,0.10112800671057925,"{""exits"": {""max_hold"": 100, ""native_exit"": false, ""target_r"": null, ""trail_atr"": 2.5}, ""filters"": {}, ""rank"": ""random"", ""setup"": ""breakout"", ""setup_params"": {""base_len"": 20, ""stop_atr_max"": 1.5, ""stop_atr_min"": 0.5}, ""sizing"": {""heat_cap"": null, ""max_positions"": 10, ""risk_pct"": 1.0}}"
2026-09-27 11:10:51,stocks,val,breakout + ATR trail 2.5,40e01aadb0,0,-0.38081740462557806,-0.09312046162687082,-0.4309961580973255,327,-0.220328223043554,"{""exits"": {""max_hold"": 100, ""native_exit"": false, ""target_r"": null, ""trail_atr"": 2.5}, ""filters"": {}, ""rank"": ""random"", ""setup"": ""breakout"", ""setup_params"": {""base_len"": 20, ""stop_atr_max"": 1.5, ""stop_atr_min"": 0.5}, ""sizing"": {""heat_cap"": null, ""max_positions"": 10, ""risk_pct"": 1.0}}"
2026-09-27 11:10:52,stocks,dev,breakout + time stop 5d,f691067460,0,-0.5428538568151435,-0.09295239839768821,-0.9399698493890987,7176,-0.054785968399553214,"{""exits"": {""max_hold"": 20, ""native_exit"": false, ""target_r"": 2.0, ""time_stop"": {""bars"": 5, ""min_r"": 0.5}}, ""filters"": {}, ""rank"": ""random"", ""setup"": ""breakout"", ""setup_params"": {""base_len"": 20, ""stop_atr_max"": 1.5, ""stop_atr_min"": 0.5}, ""sizing"": {""heat_cap"": null, ""max_positions"": 10, ""risk_pct"": 1.0}}"
2026-09-27 11:10:53,stocks,val,breakout + time stop 5d,f691067460,0,0.16834363690939028,0.014296671873656797,-0.3672859627729207,814,-0.0020024970831162034,"{""exits"": {""max_hold"": 20, ""native_exit"": false, ""target_r"": 2.0, ""time_stop"": {""bars"": 5, ""min_r"": 0.5}}, ""filters"": {}, ""rank"": ""random"", ""setup"": ""breakout"", ""setup_params"": {""base_len"": 20, ""stop_atr_max"": 1.5, ""stop_atr_min"": 0.5}, ""sizing"": {""heat_cap"": null, ""max_positions"": 10, ""risk_pct"": 1.0}}"
2026-09-27 11:11:00,stocks,dev,breakout ALL LAYERS,5fe00dc5c6,0,-0.07030661145528175,-0.00790060720420993,-0.4500264176559786,1171,-0.0781339801097195,"{""exits"": {""breakeven"": true, ""max_hold"": 100, ""native_exit"": false, ""partial"": {""at_r"": 2.0, ""frac"": 0.5, ""trail_after_partial"": true}, ""target_r"": null, ""trail_ma"": 20}, ""filters"": {""chop"": true, ""event"": true, ""regime"": true, ""rs"": true, ""score"": true, ""vol"": true, ""volume"": true}, ""rank"": ""score"", ""setup"": ""breakout"", ""setup_params"": {""base_len"": 20, ""stop_atr_max"": 1.5, ""stop_atr_min"": 0.5}, ""sizing"": {""dd_reduce"": {""dd"": 0.1, ""factor"": 0.5}, ""heat_cap"": 0.06, ""max_positions"": 10, ""risk_pct"": 1.0}}"
2026-09-27 11:11:04,stocks,val,breakout ALL LAYERS,5fe00dc5c6,0,0.2800269792653762,0.019926194269866082,-0.16662358387455023,89,-0.05291970965717223,"{""exits"": {""breakeven"": true, ""max_hold"": 100, ""native_exit"": false, ""partial"": {""at_r"": 2.0, ""frac"": 0.5, ""trail_after_partial"": true}, ""target_r"": null, ""trail_ma"": 20}, ""filters"": {""chop"": true, ""event"": true, ""regime"": true, ""rs"": true, ""score"": true, ""vol"": true, ""volume"": true}, ""rank"": ""score"", ""setup"": ""breakout"", ""setup_params"": {""base_len"": 20, ""stop_atr_max"": 1.5, ""stop_atr_min"": 0.5}, ""sizing"": {""dd_reduce"": {""dd"": 0.1, ""factor"": 0.5}, ""heat_cap"": 0.06, ""max_positions"": 10, ""risk_pct"": 1.0}}"
2026-09-27 11:11:10,stocks,dev,breakout all minus regime,3b58866761,0,-0.230081595870916,-0.022416046932108413,-0.61055984023065,1526,-0.1128578110135973,"{""exits"": {""breakeven"": true, ""max_hold"": 100, ""native_exit"": false, ""partial"": {""at_r"": 2.0, ""frac"": 0.5, ""trail_after_partial"": true}, ""target_r"": null, ""trail_ma"": 20}, ""filters"": {""chop"": true, ""event"": true, ""rs"": true, ""score"": true, ""vol"": true, ""volume"": true}, ""rank"": ""score"", ""setup"": ""breakout"", ""setup_params"": {""base_len"": 20, ""stop_atr_max"": 1.5, ""stop_atr_min"": 0.5}, ""sizing"": {""dd_reduce"": {""dd"": 0.1, ""factor"": 0.5}, ""heat_cap"": 0.06, ""max_positions"": 10, ""risk_pct"": 1.0}}"
2026-09-27 11:11:15,stocks,val,breakout all minus regime,3b58866761,0,0.14537872506066682,0.009092152630302719,-0.20005331029825713,120,-0.08737723161809142,"{""exits"": {""breakeven"": true, ""max_hold"": 100, ""native_exit"": false, ""partial"": {""at_r"": 2.0, ""frac"": 0.5, ""trail_after_partial"": true}, ""target_r"": null, ""trail_ma"": 20}, ""filters"": {""chop"": true, ""event"": true, ""rs"": true, ""score"": true, ""vol"": true, ""volume"": true}, ""rank"": ""score"", ""setup"": ""breakout"", ""setup_params"": {""base_len"": 20, ""stop_atr_max"": 1.5, ""stop_atr_min"": 0.5}, ""sizing"": {""dd_reduce"": {""dd"": 0.1, ""factor"": 0.5}, ""heat_cap"": 0.06, ""max_positions"": 10, ""risk_pct"": 1.0}}"
2026-09-27 11:11:23,stocks,dev,breakout all minus vol,c33c04f88c,0,0.11157539989144666,0.005774725551755067,-0.37627556396933226,1200,-0.023098915463275322,"{""exits"": {""breakeven"": true, ""max_hold"": 100, ""native_exit"": false, ""partial"": {""at_r"": 2.0, ""frac"": 0.5, ""trail_after_partial"": true}, ""target_r"": null, ""trail_ma"": 20}, ""filters"": {""chop"": true, ""event"": true, ""regime"": true, ""rs"": true, ""score"": true, ""volume"": true}, ""rank"": ""score"", ""setup"": ""breakout"", ""setup_params"": {""base_len"": 20, ""stop_atr_max"": 1.5, ""stop_atr_min"": 0.5}, ""sizing"": {""dd_reduce"": {""dd"": 0.1, ""factor"": 0.5}, ""heat_cap"": 0.06, ""max_positions"": 10, ""risk_pct"": 1.0}}"
2026-09-27 11:11:27,stocks,val,breakout all minus vol,c33c04f88c,0,0.3559885578406963,0.02701944464458328,-0.15449129606991419,99,-0.03283772029197006,"{""exits"": {""breakeven"": true, ""max_hold"": 100, ""native_exit"": false, ""partial"": {""at_r"": 2.0, ""frac"": 0.5, ""trail_after_partial"": true}, ""target_r"": null, ""trail_ma"": 20}, ""filters"": {""chop"": true, ""event"": true, ""regime"": true, ""rs"": true, ""score"": true, ""volume"": true}, ""rank"": ""score"", ""setup"": ""breakout"", ""setup_params"": {""base_len"": 20, ""stop_atr_max"": 1.5, ""stop_atr_min"": 0.5}, ""sizing"": {""dd_reduce"": {""dd"": 0.1, ""factor"": 0.5}, ""heat_cap"": 0.06, ""max_positions"": 10, ""risk_pct"": 1.0}}"
2026-09-27 11:11:35,stocks,dev,breakout all minus chop,f313660c7d,0,0.058263237224242204,0.0012853529543921383,-0.41097159213086254,1276,-0.008558505086131528,"{""exits"": {""breakeven"": true, ""max_hold"": 100, ""native_exit"": false, ""partial"": {""at_r"": 2.0, ""frac"": 0.5, ""trail_after_partial"": true}, ""target_r"": null, ""trail_ma"": 20}, ""filters"": {""event"": true, ""regime"": true, ""rs"": true, ""score"": true, ""vol"": true, ""volume"": true}, ""rank"": ""score"", ""setup"": ""breakout"", ""setup_params"": {""base_len"": 20, ""stop_atr_max"": 1.5, ""stop_atr_min"": 0.5}, ""sizing"": {""dd_reduce"": {""dd"": 0.1, ""factor"": 0.5}, ""heat_cap"": 0.06, ""max_positions"": 10, ""risk_pct"": 1.0}}"
2026-09-27 11:11:39,stocks,val,breakout all minus chop,f313660c7d,0,0.013538693713727049,-0.0032256244288142444,-0.1453456905018662,116,-0.04982593476304964,"{""exits"": {""breakeven"": true, ""max_hold"": 100, ""native_exit"": false, ""partial"": {""at_r"": 2.0, ""frac"": 0.5, ""trail_after_partial"": true}, ""target_r"": null, ""trail_ma"": 20}, ""filters"": {""event"": true, ""regime"": true, ""rs"": true, ""score"": true, ""vol"": true, ""volume"": true}, ""rank"": ""score"", ""setup"": ""breakout"", ""setup_params"": {""base_len"": 20, ""stop_atr_max"": 1.5, ""stop_atr_min"": 0.5}, ""sizing"": {""dd_reduce"": {""dd"": 0.1, ""factor"": 0.5}, ""heat_cap"": 0.06, ""max_positions"": 10, ""risk_pct"": 1.0}}"
2026-09-27 11:11:46,stocks,dev,breakout all minus rs,e431e16fdb,0,-0.0764883830278047,-0.010633844508524781,-0.4628793214642033,1714,-0.04720528299353818,"{""exits"": {""breakeven"": true, ""max_hold"": 100, ""native_exit"": false, ""partial"": {""at_r"": 2.0, ""frac"": 0.5, ""trail_after_partial"": true}, ""target_r"": null, ""trail_ma"": 20}, ""filters"": {""chop"": true, ""event"": true, ""regime"": true, ""score"": true, ""vol"": true, ""volume"": true}, ""rank"": ""score"", ""setup"": ""breakout"", ""setup_params"": {""base_len"": 20, ""stop_atr_max"": 1.5, ""stop_atr_min"": 0.5}, ""sizing"": {""dd_reduce"": {""dd"": 0.1, ""factor"": 0.5}, ""heat_cap"": 0.06, ""max_positions"": 10, ""risk_pct"": 1.0}}"
2026-09-27 11:11:50,stocks,val,breakout all minus rs,e431e16fdb,0,-0.27082439149909376,-0.030104188036410795,-0.16531737034789917,155,-0.13480215072439766,"{""exits"": {""breakeven"": true, ""max_hold"": 100, ""native_exit"": false, ""partial"": {""at_r"": 2.0, ""frac"": 0.5, ""trail_after_partial"": true}, ""target_r"": null, ""trail_ma"": 20}, ""filters"": {""chop"": true, ""event"": true, ""regime"": true, ""score"": true, ""vol"": true, ""volume"": true}, ""rank"": ""score"", ""setup"": ""breakout"", ""setup_params"": {""base_len"": 20, ""stop_atr_max"": 1.5, ""stop_atr_min"": 0.5}, ""sizing"": {""dd_reduce"": {""dd"": 0.1, ""factor"": 0.5}, ""heat_cap"": 0.06, ""max_positions"": 10, ""risk_pct"": 1.0}}"
2026-09-27 11:11:57,stocks,dev,breakout all minus volume,41d728538a,0,-0.29778877416502836,-0.0322423145273707,-0.5754916632153593,2147,-0.1103941030394194,"{""exits"": {""breakeven"": true, ""max_hold"": 100, ""native_exit"": false, ""partial"": {""at_r"": 2.0, ""frac"": 0.5, ""trail_after_partial"": true}, ""target_r"": null, ""trail_ma"": 20}, ""filters"": {""chop"": true, ""event"": true, ""regime"": true, ""rs"": true, ""score"": true, ""vol"": true}, ""rank"": ""score"", ""setup"": ""breakout"", ""setup_params"": {""base_len"": 20, ""stop_atr_max"": 1.5, ""stop_atr_min"": 0.5}, ""sizing"": {""dd_reduce"": {""dd"": 0.1, ""factor"": 0.5}, ""heat_cap"": 0.06, ""max_positions"": 10, ""risk_pct"": 1.0}}"
2026-09-27 11:12:02,stocks,val,breakout all minus volume,41d728538a,0,0.3310193690431141,0.03207987840213877,-0.1321564522592662,187,0.013737042709320213,"{""exits"": {""breakeven"": true, ""max_hold"": 100, ""native_exit"": false, ""partial"": {""at_r"": 2.0, ""frac"": 0.5, ""trail_after_partial"": true}, ""target_r"": null, ""trail_ma"": 20}, ""filters"": {""chop"": true, ""event"": true, ""regime"": true, ""rs"": true, ""score"": true, ""vol"": true}, ""rank"": ""score"", ""setup"": ""breakout"", ""setup_params"": {""base_len"": 20, ""stop_atr_max"": 1.5, ""stop_atr_min"": 0.5}, ""sizing"": {""dd_reduce"": {""dd"": 0.1, ""factor"": 0.5}, ""heat_cap"": 0.06, ""max_positions"": 10, ""risk_pct"": 1.0}}"
2026-09-27 11:12:09,stocks,dev,breakout all minus event,a71cdb771c,0,-0.16631753897412013,-0.015941637465348713,-0.5065387835454349,1282,-0.09760821802609697,"{""exits"": {""breakeven"": true, ""max_hold"": 100, ""native_exit"": false, ""partial"": {""at_r"": 2.0, ""frac"": 0.5, ""trail_after_partial"": true}, ""target_r"": null, ""trail_ma"": 20}, ""filters"": {""chop"": true, ""regime"": true, ""rs"": true, ""score"": true, ""vol"": true, ""volume"": true}, ""rank"": ""score"", ""setup"": ""breakout"", ""setup_params"": {""base_len"": 20, ""stop_atr_max"": 1.5, ""stop_atr_min"": 0.5}, ""sizing"": {""dd_reduce"": {""dd"": 0.1, ""factor"": 0.5}, ""heat_cap"": 0.06, ""max_positions"": 10, ""risk_pct"": 1.0}}"
2026-09-27 11:12:13,stocks,val,breakout all minus event,a71cdb771c,0,0.19757078638862324,0.013998341384055868,-0.18985715813906334,106,-0.09360697934939241,"{""exits"": {""breakeven"": true, ""max_hold"": 100, ""native_exit"": false, ""partial"": {""at_r"": 2.0, ""frac"": 0.5, ""trail_after_partial"": true}, ""target_r"": null, ""trail_ma"": 20}, ""filters"": {""chop"": true, ""regime"": true, ""rs"": true, ""score"": true, ""vol"": true, ""volume"": true}, ""rank"": ""score"", ""setup"": ""breakout"", ""setup_params"": {""base_len"": 20, ""stop_atr_max"": 1.5, ""stop_atr_min"": 0.5}, ""sizing"": {""dd_reduce"": {""dd"": 0.1, ""factor"": 0.5}, ""heat_cap"": 0.06, ""max_positions"": 10, ""risk_pct"": 1.0}}"
2026-09-27 11:12:19,stocks,dev,breakout all minus score,31ee417bc8,0,0.2669099273755644,0.02397754418618825,-0.28559692718432017,1993,0.08631184060853325,"{""exits"": {""breakeven"": true, ""max_hold"": 100, ""native_exit"": false, ""partial"": {""at_r"": 2.0, ""frac"": 0.5, ""trail_after_partial"": true}, ""target_r"": null, ""trail_ma"": 20}, ""filters"": {""chop"": true, ""event"": true, ""regime"": true, ""rs"": true, ""vol"": true, ""volume"": true}, ""rank"": ""random"", ""setup"": ""breakout"", ""setup_params"": {""base_len"": 20, ""stop_atr_max"": 1.5, ""stop_atr_min"": 0.5}, ""sizing"": {""dd_reduce"": {""dd"": 0.1, ""factor"": 0.5}, ""heat_cap"": 0.06, ""max_positions"": 10, ""risk_pct"": 1.0}}"
2026-09-27 11:12:23,stocks,val,breakout all minus score,31ee417bc8,0,-0.10659324358419976,-0.02079750302469152,-0.21373885179565633,237,-0.014436722715673641,"{""exits"": {""breakeven"": true, ""max_hold"": 100, ""native_exit"": false, ""partial"": {""at_r"": 2.0, ""frac"": 0.5, ""trail_after_partial"": true}, ""target_r"": null, ""trail_ma"": 20}, ""filters"": {""chop"": true, ""event"": true, ""regime"": true, ""rs"": true, ""vol"": true, ""volume"": true}, ""rank"": ""random"", ""setup"": ""breakout"", ""setup_params"": {""base_len"": 20, ""stop_atr_max"": 1.5, ""stop_atr_min"": 0.5}, ""sizing"": {""dd_reduce"": {""dd"": 0.1, ""factor"": 0.5}, ""heat_cap"": 0.06, ""max_positions"": 10, ""risk_pct"": 1.0}}"
2026-09-27 11:12:29,stocks,dev,breakout all minus exit,56d8f20fce,0,-0.18218117785048207,-0.01402477058291951,-0.49760898658327724,1290,-0.09374813251222576,"{""exits"": {""max_hold"": 20, ""native_exit"": false, ""target_r"": 2.0}, ""filters"": {""chop"": true, ""event"": true, ""regime"": true, ""rs"": true, ""score"": true, ""vol"": true, ""volume"": true}, ""rank"": ""score"", ""setup"": ""breakout"", ""setup_params"": {""base_len"": 20, ""stop_atr_max"": 1.5, ""stop_atr_min"": 0.5}, ""sizing"": {""dd_reduce"": {""dd"": 0.1, ""factor"": 0.5}, ""heat_cap"": 0.06, ""max_positions"": 10, ""risk_pct"": 1.0}}"
2026-09-27 11:12:33,stocks,val,breakout all minus exit,56d8f20fce,0,-0.5696909354841074,-0.03608947669695872,-0.1731120779895866,98,-0.18642000504736178,"{""exits"": {""max_hold"": 20, ""native_exit"": false, ""target_r"": 2.0}, ""filters"": {""chop"": true, ""event"": true, ""regime"": true, ""rs"": true, ""score"": true, ""vol"": true, ""volume"": true}, ""rank"": ""score"", ""setup"": ""breakout"", ""setup_params"": {""base_len"": 20, ""stop_atr_max"": 1.5, ""stop_atr_min"": 0.5}, ""sizing"": {""dd_reduce"": {""dd"": 0.1, ""factor"": 0.5}, ""heat_cap"": 0.06, ""max_positions"": 10, ""risk_pct"": 1.0}}"
2026-09-27 11:12:33,stocks,dev,breakout all minus sizing,ceee3c08aa,0,-0.0006504606185362296,-0.0038896160132739777,-0.3997214474948857,1078,-0.057043976514319854,"{""exits"": {""breakeven"": true, ""max_hold"": 100, ""native_exit"": false, ""partial"": {""at_r"": 2.0, ""frac"": 0.5, ""trail_after_partial"": true}, ""target_r"": null, ""trail_ma"": 20}, ""filters"": {""chop"": true, ""event"": true, ""regime"": true, ""rs"": true, ""score"": true, ""vol"": true, ""volume"": true}, ""rank"": ""score"", ""setup"": ""breakout"", ""setup_params"": {""base_len"": 20, ""stop_atr_max"": 1.5, ""stop_atr_min"": 0.5}, ""sizing"": {""heat_cap"": null, ""max_positions"": 10, ""risk_pct"": 1.0}}"
2026-09-27 11:12:34,stocks,val,breakout all minus sizing,ceee3c08aa,0,0.2864940683601995,0.021037512752981602,-0.1651265058097542,86,-0.018024585890457637,"{""exits"": {""breakeven"": true, ""max_hold"": 100, ""native_exit"": false, ""partial"": {""at_r"": 2.0, ""frac"": 0.5, ""trail_after_partial"": true}, ""target_r"": null, ""trail_ma"": 20}, ""filters"": {""chop"": true, ""event"": true, ""regime"": true, ""rs"": true, ""score"": true, ""vol"": true, ""volume"": true}, ""rank"": ""score"", ""setup"": ""breakout"", ""setup_params"": {""base_len"": 20, ""stop_atr_max"": 1.5, ""stop_atr_min"": 0.5}, ""sizing"": {""heat_cap"": null, ""max_positions"": 10, ""risk_pct"": 1.0}}"
2026-09-27 11:12:40,stocks,dev,breakout PICKED,d646c0329c,0,0.22342782993152954,0.02147962660327729,-0.36080996921899455,1519,0.11618003785384902,"{""exits"": {""max_hold"": 100, ""native_exit"": false, ""target_r"": null, ""trail_atr"": 2.5}, ""filters"": {""event"": true, ""regime"": true, ""vol"": true, ""volume"": true}, ""rank"": ""random"", ""setup"": ""breakout"", ""setup_params"": {""base_len"": 20, ""stop_atr_max"": 1.5, ""stop_atr_min"": 0.5}, ""sizing"": {""heat_cap"": null, ""max_positions"": 10, ""risk_pct"": 1.0}}"
2026-09-27 11:12:45,stocks,val,breakout PICKED,d646c0329c,0,-0.17858414767282754,-0.030920684610799,-0.192300482819994,162,-0.08758224125029371,"{""exits"": {""max_hold"": 100, ""native_exit"": false, ""target_r"": null, ""trail_atr"": 2.5}, ""filters"": {""event"": true, ""regime"": true, ""vol"": true, ""volume"": true}, ""rank"": ""random"", ""setup"": ""breakout"", ""setup_params"": {""base_len"": 20, ""stop_atr_max"": 1.5, ""stop_atr_min"": 0.5}, ""sizing"": {""heat_cap"": null, ""max_positions"": 10, ""risk_pct"": 1.0}}"
2026-09-27 11:12:45,stocks,dev,stocks/breakout sens setup.base_len x0.7,7be791784c,0,0.4395649050610412,0.05272048258779538,-0.36751913600483355,1526,0.17426212506697325,"{""exits"": {""max_hold"": 100, ""native_exit"": false, ""target_r"": null, ""trail_atr"": 2.5}, ""filters"": {""event"": true, ""regime"": true, ""vol"": true, ""volume"": true}, ""rank"": ""random"", ""setup"": ""breakout"", ""setup_params"": {""base_len"": 14, ""stop_atr_max"": 1.5, ""stop_atr_min"": 0.5}, ""sizing"": {""heat_cap"": null, ""max_positions"": 10, ""risk_pct"": 1.0}}"
2026-09-27 11:12:51,stocks,dev,naive pullback,1ff9d3db1e,0,0.5505991501592785,0.07527360815873219,-0.5462875852248681,3210,0.0739378365940953,"{""exits"": {""max_hold"": 20, ""native_exit"": false, ""target_r"": 2.0}, ""filters"": {}, ""rank"": ""random"", ""setup"": ""pullback"", ""setup_params"": {""adx_min"": 25.0, ""lookback"": 5, ""stop_atr_max"": 2.0, ""stop_atr_min"": 0.5}, ""sizing"": {""heat_cap"": null, ""max_positions"": 10, ""risk_pct"": 1.0}}"
2026-09-27 11:12:51,stocks,dev,stocks/breakout sens setup.base_len x1.3,d0a4487ff1,0,0.17278946344063797,0.014351344962798995,-0.3215658095483279,1519,0.049749608882648164,"{""exits"": {""max_hold"": 100, ""native_exit"": false, ""target_r"": null, ""trail_atr"": 2.5}, ""filters"": {""event"": true, ""regime"": true, ""vol"": true, ""volume"": true}, ""rank"": ""random"", ""setup"": ""breakout"", ""setup_params"": {""base_len"": 26, ""stop_atr_max"": 1.5, ""stop_atr_min"": 0.5}, ""sizing"": {""heat_cap"": null, ""max_positions"": 10, ""risk_pct"": 1.0}}"
2026-09-27 11:12:56,stocks,val,naive pullback,1ff9d3db1e,0,-0.24480867565803172,-0.05365184452288474,-0.3576707135291043,392,-0.06115489539740106,"{""exits"": {""max_hold"": 20, ""native_exit"": false, ""target_r"": 2.0}, ""filters"": {}, ""rank"": ""random"", ""setup"": ""pullback"", ""setup_params"": {""adx_min"": 25.0, ""lookback"": 5, ""stop_atr_max"": 2.0, ""stop_atr_min"": 0.5}, ""sizing"": {""heat_cap"": null, ""max_positions"": 10, ""risk_pct"": 1.0}}"
2026-09-27 11:12:57,stocks,dev,stocks/breakout sens setup.stop_atr_min x0.7,2532145bbd,0,0.19435149104327698,0.017490029975308907,-0.3844840474489377,1531,0.06805334604188484,"{""exits"": {""max_hold"": 100, ""native_exit"": false, ""target_r"": null, ""trail_atr"": 2.5}, ""filters"": {""event"": true, ""regime"": true, ""vol"": true, ""volume"": true}, ""rank"": ""random"", ""setup"": ""breakout"", ""setup_params"": {""base_len"": 20, ""stop_atr_max"": 1.5, ""stop_atr_min"": 0.35}, ""sizing"": {""heat_cap"": null, ""max_positions"": 10, ""risk_pct"": 1.0}}"
2026-09-27 11:13:03,stocks,dev,stocks/breakout sens setup.stop_atr_min x1.3,e5e3d53d5f,0,0.38062777014506505,0.04364507516962424,-0.34350043530307617,1441,0.21298973021609374,"{""exits"": {""max_hold"": 100, ""native_exit"": false, ""target_r"": null, ""trail_atr"": 2.5}, ""filters"": {""event"": true, ""regime"": true, ""vol"": true, ""volume"": true}, ""rank"": ""random"", ""setup"": ""breakout"", ""setup_params"": {""base_len"": 20, ""stop_atr_max"": 1.5, ""stop_atr_min"": 0.65}, ""sizing"": {""heat_cap"": null, ""max_positions"": 10, ""risk_pct"": 1.0}}"
2026-09-27 11:13:10,stocks,dev,stocks/breakout sens setup.stop_atr_max x0.7,3d62681bdc,0,0.270949441686596,0.02723372596360818,-0.28021681667098475,1538,0.15254824582860693,"{""exits"": {""max_hold"": 100, ""native_exit"": false, ""target_r"": null, ""trail_atr"": 2.5}, ""filters"": {""event"": true, ""regime"": true, ""vol"": true, ""volume"": true}, ""rank"": ""random"", ""setup"": ""breakout"", ""setup_params"": {""base_len"": 20, ""stop_atr_max"": 1.05, ""stop_atr_min"": 0.5}, ""sizing"": {""heat_cap"": null, ""max_positions"": 10, ""risk_pct"": 1.0}}"
2026-09-27 11:13:16,stocks,dev,stocks/breakout sens setup.stop_atr_max x1.3,bee5401423,0,0.3360797328901334,0.03675042684083496,-0.23511987775729937,1456,0.14277420603323068,"{""exits"": {""max_hold"": 100, ""native_exit"": false, ""target_r"": null, ""trail_atr"": 2.5}, ""filters"": {""event"": true, ""regime"": true, ""vol"": true, ""volume"": true}, ""rank"": ""random"", ""setup"": ""breakout"", ""setup_params"": {""base_len"": 20, ""stop_atr_max"": 1.95, ""stop_atr_min"": 0.5}, ""sizing"": {""heat_cap"": null, ""max_positions"": 10, ""risk_pct"": 1.0}}"
2026-09-27 11:13:22,stocks,dev,stocks/breakout sens regime.breadth_min x0.7,cc1de8cb8d,0,0.2512346254204254,0.02639290848391007,-0.37530816742281725,1647,0.11403704479892686,"{""exits"": {""max_hold"": 100, ""native_exit"": false, ""target_r"": null, ""trail_atr"": 2.5}, ""filters"": {""event"": true, ""regime"": true, ""vol"": true, ""volume"": true}, ""layer_params"": {""regime"": {""breadth_min"": 35.0}}, ""rank"": ""random"", ""setup"": ""breakout"", ""setup_params"": {""base_len"": 20, ""stop_atr_max"": 1.5, ""stop_atr_min"": 0.5}, ""sizing"": {""heat_cap"": null, ""max_positions"": 10, ""risk_pct"": 1.0}}"
2026-09-27 11:13:29,stocks,dev,stocks/breakout sens regime.breadth_min x1.3,1b0a6931df,0,0.3097714670205857,0.03036153166242639,-0.2597274574945806,1151,0.1283283203742811,"{""exits"": {""max_hold"": 100, ""native_exit"": false, ""target_r"": null, ""trail_atr"": 2.5}, ""filters"": {""event"": true, ""regime"": true, ""vol"": true, ""volume"": true}, ""layer_params"": {""regime"": {""breadth_min"": 65.0}}, ""rank"": ""random"", ""setup"": ""breakout"", ""setup_params"": {""base_len"": 20, ""stop_atr_max"": 1.5, ""stop_atr_min"": 0.5}, ""sizing"": {""heat_cap"": null, ""max_positions"": 10, ""risk_pct"": 1.0}}"
2026-09-27 11:13:32,stocks,dev,pullback + regime,180b683bf0,0,0.3222553358488536,0.031419465914683586,-0.41792690660462184,2270,0.06541005839483845,"{""exits"": {""max_hold"": 20, ""native_exit"": false, ""target_r"": 2.0}, ""filters"": {""regime"": true}, ""rank"": ""random"", ""setup"": ""pullback"", ""setup_params"": {""adx_min"": 25.0, ""lookback"": 5, ""stop_atr_max"": 2.0, ""stop_atr_min"": 0.5}, ""sizing"": {""heat_cap"": null, ""max_positions"": 10, ""risk_pct"": 1.0}}"
2026-09-27 11:13:35,stocks,dev,stocks/breakout sens vol.max_pct x0.7,c149618853,0,0.4254563058453168,0.049495392982182196,-0.28633116945535775,1441,0.24082105917733065,"{""exits"": {""max_hold"": 100, ""native_exit"": false, ""target_r"": null, ""trail_atr"": 2.5}, ""filters"": {""event"": true, ""regime"": true, ""vol"": true, ""volume"": true}, ""layer_params"": {""vol"": {""max_pct"": 0.93}}, ""rank"": ""random"", ""setup"": ""breakout"", ""setup_params"": {""base_len"": 20, ""stop_atr_max"": 1.5, ""stop_atr_min"": 0.5}, ""sizing"": {""heat_cap"": null, ""max_positions"": 10, ""risk_pct"": 1.0}}"
2026-09-27 11:13:37,stocks,val,pullback + regime,180b683bf0,0,0.5018574304066794,0.06322529782998987,-0.1736054699508166,245,0.11528492743433401,"{""exits"": {""max_hold"": 20, ""native_exit"": false, ""target_r"": 2.0}, ""filters"": {""regime"": true}, ""rank"": ""random"", ""setup"": ""pullback"", ""setup_params"": {""adx_min"": 25.0, ""lookback"": 5, ""stop_atr_max"": 2.0, ""stop_atr_min"": 0.5}, ""sizing"": {""heat_cap"": null, ""max_positions"": 10, ""risk_pct"": 1.0}}"
2026-09-27 11:13:37,stocks,dev,pullback + vol,8b21589674,0,0.3445299833935452,0.03961632265517823,-0.45527100512418806,2958,0.04656671890591349,"{""exits"": {""max_hold"": 20, ""native_exit"": false, ""target_r"": 2.0}, ""filters"": {""vol"": true}, ""rank"": ""random"", ""setup"": ""pullback"", ""setup_params"": {""adx_min"": 25.0, ""lookback"": 5, ""stop_atr_max"": 2.0, ""stop_atr_min"": 0.5}, ""sizing"": {""heat_cap"": null, ""max_positions"": 10, ""risk_pct"": 1.0}}"
2026-09-27 11:13:41,stocks,dev,stocks/breakout sens vol.max_pct x1.3,3c3985060a,0,0.38200832875838125,0.04346712491284643,-0.2975812603789937,1458,0.1454412946978567,"{""exits"": {""max_hold"": 100, ""native_exit"": false, ""target_r"": null, ""trail_atr"": 2.5}, ""filters"": {""event"": true, ""regime"": true, ""vol"": true, ""volume"": true}, ""layer_params"": {""vol"": {""max_pct"": 0.87}}, ""rank"": ""random"", ""setup"": ""breakout"", ""setup_params"": {""base_len"": 20, ""stop_atr_max"": 1.5, ""stop_atr_min"": 0.5}, ""sizing"": {""heat_cap"": null, ""max_positions"": 10, ""risk_pct"": 1.0}}"
2026-09-27 11:13:42,stocks,val,pullback + vol,8b21589674,0,0.26234032879051433,0.02826209091748133,-0.2205136657022192,342,0.04301960413985675,"{""exits"": {""max_hold"": 20, ""native_exit"": false, ""target_r"": 2.0}, ""filters"": {""vol"": true}, ""rank"": ""random"", ""setup"": ""pullback"", ""setup_params"": {""adx_min"": 25.0, ""lookback"": 5, ""stop_atr_max"": 2.0, ""stop_atr_min"": 0.5}, ""sizing"": {""heat_cap"": null, ""max_positions"": 10, ""risk_pct"": 1.0}}"
2026-09-27 11:13:42,stocks,dev,pullback + rs,7186b6a6dc,0,0.3190907609871417,0.038381929050866015,-0.449010347967558,2957,0.051655417060371696,"{""exits"": {""max_hold"": 20, ""native_exit"": false, ""target_r"": 2.0}, ""filters"": {""rs"": true}, ""rank"": ""random"", ""setup"": ""pullback"", ""setup_params"": {""adx_min"": 25.0, ""lookback"": 5, ""stop_atr_max"": 2.0, ""stop_atr_min"": 0.5}, ""sizing"": {""heat_cap"": null, ""max_positions"": 10, ""risk_pct"": 1.0}}"
2026-09-27 11:13:47,stocks,val,pullback + rs,7186b6a6dc,0,0.14339634901257997,0.009663776775940214,-0.2912772554873718,360,0.008086463448167583,"{""exits"": {""max_hold"": 20, ""native_exit"": false, ""target_r"": 2.0}, ""filters"": {""rs"": true}, ""rank"": ""random"", ""setup"": ""pullback"", ""setup_params"": {""adx_min"": 25.0, ""lookback"": 5, ""stop_atr_max"": 2.0, ""stop_atr_min"": 0.5}, ""sizing"": {""heat_cap"": null, ""max_positions"": 10, ""risk_pct"": 1.0}}"
2026-09-27 11:13:47,stocks,dev,pullback + volume,c9c2ec1829,0,0.32763511737336204,0.03670218350747412,-0.48900303733100015,3040,0.04882670244884822,"{""exits"": {""max_hold"": 20, ""native_exit"": false, ""target_r"": 2.0}, ""filters"": {""volume"": true}, ""rank"": ""random"", ""setup"": ""pullback"", ""setup_params"": {""adx_min"": 25.0, ""lookback"": 5, ""stop_atr_max"": 2.0, ""stop_atr_min"": 0.5}, ""sizing"": {""heat_cap"": null, ""max_positions"": 10, ""risk_pct"": 1.0}}"
2026-09-27 11:13:47,stocks,dev,stocks/breakout sens volume.breakout_min x0.7,af3ff6aa0d,0,0.22030204041048862,0.020753812235182467,-0.4376791206927938,1568,0.10709393431643856,"{""exits"": {""max_hold"": 100, ""native_exit"": false, ""target_r"": null, ""trail_atr"": 2.5}, ""filters"": {""event"": true, ""regime"": true, ""vol"": true, ""volume"": true}, ""layer_params"": {""volume"": {""breakout_min"": 0.98}}, ""rank"": ""random"", ""setup"": ""breakout"", ""setup_params"": {""base_len"": 20, ""stop_atr_max"": 1.5, ""stop_atr_min"": 0.5}, ""sizing"": {""heat_cap"": null, ""max_positions"": 10, ""risk_pct"": 1.0}}"
2026-09-27 11:13:52,stocks,val,pullback + volume,c9c2ec1829,0,0.25910820043965144,0.027117576684868583,-0.21971571838479276,333,0.012886693588101206,"{""exits"": {""max_hold"": 20, ""native_exit"": false, ""target_r"": 2.0}, ""filters"": {""volume"": true}, ""rank"": ""random"", ""setup"": ""pullback"", ""setup_params"": {""adx_min"": 25.0, ""lookback"": 5, ""stop_atr_max"": 2.0, ""stop_atr_min"": 0.5}, ""sizing"": {""heat_cap"": null, ""max_positions"": 10, ""risk_pct"": 1.0}}"
2026-09-27 11:13:52,stocks,dev,pullback + event,200104c73c,0,0.4685475971083152,0.05970144230426122,-0.4702973197021786,3215,0.06699373931965674,"{""exits"": {""max_hold"": 20, ""native_exit"": false, ""target_r"": 2.0}, ""filters"": {""event"": true}, ""rank"": ""random"", ""setup"": ""pullback"", ""setup_params"": {""adx_min"": 25.0, ""lookback"": 5, ""stop_atr_max"": 2.0, ""stop_atr_min"": 0.5}, ""sizing"": {""heat_cap"": null, ""max_positions"": 10, ""risk_pct"": 1.0}}"
2026-09-27 11:13:54,stocks,dev,stocks/breakout sens volume.breakout_min x1.3,5d8ebc2178,0,0.47184264819898764,0.05652847145884321,-0.28548580667136636,1379,0.2756943792744804,"{""exits"": {""max_hold"": 100, ""native_exit"": false, ""target_r"": null, ""trail_atr"": 2.5}, ""filters"": {""event"": true, ""regime"": true, ""vol"": true, ""volume"": true}, ""layer_params"": {""volume"": {""breakout_min"": 1.82}}, ""rank"": ""random"", ""setup"": ""breakout"", ""setup_params"": {""base_len"": 20, ""stop_atr_max"": 1.5, ""stop_atr_min"": 0.5}, ""sizing"": {""heat_cap"": null, ""max_positions"": 10, ""risk_pct"": 1.0}}"
2026-09-27 11:13:57,stocks,val,pullback + event,200104c73c,0,-0.003918722160835216,-0.015261218854944136,-0.28883150930895973,395,-0.0437069034329999,"{""exits"": {""max_hold"": 20, ""native_exit"": false, ""target_r"": 2.0}, ""filters"": {""event"": true}, ""rank"": ""random"", ""setup"": ""pullback"", ""setup_params"": {""adx_min"": 25.0, ""lookback"": 5, ""stop_atr_max"": 2.0, ""stop_atr_min"": 0.5}, ""sizing"": {""heat_cap"": null, ""max_positions"": 10, ""risk_pct"": 1.0}}"
2026-09-27 11:13:57,stocks,dev,pullback + score rank only,7987dca2ad,0,0.5235227321515076,0.07213483787951347,-0.5142513226230445,3271,0.0796009198867052,"{""exits"": {""max_hold"": 20, ""native_exit"": false, ""target_r"": 2.0}, ""filters"": {}, ""rank"": ""score"", ""setup"": ""pullback"", ""setup_params"": {""adx_min"": 25.0, ""lookback"": 5, ""stop_atr_max"": 2.0, ""stop_atr_min"": 0.5}, ""sizing"": {""heat_cap"": null, ""max_positions"": 10, ""risk_pct"": 1.0}}"
2026-09-27 11:13:58,stocks,val,pullback + score rank only,7987dca2ad,0,-0.08912645678590533,-0.03097718041240738,-0.31194684484372404,388,0.002995411878134248,"{""exits"": {""max_hold"": 20, ""native_exit"": false, ""target_r"": 2.0}, ""filters"": {}, ""rank"": ""score"", ""setup"": ""pullback"", ""setup_params"": {""adx_min"": 25.0, ""lookback"": 5, ""stop_atr_max"": 2.0, ""stop_atr_min"": 0.5}, ""sizing"": {""heat_cap"": null, ""max_positions"": 10, ""risk_pct"": 1.0}}"
2026-09-27 11:13:59,stocks,dev,pullback + score top 20%,04720094ae,0,0.42284704276582324,0.050342356812048905,-0.4353392695263347,2382,0.08449311130064319,"{""exits"": {""max_hold"": 20, ""native_exit"": false, ""target_r"": 2.0}, ""filters"": {""score"": true}, ""rank"": ""score"", ""setup"": ""pullback"", ""setup_params"": {""adx_min"": 25.0, ""lookback"": 5, ""stop_atr_max"": 2.0, ""stop_atr_min"": 0.5}, ""sizing"": {""heat_cap"": null, ""max_positions"": 10, ""risk_pct"": 1.0}}"
2026-09-27 11:14:00,stocks,dev,stocks/breakout sens event.window_before x0.7,95eb17ddd8,0,0.2820098821429387,0.029359865686775954,-0.38844574549187316,1504,0.10238950571084819,"{""exits"": {""max_hold"": 100, ""native_exit"": false, ""target_r"": null, ""trail_atr"": 2.5}, ""filters"": {""event"": true, ""regime"": true, ""vol"": true, ""volume"": true}, ""layer_params"": {""event"": {""window_before"": 8}}, ""rank"": ""random"", ""setup"": ""breakout"", ""setup_params"": {""base_len"": 20, ""stop_atr_max"": 1.5, ""stop_atr_min"": 0.5}, ""sizing"": {""heat_cap"": null, ""max_positions"": 10, ""risk_pct"": 1.0}}"
2026-09-27 11:14:03,stocks,val,pullback + score top 20%,04720094ae,0,-0.25611971213224577,-0.04575763883833439,-0.24494980977693748,242,-0.08200999721118313,"{""exits"": {""max_hold"": 20, ""native_exit"": false, ""target_r"": 2.0}, ""filters"": {""score"": true}, ""rank"": ""score"", ""setup"": ""pullback"", ""setup_params"": {""adx_min"": 25.0, ""lookback"": 5, ""stop_atr_max"": 2.0, ""stop_atr_min"": 0.5}, ""sizing"": {""heat_cap"": null, ""max_positions"": 10, ""risk_pct"": 1.0}}"
2026-09-27 11:14:04,stocks,dev,pullback + risk 0.25%,cd1a0ffb15,0,0.5059037597740205,0.04114395132052895,-0.30718777959770416,5786,0.07661588444095016,"{""exits"": {""max_hold"": 20, ""native_exit"": false, ""target_r"": 2.0}, ""filters"": {}, ""rank"": ""random"", ""setup"": ""pullback"", ""setup_params"": {""adx_min"": 25.0, ""lookback"": 5, ""stop_atr_max"": 2.0, ""stop_atr_min"": 0.5}, ""sizing"": {""heat_cap"": null, ""max_positions"": 10, ""risk_pct"": 0.25}}"
2026-09-27 11:14:05,stocks,val,pullback + risk 0.25%,cd1a0ffb15,0,-0.12939809552186665,-0.01622718275809476,-0.17630285800701984,680,-0.019870684322919076,"{""exits"": {""max_hold"": 20, ""native_exit"": false, ""target_r"": 2.0}, ""filters"": {}, ""rank"": ""random"", ""setup"": ""pullback"", ""setup_params"": {""adx_min"": 25.0, ""lookback"": 5, ""stop_atr_max"": 2.0, ""stop_atr_min"": 0.5}, ""sizing"": {""heat_cap"": null, ""max_positions"": 10, ""risk_pct"": 0.25}}"
2026-09-27 11:14:05,stocks,dev,pullback + risk 0.5%,bab7c0373a,0,0.46310734203498655,0.0522471590283804,-0.42828311874064606,4354,0.08047122062602972,"{""exits"": {""max_hold"": 20, ""native_exit"": false, ""target_r"": 2.0}, ""filters"": {}, ""rank"": ""random"", ""setup"": ""pullback"", ""setup_params"": {""adx_min"": 25.0, ""lookback"": 5, ""stop_atr_max"": 2.0, ""stop_atr_min"": 0.5}, ""sizing"": {""heat_cap"": null, ""max_positions"": 10, ""risk_pct"": 0.5}}"
2026-09-27 11:14:06,stocks,dev,stocks/breakout sens event.window_before x1.3,568e80219b,0,0.34371271666944675,0.038139236841131297,-0.35023874982726466,1493,0.12125532333479923,"{""exits"": {""max_hold"": 100, ""native_exit"": false, ""target_r"": null, ""trail_atr"": 2.5}, ""filters"": {""event"": true, ""regime"": true, ""vol"": true, ""volume"": true}, ""layer_params"": {""event"": {""window_before"": 14}}, ""rank"": ""random"", ""setup"": ""breakout"", ""setup_params"": {""base_len"": 20, ""stop_atr_max"": 1.5, ""stop_atr_min"": 0.5}, ""sizing"": {""heat_cap"": null, ""max_positions"": 10, ""risk_pct"": 1.0}}"
2026-09-27 11:14:06,stocks,val,pullback + risk 0.5%,bab7c0373a,0,-0.2176679489040881,-0.042210468620459296,-0.2376033434394177,558,-0.05333777819281134,"{""exits"": {""max_hold"": 20, ""native_exit"": false, ""target_r"": 2.0}, ""filters"": {}, ""rank"": ""random"", ""setup"": ""pullback"", ""setup_params"": {""adx_min"": 25.0, ""lookback"": 5, ""stop_atr_max"": 2.0, ""stop_atr_min"": 0.5}, ""sizing"": {""heat_cap"": null, ""max_positions"": 10, ""risk_pct"": 0.5}}"
2026-09-27 11:14:06,stocks,dev,pullback + risk 2%,a01d0a6e71,0,0.47914935861335184,0.06340292017242044,-0.5013475845743847,2780,0.08158866568669944,"{""exits"": {""max_hold"": 20, ""native_exit"": false, ""target_r"": 2.0}, ""filters"": {}, ""rank"": ""random"", ""setup"": ""pullback"", ""setup_params"": {""adx_min"": 25.0, ""lookback"": 5, ""stop_atr_max"": 2.0, ""stop_atr_min"": 0.5}, ""sizing"": {""heat_cap"": null, ""max_positions"": 10, ""risk_pct"": 2.0}}"
2026-09-27 11:14:07,stocks,dev,stocks/breakout sens exit.max_hold x0.7,835a017f1a,0,0.29429901031365874,0.031463948677629805,-0.36080996921899455,1520,0.15950596592285973,"{""exits"": {""max_hold"": 70, ""native_exit"": false, ""target_r"": null, ""trail_atr"": 2.5}, ""filters"": {""event"": true, ""regime"": true, ""vol"": true, ""volume"": true}, ""rank"": ""random"", ""setup"": ""breakout"", ""setup_params"": {""base_len"": 20, ""stop_atr_max"": 1.5, ""stop_atr_min"": 0.5}, ""sizing"": {""heat_cap"": null, ""max_positions"": 10, ""risk_pct"": 1.0}}"
2026-09-27 11:14:07,stocks,dev,stocks/breakout sens exit.max_hold x1.3,cd94ecac89,0,0.18102342898115287,0.015534464254582936,-0.36080996921899455,1530,0.1000630388183373,"{""exits"": {""max_hold"": 130, ""native_exit"": false, ""target_r"": null, ""trail_atr"": 2.5}, ""filters"": {""event"": true, ""regime"": true, ""vol"": true, ""volume"": true}, ""rank"": ""random"", ""setup"": ""breakout"", ""setup_params"": {""base_len"": 20, ""stop_atr_max"": 1.5, ""stop_atr_min"": 0.5}, ""sizing"": {""heat_cap"": null, ""max_positions"": 10, ""risk_pct"": 1.0}}"
2026-09-27 11:14:07,stocks,dev,stocks/breakout sens exit.trail_atr x0.7,472ea3456c,0,0.24795518373379247,0.023506097954302252,-0.33659852422655734,2080,0.08000733834475983,"{""exits"": {""max_hold"": 100, ""native_exit"": false, ""target_r"": null, ""trail_atr"": 1.75}, ""filters"": {""event"": true, ""regime"": true, ""vol"": true, ""volume"": true}, ""rank"": ""random"", ""setup"": ""breakout"", ""setup_params"": {""base_len"": 20, ""stop_atr_max"": 1.5, ""stop_atr_min"": 0.5}, ""sizing"": {""heat_cap"": null, ""max_positions"": 10, ""risk_pct"": 1.0}}"
2026-09-27 11:14:07,stocks,val,pullback + risk 2%,a01d0a6e71,0,0.18408910863988442,0.017074946306798733,-0.2613322228024968,363,0.0018716614497815748,"{""exits"": {""max_hold"": 20, ""native_exit"": false, ""target_r"": 2.0}, ""filters"": {}, ""rank"": ""random"", ""setup"": ""pullback"", ""setup_params"": {""adx_min"": 25.0, ""lookback"": 5, ""stop_atr_max"": 2.0, ""stop_atr_min"": 0.5}, ""sizing"": {""heat_cap"": null, ""max_positions"": 10, ""risk_pct"": 2.0}}"
2026-09-27 11:14:08,stocks,dev,pullback + ATR sizing,128d5cc40e,0,0.3966456647382691,0.04800166789401494,-0.5172587057573512,3531,0.060970532808288215,"{""exits"": {""max_hold"": 20, ""native_exit"": false, ""target_r"": 2.0}, ""filters"": {}, ""rank"": ""random"", ""setup"": ""pullback"", ""setup_params"": {""adx_min"": 25.0, ""lookback"": 5, ""stop_atr_max"": 2.0, ""stop_atr_min"": 0.5}, ""sizing"": {""atr_mult"": 2.0, ""heat_cap"": null, ""max_positions"": 10, ""mode"": ""atr"", ""risk_pct"": 1.0}}"
2026-09-27 11:14:08,stocks,dev,stocks/breakout sens exit.trail_atr x1.3,7413a68d53,0,0.39837606497187944,0.04716418160474056,-0.36707580982061294,1173,0.1761264964333919,"{""exits"": {""max_hold"": 100, ""native_exit"": false, ""target_r"": null, ""trail_atr"": 3.25}, ""filters"": {""event"": true, ""regime"": true, ""vol"": true, ""volume"": true}, ""rank"": ""random"", ""setup"": ""breakout"", ""setup_params"": {""base_len"": 20, ""stop_atr_max"": 1.5, ""stop_atr_min"": 0.5}, ""sizing"": {""heat_cap"": null, ""max_positions"": 10, ""risk_pct"": 1.0}}"
2026-09-27 11:14:08,stocks,dev,stocks/breakout sens sizing.risk_pct x0.7,16d7f8b2ec,0,0.1641779593182736,0.01288421799082018,-0.3285718150448077,1696,0.08103712039809237,"{""exits"": {""max_hold"": 100, ""native_exit"": false, ""target_r"": null, ""trail_atr"": 2.5}, ""filters"": {""event"": true, ""regime"": true, ""vol"": true, ""volume"": true}, ""rank"": ""random"", ""setup"": ""breakout"", ""setup_params"": {""base_len"": 20, ""stop_atr_max"": 1.5, ""stop_atr_min"": 0.5}, ""sizing"": {""heat_cap"": null, ""max_positions"": 10, ""risk_pct"": 0.7}}"
2026-09-27 11:14:09,stocks,val,pullback + ATR sizing,128d5cc40e,0,-0.036350194032914916,-0.019184193497726154,-0.31095863276881486,417,0.0046863922891424,"{""exits"": {""max_hold"": 20, ""native_exit"": false, ""target_r"": 2.0}, ""filters"": {}, ""rank"": ""random"", ""setup"": ""pullback"", ""setup_params"": {""adx_min"": 25.0, ""lookback"": 5, ""stop_atr_max"": 2.0, ""stop_atr_min"": 0.5}, ""sizing"": {""atr_mult"": 2.0, ""heat_cap"": null, ""max_positions"": 10, ""mode"": ""atr"", ""risk_pct"": 1.0}}"
2026-09-27 11:14:09,stocks,dev,stocks/breakout sens sizing.risk_pct x1.3,24dd55863a,0,0.3423189989218437,0.037359753787631345,-0.3892135380008849,1335,0.2180752846802085,"{""exits"": {""max_hold"": 100, ""native_exit"": false, ""target_r"": null, ""trail_atr"": 2.5}, ""filters"": {""event"": true, ""regime"": true, ""vol"": true, ""volume"": true}, ""rank"": ""random"", ""setup"": ""breakout"", ""setup_params"": {""base_len"": 20, ""stop_atr_max"": 1.5, ""stop_atr_min"": 0.5}, ""sizing"": {""heat_cap"": null, ""max_positions"": 10, ""risk_pct"": 1.3}}"
2026-09-27 11:14:09,stocks,dev,pullback + heat cap 4%,ab318016c0,0,0.19170867057653526,0.016474193311708296,-0.6150250524595214,3016,0.03247394887588645,"{""exits"": {""max_hold"": 20, ""native_exit"": false, ""target_r"": 2.0}, ""filters"": {}, ""rank"": ""random"", ""setup"": ""pullback"", ""setup_params"": {""adx_min"": 25.0, ""lookback"": 5, ""stop_atr_max"": 2.0, ""stop_atr_min"": 0.5}, ""sizing"": {""heat_cap"": 0.04, ""max_positions"": 10, ""risk_pct"": 1.0}}"
2026-09-27 11:14:10,stocks,val,pullback + heat cap 4%,ab318016c0,0,0.3717307918686651,0.0417473071674066,-0.21294981896932574,366,0.0580848271228685,"{""exits"": {""max_hold"": 20, ""native_exit"": false, ""target_r"": 2.0}, ""filters"": {}, ""rank"": ""random"", ""setup"": ""pullback"", ""setup_params"": {""adx_min"": 25.0, ""lookback"": 5, ""stop_atr_max"": 2.0, ""stop_atr_min"": 0.5}, ""sizing"": {""heat_cap"": 0.04, ""max_positions"": 10, ""risk_pct"": 1.0}}"
2026-09-27 11:14:10,stocks,dev,pullback + heat cap 6%,d045836d74,0,0.34611877769539967,0.04064466457550653,-0.5402508672911468,3138,0.06896003687182428,"{""exits"": {""max_hold"": 20, ""native_exit"": false, ""target_r"": 2.0}, ""filters"": {}, ""rank"": ""random"", ""setup"": ""pullback"", ""setup_params"": {""adx_min"": 25.0, ""lookback"": 5, ""stop_atr_max"": 2.0, ""stop_atr_min"": 0.5}, ""sizing"": {""heat_cap"": 0.06, ""max_positions"": 10, ""risk_pct"": 1.0}}"
2026-09-27 11:14:11,stocks,val,pullback + heat cap 6%,d045836d74,0,-0.34180464067500116,-0.06795157956022702,-0.2609847278562688,365,-0.05963290797207631,"{""exits"": {""max_hold"": 20, ""native_exit"": false, ""target_r"": 2.0}, ""filters"": {}, ""rank"": ""random"", ""setup"": ""pullback"", ""setup_params"": {""adx_min"": 25.0, ""lookback"": 5, ""stop_atr_max"": 2.0, ""stop_atr_min"": 0.5}, ""sizing"": {""heat_cap"": 0.06, ""max_positions"": 10, ""risk_pct"": 1.0}}"
2026-09-27 11:14:11,stocks,dev,pullback + heat cap 8%,75cbead313,0,0.47810615788233096,0.06246571300843251,-0.5080714417680371,3211,0.08567645980930241,"{""exits"": {""max_hold"": 20, ""native_exit"": false, ""target_r"": 2.0}, ""filters"": {}, ""rank"": ""random"", ""setup"": ""pullback"", ""setup_params"": {""adx_min"": 25.0, ""lookback"": 5, ""stop_atr_max"": 2.0, ""stop_atr_min"": 0.5}, ""sizing"": {""heat_cap"": 0.08, ""max_positions"": 10, ""risk_pct"": 1.0}}"
2026-09-27 11:14:12,stocks,val,pullback + heat cap 8%,75cbead313,0,-0.101467815138138,-0.0319172863580951,-0.30732402516391455,414,-0.022833564905776683,"{""exits"": {""max_hold"": 20, ""native_exit"": false, ""target_r"": 2.0}, ""filters"": {}, ""rank"": ""random"", ""setup"": ""pullback"", ""setup_params"": {""adx_min"": 25.0, ""lookback"": 5, ""stop_atr_max"": 2.0, ""stop_atr_min"": 0.5}, ""sizing"": {""heat_cap"": 0.08, ""max_positions"": 10, ""risk_pct"": 1.0}}"
2026-09-27 11:14:12,stocks,dev,pullback + max 5 positions,cad047327c,0,0.3871239136295218,0.04544602272011322,-0.44062160319935384,3110,0.07128934758659868,"{""exits"": {""max_hold"": 20, ""native_exit"": false, ""target_r"": 2.0}, ""filters"": {}, ""rank"": ""random"", ""setup"": ""pullback"", ""setup_params"": {""adx_min"": 25.0, ""lookback"": 5, ""stop_atr_max"": 2.0, ""stop_atr_min"": 0.5}, ""sizing"": {""heat_cap"": null, ""max_positions"": 5, ""risk_pct"": 1.0}}"
2026-09-27 11:14:13,stocks,val,pullback + max 5 positions,cad047327c,0,0.028773454186437755,-0.007938421251875383,-0.25604326091419494,371,0.0014831960190461032,"{""exits"": {""max_hold"": 20, ""native_exit"": false, ""target_r"": 2.0}, ""filters"": {}, ""rank"": ""random"", ""setup"": ""pullback"", ""setup_params"": {""adx_min"": 25.0, ""lookback"": 5, ""stop_atr_max"": 2.0, ""stop_atr_min"": 0.5}, ""sizing"": {""heat_cap"": null, ""max_positions"": 5, ""risk_pct"": 1.0}}"
2026-09-27 11:14:13,stocks,dev,pullback + halve risk in 10% DD,041629b0ad,0,0.37214093093902484,0.04222760269667303,-0.489896564565411,3907,0.05766595257054856,"{""exits"": {""max_hold"": 20, ""native_exit"": false, ""target_r"": 2.0}, ""filters"": {}, ""rank"": ""random"", ""setup"": ""pullback"", ""setup_params"": {""adx_min"": 25.0, ""lookback"": 5, ""stop_atr_max"": 2.0, ""stop_atr_min"": 0.5}, ""sizing"": {""dd_reduce"": {""dd"": 0.1, ""factor"": 0.5}, ""heat_cap"": null, ""max_positions"": 10, ""risk_pct"": 1.0}}"
2026-09-27 11:14:14,stocks,val,pullback + halve risk in 10% DD,041629b0ad,0,0.07789356010418585,-0.0004530654200561868,-0.24526663604500532,459,0.014756979340911937,"{""exits"": {""max_hold"": 20, ""native_exit"": false, ""target_r"": 2.0}, ""filters"": {}, ""rank"": ""random"", ""setup"": ""pullback"", ""setup_params"": {""adx_min"": 25.0, ""lookback"": 5, ""stop_atr_max"": 2.0, ""stop_atr_min"": 0.5}, ""sizing"": {""dd_reduce"": {""dd"": 0.1, ""factor"": 0.5}, ""heat_cap"": null, ""max_positions"": 10, ""risk_pct"": 1.0}}"
2026-09-27 11:14:21,stocks,dev,pullback + partial 3d + BE + 10MA,98bd23a063,0,0.22977076450947004,0.023178614254201202,-0.668874469681392,4239,0.029299133686175427,"{""exits"": {""breakeven"": true, ""max_hold"": 100, ""native_exit"": false, ""partial"": {""after_bars"": 3, ""frac"": 0.33, ""trail_after_partial"": true}, ""target_r"": null, ""trail_ma"": 10}, ""filters"": {}, ""rank"": ""random"", ""setup"": ""pullback"", ""setup_params"": {""adx_min"": 25.0, ""lookback"": 5, ""stop_atr_max"": 2.0, ""stop_atr_min"": 0.5}, ""sizing"": {""heat_cap"": null, ""max_positions"": 10, ""risk_pct"": 1.0}}"
2026-09-27 11:14:26,stocks,val,pullback + partial 3d + BE + 10MA,98bd23a063,0,0.10877957559324783,0.004974625324815962,-0.18059114888142946,477,0.004473521843066801,"{""exits"": {""breakeven"": true, ""max_hold"": 100, ""native_exit"": false, ""partial"": {""after_bars"": 3, ""frac"": 0.33, ""trail_after_partial"": true}, ""target_r"": null, ""trail_ma"": 10}, ""filters"": {}, ""rank"": ""random"", ""setup"": ""pullback"", ""setup_params"": {""adx_min"": 25.0, ""lookback"": 5, ""stop_atr_max"": 2.0, ""stop_atr_min"": 0.5}, ""sizing"": {""heat_cap"": null, ""max_positions"": 10, ""risk_pct"": 1.0}}"
2026-09-27 11:14:32,stocks,dev,pullback + partial 2R + BE + 20MA,d22d7a3411,0,0.5103074433401276,0.07268575991467308,-0.541616782985137,2065,0.12015800720515796,"{""exits"": {""breakeven"": true, ""max_hold"": 100, ""native_exit"": false, ""partial"": {""at_r"": 2.0, ""frac"": 0.5, ""trail_after_partial"": true}, ""target_r"": null, ""trail_ma"": 20}, ""filters"": {}, ""rank"": ""random"", ""setup"": ""pullback"", ""setup_params"": {""adx_min"": 25.0, ""lookback"": 5, ""stop_atr_max"": 2.0, ""stop_atr_min"": 0.5}, ""sizing"": {""heat_cap"": null, ""max_positions"": 10, ""risk_pct"": 1.0}}"
2026-09-27 11:14:37,stocks,val,pullback + partial 2R + BE + 20MA,d22d7a3411,0,0.007997662070516307,-0.016424758869078127,-0.320300138638296,248,0.006510006268476077,"{""exits"": {""breakeven"": true, ""max_hold"": 100, ""native_exit"": false, ""partial"": {""at_r"": 2.0, ""frac"": 0.5, ""trail_after_partial"": true}, ""target_r"": null, ""trail_ma"": 20}, ""filters"": {}, ""rank"": ""random"", ""setup"": ""pullback"", ""setup_params"": {""adx_min"": 25.0, ""lookback"": 5, ""stop_atr_max"": 2.0, ""stop_atr_min"": 0.5}, ""sizing"": {""heat_cap"": null, ""max_positions"": 10, ""risk_pct"": 1.0}}"
2026-09-27 11:14:38,stocks,dev,pullback + ATR trail 2.5,f572acf362,0,0.4477420764140393,0.06335815890029806,-0.5409504717180806,1990,0.1568950946274992,"{""exits"": {""max_hold"": 100, ""native_exit"": false, ""target_r"": null, ""trail_atr"": 2.5}, ""filters"": {}, ""rank"": ""random"", ""setup"": ""pullback"", ""setup_params"": {""adx_min"": 25.0, ""lookback"": 5, ""stop_atr_max"": 2.0, ""stop_atr_min"": 0.5}, ""sizing"": {""heat_cap"": null, ""max_positions"": 10, ""risk_pct"": 1.0}}"
2026-09-27 11:14:39,stocks,val,pullback + ATR trail 2.5,f572acf362,0,0.5361488492306012,0.08860164036052076,-0.22502723661452473,245,0.18050275514671651,"{""exits"": {""max_hold"": 100, ""native_exit"": false, ""target_r"": null, ""trail_atr"": 2.5}, ""filters"": {}, ""rank"": ""random"", ""setup"": ""pullback"", ""setup_params"": {""adx_min"": 25.0, ""lookback"": 5, ""stop_atr_max"": 2.0, ""stop_atr_min"": 0.5}, ""sizing"": {""heat_cap"": null, ""max_positions"": 10, ""risk_pct"": 1.0}}"
2026-09-27 11:14:39,stocks,dev,pullback + time stop 5d,74144dc6cc,0,0.19524467691218633,0.01769649218779823,-0.6129472742366704,4956,0.01589255115929915,"{""exits"": {""max_hold"": 20, ""native_exit"": false, ""target_r"": 2.0, ""time_stop"": {""bars"": 5, ""min_r"": 0.5}}, ""filters"": {}, ""rank"": ""random"", ""setup"": ""pullback"", ""setup_params"": {""adx_min"": 25.0, ""lookback"": 5, ""stop_atr_max"": 2.0, ""stop_atr_min"": 0.5}, ""sizing"": {""heat_cap"": null, ""max_positions"": 10, ""risk_pct"": 1.0}}"
2026-09-27 11:14:40,stocks,val,pullback + time stop 5d,74144dc6cc,0,0.6229780425691285,0.09257061388292076,-0.19040055583875548,563,0.030304296079925835,"{""exits"": {""max_hold"": 20, ""native_exit"": false, ""target_r"": 2.0, ""time_stop"": {""bars"": 5, ""min_r"": 0.5}}, ""filters"": {}, ""rank"": ""random"", ""setup"": ""pullback"", ""setup_params"": {""adx_min"": 25.0, ""lookback"": 5, ""stop_atr_max"": 2.0, ""stop_atr_min"": 0.5}, ""sizing"": {""heat_cap"": null, ""max_positions"": 10, ""risk_pct"": 1.0}}"
2026-09-27 11:14:46,stocks,dev,pullback ALL LAYERS,67f741eef5,0,0.5587990462405631,0.03865773809316675,-0.18072176780140237,575,0.27377947324434576,"{""exits"": {""breakeven"": true, ""max_hold"": 100, ""native_exit"": false, ""partial"": {""at_r"": 2.0, ""frac"": 0.5, ""trail_after_partial"": true}, ""target_r"": null, ""trail_ma"": 20}, ""filters"": {""event"": true, ""regime"": true, ""rs"": true, ""score"": true, ""vol"": true, ""volume"": true}, ""rank"": ""score"", ""setup"": ""pullback"", ""setup_params"": {""adx_min"": 25.0, ""lookback"": 5, ""stop_atr_max"": 2.0, ""stop_atr_min"": 0.5}, ""sizing"": {""dd_reduce"": {""dd"": 0.1, ""factor"": 0.5}, ""heat_cap"": 0.06, ""max_positions"": 10, ""risk_pct"": 1.0}}"
2026-09-27 11:14:51,stocks,val,pullback ALL LAYERS,67f741eef5,0,1.0715012561018167,0.07857001281119103,-0.07097613400830993,44,0.7419882534386243,"{""exits"": {""breakeven"": true, ""max_hold"": 100, ""native_exit"": false, ""partial"": {""at_r"": 2.0, ""frac"": 0.5, ""trail_after_partial"": true}, ""target_r"": null, ""trail_ma"": 20}, ""filters"": {""event"": true, ""regime"": true, ""rs"": true, ""score"": true, ""vol"": true, ""volume"": true}, ""rank"": ""score"", ""setup"": ""pullback"", ""setup_params"": {""adx_min"": 25.0, ""lookback"": 5, ""stop_atr_max"": 2.0, ""stop_atr_min"": 0.5}, ""sizing"": {""dd_reduce"": {""dd"": 0.1, ""factor"": 0.5}, ""heat_cap"": 0.06, ""max_positions"": 10, ""risk_pct"": 1.0}}"
2026-09-27 11:14:58,stocks,dev,pullback all minus regime,61c7896d73,0,0.4323633062948882,0.03403896452360322,-0.2687119998199998,838,0.15528130062139092,"{""exits"": {""breakeven"": true, ""max_hold"": 100, ""native_exit"": false, ""partial"": {""at_r"": 2.0, ""frac"": 0.5, ""trail_after_partial"": true}, ""target_r"": null, ""trail_ma"": 20}, ""filters"": {""event"": true, ""rs"": true, ""score"": true, ""vol"": true, ""volume"": true}, ""rank"": ""score"", ""setup"": ""pullback"", ""setup_params"": {""adx_min"": 25.0, ""lookback"": 5, ""stop_atr_max"": 2.0, ""stop_atr_min"": 0.5}, ""sizing"": {""dd_reduce"": {""dd"": 0.1, ""factor"": 0.5}, ""heat_cap"": 0.06, ""max_positions"": 10, ""risk_pct"": 1.0}}"
2026-09-27 11:15:02,stocks,val,pullback all minus regime,61c7896d73,0,0.6142112917309235,0.04734721386393792,-0.09333630021461647,60,0.3621807014293335,"{""exits"": {""breakeven"": true, ""max_hold"": 100, ""native_exit"": false, ""partial"": {""at_r"": 2.0, ""frac"": 0.5, ""trail_after_partial"": true}, ""target_r"": null, ""trail_ma"": 20}, ""filters"": {""event"": true, ""rs"": true, ""score"": true, ""vol"": true, ""volume"": true}, ""rank"": ""score"", ""setup"": ""pullback"", ""setup_params"": {""adx_min"": 25.0, ""lookback"": 5, ""stop_atr_max"": 2.0, ""stop_atr_min"": 0.5}, ""sizing"": {""dd_reduce"": {""dd"": 0.1, ""factor"": 0.5}, ""heat_cap"": 0.06, ""max_positions"": 10, ""risk_pct"": 1.0}}"
2026-09-27 11:15:09,stocks,dev,pullback all minus vol,6392d88da5,0,0.5936383246637363,0.042301600662406846,-0.202370996790453,606,0.27329562070210295,"{""exits"": {""breakeven"": true, ""max_hold"": 100, ""native_exit"": false, ""partial"": {""at_r"": 2.0, ""frac"": 0.5, ""trail_after_partial"": true}, ""target_r"": null, ""trail_ma"": 20}, ""filters"": {""event"": true, ""regime"": true, ""rs"": true, ""score"": true, ""volume"": true}, ""rank"": ""score"", ""setup"": ""pullback"", ""setup_params"": {""adx_min"": 25.0, ""lookback"": 5, ""stop_atr_max"": 2.0, ""stop_atr_min"": 0.5}, ""sizing"": {""dd_reduce"": {""dd"": 0.1, ""factor"": 0.5}, ""heat_cap"": 0.06, ""max_positions"": 10, ""risk_pct"": 1.0}}"
2026-09-27 11:15:13,stocks,val,pullback all minus vol,6392d88da5,0,0.9309945348945623,0.07296213168754684,-0.07097613400830993,48,0.6598069953457618,"{""exits"": {""breakeven"": true, ""max_hold"": 100, ""native_exit"": false, ""partial"": {""at_r"": 2.0, ""frac"": 0.5, ""trail_after_partial"": true}, ""target_r"": null, ""trail_ma"": 20}, ""filters"": {""event"": true, ""regime"": true, ""rs"": true, ""score"": true, ""volume"": true}, ""rank"": ""score"", ""setup"": ""pullback"", ""setup_params"": {""adx_min"": 25.0, ""lookback"": 5, ""stop_atr_max"": 2.0, ""stop_atr_min"": 0.5}, ""sizing"": {""dd_reduce"": {""dd"": 0.1, ""factor"": 0.5}, ""heat_cap"": 0.06, ""max_positions"": 10, ""risk_pct"": 1.0}}"
2026-09-27 11:15:20,stocks,dev,pullback all minus rs,0662f2f81c,0,0.6051046947410064,0.05579938733711631,-0.26279896574820205,1197,0.19182446046212642,"{""exits"": {""breakeven"": true, ""max_hold"": 100, ""native_exit"": false, ""partial"": {""at_r"": 2.0, ""frac"": 0.5, ""trail_after_partial"": true}, ""target_r"": null, ""trail_ma"": 20}, ""filters"": {""event"": true, ""regime"": true, ""score"": true, ""vol"": true, ""volume"": true}, ""rank"": ""score"", ""setup"": ""pullback"", ""setup_params"": {""adx_min"": 25.0, ""lookback"": 5, ""stop_atr_max"": 2.0, ""stop_atr_min"": 0.5}, ""sizing"": {""dd_reduce"": {""dd"": 0.1, ""factor"": 0.5}, ""heat_cap"": 0.06, ""max_positions"": 10, ""risk_pct"": 1.0}}"
2026-09-27 11:15:24,stocks,val,pullback all minus rs,0662f2f81c,0,0.4137255690294713,0.035489560395809194,-0.10257820111076421,90,0.20008773544854175,"{""exits"": {""breakeven"": true, ""max_hold"": 100, ""native_exit"": false, ""partial"": {""at_r"": 2.0, ""frac"": 0.5, ""trail_after_partial"": true}, ""target_r"": null, ""trail_ma"": 20}, ""filters"": {""event"": true, ""regime"": true, ""score"": true, ""vol"": true, ""volume"": true}, ""rank"": ""score"", ""setup"": ""pullback"", ""setup_params"": {""adx_min"": 25.0, ""lookback"": 5, ""stop_atr_max"": 2.0, ""stop_atr_min"": 0.5}, ""sizing"": {""dd_reduce"": {""dd"": 0.1, ""factor"": 0.5}, ""heat_cap"": 0.06, ""max_positions"": 10, ""risk_pct"": 1.0}}"
2026-09-27 11:15:31,stocks,dev,pullback all minus volume,459fc9c765,0,0.5349233276543117,0.04383422996722053,-0.20888478672494937,805,0.22972640713784134,"{""exits"": {""breakeven"": true, ""max_hold"": 100, ""native_exit"": false, ""partial"": {""at_r"": 2.0, ""frac"": 0.5, ""trail_after_partial"": true}, ""target_r"": null, ""trail_ma"": 20}, ""filters"": {""event"": true, ""regime"": true, ""rs"": true, ""score"": true, ""vol"": true}, ""rank"": ""score"", ""setup"": ""pullback"", ""setup_params"": {""adx_min"": 25.0, ""lookback"": 5, ""stop_atr_max"": 2.0, ""stop_atr_min"": 0.5}, ""sizing"": {""dd_reduce"": {""dd"": 0.1, ""factor"": 0.5}, ""heat_cap"": 0.06, ""max_positions"": 10, ""risk_pct"": 1.0}}"
2026-09-27 11:15:35,stocks,val,pullback all minus volume,459fc9c765,0,1.0681242904894799,0.09596570666337456,-0.06931743295251613,63,0.5719248138089896,"{""exits"": {""breakeven"": true, ""max_hold"": 100, ""native_exit"": false, ""partial"": {""at_r"": 2.0, ""frac"": 0.5, ""trail_after_partial"": true}, ""target_r"": null, ""trail_ma"": 20}, ""filters"": {""event"": true, ""regime"": true, ""rs"": true, ""score"": true, ""vol"": true}, ""rank"": ""score"", ""setup"": ""pullback"", ""setup_params"": {""adx_min"": 25.0, ""lookback"": 5, ""stop_atr_max"": 2.0, ""stop_atr_min"": 0.5}, ""sizing"": {""dd_reduce"": {""dd"": 0.1, ""factor"": 0.5}, ""heat_cap"": 0.06, ""max_positions"": 10, ""risk_pct"": 1.0}}"
2026-09-27 11:15:41,stocks,dev,pullback all minus event,15e74bbf55,0,0.4999898412912813,0.0344696401656821,-0.23648649073795125,637,0.19990264892562043,"{""exits"": {""breakeven"": true, ""max_hold"": 100, ""native_exit"": false, ""partial"": {""at_r"": 2.0, ""frac"": 0.5, ""trail_after_partial"": true}, ""target_r"": null, ""trail_ma"": 20}, ""filters"": {""regime"": true, ""rs"": true, ""score"": true, ""vol"": true, ""volume"": true}, ""rank"": ""score"", ""setup"": ""pullback"", ""setup_params"": {""adx_min"": 25.0, ""lookback"": 5, ""stop_atr_max"": 2.0, ""stop_atr_min"": 0.5}, ""sizing"": {""dd_reduce"": {""dd"": 0.1, ""factor"": 0.5}, ""heat_cap"": 0.06, ""max_positions"": 10, ""risk_pct"": 1.0}}"
2026-09-27 11:15:46,stocks,val,pullback all minus event,15e74bbf55,0,1.170943649251171,0.10058430210818647,-0.07722757624300669,55,0.6838925502046799,"{""exits"": {""breakeven"": true, ""max_hold"": 100, ""native_exit"": false, ""partial"": {""at_r"": 2.0, ""frac"": 0.5, ""trail_after_partial"": true}, ""target_r"": null, ""trail_ma"": 20}, ""filters"": {""regime"": true, ""rs"": true, ""score"": true, ""vol"": true, ""volume"": true}, ""rank"": ""score"", ""setup"": ""pullback"", ""setup_params"": {""adx_min"": 25.0, ""lookback"": 5, ""stop_atr_max"": 2.0, ""stop_atr_min"": 0.5}, ""sizing"": {""dd_reduce"": {""dd"": 0.1, ""factor"": 0.5}, ""heat_cap"": 0.06, ""max_positions"": 10, ""risk_pct"": 1.0}}"
2026-09-27 11:15:52,stocks,dev,pullback all minus score,ca8d0f5888,0,0.5553079692264545,0.055363439978788564,-0.24608723870411153,1345,0.1766011893308094,"{""exits"": {""breakeven"": true, ""max_hold"": 100, ""native_exit"": false, ""partial"": {""at_r"": 2.0, ""frac"": 0.5, ""trail_after_partial"": true}, ""target_r"": null, ""trail_ma"": 20}, ""filters"": {""event"": true, ""regime"": true, ""rs"": true, ""vol"": true, ""volume"": true}, ""rank"": ""random"", ""setup"": ""pullback"", ""setup_params"": {""adx_min"": 25.0, ""lookback"": 5, ""stop_atr_max"": 2.0, ""stop_atr_min"": 0.5}, ""sizing"": {""dd_reduce"": {""dd"": 0.1, ""factor"": 0.5}, ""heat_cap"": 0.06, ""max_positions"": 10, ""risk_pct"": 1.0}}"
2026-09-27 11:15:57,stocks,val,pullback all minus score,ca8d0f5888,0,0.1975290129154237,0.016747165450040624,-0.20036065808386172,148,0.028593264935072644,"{""exits"": {""breakeven"": true, ""max_hold"": 100, ""native_exit"": false, ""partial"": {""at_r"": 2.0, ""frac"": 0.5, ""trail_after_partial"": true}, ""target_r"": null, ""trail_ma"": 20}, ""filters"": {""event"": true, ""regime"": true, ""rs"": true, ""vol"": true, ""volume"": true}, ""rank"": ""random"", ""setup"": ""pullback"", ""setup_params"": {""adx_min"": 25.0, ""lookback"": 5, ""stop_atr_max"": 2.0, ""stop_atr_min"": 0.5}, ""sizing"": {""dd_reduce"": {""dd"": 0.1, ""factor"": 0.5}, ""heat_cap"": 0.06, ""max_positions"": 10, ""risk_pct"": 1.0}}"
2026-09-27 11:16:03,stocks,dev,pullback all minus exit,01fffe02b9,0,0.5040716440053323,0.028119196348057596,-0.18617768086096087,603,0.16437973686360935,"{""exits"": {""max_hold"": 20, ""native_exit"": false, ""target_r"": 2.0}, ""filters"": {""event"": true, ""regime"": true, ""rs"": true, ""score"": true, ""vol"": true, ""volume"": true}, ""rank"": ""score"", ""setup"": ""pullback"", ""setup_params"": {""adx_min"": 25.0, ""lookback"": 5, ""stop_atr_max"": 2.0, ""stop_atr_min"": 0.5}, ""sizing"": {""dd_reduce"": {""dd"": 0.1, ""factor"": 0.5}, ""heat_cap"": 0.06, ""max_positions"": 10, ""risk_pct"": 1.0}}"
2026-09-27 11:16:08,stocks,val,pullback all minus exit,01fffe02b9,0,1.1236441051134654,0.06815369990527587,-0.05515123984072556,46,0.5288907370878015,"{""exits"": {""max_hold"": 20, ""native_exit"": false, ""target_r"": 2.0}, ""filters"": {""event"": true, ""regime"": true, ""rs"": true, ""score"": true, ""vol"": true, ""volume"": true}, ""rank"": ""score"", ""setup"": ""pullback"", ""setup_params"": {""adx_min"": 25.0, ""lookback"": 5, ""stop_atr_max"": 2.0, ""stop_atr_min"": 0.5}, ""sizing"": {""dd_reduce"": {""dd"": 0.1, ""factor"": 0.5}, ""heat_cap"": 0.06, ""max_positions"": 10, ""risk_pct"": 1.0}}"
2026-09-27 11:16:08,stocks,dev,pullback all minus sizing,bde9fb4309,0,0.60279855203794,0.0451335506626005,-0.19665645477006877,552,0.27235628496138165,"{""exits"": {""breakeven"": true, ""max_hold"": 100, ""native_exit"": false, ""partial"": {""at_r"": 2.0, ""frac"": 0.5, ""trail_after_partial"": true}, ""target_r"": null, ""trail_ma"": 20}, ""filters"": {""event"": true, ""regime"": true, ""rs"": true, ""score"": true, ""vol"": true, ""volume"": true}, ""rank"": ""score"", ""setup"": ""pullback"", ""setup_params"": {""adx_min"": 25.0, ""lookback"": 5, ""stop_atr_max"": 2.0, ""stop_atr_min"": 0.5}, ""sizing"": {""heat_cap"": null, ""max_positions"": 10, ""risk_pct"": 1.0}}"
2026-09-27 11:16:08,stocks,val,pullback all minus sizing,bde9fb4309,0,1.0715012561018167,0.07857001281119103,-0.07097613400830993,44,0.7419882534386243,"{""exits"": {""breakeven"": true, ""max_hold"": 100, ""native_exit"": false, ""partial"": {""at_r"": 2.0, ""frac"": 0.5, ""trail_after_partial"": true}, ""target_r"": null, ""trail_ma"": 20}, ""filters"": {""event"": true, ""regime"": true, ""rs"": true, ""score"": true, ""vol"": true, ""volume"": true}, ""rank"": ""score"", ""setup"": ""pullback"", ""setup_params"": {""adx_min"": 25.0, ""lookback"": 5, ""stop_atr_max"": 2.0, ""stop_atr_min"": 0.5}, ""sizing"": {""heat_cap"": null, ""max_positions"": 10, ""risk_pct"": 1.0}}"
2026-09-27 11:16:08,stocks,dev,pullback PICKED,d22d7a3411,0,0.5103074433401276,0.07268575991467308,-0.541616782985137,2065,0.12015800720515796,"{""exits"": {""breakeven"": true, ""max_hold"": 100, ""native_exit"": false, ""partial"": {""at_r"": 2.0, ""frac"": 0.5, ""trail_after_partial"": true}, ""target_r"": null, ""trail_ma"": 20}, ""filters"": {}, ""rank"": ""random"", ""setup"": ""pullback"", ""setup_params"": {""adx_min"": 25.0, ""lookback"": 5, ""stop_atr_max"": 2.0, ""stop_atr_min"": 0.5}, ""sizing"": {""heat_cap"": null, ""max_positions"": 10, ""risk_pct"": 1.0}}"
2026-09-27 11:16:09,stocks,val,pullback PICKED,d22d7a3411,0,0.007997662070516307,-0.016424758869078127,-0.320300138638296,248,0.006510006268476077,"{""exits"": {""breakeven"": true, ""max_hold"": 100, ""native_exit"": false, ""partial"": {""at_r"": 2.0, ""frac"": 0.5, ""trail_after_partial"": true}, ""target_r"": null, ""trail_ma"": 20}, ""filters"": {}, ""rank"": ""random"", ""setup"": ""pullback"", ""setup_params"": {""adx_min"": 25.0, ""lookback"": 5, ""stop_atr_max"": 2.0, ""stop_atr_min"": 0.5}, ""sizing"": {""heat_cap"": null, ""max_positions"": 10, ""risk_pct"": 1.0}}"
2026-09-27 11:16:15,stocks,dev,naive rsi2,4fdf9a625b,0,0.5225202073243848,0.0676231283434574,-0.36011505843726643,8250,0.0223835317254484,"{""exits"": {""max_hold"": 10, ""native_exit"": true, ""target_r"": null}, ""filters"": {}, ""rank"": ""random"", ""setup"": ""rsi2"", ""setup_params"": {""entry"": 10.0, ""exit"": 70.0, ""ma"": 200, ""stop_atr"": 3.0}, ""sizing"": {""heat_cap"": null, ""max_positions"": 10, ""risk_pct"": 1.0}}"
2026-09-27 11:16:20,stocks,val,naive rsi2,4fdf9a625b,0,0.49295429330079793,0.07479115796215052,-0.2594629529421171,1028,0.02523055771944508,"{""exits"": {""max_hold"": 10, ""native_exit"": true, ""target_r"": null}, ""filters"": {}, ""rank"": ""random"", ""setup"": ""rsi2"", ""setup_params"": {""entry"": 10.0, ""exit"": 70.0, ""ma"": 200, ""stop_atr"": 3.0}, ""sizing"": {""heat_cap"": null, ""max_positions"": 10, ""risk_pct"": 1.0}}"
2026-09-27 11:16:38,stocks,dev,stocks/pullback sens setup.adx_min x0.7,d7fbe72308,0,0.7011871362877866,0.112912602616837,-0.5434625346623925,2099,0.18859695216034258,"{""exits"": {""breakeven"": true, ""max_hold"": 100, ""native_exit"": false, ""partial"": {""at_r"": 2.0, ""frac"": 0.5, ""trail_after_partial"": true}, ""target_r"": null, ""trail_ma"": 20}, ""filters"": {}, ""rank"": ""random"", ""setup"": ""pullback"", ""setup_params"": {""adx_min"": 17.5, ""lookback"": 5, ""stop_atr_max"": 2.0, ""stop_atr_min"": 0.5}, ""sizing"": {""heat_cap"": null, ""max_positions"": 10, ""risk_pct"": 1.0}}"
2026-09-27 11:16:44,stocks,dev,stocks/pullback sens setup.adx_min x1.3,c0a233998c,0,0.6167288957501292,0.07809644180364361,-0.3485233265695872,1722,0.18410426337074406,"{""exits"": {""breakeven"": true, ""max_hold"": 100, ""native_exit"": false, ""partial"": {""at_r"": 2.0, ""frac"": 0.5, ""trail_after_partial"": true}, ""target_r"": null, ""trail_ma"": 20}, ""filters"": {}, ""rank"": ""random"", ""setup"": ""pullback"", ""setup_params"": {""adx_min"": 32.5, ""lookback"": 5, ""stop_atr_max"": 2.0, ""stop_atr_min"": 0.5}, ""sizing"": {""heat_cap"": null, ""max_positions"": 10, ""risk_pct"": 1.0}}"
2026-09-27 11:16:47,stocks,dev,rsi2 + regime,e4fdb095f8,0,0.6076840986628086,0.06047526506767098,-0.18622543381820367,5464,0.029536739533100233,"{""exits"": {""max_hold"": 10, ""native_exit"": true, ""target_r"": null}, ""filters"": {""regime"": true}, ""rank"": ""random"", ""setup"": ""rsi2"", ""setup_params"": {""entry"": 10.0, ""exit"": 70.0, ""ma"": 200, ""stop_atr"": 3.0}, ""sizing"": {""heat_cap"": null, ""max_positions"": 10, ""risk_pct"": 1.0}}"
2026-09-27 11:16:51,stocks,dev,stocks/pullback sens setup.lookback x0.7,372b0a53ce,0,0.6743726922257931,0.10006898868441039,-0.5309995458865401,2021,0.19075208515106232,"{""exits"": {""breakeven"": true, ""max_hold"": 100, ""native_exit"": false, ""partial"": {""at_r"": 2.0, ""frac"": 0.5, ""trail_after_partial"": true}, ""target_r"": null, ""trail_ma"": 20}, ""filters"": {}, ""rank"": ""random"", ""setup"": ""pullback"", ""setup_params"": {""adx_min"": 25.0, ""lookback"": 4, ""stop_atr_max"": 2.0, ""stop_atr_min"": 0.5}, ""sizing"": {""heat_cap"": null, ""max_positions"": 10, ""risk_pct"": 1.0}}"
2026-09-27 11:16:51,stocks,val,rsi2 + regime,e4fdb095f8,0,0.6706658661852488,0.07549598435525073,-0.16156524184051357,652,0.03757723220162427,"{""exits"": {""max_hold"": 10, ""native_exit"": true, ""target_r"": null}, ""filters"": {""regime"": true}, ""rank"": ""random"", ""setup"": ""rsi2"", ""setup_params"": {""entry"": 10.0, ""exit"": 70.0, ""ma"": 200, ""stop_atr"": 3.0}, ""sizing"": {""heat_cap"": null, ""max_positions"": 10, ""risk_pct"": 1.0}}"
2026-09-27 11:16:52,stocks,dev,rsi2 + vol,c69b807a7e,0,0.54156831543815,0.06545100420459371,-0.3182181204733209,7424,0.02415414808331752,"{""exits"": {""max_hold"": 10, ""native_exit"": true, ""target_r"": null}, ""filters"": {""vol"": true}, ""rank"": ""random"", ""setup"": ""rsi2"", ""setup_params"": {""entry"": 10.0, ""exit"": 70.0, ""ma"": 200, ""stop_atr"": 3.0}, ""sizing"": {""heat_cap"": null, ""max_positions"": 10, ""risk_pct"": 1.0}}"
2026-09-27 11:16:57,stocks,val,rsi2 + vol,c69b807a7e,0,1.308102422643242,0.19004577007148749,-0.15812350871685632,876,0.06354949238069654,"{""exits"": {""max_hold"": 10, ""native_exit"": true, ""target_r"": null}, ""filters"": {""vol"": true}, ""rank"": ""random"", ""setup"": ""rsi2"", ""setup_params"": {""entry"": 10.0, ""exit"": 70.0, ""ma"": 200, ""stop_atr"": 3.0}, ""sizing"": {""heat_cap"": null, ""max_positions"": 10, ""risk_pct"": 1.0}}"
2026-09-27 11:16:57,stocks,dev,stocks/pullback sens setup.lookback x1.3,90a078f112,0,0.5495733198675693,0.07791950499268552,-0.5195027817284557,2028,0.15398187895778334,"{""exits"": {""breakeven"": true, ""max_hold"": 100, ""native_exit"": false, ""partial"": {""at_r"": 2.0, ""frac"": 0.5, ""trail_after_partial"": true}, ""target_r"": null, ""trail_ma"": 20}, ""filters"": {}, ""rank"": ""random"", ""setup"": ""pullback"", ""setup_params"": {""adx_min"": 25.0, ""lookback"": 6, ""stop_atr_max"": 2.0, ""stop_atr_min"": 0.5}, ""sizing"": {""heat_cap"": null, ""max_positions"": 10, ""risk_pct"": 1.0}}"
2026-09-27 11:16:57,stocks,dev,rsi2 + rs,17771581c0,0,0.9615753906546113,0.13210304534910344,-0.24666304880190648,6634,0.04994681277103203,"{""exits"": {""max_hold"": 10, ""native_exit"": true, ""target_r"": null}, ""filters"": {""rs"": true}, ""rank"": ""random"", ""setup"": ""rsi2"", ""setup_params"": {""entry"": 10.0, ""exit"": 70.0, ""ma"": 200, ""stop_atr"": 3.0}, ""sizing"": {""heat_cap"": null, ""max_positions"": 10, ""risk_pct"": 1.0}}"
2026-09-27 11:17:01,stocks,val,rsi2 + rs,17771581c0,0,0.8820945033980966,0.1392475416305241,-0.16956976410386315,869,0.049196314758432745,"{""exits"": {""max_hold"": 10, ""native_exit"": true, ""target_r"": null}, ""filters"": {""rs"": true}, ""rank"": ""random"", ""setup"": ""rsi2"", ""setup_params"": {""entry"": 10.0, ""exit"": 70.0, ""ma"": 200, ""stop_atr"": 3.0}, ""sizing"": {""heat_cap"": null, ""max_positions"": 10, ""risk_pct"": 1.0}}"
2026-09-27 11:17:02,stocks,dev,rsi2 + event,6da334d29e,0,0.66404048132906,0.08827652158670096,-0.3109914077592131,8140,0.028796186019530275,"{""exits"": {""max_hold"": 10, ""native_exit"": true, ""target_r"": null}, ""filters"": {""event"": true}, ""rank"": ""random"", ""setup"": ""rsi2"", ""setup_params"": {""entry"": 10.0, ""exit"": 70.0, ""ma"": 200, ""stop_atr"": 3.0}, ""sizing"": {""heat_cap"": null, ""max_positions"": 10, ""risk_pct"": 1.0}}"
2026-09-27 11:17:03,stocks,dev,stocks/pullback sens setup.stop_atr_min x0.7,d945106f89,0,0.5570910195477574,0.0795810561122916,-0.5041940853292737,2021,0.15622592879178465,"{""exits"": {""breakeven"": true, ""max_hold"": 100, ""native_exit"": false, ""partial"": {""at_r"": 2.0, ""frac"": 0.5, ""trail_after_partial"": true}, ""target_r"": null, ""trail_ma"": 20}, ""filters"": {}, ""rank"": ""random"", ""setup"": ""pullback"", ""setup_params"": {""adx_min"": 25.0, ""lookback"": 5, ""stop_atr_max"": 2.0, ""stop_atr_min"": 0.35}, ""sizing"": {""heat_cap"": null, ""max_positions"": 10, ""risk_pct"": 1.0}}"
2026-09-27 11:17:07,stocks,val,rsi2 + event,6da334d29e,0,0.4707315315948619,0.06863191251447653,-0.1947924176845487,1022,0.023673132233584773,"{""exits"": {""max_hold"": 10, ""native_exit"": true, ""target_r"": null}, ""filters"": {""event"": true}, ""rank"": ""random"", ""setup"": ""rsi2"", ""setup_params"": {""entry"": 10.0, ""exit"": 70.0, ""ma"": 200, ""stop_atr"": 3.0}, ""sizing"": {""heat_cap"": null, ""max_positions"": 10, ""risk_pct"": 1.0}}"
2026-09-27 11:17:07,stocks,dev,rsi2 + score rank only,edccd751a7,0,0.8399075989241086,0.1251694024860286,-0.2623206534173226,8654,0.036951843777919685,"{""exits"": {""max_hold"": 10, ""native_exit"": true, ""target_r"": null}, ""filters"": {}, ""rank"": ""score"", ""setup"": ""rsi2"", ""setup_params"": {""entry"": 10.0, ""exit"": 70.0, ""ma"": 200, ""stop_atr"": 3.0}, ""sizing"": {""heat_cap"": null, ""max_positions"": 10, ""risk_pct"": 1.0}}"
2026-09-27 11:17:09,stocks,val,rsi2 + score rank only,edccd751a7,0,1.0862475863126353,0.19700328559786584,-0.18054009439218777,1081,0.053493888295100385,"{""exits"": {""max_hold"": 10, ""native_exit"": true, ""target_r"": null}, ""filters"": {}, ""rank"": ""score"", ""setup"": ""rsi2"", ""setup_params"": {""entry"": 10.0, ""exit"": 70.0, ""ma"": 200, ""stop_atr"": 3.0}, ""sizing"": {""heat_cap"": null, ""max_positions"": 10, ""risk_pct"": 1.0}}"
2026-09-27 11:17:09,stocks,dev,stocks/pullback sens setup.stop_atr_min x1.3,cbb0b0eec1,0,0.6542534031967342,0.09642974472765564,-0.5217853824960823,2012,0.17746340206782757,"{""exits"": {""breakeven"": true, ""max_hold"": 100, ""native_exit"": false, ""partial"": {""at_r"": 2.0, ""frac"": 0.5, ""trail_after_partial"": true}, ""target_r"": null, ""trail_ma"": 20}, ""filters"": {}, ""rank"": ""random"", ""setup"": ""pullback"", ""setup_params"": {""adx_min"": 25.0, ""lookback"": 5, ""stop_atr_max"": 2.0, ""stop_atr_min"": 0.65}, ""sizing"": {""heat_cap"": null, ""max_positions"": 10, ""risk_pct"": 1.0}}"
2026-09-27 11:17:10,stocks,dev,rsi2 + score top 20%,ef013a315f,0,0.9006539279775123,0.11997324895268902,-0.2207599497680366,6160,0.049270054289235005,"{""exits"": {""max_hold"": 10, ""native_exit"": true, ""target_r"": null}, ""filters"": {""score"": true}, ""rank"": ""score"", ""setup"": ""rsi2"", ""setup_params"": {""entry"": 10.0, ""exit"": 70.0, ""ma"": 200, ""stop_atr"": 3.0}, ""sizing"": {""heat_cap"": null, ""max_positions"": 10, ""risk_pct"": 1.0}}"
2026-09-27 11:17:14,stocks,val,rsi2 + score top 20%,ef013a315f,0,0.9854898459827897,0.1522194855791894,-0.15349828721598568,701,0.06560800220903054,"{""exits"": {""max_hold"": 10, ""native_exit"": true, ""target_r"": null}, ""filters"": {""score"": true}, ""rank"": ""score"", ""setup"": ""rsi2"", ""setup_params"": {""entry"": 10.0, ""exit"": 70.0, ""ma"": 200, ""stop_atr"": 3.0}, ""sizing"": {""heat_cap"": null, ""max_positions"": 10, ""risk_pct"": 1.0}}"
2026-09-27 11:17:14,stocks,dev,rsi2 + risk 0.25%,eedc3e5b94,0,0.3889887261268161,0.016864076796633487,-0.13374927499460676,10822,0.016399760011746072,"{""exits"": {""max_hold"": 10, ""native_exit"": true, ""target_r"": null}, ""filters"": {}, ""rank"": ""random"", ""setup"": ""rsi2"", ""setup_params"": {""entry"": 10.0, ""exit"": 70.0, ""ma"": 200, ""stop_atr"": 3.0}, ""sizing"": {""heat_cap"": null, ""max_positions"": 10, ""risk_pct"": 0.25}}"
2026-09-27 11:17:16,stocks,dev,stocks/pullback sens setup.stop_atr_max x0.7,4c1b0218c1,0,0.5370041235195642,0.0743706659784178,-0.47741393470033977,2456,0.1420927592461196,"{""exits"": {""breakeven"": true, ""max_hold"": 100, ""native_exit"": false, ""partial"": {""at_r"": 2.0, ""frac"": 0.5, ""trail_after_partial"": true}, ""target_r"": null, ""trail_ma"": 20}, ""filters"": {}, ""rank"": ""random"", ""setup"": ""pullback"", ""setup_params"": {""adx_min"": 25.0, ""lookback"": 5, ""stop_atr_max"": 1.4, ""stop_atr_min"": 0.5}, ""sizing"": {""heat_cap"": null, ""max_positions"": 10, ""risk_pct"": 1.0}}"
2026-09-27 11:17:16,stocks,val,rsi2 + risk 0.25%,eedc3e5b94,0,0.1954447068224958,0.008810414921783805,-0.08149714194887614,1255,0.009794239098527948,"{""exits"": {""max_hold"": 10, ""native_exit"": true, ""target_r"": null}, ""filters"": {}, ""rank"": ""random"", ""setup"": ""rsi2"", ""setup_params"": {""entry"": 10.0, ""exit"": 70.0, ""ma"": 200, ""stop_atr"": 3.0}, ""sizing"": {""heat_cap"": null, ""max_positions"": 10, ""risk_pct"": 0.25}}"
2026-09-27 11:17:16,stocks,dev,rsi2 + risk 0.5%,49e9aab495,0,0.49632166147344337,0.04190124309035337,-0.23932585226727132,10760,0.020911424670046225,"{""exits"": {""max_hold"": 10, ""native_exit"": true, ""target_r"": null}, ""filters"": {}, ""rank"": ""random"", ""setup"": ""rsi2"", ""setup_params"": {""entry"": 10.0, ""exit"": 70.0, ""ma"": 200, ""stop_atr"": 3.0}, ""sizing"": {""heat_cap"": null, ""max_positions"": 10, ""risk_pct"": 0.5}}"
2026-09-27 11:17:18,stocks,val,rsi2 + risk 0.5%,49e9aab495,0,0.5304903023410074,0.050036738371013634,-0.13346770139123698,1273,0.025664473000919567,"{""exits"": {""max_hold"": 10, ""native_exit"": true, ""target_r"": null}, ""filters"": {}, ""rank"": ""random"", ""setup"": ""rsi2"", ""setup_params"": {""entry"": 10.0, ""exit"": 70.0, ""ma"": 200, ""stop_atr"": 3.0}, ""sizing"": {""heat_cap"": null, ""max_positions"": 10, ""risk_pct"": 0.5}}"
2026-09-27 11:17:18,stocks,dev,rsi2 + risk 2%,5889f14ea9,0,0.6272095899448885,0.09565744756956773,-0.35975256213232154,5870,0.02248749107618748,"{""exits"": {""max_hold"": 10, ""native_exit"": true, ""target_r"": null}, ""filters"": {}, ""rank"": ""random"", ""setup"": ""rsi2"", ""setup_params"": {""entry"": 10.0, ""exit"": 70.0, ""ma"": 200, ""stop_atr"": 3.0}, ""sizing"": {""heat_cap"": null, ""max_positions"": 10, ""risk_pct"": 2.0}}"
2026-09-27 11:17:20,stocks,val,rsi2 + risk 2%,5889f14ea9,0,0.9634677816515873,0.19069237579332432,-0.28615465027681874,688,0.04636550800221371,"{""exits"": {""max_hold"": 10, ""native_exit"": true, ""target_r"": null}, ""filters"": {}, ""rank"": ""random"", ""setup"": ""rsi2"", ""setup_params"": {""entry"": 10.0, ""exit"": 70.0, ""ma"": 200, ""stop_atr"": 3.0}, ""sizing"": {""heat_cap"": null, ""max_positions"": 10, ""risk_pct"": 2.0}}"
2026-09-27 11:17:20,stocks,dev,rsi2 + ATR sizing,6c9d7290dc,0,0.5260710588636517,0.0760099263761731,-0.46079767005239836,6516,0.0198633568034884,"{""exits"": {""max_hold"": 10, ""native_exit"": true, ""target_r"": null}, ""filters"": {}, ""rank"": ""random"", ""setup"": ""rsi2"", ""setup_params"": {""entry"": 10.0, ""exit"": 70.0, ""ma"": 200, ""stop_atr"": 3.0}, ""sizing"": {""atr_mult"": 2.0, ""heat_cap"": null, ""max_positions"": 10, ""mode"": ""atr"", ""risk_pct"": 1.0}}"
2026-09-27 11:17:22,stocks,dev,stocks/pullback sens setup.stop_atr_max x1.3,a962898c96,0,0.7316876230491697,0.10956787718085703,-0.5637102094420385,1842,0.2331250351168471,"{""exits"": {""breakeven"": true, ""max_hold"": 100, ""native_exit"": false, ""partial"": {""at_r"": 2.0, ""frac"": 0.5, ""trail_after_partial"": true}, ""target_r"": null, ""trail_ma"": 20}, ""filters"": {}, ""rank"": ""random"", ""setup"": ""pullback"", ""setup_params"": {""adx_min"": 25.0, ""lookback"": 5, ""stop_atr_max"": 2.6, ""stop_atr_min"": 0.5}, ""sizing"": {""heat_cap"": null, ""max_positions"": 10, ""risk_pct"": 1.0}}"
2026-09-27 11:17:22,stocks,val,rsi2 + ATR sizing,6c9d7290dc,0,0.8349514054209993,0.1644204145652477,-0.23564458504477104,801,0.03948397706217372,"{""exits"": {""max_hold"": 10, ""native_exit"": true, ""target_r"": null}, ""filters"": {}, ""rank"": ""random"", ""setup"": ""rsi2"", ""setup_params"": {""entry"": 10.0, ""exit"": 70.0, ""ma"": 200, ""stop_atr"": 3.0}, ""sizing"": {""atr_mult"": 2.0, ""heat_cap"": null, ""max_positions"": 10, ""mode"": ""atr"", ""risk_pct"": 1.0}}"
2026-09-27 11:17:23,stocks,dev,stocks/pullback sens exit.max_hold x0.7,d44db0e1bc,0,0.5073826346891241,0.0722291559757029,-0.5459073897118029,2053,0.13506890551402678,"{""exits"": {""breakeven"": true, ""max_hold"": 70, ""native_exit"": false, ""partial"": {""at_r"": 2.0, ""frac"": 0.5, ""trail_after_partial"": true}, ""target_r"": null, ""trail_ma"": 20}, ""filters"": {}, ""rank"": ""random"", ""setup"": ""pullback"", ""setup_params"": {""adx_min"": 25.0, ""lookback"": 5, ""stop_atr_max"": 2.0, ""stop_atr_min"": 0.5}, ""sizing"": {""heat_cap"": null, ""max_positions"": 10, ""risk_pct"": 1.0}}"
2026-09-27 11:17:23,stocks,dev,rsi2 + heat cap 4%,5cd2b0125e,0,0.33767760025896476,0.023256067396269176,-0.3049411436866525,3828,0.014628727617951719,"{""exits"": {""max_hold"": 10, ""native_exit"": true, ""target_r"": null}, ""filters"": {}, ""rank"": ""random"", ""setup"": ""rsi2"", ""setup_params"": {""entry"": 10.0, ""exit"": 70.0, ""ma"": 200, ""stop_atr"": 3.0}, ""sizing"": {""heat_cap"": 0.04, ""max_positions"": 10, ""risk_pct"": 1.0}}"
2026-09-27 11:17:23,stocks,dev,stocks/pullback sens exit.max_hold x1.3,7fcb5ddca3,0,0.6408983553938297,0.09621297878759338,-0.5480008253509803,2040,0.15551892391476882,"{""exits"": {""breakeven"": true, ""max_hold"": 130, ""native_exit"": false, ""partial"": {""at_r"": 2.0, ""frac"": 0.5, ""trail_after_partial"": true}, ""target_r"": null, ""trail_ma"": 20}, ""filters"": {}, ""rank"": ""random"", ""setup"": ""pullback"", ""setup_params"": {""adx_min"": 25.0, ""lookback"": 5, ""stop_atr_max"": 2.0, ""stop_atr_min"": 0.5}, ""sizing"": {""heat_cap"": null, ""max_positions"": 10, ""risk_pct"": 1.0}}"
2026-09-27 11:17:24,stocks,val,rsi2 + heat cap 4%,5cd2b0125e,0,0.5785462372998385,0.04377749416739607,-0.12041061384134866,429,0.031548409013982565,"{""exits"": {""max_hold"": 10, ""native_exit"": true, ""target_r"": null}, ""filters"": {}, ""rank"": ""random"", ""setup"": ""rsi2"", ""setup_params"": {""entry"": 10.0, ""exit"": 70.0, ""ma"": 200, ""stop_atr"": 3.0}, ""sizing"": {""heat_cap"": 0.04, ""max_positions"": 10, ""risk_pct"": 1.0}}"
2026-09-27 11:17:25,stocks,dev,rsi2 + heat cap 6%,30b29fae94,0,0.6353769282725926,0.06140301229796896,-0.17539228908587357,5623,0.027445965076004553,"{""exits"": {""max_hold"": 10, ""native_exit"": true, ""target_r"": null}, ""filters"": {}, ""rank"": ""random"", ""setup"": ""rsi2"", ""setup_params"": {""entry"": 10.0, ""exit"": 70.0, ""ma"": 200, ""stop_atr"": 3.0}, ""sizing"": {""heat_cap"": 0.06, ""max_positions"": 10, ""risk_pct"": 1.0}}"
2026-09-27 11:17:26,stocks,val,rsi2 + heat cap 6%,30b29fae94,0,0.3317550485898847,0.030179966056213203,-0.16853702418540573,629,0.015502482425225035,"{""exits"": {""max_hold"": 10, ""native_exit"": true, ""target_r"": null}, ""filters"": {}, ""rank"": ""random"", ""setup"": ""rsi2"", ""setup_params"": {""entry"": 10.0, ""exit"": 70.0, ""ma"": 200, ""stop_atr"": 3.0}, ""sizing"": {""heat_cap"": 0.06, ""max_positions"": 10, ""risk_pct"": 1.0}}"
2026-09-27 11:17:27,stocks,dev,rsi2 + heat cap 8%,2e6c562c31,0,0.639844789139631,0.07233800248302669,-0.2104509481213377,6951,0.02682119065205392,"{""exits"": {""max_hold"": 10, ""native_exit"": true, ""target_r"": null}, ""filters"": {}, ""rank"": ""random"", ""setup"": ""rsi2"", ""setup_params"": {""entry"": 10.0, ""exit"": 70.0, ""ma"": 200, ""stop_atr"": 3.0}, ""sizing"": {""heat_cap"": 0.08, ""max_positions"": 10, ""risk_pct"": 1.0}}"
2026-09-27 11:17:29,stocks,val,rsi2 + heat cap 8%,2e6c562c31,0,0.8285164250569769,0.10714493537455128,-0.1540666172638694,830,0.04013747771051367,"{""exits"": {""max_hold"": 10, ""native_exit"": true, ""target_r"": null}, ""filters"": {}, ""rank"": ""random"", ""setup"": ""rsi2"", ""setup_params"": {""entry"": 10.0, ""exit"": 70.0, ""ma"": 200, ""stop_atr"": 3.0}, ""sizing"": {""heat_cap"": 0.08, ""max_positions"": 10, ""risk_pct"": 1.0}}"
2026-09-27 11:17:29,stocks,dev,rsi2 + max 5 positions,57e8af7446,0,0.5005457980740582,0.04653026297681806,-0.29782865575863515,5548,0.021249517354778046,"{""exits"": {""max_hold"": 10, ""native_exit"": true, ""target_r"": null}, ""filters"": {}, ""rank"": ""random"", ""setup"": ""rsi2"", ""setup_params"": {""entry"": 10.0, ""exit"": 70.0, ""ma"": 200, ""stop_atr"": 3.0}, ""sizing"": {""heat_cap"": null, ""max_positions"": 5, ""risk_pct"": 1.0}}"
2026-09-27 11:17:29,stocks,dev,stocks/pullback sens exit.trail_ma x0.7,9f4d4b1574,0,0.4804291792816888,0.06592241528746023,-0.5334392861882773,2147,0.12876257018846704,"{""exits"": {""breakeven"": true, ""max_hold"": 100, ""native_exit"": false, ""partial"": {""at_r"": 2.0, ""frac"": 0.5, ""trail_after_partial"": true}, ""target_r"": null, ""trail_ma"": 14}, ""filters"": {}, ""rank"": ""random"", ""setup"": ""pullback"", ""setup_params"": {""adx_min"": 25.0, ""lookback"": 5, ""stop_atr_max"": 2.0, ""stop_atr_min"": 0.5}, ""sizing"": {""heat_cap"": null, ""max_positions"": 10, ""risk_pct"": 1.0}}"
2026-09-27 11:17:30,stocks,val,rsi2 + max 5 positions,57e8af7446,0,0.42982408844605746,0.043183836587814106,-0.13947707098692907,645,0.021730146467630745,"{""exits"": {""max_hold"": 10, ""native_exit"": true, ""target_r"": null}, ""filters"": {}, ""rank"": ""random"", ""setup"": ""rsi2"", ""setup_params"": {""entry"": 10.0, ""exit"": 70.0, ""ma"": 200, ""stop_atr"": 3.0}, ""sizing"": {""heat_cap"": null, ""max_positions"": 5, ""risk_pct"": 1.0}}"
2026-09-27 11:17:30,stocks,dev,rsi2 + halve risk in 10% DD,7d8a2b05e9,0,0.6443588924395243,0.07267477426096014,-0.2760249091817053,9629,0.02454675607551735,"{""exits"": {""max_hold"": 10, ""native_exit"": true, ""target_r"": null}, ""filters"": {}, ""rank"": ""random"", ""setup"": ""rsi2"", ""setup_params"": {""entry"": 10.0, ""exit"": 70.0, ""ma"": 200, ""stop_atr"": 3.0}, ""sizing"": {""dd_reduce"": {""dd"": 0.1, ""factor"": 0.5}, ""heat_cap"": null, ""max_positions"": 10, ""risk_pct"": 1.0}}"
2026-09-27 11:17:32,stocks,val,rsi2 + halve risk in 10% DD,7d8a2b05e9,0,0.6032402273620716,0.08057239518286985,-0.17514220764195731,1105,0.03578097232541918,"{""exits"": {""max_hold"": 10, ""native_exit"": true, ""target_r"": null}, ""filters"": {}, ""rank"": ""random"", ""setup"": ""rsi2"", ""setup_params"": {""entry"": 10.0, ""exit"": 70.0, ""ma"": 200, ""stop_atr"": 3.0}, ""sizing"": {""dd_reduce"": {""dd"": 0.1, ""factor"": 0.5}, ""heat_cap"": null, ""max_positions"": 10, ""risk_pct"": 1.0}}"
2026-09-27 11:17:35,stocks,dev,stocks/pullback sens exit.trail_ma x1.3,8bf55c4b73,0,0.7107107237838949,0.10861243814410337,-0.49236298494211506,1909,0.18591690495456276,"{""exits"": {""breakeven"": true, ""max_hold"": 100, ""native_exit"": false, ""partial"": {""at_r"": 2.0, ""frac"": 0.5, ""trail_after_partial"": true}, ""target_r"": null, ""trail_ma"": 26}, ""filters"": {}, ""rank"": ""random"", ""setup"": ""pullback"", ""setup_params"": {""adx_min"": 25.0, ""lookback"": 5, ""stop_atr_max"": 2.0, ""stop_atr_min"": 0.5}, ""sizing"": {""heat_cap"": null, ""max_positions"": 10, ""risk_pct"": 1.0}}"
2026-09-27 11:17:36,stocks,dev,stocks/pullback sens exit.partial.frac x0.7,e7885fd531,0,0.7662012326699636,0.12221342261121548,-0.5084519585119782,1889,0.2544074143795493,"{""exits"": {""breakeven"": true, ""max_hold"": 100, ""native_exit"": false, ""partial"": {""at_r"": 2.0, ""frac"": 0.35, ""trail_after_partial"": true}, ""target_r"": null, ""trail_ma"": 20}, ""filters"": {}, ""rank"": ""random"", ""setup"": ""pullback"", ""setup_params"": {""adx_min"": 25.0, ""lookback"": 5, ""stop_atr_max"": 2.0, ""stop_atr_min"": 0.5}, ""sizing"": {""heat_cap"": null, ""max_positions"": 10, ""risk_pct"": 1.0}}"
2026-09-27 11:17:37,stocks,dev,stocks/pullback sens exit.partial.frac x1.3,131adb5c75,0,0.7773422790950776,0.11496391190911814,-0.4665130759733692,2134,0.1878225544462117,"{""exits"": {""breakeven"": true, ""max_hold"": 100, ""native_exit"": false, ""partial"": {""at_r"": 2.0, ""frac"": 0.65, ""trail_after_partial"": true}, ""target_r"": null, ""trail_ma"": 20}, ""filters"": {}, ""rank"": ""random"", ""setup"": ""pullback"", ""setup_params"": {""adx_min"": 25.0, ""lookback"": 5, ""stop_atr_max"": 2.0, ""stop_atr_min"": 0.5}, ""sizing"": {""heat_cap"": null, ""max_positions"": 10, ""risk_pct"": 1.0}}"
2026-09-27 11:17:37,stocks,dev,stocks/pullback sens exit.partial.at_r x0.7,8d3bf62b61,0,0.34114277739410087,0.04141950183373333,-0.48866517015037725,2482,0.08423393053414517,"{""exits"": {""breakeven"": true, ""max_hold"": 100, ""native_exit"": false, ""partial"": {""at_r"": 1.4, ""frac"": 0.5, ""trail_after_partial"": true}, ""target_r"": null, ""trail_ma"": 20}, ""filters"": {}, ""rank"": ""random"", ""setup"": ""pullback"", ""setup_params"": {""adx_min"": 25.0, ""lookback"": 5, ""stop_atr_max"": 2.0, ""stop_atr_min"": 0.5}, ""sizing"": {""heat_cap"": null, ""max_positions"": 10, ""risk_pct"": 1.0}}"
2026-09-27 11:17:38,stocks,dev,stocks/pullback sens exit.partial.at_r x1.3,dc24b2fa81,0,0.5999989049397128,0.0903864055448873,-0.5176187240788875,1726,0.2064367194331724,"{""exits"": {""breakeven"": true, ""max_hold"": 100, ""native_exit"": false, ""partial"": {""at_r"": 2.6, ""frac"": 0.5, ""trail_after_partial"": true}, ""target_r"": null, ""trail_ma"": 20}, ""filters"": {}, ""rank"": ""random"", ""setup"": ""pullback"", ""setup_params"": {""adx_min"": 25.0, ""lookback"": 5, ""stop_atr_max"": 2.0, ""stop_atr_min"": 0.5}, ""sizing"": {""heat_cap"": null, ""max_positions"": 10, ""risk_pct"": 1.0}}"
2026-09-27 11:17:38,stocks,dev,rsi2 ALL LAYERS,8215f69914,0,0.7015067544624742,0.03089634428355925,-0.1270874119891129,1090,0.07433531289486899,"{""exits"": {""max_hold"": 10, ""native_exit"": true, ""target_r"": null}, ""filters"": {""event"": true, ""regime"": true, ""rs"": true, ""score"": true, ""vol"": true}, ""rank"": ""score"", ""setup"": ""rsi2"", ""setup_params"": {""entry"": 10.0, ""exit"": 70.0, ""ma"": 200, ""stop_atr"": 3.0}, ""sizing"": {""dd_reduce"": {""dd"": 0.1, ""factor"": 0.5}, ""heat_cap"": 0.06, ""max_positions"": 10, ""risk_pct"": 1.0}}"
2026-09-27 11:17:39,stocks,dev,stocks/pullback sens sizing.risk_pct x0.7,9e07df477d,0,0.6067362191673434,0.0827291446976528,-0.48479010814667467,2319,0.1776495454160658,"{""exits"": {""breakeven"": true, ""max_hold"": 100, ""native_exit"": false, ""partial"": {""at_r"": 2.0, ""frac"": 0.5, ""trail_after_partial"": true}, ""target_r"": null, ""trail_ma"": 20}, ""filters"": {}, ""rank"": ""random"", ""setup"": ""pullback"", ""setup_params"": {""adx_min"": 25.0, ""lookback"": 5, ""stop_atr_max"": 2.0, ""stop_atr_min"": 0.5}, ""sizing"": {""heat_cap"": null, ""max_positions"": 10, ""risk_pct"": 0.7}}"
2026-09-27 11:17:39,stocks,dev,stocks/pullback sens sizing.risk_pct x1.3,0ec00a3704,0,0.7075448163909819,0.11172460733600209,-0.526173088725762,1861,0.22137965139689955,"{""exits"": {""breakeven"": true, ""max_hold"": 100, ""native_exit"": false, ""partial"": {""at_r"": 2.0, ""frac"": 0.5, ""trail_after_partial"": true}, ""target_r"": null, ""trail_ma"": 20}, ""filters"": {}, ""rank"": ""random"", ""setup"": ""pullback"", ""setup_params"": {""adx_min"": 25.0, ""lookback"": 5, ""stop_atr_max"": 2.0, ""stop_atr_min"": 0.5}, ""sizing"": {""heat_cap"": null, ""max_positions"": 10, ""risk_pct"": 1.3}}"
2026-09-27 11:17:42,stocks,val,rsi2 ALL LAYERS,8215f69914,0,0.21060358086971143,0.008948899579198422,-0.0695240108731282,124,0.024310592586138394,"{""exits"": {""max_hold"": 10, ""native_exit"": true, ""target_r"": null}, ""filters"": {""event"": true, ""regime"": true, ""rs"": true, ""score"": true, ""vol"": true}, ""rank"": ""score"", ""setup"": ""rsi2"", ""setup_params"": {""entry"": 10.0, ""exit"": 70.0, ""ma"": 200, ""stop_atr"": 3.0}, ""sizing"": {""dd_reduce"": {""dd"": 0.1, ""factor"": 0.5}, ""heat_cap"": 0.06, ""max_positions"": 10, ""risk_pct"": 1.0}}"
2026-09-27 11:17:47,stocks,dev,rsi2 all minus regime,b85459b3c6,0,0.6528654042895076,0.03785022172743746,-0.12184997853302837,1743,0.06065868646972066,"{""exits"": {""max_hold"": 10, ""native_exit"": true, ""target_r"": null}, ""filters"": {""event"": true, ""rs"": true, ""score"": true, ""vol"": true}, ""rank"": ""score"", ""setup"": ""rsi2"", ""setup_params"": {""entry"": 10.0, ""exit"": 70.0, ""ma"": 200, ""stop_atr"": 3.0}, ""sizing"": {""dd_reduce"": {""dd"": 0.1, ""factor"": 0.5}, ""heat_cap"": 0.06, ""max_positions"": 10, ""risk_pct"": 1.0}}"
2026-09-27 11:17:51,stocks,val,rsi2 all minus regime,b85459b3c6,0,0.6558178255305809,0.038112627398205756,-0.10810265228590321,211,0.062466710181493926,"{""exits"": {""max_hold"": 10, ""native_exit"": true, ""target_r"": null}, ""filters"": {""event"": true, ""rs"": true, ""score"": true, ""vol"": true}, ""rank"": ""score"", ""setup"": ""rsi2"", ""setup_params"": {""entry"": 10.0, ""exit"": 70.0, ""ma"": 200, ""stop_atr"": 3.0}, ""sizing"": {""dd_reduce"": {""dd"": 0.1, ""factor"": 0.5}, ""heat_cap"": 0.06, ""max_positions"": 10, ""risk_pct"": 1.0}}"
2026-09-27 11:17:56,stocks,dev,rsi2 all minus vol,d3396da910,0,0.6809036780831542,0.030247780208049635,-0.13520437606878977,1137,0.06813800361900199,"{""exits"": {""max_hold"": 10, ""native_exit"": true, ""target_r"": null}, ""filters"": {""event"": true, ""regime"": true, ""rs"": true, ""score"": true}, ""rank"": ""score"", ""setup"": ""rsi2"", ""setup_params"": {""entry"": 10.0, ""exit"": 70.0, ""ma"": 200, ""stop_atr"": 3.0}, ""sizing"": {""dd_reduce"": {""dd"": 0.1, ""factor"": 0.5}, ""heat_cap"": 0.06, ""max_positions"": 10, ""risk_pct"": 1.0}}"
2026-09-27 11:18:00,stocks,val,rsi2 all minus vol,d3396da910,0,0.21060358086971143,0.008948899579198422,-0.0695240108731282,124,0.024310592586138394,"{""exits"": {""max_hold"": 10, ""native_exit"": true, ""target_r"": null}, ""filters"": {""event"": true, ""regime"": true, ""rs"": true, ""score"": true}, ""rank"": ""score"", ""setup"": ""rsi2"", ""setup_params"": {""entry"": 10.0, ""exit"": 70.0, ""ma"": 200, ""stop_atr"": 3.0}, ""sizing"": {""dd_reduce"": {""dd"": 0.1, ""factor"": 0.5}, ""heat_cap"": 0.06, ""max_positions"": 10, ""risk_pct"": 1.0}}"
2026-09-27 11:18:06,stocks,dev,rsi2 all minus rs,3007e95db8,0,0.660127665788844,0.0454983797242452,-0.14824947375793607,2976,0.042981068954071944,"{""exits"": {""max_hold"": 10, ""native_exit"": true, ""target_r"": null}, ""filters"": {""event"": true, ""regime"": true, ""score"": true, ""vol"": true}, ""rank"": ""score"", ""setup"": ""rsi2"", ""setup_params"": {""entry"": 10.0, ""exit"": 70.0, ""ma"": 200, ""stop_atr"": 3.0}, ""sizing"": {""dd_reduce"": {""dd"": 0.1, ""factor"": 0.5}, ""heat_cap"": 0.06, ""max_positions"": 10, ""risk_pct"": 1.0}}"
2026-09-27 11:18:10,stocks,val,rsi2 all minus rs,3007e95db8,0,0.2809820815849974,0.018324607186813058,-0.10741239992424267,278,0.024811298987179296,"{""exits"": {""max_hold"": 10, ""native_exit"": true, ""target_r"": null}, ""filters"": {""event"": true, ""regime"": true, ""score"": true, ""vol"": true}, ""rank"": ""score"", ""setup"": ""rsi2"", ""setup_params"": {""entry"": 10.0, ""exit"": 70.0, ""ma"": 200, ""stop_atr"": 3.0}, ""sizing"": {""dd_reduce"": {""dd"": 0.1, ""factor"": 0.5}, ""heat_cap"": 0.06, ""max_positions"": 10, ""risk_pct"": 1.0}}"
2026-09-27 11:18:15,stocks,dev,rsi2 all minus event,61e81a42f1,0,0.5605486816094535,0.025389534915692735,-0.14362055405049357,1198,0.05393241715640483,"{""exits"": {""max_hold"": 10, ""native_exit"": true, ""target_r"": null}, ""filters"": {""regime"": true, ""rs"": true, ""score"": true, ""vol"": true}, ""rank"": ""score"", ""setup"": ""rsi2"", ""setup_params"": {""entry"": 10.0, ""exit"": 70.0, ""ma"": 200, ""stop_atr"": 3.0}, ""sizing"": {""dd_reduce"": {""dd"": 0.1, ""factor"": 0.5}, ""heat_cap"": 0.06, ""max_positions"": 10, ""risk_pct"": 1.0}}"
2026-09-27 11:18:19,stocks,val,rsi2 all minus event,61e81a42f1,0,-0.022253159480677614,-0.0023847366693917627,-0.06952401087312765,137,-0.0020310442371803804,"{""exits"": {""max_hold"": 10, ""native_exit"": true, ""target_r"": null}, ""filters"": {""regime"": true, ""rs"": true, ""score"": true, ""vol"": true}, ""rank"": ""score"", ""setup"": ""rsi2"", ""setup_params"": {""entry"": 10.0, ""exit"": 70.0, ""ma"": 200, ""stop_atr"": 3.0}, ""sizing"": {""dd_reduce"": {""dd"": 0.1, ""factor"": 0.5}, ""heat_cap"": 0.06, ""max_positions"": 10, ""risk_pct"": 1.0}}"
2026-09-27 11:18:24,stocks,dev,rsi2 all minus score,797c6369aa,0,0.6615755899503369,0.04422847488529458,-0.15863603724585473,2932,0.04262248953027604,"{""exits"": {""max_hold"": 10, ""native_exit"": true, ""target_r"": null}, ""filters"": {""event"": true, ""regime"": true, ""rs"": true, ""vol"": true}, ""rank"": ""random"", ""setup"": ""rsi2"", ""setup_params"": {""entry"": 10.0, ""exit"": 70.0, ""ma"": 200, ""stop_atr"": 3.0}, ""sizing"": {""dd_reduce"": {""dd"": 0.1, ""factor"": 0.5}, ""heat_cap"": 0.06, ""max_positions"": 10, ""risk_pct"": 1.0}}"
2026-09-27 11:18:28,stocks,val,rsi2 all minus score,797c6369aa,0,0.6038380438892116,0.04162449642881083,-0.13063997565188157,313,0.041009933402389835,"{""exits"": {""max_hold"": 10, ""native_exit"": true, ""target_r"": null}, ""filters"": {""event"": true, ""regime"": true, ""rs"": true, ""vol"": true}, ""rank"": ""random"", ""setup"": ""rsi2"", ""setup_params"": {""entry"": 10.0, ""exit"": 70.0, ""ma"": 200, ""stop_atr"": 3.0}, ""sizing"": {""dd_reduce"": {""dd"": 0.1, ""factor"": 0.5}, ""heat_cap"": 0.06, ""max_positions"": 10, ""risk_pct"": 1.0}}"
2026-09-27 11:18:28,stocks,dev,rsi2 all minus sizing,df236040de,0,0.7944534456969538,0.04063457446628216,-0.14212461371278817,1221,0.08480826526731747,"{""exits"": {""max_hold"": 10, ""native_exit"": true, ""target_r"": null}, ""filters"": {""event"": true, ""regime"": true, ""rs"": true, ""score"": true, ""vol"": true}, ""rank"": ""score"", ""setup"": ""rsi2"", ""setup_params"": {""entry"": 10.0, ""exit"": 70.0, ""ma"": 200, ""stop_atr"": 3.0}, ""sizing"": {""heat_cap"": null, ""max_positions"": 10, ""risk_pct"": 1.0}}"
2026-09-27 11:18:28,stocks,val,rsi2 all minus sizing,df236040de,0,-0.0030485935785632347,-0.0026028385112120134,-0.11410908137005737,158,-0.0009564950293974699,"{""exits"": {""max_hold"": 10, ""native_exit"": true, ""target_r"": null}, ""filters"": {""event"": true, ""regime"": true, ""rs"": true, ""score"": true, ""vol"": true}, ""rank"": ""score"", ""setup"": ""rsi2"", ""setup_params"": {""entry"": 10.0, ""exit"": 70.0, ""ma"": 200, ""stop_atr"": 3.0}, ""sizing"": {""heat_cap"": null, ""max_positions"": 10, ""risk_pct"": 1.0}}"
2026-09-27 11:18:34,stocks,dev,rsi2 PICKED,a93928bd5d,0,0.786683120271779,0.06837632908914792,-0.1791903852864034,2526,0.06906056938151003,"{""exits"": {""max_hold"": 10, ""native_exit"": true, ""target_r"": null}, ""filters"": {""rs"": true, ""score"": true}, ""rank"": ""score"", ""setup"": ""rsi2"", ""setup_params"": {""entry"": 10.0, ""exit"": 70.0, ""ma"": 200, ""stop_atr"": 3.0}, ""sizing"": {""heat_cap"": null, ""max_positions"": 10, ""risk_pct"": 1.0}}"
2026-09-27 11:18:37,stocks,val,rsi2 PICKED,a93928bd5d,0,0.17381451216296,0.013183692836411964,-0.1722277485925564,303,0.01831354122825044,"{""exits"": {""max_hold"": 10, ""native_exit"": true, ""target_r"": null}, ""filters"": {""rs"": true, ""score"": true}, ""rank"": ""score"", ""setup"": ""rsi2"", ""setup_params"": {""entry"": 10.0, ""exit"": 70.0, ""ma"": 200, ""stop_atr"": 3.0}, ""sizing"": {""heat_cap"": null, ""max_positions"": 10, ""risk_pct"": 1.0}}"
2026-09-27 11:18:38,forex,dev,naive breakout,b092b312a6,0,0.10488264983311837,-0.012765979487669554,-0.6256586483486628,3051,0.011867125367657487,"{""exits"": {""max_hold"": 20, ""native_exit"": false, ""target_r"": 2.0}, ""filters"": {}, ""rank"": ""random"", ""setup"": ""breakout"", ""setup_params"": {""base_len"": 20, ""stop_atr_max"": 1.5, ""stop_atr_min"": 0.5}, ""sizing"": {""heat_cap"": null, ""max_positions"": 10, ""risk_pct"": 1.0}}"
2026-09-27 11:18:39,forex,val,naive breakout,b092b312a6,0,-0.12788501886723988,-0.06852296306839767,-0.5465701129751948,608,-0.040645300957582314,"{""exits"": {""max_hold"": 20, ""native_exit"": false, ""target_r"": 2.0}, ""filters"": {}, ""rank"": ""random"", ""setup"": ""breakout"", ""setup_params"": {""base_len"": 20, ""stop_atr_max"": 1.5, ""stop_atr_min"": 0.5}, ""sizing"": {""heat_cap"": null, ""max_positions"": 10, ""risk_pct"": 1.0}}"
2026-09-27 11:18:41,forex,dev,breakout + regime,682cc9fcfe,0,-0.09626555518304895,-0.0646090979574162,-0.7333982286408751,2771,-0.023229995164274653,"{""exits"": {""max_hold"": 20, ""native_exit"": false, ""target_r"": 2.0}, ""filters"": {""regime"": true}, ""rank"": ""random"", ""setup"": ""breakout"", ""setup_params"": {""base_len"": 20, ""stop_atr_max"": 1.5, ""stop_atr_min"": 0.5}, ""sizing"": {""heat_cap"": null, ""max_positions"": 10, ""risk_pct"": 1.0}}"
2026-09-27 11:18:42,forex,val,breakout + regime,682cc9fcfe,0,-0.10396380449724373,-0.060217068983381083,-0.5400588740224065,553,-0.038143936813967605,"{""exits"": {""max_hold"": 20, ""native_exit"": false, ""target_r"": 2.0}, ""filters"": {""regime"": true}, ""rank"": ""random"", ""setup"": ""breakout"", ""setup_params"": {""base_len"": 20, ""stop_atr_max"": 1.5, ""stop_atr_min"": 0.5}, ""sizing"": {""heat_cap"": null, ""max_positions"": 10, ""risk_pct"": 1.0}}"
2026-09-27 11:18:42,forex,dev,breakout + vol,88e4a99583,0,-0.13053008310456113,-0.07168041795600211,-0.7472006608829633,2896,-0.030010484005847715,"{""exits"": {""max_hold"": 20, ""native_exit"": false, ""target_r"": 2.0}, ""filters"": {""vol"": true}, ""rank"": ""random"", ""setup"": ""breakout"", ""setup_params"": {""base_len"": 20, ""stop_atr_max"": 1.5, ""stop_atr_min"": 0.5}, ""sizing"": {""heat_cap"": null, ""max_positions"": 10, ""risk_pct"": 1.0}}"
2026-09-27 11:18:42,forex,val,breakout + vol,88e4a99583,0,-0.6540296390614564,-0.16566939714359552,-0.5890802402642166,522,-0.10423514419318719,"{""exits"": {""max_hold"": 20, ""native_exit"": false, ""target_r"": 2.0}, ""filters"": {""vol"": true}, ""rank"": ""random"", ""setup"": ""breakout"", ""setup_params"": {""base_len"": 20, ""stop_atr_max"": 1.5, ""stop_atr_min"": 0.5}, ""sizing"": {""heat_cap"": null, ""max_positions"": 10, ""risk_pct"": 1.0}}"
2026-09-27 11:18:43,forex,dev,breakout + chop,5070dd20fe,0,-0.01889897769191099,-0.04526346483624544,-0.791875873437879,2727,-0.005774796727691307,"{""exits"": {""max_hold"": 20, ""native_exit"": false, ""target_r"": 2.0}, ""filters"": {""chop"": true}, ""rank"": ""random"", ""setup"": ""breakout"", ""setup_params"": {""base_len"": 20, ""stop_atr_max"": 1.5, ""stop_atr_min"": 0.5}, ""sizing"": {""heat_cap"": null, ""max_positions"": 10, ""risk_pct"": 1.0}}"
2026-09-27 11:18:43,forex,val,breakout + chop,5070dd20fe,0,-0.3196867168106877,-0.11097594710160508,-0.5819875120676764,510,-0.08019272261784173,"{""exits"": {""max_hold"": 20, ""native_exit"": false, ""target_r"": 2.0}, ""filters"": {""chop"": true}, ""rank"": ""random"", ""setup"": ""breakout"", ""setup_params"": {""base_len"": 20, ""stop_atr_max"": 1.5, ""stop_atr_min"": 0.5}, ""sizing"": {""heat_cap"": null, ""max_positions"": 10, ""risk_pct"": 1.0}}"
2026-09-27 11:18:44,forex,dev,breakout + rs,51ab81bcd8,0,-0.15204080277364396,-0.06734037749971344,-0.8151031022900587,2185,-0.033543129906485565,"{""exits"": {""max_hold"": 20, ""native_exit"": false, ""target_r"": 2.0}, ""filters"": {""rs"": true}, ""rank"": ""random"", ""setup"": ""breakout"", ""setup_params"": {""base_len"": 20, ""stop_atr_max"": 1.5, ""stop_atr_min"": 0.5}, ""sizing"": {""heat_cap"": null, ""max_positions"": 10, ""risk_pct"": 1.0}}"
2026-09-27 11:18:44,forex,val,breakout + rs,51ab81bcd8,0,-0.11068733482542877,-0.04869838189272502,-0.46666033764350967,415,-0.028014041626040678,"{""exits"": {""max_hold"": 20, ""native_exit"": false, ""target_r"": 2.0}, ""filters"": {""rs"": true}, ""rank"": ""random"", ""setup"": ""breakout"", ""setup_params"": {""base_len"": 20, ""stop_atr_max"": 1.5, ""stop_atr_min"": 0.5}, ""sizing"": {""heat_cap"": null, ""max_positions"": 10, ""risk_pct"": 1.0}}"
2026-09-27 11:18:44,forex,dev,breakout + score rank only,441edab161,0,0.007706049769803454,-0.042145900904672295,-0.7338590029371777,3150,-0.004584239975640846,"{""exits"": {""max_hold"": 20, ""native_exit"": false, ""target_r"": 2.0}, ""filters"": {}, ""rank"": ""score"", ""setup"": ""breakout"", ""setup_params"": {""base_len"": 20, ""stop_atr_max"": 1.5, ""stop_atr_min"": 0.5}, ""sizing"": {""heat_cap"": null, ""max_positions"": 10, ""risk_pct"": 1.0}}"
2026-09-27 11:18:45,forex,val,breakout + score rank only,441edab161,0,-0.7886328952894148,-0.22362601833514295,-0.7273342710263877,630,-0.12750640571210814,"{""exits"": {""max_hold"": 20, ""native_exit"": false, ""target_r"": 2.0}, ""filters"": {}, ""rank"": ""score"", ""setup"": ""breakout"", ""setup_params"": {""base_len"": 20, ""stop_atr_max"": 1.5, ""stop_atr_min"": 0.5}, ""sizing"": {""heat_cap"": null, ""max_positions"": 10, ""risk_pct"": 1.0}}"
2026-09-27 11:18:45,forex,dev,breakout + score top 20%,9810d12771,0,-0.15764378382034866,-0.04036775147389582,-0.6352287800808575,1324,-0.0499735783417653,"{""exits"": {""max_hold"": 20, ""native_exit"": false, ""target_r"": 2.0}, ""filters"": {""score"": true}, ""rank"": ""score"", ""setup"": ""breakout"", ""setup_params"": {""base_len"": 20, ""stop_atr_max"": 1.5, ""stop_atr_min"": 0.5}, ""sizing"": {""heat_cap"": null, ""max_positions"": 10, ""risk_pct"": 1.0}}"
2026-09-27 11:18:46,forex,val,breakout + score top 20%,9810d12771,0,-0.6463361485357592,-0.10160956413028333,-0.4271796865541001,243,-0.15789200206800497,"{""exits"": {""max_hold"": 20, ""native_exit"": false, ""target_r"": 2.0}, ""filters"": {""score"": true}, ""rank"": ""score"", ""setup"": ""breakout"", ""setup_params"": {""base_len"": 20, ""stop_atr_max"": 1.5, ""stop_atr_min"": 0.5}, ""sizing"": {""heat_cap"": null, ""max_positions"": 10, ""risk_pct"": 1.0}}"
2026-09-27 11:18:46,forex,dev,breakout + risk 0.25%,cd7cc6eff6,0,0.007619290787785909,-0.0048917177360555675,-0.30498048866949856,5034,0.0010024335420678822,"{""exits"": {""max_hold"": 20, ""native_exit"": false, ""target_r"": 2.0}, ""filters"": {}, ""rank"": ""random"", ""setup"": ""breakout"", ""setup_params"": {""base_len"": 20, ""stop_atr_max"": 1.5, ""stop_atr_min"": 0.5}, ""sizing"": {""heat_cap"": null, ""max_positions"": 10, ""risk_pct"": 0.25}}"
2026-09-27 11:18:47,forex,val,breakout + risk 0.25%,cd7cc6eff6,0,-1.088566423983722,-0.1192557134535448,-0.42132106813646997,1040,-0.13948162043634288,"{""exits"": {""max_hold"": 20, ""native_exit"": false, ""target_r"": 2.0}, ""filters"": {}, ""rank"": ""random"", ""setup"": ""breakout"", ""setup_params"": {""base_len"": 20, ""stop_atr_max"": 1.5, ""stop_atr_min"": 0.5}, ""sizing"": {""heat_cap"": null, ""max_positions"": 10, ""risk_pct"": 0.25}}"
2026-09-27 11:18:47,forex,dev,breakout + risk 0.5%,49826e3851,0,-0.11740675276429159,-0.04434023273549825,-0.637832504290232,4716,-0.015017974804838833,"{""exits"": {""max_hold"": 20, ""native_exit"": false, ""target_r"": 2.0}, ""filters"": {}, ""rank"": ""random"", ""setup"": ""breakout"", ""setup_params"": {""base_len"": 20, ""stop_atr_max"": 1.5, ""stop_atr_min"": 0.5}, ""sizing"": {""heat_cap"": null, ""max_positions"": 10, ""risk_pct"": 0.5}}"
2026-09-27 11:18:48,forex,val,breakout + risk 0.5%,49826e3851,0,-0.6323363516700113,-0.14173222083885018,-0.5467849657257915,926,-0.08907353789787945,"{""exits"": {""max_hold"": 20, ""native_exit"": false, ""target_r"": 2.0}, ""filters"": {}, ""rank"": ""random"", ""setup"": ""breakout"", ""setup_params"": {""base_len"": 20, ""stop_atr_max"": 1.5, ""stop_atr_min"": 0.5}, ""sizing"": {""heat_cap"": null, ""max_positions"": 10, ""risk_pct"": 0.5}}"
2026-09-27 11:18:48,forex,dev,breakout + risk 2%,f9a644fd67,0,-0.16432433162723478,-0.10915819243096281,-0.9021242596653621,2235,-0.028358594820496137,"{""exits"": {""max_hold"": 20, ""native_exit"": false, ""target_r"": 2.0}, ""filters"": {}, ""rank"": ""random"", ""setup"": ""breakout"", ""setup_params"": {""base_len"": 20, ""stop_atr_max"": 1.5, ""stop_atr_min"": 0.5}, ""sizing"": {""heat_cap"": null, ""max_positions"": 10, ""risk_pct"": 2.0}}"
2026-09-27 11:18:48,forex,val,breakout + risk 2%,f9a644fd67,0,-0.16818550714245423,-0.09601758782805903,-0.6002187394715193,482,-0.10316609196820677,"{""exits"": {""max_hold"": 20, ""native_exit"": false, ""target_r"": 2.0}, ""filters"": {}, ""rank"": ""random"", ""setup"": ""breakout"", ""setup_params"": {""base_len"": 20, ""stop_atr_max"": 1.5, ""stop_atr_min"": 0.5}, ""sizing"": {""heat_cap"": null, ""max_positions"": 10, ""risk_pct"": 2.0}}"
2026-09-27 11:18:49,forex,dev,breakout + ATR sizing,c404b15004,0,-0.029433319282115525,-0.034186754197017666,-0.53048484642316,4513,-0.016814047492410125,"{""exits"": {""max_hold"": 20, ""native_exit"": false, ""target_r"": 2.0}, ""filters"": {}, ""rank"": ""random"", ""setup"": ""breakout"", ""setup_params"": {""base_len"": 20, ""stop_atr_max"": 1.5, ""stop_atr_min"": 0.5}, ""sizing"": {""atr_mult"": 2.0, ""heat_cap"": null, ""max_positions"": 10, ""mode"": ""atr"", ""risk_pct"": 1.0}}"
2026-09-27 11:18:49,forex,val,breakout + ATR sizing,c404b15004,0,-0.5937755458115741,-0.14287102755155856,-0.593569146296036,866,-0.11486106111287235,"{""exits"": {""max_hold"": 20, ""native_exit"": false, ""target_r"": 2.0}, ""filters"": {}, ""rank"": ""random"", ""setup"": ""breakout"", ""setup_params"": {""base_len"": 20, ""stop_atr_max"": 1.5, ""stop_atr_min"": 0.5}, ""sizing"": {""atr_mult"": 2.0, ""heat_cap"": null, ""max_positions"": 10, ""mode"": ""atr"", ""risk_pct"": 1.0}}"
2026-09-27 11:18:50,forex,dev,breakout + heat cap 4%,b41a0cbbfb,0,-0.10843444714495488,-0.037913923379938264,-0.5902598064312237,2081,-0.024839144294591383,"{""exits"": {""max_hold"": 20, ""native_exit"": false, ""target_r"": 2.0}, ""filters"": {}, ""rank"": ""random"", ""setup"": ""breakout"", ""setup_params"": {""base_len"": 20, ""stop_atr_max"": 1.5, ""stop_atr_min"": 0.5}, ""sizing"": {""heat_cap"": 0.04, ""max_positions"": 10, ""risk_pct"": 1.0}}"
2026-09-27 11:18:50,forex,val,breakout + heat cap 4%,b41a0cbbfb,0,-0.6689130549422722,-0.13561731138275712,-0.49839809664561285,456,-0.11945892804785169,"{""exits"": {""max_hold"": 20, ""native_exit"": false, ""target_r"": 2.0}, ""filters"": {}, ""rank"": ""random"", ""setup"": ""breakout"", ""setup_params"": {""base_len"": 20, ""stop_atr_max"": 1.5, ""stop_atr_min"": 0.5}, ""sizing"": {""heat_cap"": 0.04, ""max_positions"": 10, ""risk_pct"": 1.0}}"
2026-09-27 11:18:50,forex,dev,breakout + heat cap 6%,c1198a7843,0,0.15215074340474152,0.0076072093059242896,-0.4931765346568485,2640,0.017456765339028412,"{""exits"": {""max_hold"": 20, ""native_exit"": false, ""target_r"": 2.0}, ""filters"": {}, ""rank"": ""random"", ""setup"": ""breakout"", ""setup_params"": {""base_len"": 20, ""stop_atr_max"": 1.5, ""stop_atr_min"": 0.5}, ""sizing"": {""heat_cap"": 0.06, ""max_positions"": 10, ""risk_pct"": 1.0}}"
2026-09-27 11:18:51,forex,val,breakout + heat cap 6%,c1198a7843,0,-0.46232708629207525,-0.1307085542767682,-0.525375280181873,555,-0.08219226382286299,"{""exits"": {""max_hold"": 20, ""native_exit"": false, ""target_r"": 2.0}, ""filters"": {}, ""rank"": ""random"", ""setup"": ""breakout"", ""setup_params"": {""base_len"": 20, ""stop_atr_max"": 1.5, ""stop_atr_min"": 0.5}, ""sizing"": {""heat_cap"": 0.06, ""max_positions"": 10, ""risk_pct"": 1.0}}"
2026-09-27 11:18:51,forex,dev,breakout + heat cap 8%,446f0c4a6c,0,0.04721271092459847,-0.023275517349467867,-0.6083316294053227,2907,-0.0012841521965189287,"{""exits"": {""max_hold"": 20, ""native_exit"": false, ""target_r"": 2.0}, ""filters"": {}, ""rank"": ""random"", ""setup"": ""breakout"", ""setup_params"": {""base_len"": 20, ""stop_atr_max"": 1.5, ""stop_atr_min"": 0.5}, ""sizing"": {""heat_cap"": 0.08, ""max_positions"": 10, ""risk_pct"": 1.0}}"
2026-09-27 11:18:52,forex,val,breakout + heat cap 8%,446f0c4a6c,0,-0.3629933009580365,-0.12196592755119273,-0.5697985236020624,602,-0.06900756548425066,"{""exits"": {""max_hold"": 20, ""native_exit"": false, ""target_r"": 2.0}, ""filters"": {}, ""rank"": ""random"", ""setup"": ""breakout"", ""setup_params"": {""base_len"": 20, ""stop_atr_max"": 1.5, ""stop_atr_min"": 0.5}, ""sizing"": {""heat_cap"": 0.08, ""max_positions"": 10, ""risk_pct"": 1.0}}"
2026-09-27 11:18:52,forex,dev,breakout + max 5 positions,465a5a0299,0,0.2403642792318719,0.02962737975392682,-0.45246626915971644,2717,0.03308976378928439,"{""exits"": {""max_hold"": 20, ""native_exit"": false, ""target_r"": 2.0}, ""filters"": {}, ""rank"": ""random"", ""setup"": ""breakout"", ""setup_params"": {""base_len"": 20, ""stop_atr_max"": 1.5, ""stop_atr_min"": 0.5}, ""sizing"": {""heat_cap"": null, ""max_positions"": 5, ""risk_pct"": 1.0}}"
2026-09-27 11:18:52,forex,val,breakout + max 5 positions,465a5a0299,0,-0.5971795386190623,-0.15910083151554877,-0.5578025449014314,565,-0.11010969878248258,"{""exits"": {""max_hold"": 20, ""native_exit"": false, ""target_r"": 2.0}, ""filters"": {}, ""rank"": ""random"", ""setup"": ""breakout"", ""setup_params"": {""base_len"": 20, ""stop_atr_max"": 1.5, ""stop_atr_min"": 0.5}, ""sizing"": {""heat_cap"": null, ""max_positions"": 5, ""risk_pct"": 1.0}}"
2026-09-27 11:18:52,forex,dev,breakout + halve risk in 10% DD,5e8ad633a3,0,-0.13547676176931778,-0.05049704815899547,-0.6344943801553367,4547,-0.006352618257320351,"{""exits"": {""max_hold"": 20, ""native_exit"": false, ""target_r"": 2.0}, ""filters"": {}, ""rank"": ""random"", ""setup"": ""breakout"", ""setup_params"": {""base_len"": 20, ""stop_atr_max"": 1.5, ""stop_atr_min"": 0.5}, ""sizing"": {""dd_reduce"": {""dd"": 0.1, ""factor"": 0.5}, ""heat_cap"": null, ""max_positions"": 10, ""risk_pct"": 1.0}}"
2026-09-27 11:18:53,forex,val,breakout + halve risk in 10% DD,5e8ad633a3,0,-0.5234461238541672,-0.1320953848943377,-0.5651177478762319,889,-0.10029221805505281,"{""exits"": {""max_hold"": 20, ""native_exit"": false, ""target_r"": 2.0}, ""filters"": {}, ""rank"": ""random"", ""setup"": ""breakout"", ""setup_params"": {""base_len"": 20, ""stop_atr_max"": 1.5, ""stop_atr_min"": 0.5}, ""sizing"": {""dd_reduce"": {""dd"": 0.1, ""factor"": 0.5}, ""heat_cap"": null, ""max_positions"": 10, ""risk_pct"": 1.0}}"
2026-09-27 11:18:54,forex,dev,breakout + partial 3d + BE + 10MA,3a1101c9f7,0,0.10454717724244454,-0.014081210505715647,-0.5487171516510725,3235,0.005193245476430523,"{""exits"": {""breakeven"": true, ""max_hold"": 100, ""native_exit"": false, ""partial"": {""after_bars"": 3, ""frac"": 0.33, ""trail_after_partial"": true}, ""target_r"": null, ""trail_ma"": 10}, ""filters"": {}, ""rank"": ""random"", ""setup"": ""breakout"", ""setup_params"": {""base_len"": 20, ""stop_atr_max"": 1.5, ""stop_atr_min"": 0.5}, ""sizing"": {""heat_cap"": null, ""max_positions"": 10, ""risk_pct"": 1.0}}"
2026-09-27 11:18:55,forex,val,breakout + partial 3d + BE + 10MA,3a1101c9f7,0,-0.6528428202842942,-0.211742574914903,-0.6508546485202276,626,-0.13438583970117937,"{""exits"": {""breakeven"": true, ""max_hold"": 100, ""native_exit"": false, ""partial"": {""after_bars"": 3, ""frac"": 0.33, ""trail_after_partial"": true}, ""target_r"": null, ""trail_ma"": 10}, ""filters"": {}, ""rank"": ""random"", ""setup"": ""breakout"", ""setup_params"": {""base_len"": 20, ""stop_atr_max"": 1.5, ""stop_atr_min"": 0.5}, ""sizing"": {""heat_cap"": null, ""max_positions"": 10, ""risk_pct"": 1.0}}"
2026-09-27 11:18:55,forex,dev,breakout + partial 2R + BE + 20MA,5c3dccffa7,0,-0.07148643274622891,-0.0637962968369371,-0.7231463918757111,2103,-0.02566321926224613,"{""exits"": {""breakeven"": true, ""max_hold"": 100, ""native_exit"": false, ""partial"": {""at_r"": 2.0, ""frac"": 0.5, ""trail_after_partial"": true}, ""target_r"": null, ""trail_ma"": 20}, ""filters"": {}, ""rank"": ""random"", ""setup"": ""breakout"", ""setup_params"": {""base_len"": 20, ""stop_atr_max"": 1.5, ""stop_atr_min"": 0.5}, ""sizing"": {""heat_cap"": null, ""max_positions"": 10, ""risk_pct"": 1.0}}"
2026-09-27 11:18:56,forex,val,breakout + partial 2R + BE + 20MA,5c3dccffa7,0,-0.3230957007807632,-0.1306736415065025,-0.605635462904399,419,-0.1022976007221688,"{""exits"": {""breakeven"": true, ""max_hold"": 100, ""native_exit"": false, ""partial"": {""at_r"": 2.0, ""frac"": 0.5, ""trail_after_partial"": true}, ""target_r"": null, ""trail_ma"": 20}, ""filters"": {}, ""rank"": ""random"", ""setup"": ""breakout"", ""setup_params"": {""base_len"": 20, ""stop_atr_max"": 1.5, ""stop_atr_min"": 0.5}, ""sizing"": {""heat_cap"": null, ""max_positions"": 10, ""risk_pct"": 1.0}}"
2026-09-27 11:18:56,forex,dev,breakout + ATR trail 2.5,40e01aadb0,0,-0.22196116810780192,-0.13098562923641244,-0.9115096980582835,1842,-0.086806824002355,"{""exits"": {""max_hold"": 100, ""native_exit"": false, ""target_r"": null, ""trail_atr"": 2.5}, ""filters"": {}, ""rank"": ""random"", ""setup"": ""breakout"", ""setup_params"": {""base_len"": 20, ""stop_atr_max"": 1.5, ""stop_atr_min"": 0.5}, ""sizing"": {""heat_cap"": null, ""max_positions"": 10, ""risk_pct"": 1.0}}"
2026-09-27 11:18:57,forex,val,breakout + ATR trail 2.5,40e01aadb0,0,-0.0386677894374455,-0.06237949112747676,-0.5871097108649616,340,-0.06874607543967301,"{""exits"": {""max_hold"": 100, ""native_exit"": false, ""target_r"": null, ""trail_atr"": 2.5}, ""filters"": {}, ""rank"": ""random"", ""setup"": ""breakout"", ""setup_params"": {""base_len"": 20, ""stop_atr_max"": 1.5, ""stop_atr_min"": 0.5}, ""sizing"": {""heat_cap"": null, ""max_positions"": 10, ""risk_pct"": 1.0}}"
2026-09-27 11:18:57,forex,dev,breakout + time stop 5d,f691067460,0,-0.14382033280453785,-0.07954672743955671,-0.8047749494941951,4017,-0.01988540335490536,"{""exits"": {""max_hold"": 20, ""native_exit"": false, ""target_r"": 2.0, ""time_stop"": {""bars"": 5, ""min_r"": 0.5}}, ""filters"": {}, ""rank"": ""random"", ""setup"": ""breakout"", ""setup_params"": {""base_len"": 20, ""stop_atr_max"": 1.5, ""stop_atr_min"": 0.5}, ""sizing"": {""heat_cap"": null, ""max_positions"": 10, ""risk_pct"": 1.0}}"
2026-09-27 11:18:58,forex,val,breakout + time stop 5d,f691067460,0,-0.8895036124422059,-0.23361867253336455,-0.7132005681812961,741,-0.11970764968720904,"{""exits"": {""max_hold"": 20, ""native_exit"": false, ""target_r"": 2.0, ""time_stop"": {""bars"": 5, ""min_r"": 0.5}}, ""filters"": {}, ""rank"": ""random"", ""setup"": ""breakout"", ""setup_params"": {""base_len"": 20, ""stop_atr_max"": 1.5, ""stop_atr_min"": 0.5}, ""sizing"": {""heat_cap"": null, ""max_positions"": 10, ""risk_pct"": 1.0}}"
2026-09-27 11:18:58,forex,dev,breakout ALL LAYERS,f240964832,0,-0.14491138648104912,-0.011616843267687638,-0.40616199435702516,319,-0.13461676348880883,"{""exits"": {""breakeven"": true, ""max_hold"": 100, ""native_exit"": false, ""partial"": {""at_r"": 2.0, ""frac"": 0.5, ""trail_after_partial"": true}, ""target_r"": null, ""trail_ma"": 20}, ""filters"": {""chop"": true, ""regime"": true, ""rs"": true, ""score"": true, ""vol"": true}, ""rank"": ""score"", ""setup"": ""breakout"", ""setup_params"": {""base_len"": 20, ""stop_atr_max"": 1.5, ""stop_atr_min"": 0.5}, ""sizing"": {""dd_reduce"": {""dd"": 0.1, ""factor"": 0.5}, ""heat_cap"": 0.06, ""max_positions"": 10, ""risk_pct"": 1.0}}"
2026-09-27 11:18:59,forex,val,breakout ALL LAYERS,f240964832,0,-1.0165782940897452,-0.04824537603350343,-0.1379117567443887,46,-0.46985045629452993,"{""exits"": {""breakeven"": true, ""max_hold"": 100, ""native_exit"": false, ""partial"": {""at_r"": 2.0, ""frac"": 0.5, ""trail_after_partial"": true}, ""target_r"": null, ""trail_ma"": 20}, ""filters"": {""chop"": true, ""regime"": true, ""rs"": true, ""score"": true, ""vol"": true}, ""rank"": ""score"", ""setup"": ""breakout"", ""setup_params"": {""base_len"": 20, ""stop_atr_max"": 1.5, ""stop_atr_min"": 0.5}, ""sizing"": {""dd_reduce"": {""dd"": 0.1, ""factor"": 0.5}, ""heat_cap"": 0.06, ""max_positions"": 10, ""risk_pct"": 1.0}}"
2026-09-27 11:18:59,forex,dev,breakout all minus regime,38c5374676,0,-0.1274041704161015,-0.010622365153584723,-0.40651674660460624,323,-0.1280218488614985,"{""exits"": {""breakeven"": true, ""max_hold"": 100, ""native_exit"": false, ""partial"": {""at_r"": 2.0, ""frac"": 0.5, ""trail_after_partial"": true}, ""target_r"": null, ""trail_ma"": 20}, ""filters"": {""chop"": true, ""rs"": true, ""score"": true, ""vol"": true}, ""rank"": ""score"", ""setup"": ""breakout"", ""setup_params"": {""base_len"": 20, ""stop_atr_max"": 1.5, ""stop_atr_min"": 0.5}, ""sizing"": {""dd_reduce"": {""dd"": 0.1, ""factor"": 0.5}, ""heat_cap"": 0.06, ""max_positions"": 10, ""risk_pct"": 1.0}}"
2026-09-27 11:19:00,forex,val,breakout all minus regime,38c5374676,0,-1.0504714240370625,-0.0498939623914908,-0.14237668871098796,47,-0.48166440026734475,"{""exits"": {""breakeven"": true, ""max_hold"": 100, ""native_exit"": false, ""partial"": {""at_r"": 2.0, ""frac"": 0.5, ""trail_after_partial"": true}, ""target_r"": null, ""trail_ma"": 20}, ""filters"": {""chop"": true, ""rs"": true, ""score"": true, ""vol"": true}, ""rank"": ""score"", ""setup"": ""breakout"", ""setup_params"": {""base_len"": 20, ""stop_atr_max"": 1.5, ""stop_atr_min"": 0.5}, ""sizing"": {""dd_reduce"": {""dd"": 0.1, ""factor"": 0.5}, ""heat_cap"": 0.06, ""max_positions"": 10, ""risk_pct"": 1.0}}"
2026-09-27 11:19:00,forex,dev,breakout all minus vol,b05f10d702,0,-0.18290239062650318,-0.014891457826540222,-0.42343374742135076,364,-0.14917781546123302,"{""exits"": {""breakeven"": true, ""max_hold"": 100, ""native_exit"": false, ""partial"": {""at_r"": 2.0, ""frac"": 0.5, ""trail_after_partial"": true}, ""target_r"": null, ""trail_ma"": 20}, ""filters"": {""chop"": true, ""regime"": true, ""rs"": true, ""score"": true}, ""rank"": ""score"", ""setup"": ""breakout"", ""setup_params"": {""base_len"": 20, ""stop_atr_max"": 1.5, ""stop_atr_min"": 0.5}, ""sizing"": {""dd_reduce"": {""dd"": 0.1, ""factor"": 0.5}, ""heat_cap"": 0.06, ""max_positions"": 10, ""risk_pct"": 1.0}}"
2026-09-27 11:19:00,forex,val,breakout all minus vol,b05f10d702,0,-0.8318062074102482,-0.04265940052391359,-0.16942400386603573,57,-0.3629883197380457,"{""exits"": {""breakeven"": true, ""max_hold"": 100, ""native_exit"": false, ""partial"": {""at_r"": 2.0, ""frac"": 0.5, ""trail_after_partial"": true}, ""target_r"": null, ""trail_ma"": 20}, ""filters"": {""chop"": true, ""regime"": true, ""rs"": true, ""score"": true}, ""rank"": ""score"", ""setup"": ""breakout"", ""setup_params"": {""base_len"": 20, ""stop_atr_max"": 1.5, ""stop_atr_min"": 0.5}, ""sizing"": {""dd_reduce"": {""dd"": 0.1, ""factor"": 0.5}, ""heat_cap"": 0.06, ""max_positions"": 10, ""risk_pct"": 1.0}}"
2026-09-27 11:19:01,forex,dev,breakout all minus chop,607578dec5,0,-0.06660201750780731,-0.008346431447751712,-0.39211949176248584,441,-0.08794956287340389,"{""exits"": {""breakeven"": true, ""max_hold"": 100, ""native_exit"": false, ""partial"": {""at_r"": 2.0, ""frac"": 0.5, ""trail_after_partial"": true}, ""target_r"": null, ""trail_ma"": 20}, ""filters"": {""regime"": true, ""rs"": true, ""score"": true, ""vol"": true}, ""rank"": ""score"", ""setup"": ""breakout"", ""setup_params"": {""base_len"": 20, ""stop_atr_max"": 1.5, ""stop_atr_min"": 0.5}, ""sizing"": {""dd_reduce"": {""dd"": 0.1, ""factor"": 0.5}, ""heat_cap"": 0.06, ""max_positions"": 10, ""risk_pct"": 1.0}}"
2026-09-27 11:19:01,forex,val,breakout all minus chop,607578dec5,0,-0.861494894740024,-0.052169275602041654,-0.16959159436054394,76,-0.3149352449712312,"{""exits"": {""breakeven"": true, ""max_hold"": 100, ""native_exit"": false, ""partial"": {""at_r"": 2.0, ""frac"": 0.5, ""trail_after_partial"": true}, ""target_r"": null, ""trail_ma"": 20}, ""filters"": {""regime"": true, ""rs"": true, ""score"": true, ""vol"": true}, ""rank"": ""score"", ""setup"": ""breakout"", ""setup_params"": {""base_len"": 20, ""stop_atr_max"": 1.5, ""stop_atr_min"": 0.5}, ""sizing"": {""dd_reduce"": {""dd"": 0.1, ""factor"": 0.5}, ""heat_cap"": 0.06, ""max_positions"": 10, ""risk_pct"": 1.0}}"
2026-09-27 11:19:02,forex,dev,breakout all minus rs,5bbd9f7974,0,-0.05600744317347341,-0.008455441305309175,-0.39658364907347465,499,-0.06965103513291142,"{""exits"": {""breakeven"": true, ""max_hold"": 100, ""native_exit"": false, ""partial"": {""at_r"": 2.0, ""frac"": 0.5, ""trail_after_partial"": true}, ""target_r"": null, ""trail_ma"": 20}, ""filters"": {""chop"": true, ""regime"": true, ""score"": true, ""vol"": true}, ""rank"": ""score"", ""setup"": ""breakout"", ""setup_params"": {""base_len"": 20, ""stop_atr_max"": 1.5, ""stop_atr_min"": 0.5}, ""sizing"": {""dd_reduce"": {""dd"": 0.1, ""factor"": 0.5}, ""heat_cap"": 0.06, ""max_positions"": 10, ""risk_pct"": 1.0}}"
2026-09-27 11:19:02,forex,val,breakout all minus rs,5bbd9f7974,0,-1.4584140912669274,-0.09033801493585125,-0.251827164302999,85,-0.5263309419463944,"{""exits"": {""breakeven"": true, ""max_hold"": 100, ""native_exit"": false, ""partial"": {""at_r"": 2.0, ""frac"": 0.5, ""trail_after_partial"": true}, ""target_r"": null, ""trail_ma"": 20}, ""filters"": {""chop"": true, ""regime"": true, ""score"": true, ""vol"": true}, ""rank"": ""score"", ""setup"": ""breakout"", ""setup_params"": {""base_len"": 20, ""stop_atr_max"": 1.5, ""stop_atr_min"": 0.5}, ""sizing"": {""dd_reduce"": {""dd"": 0.1, ""factor"": 0.5}, ""heat_cap"": 0.06, ""max_positions"": 10, ""risk_pct"": 1.0}}"
2026-09-27 11:19:03,forex,dev,breakout all minus score,7083afe827,0,-0.4030841218489987,-0.059691120057248526,-0.6429571273967911,1267,-0.11947042666440742,"{""exits"": {""breakeven"": true, ""max_hold"": 100, ""native_exit"": false, ""partial"": {""at_r"": 2.0, ""frac"": 0.5, ""trail_after_partial"": true}, ""target_r"": null, ""trail_ma"": 20}, ""filters"": {""chop"": true, ""regime"": true, ""rs"": true, ""vol"": true}, ""rank"": ""random"", ""setup"": ""breakout"", ""setup_params"": {""base_len"": 20, ""stop_atr_max"": 1.5, ""stop_atr_min"": 0.5}, ""sizing"": {""dd_reduce"": {""dd"": 0.1, ""factor"": 0.5}, ""heat_cap"": 0.06, ""max_positions"": 10, ""risk_pct"": 1.0}}"
2026-09-27 11:19:03,forex,val,breakout all minus score,7083afe827,0,-0.7987107020590503,-0.11148679383612803,-0.38266797693688126,248,-0.23286808994542793,"{""exits"": {""breakeven"": true, ""max_hold"": 100, ""native_exit"": false, ""partial"": {""at_r"": 2.0, ""frac"": 0.5, ""trail_after_partial"": true}, ""target_r"": null, ""trail_ma"": 20}, ""filters"": {""chop"": true, ""regime"": true, ""rs"": true, ""vol"": true}, ""rank"": ""random"", ""setup"": ""breakout"", ""setup_params"": {""base_len"": 20, ""stop_atr_max"": 1.5, ""stop_atr_min"": 0.5}, ""sizing"": {""dd_reduce"": {""dd"": 0.1, ""factor"": 0.5}, ""heat_cap"": 0.06, ""max_positions"": 10, ""risk_pct"": 1.0}}"
2026-09-27 11:19:04,forex,dev,breakout all minus exit,246e9148da,0,-0.057925823122321314,-0.004359841441931578,-0.3265305764926163,349,-0.0674377731978601,"{""exits"": {""max_hold"": 20, ""native_exit"": false, ""target_r"": 2.0}, ""filters"": {""chop"": true, ""regime"": true, ""rs"": true, ""score"": true, ""vol"": true}, ""rank"": ""score"", ""setup"": ""breakout"", ""setup_params"": {""base_len"": 20, ""stop_atr_max"": 1.5, ""stop_atr_min"": 0.5}, ""sizing"": {""dd_reduce"": {""dd"": 0.1, ""factor"": 0.5}, ""heat_cap"": 0.06, ""max_positions"": 10, ""risk_pct"": 1.0}}"
2026-09-27 11:19:04,forex,val,breakout all minus exit,246e9148da,0,-0.9326059921983247,-0.04121555204500493,-0.13467905260567514,46,-0.3253466820273287,"{""exits"": {""max_hold"": 20, ""native_exit"": false, ""target_r"": 2.0}, ""filters"": {""chop"": true, ""regime"": true, ""rs"": true, ""score"": true, ""vol"": true}, ""rank"": ""score"", ""setup"": ""breakout"", ""setup_params"": {""base_len"": 20, ""stop_atr_max"": 1.5, ""stop_atr_min"": 0.5}, ""sizing"": {""dd_reduce"": {""dd"": 0.1, ""factor"": 0.5}, ""heat_cap"": 0.06, ""max_positions"": 10, ""risk_pct"": 1.0}}"
2026-09-27 11:19:04,forex,dev,breakout all minus sizing,896ee23610,0,-0.2670213342160297,-0.029118850870456958,-0.5681079858571116,317,-0.12872394294475895,"{""exits"": {""breakeven"": true, ""max_hold"": 100, ""native_exit"": false, ""partial"": {""at_r"": 2.0, ""frac"": 0.5, ""trail_after_partial"": true}, ""target_r"": null, ""trail_ma"": 20}, ""filters"": {""chop"": true, ""regime"": true, ""rs"": true, ""score"": true, ""vol"": true}, ""rank"": ""score"", ""setup"": ""breakout"", ""setup_params"": {""base_len"": 20, ""stop_atr_max"": 1.5, ""stop_atr_min"": 0.5}, ""sizing"": {""heat_cap"": null, ""max_positions"": 10, ""risk_pct"": 1.0}}"
2026-09-27 11:19:04,forex,val,breakout all minus sizing,896ee23610,0,-0.9001893874250201,-0.05613690641636804,-0.15914506813906415,46,-0.46985045629452993,"{""exits"": {""breakeven"": true, ""max_hold"": 100, ""native_exit"": false, ""partial"": {""at_r"": 2.0, ""frac"": 0.5, ""trail_after_partial"": true}, ""target_r"": null, ""trail_ma"": 20}, ""filters"": {""chop"": true, ""regime"": true, ""rs"": true, ""score"": true, ""vol"": true}, ""rank"": ""score"", ""setup"": ""breakout"", ""setup_params"": {""base_len"": 20, ""stop_atr_max"": 1.5, ""stop_atr_min"": 0.5}, ""sizing"": {""heat_cap"": null, ""max_positions"": 10, ""risk_pct"": 1.0}}"
2026-09-27 11:19:05,forex,dev,naive pullback,1ff9d3db1e,0,-0.569498407882378,-0.1022586853645171,-0.8378070504146046,1117,-0.13268734295780432,"{""exits"": {""max_hold"": 20, ""native_exit"": false, ""target_r"": 2.0}, ""filters"": {}, ""rank"": ""random"", ""setup"": ""pullback"", ""setup_params"": {""adx_min"": 25.0, ""lookback"": 5, ""stop_atr_max"": 2.0, ""stop_atr_min"": 0.5}, ""sizing"": {""heat_cap"": null, ""max_positions"": 10, ""risk_pct"": 1.0}}"
2026-09-27 11:19:05,forex,val,naive pullback,1ff9d3db1e,0,-1.1184480136790373,-0.170519026878175,-0.4869485106514666,243,-0.2268802770249592,"{""exits"": {""max_hold"": 20, ""native_exit"": false, ""target_r"": 2.0}, ""filters"": {}, ""rank"": ""random"", ""setup"": ""pullback"", ""setup_params"": {""adx_min"": 25.0, ""lookback"": 5, ""stop_atr_max"": 2.0, ""stop_atr_min"": 0.5}, ""sizing"": {""heat_cap"": null, ""max_positions"": 10, ""risk_pct"": 1.0}}"
2026-09-27 11:19:06,forex,dev,pullback + regime,180b683bf0,0,-0.542797749871536,-0.09382221276292446,-0.8157925500342278,1006,-0.13628358877873423,"{""exits"": {""max_hold"": 20, ""native_exit"": false, ""target_r"": 2.0}, ""filters"": {""regime"": true}, ""rank"": ""random"", ""setup"": ""pullback"", ""setup_params"": {""adx_min"": 25.0, ""lookback"": 5, ""stop_atr_max"": 2.0, ""stop_atr_min"": 0.5}, ""sizing"": {""heat_cap"": null, ""max_positions"": 10, ""risk_pct"": 1.0}}"
2026-09-27 11:19:07,forex,val,pullback + regime,180b683bf0,0,-1.0737326277948445,-0.15762829702358117,-0.46486318489634304,228,-0.21785507402635182,"{""exits"": {""max_hold"": 20, ""native_exit"": false, ""target_r"": 2.0}, ""filters"": {""regime"": true}, ""rank"": ""random"", ""setup"": ""pullback"", ""setup_params"": {""adx_min"": 25.0, ""lookback"": 5, ""stop_atr_max"": 2.0, ""stop_atr_min"": 0.5}, ""sizing"": {""heat_cap"": null, ""max_positions"": 10, ""risk_pct"": 1.0}}"
2026-09-27 11:19:07,forex,dev,pullback + vol,8b21589674,0,-0.8496244681231305,-0.11902473978176187,-0.8781080078612729,917,-0.19807684953125768,"{""exits"": {""max_hold"": 20, ""native_exit"": false, ""target_r"": 2.0}, ""filters"": {""vol"": true}, ""rank"": ""random"", ""setup"": ""pullback"", ""setup_params"": {""adx_min"": 25.0, ""lookback"": 5, ""stop_atr_max"": 2.0, ""stop_atr_min"": 0.5}, ""sizing"": {""heat_cap"": null, ""max_positions"": 10, ""risk_pct"": 1.0}}"
2026-09-27 11:19:07,forex,val,pullback + vol,8b21589674,0,-0.9782569955112316,-0.1260871172921869,-0.38055243648770665,191,-0.20305086065262437,"{""exits"": {""max_hold"": 20, ""native_exit"": false, ""target_r"": 2.0}, ""filters"": {""vol"": true}, ""rank"": ""random"", ""setup"": ""pullback"", ""setup_params"": {""adx_min"": 25.0, ""lookback"": 5, ""stop_atr_max"": 2.0, ""stop_atr_min"": 0.5}, ""sizing"": {""heat_cap"": null, ""max_positions"": 10, ""risk_pct"": 1.0}}"
2026-09-27 11:19:08,forex,dev,pullback + rs,7186b6a6dc,0,-0.4753547880256983,-0.06357772828849084,-0.6946109765438608,613,-0.14578582696553613,"{""exits"": {""max_hold"": 20, ""native_exit"": false, ""target_r"": 2.0}, ""filters"": {""rs"": true}, ""rank"": ""random"", ""setup"": ""pullback"", ""setup_params"": {""adx_min"": 25.0, ""lookback"": 5, ""stop_atr_max"": 2.0, ""stop_atr_min"": 0.5}, ""sizing"": {""heat_cap"": null, ""max_positions"": 10, ""risk_pct"": 1.0}}"
2026-09-27 11:19:08,forex,val,pullback + rs,7186b6a6dc,0,-0.4180446931891814,-0.05360017844521969,-0.21509923936966935,134,-0.11984947195864358,"{""exits"": {""max_hold"": 20, ""native_exit"": false, ""target_r"": 2.0}, ""filters"": {""rs"": true}, ""rank"": ""random"", ""setup"": ""pullback"", ""setup_params"": {""adx_min"": 25.0, ""lookback"": 5, ""stop_atr_max"": 2.0, ""stop_atr_min"": 0.5}, ""sizing"": {""heat_cap"": null, ""max_positions"": 10, ""risk_pct"": 1.0}}"
2026-09-27 11:19:08,forex,dev,pullback + score rank only,7987dca2ad,0,-0.5867590147588317,-0.10513745077709746,-0.8454307486282315,1111,-0.13842858504248864,"{""exits"": {""max_hold"": 20, ""native_exit"": false, ""target_r"": 2.0}, ""filters"": {}, ""rank"": ""score"", ""setup"": ""pullback"", ""setup_params"": {""adx_min"": 25.0, ""lookback"": 5, ""stop_atr_max"": 2.0, ""stop_atr_min"": 0.5}, ""sizing"": {""heat_cap"": null, ""max_positions"": 10, ""risk_pct"": 1.0}}"
2026-09-27 11:19:08,forex,val,pullback + score rank only,7987dca2ad,0,-1.038510162774343,-0.16191491331372543,-0.4708430161476086,244,-0.20759737763346942,"{""exits"": {""max_hold"": 20, ""native_exit"": false, ""target_r"": 2.0}, ""filters"": {}, ""rank"": ""score"", ""setup"": ""pullback"", ""setup_params"": {""adx_min"": 25.0, ""lookback"": 5, ""stop_atr_max"": 2.0, ""stop_atr_min"": 0.5}, ""sizing"": {""heat_cap"": null, ""max_positions"": 10, ""risk_pct"": 1.0}}"
2026-09-27 11:19:09,forex,dev,pullback + score top 20%,04720094ae,0,-0.31225843223180916,-0.024939856859554244,-0.4156487315143401,269,-0.12487056413282274,"{""exits"": {""max_hold"": 20, ""native_exit"": false, ""target_r"": 2.0}, ""filters"": {""score"": true}, ""rank"": ""score"", ""setup"": ""pullback"", ""setup_params"": {""adx_min"": 25.0, ""lookback"": 5, ""stop_atr_max"": 2.0, ""stop_atr_min"": 0.5}, ""sizing"": {""heat_cap"": null, ""max_positions"": 10, ""risk_pct"": 1.0}}"
2026-09-27 11:19:09,forex,val,pullback + score top 20%,04720094ae,0,-0.4854801358131954,-0.02614869478297943,-0.12661544332754393,48,-0.1690933023221571,"{""exits"": {""max_hold"": 20, ""native_exit"": false, ""target_r"": 2.0}, ""filters"": {""score"": true}, ""rank"": ""score"", ""setup"": ""pullback"", ""setup_params"": {""adx_min"": 25.0, ""lookback"": 5, ""stop_atr_max"": 2.0, ""stop_atr_min"": 0.5}, ""sizing"": {""heat_cap"": null, ""max_positions"": 10, ""risk_pct"": 1.0}}"
2026-09-27 11:19:09,forex,dev,pullback + risk 0.25%,cd1a0ffb15,0,-0.6223654876160621,-0.027739653158345146,-0.38387113832182407,1150,-0.14449078660939435,"{""exits"": {""max_hold"": 20, ""native_exit"": false, ""target_r"": 2.0}, ""filters"": {}, ""rank"": ""random"", ""setup"": ""pullback"", ""setup_params"": {""adx_min"": 25.0, ""lookback"": 5, ""stop_atr_max"": 2.0, ""stop_atr_min"": 0.5}, ""sizing"": {""heat_cap"": null, ""max_positions"": 10, ""risk_pct"": 0.25}}"
2026-09-27 11:19:09,forex,val,pullback + risk 0.25%,cd1a0ffb15,0,-1.0941045983823583,-0.04823541919609342,-0.160222374273441,274,-0.21105071607680637,"{""exits"": {""max_hold"": 20, ""native_exit"": false, ""target_r"": 2.0}, ""filters"": {}, ""rank"": ""random"", ""setup"": ""pullback"", ""setup_params"": {""adx_min"": 25.0, ""lookback"": 5, ""stop_atr_max"": 2.0, ""stop_atr_min"": 0.5}, ""sizing"": {""heat_cap"": null, ""max_positions"": 10, ""risk_pct"": 0.25}}"
2026-09-27 11:19:09,forex,dev,pullback + risk 0.5%,bab7c0373a,0,-0.6285905633785965,-0.056720876406012755,-0.6313573143488275,1149,-0.14631527160086602,"{""exits"": {""max_hold"": 20, ""native_exit"": false, ""target_r"": 2.0}, ""filters"": {}, ""rank"": ""random"", ""setup"": ""pullback"", ""setup_params"": {""adx_min"": 25.0, ""lookback"": 5, ""stop_atr_max"": 2.0, ""stop_atr_min"": 0.5}, ""sizing"": {""heat_cap"": null, ""max_positions"": 10, ""risk_pct"": 0.5}}"
2026-09-27 11:19:10,forex,val,pullback + risk 0.5%,bab7c0373a,0,-1.0792118703574476,-0.09456211098538148,-0.29520997138691274,273,-0.20789836755894867,"{""exits"": {""max_hold"": 20, ""native_exit"": false, ""target_r"": 2.0}, ""filters"": {}, ""rank"": ""random"", ""setup"": ""pullback"", ""setup_params"": {""adx_min"": 25.0, ""lookback"": 5, ""stop_atr_max"": 2.0, ""stop_atr_min"": 0.5}, ""sizing"": {""heat_cap"": null, ""max_positions"": 10, ""risk_pct"": 0.5}}"
2026-09-27 11:19:10,forex,dev,pullback + risk 2%,a01d0a6e71,0,-0.4504199966567218,-0.13051670539163673,-0.9052345414310096,970,-0.11169930747125924,"{""exits"": {""max_hold"": 20, ""native_exit"": false, ""target_r"": 2.0}, ""filters"": {}, ""rank"": ""random"", ""setup"": ""pullback"", ""setup_params"": {""adx_min"": 25.0, ""lookback"": 5, ""stop_atr_max"": 2.0, ""stop_atr_min"": 0.5}, ""sizing"": {""heat_cap"": null, ""max_positions"": 10, ""risk_pct"": 2.0}}"
2026-09-27 11:19:10,forex,val,pullback + risk 2%,a01d0a6e71,0,-1.0454882982505314,-0.2150762095355141,-0.5825544753960884,200,-0.22077848240022782,"{""exits"": {""max_hold"": 20, ""native_exit"": false, ""target_r"": 2.0}, ""filters"": {}, ""rank"": ""random"", ""setup"": ""pullback"", ""setup_params"": {""adx_min"": 25.0, ""lookback"": 5, ""stop_atr_max"": 2.0, ""stop_atr_min"": 0.5}, ""sizing"": {""heat_cap"": null, ""max_positions"": 10, ""risk_pct"": 2.0}}"
2026-09-27 11:19:10,forex,dev,pullback + ATR sizing,128d5cc40e,0,-0.585390804816218,-0.07782589144373564,-0.7440693616335096,1146,-0.1447086857393231,"{""exits"": {""max_hold"": 20, ""native_exit"": false, ""target_r"": 2.0}, ""filters"": {}, ""rank"": ""random"", ""setup"": ""pullback"", ""setup_params"": {""adx_min"": 25.0, ""lookback"": 5, ""stop_atr_max"": 2.0, ""stop_atr_min"": 0.5}, ""sizing"": {""atr_mult"": 2.0, ""heat_cap"": null, ""max_positions"": 10, ""mode"": ""atr"", ""risk_pct"": 1.0}}"
2026-09-27 11:19:10,forex,val,pullback + ATR sizing,128d5cc40e,0,-0.9868942299438196,-0.11807777352219406,-0.35890827146583293,266,-0.2002976754063163,"{""exits"": {""max_hold"": 20, ""native_exit"": false, ""target_r"": 2.0}, ""filters"": {}, ""rank"": ""random"", ""setup"": ""pullback"", ""setup_params"": {""adx_min"": 25.0, ""lookback"": 5, ""stop_atr_max"": 2.0, ""stop_atr_min"": 0.5}, ""sizing"": {""atr_mult"": 2.0, ""heat_cap"": null, ""max_positions"": 10, ""mode"": ""atr"", ""risk_pct"": 1.0}}"
2026-09-27 11:19:11,forex,dev,pullback + heat cap 4%,ab318016c0,0,-0.4917204635302771,-0.06638226201392028,-0.7141571967413647,861,-0.11388183616175084,"{""exits"": {""max_hold"": 20, ""native_exit"": false, ""target_r"": 2.0}, ""filters"": {}, ""rank"": ""random"", ""setup"": ""pullback"", ""setup_params"": {""adx_min"": 25.0, ""lookback"": 5, ""stop_atr_max"": 2.0, ""stop_atr_min"": 0.5}, ""sizing"": {""heat_cap"": 0.04, ""max_positions"": 10, ""risk_pct"": 1.0}}"
2026-09-27 11:19:11,forex,val,pullback + heat cap 4%,ab318016c0,0,-0.7712706168699006,-0.09288575572803381,-0.3113824922944939,189,-0.14556986838015853,"{""exits"": {""max_hold"": 20, ""native_exit"": false, ""target_r"": 2.0}, ""filters"": {}, ""rank"": ""random"", ""setup"": ""pullback"", ""setup_params"": {""adx_min"": 25.0, ""lookback"": 5, ""stop_atr_max"": 2.0, ""stop_atr_min"": 0.5}, ""sizing"": {""heat_cap"": 0.04, ""max_positions"": 10, ""risk_pct"": 1.0}}"
2026-09-27 11:19:11,forex,dev,pullback + heat cap 6%,d045836d74,0,-0.6034130248417872,-0.096837936210596,-0.8224902320644406,1034,-0.13941937541822289,"{""exits"": {""max_hold"": 20, ""native_exit"": false, ""target_r"": 2.0}, ""filters"": {}, ""rank"": ""random"", ""setup"": ""pullback"", ""setup_params"": {""adx_min"": 25.0, ""lookback"": 5, ""stop_atr_max"": 2.0, ""stop_atr_min"": 0.5}, ""sizing"": {""heat_cap"": 0.06, ""max_positions"": 10, ""risk_pct"": 1.0}}"
2026-09-27 11:19:11,forex,val,pullback + heat cap 6%,d045836d74,0,-0.9098206288398707,-0.13150290903046136,-0.41122260314521264,224,-0.18564167456481756,"{""exits"": {""max_hold"": 20, ""native_exit"": false, ""target_r"": 2.0}, ""filters"": {}, ""rank"": ""random"", ""setup"": ""pullback"", ""setup_params"": {""adx_min"": 25.0, ""lookback"": 5, ""stop_atr_max"": 2.0, ""stop_atr_min"": 0.5}, ""sizing"": {""heat_cap"": 0.06, ""max_positions"": 10, ""risk_pct"": 1.0}}"
2026-09-27 11:19:11,forex,dev,pullback + heat cap 8%,75cbead313,0,-0.5820342220946542,-0.10066282928056347,-0.8334310584905811,1090,-0.13536812774020301,"{""exits"": {""max_hold"": 20, ""native_exit"": false, ""target_r"": 2.0}, ""filters"": {}, ""rank"": ""random"", ""setup"": ""pullback"", ""setup_params"": {""adx_min"": 25.0, ""lookback"": 5, ""stop_atr_max"": 2.0, ""stop_atr_min"": 0.5}, ""sizing"": {""heat_cap"": 0.08, ""max_positions"": 10, ""risk_pct"": 1.0}}"
2026-09-27 11:19:12,forex,val,pullback + heat cap 8%,75cbead313,0,-1.0122290188880338,-0.15207119595494312,-0.4520081973032978,237,-0.2066756222240997,"{""exits"": {""max_hold"": 20, ""native_exit"": false, ""target_r"": 2.0}, ""filters"": {}, ""rank"": ""random"", ""setup"": ""pullback"", ""setup_params"": {""adx_min"": 25.0, ""lookback"": 5, ""stop_atr_max"": 2.0, ""stop_atr_min"": 0.5}, ""sizing"": {""heat_cap"": 0.08, ""max_positions"": 10, ""risk_pct"": 1.0}}"
2026-09-27 11:19:12,forex,dev,pullback + max 5 positions,cad047327c,0,-0.5644682330110534,-0.08814215112228119,-0.7972851602510251,1013,-0.12880390756692883,"{""exits"": {""max_hold"": 20, ""native_exit"": false, ""target_r"": 2.0}, ""filters"": {}, ""rank"": ""random"", ""setup"": ""pullback"", ""setup_params"": {""adx_min"": 25.0, ""lookback"": 5, ""stop_atr_max"": 2.0, ""stop_atr_min"": 0.5}, ""sizing"": {""heat_cap"": null, ""max_positions"": 5, ""risk_pct"": 1.0}}"
2026-09-27 11:19:12,forex,val,pullback + max 5 positions,cad047327c,0,-0.9430172235787956,-0.1302930706829185,-0.40876257204408273,218,-0.18724653313289827,"{""exits"": {""max_hold"": 20, ""native_exit"": false, ""target_r"": 2.0}, ""filters"": {}, ""rank"": ""random"", ""setup"": ""pullback"", ""setup_params"": {""adx_min"": 25.0, ""lookback"": 5, ""stop_atr_max"": 2.0, ""stop_atr_min"": 0.5}, ""sizing"": {""heat_cap"": null, ""max_positions"": 5, ""risk_pct"": 1.0}}"
2026-09-27 11:19:12,forex,dev,pullback + halve risk in 10% DD,041629b0ad,0,-0.6695536075821978,-0.06138417290169251,-0.6648729658817352,1149,-0.14631527160086602,"{""exits"": {""max_hold"": 20, ""native_exit"": false, ""target_r"": 2.0}, ""filters"": {}, ""rank"": ""random"", ""setup"": ""pullback"", ""setup_params"": {""adx_min"": 25.0, ""lookback"": 5, ""stop_atr_max"": 2.0, ""stop_atr_min"": 0.5}, ""sizing"": {""dd_reduce"": {""dd"": 0.1, ""factor"": 0.5}, ""heat_cap"": null, ""max_positions"": 10, ""risk_pct"": 1.0}}"
2026-09-27 11:19:12,forex,val,pullback + halve risk in 10% DD,041629b0ad,0,-0.9952721895875198,-0.10220043535411005,-0.3439557642528106,272,-0.20479515283480304,"{""exits"": {""max_hold"": 20, ""native_exit"": false, ""target_r"": 2.0}, ""filters"": {}, ""rank"": ""random"", ""setup"": ""pullback"", ""setup_params"": {""adx_min"": 25.0, ""lookback"": 5, ""stop_atr_max"": 2.0, ""stop_atr_min"": 0.5}, ""sizing"": {""dd_reduce"": {""dd"": 0.1, ""factor"": 0.5}, ""heat_cap"": null, ""max_positions"": 10, ""risk_pct"": 1.0}}"
2026-09-27 11:19:13,forex,dev,pullback + partial 3d + BE + 10MA,98bd23a063,0,-0.8459752105567719,-0.13102146932230774,-0.8887035926386542,1299,-0.15296820314819792,"{""exits"": {""breakeven"": true, ""max_hold"": 100, ""native_exit"": false, ""partial"": {""after_bars"": 3, ""frac"": 0.33, ""trail_after_partial"": true}, ""target_r"": null, ""trail_ma"": 10}, ""filters"": {}, ""rank"": ""random"", ""setup"": ""pullback"", ""setup_params"": {""adx_min"": 25.0, ""lookback"": 5, ""stop_atr_max"": 2.0, ""stop_atr_min"": 0.5}, ""sizing"": {""heat_cap"": null, ""max_positions"": 10, ""risk_pct"": 1.0}}"
2026-09-27 11:19:13,forex,val,pullback + partial 3d + BE + 10MA,98bd23a063,0,-0.9235127272202608,-0.14966226525594195,-0.5802591391076646,297,-0.13245104921237694,"{""exits"": {""breakeven"": true, ""max_hold"": 100, ""native_exit"": false, ""partial"": {""after_bars"": 3, ""frac"": 0.33, ""trail_after_partial"": true}, ""target_r"": null, ""trail_ma"": 10}, ""filters"": {}, ""rank"": ""random"", ""setup"": ""pullback"", ""setup_params"": {""adx_min"": 25.0, ""lookback"": 5, ""stop_atr_max"": 2.0, ""stop_atr_min"": 0.5}, ""sizing"": {""heat_cap"": null, ""max_positions"": 10, ""risk_pct"": 1.0}}"
2026-09-27 11:19:14,forex,dev,pullback + partial 2R + BE + 20MA,d22d7a3411,0,-0.643242013385795,-0.13201719878146445,-0.9007993017504551,1010,-0.18602949160329907,"{""exits"": {""breakeven"": true, ""max_hold"": 100, ""native_exit"": false, ""partial"": {""at_r"": 2.0, ""frac"": 0.5, ""trail_after_partial"": true}, ""target_r"": null, ""trail_ma"": 20}, ""filters"": {}, ""rank"": ""random"", ""setup"": ""pullback"", ""setup_params"": {""adx_min"": 25.0, ""lookback"": 5, ""stop_atr_max"": 2.0, ""stop_atr_min"": 0.5}, ""sizing"": {""heat_cap"": null, ""max_positions"": 10, ""risk_pct"": 1.0}}"
2026-09-27 11:19:14,forex,val,pullback + partial 2R + BE + 20MA,d22d7a3411,0,-0.6228772124364463,-0.12894230971328846,-0.5126315053903183,205,-0.16865281673526686,"{""exits"": {""breakeven"": true, ""max_hold"": 100, ""native_exit"": false, ""partial"": {""at_r"": 2.0, ""frac"": 0.5, ""trail_after_partial"": true}, ""target_r"": null, ""trail_ma"": 20}, ""filters"": {}, ""rank"": ""random"", ""setup"": ""pullback"", ""setup_params"": {""adx_min"": 25.0, ""lookback"": 5, ""stop_atr_max"": 2.0, ""stop_atr_min"": 0.5}, ""sizing"": {""heat_cap"": null, ""max_positions"": 10, ""risk_pct"": 1.0}}"
2026-09-27 11:19:15,forex,dev,pullback + ATR trail 2.5,f572acf362,0,-0.5444607295528299,-0.13941869019649156,-0.9146820147475717,992,-0.2020007730600931,"{""exits"": {""max_hold"": 100, ""native_exit"": false, ""target_r"": null, ""trail_atr"": 2.5}, ""filters"": {}, ""rank"": ""random"", ""setup"": ""pullback"", ""setup_params"": {""adx_min"": 25.0, ""lookback"": 5, ""stop_atr_max"": 2.0, ""stop_atr_min"": 0.5}, ""sizing"": {""heat_cap"": null, ""max_positions"": 10, ""risk_pct"": 1.0}}"
2026-09-27 11:19:15,forex,val,pullback + ATR trail 2.5,f572acf362,0,-0.7518542711603364,-0.17192998035105678,-0.6208858925413645,214,-0.20371270996362853,"{""exits"": {""max_hold"": 100, ""native_exit"": false, ""target_r"": null, ""trail_atr"": 2.5}, ""filters"": {}, ""rank"": ""random"", ""setup"": ""pullback"", ""setup_params"": {""adx_min"": 25.0, ""lookback"": 5, ""stop_atr_max"": 2.0, ""stop_atr_min"": 0.5}, ""sizing"": {""heat_cap"": null, ""max_positions"": 10, ""risk_pct"": 1.0}}"
2026-09-27 11:19:15,forex,dev,pullback + time stop 5d,74144dc6cc,0,-0.8338665167379643,-0.11607013605953054,-0.8675679251368497,1321,-0.13427774603783277,"{""exits"": {""max_hold"": 20, ""native_exit"": false, ""target_r"": 2.0, ""time_stop"": {""bars"": 5, ""min_r"": 0.5}}, ""filters"": {}, ""rank"": ""random"", ""setup"": ""pullback"", ""setup_params"": {""adx_min"": 25.0, ""lookback"": 5, ""stop_atr_max"": 2.0, ""stop_atr_min"": 0.5}, ""sizing"": {""heat_cap"": null, ""max_positions"": 10, ""risk_pct"": 1.0}}"
2026-09-27 11:19:15,forex,val,pullback + time stop 5d,74144dc6cc,0,-1.180422691424199,-0.152529183085367,-0.44439429003323205,293,-0.16451867396707723,"{""exits"": {""max_hold"": 20, ""native_exit"": false, ""target_r"": 2.0, ""time_stop"": {""bars"": 5, ""min_r"": 0.5}}, ""filters"": {}, ""rank"": ""random"", ""setup"": ""pullback"", ""setup_params"": {""adx_min"": 25.0, ""lookback"": 5, ""stop_atr_max"": 2.0, ""stop_atr_min"": 0.5}, ""sizing"": {""heat_cap"": null, ""max_positions"": 10, ""risk_pct"": 1.0}}"
2026-09-27 11:19:16,forex,dev,pullback ALL LAYERS,daf4f6ae7b,0,-0.34722285299601796,-0.011252978384374224,-0.1908835982930147,84,-0.25308848493961505,"{""exits"": {""breakeven"": true, ""max_hold"": 100, ""native_exit"": false, ""partial"": {""at_r"": 2.0, ""frac"": 0.5, ""trail_after_partial"": true}, ""target_r"": null, ""trail_ma"": 20}, ""filters"": {""regime"": true, ""rs"": true, ""score"": true, ""vol"": true}, ""rank"": ""score"", ""setup"": ""pullback"", ""setup_params"": {""adx_min"": 25.0, ""lookback"": 5, ""stop_atr_max"": 2.0, ""stop_atr_min"": 0.5}, ""sizing"": {""dd_reduce"": {""dd"": 0.1, ""factor"": 0.5}, ""heat_cap"": 0.06, ""max_positions"": 10, ""risk_pct"": 1.0}}"
2026-09-27 11:19:16,forex,val,pullback ALL LAYERS,daf4f6ae7b,0,-0.42317434515211816,-0.006020618059272342,-0.02417866297338922,4,-0.4459251376273091,"{""exits"": {""breakeven"": true, ""max_hold"": 100, ""native_exit"": false, ""partial"": {""at_r"": 2.0, ""frac"": 0.5, ""trail_after_partial"": true}, ""target_r"": null, ""trail_ma"": 20}, ""filters"": {""regime"": true, ""rs"": true, ""score"": true, ""vol"": true}, ""rank"": ""score"", ""setup"": ""pullback"", ""setup_params"": {""adx_min"": 25.0, ""lookback"": 5, ""stop_atr_max"": 2.0, ""stop_atr_min"": 0.5}, ""sizing"": {""dd_reduce"": {""dd"": 0.1, ""factor"": 0.5}, ""heat_cap"": 0.06, ""max_positions"": 10, ""risk_pct"": 1.0}}"
2026-09-27 11:19:16,forex,dev,pullback all minus regime,cc8229178c,0,-0.3351472960579898,-0.01003777599692024,-0.1987009363687815,85,-0.2254866686150429,"{""exits"": {""breakeven"": true, ""max_hold"": 100, ""native_exit"": false, ""partial"": {""at_r"": 2.0, ""frac"": 0.5, ""trail_after_partial"": true}, ""target_r"": null, ""trail_ma"": 20}, ""filters"": {""rs"": true, ""score"": true, ""vol"": true}, ""rank"": ""score"", ""setup"": ""pullback"", ""setup_params"": {""adx_min"": 25.0, ""lookback"": 5, ""stop_atr_max"": 2.0, ""stop_atr_min"": 0.5}, ""sizing"": {""dd_reduce"": {""dd"": 0.1, ""factor"": 0.5}, ""heat_cap"": 0.06, ""max_positions"": 10, ""risk_pct"": 1.0}}"
2026-09-27 11:19:17,forex,val,pullback all minus regime,cc8229178c,0,-0.42317434515211816,-0.006020618059272342,-0.02417866297338922,4,-0.4459251376273091,"{""exits"": {""breakeven"": true, ""max_hold"": 100, ""native_exit"": false, ""partial"": {""at_r"": 2.0, ""frac"": 0.5, ""trail_after_partial"": true}, ""target_r"": null, ""trail_ma"": 20}, ""filters"": {""rs"": true, ""score"": true, ""vol"": true}, ""rank"": ""score"", ""setup"": ""pullback"", ""setup_params"": {""adx_min"": 25.0, ""lookback"": 5, ""stop_atr_max"": 2.0, ""stop_atr_min"": 0.5}, ""sizing"": {""dd_reduce"": {""dd"": 0.1, ""factor"": 0.5}, ""heat_cap"": 0.06, ""max_positions"": 10, ""risk_pct"": 1.0}}"
2026-09-27 11:19:17,forex,dev,pullback all minus vol,87d9b85623,0,-0.14467628758668655,-0.007387719649976754,-0.2024211980431585,122,-0.15128532039866938,"{""exits"": {""breakeven"": true, ""max_hold"": 100, ""native_exit"": false, ""partial"": {""at_r"": 2.0, ""frac"": 0.5, ""trail_after_partial"": true}, ""target_r"": null, ""trail_ma"": 20}, ""filters"": {""regime"": true, ""rs"": true, ""score"": true}, ""rank"": ""score"", ""setup"": ""pullback"", ""setup_params"": {""adx_min"": 25.0, ""lookback"": 5, ""stop_atr_max"": 2.0, ""stop_atr_min"": 0.5}, ""sizing"": {""dd_reduce"": {""dd"": 0.1, ""factor"": 0.5}, ""heat_cap"": 0.06, ""max_positions"": 10, ""risk_pct"": 1.0}}"
2026-09-27 11:19:18,forex,val,pullback all minus vol,87d9b85623,0,-0.23206702857536937,-0.0076764752372507905,-0.07387784773681327,15,-0.11598917599634945,"{""exits"": {""breakeven"": true, ""max_hold"": 100, ""native_exit"": false, ""partial"": {""at_r"": 2.0, ""frac"": 0.5, ""trail_after_partial"": true}, ""target_r"": null, ""trail_ma"": 20}, ""filters"": {""regime"": true, ""rs"": true, ""score"": true}, ""rank"": ""score"", ""setup"": ""pullback"", ""setup_params"": {""adx_min"": 25.0, ""lookback"": 5, ""stop_atr_max"": 2.0, ""stop_atr_min"": 0.5}, ""sizing"": {""dd_reduce"": {""dd"": 0.1, ""factor"": 0.5}, ""heat_cap"": 0.06, ""max_positions"": 10, ""risk_pct"": 1.0}}"
2026-09-27 11:19:18,forex,dev,pullback all minus rs,96fb65861c,0,-0.39690619853535103,-0.015777262033877637,-0.26749832483565517,168,-0.2094827740458631,"{""exits"": {""breakeven"": true, ""max_hold"": 100, ""native_exit"": false, ""partial"": {""at_r"": 2.0, ""frac"": 0.5, ""trail_after_partial"": true}, ""target_r"": null, ""trail_ma"": 20}, ""filters"": {""regime"": true, ""score"": true, ""vol"": true}, ""rank"": ""score"", ""setup"": ""pullback"", ""setup_params"": {""adx_min"": 25.0, ""lookback"": 5, ""stop_atr_max"": 2.0, ""stop_atr_min"": 0.5}, ""sizing"": {""dd_reduce"": {""dd"": 0.1, ""factor"": 0.5}, ""heat_cap"": 0.06, ""max_positions"": 10, ""risk_pct"": 1.0}}"
2026-09-27 11:19:18,forex,val,pullback all minus rs,96fb65861c,0,-0.4868367041189897,-0.01599535368256222,-0.06474224196686829,19,-0.2687442681723543,"{""exits"": {""breakeven"": true, ""max_hold"": 100, ""native_exit"": false, ""partial"": {""at_r"": 2.0, ""frac"": 0.5, ""trail_after_partial"": true}, ""target_r"": null, ""trail_ma"": 20}, ""filters"": {""regime"": true, ""score"": true, ""vol"": true}, ""rank"": ""score"", ""setup"": ""pullback"", ""setup_params"": {""adx_min"": 25.0, ""lookback"": 5, ""stop_atr_max"": 2.0, ""stop_atr_min"": 0.5}, ""sizing"": {""dd_reduce"": {""dd"": 0.1, ""factor"": 0.5}, ""heat_cap"": 0.06, ""max_positions"": 10, ""risk_pct"": 1.0}}"
2026-09-27 11:19:19,forex,dev,pullback all minus score,c6f8298e39,0,-0.6772840564457809,-0.0439732150394464,-0.531895896399078,446,-0.2667295461573478,"{""exits"": {""breakeven"": true, ""max_hold"": 100, ""native_exit"": false, ""partial"": {""at_r"": 2.0, ""frac"": 0.5, ""trail_after_partial"": true}, ""target_r"": null, ""trail_ma"": 20}, ""filters"": {""regime"": true, ""rs"": true, ""vol"": true}, ""rank"": ""random"", ""setup"": ""pullback"", ""setup_params"": {""adx_min"": 25.0, ""lookback"": 5, ""stop_atr_max"": 2.0, ""stop_atr_min"": 0.5}, ""sizing"": {""dd_reduce"": {""dd"": 0.1, ""factor"": 0.5}, ""heat_cap"": 0.06, ""max_positions"": 10, ""risk_pct"": 1.0}}"
2026-09-27 11:19:19,forex,val,pullback all minus score,c6f8298e39,0,-0.903128453442378,-0.06674646319664779,-0.19921782445430658,89,-0.31975079517070865,"{""exits"": {""breakeven"": true, ""max_hold"": 100, ""native_exit"": false, ""partial"": {""at_r"": 2.0, ""frac"": 0.5, ""trail_after_partial"": true}, ""target_r"": null, ""trail_ma"": 20}, ""filters"": {""regime"": true, ""rs"": true, ""vol"": true}, ""rank"": ""random"", ""setup"": ""pullback"", ""setup_params"": {""adx_min"": 25.0, ""lookback"": 5, ""stop_atr_max"": 2.0, ""stop_atr_min"": 0.5}, ""sizing"": {""dd_reduce"": {""dd"": 0.1, ""factor"": 0.5}, ""heat_cap"": 0.06, ""max_positions"": 10, ""risk_pct"": 1.0}}"
2026-09-27 11:19:19,forex,dev,pullback all minus exit,ba7b7c9b51,0,-0.2777191815411264,-0.009261344972949948,-0.1675261958575356,85,-0.18464489566307382,"{""exits"": {""max_hold"": 20, ""native_exit"": false, ""target_r"": 2.0}, ""filters"": {""regime"": true, ""rs"": true, ""score"": true, ""vol"": true}, ""rank"": ""score"", ""setup"": ""pullback"", ""setup_params"": {""adx_min"": 25.0, ""lookback"": 5, ""stop_atr_max"": 2.0, ""stop_atr_min"": 0.5}, ""sizing"": {""dd_reduce"": {""dd"": 0.1, ""factor"": 0.5}, ""heat_cap"": 0.06, ""max_positions"": 10, ""risk_pct"": 1.0}}"
2026-09-27 11:19:20,forex,val,pullback all minus exit,ba7b7c9b51,0,-0.33330072396370614,-0.003895618417819491,-0.02417866297338922,4,-0.2833647558377325,"{""exits"": {""max_hold"": 20, ""native_exit"": false, ""target_r"": 2.0}, ""filters"": {""regime"": true, ""rs"": true, ""score"": true, ""vol"": true}, ""rank"": ""score"", ""setup"": ""pullback"", ""setup_params"": {""adx_min"": 25.0, ""lookback"": 5, ""stop_atr_max"": 2.0, ""stop_atr_min"": 0.5}, ""sizing"": {""dd_reduce"": {""dd"": 0.1, ""factor"": 0.5}, ""heat_cap"": 0.06, ""max_positions"": 10, ""risk_pct"": 1.0}}"
2026-09-27 11:19:20,forex,dev,pullback all minus sizing,a860e363ab,0,-0.316165313394999,-0.014796609544679873,-0.2560664581788298,84,-0.25308848493961505,"{""exits"": {""breakeven"": true, ""max_hold"": 100, ""native_exit"": false, ""partial"": {""at_r"": 2.0, ""frac"": 0.5, ""trail_after_partial"": true}, ""target_r"": null, ""trail_ma"": 20}, ""filters"": {""regime"": true, ""rs"": true, ""score"": true, ""vol"": true}, ""rank"": ""score"", ""setup"": ""pullback"", ""setup_params"": {""adx_min"": 25.0, ""lookback"": 5, ""stop_atr_max"": 2.0, ""stop_atr_min"": 0.5}, ""sizing"": {""heat_cap"": null, ""max_positions"": 10, ""risk_pct"": 1.0}}"
2026-09-27 11:19:20,forex,val,pullback all minus sizing,a860e363ab,0,-0.42317434515211816,-0.006020618059272342,-0.02417866297338922,4,-0.4459251376273091,"{""exits"": {""breakeven"": true, ""max_hold"": 100, ""native_exit"": false, ""partial"": {""at_r"": 2.0, ""frac"": 0.5, ""trail_after_partial"": true}, ""target_r"": null, ""trail_ma"": 20}, ""filters"": {""regime"": true, ""rs"": true, ""score"": true, ""vol"": true}, ""rank"": ""score"", ""setup"": ""pullback"", ""setup_params"": {""adx_min"": 25.0, ""lookback"": 5, ""stop_atr_max"": 2.0, ""stop_atr_min"": 0.5}, ""sizing"": {""heat_cap"": null, ""max_positions"": 10, ""risk_pct"": 1.0}}"
2026-09-27 11:19:20,forex,dev,naive rsi2,4fdf9a625b,0,-0.44354966038552535,-0.07858759588161912,-0.7307818240621565,3995,-0.026666144882691496,"{""exits"": {""max_hold"": 10, ""native_exit"": true, ""target_r"": null}, ""filters"": {}, ""rank"": ""random"", ""setup"": ""rsi2"", ""setup_params"": {""entry"": 10.0, ""exit"": 70.0, ""ma"": 200, ""stop_atr"": 3.0}, ""sizing"": {""heat_cap"": null, ""max_positions"": 10, ""risk_pct"": 1.0}}"
2026-09-27 11:19:21,forex,val,naive rsi2,4fdf9a625b,0,-0.008698740652087129,-0.01199015667808534,-0.25773425500545544,795,-0.0008008077695624393,"{""exits"": {""max_hold"": 10, ""native_exit"": true, ""target_r"": null}, ""filters"": {}, ""rank"": ""random"", ""setup"": ""rsi2"", ""setup_params"": {""entry"": 10.0, ""exit"": 70.0, ""ma"": 200, ""stop_atr"": 3.0}, ""sizing"": {""heat_cap"": null, ""max_positions"": 10, ""risk_pct"": 1.0}}"
2026-09-27 11:19:22,forex,dev,rsi2 + vol,c69b807a7e,0,-0.43621785886713094,-0.07032187599691253,-0.751270587910192,3662,-0.02612827813834456,"{""exits"": {""max_hold"": 10, ""native_exit"": true, ""target_r"": null}, ""filters"": {""vol"": true}, ""rank"": ""random"", ""setup"": ""rsi2"", ""setup_params"": {""entry"": 10.0, ""exit"": 70.0, ""ma"": 200, ""stop_atr"": 3.0}, ""sizing"": {""heat_cap"": null, ""max_positions"": 10, ""risk_pct"": 1.0}}"
2026-09-27 11:19:23,forex,val,rsi2 + vol,c69b807a7e,0,-0.2811111520882724,-0.044871470181099715,-0.26625825320687047,666,-0.016653318844348692,"{""exits"": {""max_hold"": 10, ""native_exit"": true, ""target_r"": null}, ""filters"": {""vol"": true}, ""rank"": ""random"", ""setup"": ""rsi2"", ""setup_params"": {""entry"": 10.0, ""exit"": 70.0, ""ma"": 200, ""stop_atr"": 3.0}, ""sizing"": {""heat_cap"": null, ""max_positions"": 10, ""risk_pct"": 1.0}}"
2026-09-27 11:19:23,forex,dev,rsi2 + rs,17771581c0,0,-0.1251740029790344,-0.015250589742331178,-0.3159949941659552,1470,-0.012308245701233452,"{""exits"": {""max_hold"": 10, ""native_exit"": true, ""target_r"": null}, ""filters"": {""rs"": true}, ""rank"": ""random"", ""setup"": ""rsi2"", ""setup_params"": {""entry"": 10.0, ""exit"": 70.0, ""ma"": 200, ""stop_atr"": 3.0}, ""sizing"": {""heat_cap"": null, ""max_positions"": 10, ""risk_pct"": 1.0}}"
2026-09-27 11:19:24,forex,val,rsi2 + rs,17771581c0,0,0.336555326004536,0.02407893211288048,-0.12107649768282447,245,0.032141022355795475,"{""exits"": {""max_hold"": 10, ""native_exit"": true, ""target_r"": null}, ""filters"": {""rs"": true}, ""rank"": ""random"", ""setup"": ""rsi2"", ""setup_params"": {""entry"": 10.0, ""exit"": 70.0, ""ma"": 200, ""stop_atr"": 3.0}, ""sizing"": {""heat_cap"": null, ""max_positions"": 10, ""risk_pct"": 1.0}}"
2026-09-27 11:19:24,forex,dev,rsi2 + score rank only,edccd751a7,0,-0.49440256585753967,-0.08721490211380245,-0.7674684828982972,3979,-0.0302721296456643,"{""exits"": {""max_hold"": 10, ""native_exit"": true, ""target_r"": null}, ""filters"": {}, ""rank"": ""score"", ""setup"": ""rsi2"", ""setup_params"": {""entry"": 10.0, ""exit"": 70.0, ""ma"": 200, ""stop_atr"": 3.0}, ""sizing"": {""heat_cap"": null, ""max_positions"": 10, ""risk_pct"": 1.0}}"
2026-09-27 11:19:25,forex,val,rsi2 + score rank only,edccd751a7,0,0.0034333529292916243,-0.010239122768643583,-0.25613375748548695,788,-0.00027798494115712955,"{""exits"": {""max_hold"": 10, ""native_exit"": true, ""target_r"": null}, ""filters"": {}, ""rank"": ""score"", ""setup"": ""rsi2"", ""setup_params"": {""entry"": 10.0, ""exit"": 70.0, ""ma"": 200, ""stop_atr"": 3.0}, ""sizing"": {""heat_cap"": null, ""max_positions"": 10, ""risk_pct"": 1.0}}"
2026-09-27 11:19:25,forex,dev,rsi2 + score top 20%,ef013a315f,0,-0.10537277450524013,-0.009714922959037087,-0.3437327187582607,1025,-0.011403030770688818,"{""exits"": {""max_hold"": 10, ""native_exit"": true, ""target_r"": null}, ""filters"": {""score"": true}, ""rank"": ""score"", ""setup"": ""rsi2"", ""setup_params"": {""entry"": 10.0, ""exit"": 70.0, ""ma"": 200, ""stop_atr"": 3.0}, ""sizing"": {""heat_cap"": null, ""max_positions"": 10, ""risk_pct"": 1.0}}"
2026-09-27 11:19:25,forex,val,rsi2 + score top 20%,ef013a315f,0,0.8261122961293649,0.057224157461489344,-0.057247598594240334,196,0.0883070865157378,"{""exits"": {""max_hold"": 10, ""native_exit"": true, ""target_r"": null}, ""filters"": {""score"": true}, ""rank"": ""score"", ""setup"": ""rsi2"", ""setup_params"": {""entry"": 10.0, ""exit"": 70.0, ""ma"": 200, ""stop_atr"": 3.0}, ""sizing"": {""heat_cap"": null, ""max_positions"": 10, ""risk_pct"": 1.0}}"
2026-09-27 11:19:25,forex,dev,rsi2 + risk 0.25%,eedc3e5b94,0,-0.467314653192303,-0.018940306051751454,-0.26981284232708147,4006,-0.027516256573841217,"{""exits"": {""max_hold"": 10, ""native_exit"": true, ""target_r"": null}, ""filters"": {}, ""rank"": ""random"", ""setup"": ""rsi2"", ""setup_params"": {""entry"": 10.0, ""exit"": 70.0, ""ma"": 200, ""stop_atr"": 3.0}, ""sizing"": {""heat_cap"": null, ""max_positions"": 10, ""risk_pct"": 0.25}}"
2026-09-27 11:19:26,forex,val,rsi2 + risk 0.25%,eedc3e5b94,0,-0.028750176626610825,-0.0017328088956951593,-0.07216196618229187,797,-0.0016696747986296276,"{""exits"": {""max_hold"": 10, ""native_exit"": true, ""target_r"": null}, ""filters"": {}, ""rank"": ""random"", ""setup"": ""rsi2"", ""setup_params"": {""entry"": 10.0, ""exit"": 70.0, ""ma"": 200, ""stop_atr"": 3.0}, ""sizing"": {""heat_cap"": null, ""max_positions"": 10, ""risk_pct"": 0.25}}"
2026-09-27 11:19:26,forex,dev,rsi2 + risk 0.5%,49e9aab495,0,-0.462151708828876,-0.038682177386307304,-0.4730823767788177,4006,-0.027516256573841213,"{""exits"": {""max_hold"": 10, ""native_exit"": true, ""target_r"": null}, ""filters"": {}, ""rank"": ""random"", ""setup"": ""rsi2"", ""setup_params"": {""entry"": 10.0, ""exit"": 70.0, ""ma"": 200, ""stop_atr"": 3.0}, ""sizing"": {""heat_cap"": null, ""max_positions"": 10, ""risk_pct"": 0.5}}"
2026-09-27 11:19:27,forex,val,rsi2 + risk 0.5%,49e9aab495,0,-0.027272438654997587,-0.0047125069476914305,-0.1400123977756501,797,-0.0016696747986296254,"{""exits"": {""max_hold"": 10, ""native_exit"": true, ""target_r"": null}, ""filters"": {}, ""rank"": ""random"", ""setup"": ""rsi2"", ""setup_params"": {""entry"": 10.0, ""exit"": 70.0, ""ma"": 200, ""stop_atr"": 3.0}, ""sizing"": {""heat_cap"": null, ""max_positions"": 10, ""risk_pct"": 0.5}}"
2026-09-27 11:19:27,forex,dev,rsi2 + risk 2%,5889f14ea9,0,-0.5205999304987962,-0.15857973896818023,-0.9261456853785477,3290,-0.03164918844247011,"{""exits"": {""max_hold"": 10, ""native_exit"": true, ""target_r"": null}, ""filters"": {}, ""rank"": ""random"", ""setup"": ""rsi2"", ""setup_params"": {""entry"": 10.0, ""exit"": 70.0, ""ma"": 200, ""stop_atr"": 3.0}, ""sizing"": {""heat_cap"": null, ""max_positions"": 10, ""risk_pct"": 2.0}}"
2026-09-27 11:19:28,forex,val,rsi2 + risk 2%,5889f14ea9,0,-0.3982730119211773,-0.10998794917470223,-0.5198035951258171,619,-0.02423875663220892,"{""exits"": {""max_hold"": 10, ""native_exit"": true, ""target_r"": null}, ""filters"": {}, ""rank"": ""random"", ""setup"": ""rsi2"", ""setup_params"": {""entry"": 10.0, ""exit"": 70.0, ""ma"": 200, ""stop_atr"": 3.0}, ""sizing"": {""heat_cap"": null, ""max_positions"": 10, ""risk_pct"": 2.0}}"
2026-09-27 11:19:28,forex,dev,rsi2 + ATR sizing,6c9d7290dc,0,-0.584648689212849,-0.14289088298855657,-0.9040060333681855,3717,-0.03562496459707545,"{""exits"": {""max_hold"": 10, ""native_exit"": true, ""target_r"": null}, ""filters"": {}, ""rank"": ""random"", ""setup"": ""rsi2"", ""setup_params"": {""entry"": 10.0, ""exit"": 70.0, ""ma"": 200, ""stop_atr"": 3.0}, ""sizing"": {""atr_mult"": 2.0, ""heat_cap"": null, ""max_positions"": 10, ""mode"": ""atr"", ""risk_pct"": 1.0}}"
2026-09-27 11:19:28,forex,val,rsi2 + ATR sizing,6c9d7290dc,0,-0.0014591694861628122,-0.019178472541017122,-0.3443695307086979,713,-0.0010648838064354538,"{""exits"": {""max_hold"": 10, ""native_exit"": true, ""target_r"": null}, ""filters"": {}, ""rank"": ""random"", ""setup"": ""rsi2"", ""setup_params"": {""entry"": 10.0, ""exit"": 70.0, ""ma"": 200, ""stop_atr"": 3.0}, ""sizing"": {""atr_mult"": 2.0, ""heat_cap"": null, ""max_positions"": 10, ""mode"": ""atr"", ""risk_pct"": 1.0}}"
2026-09-27 11:19:29,forex,dev,rsi2 + heat cap 4%,5cd2b0125e,0,-0.40829263627563034,-0.030538442557580092,-0.4110548208490905,1709,-0.026103889461162485,"{""exits"": {""max_hold"": 10, ""native_exit"": true, ""target_r"": null}, ""filters"": {}, ""rank"": ""random"", ""setup"": ""rsi2"", ""setup_params"": {""entry"": 10.0, ""exit"": 70.0, ""ma"": 200, ""stop_atr"": 3.0}, ""sizing"": {""heat_cap"": 0.04, ""max_positions"": 10, ""risk_pct"": 1.0}}"
2026-09-27 11:19:29,forex,val,rsi2 + heat cap 4%,5cd2b0125e,0,-0.8473501407723858,-0.057677854832568376,-0.24443845399579012,358,-0.04760027493546336,"{""exits"": {""max_hold"": 10, ""native_exit"": true, ""target_r"": null}, ""filters"": {}, ""rank"": ""random"", ""setup"": ""rsi2"", ""setup_params"": {""entry"": 10.0, ""exit"": 70.0, ""ma"": 200, ""stop_atr"": 3.0}, ""sizing"": {""heat_cap"": 0.04, ""max_positions"": 10, ""risk_pct"": 1.0}}"
2026-09-27 11:19:29,forex,dev,rsi2 + heat cap 6%,30b29fae94,0,-0.47718881948406544,-0.048893892630501146,-0.5345848666175266,2477,-0.028417992133793663,"{""exits"": {""max_hold"": 10, ""native_exit"": true, ""target_r"": null}, ""filters"": {}, ""rank"": ""random"", ""setup"": ""rsi2"", ""setup_params"": {""entry"": 10.0, ""exit"": 70.0, ""ma"": 200, ""stop_atr"": 3.0}, ""sizing"": {""heat_cap"": 0.06, ""max_positions"": 10, ""risk_pct"": 1.0}}"
2026-09-27 11:19:30,forex,val,rsi2 + heat cap 6%,30b29fae94,0,-0.43735539080947483,-0.04342917590058204,-0.24212166284417824,513,-0.02376047829105762,"{""exits"": {""max_hold"": 10, ""native_exit"": true, ""target_r"": null}, ""filters"": {}, ""rank"": ""random"", ""setup"": ""rsi2"", ""setup_params"": {""entry"": 10.0, ""exit"": 70.0, ""ma"": 200, ""stop_atr"": 3.0}, ""sizing"": {""heat_cap"": 0.06, ""max_positions"": 10, ""risk_pct"": 1.0}}"
2026-09-27 11:19:30,forex,dev,rsi2 + heat cap 8%,2e6c562c31,0,-0.42314120011596507,-0.057245483977823364,-0.6011549734454671,3141,-0.025057190634477384,"{""exits"": {""max_hold"": 10, ""native_exit"": true, ""target_r"": null}, ""filters"": {}, ""rank"": ""random"", ""setup"": ""rsi2"", ""setup_params"": {""entry"": 10.0, ""exit"": 70.0, ""ma"": 200, ""stop_atr"": 3.0}, ""sizing"": {""heat_cap"": 0.08, ""max_positions"": 10, ""risk_pct"": 1.0}}"
2026-09-27 11:19:30,forex,val,rsi2 + heat cap 8%,2e6c562c31,0,-0.39364715668456224,-0.051017635009331985,-0.29063602798990196,637,-0.021785841114385703,"{""exits"": {""max_hold"": 10, ""native_exit"": true, ""target_r"": null}, ""filters"": {}, ""rank"": ""random"", ""setup"": ""rsi2"", ""setup_params"": {""entry"": 10.0, ""exit"": 70.0, ""ma"": 200, ""stop_atr"": 3.0}, ""sizing"": {""heat_cap"": 0.08, ""max_positions"": 10, ""risk_pct"": 1.0}}"
2026-09-27 11:19:31,forex,dev,rsi2 + max 5 positions,57e8af7446,0,-0.29905591230735223,-0.0366516324360332,-0.49296324106228295,2603,-0.01875693498911339,"{""exits"": {""max_hold"": 10, ""native_exit"": true, ""target_r"": null}, ""filters"": {}, ""rank"": ""random"", ""setup"": ""rsi2"", ""setup_params"": {""entry"": 10.0, ""exit"": 70.0, ""ma"": 200, ""stop_atr"": 3.0}, ""sizing"": {""heat_cap"": null, ""max_positions"": 5, ""risk_pct"": 1.0}}"
2026-09-27 11:19:31,forex,val,rsi2 + max 5 positions,57e8af7446,0,-0.3444038183453957,-0.037105479424533794,-0.2286286278383698,534,-0.018733888975558752,"{""exits"": {""max_hold"": 10, ""native_exit"": true, ""target_r"": null}, ""filters"": {}, ""rank"": ""random"", ""setup"": ""rsi2"", ""setup_params"": {""entry"": 10.0, ""exit"": 70.0, ""ma"": 200, ""stop_atr"": 3.0}, ""sizing"": {""heat_cap"": null, ""max_positions"": 5, ""risk_pct"": 1.0}}"
2026-09-27 11:19:31,forex,dev,rsi2 + halve risk in 10% DD,7d8a2b05e9,0,-0.5436493175241697,-0.04639597842628118,-0.5176600940819353,4006,-0.027516256573841213,"{""exits"": {""max_hold"": 10, ""native_exit"": true, ""target_r"": null}, ""filters"": {}, ""rank"": ""random"", ""setup"": ""rsi2"", ""setup_params"": {""entry"": 10.0, ""exit"": 70.0, ""ma"": 200, ""stop_atr"": 3.0}, ""sizing"": {""dd_reduce"": {""dd"": 0.1, ""factor"": 0.5}, ""heat_cap"": null, ""max_positions"": 10, ""risk_pct"": 1.0}}"
2026-09-27 11:19:32,forex,val,rsi2 + halve risk in 10% DD,7d8a2b05e9,0,-0.3024261541504533,-0.032722620822679516,-0.21105448084448175,795,-5.278006161271444e-05,"{""exits"": {""max_hold"": 10, ""native_exit"": true, ""target_r"": null}, ""filters"": {}, ""rank"": ""random"", ""setup"": ""rsi2"", ""setup_params"": {""entry"": 10.0, ""exit"": 70.0, ""ma"": 200, ""stop_atr"": 3.0}, ""sizing"": {""dd_reduce"": {""dd"": 0.1, ""factor"": 0.5}, ""heat_cap"": null, ""max_positions"": 10, ""risk_pct"": 1.0}}"
2026-09-27 11:19:32,forex,dev,rsi2 ALL LAYERS,61e81a42f1,0,0.05114261141283444,0.001014852637551522,-0.09742795676610905,230,0.0084631110148452,"{""exits"": {""max_hold"": 10, ""native_exit"": true, ""target_r"": null}, ""filters"": {""regime"": true, ""rs"": true, ""score"": true, ""vol"": true}, ""rank"": ""score"", ""setup"": ""rsi2"", ""setup_params"": {""entry"": 10.0, ""exit"": 70.0, ""ma"": 200, ""stop_atr"": 3.0}, ""sizing"": {""dd_reduce"": {""dd"": 0.1, ""factor"": 0.5}, ""heat_cap"": 0.06, ""max_positions"": 10, ""risk_pct"": 1.0}}"
2026-09-27 11:19:32,forex,val,rsi2 ALL LAYERS,61e81a42f1,0,0.73671670397264,0.017555211198526877,-0.0188778858280092,27,0.19515661357637182,"{""exits"": {""max_hold"": 10, ""native_exit"": true, ""target_r"": null}, ""filters"": {""regime"": true, ""rs"": true, ""score"": true, ""vol"": true}, ""rank"": ""score"", ""setup"": ""rsi2"", ""setup_params"": {""entry"": 10.0, ""exit"": 70.0, ""ma"": 200, ""stop_atr"": 3.0}, ""sizing"": {""dd_reduce"": {""dd"": 0.1, ""factor"": 0.5}, ""heat_cap"": 0.06, ""max_positions"": 10, ""risk_pct"": 1.0}}"
2026-09-27 11:19:33,forex,dev,rsi2 all minus regime,f3e1401483,0,0.05114261141283444,0.001014852637551522,-0.09742795676610905,230,0.0084631110148452,"{""exits"": {""max_hold"": 10, ""native_exit"": true, ""target_r"": null}, ""filters"": {""rs"": true, ""score"": true, ""vol"": true}, ""rank"": ""score"", ""setup"": ""rsi2"", ""setup_params"": {""entry"": 10.0, ""exit"": 70.0, ""ma"": 200, ""stop_atr"": 3.0}, ""sizing"": {""dd_reduce"": {""dd"": 0.1, ""factor"": 0.5}, ""heat_cap"": 0.06, ""max_positions"": 10, ""risk_pct"": 1.0}}"
2026-09-27 11:19:33,forex,val,rsi2 all minus regime,f3e1401483,0,0.73671670397264,0.017555211198526877,-0.0188778858280092,27,0.19515661357637182,"{""exits"": {""max_hold"": 10, ""native_exit"": true, ""target_r"": null}, ""filters"": {""rs"": true, ""score"": true, ""vol"": true}, ""rank"": ""score"", ""setup"": ""rsi2"", ""setup_params"": {""entry"": 10.0, ""exit"": 70.0, ""ma"": 200, ""stop_atr"": 3.0}, ""sizing"": {""dd_reduce"": {""dd"": 0.1, ""factor"": 0.5}, ""heat_cap"": 0.06, ""max_positions"": 10, ""risk_pct"": 1.0}}"
2026-09-27 11:19:33,forex,dev,rsi2 all minus vol,b7774a30cf,0,0.05120172757833859,0.0010687201479335773,-0.11807643412717206,288,0.008091290139041961,"{""exits"": {""max_hold"": 10, ""native_exit"": true, ""target_r"": null}, ""filters"": {""regime"": true, ""rs"": true, ""score"": true}, ""rank"": ""score"", ""setup"": ""rsi2"", ""setup_params"": {""entry"": 10.0, ""exit"": 70.0, ""ma"": 200, ""stop_atr"": 3.0}, ""sizing"": {""dd_reduce"": {""dd"": 0.1, ""factor"": 0.5}, ""heat_cap"": 0.06, ""max_positions"": 10, ""risk_pct"": 1.0}}"
2026-09-27 11:19:34,forex,val,rsi2 all minus vol,b7774a30cf,0,0.8624419460303946,0.025486183550275765,-0.019370963411437292,40,0.19048027070563409,"{""exits"": {""max_hold"": 10, ""native_exit"": true, ""target_r"": null}, ""filters"": {""regime"": true, ""rs"": true, ""score"": true}, ""rank"": ""score"", ""setup"": ""rsi2"", ""setup_params"": {""entry"": 10.0, ""exit"": 70.0, ""ma"": 200, ""stop_atr"": 3.0}, ""sizing"": {""dd_reduce"": {""dd"": 0.1, ""factor"": 0.5}, ""heat_cap"": 0.06, ""max_positions"": 10, ""risk_pct"": 1.0}}"
2026-09-27 11:19:34,forex,dev,rsi2 all minus rs,c062d431d7,0,-0.15805859485451648,-0.00834803520148053,-0.23516471363940827,814,-0.02802745657425469,"{""exits"": {""max_hold"": 10, ""native_exit"": true, ""target_r"": null}, ""filters"": {""regime"": true, ""score"": true, ""vol"": true}, ""rank"": ""score"", ""setup"": ""rsi2"", ""setup_params"": {""entry"": 10.0, ""exit"": 70.0, ""ma"": 200, ""stop_atr"": 3.0}, ""sizing"": {""dd_reduce"": {""dd"": 0.1, ""factor"": 0.5}, ""heat_cap"": 0.06, ""max_positions"": 10, ""risk_pct"": 1.0}}"
2026-09-27 11:19:35,forex,val,rsi2 all minus rs,c062d431d7,0,0.08245445291415547,0.002938673942374015,-0.08307471192694049,138,0.00872675855420575,"{""exits"": {""max_hold"": 10, ""native_exit"": true, ""target_r"": null}, ""filters"": {""regime"": true, ""score"": true, ""vol"": true}, ""rank"": ""score"", ""setup"": ""rsi2"", ""setup_params"": {""entry"": 10.0, ""exit"": 70.0, ""ma"": 200, ""stop_atr"": 3.0}, ""sizing"": {""dd_reduce"": {""dd"": 0.1, ""factor"": 0.5}, ""heat_cap"": 0.06, ""max_positions"": 10, ""risk_pct"": 1.0}}"
2026-09-27 11:19:35,forex,dev,rsi2 all minus score,dd56386b3b,0,-0.4744845164561442,-0.021051836396376422,-0.2852849406717213,1208,-0.03216217477788501,"{""exits"": {""max_hold"": 10, ""native_exit"": true, ""target_r"": null}, ""filters"": {""regime"": true, ""rs"": true, ""vol"": true}, ""rank"": ""random"", ""setup"": ""rsi2"", ""setup_params"": {""entry"": 10.0, ""exit"": 70.0, ""ma"": 200, ""stop_atr"": 3.0}, ""sizing"": {""dd_reduce"": {""dd"": 0.1, ""factor"": 0.5}, ""heat_cap"": 0.06, ""max_positions"": 10, ""risk_pct"": 1.0}}"
2026-09-27 11:19:35,forex,val,rsi2 all minus score,dd56386b3b,0,-0.0028282251150411673,-0.0018040168331870943,-0.10296652603095846,169,0.003922066013757856,"{""exits"": {""max_hold"": 10, ""native_exit"": true, ""target_r"": null}, ""filters"": {""regime"": true, ""rs"": true, ""vol"": true}, ""rank"": ""random"", ""setup"": ""rsi2"", ""setup_params"": {""entry"": 10.0, ""exit"": 70.0, ""ma"": 200, ""stop_atr"": 3.0}, ""sizing"": {""dd_reduce"": {""dd"": 0.1, ""factor"": 0.5}, ""heat_cap"": 0.06, ""max_positions"": 10, ""risk_pct"": 1.0}}"
2026-09-27 11:19:36,forex,dev,rsi2 all minus sizing,2040a5541b,0,0.07964856516780484,0.0018016835261478459,-0.09549689188263788,234,0.013391847778525246,"{""exits"": {""max_hold"": 10, ""native_exit"": true, ""target_r"": null}, ""filters"": {""regime"": true, ""rs"": true, ""score"": true, ""vol"": true}, ""rank"": ""score"", ""setup"": ""rsi2"", ""setup_params"": {""entry"": 10.0, ""exit"": 70.0, ""ma"": 200, ""stop_atr"": 3.0}, ""sizing"": {""heat_cap"": null, ""max_positions"": 10, ""risk_pct"": 1.0}}"
2026-09-27 11:19:36,forex,val,rsi2 all minus sizing,2040a5541b,0,0.73671670397264,0.017555211198526877,-0.0188778858280092,27,0.19515661357637182,"{""exits"": {""max_hold"": 10, ""native_exit"": true, ""target_r"": null}, ""filters"": {""regime"": true, ""rs"": true, ""score"": true, ""vol"": true}, ""rank"": ""score"", ""setup"": ""rsi2"", ""setup_params"": {""entry"": 10.0, ""exit"": 70.0, ""ma"": 200, ""stop_atr"": 3.0}, ""sizing"": {""heat_cap"": null, ""max_positions"": 10, ""risk_pct"": 1.0}}"
2026-09-27 11:19:37,crypto,dev,naive breakout,b092b312a6,0,0.3291464315632224,0.05321966014198409,-0.32595287849451904,680,0.05371421962674632,"{""exits"": {""max_hold"": 20, ""native_exit"": false, ""target_r"": 2.0}, ""filters"": {}, ""rank"": ""random"", ""setup"": ""breakout"", ""setup_params"": {""base_len"": 20, ""stop_atr_max"": 1.5, ""stop_atr_min"": 0.5}, ""sizing"": {""heat_cap"": null, ""max_positions"": 10, ""risk_pct"": 1.0}}"
2026-09-27 11:19:39,crypto,val,naive breakout,b092b312a6,0,0.9863693003933806,0.49397208726835107,-0.4894994602132179,1074,0.10709189754087285,"{""exits"": {""max_hold"": 20, ""native_exit"": false, ""target_r"": 2.0}, ""filters"": {}, ""rank"": ""random"", ""setup"": ""breakout"", ""setup_params"": {""base_len"": 20, ""stop_atr_max"": 1.5, ""stop_atr_min"": 0.5}, ""sizing"": {""heat_cap"": null, ""max_positions"": 10, ""risk_pct"": 1.0}}"
2026-09-27 11:19:46,crypto,dev,breakout + regime,682cc9fcfe,0,0.23577653796700593,0.024432363256807532,-0.29014070366231204,438,0.06306163046750746,"{""exits"": {""max_hold"": 20, ""native_exit"": false, ""target_r"": 2.0}, ""filters"": {""regime"": true}, ""rank"": ""random"", ""setup"": ""breakout"", ""setup_params"": {""base_len"": 20, ""stop_atr_max"": 1.5, ""stop_atr_min"": 0.5}, ""sizing"": {""heat_cap"": null, ""max_positions"": 10, ""risk_pct"": 1.0}}"
2026-09-27 11:19:49,crypto,val,breakout + regime,682cc9fcfe,0,1.1626061058061499,0.6361748562552672,-0.5213352747971587,847,0.16030716572006087,"{""exits"": {""max_hold"": 20, ""native_exit"": false, ""target_r"": 2.0}, ""filters"": {""regime"": true}, ""rank"": ""random"", ""setup"": ""breakout"", ""setup_params"": {""base_len"": 20, ""stop_atr_max"": 1.5, ""stop_atr_min"": 0.5}, ""sizing"": {""heat_cap"": null, ""max_positions"": 10, ""risk_pct"": 1.0}}"
2026-09-27 11:19:49,crypto,dev,breakout + vol,88e4a99583,0,0.7006149462315976,0.21636213794334136,-0.24674167497711097,638,0.11594567825822526,"{""exits"": {""max_hold"": 20, ""native_exit"": false, ""target_r"": 2.0}, ""filters"": {""vol"": true}, ""rank"": ""random"", ""setup"": ""breakout"", ""setup_params"": {""base_len"": 20, ""stop_atr_max"": 1.5, ""stop_atr_min"": 0.5}, ""sizing"": {""heat_cap"": null, ""max_positions"": 10, ""risk_pct"": 1.0}}"
2026-09-27 11:19:51,crypto,val,breakout + vol,88e4a99583,0,0.7024206365563507,0.26463357167747525,-0.567616722918221,967,0.0763972802062067,"{""exits"": {""max_hold"": 20, ""native_exit"": false, ""target_r"": 2.0}, ""filters"": {""vol"": true}, ""rank"": ""random"", ""setup"": ""breakout"", ""setup_params"": {""base_len"": 20, ""stop_atr_max"": 1.5, ""stop_atr_min"": 0.5}, ""sizing"": {""heat_cap"": null, ""max_positions"": 10, ""risk_pct"": 1.0}}"
2026-09-27 11:19:51,crypto,dev,breakout + chop,5070dd20fe,0,0.3005806098091593,0.043666149603157844,-0.3128914864279696,589,0.046097223279651225,"{""exits"": {""max_hold"": 20, ""native_exit"": false, ""target_r"": 2.0}, ""filters"": {""chop"": true}, ""rank"": ""random"", ""setup"": ""breakout"", ""setup_params"": {""base_len"": 20, ""stop_atr_max"": 1.5, ""stop_atr_min"": 0.5}, ""sizing"": {""heat_cap"": null, ""max_positions"": 10, ""risk_pct"": 1.0}}"
2026-09-27 11:19:54,crypto,val,breakout + chop,5070dd20fe,0,0.525683605062987,0.1493313511130201,-0.5416117234073584,1059,0.056559277307197474,"{""exits"": {""max_hold"": 20, ""native_exit"": false, ""target_r"": 2.0}, ""filters"": {""chop"": true}, ""rank"": ""random"", ""setup"": ""breakout"", ""setup_params"": {""base_len"": 20, ""stop_atr_max"": 1.5, ""stop_atr_min"": 0.5}, ""sizing"": {""heat_cap"": null, ""max_positions"": 10, ""risk_pct"": 1.0}}"
2026-09-27 11:19:54,crypto,dev,breakout + rs,51ab81bcd8,0,0.19649320587233216,0.019524764807927752,-0.17950417185976153,323,0.03211484136727035,"{""exits"": {""max_hold"": 20, ""native_exit"": false, ""target_r"": 2.0}, ""filters"": {""rs"": true}, ""rank"": ""random"", ""setup"": ""breakout"", ""setup_params"": {""base_len"": 20, ""stop_atr_max"": 1.5, ""stop_atr_min"": 0.5}, ""sizing"": {""heat_cap"": null, ""max_positions"": 10, ""risk_pct"": 1.0}}"
2026-09-27 11:19:56,crypto,val,breakout + rs,51ab81bcd8,0,1.0849758333474033,0.5344202171741539,-0.4730254986899046,922,0.11718779149288877,"{""exits"": {""max_hold"": 20, ""native_exit"": false, ""target_r"": 2.0}, ""filters"": {""rs"": true}, ""rank"": ""random"", ""setup"": ""breakout"", ""setup_params"": {""base_len"": 20, ""stop_atr_max"": 1.5, ""stop_atr_min"": 0.5}, ""sizing"": {""heat_cap"": null, ""max_positions"": 10, ""risk_pct"": 1.0}}"
2026-09-27 11:19:56,crypto,dev,breakout + volume,0166420b2a,0,0.2894585406885942,0.042505984070283276,-0.3128915099573064,470,0.05572038623153694,"{""exits"": {""max_hold"": 20, ""native_exit"": false, ""target_r"": 2.0}, ""filters"": {""volume"": true}, ""rank"": ""random"", ""setup"": ""breakout"", ""setup_params"": {""base_len"": 20, ""stop_atr_max"": 1.5, ""stop_atr_min"": 0.5}, ""sizing"": {""heat_cap"": null, ""max_positions"": 10, ""risk_pct"": 1.0}}"
2026-09-27 11:19:59,crypto,val,breakout + volume,0166420b2a,0,0.9876358977367848,0.4543361674653492,-0.43816230729931405,954,0.10762451384714375,"{""exits"": {""max_hold"": 20, ""native_exit"": false, ""target_r"": 2.0}, ""filters"": {""volume"": true}, ""rank"": ""random"", ""setup"": ""breakout"", ""setup_params"": {""base_len"": 20, ""stop_atr_max"": 1.5, ""stop_atr_min"": 0.5}, ""sizing"": {""heat_cap"": null, ""max_positions"": 10, ""risk_pct"": 1.0}}"
2026-09-27 11:19:59,crypto,dev,breakout + score rank only,441edab161,0,0.3117112633235789,0.04621771696925814,-0.28943343878405814,675,0.05216132482779277,"{""exits"": {""max_hold"": 20, ""native_exit"": false, ""target_r"": 2.0}, ""filters"": {}, ""rank"": ""score"", ""setup"": ""breakout"", ""setup_params"": {""base_len"": 20, ""stop_atr_max"": 1.5, ""stop_atr_min"": 0.5}, ""sizing"": {""heat_cap"": null, ""max_positions"": 10, ""risk_pct"": 1.0}}"
2026-09-27 11:19:59,crypto,val,breakout + score rank only,441edab161,0,0.2850401054283757,0.0010564320589288023,-0.7063373580910547,1126,0.0317750856750345,"{""exits"": {""max_hold"": 20, ""native_exit"": false, ""target_r"": 2.0}, ""filters"": {}, ""rank"": ""score"", ""setup"": ""breakout"", ""setup_params"": {""base_len"": 20, ""stop_atr_max"": 1.5, ""stop_atr_min"": 0.5}, ""sizing"": {""heat_cap"": null, ""max_positions"": 10, ""risk_pct"": 1.0}}"
2026-09-27 11:19:59,crypto,dev,breakout + score top 20%,9810d12771,0,0.014819950909789874,-0.01680204951065667,-0.1842435660453592,229,0.007773980255579895,"{""exits"": {""max_hold"": 20, ""native_exit"": false, ""target_r"": 2.0}, ""filters"": {""score"": true}, ""rank"": ""score"", ""setup"": ""breakout"", ""setup_params"": {""base_len"": 20, ""stop_atr_max"": 1.5, ""stop_atr_min"": 0.5}, ""sizing"": {""heat_cap"": null, ""max_positions"": 10, ""risk_pct"": 1.0}}"
2026-09-27 11:20:01,crypto,val,breakout + score top 20%,9810d12771,0,0.2072440322141642,-0.014181021778253755,-0.5945460251687462,703,0.02629510383299165,"{""exits"": {""max_hold"": 20, ""native_exit"": false, ""target_r"": 2.0}, ""filters"": {""score"": true}, ""rank"": ""score"", ""setup"": ""breakout"", ""setup_params"": {""base_len"": 20, ""stop_atr_max"": 1.5, ""stop_atr_min"": 0.5}, ""sizing"": {""heat_cap"": null, ""max_positions"": 10, ""risk_pct"": 1.0}}"
2026-09-27 11:20:02,crypto,dev,breakout + risk 0.25%,cd7cc6eff6,0,0.39995112455227183,0.04104075038806543,-0.08367723327604826,768,0.06247008000441906,"{""exits"": {""max_hold"": 20, ""native_exit"": false, ""target_r"": 2.0}, ""filters"": {}, ""rank"": ""random"", ""setup"": ""breakout"", ""setup_params"": {""base_len"": 20, ""stop_atr_max"": 1.5, ""stop_atr_min"": 0.5}, ""sizing"": {""heat_cap"": null, ""max_positions"": 10, ""risk_pct"": 0.25}}"
2026-09-27 11:20:02,crypto,val,breakout + risk 0.25%,cd7cc6eff6,0,0.5985597784466491,0.08121671596010271,-0.1483999463231107,1130,0.06271334744409646,"{""exits"": {""max_hold"": 20, ""native_exit"": false, ""target_r"": 2.0}, ""filters"": {}, ""rank"": ""random"", ""setup"": ""breakout"", ""setup_params"": {""base_len"": 20, ""stop_atr_max"": 1.5, ""stop_atr_min"": 0.5}, ""sizing"": {""heat_cap"": null, ""max_positions"": 10, ""risk_pct"": 0.25}}"
2026-09-27 11:20:02,crypto,dev,breakout + risk 0.5%,49826e3851,0,0.4026979161424894,0.06940130960262647,-0.16364137890312236,768,0.06247008000441906,"{""exits"": {""max_hold"": 20, ""native_exit"": false, ""target_r"": 2.0}, ""filters"": {}, ""rank"": ""random"", ""setup"": ""breakout"", ""setup_params"": {""base_len"": 20, ""stop_atr_max"": 1.5, ""stop_atr_min"": 0.5}, ""sizing"": {""heat_cap"": null, ""max_positions"": 10, ""risk_pct"": 0.5}}"
2026-09-27 11:20:02,crypto,val,breakout + risk 0.5%,49826e3851,0,0.6191035221583329,0.1502180183822417,-0.2722867554289182,1129,0.0637809206416789,"{""exits"": {""max_hold"": 20, ""native_exit"": false, ""target_r"": 2.0}, ""filters"": {}, ""rank"": ""random"", ""setup"": ""breakout"", ""setup_params"": {""base_len"": 20, ""stop_atr_max"": 1.5, ""stop_atr_min"": 0.5}, ""sizing"": {""heat_cap"": null, ""max_positions"": 10, ""risk_pct"": 0.5}}"
2026-09-27 11:20:02,crypto,dev,breakout + risk 2%,f9a644fd67,0,0.27581351171894775,0.01246079942801015,-0.4316405311246382,524,0.04197624274523011,"{""exits"": {""max_hold"": 20, ""native_exit"": false, ""target_r"": 2.0}, ""filters"": {}, ""rank"": ""random"", ""setup"": ""breakout"", ""setup_params"": {""base_len"": 20, ""stop_atr_max"": 1.5, ""stop_atr_min"": 0.5}, ""sizing"": {""heat_cap"": null, ""max_positions"": 10, ""risk_pct"": 2.0}}"
2026-09-27 11:20:02,crypto,val,breakout + risk 2%,f9a644fd67,0,1.0581048817411085,0.7117614556824108,-0.617471226068377,788,0.12246996634993869,"{""exits"": {""max_hold"": 20, ""native_exit"": false, ""target_r"": 2.0}, ""filters"": {}, ""rank"": ""random"", ""setup"": ""breakout"", ""setup_params"": {""base_len"": 20, ""stop_atr_max"": 1.5, ""stop_atr_min"": 0.5}, ""sizing"": {""heat_cap"": null, ""max_positions"": 10, ""risk_pct"": 2.0}}"
2026-09-27 11:20:03,crypto,dev,breakout + ATR sizing,c404b15004,0,0.47694499243599114,0.10230166520483874,-0.21110745094911998,764,0.06834530429304018,"{""exits"": {""max_hold"": 20, ""native_exit"": false, ""target_r"": 2.0}, ""filters"": {}, ""rank"": ""random"", ""setup"": ""breakout"", ""setup_params"": {""base_len"": 20, ""stop_atr_max"": 1.5, ""stop_atr_min"": 0.5}, ""sizing"": {""atr_mult"": 2.0, ""heat_cap"": null, ""max_positions"": 10, ""mode"": ""atr"", ""risk_pct"": 1.0}}"
2026-09-27 11:20:03,crypto,val,breakout + ATR sizing,c404b15004,0,0.7744391537562466,0.2356596886574236,-0.2834845052922219,1130,0.06271334744409648,"{""exits"": {""max_hold"": 20, ""native_exit"": false, ""target_r"": 2.0}, ""filters"": {}, ""rank"": ""random"", ""setup"": ""breakout"", ""setup_params"": {""base_len"": 20, ""stop_atr_max"": 1.5, ""stop_atr_min"": 0.5}, ""sizing"": {""atr_mult"": 2.0, ""heat_cap"": null, ""max_positions"": 10, ""mode"": ""atr"", ""risk_pct"": 1.0}}"
2026-09-27 11:20:03,crypto,dev,breakout + heat cap 4%,b41a0cbbfb,0,0.8434281985082758,0.17433795668837004,-0.15237728718636845,349,0.1487124916056747,"{""exits"": {""max_hold"": 20, ""native_exit"": false, ""target_r"": 2.0}, ""filters"": {}, ""rank"": ""random"", ""setup"": ""breakout"", ""setup_params"": {""base_len"": 20, ""stop_atr_max"": 1.5, ""stop_atr_min"": 0.5}, ""sizing"": {""heat_cap"": 0.04, ""max_positions"": 10, ""risk_pct"": 1.0}}"
2026-09-27 11:20:03,crypto,val,breakout + heat cap 4%,b41a0cbbfb,0,0.10543600229019255,-0.003633793238171368,-0.27795754238257575,426,0.01162591853408893,"{""exits"": {""max_hold"": 20, ""native_exit"": false, ""target_r"": 2.0}, ""filters"": {}, ""rank"": ""random"", ""setup"": ""breakout"", ""setup_params"": {""base_len"": 20, ""stop_atr_max"": 1.5, ""stop_atr_min"": 0.5}, ""sizing"": {""heat_cap"": 0.04, ""max_positions"": 10, ""risk_pct"": 1.0}}"
2026-09-27 11:20:03,crypto,dev,breakout + heat cap 6%,c1198a7843,0,0.38054859263543345,0.07017746567732464,-0.2016419376090166,483,0.06819763274840439,"{""exits"": {""max_hold"": 20, ""native_exit"": false, ""target_r"": 2.0}, ""filters"": {}, ""rank"": ""random"", ""setup"": ""breakout"", ""setup_params"": {""base_len"": 20, ""stop_atr_max"": 1.5, ""stop_atr_min"": 0.5}, ""sizing"": {""heat_cap"": 0.06, ""max_positions"": 10, ""risk_pct"": 1.0}}"
2026-09-27 11:20:03,crypto,val,breakout + heat cap 6%,c1198a7843,0,0.7452060945330197,0.21079036389842076,-0.4333316628717919,646,0.07613353248450566,"{""exits"": {""max_hold"": 20, ""native_exit"": false, ""target_r"": 2.0}, ""filters"": {}, ""rank"": ""random"", ""setup"": ""breakout"", ""setup_params"": {""base_len"": 20, ""stop_atr_max"": 1.5, ""stop_atr_min"": 0.5}, ""sizing"": {""heat_cap"": 0.06, ""max_positions"": 10, ""risk_pct"": 1.0}}"
2026-09-27 11:20:04,crypto,dev,breakout + heat cap 8%,446f0c4a6c,0,0.3662867104408963,0.06978811771896543,-0.2745588746930575,593,0.06145502970318664,"{""exits"": {""max_hold"": 20, ""native_exit"": false, ""target_r"": 2.0}, ""filters"": {}, ""rank"": ""random"", ""setup"": ""breakout"", ""setup_params"": {""base_len"": 20, ""stop_atr_max"": 1.5, ""stop_atr_min"": 0.5}, ""sizing"": {""heat_cap"": 0.08, ""max_positions"": 10, ""risk_pct"": 1.0}}"
2026-09-27 11:20:04,crypto,val,breakout + heat cap 8%,446f0c4a6c,0,0.27668735904846387,0.03001565514379201,-0.5002807953727615,810,0.02868917336228694,"{""exits"": {""max_hold"": 20, ""native_exit"": false, ""target_r"": 2.0}, ""filters"": {}, ""rank"": ""random"", ""setup"": ""breakout"", ""setup_params"": {""base_len"": 20, ""stop_atr_max"": 1.5, ""stop_atr_min"": 0.5}, ""sizing"": {""heat_cap"": 0.08, ""max_positions"": 10, ""risk_pct"": 1.0}}"
2026-09-27 11:20:04,crypto,dev,breakout + max 5 positions,465a5a0299,0,0.31913967726141607,0.05188148002284976,-0.276825699800081,501,0.050936016674424545,"{""exits"": {""max_hold"": 20, ""native_exit"": false, ""target_r"": 2.0}, ""filters"": {}, ""rank"": ""random"", ""setup"": ""breakout"", ""setup_params"": {""base_len"": 20, ""stop_atr_max"": 1.5, ""stop_atr_min"": 0.5}, ""sizing"": {""heat_cap"": null, ""max_positions"": 5, ""risk_pct"": 1.0}}"
2026-09-27 11:20:04,crypto,val,breakout + max 5 positions,465a5a0299,0,1.1639973812931013,0.3921748704441317,-0.2788503366322569,599,0.1273483520864636,"{""exits"": {""max_hold"": 20, ""native_exit"": false, ""target_r"": 2.0}, ""filters"": {}, ""rank"": ""random"", ""setup"": ""breakout"", ""setup_params"": {""base_len"": 20, ""stop_atr_max"": 1.5, ""stop_atr_min"": 0.5}, ""sizing"": {""heat_cap"": null, ""max_positions"": 5, ""risk_pct"": 1.0}}"
2026-09-27 11:20:04,crypto,dev,breakout + halve risk in 10% DD,5e8ad633a3,0,0.01073312183049204,-0.03495061275582079,-0.24339437721430912,762,0.06344431432230775,"{""exits"": {""max_hold"": 20, ""native_exit"": false, ""target_r"": 2.0}, ""filters"": {}, ""rank"": ""random"", ""setup"": ""breakout"", ""setup_params"": {""base_len"": 20, ""stop_atr_max"": 1.5, ""stop_atr_min"": 0.5}, ""sizing"": {""dd_reduce"": {""dd"": 0.1, ""factor"": 0.5}, ""heat_cap"": null, ""max_positions"": 10, ""risk_pct"": 1.0}}"
2026-09-27 11:20:04,crypto,val,breakout + halve risk in 10% DD,5e8ad633a3,0,0.7466125928113503,0.23277425266674823,-0.34209108286682843,1129,0.0637809206416789,"{""exits"": {""max_hold"": 20, ""native_exit"": false, ""target_r"": 2.0}, ""filters"": {}, ""rank"": ""random"", ""setup"": ""breakout"", ""setup_params"": {""base_len"": 20, ""stop_atr_max"": 1.5, ""stop_atr_min"": 0.5}, ""sizing"": {""dd_reduce"": {""dd"": 0.1, ""factor"": 0.5}, ""heat_cap"": null, ""max_positions"": 10, ""risk_pct"": 1.0}}"
2026-09-27 11:20:05,crypto,dev,breakout + partial 3d + BE + 10MA,3a1101c9f7,0,0.5849378581994265,0.1768000693760916,-0.2972455380754382,583,0.1373848272931155,"{""exits"": {""breakeven"": true, ""max_hold"": 100, ""native_exit"": false, ""partial"": {""after_bars"": 3, ""frac"": 0.33, ""trail_after_partial"": true}, ""target_r"": null, ""trail_ma"": 10}, ""filters"": {}, ""rank"": ""random"", ""setup"": ""breakout"", ""setup_params"": {""base_len"": 20, ""stop_atr_max"": 1.5, ""stop_atr_min"": 0.5}, ""sizing"": {""heat_cap"": null, ""max_positions"": 10, ""risk_pct"": 1.0}}"
2026-09-27 11:20:08,crypto,val,breakout + partial 3d + BE + 10MA,3a1101c9f7,0,0.7499380479990396,0.33788573569112046,-0.6836183298687686,1032,0.11179774098797199,"{""exits"": {""breakeven"": true, ""max_hold"": 100, ""native_exit"": false, ""partial"": {""after_bars"": 3, ""frac"": 0.33, ""trail_after_partial"": true}, ""target_r"": null, ""trail_ma"": 10}, ""filters"": {}, ""rank"": ""random"", ""setup"": ""breakout"", ""setup_params"": {""base_len"": 20, ""stop_atr_max"": 1.5, ""stop_atr_min"": 0.5}, ""sizing"": {""heat_cap"": null, ""max_positions"": 10, ""risk_pct"": 1.0}}"
2026-09-27 11:20:09,crypto,dev,breakout + partial 2R + BE + 20MA,5c3dccffa7,0,1.391701305370826,0.6576944303912711,-0.2377476297579071,391,0.44977919597749627,"{""exits"": {""breakeven"": true, ""max_hold"": 100, ""native_exit"": false, ""partial"": {""at_r"": 2.0, ""frac"": 0.5, ""trail_after_partial"": true}, ""target_r"": null, ""trail_ma"": 20}, ""filters"": {}, ""rank"": ""random"", ""setup"": ""breakout"", ""setup_params"": {""base_len"": 20, ""stop_atr_max"": 1.5, ""stop_atr_min"": 0.5}, ""sizing"": {""heat_cap"": null, ""max_positions"": 10, ""risk_pct"": 1.0}}"
2026-09-27 11:20:12,crypto,val,breakout + partial 2R + BE + 20MA,5c3dccffa7,0,1.09622448300349,0.580314375585373,-0.43074405642944213,552,0.244900809108347,"{""exits"": {""breakeven"": true, ""max_hold"": 100, ""native_exit"": false, ""partial"": {""at_r"": 2.0, ""frac"": 0.5, ""trail_after_partial"": true}, ""target_r"": null, ""trail_ma"": 20}, ""filters"": {}, ""rank"": ""random"", ""setup"": ""breakout"", ""setup_params"": {""base_len"": 20, ""stop_atr_max"": 1.5, ""stop_atr_min"": 0.5}, ""sizing"": {""heat_cap"": null, ""max_positions"": 10, ""risk_pct"": 1.0}}"
2026-09-27 11:20:12,crypto,dev,breakout + ATR trail 2.5,40e01aadb0,0,1.2909544446001322,0.7887949809394648,-0.28533624895026144,359,0.5142563783393864,"{""exits"": {""max_hold"": 100, ""native_exit"": false, ""target_r"": null, ""trail_atr"": 2.5}, ""filters"": {}, ""rank"": ""random"", ""setup"": ""breakout"", ""setup_params"": {""base_len"": 20, ""stop_atr_max"": 1.5, ""stop_atr_min"": 0.5}, ""sizing"": {""heat_cap"": null, ""max_positions"": 10, ""risk_pct"": 1.0}}"
2026-09-27 11:20:12,crypto,val,breakout + ATR trail 2.5,40e01aadb0,0,0.6454158388062134,0.2345778176711042,-0.7313809527763412,547,0.22529901409322264,"{""exits"": {""max_hold"": 100, ""native_exit"": false, ""target_r"": null, ""trail_atr"": 2.5}, ""filters"": {}, ""rank"": ""random"", ""setup"": ""breakout"", ""setup_params"": {""base_len"": 20, ""stop_atr_max"": 1.5, ""stop_atr_min"": 0.5}, ""sizing"": {""heat_cap"": null, ""max_positions"": 10, ""risk_pct"": 1.0}}"
2026-09-27 11:20:12,crypto,dev,breakout + time stop 5d,f691067460,0,0.3856189936483377,0.07848481150252251,-0.42304617930531263,762,0.051781084553737464,"{""exits"": {""max_hold"": 20, ""native_exit"": false, ""target_r"": 2.0, ""time_stop"": {""bars"": 5, ""min_r"": 0.5}}, ""filters"": {}, ""rank"": ""random"", ""setup"": ""breakout"", ""setup_params"": {""base_len"": 20, ""stop_atr_max"": 1.5, ""stop_atr_min"": 0.5}, ""sizing"": {""heat_cap"": null, ""max_positions"": 10, ""risk_pct"": 1.0}}"
2026-09-27 11:20:12,crypto,val,breakout + time stop 5d,f691067460,0,0.25252493202576415,-0.014203496322516163,-0.7324941117492992,1440,0.017866527784259612,"{""exits"": {""max_hold"": 20, ""native_exit"": false, ""target_r"": 2.0, ""time_stop"": {""bars"": 5, ""min_r"": 0.5}}, ""filters"": {}, ""rank"": ""random"", ""setup"": ""breakout"", ""setup_params"": {""base_len"": 20, ""stop_atr_max"": 1.5, ""stop_atr_min"": 0.5}, ""sizing"": {""heat_cap"": null, ""max_positions"": 10, ""risk_pct"": 1.0}}"
2026-09-27 11:20:14,crypto,dev,breakout ALL LAYERS,a71cdb771c,0,0.7903959704385185,0.030091166404966785,-0.03802032733198757,7,1.1832632267402263,"{""exits"": {""breakeven"": true, ""max_hold"": 100, ""native_exit"": false, ""partial"": {""at_r"": 2.0, ""frac"": 0.5, ""trail_after_partial"": true}, ""target_r"": null, ""trail_ma"": 20}, ""filters"": {""chop"": true, ""regime"": true, ""rs"": true, ""score"": true, ""vol"": true, ""volume"": true}, ""rank"": ""score"", ""setup"": ""breakout"", ""setup_params"": {""base_len"": 20, ""stop_atr_max"": 1.5, ""stop_atr_min"": 0.5}, ""sizing"": {""dd_reduce"": {""dd"": 0.1, ""factor"": 0.5}, ""heat_cap"": 0.06, ""max_positions"": 10, ""risk_pct"": 1.0}}"
2026-09-27 11:20:16,crypto,val,breakout ALL LAYERS,a71cdb771c,0,0.05707755942772375,-0.0006645005406615834,-0.16343748104975786,61,-0.009977443387899956,"{""exits"": {""breakeven"": true, ""max_hold"": 100, ""native_exit"": false, ""partial"": {""at_r"": 2.0, ""frac"": 0.5, ""trail_after_partial"": true}, ""target_r"": null, ""trail_ma"": 20}, ""filters"": {""chop"": true, ""regime"": true, ""rs"": true, ""score"": true, ""vol"": true, ""volume"": true}, ""rank"": ""score"", ""setup"": ""breakout"", ""setup_params"": {""base_len"": 20, ""stop_atr_max"": 1.5, ""stop_atr_min"": 0.5}, ""sizing"": {""dd_reduce"": {""dd"": 0.1, ""factor"": 0.5}, ""heat_cap"": 0.06, ""max_positions"": 10, ""risk_pct"": 1.0}}"
2026-09-27 11:20:17,crypto,dev,breakout all minus regime,b381a82c36,0,-0.11827978045890308,-0.006363394507700848,-0.07992499012263476,16,-0.060680196926932384,"{""exits"": {""breakeven"": true, ""max_hold"": 100, ""native_exit"": false, ""partial"": {""at_r"": 2.0, ""frac"": 0.5, ""trail_after_partial"": true}, ""target_r"": null, ""trail_ma"": 20}, ""filters"": {""chop"": true, ""rs"": true, ""score"": true, ""vol"": true, ""volume"": true}, ""rank"": ""score"", ""setup"": ""breakout"", ""setup_params"": {""base_len"": 20, ""stop_atr_max"": 1.5, ""stop_atr_min"": 0.5}, ""sizing"": {""dd_reduce"": {""dd"": 0.1, ""factor"": 0.5}, ""heat_cap"": 0.06, ""max_positions"": 10, ""risk_pct"": 1.0}}"
2026-09-27 11:20:20,crypto,val,breakout all minus regime,b381a82c36,0,-0.1291260468683177,-0.031174042655216838,-0.20773291042308129,123,-0.10473195894236721,"{""exits"": {""breakeven"": true, ""max_hold"": 100, ""native_exit"": false, ""partial"": {""at_r"": 2.0, ""frac"": 0.5, ""trail_after_partial"": true}, ""target_r"": null, ""trail_ma"": 20}, ""filters"": {""chop"": true, ""rs"": true, ""score"": true, ""vol"": true, ""volume"": true}, ""rank"": ""score"", ""setup"": ""breakout"", ""setup_params"": {""base_len"": 20, ""stop_atr_max"": 1.5, ""stop_atr_min"": 0.5}, ""sizing"": {""dd_reduce"": {""dd"": 0.1, ""factor"": 0.5}, ""heat_cap"": 0.06, ""max_positions"": 10, ""risk_pct"": 1.0}}"
2026-09-27 11:20:21,crypto,dev,breakout all minus vol,9a7b7b0cf8,0,0.7903959704385185,0.030091166404966785,-0.03802032733198757,7,1.1832632267402263,"{""exits"": {""breakeven"": true, ""max_hold"": 100, ""native_exit"": false, ""partial"": {""at_r"": 2.0, ""frac"": 0.5, ""trail_after_partial"": true}, ""target_r"": null, ""trail_ma"": 20}, ""filters"": {""chop"": true, ""regime"": true, ""rs"": true, ""score"": true, ""volume"": true}, ""rank"": ""score"", ""setup"": ""breakout"", ""setup_params"": {""base_len"": 20, ""stop_atr_max"": 1.5, ""stop_atr_min"": 0.5}, ""sizing"": {""dd_reduce"": {""dd"": 0.1, ""factor"": 0.5}, ""heat_cap"": 0.06, ""max_positions"": 10, ""risk_pct"": 1.0}}"
2026-09-27 11:20:23,crypto,val,breakout all minus vol,9a7b7b0cf8,0,-0.5254732084000686,-0.06773914205512988,-0.15794080156467483,76,-0.0664386702374169,"{""exits"": {""breakeven"": true, ""max_hold"": 100, ""native_exit"": false, ""partial"": {""at_r"": 2.0, ""frac"": 0.5, ""trail_after_partial"": true}, ""target_r"": null, ""trail_ma"": 20}, ""filters"": {""chop"": true, ""regime"": true, ""rs"": true, ""score"": true, ""volume"": true}, ""rank"": ""score"", ""setup"": ""breakout"", ""setup_params"": {""base_len"": 20, ""stop_atr_max"": 1.5, ""stop_atr_min"": 0.5}, ""sizing"": {""dd_reduce"": {""dd"": 0.1, ""factor"": 0.5}, ""heat_cap"": 0.06, ""max_positions"": 10, ""risk_pct"": 1.0}}"
2026-09-27 11:20:25,crypto,dev,breakout all minus chop,f3a7b86730,0,0.6810999300416435,0.02595353964603775,-0.03802032733198757,8,0.9060000193055673,"{""exits"": {""breakeven"": true, ""max_hold"": 100, ""native_exit"": false, ""partial"": {""at_r"": 2.0, ""frac"": 0.5, ""trail_after_partial"": true}, ""target_r"": null, ""trail_ma"": 20}, ""filters"": {""regime"": true, ""rs"": true, ""score"": true, ""vol"": true, ""volume"": true}, ""rank"": ""score"", ""setup"": ""breakout"", ""setup_params"": {""base_len"": 20, ""stop_atr_max"": 1.5, ""stop_atr_min"": 0.5}, ""sizing"": {""dd_reduce"": {""dd"": 0.1, ""factor"": 0.5}, ""heat_cap"": 0.06, ""max_positions"": 10, ""risk_pct"": 1.0}}"
2026-09-27 11:20:27,crypto,val,breakout all minus chop,f3a7b86730,0,-0.024028244422907803,-0.012144213369845058,-0.17982118696393512,70,-0.04450202054440702,"{""exits"": {""breakeven"": true, ""max_hold"": 100, ""native_exit"": false, ""partial"": {""at_r"": 2.0, ""frac"": 0.5, ""trail_after_partial"": true}, ""target_r"": null, ""trail_ma"": 20}, ""filters"": {""regime"": true, ""rs"": true, ""score"": true, ""vol"": true, ""volume"": true}, ""rank"": ""score"", ""setup"": ""breakout"", ""setup_params"": {""base_len"": 20, ""stop_atr_max"": 1.5, ""stop_atr_min"": 0.5}, ""sizing"": {""dd_reduce"": {""dd"": 0.1, ""factor"": 0.5}, ""heat_cap"": 0.06, ""max_positions"": 10, ""risk_pct"": 1.0}}"
2026-09-27 11:20:28,crypto,dev,breakout all minus rs,cd7083174e,0,0.4055880998115639,0.03568493273829065,-0.1344329343925329,46,0.2526585954722523,"{""exits"": {""breakeven"": true, ""max_hold"": 100, ""native_exit"": false, ""partial"": {""at_r"": 2.0, ""frac"": 0.5, ""trail_after_partial"": true}, ""target_r"": null, ""trail_ma"": 20}, ""filters"": {""chop"": true, ""regime"": true, ""score"": true, ""vol"": true, ""volume"": true}, ""rank"": ""score"", ""setup"": ""breakout"", ""setup_params"": {""base_len"": 20, ""stop_atr_max"": 1.5, ""stop_atr_min"": 0.5}, ""sizing"": {""dd_reduce"": {""dd"": 0.1, ""factor"": 0.5}, ""heat_cap"": 0.06, ""max_positions"": 10, ""risk_pct"": 1.0}}"
2026-09-27 11:20:31,crypto,val,breakout all minus rs,cd7083174e,0,-0.1969409822625355,-0.042062115945516676,-0.18627471480711066,138,-0.01168025033720936,"{""exits"": {""breakeven"": true, ""max_hold"": 100, ""native_exit"": false, ""partial"": {""at_r"": 2.0, ""frac"": 0.5, ""trail_after_partial"": true}, ""target_r"": null, ""trail_ma"": 20}, ""filters"": {""chop"": true, ""regime"": true, ""score"": true, ""vol"": true, ""volume"": true}, ""rank"": ""score"", ""setup"": ""breakout"", ""setup_params"": {""base_len"": 20, ""stop_atr_max"": 1.5, ""stop_atr_min"": 0.5}, ""sizing"": {""dd_reduce"": {""dd"": 0.1, ""factor"": 0.5}, ""heat_cap"": 0.06, ""max_positions"": 10, ""risk_pct"": 1.0}}"
2026-09-27 11:20:32,crypto,dev,breakout all minus volume,f240964832,0,1.243666392389486,0.04699772917313072,-0.03087344082592003,5,2.566404171688222,"{""exits"": {""breakeven"": true, ""max_hold"": 100, ""native_exit"": false, ""partial"": {""at_r"": 2.0, ""frac"": 0.5, ""trail_after_partial"": true}, ""target_r"": null, ""trail_ma"": 20}, ""filters"": {""chop"": true, ""regime"": true, ""rs"": true, ""score"": true, ""vol"": true}, ""rank"": ""score"", ""setup"": ""breakout"", ""setup_params"": {""base_len"": 20, ""stop_atr_max"": 1.5, ""stop_atr_min"": 0.5}, ""sizing"": {""dd_reduce"": {""dd"": 0.1, ""factor"": 0.5}, ""heat_cap"": 0.06, ""max_positions"": 10, ""risk_pct"": 1.0}}"
2026-09-27 11:20:34,crypto,val,breakout all minus volume,f240964832,0,1.2092793780458209,0.3093223670417564,-0.13494635911528163,123,0.6842085513603017,"{""exits"": {""breakeven"": true, ""max_hold"": 100, ""native_exit"": false, ""partial"": {""at_r"": 2.0, ""frac"": 0.5, ""trail_after_partial"": true}, ""target_r"": null, ""trail_ma"": 20}, ""filters"": {""chop"": true, ""regime"": true, ""rs"": true, ""score"": true, ""vol"": true}, ""rank"": ""score"", ""setup"": ""breakout"", ""setup_params"": {""base_len"": 20, ""stop_atr_max"": 1.5, ""stop_atr_min"": 0.5}, ""sizing"": {""dd_reduce"": {""dd"": 0.1, ""factor"": 0.5}, ""heat_cap"": 0.06, ""max_positions"": 10, ""risk_pct"": 1.0}}"
2026-09-27 11:20:36,crypto,dev,breakout all minus score,e301def414,0,0.8219140897032154,0.1106073943266348,-0.13410853917169907,94,0.40048049457612844,"{""exits"": {""breakeven"": true, ""max_hold"": 100, ""native_exit"": false, ""partial"": {""at_r"": 2.0, ""frac"": 0.5, ""trail_after_partial"": true}, ""target_r"": null, ""trail_ma"": 20}, ""filters"": {""chop"": true, ""regime"": true, ""rs"": true, ""vol"": true, ""volume"": true}, ""rank"": ""random"", ""setup"": ""breakout"", ""setup_params"": {""base_len"": 20, ""stop_atr_max"": 1.5, ""stop_atr_min"": 0.5}, ""sizing"": {""dd_reduce"": {""dd"": 0.1, ""factor"": 0.5}, ""heat_cap"": 0.06, ""max_positions"": 10, ""risk_pct"": 1.0}}"
2026-09-27 11:20:38,crypto,val,breakout all minus score,e301def414,0,1.146929035855448,0.31746214830187824,-0.23321404143144142,241,0.2951302044776513,"{""exits"": {""breakeven"": true, ""max_hold"": 100, ""native_exit"": false, ""partial"": {""at_r"": 2.0, ""frac"": 0.5, ""trail_after_partial"": true}, ""target_r"": null, ""trail_ma"": 20}, ""filters"": {""chop"": true, ""regime"": true, ""rs"": true, ""vol"": true, ""volume"": true}, ""rank"": ""random"", ""setup"": ""breakout"", ""setup_params"": {""base_len"": 20, ""stop_atr_max"": 1.5, ""stop_atr_min"": 0.5}, ""sizing"": {""dd_reduce"": {""dd"": 0.1, ""factor"": 0.5}, ""heat_cap"": 0.06, ""max_positions"": 10, ""risk_pct"": 1.0}}"
2026-09-27 11:20:40,crypto,dev,breakout all minus exit,73684885fe,0,0.5154117038158488,0.01194841520424439,-0.030900491374618366,10,0.3334036988839507,"{""exits"": {""max_hold"": 20, ""native_exit"": false, ""target_r"": 2.0}, ""filters"": {""chop"": true, ""regime"": true, ""rs"": true, ""score"": true, ""vol"": true, ""volume"": true}, ""rank"": ""score"", ""setup"": ""breakout"", ""setup_params"": {""base_len"": 20, ""stop_atr_max"": 1.5, ""stop_atr_min"": 0.5}, ""sizing"": {""dd_reduce"": {""dd"": 0.1, ""factor"": 0.5}, ""heat_cap"": 0.06, ""max_positions"": 10, ""risk_pct"": 1.0}}"
2026-09-27 11:20:42,crypto,val,breakout all minus exit,73684885fe,0,-0.1553804237441494,-0.01794517949375718,-0.08724389347181039,60,-0.06545288157062486,"{""exits"": {""max_hold"": 20, ""native_exit"": false, ""target_r"": 2.0}, ""filters"": {""chop"": true, ""regime"": true, ""rs"": true, ""score"": true, ""vol"": true, ""volume"": true}, ""rank"": ""score"", ""setup"": ""breakout"", ""setup_params"": {""base_len"": 20, ""stop_atr_max"": 1.5, ""stop_atr_min"": 0.5}, ""sizing"": {""dd_reduce"": {""dd"": 0.1, ""factor"": 0.5}, ""heat_cap"": 0.06, ""max_positions"": 10, ""risk_pct"": 1.0}}"
2026-09-27 11:20:42,crypto,dev,breakout all minus sizing,85af9a9e0b,0,0.7903959704385185,0.030091166404966785,-0.03802032733198757,7,1.1832632267402263,"{""exits"": {""breakeven"": true, ""max_hold"": 100, ""native_exit"": false, ""partial"": {""at_r"": 2.0, ""frac"": 0.5, ""trail_after_partial"": true}, ""target_r"": null, ""trail_ma"": 20}, ""filters"": {""chop"": true, ""regime"": true, ""rs"": true, ""score"": true, ""vol"": true, ""volume"": true}, ""rank"": ""score"", ""setup"": ""breakout"", ""setup_params"": {""base_len"": 20, ""stop_atr_max"": 1.5, ""stop_atr_min"": 0.5}, ""sizing"": {""heat_cap"": null, ""max_positions"": 10, ""risk_pct"": 1.0}}"
2026-09-27 11:20:42,crypto,val,breakout all minus sizing,85af9a9e0b,0,0.025838767555365277,-0.005854885684931088,-0.17500501932402301,61,-0.006628733301419206,"{""exits"": {""breakeven"": true, ""max_hold"": 100, ""native_exit"": false, ""partial"": {""at_r"": 2.0, ""frac"": 0.5, ""trail_after_partial"": true}, ""target_r"": null, ""trail_ma"": 20}, ""filters"": {""chop"": true, ""regime"": true, ""rs"": true, ""score"": true, ""vol"": true, ""volume"": true}, ""rank"": ""score"", ""setup"": ""breakout"", ""setup_params"": {""base_len"": 20, ""stop_atr_max"": 1.5, ""stop_atr_min"": 0.5}, ""sizing"": {""heat_cap"": null, ""max_positions"": 10, ""risk_pct"": 1.0}}"
2026-09-27 11:20:44,crypto,dev,breakout PICKED,befcff0504,0,1.2489562208932032,0.543138310745561,-0.3073961712699238,374,0.4068273799848174,"{""exits"": {""breakeven"": true, ""max_hold"": 100, ""native_exit"": false, ""partial"": {""at_r"": 2.0, ""frac"": 0.5, ""trail_after_partial"": true}, ""target_r"": null, ""trail_ma"": 20}, ""filters"": {""vol"": true}, ""rank"": ""random"", ""setup"": ""breakout"", ""setup_params"": {""base_len"": 20, ""stop_atr_max"": 1.5, ""stop_atr_min"": 0.5}, ""sizing"": {""heat_cap"": null, ""max_positions"": 10, ""risk_pct"": 1.0}}"
2026-09-27 11:20:46,crypto,val,breakout PICKED,befcff0504,0,0.2456202278545192,0.008891646091594874,-0.5420318496841241,540,0.041886273583118784,"{""exits"": {""breakeven"": true, ""max_hold"": 100, ""native_exit"": false, ""partial"": {""at_r"": 2.0, ""frac"": 0.5, ""trail_after_partial"": true}, ""target_r"": null, ""trail_ma"": 20}, ""filters"": {""vol"": true}, ""rank"": ""random"", ""setup"": ""breakout"", ""setup_params"": {""base_len"": 20, ""stop_atr_max"": 1.5, ""stop_atr_min"": 0.5}, ""sizing"": {""heat_cap"": null, ""max_positions"": 10, ""risk_pct"": 1.0}}"
2026-09-27 11:20:47,crypto,dev,naive pullback,1ff9d3db1e,0,0.13551544957271724,0.0035569542538607113,-0.3451135147984645,286,0.03442338299130949,"{""exits"": {""max_hold"": 20, ""native_exit"": false, ""target_r"": 2.0}, ""filters"": {}, ""rank"": ""random"", ""setup"": ""pullback"", ""setup_params"": {""adx_min"": 25.0, ""lookback"": 5, ""stop_atr_max"": 2.0, ""stop_atr_min"": 0.5}, ""sizing"": {""heat_cap"": null, ""max_positions"": 10, ""risk_pct"": 1.0}}"
2026-09-27 11:20:49,crypto,val,naive pullback,1ff9d3db1e,0,1.4500632184749156,0.6309587623634152,-0.2534595744005167,664,0.1743179659415234,"{""exits"": {""max_hold"": 20, ""native_exit"": false, ""target_r"": 2.0}, ""filters"": {}, ""rank"": ""random"", ""setup"": ""pullback"", ""setup_params"": {""adx_min"": 25.0, ""lookback"": 5, ""stop_atr_max"": 2.0, ""stop_atr_min"": 0.5}, ""sizing"": {""heat_cap"": null, ""max_positions"": 10, ""risk_pct"": 1.0}}"
2026-09-27 11:20:55,crypto,dev,pullback + regime,180b683bf0,0,-0.026848781410502485,-0.029943268047473826,-0.3686186344858815,219,0.006627860659839347,"{""exits"": {""max_hold"": 20, ""native_exit"": false, ""target_r"": 2.0}, ""filters"": {""regime"": true}, ""rank"": ""random"", ""setup"": ""pullback"", ""setup_params"": {""adx_min"": 25.0, ""lookback"": 5, ""stop_atr_max"": 2.0, ""stop_atr_min"": 0.5}, ""sizing"": {""heat_cap"": null, ""max_positions"": 10, ""risk_pct"": 1.0}}"
2026-09-27 11:20:57,crypto,val,pullback + regime,180b683bf0,0,1.0433491815963998,0.4176959613467879,-0.2988547765558587,548,0.1651478188377974,"{""exits"": {""max_hold"": 20, ""native_exit"": false, ""target_r"": 2.0}, ""filters"": {""regime"": true}, ""rank"": ""random"", ""setup"": ""pullback"", ""setup_params"": {""adx_min"": 25.0, ""lookback"": 5, ""stop_atr_max"": 2.0, ""stop_atr_min"": 0.5}, ""sizing"": {""heat_cap"": null, ""max_positions"": 10, ""risk_pct"": 1.0}}"
2026-09-27 11:20:58,crypto,dev,pullback + vol,8b21589674,0,0.2967344449758837,0.04228918069048282,-0.27231060089781145,260,0.07117627078028876,"{""exits"": {""max_hold"": 20, ""native_exit"": false, ""target_r"": 2.0}, ""filters"": {""vol"": true}, ""rank"": ""random"", ""setup"": ""pullback"", ""setup_params"": {""adx_min"": 25.0, ""lookback"": 5, ""stop_atr_max"": 2.0, ""stop_atr_min"": 0.5}, ""sizing"": {""heat_cap"": null, ""max_positions"": 10, ""risk_pct"": 1.0}}"
2026-09-27 11:21:00,crypto,val,pullback + vol,8b21589674,0,1.4309868855797958,0.6050261288356298,-0.2764337823076852,614,0.18591941684559074,"{""exits"": {""max_hold"": 20, ""native_exit"": false, ""target_r"": 2.0}, ""filters"": {""vol"": true}, ""rank"": ""random"", ""setup"": ""pullback"", ""setup_params"": {""adx_min"": 25.0, ""lookback"": 5, ""stop_atr_max"": 2.0, ""stop_atr_min"": 0.5}, ""sizing"": {""heat_cap"": null, ""max_positions"": 10, ""risk_pct"": 1.0}}"
2026-09-27 11:21:00,crypto,dev,pullback + rs,7186b6a6dc,0,0.5027134069001838,0.05474258525727804,-0.21081779306857562,119,0.13002567323919575,"{""exits"": {""max_hold"": 20, ""native_exit"": false, ""target_r"": 2.0}, ""filters"": {""rs"": true}, ""rank"": ""random"", ""setup"": ""pullback"", ""setup_params"": {""adx_min"": 25.0, ""lookback"": 5, ""stop_atr_max"": 2.0, ""stop_atr_min"": 0.5}, ""sizing"": {""heat_cap"": null, ""max_positions"": 10, ""risk_pct"": 1.0}}"
2026-09-27 11:21:02,crypto,val,pullback + rs,7186b6a6dc,0,0.951732611309088,0.26311672238022665,-0.21003827323470692,470,0.11840165484456286,"{""exits"": {""max_hold"": 20, ""native_exit"": false, ""target_r"": 2.0}, ""filters"": {""rs"": true}, ""rank"": ""random"", ""setup"": ""pullback"", ""setup_params"": {""adx_min"": 25.0, ""lookback"": 5, ""stop_atr_max"": 2.0, ""stop_atr_min"": 0.5}, ""sizing"": {""heat_cap"": null, ""max_positions"": 10, ""risk_pct"": 1.0}}"
2026-09-27 11:21:03,crypto,dev,pullback + volume,c9c2ec1829,0,0.3155712612430986,0.042493080042896425,-0.23940215732750902,200,0.09155489186039308,"{""exits"": {""max_hold"": 20, ""native_exit"": false, ""target_r"": 2.0}, ""filters"": {""volume"": true}, ""rank"": ""random"", ""setup"": ""pullback"", ""setup_params"": {""adx_min"": 25.0, ""lookback"": 5, ""stop_atr_max"": 2.0, ""stop_atr_min"": 0.5}, ""sizing"": {""heat_cap"": null, ""max_positions"": 10, ""risk_pct"": 1.0}}"
2026-09-27 11:21:05,crypto,val,pullback + volume,c9c2ec1829,0,1.24293667502823,0.5047937820583612,-0.3273368246674878,633,0.1629400492484294,"{""exits"": {""max_hold"": 20, ""native_exit"": false, ""target_r"": 2.0}, ""filters"": {""volume"": true}, ""rank"": ""random"", ""setup"": ""pullback"", ""setup_params"": {""adx_min"": 25.0, ""lookback"": 5, ""stop_atr_max"": 2.0, ""stop_atr_min"": 0.5}, ""sizing"": {""heat_cap"": null, ""max_positions"": 10, ""risk_pct"": 1.0}}"
2026-09-27 11:21:05,crypto,dev,pullback + score rank only,7987dca2ad,0,0.0580998664210309,-0.01502444257981772,-0.3783844690065682,278,0.018948685376190835,"{""exits"": {""max_hold"": 20, ""native_exit"": false, ""target_r"": 2.0}, ""filters"": {}, ""rank"": ""score"", ""setup"": ""pullback"", ""setup_params"": {""adx_min"": 25.0, ""lookback"": 5, ""stop_atr_max"": 2.0, ""stop_atr_min"": 0.5}, ""sizing"": {""heat_cap"": null, ""max_positions"": 10, ""risk_pct"": 1.0}}"
2026-09-27 11:21:05,crypto,val,pullback + score rank only,7987dca2ad,0,1.3258804366688202,0.5327025029768306,-0.26711877026350916,673,0.15713093574307122,"{""exits"": {""max_hold"": 20, ""native_exit"": false, ""target_r"": 2.0}, ""filters"": {}, ""rank"": ""score"", ""setup"": ""pullback"", ""setup_params"": {""adx_min"": 25.0, ""lookback"": 5, ""stop_atr_max"": 2.0, ""stop_atr_min"": 0.5}, ""sizing"": {""heat_cap"": null, ""max_positions"": 10, ""risk_pct"": 1.0}}"
2026-09-27 11:21:05,crypto,dev,pullback + score top 20%,04720094ae,0,0.554335842790229,0.049467293241908905,-0.08629284618345834,74,0.17972849592775156,"{""exits"": {""max_hold"": 20, ""native_exit"": false, ""target_r"": 2.0}, ""filters"": {""score"": true}, ""rank"": ""score"", ""setup"": ""pullback"", ""setup_params"": {""adx_min"": 25.0, ""lookback"": 5, ""stop_atr_max"": 2.0, ""stop_atr_min"": 0.5}, ""sizing"": {""heat_cap"": null, ""max_positions"": 10, ""risk_pct"": 1.0}}"
2026-09-27 11:21:08,crypto,val,pullback + score top 20%,04720094ae,0,1.1854864708958501,0.32466483287642633,-0.25700414005508965,396,0.16205887514744624,"{""exits"": {""max_hold"": 20, ""native_exit"": false, ""target_r"": 2.0}, ""filters"": {""score"": true}, ""rank"": ""score"", ""setup"": ""pullback"", ""setup_params"": {""adx_min"": 25.0, ""lookback"": 5, ""stop_atr_max"": 2.0, ""stop_atr_min"": 0.5}, ""sizing"": {""heat_cap"": null, ""max_positions"": 10, ""risk_pct"": 1.0}}"
2026-09-27 11:21:08,crypto,dev,pullback + risk 0.25%,cd1a0ffb15,0,0.33677947936225866,0.01945043653183709,-0.09308484837374997,294,0.07626445188138091,"{""exits"": {""max_hold"": 20, ""native_exit"": false, ""target_r"": 2.0}, ""filters"": {}, ""rank"": ""random"", ""setup"": ""pullback"", ""setup_params"": {""adx_min"": 25.0, ""lookback"": 5, ""stop_atr_max"": 2.0, ""stop_atr_min"": 0.5}, ""sizing"": {""heat_cap"": null, ""max_positions"": 10, ""risk_pct"": 0.25}}"
2026-09-27 11:21:08,crypto,val,pullback + risk 0.25%,cd1a0ffb15,0,1.7332686406945434,0.1852856379422554,-0.06058209252744351,670,0.21001098069659493,"{""exits"": {""max_hold"": 20, ""native_exit"": false, ""target_r"": 2.0}, ""filters"": {}, ""rank"": ""random"", ""setup"": ""pullback"", ""setup_params"": {""adx_min"": 25.0, ""lookback"": 5, ""stop_atr_max"": 2.0, ""stop_atr_min"": 0.5}, ""sizing"": {""heat_cap"": null, ""max_positions"": 10, ""risk_pct"": 0.25}}"
2026-09-27 11:21:08,crypto,dev,pullback + risk 0.5%,bab7c0373a,0,0.3282423417182111,0.03391209139106266,-0.18266907987931624,294,0.0762644518813809,"{""exits"": {""max_hold"": 20, ""native_exit"": false, ""target_r"": 2.0}, ""filters"": {}, ""rank"": ""random"", ""setup"": ""pullback"", ""setup_params"": {""adx_min"": 25.0, ""lookback"": 5, ""stop_atr_max"": 2.0, ""stop_atr_min"": 0.5}, ""sizing"": {""heat_cap"": null, ""max_positions"": 10, ""risk_pct"": 0.5}}"
2026-09-27 11:21:08,crypto,val,pullback + risk 0.5%,bab7c0373a,0,1.734407456569765,0.38792547991027204,-0.11718531077305328,670,0.21001098069659496,"{""exits"": {""max_hold"": 20, ""native_exit"": false, ""target_r"": 2.0}, ""filters"": {}, ""rank"": ""random"", ""setup"": ""pullback"", ""setup_params"": {""adx_min"": 25.0, ""lookback"": 5, ""stop_atr_max"": 2.0, ""stop_atr_min"": 0.5}, ""sizing"": {""heat_cap"": null, ""max_positions"": 10, ""risk_pct"": 0.5}}"
2026-09-27 11:21:08,crypto,dev,pullback + risk 2%,a01d0a6e71,0,-0.18309239303859537,-0.11090281742779506,-0.5355117814862728,238,-0.02159805714841241,"{""exits"": {""max_hold"": 20, ""native_exit"": false, ""target_r"": 2.0}, ""filters"": {}, ""rank"": ""random"", ""setup"": ""pullback"", ""setup_params"": {""adx_min"": 25.0, ""lookback"": 5, ""stop_atr_max"": 2.0, ""stop_atr_min"": 0.5}, ""sizing"": {""heat_cap"": null, ""max_positions"": 10, ""risk_pct"": 2.0}}"
2026-09-27 11:21:09,crypto,val,pullback + risk 2%,a01d0a6e71,0,1.8122396510617549,1.5637683863642833,-0.3819683301934397,525,0.24976621818761297,"{""exits"": {""max_hold"": 20, ""native_exit"": false, ""target_r"": 2.0}, ""filters"": {}, ""rank"": ""random"", ""setup"": ""pullback"", ""setup_params"": {""adx_min"": 25.0, ""lookback"": 5, ""stop_atr_max"": 2.0, ""stop_atr_min"": 0.5}, ""sizing"": {""heat_cap"": null, ""max_positions"": 10, ""risk_pct"": 2.0}}"
2026-09-27 11:21:09,crypto,dev,pullback + ATR sizing,128d5cc40e,0,0.43601155143024817,0.06094783062692288,-0.203458578941216,294,0.07626445188138091,"{""exits"": {""max_hold"": 20, ""native_exit"": false, ""target_r"": 2.0}, ""filters"": {}, ""rank"": ""random"", ""setup"": ""pullback"", ""setup_params"": {""adx_min"": 25.0, ""lookback"": 5, ""stop_atr_max"": 2.0, ""stop_atr_min"": 0.5}, ""sizing"": {""atr_mult"": 2.0, ""heat_cap"": null, ""max_positions"": 10, ""mode"": ""atr"", ""risk_pct"": 1.0}}"
2026-09-27 11:21:09,crypto,val,pullback + ATR sizing,128d5cc40e,0,1.751033896272321,0.5248749087793221,-0.14694313870001996,670,0.21001098069659493,"{""exits"": {""max_hold"": 20, ""native_exit"": false, ""target_r"": 2.0}, ""filters"": {}, ""rank"": ""random"", ""setup"": ""pullback"", ""setup_params"": {""adx_min"": 25.0, ""lookback"": 5, ""stop_atr_max"": 2.0, ""stop_atr_min"": 0.5}, ""sizing"": {""atr_mult"": 2.0, ""heat_cap"": null, ""max_positions"": 10, ""mode"": ""atr"", ""risk_pct"": 1.0}}"
2026-09-27 11:21:09,crypto,dev,pullback + heat cap 4%,ab318016c0,0,-0.32116527019445373,-0.053971179427846905,-0.30667577487451947,169,-0.06503632415682684,"{""exits"": {""max_hold"": 20, ""native_exit"": false, ""target_r"": 2.0}, ""filters"": {}, ""rank"": ""random"", ""setup"": ""pullback"", ""setup_params"": {""adx_min"": 25.0, ""lookback"": 5, ""stop_atr_max"": 2.0, ""stop_atr_min"": 0.5}, ""sizing"": {""heat_cap"": 0.04, ""max_positions"": 10, ""risk_pct"": 1.0}}"
2026-09-27 11:21:09,crypto,val,pullback + heat cap 4%,ab318016c0,0,1.7459594367988305,0.37560954865717266,-0.23842539926477146,276,0.2470944815483661,"{""exits"": {""max_hold"": 20, ""native_exit"": false, ""target_r"": 2.0}, ""filters"": {}, ""rank"": ""random"", ""setup"": ""pullback"", ""setup_params"": {""adx_min"": 25.0, ""lookback"": 5, ""stop_atr_max"": 2.0, ""stop_atr_min"": 0.5}, ""sizing"": {""heat_cap"": 0.04, ""max_positions"": 10, ""risk_pct"": 1.0}}"
2026-09-27 11:21:09,crypto,dev,pullback + heat cap 6%,d045836d74,0,0.05847107938625712,-0.006563112051672926,-0.29177102489685725,226,0.020066193112951294,"{""exits"": {""max_hold"": 20, ""native_exit"": false, ""target_r"": 2.0}, ""filters"": {}, ""rank"": ""random"", ""setup"": ""pullback"", ""setup_params"": {""adx_min"": 25.0, ""lookback"": 5, ""stop_atr_max"": 2.0, ""stop_atr_min"": 0.5}, ""sizing"": {""heat_cap"": 0.06, ""max_positions"": 10, ""risk_pct"": 1.0}}"
2026-09-27 11:21:09,crypto,val,pullback + heat cap 6%,d045836d74,0,2.084983661535379,0.5975614436854628,-0.19827233057812532,384,0.2658459090219619,"{""exits"": {""max_hold"": 20, ""native_exit"": false, ""target_r"": 2.0}, ""filters"": {}, ""rank"": ""random"", ""setup"": ""pullback"", ""setup_params"": {""adx_min"": 25.0, ""lookback"": 5, ""stop_atr_max"": 2.0, ""stop_atr_min"": 0.5}, ""sizing"": {""heat_cap"": 0.06, ""max_positions"": 10, ""risk_pct"": 1.0}}"
2026-09-27 11:21:09,crypto,dev,pullback + heat cap 8%,75cbead313,0,-0.035424052992515095,-0.032246544297089064,-0.3878767533479348,264,0.00019797758478122245,"{""exits"": {""max_hold"": 20, ""native_exit"": false, ""target_r"": 2.0}, ""filters"": {}, ""rank"": ""random"", ""setup"": ""pullback"", ""setup_params"": {""adx_min"": 25.0, ""lookback"": 5, ""stop_atr_max"": 2.0, ""stop_atr_min"": 0.5}, ""sizing"": {""heat_cap"": 0.08, ""max_positions"": 10, ""risk_pct"": 1.0}}"
2026-09-27 11:21:09,crypto,val,pullback + heat cap 8%,75cbead313,0,1.7582999456179205,0.6382029825382813,-0.2844922059780085,505,0.21938331440999587,"{""exits"": {""max_hold"": 20, ""native_exit"": false, ""target_r"": 2.0}, ""filters"": {}, ""rank"": ""random"", ""setup"": ""pullback"", ""setup_params"": {""adx_min"": 25.0, ""lookback"": 5, ""stop_atr_max"": 2.0, ""stop_atr_min"": 0.5}, ""sizing"": {""heat_cap"": 0.08, ""max_positions"": 10, ""risk_pct"": 1.0}}"
2026-09-27 11:21:10,crypto,dev,pullback + max 5 positions,cad047327c,0,-0.0018158509569744857,-0.015647793520099484,-0.29293958149804844,216,0.0014186455322786043,"{""exits"": {""max_hold"": 20, ""native_exit"": false, ""target_r"": 2.0}, ""filters"": {}, ""rank"": ""random"", ""setup"": ""pullback"", ""setup_params"": {""adx_min"": 25.0, ""lookback"": 5, ""stop_atr_max"": 2.0, ""stop_atr_min"": 0.5}, ""sizing"": {""heat_cap"": null, ""max_positions"": 5, ""risk_pct"": 1.0}}"
2026-09-27 11:21:10,crypto,val,pullback + max 5 positions,cad047327c,0,1.3799847602381476,0.3586554365783534,-0.1949187759678901,368,0.18849559836525565,"{""exits"": {""max_hold"": 20, ""native_exit"": false, ""target_r"": 2.0}, ""filters"": {}, ""rank"": ""random"", ""setup"": ""pullback"", ""setup_params"": {""adx_min"": 25.0, ""lookback"": 5, ""stop_atr_max"": 2.0, ""stop_atr_min"": 0.5}, ""sizing"": {""heat_cap"": null, ""max_positions"": 5, ""risk_pct"": 1.0}}"
2026-09-27 11:21:10,crypto,dev,pullback + halve risk in 10% DD,041629b0ad,0,0.22561027736516806,0.024322180333598675,-0.24540938684143654,288,0.03724778605275127,"{""exits"": {""max_hold"": 20, ""native_exit"": false, ""target_r"": 2.0}, ""filters"": {}, ""rank"": ""random"", ""setup"": ""pullback"", ""setup_params"": {""adx_min"": 25.0, ""lookback"": 5, ""stop_atr_max"": 2.0, ""stop_atr_min"": 0.5}, ""sizing"": {""dd_reduce"": {""dd"": 0.1, ""factor"": 0.5}, ""heat_cap"": null, ""max_positions"": 10, ""risk_pct"": 1.0}}"
2026-09-27 11:21:10,crypto,val,pullback + halve risk in 10% DD,041629b0ad,0,1.3614105320739052,0.47214894942478147,-0.19865349899593743,669,0.21199686217574046,"{""exits"": {""max_hold"": 20, ""native_exit"": false, ""target_r"": 2.0}, ""filters"": {}, ""rank"": ""random"", ""setup"": ""pullback"", ""setup_params"": {""adx_min"": 25.0, ""lookback"": 5, ""stop_atr_max"": 2.0, ""stop_atr_min"": 0.5}, ""sizing"": {""dd_reduce"": {""dd"": 0.1, ""factor"": 0.5}, ""heat_cap"": null, ""max_positions"": 10, ""risk_pct"": 1.0}}"
2026-09-27 11:21:11,stocks,dev,stocks/rsi2 sens setup.ma x0.7,6a9000245e,0,0.8475534582643138,0.07384404686148094,-0.14038840837587563,2538,0.0737765009668455,"{""exits"": {""max_hold"": 10, ""native_exit"": true, ""target_r"": null}, ""filters"": {""rs"": true, ""score"": true}, ""rank"": ""score"", ""setup"": ""rsi2"", ""setup_params"": {""entry"": 10.0, ""exit"": 70.0, ""ma"": 140, ""stop_atr"": 3.0}, ""sizing"": {""heat_cap"": null, ""max_positions"": 10, ""risk_pct"": 1.0}}"
2026-09-27 11:21:11,crypto,dev,pullback + partial 3d + BE + 10MA,98bd23a063,0,0.6825125609623712,0.15066910005952083,-0.30801562374128977,321,0.15696115637215496,"{""exits"": {""breakeven"": true, ""max_hold"": 100, ""native_exit"": false, ""partial"": {""after_bars"": 3, ""frac"": 0.33, ""trail_after_partial"": true}, ""target_r"": null, ""trail_ma"": 10}, ""filters"": {}, ""rank"": ""random"", ""setup"": ""pullback"", ""setup_params"": {""adx_min"": 25.0, ""lookback"": 5, ""stop_atr_max"": 2.0, ""stop_atr_min"": 0.5}, ""sizing"": {""heat_cap"": null, ""max_positions"": 10, ""risk_pct"": 1.0}}"
2026-09-27 11:21:14,crypto,val,pullback + partial 3d + BE + 10MA,98bd23a063,0,0.978632329061351,0.43694399190055266,-0.40593067633004376,836,0.1269590450023145,"{""exits"": {""breakeven"": true, ""max_hold"": 100, ""native_exit"": false, ""partial"": {""after_bars"": 3, ""frac"": 0.33, ""trail_after_partial"": true}, ""target_r"": null, ""trail_ma"": 10}, ""filters"": {}, ""rank"": ""random"", ""setup"": ""pullback"", ""setup_params"": {""adx_min"": 25.0, ""lookback"": 5, ""stop_atr_max"": 2.0, ""stop_atr_min"": 0.5}, ""sizing"": {""heat_cap"": null, ""max_positions"": 10, ""risk_pct"": 1.0}}"
2026-09-27 11:21:15,crypto,dev,pullback + partial 2R + BE + 20MA,d22d7a3411,0,0.47915998090043527,0.09919333321159063,-0.3727597346277579,224,0.16655489697996262,"{""exits"": {""breakeven"": true, ""max_hold"": 100, ""native_exit"": false, ""partial"": {""at_r"": 2.0, ""frac"": 0.5, ""trail_after_partial"": true}, ""target_r"": null, ""trail_ma"": 20}, ""filters"": {}, ""rank"": ""random"", ""setup"": ""pullback"", ""setup_params"": {""adx_min"": 25.0, ""lookback"": 5, ""stop_atr_max"": 2.0, ""stop_atr_min"": 0.5}, ""sizing"": {""heat_cap"": null, ""max_positions"": 10, ""risk_pct"": 1.0}}"
2026-09-27 11:21:16,stocks,dev,stocks/rsi2 sens setup.ma x1.3,29dd75968f,0,0.7544487711443919,0.06516324102646931,-0.16666183869132456,2491,0.0669176531393423,"{""exits"": {""max_hold"": 10, ""native_exit"": true, ""target_r"": null}, ""filters"": {""rs"": true, ""score"": true}, ""rank"": ""score"", ""setup"": ""rsi2"", ""setup_params"": {""entry"": 10.0, ""exit"": 70.0, ""ma"": 260, ""stop_atr"": 3.0}, ""sizing"": {""heat_cap"": null, ""max_positions"": 10, ""risk_pct"": 1.0}}"
2026-09-27 11:21:17,crypto,val,pullback + partial 2R + BE + 20MA,d22d7a3411,0,1.0731350986606516,0.4086515576858216,-0.43072762131376563,356,0.2789483755378892,"{""exits"": {""breakeven"": true, ""max_hold"": 100, ""native_exit"": false, ""partial"": {""at_r"": 2.0, ""frac"": 0.5, ""trail_after_partial"": true}, ""target_r"": null, ""trail_ma"": 20}, ""filters"": {}, ""rank"": ""random"", ""setup"": ""pullback"", ""setup_params"": {""adx_min"": 25.0, ""lookback"": 5, ""stop_atr_max"": 2.0, ""stop_atr_min"": 0.5}, ""sizing"": {""heat_cap"": null, ""max_positions"": 10, ""risk_pct"": 1.0}}"
2026-09-27 11:21:17,crypto,dev,pullback + ATR trail 2.5,f572acf362,0,0.43478721102283546,0.09625956474322894,-0.37516338004480443,243,0.18029597168028957,"{""exits"": {""max_hold"": 100, ""native_exit"": false, ""target_r"": null, ""trail_atr"": 2.5}, ""filters"": {}, ""rank"": ""random"", ""setup"": ""pullback"", ""setup_params"": {""adx_min"": 25.0, ""lookback"": 5, ""stop_atr_max"": 2.0, ""stop_atr_min"": 0.5}, ""sizing"": {""heat_cap"": null, ""max_positions"": 10, ""risk_pct"": 1.0}}"
2026-09-27 11:21:18,crypto,val,pullback + ATR trail 2.5,f572acf362,0,1.3386718131049227,0.9691223692671243,-0.430542301484917,382,0.5154162091884109,"{""exits"": {""max_hold"": 100, ""native_exit"": false, ""target_r"": null, ""trail_atr"": 2.5}, ""filters"": {}, ""rank"": ""random"", ""setup"": ""pullback"", ""setup_params"": {""adx_min"": 25.0, ""lookback"": 5, ""stop_atr_max"": 2.0, ""stop_atr_min"": 0.5}, ""sizing"": {""heat_cap"": null, ""max_positions"": 10, ""risk_pct"": 1.0}}"
2026-09-27 11:21:18,crypto,dev,pullback + time stop 5d,74144dc6cc,0,0.35025879667321363,0.04919354558769107,-0.29825813364394704,341,0.059988276539093485,"{""exits"": {""max_hold"": 20, ""native_exit"": false, ""target_r"": 2.0, ""time_stop"": {""bars"": 5, ""min_r"": 0.5}}, ""filters"": {}, ""rank"": ""random"", ""setup"": ""pullback"", ""setup_params"": {""adx_min"": 25.0, ""lookback"": 5, ""stop_atr_max"": 2.0, ""stop_atr_min"": 0.5}, ""sizing"": {""heat_cap"": null, ""max_positions"": 10, ""risk_pct"": 1.0}}"
2026-09-27 11:21:18,crypto,val,pullback + time stop 5d,74144dc6cc,0,0.5365659447413913,0.14580243936740422,-0.3448845551007824,1059,0.044629080181547216,"{""exits"": {""max_hold"": 20, ""native_exit"": false, ""target_r"": 2.0, ""time_stop"": {""bars"": 5, ""min_r"": 0.5}}, ""filters"": {}, ""rank"": ""random"", ""setup"": ""pullback"", ""setup_params"": {""adx_min"": 25.0, ""lookback"": 5, ""stop_atr_max"": 2.0, ""stop_atr_min"": 0.5}, ""sizing"": {""heat_cap"": null, ""max_positions"": 10, ""risk_pct"": 1.0}}"
2026-09-27 11:21:19,crypto,dev,pullback ALL LAYERS,15e74bbf55,0,,0.0,0.0,0,,"{""exits"": {""breakeven"": true, ""max_hold"": 100, ""native_exit"": false, ""partial"": {""at_r"": 2.0, ""frac"": 0.5, ""trail_after_partial"": true}, ""target_r"": null, ""trail_ma"": 20}, ""filters"": {""regime"": true, ""rs"": true, ""score"": true, ""vol"": true, ""volume"": true}, ""rank"": ""score"", ""setup"": ""pullback"", ""setup_params"": {""adx_min"": 25.0, ""lookback"": 5, ""stop_atr_max"": 2.0, ""stop_atr_min"": 0.5}, ""sizing"": {""dd_reduce"": {""dd"": 0.1, ""factor"": 0.5}, ""heat_cap"": 0.06, ""max_positions"": 10, ""risk_pct"": 1.0}}"
2026-09-27 11:21:21,stocks,dev,stocks/rsi2 sens setup.entry x0.7,4569d9c5ea,0,0.5662052212778226,0.0406315755445934,-0.18625044844408456,1815,0.05836304709028198,"{""exits"": {""max_hold"": 10, ""native_exit"": true, ""target_r"": null}, ""filters"": {""rs"": true, ""score"": true}, ""rank"": ""score"", ""setup"": ""rsi2"", ""setup_params"": {""entry"": 7.0, ""exit"": 70.0, ""ma"": 200, ""stop_atr"": 3.0}, ""sizing"": {""heat_cap"": null, ""max_positions"": 10, ""risk_pct"": 1.0}}"
2026-09-27 11:21:22,crypto,val,pullback ALL LAYERS,15e74bbf55,0,-0.10929982634766541,-0.013115968571664083,-0.10975224413048013,32,0.01695345160827179,"{""exits"": {""breakeven"": true, ""max_hold"": 100, ""native_exit"": false, ""partial"": {""at_r"": 2.0, ""frac"": 0.5, ""trail_after_partial"": true}, ""target_r"": null, ""trail_ma"": 20}, ""filters"": {""regime"": true, ""rs"": true, ""score"": true, ""vol"": true, ""volume"": true}, ""rank"": ""score"", ""setup"": ""pullback"", ""setup_params"": {""adx_min"": 25.0, ""lookback"": 5, ""stop_atr_max"": 2.0, ""stop_atr_min"": 0.5}, ""sizing"": {""dd_reduce"": {""dd"": 0.1, ""factor"": 0.5}, ""heat_cap"": 0.06, ""max_positions"": 10, ""risk_pct"": 1.0}}"
2026-09-27 11:21:23,crypto,dev,pullback all minus regime,536e7dd0dc,0,,0.0,0.0,0,,"{""exits"": {""breakeven"": true, ""max_hold"": 100, ""native_exit"": false, ""partial"": {""at_r"": 2.0, ""frac"": 0.5, ""trail_after_partial"": true}, ""target_r"": null, ""trail_ma"": 20}, ""filters"": {""rs"": true, ""score"": true, ""vol"": true, ""volume"": true}, ""rank"": ""score"", ""setup"": ""pullback"", ""setup_params"": {""adx_min"": 25.0, ""lookback"": 5, ""stop_atr_max"": 2.0, ""stop_atr_min"": 0.5}, ""sizing"": {""dd_reduce"": {""dd"": 0.1, ""factor"": 0.5}, ""heat_cap"": 0.06, ""max_positions"": 10, ""risk_pct"": 1.0}}"
2026-09-27 11:21:25,crypto,val,pullback all minus regime,536e7dd0dc,0,0.10403862283140343,0.0054862154691790455,-0.1093809140719042,69,0.07896253906386709,"{""exits"": {""breakeven"": true, ""max_hold"": 100, ""native_exit"": false, ""partial"": {""at_r"": 2.0, ""frac"": 0.5, ""trail_after_partial"": true}, ""target_r"": null, ""trail_ma"": 20}, ""filters"": {""rs"": true, ""score"": true, ""vol"": true, ""volume"": true}, ""rank"": ""score"", ""setup"": ""pullback"", ""setup_params"": {""adx_min"": 25.0, ""lookback"": 5, ""stop_atr_max"": 2.0, ""stop_atr_min"": 0.5}, ""sizing"": {""dd_reduce"": {""dd"": 0.1, ""factor"": 0.5}, ""heat_cap"": 0.06, ""max_positions"": 10, ""risk_pct"": 1.0}}"
2026-09-27 11:21:26,stocks,dev,stocks/rsi2 sens setup.entry x1.3,29a1de2a83,0,0.7844293317570795,0.07668128202928925,-0.20027324870742857,3160,0.06209271048209792,"{""exits"": {""max_hold"": 10, ""native_exit"": true, ""target_r"": null}, ""filters"": {""rs"": true, ""score"": true}, ""rank"": ""score"", ""setup"": ""rsi2"", ""setup_params"": {""entry"": 13.0, ""exit"": 70.0, ""ma"": 200, ""stop_atr"": 3.0}, ""sizing"": {""heat_cap"": null, ""max_positions"": 10, ""risk_pct"": 1.0}}"
2026-09-27 11:21:27,crypto,dev,pullback all minus vol,31f7afaae8,0,,0.0,0.0,0,,"{""exits"": {""breakeven"": true, ""max_hold"": 100, ""native_exit"": false, ""partial"": {""at_r"": 2.0, ""frac"": 0.5, ""trail_after_partial"": true}, ""target_r"": null, ""trail_ma"": 20}, ""filters"": {""regime"": true, ""rs"": true, ""score"": true, ""volume"": true}, ""rank"": ""score"", ""setup"": ""pullback"", ""setup_params"": {""adx_min"": 25.0, ""lookback"": 5, ""stop_atr_max"": 2.0, ""stop_atr_min"": 0.5}, ""sizing"": {""dd_reduce"": {""dd"": 0.1, ""factor"": 0.5}, ""heat_cap"": 0.06, ""max_positions"": 10, ""risk_pct"": 1.0}}"
2026-09-27 11:21:29,crypto,val,pullback all minus vol,31f7afaae8,0,-0.22664511998936876,-0.023809502410739092,-0.10975224413048001,36,-0.044487742471854184,"{""exits"": {""breakeven"": true, ""max_hold"": 100, ""native_exit"": false, ""partial"": {""at_r"": 2.0, ""frac"": 0.5, ""trail_after_partial"": true}, ""target_r"": null, ""trail_ma"": 20}, ""filters"": {""regime"": true, ""rs"": true, ""score"": true, ""volume"": true}, ""rank"": ""score"", ""setup"": ""pullback"", ""setup_params"": {""adx_min"": 25.0, ""lookback"": 5, ""stop_atr_max"": 2.0, ""stop_atr_min"": 0.5}, ""sizing"": {""dd_reduce"": {""dd"": 0.1, ""factor"": 0.5}, ""heat_cap"": 0.06, ""max_positions"": 10, ""risk_pct"": 1.0}}"
2026-09-27 11:21:30,crypto,dev,pullback all minus rs,6ba16595ac,0,0.9361741683935674,0.0851111955249555,-0.11262465325790372,21,1.1011398831987482,"{""exits"": {""breakeven"": true, ""max_hold"": 100, ""native_exit"": false, ""partial"": {""at_r"": 2.0, ""frac"": 0.5, ""trail_after_partial"": true}, ""target_r"": null, ""trail_ma"": 20}, ""filters"": {""regime"": true, ""score"": true, ""vol"": true, ""volume"": true}, ""rank"": ""score"", ""setup"": ""pullback"", ""setup_params"": {""adx_min"": 25.0, ""lookback"": 5, ""stop_atr_max"": 2.0, ""stop_atr_min"": 0.5}, ""sizing"": {""dd_reduce"": {""dd"": 0.1, ""factor"": 0.5}, ""heat_cap"": 0.06, ""max_positions"": 10, ""risk_pct"": 1.0}}"
2026-09-27 11:21:32,stocks,dev,stocks/rsi2 sens setup.exit x0.7,222332913c,0,0.5852962381164919,0.041874470649181594,-0.21630466324515973,2625,0.041338263231762214,"{""exits"": {""max_hold"": 10, ""native_exit"": true, ""target_r"": null}, ""filters"": {""rs"": true, ""score"": true}, ""rank"": ""score"", ""setup"": ""rsi2"", ""setup_params"": {""entry"": 10.0, ""exit"": 49.0, ""ma"": 200, ""stop_atr"": 3.0}, ""sizing"": {""heat_cap"": null, ""max_positions"": 10, ""risk_pct"": 1.0}}"
2026-09-27 11:21:33,crypto,val,pullback all minus rs,6ba16595ac,0,0.11457204279842756,0.00545367736495872,-0.23968714164905047,167,0.09098541122717077,"{""exits"": {""breakeven"": true, ""max_hold"": 100, ""native_exit"": false, ""partial"": {""at_r"": 2.0, ""frac"": 0.5, ""trail_after_partial"": true}, ""target_r"": null, ""trail_ma"": 20}, ""filters"": {""regime"": true, ""score"": true, ""vol"": true, ""volume"": true}, ""rank"": ""score"", ""setup"": ""pullback"", ""setup_params"": {""adx_min"": 25.0, ""lookback"": 5, ""stop_atr_max"": 2.0, ""stop_atr_min"": 0.5}, ""sizing"": {""dd_reduce"": {""dd"": 0.1, ""factor"": 0.5}, ""heat_cap"": 0.06, ""max_positions"": 10, ""risk_pct"": 1.0}}"
2026-09-27 11:21:34,crypto,dev,pullback all minus volume,daf4f6ae7b,0,,0.0,0.0,0,,"{""exits"": {""breakeven"": true, ""max_hold"": 100, ""native_exit"": false, ""partial"": {""at_r"": 2.0, ""frac"": 0.5, ""trail_after_partial"": true}, ""target_r"": null, ""trail_ma"": 20}, ""filters"": {""regime"": true, ""rs"": true, ""score"": true, ""vol"": true}, ""rank"": ""score"", ""setup"": ""pullback"", ""setup_params"": {""adx_min"": 25.0, ""lookback"": 5, ""stop_atr_max"": 2.0, ""stop_atr_min"": 0.5}, ""sizing"": {""dd_reduce"": {""dd"": 0.1, ""factor"": 0.5}, ""heat_cap"": 0.06, ""max_positions"": 10, ""risk_pct"": 1.0}}"
2026-09-27 11:21:36,crypto,val,pullback all minus volume,daf4f6ae7b,0,-0.2740891778196861,-0.029952596583509128,-0.11735001115006782,44,-0.08776075968990948,"{""exits"": {""breakeven"": true, ""max_hold"": 100, ""native_exit"": false, ""partial"": {""at_r"": 2.0, ""frac"": 0.5, ""trail_after_partial"": true}, ""target_r"": null, ""trail_ma"": 20}, ""filters"": {""regime"": true, ""rs"": true, ""score"": true, ""vol"": true}, ""rank"": ""score"", ""setup"": ""pullback"", ""setup_params"": {""adx_min"": 25.0, ""lookback"": 5, ""stop_atr_max"": 2.0, ""stop_atr_min"": 0.5}, ""sizing"": {""dd_reduce"": {""dd"": 0.1, ""factor"": 0.5}, ""heat_cap"": 0.06, ""max_positions"": 10, ""risk_pct"": 1.0}}"
2026-09-27 11:21:37,stocks,dev,stocks/rsi2 sens setup.exit x1.3,a21f59bab9,0,0.8611023287698301,0.09378477729750823,-0.22177459348062867,2376,0.10062088581220098,"{""exits"": {""max_hold"": 10, ""native_exit"": true, ""target_r"": null}, ""filters"": {""rs"": true, ""score"": true}, ""rank"": ""score"", ""setup"": ""rsi2"", ""setup_params"": {""entry"": 10.0, ""exit"": 91.0, ""ma"": 200, ""stop_atr"": 3.0}, ""sizing"": {""heat_cap"": null, ""max_positions"": 10, ""risk_pct"": 1.0}}"
2026-09-27 11:21:38,crypto,dev,pullback all minus score,de0959a3bf,0,1.0226227457535229,0.12064151853428617,-0.10506721466486746,42,0.7529759838179465,"{""exits"": {""breakeven"": true, ""max_hold"": 100, ""native_exit"": false, ""partial"": {""at_r"": 2.0, ""frac"": 0.5, ""trail_after_partial"": true}, ""target_r"": null, ""trail_ma"": 20}, ""filters"": {""regime"": true, ""rs"": true, ""vol"": true, ""volume"": true}, ""rank"": ""random"", ""setup"": ""pullback"", ""setup_params"": {""adx_min"": 25.0, ""lookback"": 5, ""stop_atr_max"": 2.0, ""stop_atr_min"": 0.5}, ""sizing"": {""dd_reduce"": {""dd"": 0.1, ""factor"": 0.5}, ""heat_cap"": 0.06, ""max_positions"": 10, ""risk_pct"": 1.0}}"
2026-09-27 11:21:40,crypto,val,pullback all minus score,de0959a3bf,0,0.8807896603092332,0.152753608048948,-0.2411994931491499,186,0.18708277285637837,"{""exits"": {""breakeven"": true, ""max_hold"": 100, ""native_exit"": false, ""partial"": {""at_r"": 2.0, ""frac"": 0.5, ""trail_after_partial"": true}, ""target_r"": null, ""trail_ma"": 20}, ""filters"": {""regime"": true, ""rs"": true, ""vol"": true, ""volume"": true}, ""rank"": ""random"", ""setup"": ""pullback"", ""setup_params"": {""adx_min"": 25.0, ""lookback"": 5, ""stop_atr_max"": 2.0, ""stop_atr_min"": 0.5}, ""sizing"": {""dd_reduce"": {""dd"": 0.1, ""factor"": 0.5}, ""heat_cap"": 0.06, ""max_positions"": 10, ""risk_pct"": 1.0}}"
2026-09-27 11:21:42,crypto,dev,pullback all minus exit,3fa27b50f2,0,,0.0,0.0,0,,"{""exits"": {""max_hold"": 20, ""native_exit"": false, ""target_r"": 2.0}, ""filters"": {""regime"": true, ""rs"": true, ""score"": true, ""vol"": true, ""volume"": true}, ""rank"": ""score"", ""setup"": ""pullback"", ""setup_params"": {""adx_min"": 25.0, ""lookback"": 5, ""stop_atr_max"": 2.0, ""stop_atr_min"": 0.5}, ""sizing"": {""dd_reduce"": {""dd"": 0.1, ""factor"": 0.5}, ""heat_cap"": 0.06, ""max_positions"": 10, ""risk_pct"": 1.0}}"
2026-09-27 11:21:43,stocks,dev,stocks/rsi2 sens setup.stop_atr x0.7,ed655b27e5,0,0.7395277367149391,0.07494677123495186,-0.20726790856742372,2470,0.0750973750693955,"{""exits"": {""max_hold"": 10, ""native_exit"": true, ""target_r"": null}, ""filters"": {""rs"": true, ""score"": true}, ""rank"": ""score"", ""setup"": ""rsi2"", ""setup_params"": {""entry"": 10.0, ""exit"": 70.0, ""ma"": 200, ""stop_atr"": 2.1}, ""sizing"": {""heat_cap"": null, ""max_positions"": 10, ""risk_pct"": 1.0}}"
2026-09-27 11:21:44,crypto,val,pullback all minus exit,3fa27b50f2,0,0.3340707549761393,0.020655051705269933,-0.06378612733821987,32,0.13871251561889125,"{""exits"": {""max_hold"": 20, ""native_exit"": false, ""target_r"": 2.0}, ""filters"": {""regime"": true, ""rs"": true, ""score"": true, ""vol"": true, ""volume"": true}, ""rank"": ""score"", ""setup"": ""pullback"", ""setup_params"": {""adx_min"": 25.0, ""lookback"": 5, ""stop_atr_max"": 2.0, ""stop_atr_min"": 0.5}, ""sizing"": {""dd_reduce"": {""dd"": 0.1, ""factor"": 0.5}, ""heat_cap"": 0.06, ""max_positions"": 10, ""risk_pct"": 1.0}}"
2026-09-27 11:21:44,crypto,dev,pullback all minus sizing,bc6fb5b899,0,,0.0,0.0,0,,"{""exits"": {""breakeven"": true, ""max_hold"": 100, ""native_exit"": false, ""partial"": {""at_r"": 2.0, ""frac"": 0.5, ""trail_after_partial"": true}, ""target_r"": null, ""trail_ma"": 20}, ""filters"": {""regime"": true, ""rs"": true, ""score"": true, ""vol"": true, ""volume"": true}, ""rank"": ""score"", ""setup"": ""pullback"", ""setup_params"": {""adx_min"": 25.0, ""lookback"": 5, ""stop_atr_max"": 2.0, ""stop_atr_min"": 0.5}, ""sizing"": {""heat_cap"": null, ""max_positions"": 10, ""risk_pct"": 1.0}}"
2026-09-27 11:21:44,crypto,val,pullback all minus sizing,bc6fb5b899,0,-0.06630167600746506,-0.01108456859517315,-0.12999023778172825,36,-0.04394125487785064,"{""exits"": {""breakeven"": true, ""max_hold"": 100, ""native_exit"": false, ""partial"": {""at_r"": 2.0, ""frac"": 0.5, ""trail_after_partial"": true}, ""target_r"": null, ""trail_ma"": 20}, ""filters"": {""regime"": true, ""rs"": true, ""score"": true, ""vol"": true, ""volume"": true}, ""rank"": ""score"", ""setup"": ""pullback"", ""setup_params"": {""adx_min"": 25.0, ""lookback"": 5, ""stop_atr_max"": 2.0, ""stop_atr_min"": 0.5}, ""sizing"": {""heat_cap"": null, ""max_positions"": 10, ""risk_pct"": 1.0}}"
2026-09-27 11:21:45,crypto,dev,pullback PICKED,352d8229b3,0,,0.0,0.0,0,,"{""exits"": {""breakeven"": true, ""max_hold"": 100, ""native_exit"": false, ""partial"": {""after_bars"": 3, ""frac"": 0.33, ""trail_after_partial"": true}, ""target_r"": null, ""trail_ma"": 10}, ""filters"": {""rs"": true, ""score"": true, ""volume"": true}, ""rank"": ""score"", ""setup"": ""pullback"", ""setup_params"": {""adx_min"": 25.0, ""lookback"": 5, ""stop_atr_max"": 2.0, ""stop_atr_min"": 0.5}, ""sizing"": {""heat_cap"": null, ""max_positions"": 10, ""risk_pct"": 1.0}}"
2026-09-27 11:21:48,crypto,val,pullback PICKED,352d8229b3,0,-0.0033407481839472105,-0.02189390262686186,-0.19026735624258861,88,-0.03582777088511047,"{""exits"": {""breakeven"": true, ""max_hold"": 100, ""native_exit"": false, ""partial"": {""after_bars"": 3, ""frac"": 0.33, ""trail_after_partial"": true}, ""target_r"": null, ""trail_ma"": 10}, ""filters"": {""rs"": true, ""score"": true, ""volume"": true}, ""rank"": ""score"", ""setup"": ""pullback"", ""setup_params"": {""adx_min"": 25.0, ""lookback"": 5, ""stop_atr_max"": 2.0, ""stop_atr_min"": 0.5}, ""sizing"": {""heat_cap"": null, ""max_positions"": 10, ""risk_pct"": 1.0}}"
2026-09-27 11:21:48,stocks,dev,stocks/rsi2 sens setup.stop_atr x1.3,16bbbf6ea5,0,0.7830930945186282,0.05772552365041039,-0.17121928535646158,2555,0.05748852443019216,"{""exits"": {""max_hold"": 10, ""native_exit"": true, ""target_r"": null}, ""filters"": {""rs"": true, ""score"": true}, ""rank"": ""score"", ""setup"": ""rsi2"", ""setup_params"": {""entry"": 10.0, ""exit"": 70.0, ""ma"": 200, ""stop_atr"": 3.9}, ""sizing"": {""heat_cap"": null, ""max_positions"": 10, ""risk_pct"": 1.0}}"
2026-09-27 11:21:49,crypto,dev,naive rsi2,4fdf9a625b,0,-1.0858091010403585,-0.18688868435846073,-0.4606386946619194,661,-0.0757657575981227,"{""exits"": {""max_hold"": 10, ""native_exit"": true, ""target_r"": null}, ""filters"": {}, ""rank"": ""random"", ""setup"": ""rsi2"", ""setup_params"": {""entry"": 10.0, ""exit"": 70.0, ""ma"": 200, ""stop_atr"": 3.0}, ""sizing"": {""heat_cap"": null, ""max_positions"": 10, ""risk_pct"": 1.0}}"
2026-09-27 11:21:51,crypto,val,naive rsi2,4fdf9a625b,0,0.399840070018896,0.06599568890138019,-0.2514512006925953,1117,0.016135143238655305,"{""exits"": {""max_hold"": 10, ""native_exit"": true, ""target_r"": null}, ""filters"": {}, ""rank"": ""random"", ""setup"": ""rsi2"", ""setup_params"": {""entry"": 10.0, ""exit"": 70.0, ""ma"": 200, ""stop_atr"": 3.0}, ""sizing"": {""heat_cap"": null, ""max_positions"": 10, ""risk_pct"": 1.0}}"
2026-09-27 11:21:53,stocks,dev,stocks/rsi2 sens rs.min_pct x0.7,ab30eb03b2,0,0.6237164864906343,0.046192413647855535,-0.1872247467129069,1918,0.06217628745633712,"{""exits"": {""max_hold"": 10, ""native_exit"": true, ""target_r"": null}, ""filters"": {""rs"": true, ""score"": true}, ""layer_params"": {""rs"": {""min_pct"": 86.0}}, ""rank"": ""score"", ""setup"": ""rsi2"", ""setup_params"": {""entry"": 10.0, ""exit"": 70.0, ""ma"": 200, ""stop_atr"": 3.0}, ""sizing"": {""heat_cap"": null, ""max_positions"": 10, ""risk_pct"": 1.0}}"
2026-09-27 11:21:54,crypto,dev,rsi2 + regime,e4fdb095f8,0,-0.3396802972082118,-0.06182179754117145,-0.2976592427906921,497,-0.028681075295726135,"{""exits"": {""max_hold"": 10, ""native_exit"": true, ""target_r"": null}, ""filters"": {""regime"": true}, ""rank"": ""random"", ""setup"": ""rsi2"", ""setup_params"": {""entry"": 10.0, ""exit"": 70.0, ""ma"": 200, ""stop_atr"": 3.0}, ""sizing"": {""heat_cap"": null, ""max_positions"": 10, ""risk_pct"": 1.0}}"
2026-09-27 11:21:56,crypto,val,rsi2 + regime,e4fdb095f8,0,0.3473545991576513,0.05072372209183351,-0.2836817051011219,912,0.01573625552949878,"{""exits"": {""max_hold"": 10, ""native_exit"": true, ""target_r"": null}, ""filters"": {""regime"": true}, ""rank"": ""random"", ""setup"": ""rsi2"", ""setup_params"": {""entry"": 10.0, ""exit"": 70.0, ""ma"": 200, ""stop_atr"": 3.0}, ""sizing"": {""heat_cap"": null, ""max_positions"": 10, ""risk_pct"": 1.0}}"
2026-09-27 11:21:56,crypto,dev,rsi2 + vol,c69b807a7e,0,-1.0559240067293076,-0.1724481748653358,-0.4301755479342251,613,-0.07511310224627468,"{""exits"": {""max_hold"": 10, ""native_exit"": true, ""target_r"": null}, ""filters"": {""vol"": true}, ""rank"": ""random"", ""setup"": ""rsi2"", ""setup_params"": {""entry"": 10.0, ""exit"": 70.0, ""ma"": 200, ""stop_atr"": 3.0}, ""sizing"": {""heat_cap"": null, ""max_positions"": 10, ""risk_pct"": 1.0}}"
2026-09-27 11:21:58,crypto,val,rsi2 + vol,c69b807a7e,0,0.13591804731864326,0.008083113621661031,-0.2554259678878217,968,0.004921308142925748,"{""exits"": {""max_hold"": 10, ""native_exit"": true, ""target_r"": null}, ""filters"": {""vol"": true}, ""rank"": ""random"", ""setup"": ""rsi2"", ""setup_params"": {""entry"": 10.0, ""exit"": 70.0, ""ma"": 200, ""stop_atr"": 3.0}, ""sizing"": {""heat_cap"": null, ""max_positions"": 10, ""risk_pct"": 1.0}}"
2026-09-27 11:21:59,crypto,dev,rsi2 + rs,17771581c0,0,-1.0877231770155118,-0.08945511132110384,-0.2280288843620928,268,-0.08730992948614832,"{""exits"": {""max_hold"": 10, ""native_exit"": true, ""target_r"": null}, ""filters"": {""rs"": true}, ""rank"": ""random"", ""setup"": ""rsi2"", ""setup_params"": {""entry"": 10.0, ""exit"": 70.0, ""ma"": 200, ""stop_atr"": 3.0}, ""sizing"": {""heat_cap"": null, ""max_positions"": 10, ""risk_pct"": 1.0}}"
2026-09-27 11:21:59,stocks,dev,stocks/rsi2 sens rs.min_pct x1.3,3362f82a72,0,0.8613921539544179,0.08441745221820351,-0.17541106934035788,3086,0.0692979472576354,"{""exits"": {""max_hold"": 10, ""native_exit"": true, ""target_r"": null}, ""filters"": {""rs"": true, ""score"": true}, ""layer_params"": {""rs"": {""min_pct"": 74.0}}, ""rank"": ""score"", ""setup"": ""rsi2"", ""setup_params"": {""entry"": 10.0, ""exit"": 70.0, ""ma"": 200, ""stop_atr"": 3.0}, ""sizing"": {""heat_cap"": null, ""max_positions"": 10, ""risk_pct"": 1.0}}"
2026-09-27 11:22:01,crypto,val,rsi2 + rs,17771581c0,0,-0.8946342564902804,-0.17665709026680765,-0.40134092207017436,808,-0.043286172485783585,"{""exits"": {""max_hold"": 10, ""native_exit"": true, ""target_r"": null}, ""filters"": {""rs"": true}, ""rank"": ""random"", ""setup"": ""rsi2"", ""setup_params"": {""entry"": 10.0, ""exit"": 70.0, ""ma"": 200, ""stop_atr"": 3.0}, ""sizing"": {""heat_cap"": null, ""max_positions"": 10, ""risk_pct"": 1.0}}"
2026-09-27 11:22:01,crypto,dev,rsi2 + score rank only,edccd751a7,0,-1.0940444102705522,-0.18650965700589173,-0.46055505003760366,658,-0.07593209657504972,"{""exits"": {""max_hold"": 10, ""native_exit"": true, ""target_r"": null}, ""filters"": {}, ""rank"": ""score"", ""setup"": ""rsi2"", ""setup_params"": {""entry"": 10.0, ""exit"": 70.0, ""ma"": 200, ""stop_atr"": 3.0}, ""sizing"": {""heat_cap"": null, ""max_positions"": 10, ""risk_pct"": 1.0}}"
2026-09-27 11:22:01,crypto,val,rsi2 + score rank only,edccd751a7,0,-0.12688229759618072,-0.04865477359950876,-0.29062032841639374,1119,-0.004575449843219703,"{""exits"": {""max_hold"": 10, ""native_exit"": true, ""target_r"": null}, ""filters"": {}, ""rank"": ""score"", ""setup"": ""rsi2"", ""setup_params"": {""entry"": 10.0, ""exit"": 70.0, ""ma"": 200, ""stop_atr"": 3.0}, ""sizing"": {""heat_cap"": null, ""max_positions"": 10, ""risk_pct"": 1.0}}"
2026-09-27 11:22:01,crypto,dev,rsi2 + score top 20%,ef013a315f,0,-1.133955689937472,-0.0846814536218613,-0.20962296854193585,195,-0.1144153720747485,"{""exits"": {""max_hold"": 10, ""native_exit"": true, ""target_r"": null}, ""filters"": {""score"": true}, ""rank"": ""score"", ""setup"": ""rsi2"", ""setup_params"": {""entry"": 10.0, ""exit"": 70.0, ""ma"": 200, ""stop_atr"": 3.0}, ""sizing"": {""heat_cap"": null, ""max_positions"": 10, ""risk_pct"": 1.0}}"
2026-09-27 11:22:03,crypto,val,rsi2 + score top 20%,ef013a315f,0,-0.7581621451597359,-0.13628363044949587,-0.35395670626644427,624,-0.041875685004239466,"{""exits"": {""max_hold"": 10, ""native_exit"": true, ""target_r"": null}, ""filters"": {""score"": true}, ""rank"": ""score"", ""setup"": ""rsi2"", ""setup_params"": {""entry"": 10.0, ""exit"": 70.0, ""ma"": 200, ""stop_atr"": 3.0}, ""sizing"": {""heat_cap"": null, ""max_positions"": 10, ""risk_pct"": 1.0}}"
2026-09-27 11:22:03,crypto,dev,rsi2 + risk 0.25%,eedc3e5b94,0,-1.1073605517050589,-0.04804978026704765,-0.1374976178116033,661,-0.07576575759812267,"{""exits"": {""max_hold"": 10, ""native_exit"": true, ""target_r"": null}, ""filters"": {}, ""rank"": ""random"", ""setup"": ""rsi2"", ""setup_params"": {""entry"": 10.0, ""exit"": 70.0, ""ma"": 200, ""stop_atr"": 3.0}, ""sizing"": {""heat_cap"": null, ""max_positions"": 10, ""risk_pct"": 0.25}}"
2026-09-27 11:22:03,crypto,val,rsi2 + risk 0.25%,eedc3e5b94,0,0.41152606732676716,0.021152343733757295,-0.06756852197363727,1117,0.016135143238655305,"{""exits"": {""max_hold"": 10, ""native_exit"": true, ""target_r"": null}, ""filters"": {}, ""rank"": ""random"", ""setup"": ""rsi2"", ""setup_params"": {""entry"": 10.0, ""exit"": 70.0, ""ma"": 200, ""stop_atr"": 3.0}, ""sizing"": {""heat_cap"": null, ""max_positions"": 10, ""risk_pct"": 0.25}}"
2026-09-27 11:22:04,crypto,dev,rsi2 + risk 0.5%,49e9aab495,0,-1.1003705061235727,-0.09526215145002292,-0.2592119448017882,661,-0.07576575759812268,"{""exits"": {""max_hold"": 10, ""native_exit"": true, ""target_r"": null}, ""filters"": {}, ""rank"": ""random"", ""setup"": ""rsi2"", ""setup_params"": {""entry"": 10.0, ""exit"": 70.0, ""ma"": 200, ""stop_atr"": 3.0}, ""sizing"": {""heat_cap"": null, ""max_positions"": 10, ""risk_pct"": 0.5}}"
2026-09-27 11:22:04,crypto,val,rsi2 + risk 0.5%,49e9aab495,0,0.40765396364068207,0.03932406143011291,-0.1319513725403536,1117,0.016135143238655305,"{""exits"": {""max_hold"": 10, ""native_exit"": true, ""target_r"": null}, ""filters"": {}, ""rank"": ""random"", ""setup"": ""rsi2"", ""setup_params"": {""entry"": 10.0, ""exit"": 70.0, ""ma"": 200, ""stop_atr"": 3.0}, ""sizing"": {""heat_cap"": null, ""max_positions"": 10, ""risk_pct"": 0.5}}"
2026-09-27 11:22:04,crypto,dev,rsi2 + risk 2%,5889f14ea9,0,-1.0568454127307532,-0.3416597367623774,-0.7117350403827005,638,-0.0755414492544697,"{""exits"": {""max_hold"": 10, ""native_exit"": true, ""target_r"": null}, ""filters"": {}, ""rank"": ""random"", ""setup"": ""rsi2"", ""setup_params"": {""entry"": 10.0, ""exit"": 70.0, ""ma"": 200, ""stop_atr"": 3.0}, ""sizing"": {""heat_cap"": null, ""max_positions"": 10, ""risk_pct"": 2.0}}"
2026-09-27 11:22:04,crypto,val,rsi2 + risk 2%,5889f14ea9,0,0.3945963439319649,0.08184795175593984,-0.4599184379419703,1111,0.0164170246151338,"{""exits"": {""max_hold"": 10, ""native_exit"": true, ""target_r"": null}, ""filters"": {}, ""rank"": ""random"", ""setup"": ""rsi2"", ""setup_params"": {""entry"": 10.0, ""exit"": 70.0, ""ma"": 200, ""stop_atr"": 3.0}, ""sizing"": {""heat_cap"": null, ""max_positions"": 10, ""risk_pct"": 2.0}}"
2026-09-27 11:22:04,stocks,dev,stocks/rsi2 sens score.top_pct x0.7,7edc4c5488,0,0.636774278015069,0.047116992954136405,-0.17387263830507227,1908,0.06369524021003495,"{""exits"": {""max_hold"": 10, ""native_exit"": true, ""target_r"": null}, ""filters"": {""rs"": true, ""score"": true}, ""layer_params"": {""score"": {""top_pct"": 14.0}}, ""rank"": ""score"", ""setup"": ""rsi2"", ""setup_params"": {""entry"": 10.0, ""exit"": 70.0, ""ma"": 200, ""stop_atr"": 3.0}, ""sizing"": {""heat_cap"": null, ""max_positions"": 10, ""risk_pct"": 1.0}}"
2026-09-27 11:22:04,crypto,dev,rsi2 + ATR sizing,6c9d7290dc,0,-1.1101116434303517,-0.27818561875979897,-0.6193465698955005,655,-0.07830414097074824,"{""exits"": {""max_hold"": 10, ""native_exit"": true, ""target_r"": null}, ""filters"": {}, ""rank"": ""random"", ""setup"": ""rsi2"", ""setup_params"": {""entry"": 10.0, ""exit"": 70.0, ""ma"": 200, ""stop_atr"": 3.0}, ""sizing"": {""atr_mult"": 2.0, ""heat_cap"": null, ""max_positions"": 10, ""mode"": ""atr"", ""risk_pct"": 1.0}}"
2026-09-27 11:22:04,crypto,val,rsi2 + ATR sizing,6c9d7290dc,0,0.39191066328435487,0.07878867498341746,-0.35910176550853556,1117,0.0161351432386553,"{""exits"": {""max_hold"": 10, ""native_exit"": true, ""target_r"": null}, ""filters"": {}, ""rank"": ""random"", ""setup"": ""rsi2"", ""setup_params"": {""entry"": 10.0, ""exit"": 70.0, ""ma"": 200, ""stop_atr"": 3.0}, ""sizing"": {""atr_mult"": 2.0, ""heat_cap"": null, ""max_positions"": 10, ""mode"": ""atr"", ""risk_pct"": 1.0}}"
2026-09-27 11:22:05,crypto,dev,rsi2 + heat cap 4%,5cd2b0125e,0,-0.9778730214644284,-0.07513268969500853,-0.2543675119546741,316,-0.061499431043979876,"{""exits"": {""max_hold"": 10, ""native_exit"": true, ""target_r"": null}, ""filters"": {}, ""rank"": ""random"", ""setup"": ""rsi2"", ""setup_params"": {""entry"": 10.0, ""exit"": 70.0, ""ma"": 200, ""stop_atr"": 3.0}, ""sizing"": {""heat_cap"": 0.04, ""max_positions"": 10, ""risk_pct"": 1.0}}"
2026-09-27 11:22:05,crypto,val,rsi2 + heat cap 4%,5cd2b0125e,0,0.34419725905311976,0.0307962779904285,-0.09568247138303865,367,0.019256293155386378,"{""exits"": {""max_hold"": 10, ""native_exit"": true, ""target_r"": null}, ""filters"": {}, ""rank"": ""random"", ""setup"": ""rsi2"", ""setup_params"": {""entry"": 10.0, ""exit"": 70.0, ""ma"": 200, ""stop_atr"": 3.0}, ""sizing"": {""heat_cap"": 0.04, ""max_positions"": 10, ""risk_pct"": 1.0}}"
2026-09-27 11:22:05,crypto,dev,rsi2 + heat cap 6%,30b29fae94,0,-1.2633176169803517,-0.12956575398996273,-0.34419134826054554,431,-0.07992754091282799,"{""exits"": {""max_hold"": 10, ""native_exit"": true, ""target_r"": null}, ""filters"": {}, ""rank"": ""random"", ""setup"": ""rsi2"", ""setup_params"": {""entry"": 10.0, ""exit"": 70.0, ""ma"": 200, ""stop_atr"": 3.0}, ""sizing"": {""heat_cap"": 0.06, ""max_positions"": 10, ""risk_pct"": 1.0}}"
2026-09-27 11:22:05,crypto,val,rsi2 + heat cap 6%,30b29fae94,0,0.2842923805274275,0.02475694879523327,-0.09603690363725859,551,0.010682561739032127,"{""exits"": {""max_hold"": 10, ""native_exit"": true, ""target_r"": null}, ""filters"": {}, ""rank"": ""random"", ""setup"": ""rsi2"", ""setup_params"": {""entry"": 10.0, ""exit"": 70.0, ""ma"": 200, ""stop_atr"": 3.0}, ""sizing"": {""heat_cap"": 0.06, ""max_positions"": 10, ""risk_pct"": 1.0}}"
2026-09-27 11:22:05,crypto,dev,rsi2 + heat cap 8%,2e6c562c31,0,-1.1144158446496786,-0.14044700609801997,-0.3811478080815386,525,-0.07061770946129939,"{""exits"": {""max_hold"": 10, ""native_exit"": true, ""target_r"": null}, ""filters"": {}, ""rank"": ""random"", ""setup"": ""rsi2"", ""setup_params"": {""entry"": 10.0, ""exit"": 70.0, ""ma"": 200, ""stop_atr"": 3.0}, ""sizing"": {""heat_cap"": 0.08, ""max_positions"": 10, ""risk_pct"": 1.0}}"
2026-09-27 11:22:05,crypto,val,rsi2 + heat cap 8%,2e6c562c31,0,0.29205472055208215,0.03481542695713258,-0.1686558679142205,748,0.012376167493052644,"{""exits"": {""max_hold"": 10, ""native_exit"": true, ""target_r"": null}, ""filters"": {}, ""rank"": ""random"", ""setup"": ""rsi2"", ""setup_params"": {""entry"": 10.0, ""exit"": 70.0, ""ma"": 200, ""stop_atr"": 3.0}, ""sizing"": {""heat_cap"": 0.08, ""max_positions"": 10, ""risk_pct"": 1.0}}"
2026-09-27 11:22:05,crypto,dev,rsi2 + max 5 positions,57e8af7446,0,-1.5635259830749089,-0.1619318252664098,-0.4065000716111118,454,-0.09729968842929758,"{""exits"": {""max_hold"": 10, ""native_exit"": true, ""target_r"": null}, ""filters"": {}, ""rank"": ""random"", ""setup"": ""rsi2"", ""setup_params"": {""entry"": 10.0, ""exit"": 70.0, ""ma"": 200, ""stop_atr"": 3.0}, ""sizing"": {""heat_cap"": null, ""max_positions"": 5, ""risk_pct"": 1.0}}"
2026-09-27 11:22:05,crypto,val,rsi2 + max 5 positions,57e8af7446,0,0.320689893281144,0.03516963153586605,-0.13296088502983006,605,0.014479342875520535,"{""exits"": {""max_hold"": 10, ""native_exit"": true, ""target_r"": null}, ""filters"": {}, ""rank"": ""random"", ""setup"": ""rsi2"", ""setup_params"": {""entry"": 10.0, ""exit"": 70.0, ""ma"": 200, ""stop_atr"": 3.0}, ""sizing"": {""heat_cap"": null, ""max_positions"": 5, ""risk_pct"": 1.0}}"
2026-09-27 11:22:06,crypto,dev,rsi2 + halve risk in 10% DD,7d8a2b05e9,0,-0.9887622286684203,-0.10818341826640476,-0.30462863623846004,661,-0.07576575759812267,"{""exits"": {""max_hold"": 10, ""native_exit"": true, ""target_r"": null}, ""filters"": {}, ""rank"": ""random"", ""setup"": ""rsi2"", ""setup_params"": {""entry"": 10.0, ""exit"": 70.0, ""ma"": 200, ""stop_atr"": 3.0}, ""sizing"": {""dd_reduce"": {""dd"": 0.1, ""factor"": 0.5}, ""heat_cap"": null, ""max_positions"": 10, ""risk_pct"": 1.0}}"
2026-09-27 11:22:06,crypto,val,rsi2 + halve risk in 10% DD,7d8a2b05e9,0,0.306372379766851,0.03755856069141439,-0.18960435269879505,1117,0.016135143238655305,"{""exits"": {""max_hold"": 10, ""native_exit"": true, ""target_r"": null}, ""filters"": {}, ""rank"": ""random"", ""setup"": ""rsi2"", ""setup_params"": {""entry"": 10.0, ""exit"": 70.0, ""ma"": 200, ""stop_atr"": 3.0}, ""sizing"": {""dd_reduce"": {""dd"": 0.1, ""factor"": 0.5}, ""heat_cap"": null, ""max_positions"": 10, ""risk_pct"": 1.0}}"
2026-09-27 11:22:07,crypto,dev,rsi2 ALL LAYERS,61e81a42f1,0,0.7468551517102718,0.011794875703875052,-0.011277489827750342,24,0.12684369741475238,"{""exits"": {""max_hold"": 10, ""native_exit"": true, ""target_r"": null}, ""filters"": {""regime"": true, ""rs"": true, ""score"": true, ""vol"": true}, ""rank"": ""score"", ""setup"": ""rsi2"", ""setup_params"": {""entry"": 10.0, ""exit"": 70.0, ""ma"": 200, ""stop_atr"": 3.0}, ""sizing"": {""dd_reduce"": {""dd"": 0.1, ""factor"": 0.5}, ""heat_cap"": 0.06, ""max_positions"": 10, ""risk_pct"": 1.0}}"
2026-09-27 11:22:09,crypto,val,rsi2 ALL LAYERS,61e81a42f1,0,-1.5572822024623403,-0.06547694583351804,-0.15411710331499517,103,-0.11120539864723594,"{""exits"": {""max_hold"": 10, ""native_exit"": true, ""target_r"": null}, ""filters"": {""regime"": true, ""rs"": true, ""score"": true, ""vol"": true}, ""rank"": ""score"", ""setup"": ""rsi2"", ""setup_params"": {""entry"": 10.0, ""exit"": 70.0, ""ma"": 200, ""stop_atr"": 3.0}, ""sizing"": {""dd_reduce"": {""dd"": 0.1, ""factor"": 0.5}, ""heat_cap"": 0.06, ""max_positions"": 10, ""risk_pct"": 1.0}}"
2026-09-27 11:22:10,stocks,dev,stocks/rsi2 sens score.top_pct x1.3,d5389a5784,0,0.8078063945999107,0.07787981970948743,-0.1670223274304502,3076,0.06459260356461696,"{""exits"": {""max_hold"": 10, ""native_exit"": true, ""target_r"": null}, ""filters"": {""rs"": true, ""score"": true}, ""layer_params"": {""score"": {""top_pct"": 26.0}}, ""rank"": ""score"", ""setup"": ""rsi2"", ""setup_params"": {""entry"": 10.0, ""exit"": 70.0, ""ma"": 200, ""stop_atr"": 3.0}, ""sizing"": {""heat_cap"": null, ""max_positions"": 10, ""risk_pct"": 1.0}}"
2026-09-27 11:22:10,stocks,dev,stocks/rsi2 sens exit.max_hold x0.7,1e7b2da1d6,0,0.7076039317188778,0.05990223139034878,-0.2429311643227775,2551,0.060492682807529244,"{""exits"": {""max_hold"": 7, ""native_exit"": true, ""target_r"": null}, ""filters"": {""rs"": true, ""score"": true}, ""rank"": ""score"", ""setup"": ""rsi2"", ""setup_params"": {""entry"": 10.0, ""exit"": 70.0, ""ma"": 200, ""stop_atr"": 3.0}, ""sizing"": {""heat_cap"": null, ""max_positions"": 10, ""risk_pct"": 1.0}}"
2026-09-27 11:22:10,crypto,dev,rsi2 all minus regime,f3e1401483,0,-0.5484307736278368,-0.01345509601333339,-0.059922696674458376,45,-0.07641537639457452,"{""exits"": {""max_hold"": 10, ""native_exit"": true, ""target_r"": null}, ""filters"": {""rs"": true, ""score"": true, ""vol"": true}, ""rank"": ""score"", ""setup"": ""rsi2"", ""setup_params"": {""entry"": 10.0, ""exit"": 70.0, ""ma"": 200, ""stop_atr"": 3.0}, ""sizing"": {""dd_reduce"": {""dd"": 0.1, ""factor"": 0.5}, ""heat_cap"": 0.06, ""max_positions"": 10, ""risk_pct"": 1.0}}"
2026-09-27 11:22:10,stocks,dev,stocks/rsi2 sens exit.max_hold x1.3,f4e391d2ad,0,0.7927679444750328,0.069683638857716,-0.17142308752166724,2523,0.07039091741575061,"{""exits"": {""max_hold"": 13, ""native_exit"": true, ""target_r"": null}, ""filters"": {""rs"": true, ""score"": true}, ""rank"": ""score"", ""setup"": ""rsi2"", ""setup_params"": {""entry"": 10.0, ""exit"": 70.0, ""ma"": 200, ""stop_atr"": 3.0}, ""sizing"": {""heat_cap"": null, ""max_positions"": 10, ""risk_pct"": 1.0}}"
2026-09-27 11:22:11,stocks,dev,stocks/rsi2 sens sizing.risk_pct x0.7,a8c7d4f918,0,0.736385080901044,0.04822864275198313,-0.14885209617532613,2642,0.0667553497764778,"{""exits"": {""max_hold"": 10, ""native_exit"": true, ""target_r"": null}, ""filters"": {""rs"": true, ""score"": true}, ""rank"": ""score"", ""setup"": ""rsi2"", ""setup_params"": {""entry"": 10.0, ""exit"": 70.0, ""ma"": 200, ""stop_atr"": 3.0}, ""sizing"": {""heat_cap"": null, ""max_positions"": 10, ""risk_pct"": 0.7}}"
2026-09-27 11:22:11,stocks,dev,stocks/rsi2 sens sizing.risk_pct x1.3,cb61de79ae,0,0.8214149865205005,0.08371774689126621,-0.17796093378117572,2365,0.0682569708465159,"{""exits"": {""max_hold"": 10, ""native_exit"": true, ""target_r"": null}, ""filters"": {""rs"": true, ""score"": true}, ""rank"": ""score"", ""setup"": ""rsi2"", ""setup_params"": {""entry"": 10.0, ""exit"": 70.0, ""ma"": 200, ""stop_atr"": 3.0}, ""sizing"": {""heat_cap"": null, ""max_positions"": 10, ""risk_pct"": 1.3}}"
2026-09-27 11:22:12,crypto,val,rsi2 all minus regime,f3e1401483,0,-1.3068873249851642,-0.07856915544569498,-0.16146616479094622,223,-0.07688135919272852,"{""exits"": {""max_hold"": 10, ""native_exit"": true, ""target_r"": null}, ""filters"": {""rs"": true, ""score"": true, ""vol"": true}, ""rank"": ""score"", ""setup"": ""rsi2"", ""setup_params"": {""entry"": 10.0, ""exit"": 70.0, ""ma"": 200, ""stop_atr"": 3.0}, ""sizing"": {""dd_reduce"": {""dd"": 0.1, ""factor"": 0.5}, ""heat_cap"": 0.06, ""max_positions"": 10, ""risk_pct"": 1.0}}"
2026-09-27 11:22:13,crypto,dev,rsi2 all minus vol,b7774a30cf,0,0.3175897323164922,0.00627667347878158,-0.020202739090033006,31,0.05285633300665468,"{""exits"": {""max_hold"": 10, ""native_exit"": true, ""target_r"": null}, ""filters"": {""regime"": true, ""rs"": true, ""score"": true}, ""rank"": ""score"", ""setup"": ""rsi2"", ""setup_params"": {""entry"": 10.0, ""exit"": 70.0, ""ma"": 200, ""stop_atr"": 3.0}, ""sizing"": {""dd_reduce"": {""dd"": 0.1, ""factor"": 0.5}, ""heat_cap"": 0.06, ""max_positions"": 10, ""risk_pct"": 1.0}}"
2026-09-27 11:22:15,crypto,val,rsi2 all minus vol,b7774a30cf,0,-1.781698696495272,-0.06797934858886145,-0.162235989533007,129,-0.12351343152954106,"{""exits"": {""max_hold"": 10, ""native_exit"": true, ""target_r"": null}, ""filters"": {""regime"": true, ""rs"": true, ""score"": true}, ""rank"": ""score"", ""setup"": ""rsi2"", ""setup_params"": {""entry"": 10.0, ""exit"": 70.0, ""ma"": 200, ""stop_atr"": 3.0}, ""sizing"": {""dd_reduce"": {""dd"": 0.1, ""factor"": 0.5}, ""heat_cap"": 0.06, ""max_positions"": 10, ""risk_pct"": 1.0}}"
2026-09-27 11:22:16,crypto,dev,rsi2 all minus rs,c062d431d7,0,-0.15411336947729717,-0.00817468632133378,-0.060098626486063345,114,-0.016903207557531597,"{""exits"": {""max_hold"": 10, ""native_exit"": true, ""target_r"": null}, ""filters"": {""regime"": true, ""score"": true, ""vol"": true}, ""rank"": ""score"", ""setup"": ""rsi2"", ""setup_params"": {""entry"": 10.0, ""exit"": 70.0, ""ma"": 200, ""stop_atr"": 3.0}, ""sizing"": {""dd_reduce"": {""dd"": 0.1, ""factor"": 0.5}, ""heat_cap"": 0.06, ""max_positions"": 10, ""risk_pct"": 1.0}}"
2026-09-27 11:22:18,crypto,val,rsi2 all minus rs,c062d431d7,0,-0.4829750168062734,-0.03104182418664647,-0.16012444209713217,286,-0.01074239022565757,"{""exits"": {""max_hold"": 10, ""native_exit"": true, ""target_r"": null}, ""filters"": {""regime"": true, ""score"": true, ""vol"": true}, ""rank"": ""score"", ""setup"": ""rsi2"", ""setup_params"": {""entry"": 10.0, ""exit"": 70.0, ""ma"": 200, ""stop_atr"": 3.0}, ""sizing"": {""dd_reduce"": {""dd"": 0.1, ""factor"": 0.5}, ""heat_cap"": 0.06, ""max_positions"": 10, ""risk_pct"": 1.0}}"
2026-09-27 11:22:19,crypto,dev,rsi2 all minus score,dd56386b3b,0,0.13982299138496201,0.005990070827427418,-0.05206178754272872,145,0.012273389464686882,"{""exits"": {""max_hold"": 10, ""native_exit"": true, ""target_r"": null}, ""filters"": {""regime"": true, ""rs"": true, ""vol"": true}, ""rank"": ""random"", ""setup"": ""rsi2"", ""setup_params"": {""entry"": 10.0, ""exit"": 70.0, ""ma"": 200, ""stop_atr"": 3.0}, ""sizing"": {""dd_reduce"": {""dd"": 0.1, ""factor"": 0.5}, ""heat_cap"": 0.06, ""max_positions"": 10, ""risk_pct"": 1.0}}"
2026-09-27 11:22:20,crypto,val,rsi2 all minus score,dd56386b3b,0,-0.7562154642538992,-0.05235436600052734,-0.18230956442787782,376,-0.027463328038446384,"{""exits"": {""max_hold"": 10, ""native_exit"": true, ""target_r"": null}, ""filters"": {""regime"": true, ""rs"": true, ""vol"": true}, ""rank"": ""random"", ""setup"": ""rsi2"", ""setup_params"": {""entry"": 10.0, ""exit"": 70.0, ""ma"": 200, ""stop_atr"": 3.0}, ""sizing"": {""dd_reduce"": {""dd"": 0.1, ""factor"": 0.5}, ""heat_cap"": 0.06, ""max_positions"": 10, ""risk_pct"": 1.0}}"
2026-09-27 11:22:20,crypto,dev,rsi2 all minus sizing,2040a5541b,0,0.7468551517102718,0.011794875703875052,-0.011277489827750342,24,0.12684369741475238,"{""exits"": {""max_hold"": 10, ""native_exit"": true, ""target_r"": null}, ""filters"": {""regime"": true, ""rs"": true, ""score"": true, ""vol"": true}, ""rank"": ""score"", ""setup"": ""rsi2"", ""setup_params"": {""entry"": 10.0, ""exit"": 70.0, ""ma"": 200, ""stop_atr"": 3.0}, ""sizing"": {""heat_cap"": null, ""max_positions"": 10, ""risk_pct"": 1.0}}"
2026-09-27 11:22:21,crypto,val,rsi2 all minus sizing,2040a5541b,0,-1.5274949407889389,-0.10272777943004852,-0.23868728888927304,122,-0.16959188877237233,"{""exits"": {""max_hold"": 10, ""native_exit"": true, ""target_r"": null}, ""filters"": {""regime"": true, ""rs"": true, ""score"": true, ""vol"": true}, ""rank"": ""score"", ""setup"": ""rsi2"", ""setup_params"": {""entry"": 10.0, ""exit"": 70.0, ""ma"": 200, ""stop_atr"": 3.0}, ""sizing"": {""heat_cap"": null, ""max_positions"": 10, ""risk_pct"": 1.0}}"
2026-09-27 11:22:21,crypto,dev,rsi2 PICKED,e4fdb095f8,0,-0.3396802972082118,-0.06182179754117145,-0.2976592427906921,497,-0.028681075295726135,"{""exits"": {""max_hold"": 10, ""native_exit"": true, ""target_r"": null}, ""filters"": {""regime"": true}, ""rank"": ""random"", ""setup"": ""rsi2"", ""setup_params"": {""entry"": 10.0, ""exit"": 70.0, ""ma"": 200, ""stop_atr"": 3.0}, ""sizing"": {""heat_cap"": null, ""max_positions"": 10, ""risk_pct"": 1.0}}"
2026-09-27 11:22:21,crypto,val,rsi2 PICKED,e4fdb095f8,0,0.3473545991576513,0.05072372209183351,-0.2836817051011219,912,0.01573625552949878,"{""exits"": {""max_hold"": 10, ""native_exit"": true, ""target_r"": null}, ""filters"": {""regime"": true}, ""rank"": ""random"", ""setup"": ""rsi2"", ""setup_params"": {""entry"": 10.0, ""exit"": 70.0, ""ma"": 200, ""stop_atr"": 3.0}, ""sizing"": {""heat_cap"": null, ""max_positions"": 10, ""risk_pct"": 1.0}}"
2026-09-27 11:24:01,stocks,dev,naive breakout,b092b312a6,0,-0.029793169797675573,-0.01947655510255908,-0.8099640964100678,5215,-0.020606944111671032,"{""exits"": {""max_hold"": 20, ""native_exit"": false, ""target_r"": 2.0}, ""filters"": {}, ""rank"": ""random"", ""setup"": ""breakout"", ""setup_params"": {""base_len"": 20, ""stop_atr_max"": 1.5, ""stop_atr_min"": 0.5}, ""sizing"": {""heat_cap"": null, ""max_positions"": 10, ""risk_pct"": 1.0}}"
2026-09-27 11:24:06,stocks,val,naive breakout,b092b312a6,0,0.2419471302449761,0.027795983198815044,-0.24087437691706592,646,0.01850804841661114,"{""exits"": {""max_hold"": 20, ""native_exit"": false, ""target_r"": 2.0}, ""filters"": {}, ""rank"": ""random"", ""setup"": ""breakout"", ""setup_params"": {""base_len"": 20, ""stop_atr_max"": 1.5, ""stop_atr_min"": 0.5}, ""sizing"": {""heat_cap"": null, ""max_positions"": 10, ""risk_pct"": 1.0}}"
2026-09-27 11:24:07,stocks,dev,stocks/breakout sens setup.base_len x0.7,7be791784c,0,0.4395649050610412,0.05272048258779538,-0.36751913600483355,1526,0.17426212506697325,"{""exits"": {""max_hold"": 100, ""native_exit"": false, ""target_r"": null, ""trail_atr"": 2.5}, ""filters"": {""event"": true, ""regime"": true, ""vol"": true, ""volume"": true}, ""rank"": ""random"", ""setup"": ""breakout"", ""setup_params"": {""base_len"": 14, ""stop_atr_max"": 1.5, ""stop_atr_min"": 0.5}, ""sizing"": {""heat_cap"": null, ""max_positions"": 10, ""risk_pct"": 1.0}}"
2026-09-27 11:24:13,stocks,dev,stocks/breakout sens setup.base_len x1.3,d0a4487ff1,0,0.17278946344063797,0.014351344962798995,-0.3215658095483279,1519,0.049749608882648164,"{""exits"": {""max_hold"": 100, ""native_exit"": false, ""target_r"": null, ""trail_atr"": 2.5}, ""filters"": {""event"": true, ""regime"": true, ""vol"": true, ""volume"": true}, ""rank"": ""random"", ""setup"": ""breakout"", ""setup_params"": {""base_len"": 26, ""stop_atr_max"": 1.5, ""stop_atr_min"": 0.5}, ""sizing"": {""heat_cap"": null, ""max_positions"": 10, ""risk_pct"": 1.0}}"
2026-09-27 11:24:19,stocks,dev,stocks/breakout sens setup.stop_atr_min x0.7,2532145bbd,0,0.19435149104327698,0.017490029975308907,-0.3844840474489377,1531,0.06805334604188484,"{""exits"": {""max_hold"": 100, ""native_exit"": false, ""target_r"": null, ""trail_atr"": 2.5}, ""filters"": {""event"": true, ""regime"": true, ""vol"": true, ""volume"": true}, ""rank"": ""random"", ""setup"": ""breakout"", ""setup_params"": {""base_len"": 20, ""stop_atr_max"": 1.5, ""stop_atr_min"": 0.35}, ""sizing"": {""heat_cap"": null, ""max_positions"": 10, ""risk_pct"": 1.0}}"
2026-09-27 11:24:25,stocks,dev,stocks/breakout sens setup.stop_atr_min x1.3,e5e3d53d5f,0,0.38062777014506505,0.04364507516962424,-0.34350043530307617,1441,0.21298973021609374,"{""exits"": {""max_hold"": 100, ""native_exit"": false, ""target_r"": null, ""trail_atr"": 2.5}, ""filters"": {""event"": true, ""regime"": true, ""vol"": true, ""volume"": true}, ""rank"": ""random"", ""setup"": ""breakout"", ""setup_params"": {""base_len"": 20, ""stop_atr_max"": 1.5, ""stop_atr_min"": 0.65}, ""sizing"": {""heat_cap"": null, ""max_positions"": 10, ""risk_pct"": 1.0}}"
2026-09-27 11:24:31,stocks,dev,stocks/breakout sens setup.stop_atr_max x0.7,3d62681bdc,0,0.270949441686596,0.02723372596360818,-0.28021681667098475,1538,0.15254824582860693,"{""exits"": {""max_hold"": 100, ""native_exit"": false, ""target_r"": null, ""trail_atr"": 2.5}, ""filters"": {""event"": true, ""regime"": true, ""vol"": true, ""volume"": true}, ""rank"": ""random"", ""setup"": ""breakout"", ""setup_params"": {""base_len"": 20, ""stop_atr_max"": 1.05, ""stop_atr_min"": 0.5}, ""sizing"": {""heat_cap"": null, ""max_positions"": 10, ""risk_pct"": 1.0}}"
2026-09-27 11:24:37,stocks,dev,stocks/breakout sens setup.stop_atr_max x1.3,bee5401423,0,0.3360797328901334,0.03675042684083496,-0.23511987775729937,1456,0.14277420603323068,"{""exits"": {""max_hold"": 100, ""native_exit"": false, ""target_r"": null, ""trail_atr"": 2.5}, ""filters"": {""event"": true, ""regime"": true, ""vol"": true, ""volume"": true}, ""rank"": ""random"", ""setup"": ""breakout"", ""setup_params"": {""base_len"": 20, ""stop_atr_max"": 1.95, ""stop_atr_min"": 0.5}, ""sizing"": {""heat_cap"": null, ""max_positions"": 10, ""risk_pct"": 1.0}}"
2026-09-27 11:24:44,stocks,dev,stocks/breakout sens regime.breadth_min x0.7,cc1de8cb8d,0,0.2512346254204254,0.02639290848391007,-0.37530816742281725,1647,0.11403704479892686,"{""exits"": {""max_hold"": 100, ""native_exit"": false, ""target_r"": null, ""trail_atr"": 2.5}, ""filters"": {""event"": true, ""regime"": true, ""vol"": true, ""volume"": true}, ""layer_params"": {""regime"": {""breadth_min"": 35.0}}, ""rank"": ""random"", ""setup"": ""breakout"", ""setup_params"": {""base_len"": 20, ""stop_atr_max"": 1.5, ""stop_atr_min"": 0.5}, ""sizing"": {""heat_cap"": null, ""max_positions"": 10, ""risk_pct"": 1.0}}"
2026-09-27 11:24:45,stocks,dev,breakout + regime,682cc9fcfe,0,-0.00038695649219180715,-0.007235005381392101,-0.3946112037972187,3670,-0.013420847147611678,"{""exits"": {""max_hold"": 20, ""native_exit"": false, ""target_r"": 2.0}, ""filters"": {""regime"": true}, ""rank"": ""random"", ""setup"": ""breakout"", ""setup_params"": {""base_len"": 20, ""stop_atr_max"": 1.5, ""stop_atr_min"": 0.5}, ""sizing"": {""heat_cap"": null, ""max_positions"": 10, ""risk_pct"": 1.0}}"
2026-09-27 11:24:50,stocks,dev,stocks/breakout sens regime.breadth_min x1.3,1b0a6931df,0,0.3097714670205857,0.03036153166242639,-0.2597274574945806,1151,0.1283283203742811,"{""exits"": {""max_hold"": 100, ""native_exit"": false, ""target_r"": null, ""trail_atr"": 2.5}, ""filters"": {""event"": true, ""regime"": true, ""vol"": true, ""volume"": true}, ""layer_params"": {""regime"": {""breadth_min"": 65.0}}, ""rank"": ""random"", ""setup"": ""breakout"", ""setup_params"": {""base_len"": 20, ""stop_atr_max"": 1.5, ""stop_atr_min"": 0.5}, ""sizing"": {""heat_cap"": null, ""max_positions"": 10, ""risk_pct"": 1.0}}"
2026-09-27 11:24:50,stocks,val,breakout + regime,682cc9fcfe,0,0.03691269140947371,-0.0038566926120876532,-0.19552777847801894,399,0.04194446666650472,"{""exits"": {""max_hold"": 20, ""native_exit"": false, ""target_r"": 2.0}, ""filters"": {""regime"": true}, ""rank"": ""random"", ""setup"": ""breakout"", ""setup_params"": {""base_len"": 20, ""stop_atr_max"": 1.5, ""stop_atr_min"": 0.5}, ""sizing"": {""heat_cap"": null, ""max_positions"": 10, ""risk_pct"": 1.0}}"
2026-09-27 11:24:50,stocks,dev,breakout + vol,88e4a99583,0,0.1645945391700874,0.013618795215941892,-0.6248488684825854,4838,0.003837361584291437,"{""exits"": {""max_hold"": 20, ""native_exit"": false, ""target_r"": 2.0}, ""filters"": {""vol"": true}, ""rank"": ""random"", ""setup"": ""breakout"", ""setup_params"": {""base_len"": 20, ""stop_atr_max"": 1.5, ""stop_atr_min"": 0.5}, ""sizing"": {""heat_cap"": null, ""max_positions"": 10, ""risk_pct"": 1.0}}"
2026-09-27 11:24:55,stocks,val,breakout + vol,88e4a99583,0,-0.14205512539550405,-0.03385469721390577,-0.2369875894832536,531,-0.026204392941399354,"{""exits"": {""max_hold"": 20, ""native_exit"": false, ""target_r"": 2.0}, ""filters"": {""vol"": true}, ""rank"": ""random"", ""setup"": ""breakout"", ""setup_params"": {""base_len"": 20, ""stop_atr_max"": 1.5, ""stop_atr_min"": 0.5}, ""sizing"": {""heat_cap"": null, ""max_positions"": 10, ""risk_pct"": 1.0}}"
2026-09-27 11:24:56,stocks,dev,breakout + chop,5070dd20fe,0,-0.3580016623987042,-0.06966993136000232,-0.9196597515131476,5195,-0.06844016852370449,"{""exits"": {""max_hold"": 20, ""native_exit"": false, ""target_r"": 2.0}, ""filters"": {""chop"": true}, ""rank"": ""random"", ""setup"": ""breakout"", ""setup_params"": {""base_len"": 20, ""stop_atr_max"": 1.5, ""stop_atr_min"": 0.5}, ""sizing"": {""heat_cap"": null, ""max_positions"": 10, ""risk_pct"": 1.0}}"
2026-09-27 11:24:56,stocks,dev,stocks/breakout sens vol.max_pct x0.7,c149618853,0,0.4254563058453168,0.049495392982182196,-0.28633116945535775,1441,0.24082105917733065,"{""exits"": {""max_hold"": 100, ""native_exit"": false, ""target_r"": null, ""trail_atr"": 2.5}, ""filters"": {""event"": true, ""regime"": true, ""vol"": true, ""volume"": true}, ""layer_params"": {""vol"": {""max_pct"": 0.93}}, ""rank"": ""random"", ""setup"": ""breakout"", ""setup_params"": {""base_len"": 20, ""stop_atr_max"": 1.5, ""stop_atr_min"": 0.5}, ""sizing"": {""heat_cap"": null, ""max_positions"": 10, ""risk_pct"": 1.0}}"
2026-09-27 11:25:01,stocks,val,breakout + chop,5070dd20fe,0,-0.834766683047224,-0.1405804794587766,-0.45729888363461224,622,-0.16296872149956676,"{""exits"": {""max_hold"": 20, ""native_exit"": false, ""target_r"": 2.0}, ""filters"": {""chop"": true}, ""rank"": ""random"", ""setup"": ""breakout"", ""setup_params"": {""base_len"": 20, ""stop_atr_max"": 1.5, ""stop_atr_min"": 0.5}, ""sizing"": {""heat_cap"": null, ""max_positions"": 10, ""risk_pct"": 1.0}}"
2026-09-27 11:25:01,stocks,dev,breakout + rs,51ab81bcd8,0,-0.29725852956647164,-0.06347224332518397,-0.8806482035127349,5159,-0.03549960633501506,"{""exits"": {""max_hold"": 20, ""native_exit"": false, ""target_r"": 2.0}, ""filters"": {""rs"": true}, ""rank"": ""random"", ""setup"": ""breakout"", ""setup_params"": {""base_len"": 20, ""stop_atr_max"": 1.5, ""stop_atr_min"": 0.5}, ""sizing"": {""heat_cap"": null, ""max_positions"": 10, ""risk_pct"": 1.0}}"
2026-09-27 11:25:02,stocks,dev,stocks/breakout sens vol.max_pct x1.3,3c3985060a,0,0.38200832875838125,0.04346712491284643,-0.2975812603789937,1458,0.1454412946978567,"{""exits"": {""max_hold"": 100, ""native_exit"": false, ""target_r"": null, ""trail_atr"": 2.5}, ""filters"": {""event"": true, ""regime"": true, ""vol"": true, ""volume"": true}, ""layer_params"": {""vol"": {""max_pct"": 0.87}}, ""rank"": ""random"", ""setup"": ""breakout"", ""setup_params"": {""base_len"": 20, ""stop_atr_max"": 1.5, ""stop_atr_min"": 0.5}, ""sizing"": {""heat_cap"": null, ""max_positions"": 10, ""risk_pct"": 1.0}}"
2026-09-27 11:25:06,stocks,val,breakout + rs,51ab81bcd8,0,-0.25651836994756944,-0.06452902376623049,-0.3108994349370495,589,-0.07726000950398508,"{""exits"": {""max_hold"": 20, ""native_exit"": false, ""target_r"": 2.0}, ""filters"": {""rs"": true}, ""rank"": ""random"", ""setup"": ""breakout"", ""setup_params"": {""base_len"": 20, ""stop_atr_max"": 1.5, ""stop_atr_min"": 0.5}, ""sizing"": {""heat_cap"": null, ""max_positions"": 10, ""risk_pct"": 1.0}}"
2026-09-27 11:25:06,stocks,dev,breakout + volume,0166420b2a,0,0.019160908666392508,-0.011082077455814798,-0.7451158981881181,4389,-0.00302476106120549,"{""exits"": {""max_hold"": 20, ""native_exit"": false, ""target_r"": 2.0}, ""filters"": {""volume"": true}, ""rank"": ""random"", ""setup"": ""breakout"", ""setup_params"": {""base_len"": 20, ""stop_atr_max"": 1.5, ""stop_atr_min"": 0.5}, ""sizing"": {""heat_cap"": null, ""max_positions"": 10, ""risk_pct"": 1.0}}"
2026-09-27 11:25:08,stocks,dev,stocks/breakout sens volume.breakout_min x0.7,af3ff6aa0d,0,0.22030204041048862,0.020753812235182467,-0.4376791206927938,1568,0.10709393431643856,"{""exits"": {""max_hold"": 100, ""native_exit"": false, ""target_r"": null, ""trail_atr"": 2.5}, ""filters"": {""event"": true, ""regime"": true, ""vol"": true, ""volume"": true}, ""layer_params"": {""volume"": {""breakout_min"": 0.98}}, ""rank"": ""random"", ""setup"": ""breakout"", ""setup_params"": {""base_len"": 20, ""stop_atr_max"": 1.5, ""stop_atr_min"": 0.5}, ""sizing"": {""heat_cap"": null, ""max_positions"": 10, ""risk_pct"": 1.0}}"
2026-09-27 11:25:15,stocks,val,breakout + volume,0166420b2a,0,0.4037190472888268,0.05804716075016114,-0.2854285249401789,520,0.007752488766879532,"{""exits"": {""max_hold"": 20, ""native_exit"": false, ""target_r"": 2.0}, ""filters"": {""volume"": true}, ""rank"": ""random"", ""setup"": ""breakout"", ""setup_params"": {""base_len"": 20, ""stop_atr_max"": 1.5, ""stop_atr_min"": 0.5}, ""sizing"": {""heat_cap"": null, ""max_positions"": 10, ""risk_pct"": 1.0}}"
2026-09-27 11:25:16,stocks,dev,breakout + event,172e982446,0,-0.059362395814686185,-0.023216546755184586,-0.7386255670887525,5204,-0.01826978719311423,"{""exits"": {""max_hold"": 20, ""native_exit"": false, ""target_r"": 2.0}, ""filters"": {""event"": true}, ""rank"": ""random"", ""setup"": ""breakout"", ""setup_params"": {""base_len"": 20, ""stop_atr_max"": 1.5, ""stop_atr_min"": 0.5}, ""sizing"": {""heat_cap"": null, ""max_positions"": 10, ""risk_pct"": 1.0}}"
2026-09-27 11:25:23,stocks,dev,stocks/breakout sens volume.breakout_min x1.3,5d8ebc2178,0,0.47184264819898764,0.05652847145884321,-0.28548580667136636,1379,0.2756943792744804,"{""exits"": {""max_hold"": 100, ""native_exit"": false, ""target_r"": null, ""trail_atr"": 2.5}, ""filters"": {""event"": true, ""regime"": true, ""vol"": true, ""volume"": true}, ""layer_params"": {""volume"": {""breakout_min"": 1.82}}, ""rank"": ""random"", ""setup"": ""breakout"", ""setup_params"": {""base_len"": 20, ""stop_atr_max"": 1.5, ""stop_atr_min"": 0.5}, ""sizing"": {""heat_cap"": null, ""max_positions"": 10, ""risk_pct"": 1.0}}"
2026-09-27 11:25:25,stocks,val,breakout + event,172e982446,0,0.2552253695007105,0.029898281182193287,-0.28184689242711647,603,-0.029504790958199453,"{""exits"": {""max_hold"": 20, ""native_exit"": false, ""target_r"": 2.0}, ""filters"": {""event"": true}, ""rank"": ""random"", ""setup"": ""breakout"", ""setup_params"": {""base_len"": 20, ""stop_atr_max"": 1.5, ""stop_atr_min"": 0.5}, ""sizing"": {""heat_cap"": null, ""max_positions"": 10, ""risk_pct"": 1.0}}"
2026-09-27 11:25:26,stocks,dev,breakout + score rank only,441edab161,0,-0.395458733260147,-0.07904844848765691,-0.9300528402525947,5806,-0.06360967912267554,"{""exits"": {""max_hold"": 20, ""native_exit"": false, ""target_r"": 2.0}, ""filters"": {}, ""rank"": ""score"", ""setup"": ""breakout"", ""setup_params"": {""base_len"": 20, ""stop_atr_max"": 1.5, ""stop_atr_min"": 0.5}, ""sizing"": {""heat_cap"": null, ""max_positions"": 10, ""risk_pct"": 1.0}}"
2026-09-27 11:25:27,stocks,val,breakout + score rank only,441edab161,0,-0.2851993683665514,-0.06420574058876649,-0.4045851225385777,660,-0.08815022419719364,"{""exits"": {""max_hold"": 20, ""native_exit"": false, ""target_r"": 2.0}, ""filters"": {}, ""rank"": ""score"", ""setup"": ""breakout"", ""setup_params"": {""base_len"": 20, ""stop_atr_max"": 1.5, ""stop_atr_min"": 0.5}, ""sizing"": {""heat_cap"": null, ""max_positions"": 10, ""risk_pct"": 1.0}}"
2026-09-27 11:25:28,stocks,dev,breakout + score top 20%,9810d12771,0,-0.4241478401100132,-0.07325203525898827,-0.8981983511176567,5148,-0.06692805318617723,"{""exits"": {""max_hold"": 20, ""native_exit"": false, ""target_r"": 2.0}, ""filters"": {""score"": true}, ""rank"": ""score"", ""setup"": ""breakout"", ""setup_params"": {""base_len"": 20, ""stop_atr_max"": 1.5, ""stop_atr_min"": 0.5}, ""sizing"": {""heat_cap"": null, ""max_positions"": 10, ""risk_pct"": 1.0}}"
2026-09-27 11:25:29,stocks,dev,stocks/breakout sens event.window_before x0.7,95eb17ddd8,0,0.2820098821429387,0.029359865686775954,-0.38844574549187316,1504,0.10238950571084819,"{""exits"": {""max_hold"": 100, ""native_exit"": false, ""target_r"": null, ""trail_atr"": 2.5}, ""filters"": {""event"": true, ""regime"": true, ""vol"": true, ""volume"": true}, ""layer_params"": {""event"": {""window_before"": 8}}, ""rank"": ""random"", ""setup"": ""breakout"", ""setup_params"": {""base_len"": 20, ""stop_atr_max"": 1.5, ""stop_atr_min"": 0.5}, ""sizing"": {""heat_cap"": null, ""max_positions"": 10, ""risk_pct"": 1.0}}"
2026-09-27 11:25:33,stocks,val,breakout + score top 20%,9810d12771,0,-0.09576793698558865,-0.028389518003046676,-0.28970775279040983,567,-0.068624976482956,"{""exits"": {""max_hold"": 20, ""native_exit"": false, ""target_r"": 2.0}, ""filters"": {""score"": true}, ""rank"": ""score"", ""setup"": ""breakout"", ""setup_params"": {""base_len"": 20, ""stop_atr_max"": 1.5, ""stop_atr_min"": 0.5}, ""sizing"": {""heat_cap"": null, ""max_positions"": 10, ""risk_pct"": 1.0}}"
2026-09-27 11:25:33,stocks,dev,breakout + risk 0.25%,cd7cc6eff6,0,0.028889309603889125,-0.002750261163772527,-0.5309219782431642,9528,0.0008876895691013825,"{""exits"": {""max_hold"": 20, ""native_exit"": false, ""target_r"": 2.0}, ""filters"": {}, ""rank"": ""random"", ""setup"": ""breakout"", ""setup_params"": {""base_len"": 20, ""stop_atr_max"": 1.5, ""stop_atr_min"": 0.5}, ""sizing"": {""heat_cap"": null, ""max_positions"": 10, ""risk_pct"": 0.25}}"
2026-09-27 11:25:35,stocks,val,breakout + risk 0.25%,cd7cc6eff6,0,-0.7923827467715303,-0.09640645809012616,-0.3001114868899336,1170,-0.10671032578107335,"{""exits"": {""max_hold"": 20, ""native_exit"": false, ""target_r"": 2.0}, ""filters"": {}, ""rank"": ""random"", ""setup"": ""breakout"", ""setup_params"": {""base_len"": 20, ""stop_atr_max"": 1.5, ""stop_atr_min"": 0.5}, ""sizing"": {""heat_cap"": null, ""max_positions"": 10, ""risk_pct"": 0.25}}"
2026-09-27 11:25:35,stocks,dev,stocks/breakout sens event.window_before x1.3,568e80219b,0,0.34371271666944675,0.038139236841131297,-0.35023874982726466,1493,0.12125532333479923,"{""exits"": {""max_hold"": 100, ""native_exit"": false, ""target_r"": null, ""trail_atr"": 2.5}, ""filters"": {""event"": true, ""regime"": true, ""vol"": true, ""volume"": true}, ""layer_params"": {""event"": {""window_before"": 14}}, ""rank"": ""random"", ""setup"": ""breakout"", ""setup_params"": {""base_len"": 20, ""stop_atr_max"": 1.5, ""stop_atr_min"": 0.5}, ""sizing"": {""heat_cap"": null, ""max_positions"": 10, ""risk_pct"": 1.0}}"
2026-09-27 11:25:35,stocks,dev,breakout + risk 0.5%,49826e3851,0,0.06566571018560878,-0.0011674195171716972,-0.6167106741410264,6639,0.0032638831583186325,"{""exits"": {""max_hold"": 20, ""native_exit"": false, ""target_r"": 2.0}, ""filters"": {}, ""rank"": ""random"", ""setup"": ""breakout"", ""setup_params"": {""base_len"": 20, ""stop_atr_max"": 1.5, ""stop_atr_min"": 0.5}, ""sizing"": {""heat_cap"": null, ""max_positions"": 10, ""risk_pct"": 0.5}}"
2026-09-27 11:25:35,stocks,dev,stocks/breakout sens exit.max_hold x0.7,835a017f1a,0,0.29429901031365874,0.031463948677629805,-0.36080996921899455,1520,0.15950596592285973,"{""exits"": {""max_hold"": 70, ""native_exit"": false, ""target_r"": null, ""trail_atr"": 2.5}, ""filters"": {""event"": true, ""regime"": true, ""vol"": true, ""volume"": true}, ""rank"": ""random"", ""setup"": ""breakout"", ""setup_params"": {""base_len"": 20, ""stop_atr_max"": 1.5, ""stop_atr_min"": 0.5}, ""sizing"": {""heat_cap"": null, ""max_positions"": 10, ""risk_pct"": 1.0}}"
2026-09-27 11:25:36,stocks,dev,stocks/breakout sens exit.max_hold x1.3,cd94ecac89,0,0.18102342898115287,0.015534464254582936,-0.36080996921899455,1530,0.1000630388183373,"{""exits"": {""max_hold"": 130, ""native_exit"": false, ""target_r"": null, ""trail_atr"": 2.5}, ""filters"": {""event"": true, ""regime"": true, ""vol"": true, ""volume"": true}, ""rank"": ""random"", ""setup"": ""breakout"", ""setup_params"": {""base_len"": 20, ""stop_atr_max"": 1.5, ""stop_atr_min"": 0.5}, ""sizing"": {""heat_cap"": null, ""max_positions"": 10, ""risk_pct"": 1.0}}"
2026-09-27 11:25:36,stocks,dev,stocks/breakout sens exit.trail_atr x0.7,472ea3456c,0,0.24795518373379247,0.023506097954302252,-0.33659852422655734,2080,0.08000733834475983,"{""exits"": {""max_hold"": 100, ""native_exit"": false, ""target_r"": null, ""trail_atr"": 1.75}, ""filters"": {""event"": true, ""regime"": true, ""vol"": true, ""volume"": true}, ""rank"": ""random"", ""setup"": ""breakout"", ""setup_params"": {""base_len"": 20, ""stop_atr_max"": 1.5, ""stop_atr_min"": 0.5}, ""sizing"": {""heat_cap"": null, ""max_positions"": 10, ""risk_pct"": 1.0}}"
2026-09-27 11:25:36,stocks,dev,stocks/breakout sens exit.trail_atr x1.3,7413a68d53,0,0.39837606497187944,0.04716418160474056,-0.36707580982061294,1173,0.1761264964333919,"{""exits"": {""max_hold"": 100, ""native_exit"": false, ""target_r"": null, ""trail_atr"": 3.25}, ""filters"": {""event"": true, ""regime"": true, ""vol"": true, ""volume"": true}, ""rank"": ""random"", ""setup"": ""breakout"", ""setup_params"": {""base_len"": 20, ""stop_atr_max"": 1.5, ""stop_atr_min"": 0.5}, ""sizing"": {""heat_cap"": null, ""max_positions"": 10, ""risk_pct"": 1.0}}"
2026-09-27 11:25:37,stocks,val,breakout + risk 0.5%,49826e3851,0,-0.5133070202184883,-0.08964423107730046,-0.32895534052667896,804,-0.0918132735849966,"{""exits"": {""max_hold"": 20, ""native_exit"": false, ""target_r"": 2.0}, ""filters"": {}, ""rank"": ""random"", ""setup"": ""breakout"", ""setup_params"": {""base_len"": 20, ""stop_atr_max"": 1.5, ""stop_atr_min"": 0.5}, ""sizing"": {""heat_cap"": null, ""max_positions"": 10, ""risk_pct"": 0.5}}"
2026-09-27 11:25:37,stocks,dev,stocks/breakout sens sizing.risk_pct x0.7,16d7f8b2ec,0,0.1641779593182736,0.01288421799082018,-0.3285718150448077,1696,0.08103712039809237,"{""exits"": {""max_hold"": 100, ""native_exit"": false, ""target_r"": null, ""trail_atr"": 2.5}, ""filters"": {""event"": true, ""regime"": true, ""vol"": true, ""volume"": true}, ""rank"": ""random"", ""setup"": ""breakout"", ""setup_params"": {""base_len"": 20, ""stop_atr_max"": 1.5, ""stop_atr_min"": 0.5}, ""sizing"": {""heat_cap"": null, ""max_positions"": 10, ""risk_pct"": 0.7}}"
2026-09-27 11:25:37,stocks,dev,breakout + risk 2%,f9a644fd67,0,-0.24704567951346681,-0.0529487730373871,-0.898166981313881,4809,-0.031384931044894045,"{""exits"": {""max_hold"": 20, ""native_exit"": false, ""target_r"": 2.0}, ""filters"": {}, ""rank"": ""random"", ""setup"": ""breakout"", ""setup_params"": {""base_len"": 20, ""stop_atr_max"": 1.5, ""stop_atr_min"": 0.5}, ""sizing"": {""heat_cap"": null, ""max_positions"": 10, ""risk_pct"": 2.0}}"
2026-09-27 11:25:37,stocks,dev,stocks/breakout sens sizing.risk_pct x1.3,24dd55863a,0,0.3423189989218437,0.037359753787631345,-0.3892135380008849,1335,0.2180752846802085,"{""exits"": {""max_hold"": 100, ""native_exit"": false, ""target_r"": null, ""trail_atr"": 2.5}, ""filters"": {""event"": true, ""regime"": true, ""vol"": true, ""volume"": true}, ""rank"": ""random"", ""setup"": ""breakout"", ""setup_params"": {""base_len"": 20, ""stop_atr_max"": 1.5, ""stop_atr_min"": 0.5}, ""sizing"": {""heat_cap"": null, ""max_positions"": 10, ""risk_pct"": 1.3}}"
2026-09-27 11:25:38,stocks,val,breakout + risk 2%,f9a644fd67,0,0.08573931956442325,-0.0006438631725268484,-0.23907447651675295,579,-0.057570551086455105,"{""exits"": {""max_hold"": 20, ""native_exit"": false, ""target_r"": 2.0}, ""filters"": {}, ""rank"": ""random"", ""setup"": ""breakout"", ""setup_params"": {""base_len"": 20, ""stop_atr_max"": 1.5, ""stop_atr_min"": 0.5}, ""sizing"": {""heat_cap"": null, ""max_positions"": 10, ""risk_pct"": 2.0}}"
2026-09-27 11:25:39,stocks,dev,breakout + ATR sizing,c404b15004,0,-0.17110670558208046,-0.03706248191126049,-0.8587044519789616,6258,-0.033652170792271466,"{""exits"": {""max_hold"": 20, ""native_exit"": false, ""target_r"": 2.0}, ""filters"": {}, ""rank"": ""random"", ""setup"": ""breakout"", ""setup_params"": {""base_len"": 20, ""stop_atr_max"": 1.5, ""stop_atr_min"": 0.5}, ""sizing"": {""atr_mult"": 2.0, ""heat_cap"": null, ""max_positions"": 10, ""mode"": ""atr"", ""risk_pct"": 1.0}}"
2026-09-27 11:25:40,stocks,val,breakout + ATR sizing,c404b15004,0,0.17780446257153606,0.015808171632156975,-0.21301315276504318,800,-0.04927220567577145,"{""exits"": {""max_hold"": 20, ""native_exit"": false, ""target_r"": 2.0}, ""filters"": {}, ""rank"": ""random"", ""setup"": ""breakout"", ""setup_params"": {""base_len"": 20, ""stop_atr_max"": 1.5, ""stop_atr_min"": 0.5}, ""sizing"": {""atr_mult"": 2.0, ""heat_cap"": null, ""max_positions"": 10, ""mode"": ""atr"", ""risk_pct"": 1.0}}"
2026-09-27 11:25:41,stocks,dev,breakout + heat cap 4%,b41a0cbbfb,0,-0.1744292351588124,-0.03462689910150374,-0.8099458855754533,5130,-0.03659773923651685,"{""exits"": {""max_hold"": 20, ""native_exit"": false, ""target_r"": 2.0}, ""filters"": {}, ""rank"": ""random"", ""setup"": ""breakout"", ""setup_params"": {""base_len"": 20, ""stop_atr_max"": 1.5, ""stop_atr_min"": 0.5}, ""sizing"": {""heat_cap"": 0.04, ""max_positions"": 10, ""risk_pct"": 1.0}}"
2026-09-27 11:25:42,stocks,val,breakout + heat cap 4%,b41a0cbbfb,0,0.08573867046019047,0.0004928684265073091,-0.25984113863358727,597,-0.011576371171503062,"{""exits"": {""max_hold"": 20, ""native_exit"": false, ""target_r"": 2.0}, ""filters"": {}, ""rank"": ""random"", ""setup"": ""breakout"", ""setup_params"": {""base_len"": 20, ""stop_atr_max"": 1.5, ""stop_atr_min"": 0.5}, ""sizing"": {""heat_cap"": 0.04, ""max_positions"": 10, ""risk_pct"": 1.0}}"
2026-09-27 11:25:43,stocks,dev,breakout + heat cap 6%,c1198a7843,0,-0.2887037178263633,-0.05669387881200072,-0.8619284346964886,5245,-0.05325623169310473,"{""exits"": {""max_hold"": 20, ""native_exit"": false, ""target_r"": 2.0}, ""filters"": {}, ""rank"": ""random"", ""setup"": ""breakout"", ""setup_params"": {""base_len"": 20, ""stop_atr_max"": 1.5, ""stop_atr_min"": 0.5}, ""sizing"": {""heat_cap"": 0.06, ""max_positions"": 10, ""risk_pct"": 1.0}}"
2026-09-27 11:25:44,stocks,val,breakout + heat cap 6%,c1198a7843,0,0.06474056859334695,-0.004065971694092174,-0.2329840617930823,630,-0.001073071571258553,"{""exits"": {""max_hold"": 20, ""native_exit"": false, ""target_r"": 2.0}, ""filters"": {}, ""rank"": ""random"", ""setup"": ""breakout"", ""setup_params"": {""base_len"": 20, ""stop_atr_max"": 1.5, ""stop_atr_min"": 0.5}, ""sizing"": {""heat_cap"": 0.06, ""max_positions"": 10, ""risk_pct"": 1.0}}"
2026-09-27 11:25:44,stocks,dev,breakout + heat cap 8%,446f0c4a6c,0,0.08024559805921638,-0.0006073056172990476,-0.7068987775616942,5235,-0.0050533535550030895,"{""exits"": {""max_hold"": 20, ""native_exit"": false, ""target_r"": 2.0}, ""filters"": {}, ""rank"": ""random"", ""setup"": ""breakout"", ""setup_params"": {""base_len"": 20, ""stop_atr_max"": 1.5, ""stop_atr_min"": 0.5}, ""sizing"": {""heat_cap"": 0.08, ""max_positions"": 10, ""risk_pct"": 1.0}}"
2026-09-27 11:25:46,stocks,val,breakout + heat cap 8%,446f0c4a6c,0,0.3468265933628048,0.04804043628234678,-0.2555315005193104,616,0.005409456394272504,"{""exits"": {""max_hold"": 20, ""native_exit"": false, ""target_r"": 2.0}, ""filters"": {}, ""rank"": ""random"", ""setup"": ""breakout"", ""setup_params"": {""base_len"": 20, ""stop_atr_max"": 1.5, ""stop_atr_min"": 0.5}, ""sizing"": {""heat_cap"": 0.08, ""max_positions"": 10, ""risk_pct"": 1.0}}"
2026-09-27 11:25:46,stocks,dev,breakout + max 5 positions,465a5a0299,0,-0.22090525305767233,-0.04573760839706231,-0.8499189627008821,5225,-0.03618892291854841,"{""exits"": {""max_hold"": 20, ""native_exit"": false, ""target_r"": 2.0}, ""filters"": {}, ""rank"": ""random"", ""setup"": ""breakout"", ""setup_params"": {""base_len"": 20, ""stop_atr_max"": 1.5, ""stop_atr_min"": 0.5}, ""sizing"": {""heat_cap"": null, ""max_positions"": 5, ""risk_pct"": 1.0}}"
2026-09-27 11:25:47,stocks,val,breakout + max 5 positions,465a5a0299,0,0.1279576992975648,0.007003768257501486,-0.2408743769170658,643,0.018967486578458377,"{""exits"": {""max_hold"": 20, ""native_exit"": false, ""target_r"": 2.0}, ""filters"": {}, ""rank"": ""random"", ""setup"": ""breakout"", ""setup_params"": {""base_len"": 20, ""stop_atr_max"": 1.5, ""stop_atr_min"": 0.5}, ""sizing"": {""heat_cap"": null, ""max_positions"": 5, ""risk_pct"": 1.0}}"
2026-09-27 11:25:47,stocks,dev,breakout + halve risk in 10% DD,5e8ad633a3,0,-0.20973476213671563,-0.041654322449309555,-0.839859671594698,6572,-0.02862652715163093,"{""exits"": {""max_hold"": 20, ""native_exit"": false, ""target_r"": 2.0}, ""filters"": {}, ""rank"": ""random"", ""setup"": ""breakout"", ""setup_params"": {""base_len"": 20, ""stop_atr_max"": 1.5, ""stop_atr_min"": 0.5}, ""sizing"": {""dd_reduce"": {""dd"": 0.1, ""factor"": 0.5}, ""heat_cap"": null, ""max_positions"": 10, ""risk_pct"": 1.0}}"
2026-09-27 11:25:49,stocks,val,breakout + halve risk in 10% DD,5e8ad633a3,0,-0.5048342764490404,-0.08896926036311914,-0.3341940820721033,801,-0.08007370876672905,"{""exits"": {""max_hold"": 20, ""native_exit"": false, ""target_r"": 2.0}, ""filters"": {}, ""rank"": ""random"", ""setup"": ""breakout"", ""setup_params"": {""base_len"": 20, ""stop_atr_max"": 1.5, ""stop_atr_min"": 0.5}, ""sizing"": {""dd_reduce"": {""dd"": 0.1, ""factor"": 0.5}, ""heat_cap"": null, ""max_positions"": 10, ""risk_pct"": 1.0}}"
2026-09-27 11:25:55,stocks,dev,breakout + partial 3d + BE + 10MA,3a1101c9f7,0,-0.5606873157899163,-0.0991713596191307,-0.9619087028255727,5474,-0.06771330872338108,"{""exits"": {""breakeven"": true, ""max_hold"": 100, ""native_exit"": false, ""partial"": {""after_bars"": 3, ""frac"": 0.33, ""trail_after_partial"": true}, ""target_r"": null, ""trail_ma"": 10}, ""filters"": {}, ""rank"": ""random"", ""setup"": ""breakout"", ""setup_params"": {""base_len"": 20, ""stop_atr_max"": 1.5, ""stop_atr_min"": 0.5}, ""sizing"": {""heat_cap"": null, ""max_positions"": 10, ""risk_pct"": 1.0}}"
2026-09-27 11:26:00,stocks,val,breakout + partial 3d + BE + 10MA,3a1101c9f7,0,-0.7223899910902473,-0.13702277429782694,-0.4174761784420875,658,-0.13245915123303975,"{""exits"": {""breakeven"": true, ""max_hold"": 100, ""native_exit"": false, ""partial"": {""after_bars"": 3, ""frac"": 0.33, ""trail_after_partial"": true}, ""target_r"": null, ""trail_ma"": 10}, ""filters"": {}, ""rank"": ""random"", ""setup"": ""breakout"", ""setup_params"": {""base_len"": 20, ""stop_atr_max"": 1.5, ""stop_atr_min"": 0.5}, ""sizing"": {""heat_cap"": null, ""max_positions"": 10, ""risk_pct"": 1.0}}"
2026-09-27 11:28:18,stocks,dev,breakout + partial 2R + BE + 20MA,5c3dccffa7,0,0.22913699787433764,0.025074523703801477,-0.5859263705557209,3165,0.059739211289804195,"{""exits"": {""breakeven"": true, ""max_hold"": 100, ""native_exit"": false, ""partial"": {""at_r"": 2.0, ""frac"": 0.5, ""trail_after_partial"": true}, ""target_r"": null, ""trail_ma"": 20}, ""filters"": {}, ""rank"": ""random"", ""setup"": ""breakout"", ""setup_params"": {""base_len"": 20, ""stop_atr_max"": 1.5, ""stop_atr_min"": 0.5}, ""sizing"": {""heat_cap"": null, ""max_positions"": 10, ""risk_pct"": 1.0}}"
2026-09-27 11:28:24,stocks,val,breakout + partial 2R + BE + 20MA,5c3dccffa7,0,-0.16452988676454425,-0.04544725690660556,-0.34496174591567186,419,-0.09619766304943332,"{""exits"": {""breakeven"": true, ""max_hold"": 100, ""native_exit"": false, ""partial"": {""at_r"": 2.0, ""frac"": 0.5, ""trail_after_partial"": true}, ""target_r"": null, ""trail_ma"": 20}, ""filters"": {}, ""rank"": ""random"", ""setup"": ""breakout"", ""setup_params"": {""base_len"": 20, ""stop_atr_max"": 1.5, ""stop_atr_min"": 0.5}, ""sizing"": {""heat_cap"": null, ""max_positions"": 10, ""risk_pct"": 1.0}}"
2026-09-27 11:28:24,stocks,dev,breakout + ATR trail 2.5,40e01aadb0,0,0.03582074825241376,-0.010679774033701017,-0.829456741712503,2458,0.10112800671057925,"{""exits"": {""max_hold"": 100, ""native_exit"": false, ""target_r"": null, ""trail_atr"": 2.5}, ""filters"": {}, ""rank"": ""random"", ""setup"": ""breakout"", ""setup_params"": {""base_len"": 20, ""stop_atr_max"": 1.5, ""stop_atr_min"": 0.5}, ""sizing"": {""heat_cap"": null, ""max_positions"": 10, ""risk_pct"": 1.0}}"
2026-09-27 11:28:25,stocks,val,breakout + ATR trail 2.5,40e01aadb0,0,-0.38081740462557806,-0.09312046162687082,-0.4309961580973255,327,-0.220328223043554,"{""exits"": {""max_hold"": 100, ""native_exit"": false, ""target_r"": null, ""trail_atr"": 2.5}, ""filters"": {}, ""rank"": ""random"", ""setup"": ""breakout"", ""setup_params"": {""base_len"": 20, ""stop_atr_max"": 1.5, ""stop_atr_min"": 0.5}, ""sizing"": {""heat_cap"": null, ""max_positions"": 10, ""risk_pct"": 1.0}}"
2026-09-27 11:28:26,stocks,dev,breakout + time stop 5d,f691067460,0,-0.5428538568151435,-0.09295239839768821,-0.9399698493890987,7176,-0.054785968399553214,"{""exits"": {""max_hold"": 20, ""native_exit"": false, ""target_r"": 2.0, ""time_stop"": {""bars"": 5, ""min_r"": 0.5}}, ""filters"": {}, ""rank"": ""random"", ""setup"": ""breakout"", ""setup_params"": {""base_len"": 20, ""stop_atr_max"": 1.5, ""stop_atr_min"": 0.5}, ""sizing"": {""heat_cap"": null, ""max_positions"": 10, ""risk_pct"": 1.0}}"
2026-09-27 11:28:27,stocks,val,breakout + time stop 5d,f691067460,0,0.16834363690939028,0.014296671873656797,-0.3672859627729207,814,-0.0020024970831162034,"{""exits"": {""max_hold"": 20, ""native_exit"": false, ""target_r"": 2.0, ""time_stop"": {""bars"": 5, ""min_r"": 0.5}}, ""filters"": {}, ""rank"": ""random"", ""setup"": ""breakout"", ""setup_params"": {""base_len"": 20, ""stop_atr_max"": 1.5, ""stop_atr_min"": 0.5}, ""sizing"": {""heat_cap"": null, ""max_positions"": 10, ""risk_pct"": 1.0}}"
2026-09-27 11:28:33,stocks,dev,breakout ALL LAYERS,5fe00dc5c6,0,0.11730005712669246,0.006424860916636854,-0.3632134113584563,1305,0.009110382797204672,"{""exits"": {""breakeven"": true, ""max_hold"": 100, ""native_exit"": false, ""partial"": {""at_r"": 2.0, ""frac"": 0.5, ""trail_after_partial"": true}, ""target_r"": null, ""trail_ma"": 20}, ""filters"": {""chop"": true, ""event"": true, ""regime"": true, ""rs"": true, ""score"": true, ""vol"": true, ""volume"": true}, ""rank"": ""score"", ""setup"": ""breakout"", ""setup_params"": {""base_len"": 20, ""stop_atr_max"": 1.5, ""stop_atr_min"": 0.5}, ""sizing"": {""dd_reduce"": {""dd"": 0.1, ""factor"": 0.5}, ""heat_cap"": 0.06, ""max_positions"": 10, ""risk_pct"": 1.0}}"
2026-09-27 11:28:38,stocks,val,breakout ALL LAYERS,5fe00dc5c6,0,0.28720543092485046,0.02156712884622114,-0.13532003883074406,100,0.06947414495400352,"{""exits"": {""breakeven"": true, ""max_hold"": 100, ""native_exit"": false, ""partial"": {""at_r"": 2.0, ""frac"": 0.5, ""trail_after_partial"": true}, ""target_r"": null, ""trail_ma"": 20}, ""filters"": {""chop"": true, ""event"": true, ""regime"": true, ""rs"": true, ""score"": true, ""vol"": true, ""volume"": true}, ""rank"": ""score"", ""setup"": ""breakout"", ""setup_params"": {""base_len"": 20, ""stop_atr_max"": 1.5, ""stop_atr_min"": 0.5}, ""sizing"": {""dd_reduce"": {""dd"": 0.1, ""factor"": 0.5}, ""heat_cap"": 0.06, ""max_positions"": 10, ""risk_pct"": 1.0}}"
2026-09-27 11:28:44,stocks,dev,breakout all minus regime,3b58866761,0,-0.1429182676268672,-0.01737833552497514,-0.5665638718483288,1781,-0.05995084581719297,"{""exits"": {""breakeven"": true, ""max_hold"": 100, ""native_exit"": false, ""partial"": {""at_r"": 2.0, ""frac"": 0.5, ""trail_after_partial"": true}, ""target_r"": null, ""trail_ma"": 20}, ""filters"": {""chop"": true, ""event"": true, ""rs"": true, ""score"": true, ""vol"": true, ""volume"": true}, ""rank"": ""score"", ""setup"": ""breakout"", ""setup_params"": {""base_len"": 20, ""stop_atr_max"": 1.5, ""stop_atr_min"": 0.5}, ""sizing"": {""dd_reduce"": {""dd"": 0.1, ""factor"": 0.5}, ""heat_cap"": 0.06, ""max_positions"": 10, ""risk_pct"": 1.0}}"
2026-09-27 11:28:48,stocks,val,breakout all minus regime,3b58866761,0,0.0570178267181473,0.0008159401147249667,-0.19087053040341795,134,-0.030717637182554162,"{""exits"": {""breakeven"": true, ""max_hold"": 100, ""native_exit"": false, ""partial"": {""at_r"": 2.0, ""frac"": 0.5, ""trail_after_partial"": true}, ""target_r"": null, ""trail_ma"": 20}, ""filters"": {""chop"": true, ""event"": true, ""rs"": true, ""score"": true, ""vol"": true, ""volume"": true}, ""rank"": ""score"", ""setup"": ""breakout"", ""setup_params"": {""base_len"": 20, ""stop_atr_max"": 1.5, ""stop_atr_min"": 0.5}, ""sizing"": {""dd_reduce"": {""dd"": 0.1, ""factor"": 0.5}, ""heat_cap"": 0.06, ""max_positions"": 10, ""risk_pct"": 1.0}}"
2026-09-27 11:28:55,stocks,dev,breakout all minus vol,c33c04f88c,0,0.2634698967907189,0.01964018807957224,-0.3414570774749911,1359,0.04760431163474635,"{""exits"": {""breakeven"": true, ""max_hold"": 100, ""native_exit"": false, ""partial"": {""at_r"": 2.0, ""frac"": 0.5, ""trail_after_partial"": true}, ""target_r"": null, ""trail_ma"": 20}, ""filters"": {""chop"": true, ""event"": true, ""regime"": true, ""rs"": true, ""score"": true, ""volume"": true}, ""rank"": ""score"", ""setup"": ""breakout"", ""setup_params"": {""base_len"": 20, ""stop_atr_max"": 1.5, ""stop_atr_min"": 0.5}, ""sizing"": {""dd_reduce"": {""dd"": 0.1, ""factor"": 0.5}, ""heat_cap"": 0.06, ""max_positions"": 10, ""risk_pct"": 1.0}}"
2026-09-27 11:28:59,stocks,val,breakout all minus vol,c33c04f88c,0,0.30801611580234023,0.024491555251514585,-0.12916748587283966,109,0.08669650876976488,"{""exits"": {""breakeven"": true, ""max_hold"": 100, ""native_exit"": false, ""partial"": {""at_r"": 2.0, ""frac"": 0.5, ""trail_after_partial"": true}, ""target_r"": null, ""trail_ma"": 20}, ""filters"": {""chop"": true, ""event"": true, ""regime"": true, ""rs"": true, ""score"": true, ""volume"": true}, ""rank"": ""score"", ""setup"": ""breakout"", ""setup_params"": {""base_len"": 20, ""stop_atr_max"": 1.5, ""stop_atr_min"": 0.5}, ""sizing"": {""dd_reduce"": {""dd"": 0.1, ""factor"": 0.5}, ""heat_cap"": 0.06, ""max_positions"": 10, ""risk_pct"": 1.0}}"
2026-09-27 11:29:51,stocks,dev,breakout all minus chop,f313660c7d,0,0.12458287231345766,0.007262147222426796,-0.38535624975996763,1381,0.00804523741250307,"{""exits"": {""breakeven"": true, ""max_hold"": 100, ""native_exit"": false, ""partial"": {""at_r"": 2.0, ""frac"": 0.5, ""trail_after_partial"": true}, ""target_r"": null, ""trail_ma"": 20}, ""filters"": {""event"": true, ""regime"": true, ""rs"": true, ""score"": true, ""vol"": true, ""volume"": true}, ""rank"": ""score"", ""setup"": ""breakout"", ""setup_params"": {""base_len"": 20, ""stop_atr_max"": 1.5, ""stop_atr_min"": 0.5}, ""sizing"": {""dd_reduce"": {""dd"": 0.1, ""factor"": 0.5}, ""heat_cap"": 0.06, ""max_positions"": 10, ""risk_pct"": 1.0}}"
2026-09-27 11:29:55,stocks,val,breakout all minus chop,f313660c7d,0,0.09568334300763379,0.004577882298052449,-0.13005931570934093,111,0.05685250156124199,"{""exits"": {""breakeven"": true, ""max_hold"": 100, ""native_exit"": false, ""partial"": {""at_r"": 2.0, ""frac"": 0.5, ""trail_after_partial"": true}, ""target_r"": null, ""trail_ma"": 20}, ""filters"": {""event"": true, ""regime"": true, ""rs"": true, ""score"": true, ""vol"": true, ""volume"": true}, ""rank"": ""score"", ""setup"": ""breakout"", ""setup_params"": {""base_len"": 20, ""stop_atr_max"": 1.5, ""stop_atr_min"": 0.5}, ""sizing"": {""dd_reduce"": {""dd"": 0.1, ""factor"": 0.5}, ""heat_cap"": 0.06, ""max_positions"": 10, ""risk_pct"": 1.0}}"
2026-09-27 11:30:01,stocks,dev,breakout all minus rs,e431e16fdb,0,0.09487488699552055,0.004482356732833592,-0.34409660457663815,1463,-0.0065913506111751705,"{""exits"": {""breakeven"": true, ""max_hold"": 100, ""native_exit"": false, ""partial"": {""at_r"": 2.0, ""frac"": 0.5, ""trail_after_partial"": true}, ""target_r"": null, ""trail_ma"": 20}, ""filters"": {""chop"": true, ""event"": true, ""regime"": true, ""score"": true, ""vol"": true, ""volume"": true}, ""rank"": ""score"", ""setup"": ""breakout"", ""setup_params"": {""base_len"": 20, ""stop_atr_max"": 1.5, ""stop_atr_min"": 0.5}, ""sizing"": {""dd_reduce"": {""dd"": 0.1, ""factor"": 0.5}, ""heat_cap"": 0.06, ""max_positions"": 10, ""risk_pct"": 1.0}}"
2026-09-27 11:30:06,stocks,val,breakout all minus rs,e431e16fdb,0,0.3556874157058224,0.029969715341539915,-0.1129558573217696,114,0.12818269692643716,"{""exits"": {""breakeven"": true, ""max_hold"": 100, ""native_exit"": false, ""partial"": {""at_r"": 2.0, ""frac"": 0.5, ""trail_after_partial"": true}, ""target_r"": null, ""trail_ma"": 20}, ""filters"": {""chop"": true, ""event"": true, ""regime"": true, ""score"": true, ""vol"": true, ""volume"": true}, ""rank"": ""score"", ""setup"": ""breakout"", ""setup_params"": {""base_len"": 20, ""stop_atr_max"": 1.5, ""stop_atr_min"": 0.5}, ""sizing"": {""dd_reduce"": {""dd"": 0.1, ""factor"": 0.5}, ""heat_cap"": 0.06, ""max_positions"": 10, ""risk_pct"": 1.0}}"
2026-09-27 11:30:13,stocks,dev,breakout all minus volume,41d728538a,0,-0.20709857765364792,-0.027123996649961568,-0.5730124629648876,2428,-0.08501479160070842,"{""exits"": {""breakeven"": true, ""max_hold"": 100, ""native_exit"": false, ""partial"": {""at_r"": 2.0, ""frac"": 0.5, ""trail_after_partial"": true}, ""target_r"": null, ""trail_ma"": 20}, ""filters"": {""chop"": true, ""event"": true, ""regime"": true, ""rs"": true, ""score"": true, ""vol"": true}, ""rank"": ""score"", ""setup"": ""breakout"", ""setup_params"": {""base_len"": 20, ""stop_atr_max"": 1.5, ""stop_atr_min"": 0.5}, ""sizing"": {""dd_reduce"": {""dd"": 0.1, ""factor"": 0.5}, ""heat_cap"": 0.06, ""max_positions"": 10, ""risk_pct"": 1.0}}"
2026-09-27 11:30:17,stocks,val,breakout all minus volume,41d728538a,0,0.3397235081934693,0.03547762949347333,-0.17044672569790686,212,0.13823179334891775,"{""exits"": {""breakeven"": true, ""max_hold"": 100, ""native_exit"": false, ""partial"": {""at_r"": 2.0, ""frac"": 0.5, ""trail_after_partial"": true}, ""target_r"": null, ""trail_ma"": 20}, ""filters"": {""chop"": true, ""event"": true, ""regime"": true, ""rs"": true, ""score"": true, ""vol"": true}, ""rank"": ""score"", ""setup"": ""breakout"", ""setup_params"": {""base_len"": 20, ""stop_atr_max"": 1.5, ""stop_atr_min"": 0.5}, ""sizing"": {""dd_reduce"": {""dd"": 0.1, ""factor"": 0.5}, ""heat_cap"": 0.06, ""max_positions"": 10, ""risk_pct"": 1.0}}"
2026-09-27 11:30:23,stocks,dev,breakout all minus event,a71cdb771c,0,0.06257820091368956,0.0015304851444200018,-0.44063526668703323,1392,-0.009108502930686595,"{""exits"": {""breakeven"": true, ""max_hold"": 100, ""native_exit"": false, ""partial"": {""at_r"": 2.0, ""frac"": 0.5, ""trail_after_partial"": true}, ""target_r"": null, ""trail_ma"": 20}, ""filters"": {""chop"": true, ""regime"": true, ""rs"": true, ""score"": true, ""vol"": true, ""volume"": true}, ""rank"": ""score"", ""setup"": ""breakout"", ""setup_params"": {""base_len"": 20, ""stop_atr_max"": 1.5, ""stop_atr_min"": 0.5}, ""sizing"": {""dd_reduce"": {""dd"": 0.1, ""factor"": 0.5}, ""heat_cap"": 0.06, ""max_positions"": 10, ""risk_pct"": 1.0}}"
2026-09-27 11:30:28,stocks,val,breakout all minus event,a71cdb771c,0,0.19298467755736576,0.013909512743863317,-0.15942194205814642,116,-0.017580092790898588,"{""exits"": {""breakeven"": true, ""max_hold"": 100, ""native_exit"": false, ""partial"": {""at_r"": 2.0, ""frac"": 0.5, ""trail_after_partial"": true}, ""target_r"": null, ""trail_ma"": 20}, ""filters"": {""chop"": true, ""regime"": true, ""rs"": true, ""score"": true, ""vol"": true, ""volume"": true}, ""rank"": ""score"", ""setup"": ""breakout"", ""setup_params"": {""base_len"": 20, ""stop_atr_max"": 1.5, ""stop_atr_min"": 0.5}, ""sizing"": {""dd_reduce"": {""dd"": 0.1, ""factor"": 0.5}, ""heat_cap"": 0.06, ""max_positions"": 10, ""risk_pct"": 1.0}}"
2026-09-27 11:34:21,stocks,dev,breakout all minus score,31ee417bc8,0,0.2669099273755644,0.02397754418618825,-0.28559692718432017,1993,0.08631184060853325,"{""exits"": {""breakeven"": true, ""max_hold"": 100, ""native_exit"": false, ""partial"": {""at_r"": 2.0, ""frac"": 0.5, ""trail_after_partial"": true}, ""target_r"": null, ""trail_ma"": 20}, ""filters"": {""chop"": true, ""event"": true, ""regime"": true, ""rs"": true, ""vol"": true, ""volume"": true}, ""rank"": ""random"", ""setup"": ""breakout"", ""setup_params"": {""base_len"": 20, ""stop_atr_max"": 1.5, ""stop_atr_min"": 0.5}, ""sizing"": {""dd_reduce"": {""dd"": 0.1, ""factor"": 0.5}, ""heat_cap"": 0.06, ""max_positions"": 10, ""risk_pct"": 1.0}}"
2026-09-27 11:34:25,stocks,val,breakout all minus score,31ee417bc8,0,-0.10659324358419976,-0.02079750302469152,-0.21373885179565633,237,-0.014436722715673641,"{""exits"": {""breakeven"": true, ""max_hold"": 100, ""native_exit"": false, ""partial"": {""at_r"": 2.0, ""frac"": 0.5, ""trail_after_partial"": true}, ""target_r"": null, ""trail_ma"": 20}, ""filters"": {""chop"": true, ""event"": true, ""regime"": true, ""rs"": true, ""vol"": true, ""volume"": true}, ""rank"": ""random"", ""setup"": ""breakout"", ""setup_params"": {""base_len"": 20, ""stop_atr_max"": 1.5, ""stop_atr_min"": 0.5}, ""sizing"": {""dd_reduce"": {""dd"": 0.1, ""factor"": 0.5}, ""heat_cap"": 0.06, ""max_positions"": 10, ""risk_pct"": 1.0}}"
2026-09-27 11:34:32,stocks,dev,breakout all minus exit,56d8f20fce,0,-0.07711876661909518,-0.008780286707066653,-0.4995859623197796,1516,-0.06939963846472079,"{""exits"": {""max_hold"": 20, ""native_exit"": false, ""target_r"": 2.0}, ""filters"": {""chop"": true, ""event"": true, ""regime"": true, ""rs"": true, ""score"": true, ""vol"": true, ""volume"": true}, ""rank"": ""score"", ""setup"": ""breakout"", ""setup_params"": {""base_len"": 20, ""stop_atr_max"": 1.5, ""stop_atr_min"": 0.5}, ""sizing"": {""dd_reduce"": {""dd"": 0.1, ""factor"": 0.5}, ""heat_cap"": 0.06, ""max_positions"": 10, ""risk_pct"": 1.0}}"
2026-09-27 11:34:36,stocks,val,breakout all minus exit,56d8f20fce,0,-0.8245310986257444,-0.05445210175035964,-0.18736240362013978,111,-0.20697017009058583,"{""exits"": {""max_hold"": 20, ""native_exit"": false, ""target_r"": 2.0}, ""filters"": {""chop"": true, ""event"": true, ""regime"": true, ""rs"": true, ""score"": true, ""vol"": true, ""volume"": true}, ""rank"": ""score"", ""setup"": ""breakout"", ""setup_params"": {""base_len"": 20, ""stop_atr_max"": 1.5, ""stop_atr_min"": 0.5}, ""sizing"": {""dd_reduce"": {""dd"": 0.1, ""factor"": 0.5}, ""heat_cap"": 0.06, ""max_positions"": 10, ""risk_pct"": 1.0}}"
2026-09-27 11:34:36,stocks,dev,breakout all minus sizing,ceee3c08aa,0,0.1890127707791137,0.013595622851770628,-0.3374032159118192,1199,0.04229269100478664,"{""exits"": {""breakeven"": true, ""max_hold"": 100, ""native_exit"": false, ""partial"": {""at_r"": 2.0, ""frac"": 0.5, ""trail_after_partial"": true}, ""target_r"": null, ""trail_ma"": 20}, ""filters"": {""chop"": true, ""event"": true, ""regime"": true, ""rs"": true, ""score"": true, ""vol"": true, ""volume"": true}, ""rank"": ""score"", ""setup"": ""breakout"", ""setup_params"": {""base_len"": 20, ""stop_atr_max"": 1.5, ""stop_atr_min"": 0.5}, ""sizing"": {""heat_cap"": null, ""max_positions"": 10, ""risk_pct"": 1.0}}"
2026-09-27 11:34:37,stocks,val,breakout all minus sizing,ceee3c08aa,0,0.2581969721090627,0.019432881182337214,-0.1419717540998181,98,0.09230149058065139,"{""exits"": {""breakeven"": true, ""max_hold"": 100, ""native_exit"": false, ""partial"": {""at_r"": 2.0, ""frac"": 0.5, ""trail_after_partial"": true}, ""target_r"": null, ""trail_ma"": 20}, ""filters"": {""chop"": true, ""event"": true, ""regime"": true, ""rs"": true, ""score"": true, ""vol"": true, ""volume"": true}, ""rank"": ""score"", ""setup"": ""breakout"", ""setup_params"": {""base_len"": 20, ""stop_atr_max"": 1.5, ""stop_atr_min"": 0.5}, ""sizing"": {""heat_cap"": null, ""max_positions"": 10, ""risk_pct"": 1.0}}"
2026-09-27 11:34:43,stocks,dev,breakout PICKED,d646c0329c,0,0.22342782993152954,0.02147962660327729,-0.36080996921899455,1519,0.11618003785384902,"{""exits"": {""max_hold"": 100, ""native_exit"": false, ""target_r"": null, ""trail_atr"": 2.5}, ""filters"": {""event"": true, ""regime"": true, ""vol"": true, ""volume"": true}, ""rank"": ""random"", ""setup"": ""breakout"", ""setup_params"": {""base_len"": 20, ""stop_atr_max"": 1.5, ""stop_atr_min"": 0.5}, ""sizing"": {""heat_cap"": null, ""max_positions"": 10, ""risk_pct"": 1.0}}"
2026-09-27 11:34:44,stocks,dev,stocks/pullback sens setup.adx_min x0.7,d7fbe72308,0,0.7011871362877866,0.112912602616837,-0.5434625346623925,2099,0.18859695216034258,"{""exits"": {""breakeven"": true, ""max_hold"": 100, ""native_exit"": false, ""partial"": {""at_r"": 2.0, ""frac"": 0.5, ""trail_after_partial"": true}, ""target_r"": null, ""trail_ma"": 20}, ""filters"": {}, ""rank"": ""random"", ""setup"": ""pullback"", ""setup_params"": {""adx_min"": 17.5, ""lookback"": 5, ""stop_atr_max"": 2.0, ""stop_atr_min"": 0.5}, ""sizing"": {""heat_cap"": null, ""max_positions"": 10, ""risk_pct"": 1.0}}"
2026-09-27 11:34:47,stocks,val,breakout PICKED,d646c0329c,0,-0.17858414767282754,-0.030920684610799,-0.192300482819994,162,-0.08758224125029371,"{""exits"": {""max_hold"": 100, ""native_exit"": false, ""target_r"": null, ""trail_atr"": 2.5}, ""filters"": {""event"": true, ""regime"": true, ""vol"": true, ""volume"": true}, ""rank"": ""random"", ""setup"": ""breakout"", ""setup_params"": {""base_len"": 20, ""stop_atr_max"": 1.5, ""stop_atr_min"": 0.5}, ""sizing"": {""heat_cap"": null, ""max_positions"": 10, ""risk_pct"": 1.0}}"
2026-09-27 11:34:50,stocks,dev,stocks/pullback sens setup.adx_min x1.3,c0a233998c,0,0.6167288957501292,0.07809644180364361,-0.3485233265695872,1722,0.18410426337074406,"{""exits"": {""breakeven"": true, ""max_hold"": 100, ""native_exit"": false, ""partial"": {""at_r"": 2.0, ""frac"": 0.5, ""trail_after_partial"": true}, ""target_r"": null, ""trail_ma"": 20}, ""filters"": {}, ""rank"": ""random"", ""setup"": ""pullback"", ""setup_params"": {""adx_min"": 32.5, ""lookback"": 5, ""stop_atr_max"": 2.0, ""stop_atr_min"": 0.5}, ""sizing"": {""heat_cap"": null, ""max_positions"": 10, ""risk_pct"": 1.0}}"
2026-09-27 11:34:53,stocks,dev,naive pullback,1ff9d3db1e,0,0.5505991501592785,0.07527360815873219,-0.5462875852248681,3210,0.0739378365940953,"{""exits"": {""max_hold"": 20, ""native_exit"": false, ""target_r"": 2.0}, ""filters"": {}, ""rank"": ""random"", ""setup"": ""pullback"", ""setup_params"": {""adx_min"": 25.0, ""lookback"": 5, ""stop_atr_max"": 2.0, ""stop_atr_min"": 0.5}, ""sizing"": {""heat_cap"": null, ""max_positions"": 10, ""risk_pct"": 1.0}}"
2026-09-27 11:34:56,stocks,dev,stocks/pullback sens setup.lookback x0.7,372b0a53ce,0,0.6743726922257931,0.10006898868441039,-0.5309995458865401,2021,0.19075208515106232,"{""exits"": {""breakeven"": true, ""max_hold"": 100, ""native_exit"": false, ""partial"": {""at_r"": 2.0, ""frac"": 0.5, ""trail_after_partial"": true}, ""target_r"": null, ""trail_ma"": 20}, ""filters"": {}, ""rank"": ""random"", ""setup"": ""pullback"", ""setup_params"": {""adx_min"": 25.0, ""lookback"": 4, ""stop_atr_max"": 2.0, ""stop_atr_min"": 0.5}, ""sizing"": {""heat_cap"": null, ""max_positions"": 10, ""risk_pct"": 1.0}}"
2026-09-27 11:34:58,stocks,val,naive pullback,1ff9d3db1e,0,-0.24480867565803172,-0.05365184452288474,-0.3576707135291043,392,-0.06115489539740106,"{""exits"": {""max_hold"": 20, ""native_exit"": false, ""target_r"": 2.0}, ""filters"": {}, ""rank"": ""random"", ""setup"": ""pullback"", ""setup_params"": {""adx_min"": 25.0, ""lookback"": 5, ""stop_atr_max"": 2.0, ""stop_atr_min"": 0.5}, ""sizing"": {""heat_cap"": null, ""max_positions"": 10, ""risk_pct"": 1.0}}"
2026-09-27 11:35:02,stocks,dev,stocks/pullback sens setup.lookback x1.3,90a078f112,0,0.5495733198675693,0.07791950499268552,-0.5195027817284557,2028,0.15398187895778334,"{""exits"": {""breakeven"": true, ""max_hold"": 100, ""native_exit"": false, ""partial"": {""at_r"": 2.0, ""frac"": 0.5, ""trail_after_partial"": true}, ""target_r"": null, ""trail_ma"": 20}, ""filters"": {}, ""rank"": ""random"", ""setup"": ""pullback"", ""setup_params"": {""adx_min"": 25.0, ""lookback"": 6, ""stop_atr_max"": 2.0, ""stop_atr_min"": 0.5}, ""sizing"": {""heat_cap"": null, ""max_positions"": 10, ""risk_pct"": 1.0}}"
2026-09-27 11:35:39,stocks,dev,stocks/pullback sens setup.stop_atr_min x0.7,d945106f89,0,0.5570910195477574,0.0795810561122916,-0.5041940853292737,2021,0.15622592879178465,"{""exits"": {""breakeven"": true, ""max_hold"": 100, ""native_exit"": false, ""partial"": {""at_r"": 2.0, ""frac"": 0.5, ""trail_after_partial"": true}, ""target_r"": null, ""trail_ma"": 20}, ""filters"": {}, ""rank"": ""random"", ""setup"": ""pullback"", ""setup_params"": {""adx_min"": 25.0, ""lookback"": 5, ""stop_atr_max"": 2.0, ""stop_atr_min"": 0.35}, ""sizing"": {""heat_cap"": null, ""max_positions"": 10, ""risk_pct"": 1.0}}"
2026-09-27 11:35:50,stocks,dev,stocks/pullback sens setup.stop_atr_min x1.3,cbb0b0eec1,0,0.6542534031967342,0.09642974472765564,-0.5217853824960823,2012,0.17746340206782757,"{""exits"": {""breakeven"": true, ""max_hold"": 100, ""native_exit"": false, ""partial"": {""at_r"": 2.0, ""frac"": 0.5, ""trail_after_partial"": true}, ""target_r"": null, ""trail_ma"": 20}, ""filters"": {}, ""rank"": ""random"", ""setup"": ""pullback"", ""setup_params"": {""adx_min"": 25.0, ""lookback"": 5, ""stop_atr_max"": 2.0, ""stop_atr_min"": 0.65}, ""sizing"": {""heat_cap"": null, ""max_positions"": 10, ""risk_pct"": 1.0}}"
2026-09-27 11:36:00,stocks,dev,stocks/pullback sens setup.stop_atr_max x0.7,4c1b0218c1,0,0.5370041235195642,0.0743706659784178,-0.47741393470033977,2456,0.1420927592461196,"{""exits"": {""breakeven"": true, ""max_hold"": 100, ""native_exit"": false, ""partial"": {""at_r"": 2.0, ""frac"": 0.5, ""trail_after_partial"": true}, ""target_r"": null, ""trail_ma"": 20}, ""filters"": {}, ""rank"": ""random"", ""setup"": ""pullback"", ""setup_params"": {""adx_min"": 25.0, ""lookback"": 5, ""stop_atr_max"": 1.4, ""stop_atr_min"": 0.5}, ""sizing"": {""heat_cap"": null, ""max_positions"": 10, ""risk_pct"": 1.0}}"
2026-09-27 11:36:10,stocks,dev,stocks/pullback sens setup.stop_atr_max x1.3,a962898c96,0,0.7316876230491697,0.10956787718085703,-0.5637102094420385,1842,0.2331250351168471,"{""exits"": {""breakeven"": true, ""max_hold"": 100, ""native_exit"": false, ""partial"": {""at_r"": 2.0, ""frac"": 0.5, ""trail_after_partial"": true}, ""target_r"": null, ""trail_ma"": 20}, ""filters"": {}, ""rank"": ""random"", ""setup"": ""pullback"", ""setup_params"": {""adx_min"": 25.0, ""lookback"": 5, ""stop_atr_max"": 2.6, ""stop_atr_min"": 0.5}, ""sizing"": {""heat_cap"": null, ""max_positions"": 10, ""risk_pct"": 1.0}}"
2026-09-27 11:36:11,stocks,dev,stocks/pullback sens exit.max_hold x0.7,d44db0e1bc,0,0.5073826346891241,0.0722291559757029,-0.5459073897118029,2053,0.13506890551402678,"{""exits"": {""breakeven"": true, ""max_hold"": 70, ""native_exit"": false, ""partial"": {""at_r"": 2.0, ""frac"": 0.5, ""trail_after_partial"": true}, ""target_r"": null, ""trail_ma"": 20}, ""filters"": {}, ""rank"": ""random"", ""setup"": ""pullback"", ""setup_params"": {""adx_min"": 25.0, ""lookback"": 5, ""stop_atr_max"": 2.0, ""stop_atr_min"": 0.5}, ""sizing"": {""heat_cap"": null, ""max_positions"": 10, ""risk_pct"": 1.0}}"
2026-09-27 11:36:12,stocks,dev,stocks/pullback sens exit.max_hold x1.3,7fcb5ddca3,0,0.6408983553938297,0.09621297878759338,-0.5480008253509803,2040,0.15551892391476882,"{""exits"": {""breakeven"": true, ""max_hold"": 130, ""native_exit"": false, ""partial"": {""at_r"": 2.0, ""frac"": 0.5, ""trail_after_partial"": true}, ""target_r"": null, ""trail_ma"": 20}, ""filters"": {}, ""rank"": ""random"", ""setup"": ""pullback"", ""setup_params"": {""adx_min"": 25.0, ""lookback"": 5, ""stop_atr_max"": 2.0, ""stop_atr_min"": 0.5}, ""sizing"": {""heat_cap"": null, ""max_positions"": 10, ""risk_pct"": 1.0}}"
2026-09-27 11:36:16,stocks,dev,pullback + regime,180b683bf0,0,0.3222553358488536,0.031419465914683586,-0.41792690660462184,2270,0.06541005839483845,"{""exits"": {""max_hold"": 20, ""native_exit"": false, ""target_r"": 2.0}, ""filters"": {""regime"": true}, ""rank"": ""random"", ""setup"": ""pullback"", ""setup_params"": {""adx_min"": 25.0, ""lookback"": 5, ""stop_atr_max"": 2.0, ""stop_atr_min"": 0.5}, ""sizing"": {""heat_cap"": null, ""max_positions"": 10, ""risk_pct"": 1.0}}"
2026-09-27 11:36:21,stocks,dev,stocks/pullback sens exit.trail_ma x0.7,9f4d4b1574,0,0.4804291792816888,0.06592241528746023,-0.5334392861882773,2147,0.12876257018846704,"{""exits"": {""breakeven"": true, ""max_hold"": 100, ""native_exit"": false, ""partial"": {""at_r"": 2.0, ""frac"": 0.5, ""trail_after_partial"": true}, ""target_r"": null, ""trail_ma"": 14}, ""filters"": {}, ""rank"": ""random"", ""setup"": ""pullback"", ""setup_params"": {""adx_min"": 25.0, ""lookback"": 5, ""stop_atr_max"": 2.0, ""stop_atr_min"": 0.5}, ""sizing"": {""heat_cap"": null, ""max_positions"": 10, ""risk_pct"": 1.0}}"
2026-09-27 11:40:10,stocks,val,pullback + regime,180b683bf0,0,0.5018574304066794,0.06322529782998987,-0.1736054699508166,245,0.11528492743433401,"{""exits"": {""max_hold"": 20, ""native_exit"": false, ""target_r"": 2.0}, ""filters"": {""regime"": true}, ""rank"": ""random"", ""setup"": ""pullback"", ""setup_params"": {""adx_min"": 25.0, ""lookback"": 5, ""stop_atr_max"": 2.0, ""stop_atr_min"": 0.5}, ""sizing"": {""heat_cap"": null, ""max_positions"": 10, ""risk_pct"": 1.0}}"
2026-09-27 11:40:11,stocks,dev,pullback + vol,8b21589674,0,0.3445299833935452,0.03961632265517823,-0.45527100512418806,2958,0.04656671890591349,"{""exits"": {""max_hold"": 20, ""native_exit"": false, ""target_r"": 2.0}, ""filters"": {""vol"": true}, ""rank"": ""random"", ""setup"": ""pullback"", ""setup_params"": {""adx_min"": 25.0, ""lookback"": 5, ""stop_atr_max"": 2.0, ""stop_atr_min"": 0.5}, ""sizing"": {""heat_cap"": null, ""max_positions"": 10, ""risk_pct"": 1.0}}"
2026-09-27 11:40:19,stocks,dev,stocks/pullback sens exit.trail_ma x1.3,8bf55c4b73,0,0.7107107237838949,0.10861243814410337,-0.49236298494211506,1909,0.18591690495456276,"{""exits"": {""breakeven"": true, ""max_hold"": 100, ""native_exit"": false, ""partial"": {""at_r"": 2.0, ""frac"": 0.5, ""trail_after_partial"": true}, ""target_r"": null, ""trail_ma"": 26}, ""filters"": {}, ""rank"": ""random"", ""setup"": ""pullback"", ""setup_params"": {""adx_min"": 25.0, ""lookback"": 5, ""stop_atr_max"": 2.0, ""stop_atr_min"": 0.5}, ""sizing"": {""heat_cap"": null, ""max_positions"": 10, ""risk_pct"": 1.0}}"
2026-09-27 11:40:19,stocks,val,pullback + vol,8b21589674,0,0.26234032879051433,0.02826209091748133,-0.2205136657022192,342,0.04301960413985675,"{""exits"": {""max_hold"": 20, ""native_exit"": false, ""target_r"": 2.0}, ""filters"": {""vol"": true}, ""rank"": ""random"", ""setup"": ""pullback"", ""setup_params"": {""adx_min"": 25.0, ""lookback"": 5, ""stop_atr_max"": 2.0, ""stop_atr_min"": 0.5}, ""sizing"": {""heat_cap"": null, ""max_positions"": 10, ""risk_pct"": 1.0}}"
2026-09-27 11:40:19,stocks,dev,pullback + rs,7186b6a6dc,0,0.3190907609871417,0.038381929050866015,-0.449010347967558,2957,0.051655417060371696,"{""exits"": {""max_hold"": 20, ""native_exit"": false, ""target_r"": 2.0}, ""filters"": {""rs"": true}, ""rank"": ""random"", ""setup"": ""pullback"", ""setup_params"": {""adx_min"": 25.0, ""lookback"": 5, ""stop_atr_max"": 2.0, ""stop_atr_min"": 0.5}, ""sizing"": {""heat_cap"": null, ""max_positions"": 10, ""risk_pct"": 1.0}}"
2026-09-27 11:40:20,stocks,dev,stocks/pullback sens exit.partial.frac x0.7,e7885fd531,0,0.7662012326699636,0.12221342261121548,-0.5084519585119782,1889,0.2544074143795493,"{""exits"": {""breakeven"": true, ""max_hold"": 100, ""native_exit"": false, ""partial"": {""at_r"": 2.0, ""frac"": 0.35, ""trail_after_partial"": true}, ""target_r"": null, ""trail_ma"": 20}, ""filters"": {}, ""rank"": ""random"", ""setup"": ""pullback"", ""setup_params"": {""adx_min"": 25.0, ""lookback"": 5, ""stop_atr_max"": 2.0, ""stop_atr_min"": 0.5}, ""sizing"": {""heat_cap"": null, ""max_positions"": 10, ""risk_pct"": 1.0}}"
2026-09-27 11:40:20,stocks,dev,stocks/pullback sens exit.partial.frac x1.3,131adb5c75,0,0.7773422790950776,0.11496391190911814,-0.4665130759733692,2134,0.1878225544462117,"{""exits"": {""breakeven"": true, ""max_hold"": 100, ""native_exit"": false, ""partial"": {""at_r"": 2.0, ""frac"": 0.65, ""trail_after_partial"": true}, ""target_r"": null, ""trail_ma"": 20}, ""filters"": {}, ""rank"": ""random"", ""setup"": ""pullback"", ""setup_params"": {""adx_min"": 25.0, ""lookback"": 5, ""stop_atr_max"": 2.0, ""stop_atr_min"": 0.5}, ""sizing"": {""heat_cap"": null, ""max_positions"": 10, ""risk_pct"": 1.0}}"
2026-09-27 11:40:21,stocks,dev,stocks/pullback sens exit.partial.at_r x0.7,8d3bf62b61,0,0.34114277739410087,0.04141950183373333,-0.48866517015037725,2482,0.08423393053414517,"{""exits"": {""breakeven"": true, ""max_hold"": 100, ""native_exit"": false, ""partial"": {""at_r"": 1.4, ""frac"": 0.5, ""trail_after_partial"": true}, ""target_r"": null, ""trail_ma"": 20}, ""filters"": {}, ""rank"": ""random"", ""setup"": ""pullback"", ""setup_params"": {""adx_min"": 25.0, ""lookback"": 5, ""stop_atr_max"": 2.0, ""stop_atr_min"": 0.5}, ""sizing"": {""heat_cap"": null, ""max_positions"": 10, ""risk_pct"": 1.0}}"
2026-09-27 11:40:22,stocks,dev,stocks/pullback sens exit.partial.at_r x1.3,dc24b2fa81,0,0.5999989049397128,0.0903864055448873,-0.5176187240788875,1726,0.2064367194331724,"{""exits"": {""breakeven"": true, ""max_hold"": 100, ""native_exit"": false, ""partial"": {""at_r"": 2.6, ""frac"": 0.5, ""trail_after_partial"": true}, ""target_r"": null, ""trail_ma"": 20}, ""filters"": {}, ""rank"": ""random"", ""setup"": ""pullback"", ""setup_params"": {""adx_min"": 25.0, ""lookback"": 5, ""stop_atr_max"": 2.0, ""stop_atr_min"": 0.5}, ""sizing"": {""heat_cap"": null, ""max_positions"": 10, ""risk_pct"": 1.0}}"
2026-09-27 11:40:22,stocks,dev,stocks/pullback sens sizing.risk_pct x0.7,9e07df477d,0,0.6067362191673434,0.0827291446976528,-0.48479010814667467,2319,0.1776495454160658,"{""exits"": {""breakeven"": true, ""max_hold"": 100, ""native_exit"": false, ""partial"": {""at_r"": 2.0, ""frac"": 0.5, ""trail_after_partial"": true}, ""target_r"": null, ""trail_ma"": 20}, ""filters"": {}, ""rank"": ""random"", ""setup"": ""pullback"", ""setup_params"": {""adx_min"": 25.0, ""lookback"": 5, ""stop_atr_max"": 2.0, ""stop_atr_min"": 0.5}, ""sizing"": {""heat_cap"": null, ""max_positions"": 10, ""risk_pct"": 0.7}}"
2026-09-27 11:40:23,stocks,dev,stocks/pullback sens sizing.risk_pct x1.3,0ec00a3704,0,0.7075448163909819,0.11172460733600209,-0.526173088725762,1861,0.22137965139689955,"{""exits"": {""breakeven"": true, ""max_hold"": 100, ""native_exit"": false, ""partial"": {""at_r"": 2.0, ""frac"": 0.5, ""trail_after_partial"": true}, ""target_r"": null, ""trail_ma"": 20}, ""filters"": {}, ""rank"": ""random"", ""setup"": ""pullback"", ""setup_params"": {""adx_min"": 25.0, ""lookback"": 5, ""stop_atr_max"": 2.0, ""stop_atr_min"": 0.5}, ""sizing"": {""heat_cap"": null, ""max_positions"": 10, ""risk_pct"": 1.3}}"
2026-09-27 11:40:24,stocks,val,pullback + rs,7186b6a6dc,0,0.14339634901257997,0.009663776775940214,-0.2912772554873718,360,0.008086463448167583,"{""exits"": {""max_hold"": 20, ""native_exit"": false, ""target_r"": 2.0}, ""filters"": {""rs"": true}, ""rank"": ""random"", ""setup"": ""pullback"", ""setup_params"": {""adx_min"": 25.0, ""lookback"": 5, ""stop_atr_max"": 2.0, ""stop_atr_min"": 0.5}, ""sizing"": {""heat_cap"": null, ""max_positions"": 10, ""risk_pct"": 1.0}}"
2026-09-27 11:40:24,stocks,dev,pullback + volume,c9c2ec1829,0,0.32763511737336204,0.03670218350747412,-0.48900303733100015,3040,0.04882670244884822,"{""exits"": {""max_hold"": 20, ""native_exit"": false, ""target_r"": 2.0}, ""filters"": {""volume"": true}, ""rank"": ""random"", ""setup"": ""pullback"", ""setup_params"": {""adx_min"": 25.0, ""lookback"": 5, ""stop_atr_max"": 2.0, ""stop_atr_min"": 0.5}, ""sizing"": {""heat_cap"": null, ""max_positions"": 10, ""risk_pct"": 1.0}}"
2026-09-27 11:40:29,stocks,val,pullback + volume,c9c2ec1829,0,0.25910820043965144,0.027117576684868583,-0.21971571838479276,333,0.012886693588101206,"{""exits"": {""max_hold"": 20, ""native_exit"": false, ""target_r"": 2.0}, ""filters"": {""volume"": true}, ""rank"": ""random"", ""setup"": ""pullback"", ""setup_params"": {""adx_min"": 25.0, ""lookback"": 5, ""stop_atr_max"": 2.0, ""stop_atr_min"": 0.5}, ""sizing"": {""heat_cap"": null, ""max_positions"": 10, ""risk_pct"": 1.0}}"
2026-09-27 11:40:29,stocks,dev,pullback + event,200104c73c,0,0.4685475971083152,0.05970144230426122,-0.4702973197021786,3215,0.06699373931965674,"{""exits"": {""max_hold"": 20, ""native_exit"": false, ""target_r"": 2.0}, ""filters"": {""event"": true}, ""rank"": ""random"", ""setup"": ""pullback"", ""setup_params"": {""adx_min"": 25.0, ""lookback"": 5, ""stop_atr_max"": 2.0, ""stop_atr_min"": 0.5}, ""sizing"": {""heat_cap"": null, ""max_positions"": 10, ""risk_pct"": 1.0}}"
2026-09-27 11:40:34,stocks,val,pullback + event,200104c73c,0,-0.003918722160835216,-0.015261218854944136,-0.28883150930895973,395,-0.0437069034329999,"{""exits"": {""max_hold"": 20, ""native_exit"": false, ""target_r"": 2.0}, ""filters"": {""event"": true}, ""rank"": ""random"", ""setup"": ""pullback"", ""setup_params"": {""adx_min"": 25.0, ""lookback"": 5, ""stop_atr_max"": 2.0, ""stop_atr_min"": 0.5}, ""sizing"": {""heat_cap"": null, ""max_positions"": 10, ""risk_pct"": 1.0}}"
2026-09-27 11:40:34,stocks,dev,pullback + score rank only,7987dca2ad,0,0.5235227321515076,0.07213483787951347,-0.5142513226230445,3271,0.0796009198867052,"{""exits"": {""max_hold"": 20, ""native_exit"": false, ""target_r"": 2.0}, ""filters"": {}, ""rank"": ""score"", ""setup"": ""pullback"", ""setup_params"": {""adx_min"": 25.0, ""lookback"": 5, ""stop_atr_max"": 2.0, ""stop_atr_min"": 0.5}, ""sizing"": {""heat_cap"": null, ""max_positions"": 10, ""risk_pct"": 1.0}}"
2026-09-27 11:40:35,stocks,val,pullback + score rank only,7987dca2ad,0,-0.08912645678590533,-0.03097718041240738,-0.31194684484372404,388,0.002995411878134248,"{""exits"": {""max_hold"": 20, ""native_exit"": false, ""target_r"": 2.0}, ""filters"": {}, ""rank"": ""score"", ""setup"": ""pullback"", ""setup_params"": {""adx_min"": 25.0, ""lookback"": 5, ""stop_atr_max"": 2.0, ""stop_atr_min"": 0.5}, ""sizing"": {""heat_cap"": null, ""max_positions"": 10, ""risk_pct"": 1.0}}"
2026-09-27 11:40:35,stocks,dev,pullback + score top 20%,04720094ae,0,0.42284704276582324,0.050342356812048905,-0.4353392695263347,2382,0.08449311130064319,"{""exits"": {""max_hold"": 20, ""native_exit"": false, ""target_r"": 2.0}, ""filters"": {""score"": true}, ""rank"": ""score"", ""setup"": ""pullback"", ""setup_params"": {""adx_min"": 25.0, ""lookback"": 5, ""stop_atr_max"": 2.0, ""stop_atr_min"": 0.5}, ""sizing"": {""heat_cap"": null, ""max_positions"": 10, ""risk_pct"": 1.0}}"
2026-09-27 11:40:40,stocks,val,pullback + score top 20%,04720094ae,0,-0.25611971213224577,-0.04575763883833439,-0.24494980977693748,242,-0.08200999721118313,"{""exits"": {""max_hold"": 20, ""native_exit"": false, ""target_r"": 2.0}, ""filters"": {""score"": true}, ""rank"": ""score"", ""setup"": ""pullback"", ""setup_params"": {""adx_min"": 25.0, ""lookback"": 5, ""stop_atr_max"": 2.0, ""stop_atr_min"": 0.5}, ""sizing"": {""heat_cap"": null, ""max_positions"": 10, ""risk_pct"": 1.0}}"
2026-09-27 11:40:40,stocks,dev,pullback + risk 0.25%,cd1a0ffb15,0,0.5059037597740205,0.04114395132052895,-0.30718777959770416,5786,0.07661588444095016,"{""exits"": {""max_hold"": 20, ""native_exit"": false, ""target_r"": 2.0}, ""filters"": {}, ""rank"": ""random"", ""setup"": ""pullback"", ""setup_params"": {""adx_min"": 25.0, ""lookback"": 5, ""stop_atr_max"": 2.0, ""stop_atr_min"": 0.5}, ""sizing"": {""heat_cap"": null, ""max_positions"": 10, ""risk_pct"": 0.25}}"
2026-09-27 11:40:41,stocks,val,pullback + risk 0.25%,cd1a0ffb15,0,-0.12939809552186665,-0.01622718275809476,-0.17630285800701984,680,-0.019870684322919076,"{""exits"": {""max_hold"": 20, ""native_exit"": false, ""target_r"": 2.0}, ""filters"": {}, ""rank"": ""random"", ""setup"": ""pullback"", ""setup_params"": {""adx_min"": 25.0, ""lookback"": 5, ""stop_atr_max"": 2.0, ""stop_atr_min"": 0.5}, ""sizing"": {""heat_cap"": null, ""max_positions"": 10, ""risk_pct"": 0.25}}"
2026-09-27 11:40:41,stocks,dev,pullback + risk 0.5%,bab7c0373a,0,0.46310734203498655,0.0522471590283804,-0.42828311874064606,4354,0.08047122062602972,"{""exits"": {""max_hold"": 20, ""native_exit"": false, ""target_r"": 2.0}, ""filters"": {}, ""rank"": ""random"", ""setup"": ""pullback"", ""setup_params"": {""adx_min"": 25.0, ""lookback"": 5, ""stop_atr_max"": 2.0, ""stop_atr_min"": 0.5}, ""sizing"": {""heat_cap"": null, ""max_positions"": 10, ""risk_pct"": 0.5}}"
2026-09-27 11:40:42,stocks,val,pullback + risk 0.5%,bab7c0373a,0,-0.2176679489040881,-0.042210468620459296,-0.2376033434394177,558,-0.05333777819281134,"{""exits"": {""max_hold"": 20, ""native_exit"": false, ""target_r"": 2.0}, ""filters"": {}, ""rank"": ""random"", ""setup"": ""pullback"", ""setup_params"": {""adx_min"": 25.0, ""lookback"": 5, ""stop_atr_max"": 2.0, ""stop_atr_min"": 0.5}, ""sizing"": {""heat_cap"": null, ""max_positions"": 10, ""risk_pct"": 0.5}}"
2026-09-27 11:40:43,stocks,dev,pullback + risk 2%,a01d0a6e71,0,0.47914935861335184,0.06340292017242044,-0.5013475845743847,2780,0.08158866568669944,"{""exits"": {""max_hold"": 20, ""native_exit"": false, ""target_r"": 2.0}, ""filters"": {}, ""rank"": ""random"", ""setup"": ""pullback"", ""setup_params"": {""adx_min"": 25.0, ""lookback"": 5, ""stop_atr_max"": 2.0, ""stop_atr_min"": 0.5}, ""sizing"": {""heat_cap"": null, ""max_positions"": 10, ""risk_pct"": 2.0}}"
2026-09-27 11:40:44,stocks,val,pullback + risk 2%,a01d0a6e71,0,0.18408910863988442,0.017074946306798733,-0.2613322228024968,363,0.0018716614497815748,"{""exits"": {""max_hold"": 20, ""native_exit"": false, ""target_r"": 2.0}, ""filters"": {}, ""rank"": ""random"", ""setup"": ""pullback"", ""setup_params"": {""adx_min"": 25.0, ""lookback"": 5, ""stop_atr_max"": 2.0, ""stop_atr_min"": 0.5}, ""sizing"": {""heat_cap"": null, ""max_positions"": 10, ""risk_pct"": 2.0}}"
2026-09-27 11:40:44,stocks,dev,pullback + ATR sizing,128d5cc40e,0,0.3966456647382691,0.04800166789401494,-0.5172587057573512,3531,0.060970532808288215,"{""exits"": {""max_hold"": 20, ""native_exit"": false, ""target_r"": 2.0}, ""filters"": {}, ""rank"": ""random"", ""setup"": ""pullback"", ""setup_params"": {""adx_min"": 25.0, ""lookback"": 5, ""stop_atr_max"": 2.0, ""stop_atr_min"": 0.5}, ""sizing"": {""atr_mult"": 2.0, ""heat_cap"": null, ""max_positions"": 10, ""mode"": ""atr"", ""risk_pct"": 1.0}}"
2026-09-27 11:40:45,stocks,val,pullback + ATR sizing,128d5cc40e,0,-0.036350194032914916,-0.019184193497726154,-0.31095863276881486,417,0.0046863922891424,"{""exits"": {""max_hold"": 20, ""native_exit"": false, ""target_r"": 2.0}, ""filters"": {}, ""rank"": ""random"", ""setup"": ""pullback"", ""setup_params"": {""adx_min"": 25.0, ""lookback"": 5, ""stop_atr_max"": 2.0, ""stop_atr_min"": 0.5}, ""sizing"": {""atr_mult"": 2.0, ""heat_cap"": null, ""max_positions"": 10, ""mode"": ""atr"", ""risk_pct"": 1.0}}"
2026-09-27 11:40:45,stocks,dev,pullback + heat cap 4%,ab318016c0,0,0.19170867057653526,0.016474193311708296,-0.6150250524595214,3016,0.03247394887588645,"{""exits"": {""max_hold"": 20, ""native_exit"": false, ""target_r"": 2.0}, ""filters"": {}, ""rank"": ""random"", ""setup"": ""pullback"", ""setup_params"": {""adx_min"": 25.0, ""lookback"": 5, ""stop_atr_max"": 2.0, ""stop_atr_min"": 0.5}, ""sizing"": {""heat_cap"": 0.04, ""max_positions"": 10, ""risk_pct"": 1.0}}"
2026-09-27 11:40:46,stocks,val,pullback + heat cap 4%,ab318016c0,0,0.3717307918686651,0.0417473071674066,-0.21294981896932574,366,0.0580848271228685,"{""exits"": {""max_hold"": 20, ""native_exit"": false, ""target_r"": 2.0}, ""filters"": {}, ""rank"": ""random"", ""setup"": ""pullback"", ""setup_params"": {""adx_min"": 25.0, ""lookback"": 5, ""stop_atr_max"": 2.0, ""stop_atr_min"": 0.5}, ""sizing"": {""heat_cap"": 0.04, ""max_positions"": 10, ""risk_pct"": 1.0}}"
2026-09-27 11:40:46,stocks,dev,pullback + heat cap 6%,d045836d74,0,0.34611877769539967,0.04064466457550653,-0.5402508672911468,3138,0.06896003687182428,"{""exits"": {""max_hold"": 20, ""native_exit"": false, ""target_r"": 2.0}, ""filters"": {}, ""rank"": ""random"", ""setup"": ""pullback"", ""setup_params"": {""adx_min"": 25.0, ""lookback"": 5, ""stop_atr_max"": 2.0, ""stop_atr_min"": 0.5}, ""sizing"": {""heat_cap"": 0.06, ""max_positions"": 10, ""risk_pct"": 1.0}}"
2026-09-27 11:40:47,stocks,val,pullback + heat cap 6%,d045836d74,0,-0.34180464067500116,-0.06795157956022702,-0.2609847278562688,365,-0.05963290797207631,"{""exits"": {""max_hold"": 20, ""native_exit"": false, ""target_r"": 2.0}, ""filters"": {}, ""rank"": ""random"", ""setup"": ""pullback"", ""setup_params"": {""adx_min"": 25.0, ""lookback"": 5, ""stop_atr_max"": 2.0, ""stop_atr_min"": 0.5}, ""sizing"": {""heat_cap"": 0.06, ""max_positions"": 10, ""risk_pct"": 1.0}}"
2026-09-27 11:40:47,stocks,dev,pullback + heat cap 8%,75cbead313,0,0.47810615788233096,0.06246571300843251,-0.5080714417680371,3211,0.08567645980930241,"{""exits"": {""max_hold"": 20, ""native_exit"": false, ""target_r"": 2.0}, ""filters"": {}, ""rank"": ""random"", ""setup"": ""pullback"", ""setup_params"": {""adx_min"": 25.0, ""lookback"": 5, ""stop_atr_max"": 2.0, ""stop_atr_min"": 0.5}, ""sizing"": {""heat_cap"": 0.08, ""max_positions"": 10, ""risk_pct"": 1.0}}"
2026-09-27 11:40:48,stocks,val,pullback + heat cap 8%,75cbead313,0,-0.101467815138138,-0.0319172863580951,-0.30732402516391455,414,-0.022833564905776683,"{""exits"": {""max_hold"": 20, ""native_exit"": false, ""target_r"": 2.0}, ""filters"": {}, ""rank"": ""random"", ""setup"": ""pullback"", ""setup_params"": {""adx_min"": 25.0, ""lookback"": 5, ""stop_atr_max"": 2.0, ""stop_atr_min"": 0.5}, ""sizing"": {""heat_cap"": 0.08, ""max_positions"": 10, ""risk_pct"": 1.0}}"
2026-09-27 11:40:48,stocks,dev,pullback + max 5 positions,cad047327c,0,0.3871239136295218,0.04544602272011322,-0.44062160319935384,3110,0.07128934758659868,"{""exits"": {""max_hold"": 20, ""native_exit"": false, ""target_r"": 2.0}, ""filters"": {}, ""rank"": ""random"", ""setup"": ""pullback"", ""setup_params"": {""adx_min"": 25.0, ""lookback"": 5, ""stop_atr_max"": 2.0, ""stop_atr_min"": 0.5}, ""sizing"": {""heat_cap"": null, ""max_positions"": 5, ""risk_pct"": 1.0}}"
2026-09-27 11:40:49,stocks,val,pullback + max 5 positions,cad047327c,0,0.028773454186437755,-0.007938421251875383,-0.25604326091419494,371,0.0014831960190461032,"{""exits"": {""max_hold"": 20, ""native_exit"": false, ""target_r"": 2.0}, ""filters"": {}, ""rank"": ""random"", ""setup"": ""pullback"", ""setup_params"": {""adx_min"": 25.0, ""lookback"": 5, ""stop_atr_max"": 2.0, ""stop_atr_min"": 0.5}, ""sizing"": {""heat_cap"": null, ""max_positions"": 5, ""risk_pct"": 1.0}}"
2026-09-27 11:40:49,stocks,dev,pullback + halve risk in 10% DD,041629b0ad,0,0.37214093093902484,0.04222760269667303,-0.489896564565411,3907,0.05766595257054856,"{""exits"": {""max_hold"": 20, ""native_exit"": false, ""target_r"": 2.0}, ""filters"": {}, ""rank"": ""random"", ""setup"": ""pullback"", ""setup_params"": {""adx_min"": 25.0, ""lookback"": 5, ""stop_atr_max"": 2.0, ""stop_atr_min"": 0.5}, ""sizing"": {""dd_reduce"": {""dd"": 0.1, ""factor"": 0.5}, ""heat_cap"": null, ""max_positions"": 10, ""risk_pct"": 1.0}}"
2026-09-27 11:40:50,stocks,val,pullback + halve risk in 10% DD,041629b0ad,0,0.07789356010418585,-0.0004530654200561868,-0.24526663604500532,459,0.014756979340911937,"{""exits"": {""max_hold"": 20, ""native_exit"": false, ""target_r"": 2.0}, ""filters"": {}, ""rank"": ""random"", ""setup"": ""pullback"", ""setup_params"": {""adx_min"": 25.0, ""lookback"": 5, ""stop_atr_max"": 2.0, ""stop_atr_min"": 0.5}, ""sizing"": {""dd_reduce"": {""dd"": 0.1, ""factor"": 0.5}, ""heat_cap"": null, ""max_positions"": 10, ""risk_pct"": 1.0}}"
2026-09-27 11:40:56,stocks,dev,pullback + partial 3d + BE + 10MA,98bd23a063,0,0.22977076450947004,0.023178614254201202,-0.668874469681392,4239,0.029299133686175427,"{""exits"": {""breakeven"": true, ""max_hold"": 100, ""native_exit"": false, ""partial"": {""after_bars"": 3, ""frac"": 0.33, ""trail_after_partial"": true}, ""target_r"": null, ""trail_ma"": 10}, ""filters"": {}, ""rank"": ""random"", ""setup"": ""pullback"", ""setup_params"": {""adx_min"": 25.0, ""lookback"": 5, ""stop_atr_max"": 2.0, ""stop_atr_min"": 0.5}, ""sizing"": {""heat_cap"": null, ""max_positions"": 10, ""risk_pct"": 1.0}}"
2026-09-27 11:41:01,stocks,val,pullback + partial 3d + BE + 10MA,98bd23a063,0,0.10877957559324783,0.004974625324815962,-0.18059114888142946,477,0.004473521843066801,"{""exits"": {""breakeven"": true, ""max_hold"": 100, ""native_exit"": false, ""partial"": {""after_bars"": 3, ""frac"": 0.33, ""trail_after_partial"": true}, ""target_r"": null, ""trail_ma"": 10}, ""filters"": {}, ""rank"": ""random"", ""setup"": ""pullback"", ""setup_params"": {""adx_min"": 25.0, ""lookback"": 5, ""stop_atr_max"": 2.0, ""stop_atr_min"": 0.5}, ""sizing"": {""heat_cap"": null, ""max_positions"": 10, ""risk_pct"": 1.0}}"
2026-09-27 11:41:07,stocks,dev,pullback + partial 2R + BE + 20MA,d22d7a3411,0,0.5103074433401276,0.07268575991467308,-0.541616782985137,2065,0.12015800720515796,"{""exits"": {""breakeven"": true, ""max_hold"": 100, ""native_exit"": false, ""partial"": {""at_r"": 2.0, ""frac"": 0.5, ""trail_after_partial"": true}, ""target_r"": null, ""trail_ma"": 20}, ""filters"": {}, ""rank"": ""random"", ""setup"": ""pullback"", ""setup_params"": {""adx_min"": 25.0, ""lookback"": 5, ""stop_atr_max"": 2.0, ""stop_atr_min"": 0.5}, ""sizing"": {""heat_cap"": null, ""max_positions"": 10, ""risk_pct"": 1.0}}"
2026-09-27 11:41:12,stocks,val,pullback + partial 2R + BE + 20MA,d22d7a3411,0,0.007997662070516307,-0.016424758869078127,-0.320300138638296,248,0.006510006268476077,"{""exits"": {""breakeven"": true, ""max_hold"": 100, ""native_exit"": false, ""partial"": {""at_r"": 2.0, ""frac"": 0.5, ""trail_after_partial"": true}, ""target_r"": null, ""trail_ma"": 20}, ""filters"": {}, ""rank"": ""random"", ""setup"": ""pullback"", ""setup_params"": {""adx_min"": 25.0, ""lookback"": 5, ""stop_atr_max"": 2.0, ""stop_atr_min"": 0.5}, ""sizing"": {""heat_cap"": null, ""max_positions"": 10, ""risk_pct"": 1.0}}"
2026-09-27 11:41:12,stocks,dev,pullback + ATR trail 2.5,f572acf362,0,0.4477420764140393,0.06335815890029806,-0.5409504717180806,1990,0.1568950946274992,"{""exits"": {""max_hold"": 100, ""native_exit"": false, ""target_r"": null, ""trail_atr"": 2.5}, ""filters"": {}, ""rank"": ""random"", ""setup"": ""pullback"", ""setup_params"": {""adx_min"": 25.0, ""lookback"": 5, ""stop_atr_max"": 2.0, ""stop_atr_min"": 0.5}, ""sizing"": {""heat_cap"": null, ""max_positions"": 10, ""risk_pct"": 1.0}}"
2026-09-27 11:41:13,stocks,val,pullback + ATR trail 2.5,f572acf362,0,0.5361488492306012,0.08860164036052076,-0.22502723661452473,245,0.18050275514671651,"{""exits"": {""max_hold"": 100, ""native_exit"": false, ""target_r"": null, ""trail_atr"": 2.5}, ""filters"": {}, ""rank"": ""random"", ""setup"": ""pullback"", ""setup_params"": {""adx_min"": 25.0, ""lookback"": 5, ""stop_atr_max"": 2.0, ""stop_atr_min"": 0.5}, ""sizing"": {""heat_cap"": null, ""max_positions"": 10, ""risk_pct"": 1.0}}"
2026-09-27 11:41:14,stocks,dev,pullback + time stop 5d,74144dc6cc,0,0.19524467691218633,0.01769649218779823,-0.6129472742366704,4956,0.01589255115929915,"{""exits"": {""max_hold"": 20, ""native_exit"": false, ""target_r"": 2.0, ""time_stop"": {""bars"": 5, ""min_r"": 0.5}}, ""filters"": {}, ""rank"": ""random"", ""setup"": ""pullback"", ""setup_params"": {""adx_min"": 25.0, ""lookback"": 5, ""stop_atr_max"": 2.0, ""stop_atr_min"": 0.5}, ""sizing"": {""heat_cap"": null, ""max_positions"": 10, ""risk_pct"": 1.0}}"
2026-09-27 11:41:15,stocks,val,pullback + time stop 5d,74144dc6cc,0,0.6229780425691285,0.09257061388292076,-0.19040055583875548,563,0.030304296079925835,"{""exits"": {""max_hold"": 20, ""native_exit"": false, ""target_r"": 2.0, ""time_stop"": {""bars"": 5, ""min_r"": 0.5}}, ""filters"": {}, ""rank"": ""random"", ""setup"": ""pullback"", ""setup_params"": {""adx_min"": 25.0, ""lookback"": 5, ""stop_atr_max"": 2.0, ""stop_atr_min"": 0.5}, ""sizing"": {""heat_cap"": null, ""max_positions"": 10, ""risk_pct"": 1.0}}"
2026-09-27 11:41:21,stocks,dev,pullback ALL LAYERS,67f741eef5,0,0.5774916752435493,0.05261239885641844,-0.26132898192561604,1131,0.17262058620555765,"{""exits"": {""breakeven"": true, ""max_hold"": 100, ""native_exit"": false, ""partial"": {""at_r"": 2.0, ""frac"": 0.5, ""trail_after_partial"": true}, ""target_r"": null, ""trail_ma"": 20}, ""filters"": {""event"": true, ""regime"": true, ""rs"": true, ""score"": true, ""vol"": true, ""volume"": true}, ""rank"": ""score"", ""setup"": ""pullback"", ""setup_params"": {""adx_min"": 25.0, ""lookback"": 5, ""stop_atr_max"": 2.0, ""stop_atr_min"": 0.5}, ""sizing"": {""dd_reduce"": {""dd"": 0.1, ""factor"": 0.5}, ""heat_cap"": 0.06, ""max_positions"": 10, ""risk_pct"": 1.0}}"
2026-09-27 11:41:26,stocks,val,pullback ALL LAYERS,67f741eef5,0,0.5823545599643194,0.057925005995116186,-0.10941662384907713,98,0.26312016282540013,"{""exits"": {""breakeven"": true, ""max_hold"": 100, ""native_exit"": false, ""partial"": {""at_r"": 2.0, ""frac"": 0.5, ""trail_after_partial"": true}, ""target_r"": null, ""trail_ma"": 20}, ""filters"": {""event"": true, ""regime"": true, ""rs"": true, ""score"": true, ""vol"": true, ""volume"": true}, ""rank"": ""score"", ""setup"": ""pullback"", ""setup_params"": {""adx_min"": 25.0, ""lookback"": 5, ""stop_atr_max"": 2.0, ""stop_atr_min"": 0.5}, ""sizing"": {""dd_reduce"": {""dd"": 0.1, ""factor"": 0.5}, ""heat_cap"": 0.06, ""max_positions"": 10, ""risk_pct"": 1.0}}"
2026-09-27 11:41:33,stocks,dev,pullback all minus regime,61c7896d73,0,0.5499582554647249,0.05735474802640739,-0.3336511646401109,1579,0.16110247938333272,"{""exits"": {""breakeven"": true, ""max_hold"": 100, ""native_exit"": false, ""partial"": {""at_r"": 2.0, ""frac"": 0.5, ""trail_after_partial"": true}, ""target_r"": null, ""trail_ma"": 20}, ""filters"": {""event"": true, ""rs"": true, ""score"": true, ""vol"": true, ""volume"": true}, ""rank"": ""score"", ""setup"": ""pullback"", ""setup_params"": {""adx_min"": 25.0, ""lookback"": 5, ""stop_atr_max"": 2.0, ""stop_atr_min"": 0.5}, ""sizing"": {""dd_reduce"": {""dd"": 0.1, ""factor"": 0.5}, ""heat_cap"": 0.06, ""max_positions"": 10, ""risk_pct"": 1.0}}"
2026-09-27 11:41:38,stocks,val,pullback all minus regime,61c7896d73,0,0.16341625289518547,0.012557819915857582,-0.14681251176148047,156,0.04297439185137124,"{""exits"": {""breakeven"": true, ""max_hold"": 100, ""native_exit"": false, ""partial"": {""at_r"": 2.0, ""frac"": 0.5, ""trail_after_partial"": true}, ""target_r"": null, ""trail_ma"": 20}, ""filters"": {""event"": true, ""rs"": true, ""score"": true, ""vol"": true, ""volume"": true}, ""rank"": ""score"", ""setup"": ""pullback"", ""setup_params"": {""adx_min"": 25.0, ""lookback"": 5, ""stop_atr_max"": 2.0, ""stop_atr_min"": 0.5}, ""sizing"": {""dd_reduce"": {""dd"": 0.1, ""factor"": 0.5}, ""heat_cap"": 0.06, ""max_positions"": 10, ""risk_pct"": 1.0}}"
2026-09-27 11:41:44,stocks,dev,pullback all minus vol,6392d88da5,0,0.5640381363999252,0.053309760898313074,-0.25542477736333535,1177,0.17637738408601608,"{""exits"": {""breakeven"": true, ""max_hold"": 100, ""native_exit"": false, ""partial"": {""at_r"": 2.0, ""frac"": 0.5, ""trail_after_partial"": true}, ""target_r"": null, ""trail_ma"": 20}, ""filters"": {""event"": true, ""regime"": true, ""rs"": true, ""score"": true, ""volume"": true}, ""rank"": ""score"", ""setup"": ""pullback"", ""setup_params"": {""adx_min"": 25.0, ""lookback"": 5, ""stop_atr_max"": 2.0, ""stop_atr_min"": 0.5}, ""sizing"": {""dd_reduce"": {""dd"": 0.1, ""factor"": 0.5}, ""heat_cap"": 0.06, ""max_positions"": 10, ""risk_pct"": 1.0}}"
2026-09-27 11:41:49,stocks,val,pullback all minus vol,6392d88da5,0,0.5003582826772461,0.05052043861015054,-0.10941662384907713,105,0.21509395594603448,"{""exits"": {""breakeven"": true, ""max_hold"": 100, ""native_exit"": false, ""partial"": {""at_r"": 2.0, ""frac"": 0.5, ""trail_after_partial"": true}, ""target_r"": null, ""trail_ma"": 20}, ""filters"": {""event"": true, ""regime"": true, ""rs"": true, ""score"": true, ""volume"": true}, ""rank"": ""score"", ""setup"": ""pullback"", ""setup_params"": {""adx_min"": 25.0, ""lookback"": 5, ""stop_atr_max"": 2.0, ""stop_atr_min"": 0.5}, ""sizing"": {""dd_reduce"": {""dd"": 0.1, ""factor"": 0.5}, ""heat_cap"": 0.06, ""max_positions"": 10, ""risk_pct"": 1.0}}"
2026-09-27 11:41:56,stocks,dev,pullback all minus rs,0662f2f81c,0,0.5647230712075095,0.05316213886372667,-0.27810023439126197,1242,0.18171003155141877,"{""exits"": {""breakeven"": true, ""max_hold"": 100, ""native_exit"": false, ""partial"": {""at_r"": 2.0, ""frac"": 0.5, ""trail_after_partial"": true}, ""target_r"": null, ""trail_ma"": 20}, ""filters"": {""event"": true, ""regime"": true, ""score"": true, ""vol"": true, ""volume"": true}, ""rank"": ""score"", ""setup"": ""pullback"", ""setup_params"": {""adx_min"": 25.0, ""lookback"": 5, ""stop_atr_max"": 2.0, ""stop_atr_min"": 0.5}, ""sizing"": {""dd_reduce"": {""dd"": 0.1, ""factor"": 0.5}, ""heat_cap"": 0.06, ""max_positions"": 10, ""risk_pct"": 1.0}}"
2026-09-27 11:42:01,stocks,val,pullback all minus rs,0662f2f81c,0,0.5127961692813721,0.0512067993338583,-0.12994668024037448,106,0.23340256490062153,"{""exits"": {""breakeven"": true, ""max_hold"": 100, ""native_exit"": false, ""partial"": {""at_r"": 2.0, ""frac"": 0.5, ""trail_after_partial"": true}, ""target_r"": null, ""trail_ma"": 20}, ""filters"": {""event"": true, ""regime"": true, ""score"": true, ""vol"": true, ""volume"": true}, ""rank"": ""score"", ""setup"": ""pullback"", ""setup_params"": {""adx_min"": 25.0, ""lookback"": 5, ""stop_atr_max"": 2.0, ""stop_atr_min"": 0.5}, ""sizing"": {""dd_reduce"": {""dd"": 0.1, ""factor"": 0.5}, ""heat_cap"": 0.06, ""max_positions"": 10, ""risk_pct"": 1.0}}"
2026-09-27 11:42:08,stocks,dev,pullback all minus volume,459fc9c765,0,0.5628859093410994,0.05456793365039103,-0.236163443890254,1174,0.19082144364059067,"{""exits"": {""breakeven"": true, ""max_hold"": 100, ""native_exit"": false, ""partial"": {""at_r"": 2.0, ""frac"": 0.5, ""trail_after_partial"": true}, ""target_r"": null, ""trail_ma"": 20}, ""filters"": {""event"": true, ""regime"": true, ""rs"": true, ""score"": true, ""vol"": true}, ""rank"": ""score"", ""setup"": ""pullback"", ""setup_params"": {""adx_min"": 25.0, ""lookback"": 5, ""stop_atr_max"": 2.0, ""stop_atr_min"": 0.5}, ""sizing"": {""dd_reduce"": {""dd"": 0.1, ""factor"": 0.5}, ""heat_cap"": 0.06, ""max_positions"": 10, ""risk_pct"": 1.0}}"
2026-09-27 11:42:13,stocks,val,pullback all minus volume,459fc9c765,0,0.8930449177801018,0.10631015676805777,-0.10941662384907724,105,0.340753027862234,"{""exits"": {""breakeven"": true, ""max_hold"": 100, ""native_exit"": false, ""partial"": {""at_r"": 2.0, ""frac"": 0.5, ""trail_after_partial"": true}, ""target_r"": null, ""trail_ma"": 20}, ""filters"": {""event"": true, ""regime"": true, ""rs"": true, ""score"": true, ""vol"": true}, ""rank"": ""score"", ""setup"": ""pullback"", ""setup_params"": {""adx_min"": 25.0, ""lookback"": 5, ""stop_atr_max"": 2.0, ""stop_atr_min"": 0.5}, ""sizing"": {""dd_reduce"": {""dd"": 0.1, ""factor"": 0.5}, ""heat_cap"": 0.06, ""max_positions"": 10, ""risk_pct"": 1.0}}"
2026-09-27 11:42:19,stocks,dev,pullback all minus event,15e74bbf55,0,0.571411174981708,0.05366976491932096,-0.29008828988905067,1181,0.18611376552767908,"{""exits"": {""breakeven"": true, ""max_hold"": 100, ""native_exit"": false, ""partial"": {""at_r"": 2.0, ""frac"": 0.5, ""trail_after_partial"": true}, ""target_r"": null, ""trail_ma"": 20}, ""filters"": {""regime"": true, ""rs"": true, ""score"": true, ""vol"": true, ""volume"": true}, ""rank"": ""score"", ""setup"": ""pullback"", ""setup_params"": {""adx_min"": 25.0, ""lookback"": 5, ""stop_atr_max"": 2.0, ""stop_atr_min"": 0.5}, ""sizing"": {""dd_reduce"": {""dd"": 0.1, ""factor"": 0.5}, ""heat_cap"": 0.06, ""max_positions"": 10, ""risk_pct"": 1.0}}"
2026-09-27 11:42:24,stocks,val,pullback all minus event,15e74bbf55,0,0.5603082364628444,0.05721623159323519,-0.13620303135025824,109,0.2754322939800923,"{""exits"": {""breakeven"": true, ""max_hold"": 100, ""native_exit"": false, ""partial"": {""at_r"": 2.0, ""frac"": 0.5, ""trail_after_partial"": true}, ""target_r"": null, ""trail_ma"": 20}, ""filters"": {""regime"": true, ""rs"": true, ""score"": true, ""vol"": true, ""volume"": true}, ""rank"": ""score"", ""setup"": ""pullback"", ""setup_params"": {""adx_min"": 25.0, ""lookback"": 5, ""stop_atr_max"": 2.0, ""stop_atr_min"": 0.5}, ""sizing"": {""dd_reduce"": {""dd"": 0.1, ""factor"": 0.5}, ""heat_cap"": 0.06, ""max_positions"": 10, ""risk_pct"": 1.0}}"
2026-09-27 11:42:31,stocks,dev,pullback all minus score,ca8d0f5888,0,0.5553079692264545,0.055363439978788564,-0.24608723870411153,1345,0.1766011893308094,"{""exits"": {""breakeven"": true, ""max_hold"": 100, ""native_exit"": false, ""partial"": {""at_r"": 2.0, ""frac"": 0.5, ""trail_after_partial"": true}, ""target_r"": null, ""trail_ma"": 20}, ""filters"": {""event"": true, ""regime"": true, ""rs"": true, ""vol"": true, ""volume"": true}, ""rank"": ""random"", ""setup"": ""pullback"", ""setup_params"": {""adx_min"": 25.0, ""lookback"": 5, ""stop_atr_max"": 2.0, ""stop_atr_min"": 0.5}, ""sizing"": {""dd_reduce"": {""dd"": 0.1, ""factor"": 0.5}, ""heat_cap"": 0.06, ""max_positions"": 10, ""risk_pct"": 1.0}}"
2026-09-27 11:42:35,stocks,val,pullback all minus score,ca8d0f5888,0,0.1975290129154237,0.016747165450040624,-0.20036065808386172,148,0.028593264935072644,"{""exits"": {""breakeven"": true, ""max_hold"": 100, ""native_exit"": false, ""partial"": {""at_r"": 2.0, ""frac"": 0.5, ""trail_after_partial"": true}, ""target_r"": null, ""trail_ma"": 20}, ""filters"": {""event"": true, ""regime"": true, ""rs"": true, ""vol"": true, ""volume"": true}, ""rank"": ""random"", ""setup"": ""pullback"", ""setup_params"": {""adx_min"": 25.0, ""lookback"": 5, ""stop_atr_max"": 2.0, ""stop_atr_min"": 0.5}, ""sizing"": {""dd_reduce"": {""dd"": 0.1, ""factor"": 0.5}, ""heat_cap"": 0.06, ""max_positions"": 10, ""risk_pct"": 1.0}}"
2026-09-27 11:42:42,stocks,dev,pullback all minus exit,01fffe02b9,0,0.4989081468756782,0.03770346501403088,-0.3313453172116996,1305,0.09436596216217975,"{""exits"": {""max_hold"": 20, ""native_exit"": false, ""target_r"": 2.0}, ""filters"": {""event"": true, ""regime"": true, ""rs"": true, ""score"": true, ""vol"": true, ""volume"": true}, ""rank"": ""score"", ""setup"": ""pullback"", ""setup_params"": {""adx_min"": 25.0, ""lookback"": 5, ""stop_atr_max"": 2.0, ""stop_atr_min"": 0.5}, ""sizing"": {""dd_reduce"": {""dd"": 0.1, ""factor"": 0.5}, ""heat_cap"": 0.06, ""max_positions"": 10, ""risk_pct"": 1.0}}"
2026-09-27 11:42:47,stocks,val,pullback all minus exit,01fffe02b9,0,0.4988062257082379,0.042102785608888915,-0.09335550837390316,109,0.126349768448524,"{""exits"": {""max_hold"": 20, ""native_exit"": false, ""target_r"": 2.0}, ""filters"": {""event"": true, ""regime"": true, ""rs"": true, ""score"": true, ""vol"": true, ""volume"": true}, ""rank"": ""score"", ""setup"": ""pullback"", ""setup_params"": {""adx_min"": 25.0, ""lookback"": 5, ""stop_atr_max"": 2.0, ""stop_atr_min"": 0.5}, ""sizing"": {""dd_reduce"": {""dd"": 0.1, ""factor"": 0.5}, ""heat_cap"": 0.06, ""max_positions"": 10, ""risk_pct"": 1.0}}"
2026-09-27 11:42:47,stocks,dev,pullback all minus sizing,bde9fb4309,0,0.5258020035379518,0.052849729324370376,-0.4123885755672557,995,0.1762848548783171,"{""exits"": {""breakeven"": true, ""max_hold"": 100, ""native_exit"": false, ""partial"": {""at_r"": 2.0, ""frac"": 0.5, ""trail_after_partial"": true}, ""target_r"": null, ""trail_ma"": 20}, ""filters"": {""event"": true, ""regime"": true, ""rs"": true, ""score"": true, ""vol"": true, ""volume"": true}, ""rank"": ""score"", ""setup"": ""pullback"", ""setup_params"": {""adx_min"": 25.0, ""lookback"": 5, ""stop_atr_max"": 2.0, ""stop_atr_min"": 0.5}, ""sizing"": {""heat_cap"": null, ""max_positions"": 10, ""risk_pct"": 1.0}}"
2026-09-27 11:42:47,stocks,val,pullback all minus sizing,bde9fb4309,0,0.6723677498484415,0.07157720092580622,-0.0929885753462939,102,0.2609986222062333,"{""exits"": {""breakeven"": true, ""max_hold"": 100, ""native_exit"": false, ""partial"": {""at_r"": 2.0, ""frac"": 0.5, ""trail_after_partial"": true}, ""target_r"": null, ""trail_ma"": 20}, ""filters"": {""event"": true, ""regime"": true, ""rs"": true, ""score"": true, ""vol"": true, ""volume"": true}, ""rank"": ""score"", ""setup"": ""pullback"", ""setup_params"": {""adx_min"": 25.0, ""lookback"": 5, ""stop_atr_max"": 2.0, ""stop_atr_min"": 0.5}, ""sizing"": {""heat_cap"": null, ""max_positions"": 10, ""risk_pct"": 1.0}}"
2026-09-27 11:42:47,stocks,dev,pullback PICKED,d22d7a3411,0,0.5103074433401276,0.07268575991467308,-0.541616782985137,2065,0.12015800720515796,"{""exits"": {""breakeven"": true, ""max_hold"": 100, ""native_exit"": false, ""partial"": {""at_r"": 2.0, ""frac"": 0.5, ""trail_after_partial"": true}, ""target_r"": null, ""trail_ma"": 20}, ""filters"": {}, ""rank"": ""random"", ""setup"": ""pullback"", ""setup_params"": {""adx_min"": 25.0, ""lookback"": 5, ""stop_atr_max"": 2.0, ""stop_atr_min"": 0.5}, ""sizing"": {""heat_cap"": null, ""max_positions"": 10, ""risk_pct"": 1.0}}"
2026-09-27 11:42:49,stocks,val,pullback PICKED,d22d7a3411,0,0.007997662070516307,-0.016424758869078127,-0.320300138638296,248,0.006510006268476077,"{""exits"": {""breakeven"": true, ""max_hold"": 100, ""native_exit"": false, ""partial"": {""at_r"": 2.0, ""frac"": 0.5, ""trail_after_partial"": true}, ""target_r"": null, ""trail_ma"": 20}, ""filters"": {}, ""rank"": ""random"", ""setup"": ""pullback"", ""setup_params"": {""adx_min"": 25.0, ""lookback"": 5, ""stop_atr_max"": 2.0, ""stop_atr_min"": 0.5}, ""sizing"": {""heat_cap"": null, ""max_positions"": 10, ""risk_pct"": 1.0}}"
2026-09-27 11:42:54,stocks,dev,naive rsi2,4fdf9a625b,0,0.5225202073243848,0.0676231283434574,-0.36011505843726643,8250,0.0223835317254484,"{""exits"": {""max_hold"": 10, ""native_exit"": true, ""target_r"": null}, ""filters"": {}, ""rank"": ""random"", ""setup"": ""rsi2"", ""setup_params"": {""entry"": 10.0, ""exit"": 70.0, ""ma"": 200, ""stop_atr"": 3.0}, ""sizing"": {""heat_cap"": null, ""max_positions"": 10, ""risk_pct"": 1.0}}"
2026-09-27 11:42:59,stocks,val,naive rsi2,4fdf9a625b,0,0.49295429330079793,0.07479115796215052,-0.2594629529421171,1028,0.02523055771944508,"{""exits"": {""max_hold"": 10, ""native_exit"": true, ""target_r"": null}, ""filters"": {}, ""rank"": ""random"", ""setup"": ""rsi2"", ""setup_params"": {""entry"": 10.0, ""exit"": 70.0, ""ma"": 200, ""stop_atr"": 3.0}, ""sizing"": {""heat_cap"": null, ""max_positions"": 10, ""risk_pct"": 1.0}}"
2026-09-27 11:43:25,stocks,dev,rsi2 + regime,e4fdb095f8,0,0.6076840986628086,0.06047526506767098,-0.18622543381820367,5464,0.029536739533100233,"{""exits"": {""max_hold"": 10, ""native_exit"": true, ""target_r"": null}, ""filters"": {""regime"": true}, ""rank"": ""random"", ""setup"": ""rsi2"", ""setup_params"": {""entry"": 10.0, ""exit"": 70.0, ""ma"": 200, ""stop_atr"": 3.0}, ""sizing"": {""heat_cap"": null, ""max_positions"": 10, ""risk_pct"": 1.0}}"
2026-09-27 11:43:29,stocks,val,rsi2 + regime,e4fdb095f8,0,0.6706658661852488,0.07549598435525073,-0.16156524184051357,652,0.03757723220162427,"{""exits"": {""max_hold"": 10, ""native_exit"": true, ""target_r"": null}, ""filters"": {""regime"": true}, ""rank"": ""random"", ""setup"": ""rsi2"", ""setup_params"": {""entry"": 10.0, ""exit"": 70.0, ""ma"": 200, ""stop_atr"": 3.0}, ""sizing"": {""heat_cap"": null, ""max_positions"": 10, ""risk_pct"": 1.0}}"
2026-09-27 11:43:30,stocks,dev,rsi2 + vol,c69b807a7e,0,0.54156831543815,0.06545100420459371,-0.3182181204733209,7424,0.02415414808331752,"{""exits"": {""max_hold"": 10, ""native_exit"": true, ""target_r"": null}, ""filters"": {""vol"": true}, ""rank"": ""random"", ""setup"": ""rsi2"", ""setup_params"": {""entry"": 10.0, ""exit"": 70.0, ""ma"": 200, ""stop_atr"": 3.0}, ""sizing"": {""heat_cap"": null, ""max_positions"": 10, ""risk_pct"": 1.0}}"
2026-09-27 11:43:34,stocks,val,rsi2 + vol,c69b807a7e,0,1.308102422643242,0.19004577007148749,-0.15812350871685632,876,0.06354949238069654,"{""exits"": {""max_hold"": 10, ""native_exit"": true, ""target_r"": null}, ""filters"": {""vol"": true}, ""rank"": ""random"", ""setup"": ""rsi2"", ""setup_params"": {""entry"": 10.0, ""exit"": 70.0, ""ma"": 200, ""stop_atr"": 3.0}, ""sizing"": {""heat_cap"": null, ""max_positions"": 10, ""risk_pct"": 1.0}}"
2026-09-27 11:43:35,stocks,dev,rsi2 + rs,17771581c0,0,0.9615753906546113,0.13210304534910344,-0.24666304880190648,6634,0.04994681277103203,"{""exits"": {""max_hold"": 10, ""native_exit"": true, ""target_r"": null}, ""filters"": {""rs"": true}, ""rank"": ""random"", ""setup"": ""rsi2"", ""setup_params"": {""entry"": 10.0, ""exit"": 70.0, ""ma"": 200, ""stop_atr"": 3.0}, ""sizing"": {""heat_cap"": null, ""max_positions"": 10, ""risk_pct"": 1.0}}"
2026-09-27 11:43:39,stocks,val,rsi2 + rs,17771581c0,0,0.8820945033980966,0.1392475416305241,-0.16956976410386315,869,0.049196314758432745,"{""exits"": {""max_hold"": 10, ""native_exit"": true, ""target_r"": null}, ""filters"": {""rs"": true}, ""rank"": ""random"", ""setup"": ""rsi2"", ""setup_params"": {""entry"": 10.0, ""exit"": 70.0, ""ma"": 200, ""stop_atr"": 3.0}, ""sizing"": {""heat_cap"": null, ""max_positions"": 10, ""risk_pct"": 1.0}}"
2026-09-27 11:43:39,stocks,dev,rsi2 + event,6da334d29e,0,0.66404048132906,0.08827652158670096,-0.3109914077592131,8140,0.028796186019530275,"{""exits"": {""max_hold"": 10, ""native_exit"": true, ""target_r"": null}, ""filters"": {""event"": true}, ""rank"": ""random"", ""setup"": ""rsi2"", ""setup_params"": {""entry"": 10.0, ""exit"": 70.0, ""ma"": 200, ""stop_atr"": 3.0}, ""sizing"": {""heat_cap"": null, ""max_positions"": 10, ""risk_pct"": 1.0}}"
2026-09-27 11:43:44,stocks,val,rsi2 + event,6da334d29e,0,0.4707315315948619,0.06863191251447653,-0.1947924176845487,1022,0.023673132233584773,"{""exits"": {""max_hold"": 10, ""native_exit"": true, ""target_r"": null}, ""filters"": {""event"": true}, ""rank"": ""random"", ""setup"": ""rsi2"", ""setup_params"": {""entry"": 10.0, ""exit"": 70.0, ""ma"": 200, ""stop_atr"": 3.0}, ""sizing"": {""heat_cap"": null, ""max_positions"": 10, ""risk_pct"": 1.0}}"
2026-09-27 11:43:45,stocks,dev,rsi2 + score rank only,edccd751a7,0,0.8399075989241086,0.1251694024860286,-0.2623206534173226,8654,0.036951843777919685,"{""exits"": {""max_hold"": 10, ""native_exit"": true, ""target_r"": null}, ""filters"": {}, ""rank"": ""score"", ""setup"": ""rsi2"", ""setup_params"": {""entry"": 10.0, ""exit"": 70.0, ""ma"": 200, ""stop_atr"": 3.0}, ""sizing"": {""heat_cap"": null, ""max_positions"": 10, ""risk_pct"": 1.0}}"
2026-09-27 11:43:47,stocks,val,rsi2 + score rank only,edccd751a7,0,1.0862475863126353,0.19700328559786584,-0.18054009439218777,1081,0.053493888295100385,"{""exits"": {""max_hold"": 10, ""native_exit"": true, ""target_r"": null}, ""filters"": {}, ""rank"": ""score"", ""setup"": ""rsi2"", ""setup_params"": {""entry"": 10.0, ""exit"": 70.0, ""ma"": 200, ""stop_atr"": 3.0}, ""sizing"": {""heat_cap"": null, ""max_positions"": 10, ""risk_pct"": 1.0}}"
2026-09-27 11:43:47,stocks,dev,rsi2 + score top 20%,ef013a315f,0,0.9006539279775123,0.11997324895268902,-0.2207599497680366,6160,0.049270054289235005,"{""exits"": {""max_hold"": 10, ""native_exit"": true, ""target_r"": null}, ""filters"": {""score"": true}, ""rank"": ""score"", ""setup"": ""rsi2"", ""setup_params"": {""entry"": 10.0, ""exit"": 70.0, ""ma"": 200, ""stop_atr"": 3.0}, ""sizing"": {""heat_cap"": null, ""max_positions"": 10, ""risk_pct"": 1.0}}"
2026-09-27 11:43:52,stocks,val,rsi2 + score top 20%,ef013a315f,0,0.9854898459827897,0.1522194855791894,-0.15349828721598568,701,0.06560800220903054,"{""exits"": {""max_hold"": 10, ""native_exit"": true, ""target_r"": null}, ""filters"": {""score"": true}, ""rank"": ""score"", ""setup"": ""rsi2"", ""setup_params"": {""entry"": 10.0, ""exit"": 70.0, ""ma"": 200, ""stop_atr"": 3.0}, ""sizing"": {""heat_cap"": null, ""max_positions"": 10, ""risk_pct"": 1.0}}"
2026-09-27 11:43:52,stocks,dev,rsi2 + risk 0.25%,eedc3e5b94,0,0.3889887261268161,0.016864076796633487,-0.13374927499460676,10822,0.016399760011746072,"{""exits"": {""max_hold"": 10, ""native_exit"": true, ""target_r"": null}, ""filters"": {}, ""rank"": ""random"", ""setup"": ""rsi2"", ""setup_params"": {""entry"": 10.0, ""exit"": 70.0, ""ma"": 200, ""stop_atr"": 3.0}, ""sizing"": {""heat_cap"": null, ""max_positions"": 10, ""risk_pct"": 0.25}}"
2026-09-27 11:43:53,stocks,val,rsi2 + risk 0.25%,eedc3e5b94,0,0.1954447068224958,0.008810414921783805,-0.08149714194887614,1255,0.009794239098527948,"{""exits"": {""max_hold"": 10, ""native_exit"": true, ""target_r"": null}, ""filters"": {}, ""rank"": ""random"", ""setup"": ""rsi2"", ""setup_params"": {""entry"": 10.0, ""exit"": 70.0, ""ma"": 200, ""stop_atr"": 3.0}, ""sizing"": {""heat_cap"": null, ""max_positions"": 10, ""risk_pct"": 0.25}}"
2026-09-27 11:43:54,stocks,dev,rsi2 + risk 0.5%,49e9aab495,0,0.49632166147344337,0.04190124309035337,-0.23932585226727132,10760,0.020911424670046225,"{""exits"": {""max_hold"": 10, ""native_exit"": true, ""target_r"": null}, ""filters"": {}, ""rank"": ""random"", ""setup"": ""rsi2"", ""setup_params"": {""entry"": 10.0, ""exit"": 70.0, ""ma"": 200, ""stop_atr"": 3.0}, ""sizing"": {""heat_cap"": null, ""max_positions"": 10, ""risk_pct"": 0.5}}"
2026-09-27 11:43:55,stocks,val,rsi2 + risk 0.5%,49e9aab495,0,0.5304903023410074,0.050036738371013634,-0.13346770139123698,1273,0.025664473000919567,"{""exits"": {""max_hold"": 10, ""native_exit"": true, ""target_r"": null}, ""filters"": {}, ""rank"": ""random"", ""setup"": ""rsi2"", ""setup_params"": {""entry"": 10.0, ""exit"": 70.0, ""ma"": 200, ""stop_atr"": 3.0}, ""sizing"": {""heat_cap"": null, ""max_positions"": 10, ""risk_pct"": 0.5}}"
2026-09-27 11:43:56,stocks,dev,rsi2 + risk 2%,5889f14ea9,0,0.6272095899448885,0.09565744756956773,-0.35975256213232154,5870,0.02248749107618748,"{""exits"": {""max_hold"": 10, ""native_exit"": true, ""target_r"": null}, ""filters"": {}, ""rank"": ""random"", ""setup"": ""rsi2"", ""setup_params"": {""entry"": 10.0, ""exit"": 70.0, ""ma"": 200, ""stop_atr"": 3.0}, ""sizing"": {""heat_cap"": null, ""max_positions"": 10, ""risk_pct"": 2.0}}"
2026-09-27 11:43:57,stocks,val,rsi2 + risk 2%,5889f14ea9,0,0.9634677816515873,0.19069237579332432,-0.28615465027681874,688,0.04636550800221371,"{""exits"": {""max_hold"": 10, ""native_exit"": true, ""target_r"": null}, ""filters"": {}, ""rank"": ""random"", ""setup"": ""rsi2"", ""setup_params"": {""entry"": 10.0, ""exit"": 70.0, ""ma"": 200, ""stop_atr"": 3.0}, ""sizing"": {""heat_cap"": null, ""max_positions"": 10, ""risk_pct"": 2.0}}"
2026-09-27 11:43:58,stocks,dev,rsi2 + ATR sizing,6c9d7290dc,0,0.5260710588636517,0.0760099263761731,-0.46079767005239836,6516,0.0198633568034884,"{""exits"": {""max_hold"": 10, ""native_exit"": true, ""target_r"": null}, ""filters"": {}, ""rank"": ""random"", ""setup"": ""rsi2"", ""setup_params"": {""entry"": 10.0, ""exit"": 70.0, ""ma"": 200, ""stop_atr"": 3.0}, ""sizing"": {""atr_mult"": 2.0, ""heat_cap"": null, ""max_positions"": 10, ""mode"": ""atr"", ""risk_pct"": 1.0}}"
2026-09-27 11:43:59,stocks,val,rsi2 + ATR sizing,6c9d7290dc,0,0.8349514054209993,0.1644204145652477,-0.23564458504477104,801,0.03948397706217372,"{""exits"": {""max_hold"": 10, ""native_exit"": true, ""target_r"": null}, ""filters"": {}, ""rank"": ""random"", ""setup"": ""rsi2"", ""setup_params"": {""entry"": 10.0, ""exit"": 70.0, ""ma"": 200, ""stop_atr"": 3.0}, ""sizing"": {""atr_mult"": 2.0, ""heat_cap"": null, ""max_positions"": 10, ""mode"": ""atr"", ""risk_pct"": 1.0}}"
2026-09-27 11:44:00,stocks,dev,rsi2 + heat cap 4%,5cd2b0125e,0,0.33767760025896476,0.023256067396269176,-0.3049411436866525,3828,0.014628727617951719,"{""exits"": {""max_hold"": 10, ""native_exit"": true, ""target_r"": null}, ""filters"": {}, ""rank"": ""random"", ""setup"": ""rsi2"", ""setup_params"": {""entry"": 10.0, ""exit"": 70.0, ""ma"": 200, ""stop_atr"": 3.0}, ""sizing"": {""heat_cap"": 0.04, ""max_positions"": 10, ""risk_pct"": 1.0}}"
2026-09-27 11:44:00,stocks,dev,stocks/rsi2 sens setup.ma x0.7,6a9000245e,0,0.9370938003908897,0.1182230492413634,-0.20096078191731281,5288,0.05612095337358024,"{""exits"": {""max_hold"": 10, ""native_exit"": true, ""target_r"": null}, ""filters"": {""rs"": true, ""score"": true}, ""rank"": ""score"", ""setup"": ""rsi2"", ""setup_params"": {""entry"": 10.0, ""exit"": 70.0, ""ma"": 140, ""stop_atr"": 3.0}, ""sizing"": {""heat_cap"": null, ""max_positions"": 10, ""risk_pct"": 1.0}}"
2026-09-27 11:44:01,stocks,val,rsi2 + heat cap 4%,5cd2b0125e,0,0.5785462372998385,0.04377749416739607,-0.12041061384134866,429,0.031548409013982565,"{""exits"": {""max_hold"": 10, ""native_exit"": true, ""target_r"": null}, ""filters"": {}, ""rank"": ""random"", ""setup"": ""rsi2"", ""setup_params"": {""entry"": 10.0, ""exit"": 70.0, ""ma"": 200, ""stop_atr"": 3.0}, ""sizing"": {""heat_cap"": 0.04, ""max_positions"": 10, ""risk_pct"": 1.0}}"
2026-09-27 11:44:02,stocks,dev,rsi2 + heat cap 6%,30b29fae94,0,0.6353769282725926,0.06140301229796896,-0.17539228908587357,5623,0.027445965076004553,"{""exits"": {""max_hold"": 10, ""native_exit"": true, ""target_r"": null}, ""filters"": {}, ""rank"": ""random"", ""setup"": ""rsi2"", ""setup_params"": {""entry"": 10.0, ""exit"": 70.0, ""ma"": 200, ""stop_atr"": 3.0}, ""sizing"": {""heat_cap"": 0.06, ""max_positions"": 10, ""risk_pct"": 1.0}}"
2026-09-27 11:44:03,stocks,val,rsi2 + heat cap 6%,30b29fae94,0,0.3317550485898847,0.030179966056213203,-0.16853702418540573,629,0.015502482425225035,"{""exits"": {""max_hold"": 10, ""native_exit"": true, ""target_r"": null}, ""filters"": {}, ""rank"": ""random"", ""setup"": ""rsi2"", ""setup_params"": {""entry"": 10.0, ""exit"": 70.0, ""ma"": 200, ""stop_atr"": 3.0}, ""sizing"": {""heat_cap"": 0.06, ""max_positions"": 10, ""risk_pct"": 1.0}}"
2026-09-27 11:44:04,stocks,dev,rsi2 + heat cap 8%,2e6c562c31,0,0.639844789139631,0.07233800248302669,-0.2104509481213377,6951,0.02682119065205392,"{""exits"": {""max_hold"": 10, ""native_exit"": true, ""target_r"": null}, ""filters"": {}, ""rank"": ""random"", ""setup"": ""rsi2"", ""setup_params"": {""entry"": 10.0, ""exit"": 70.0, ""ma"": 200, ""stop_atr"": 3.0}, ""sizing"": {""heat_cap"": 0.08, ""max_positions"": 10, ""risk_pct"": 1.0}}"
2026-09-27 11:44:06,stocks,val,rsi2 + heat cap 8%,2e6c562c31,0,0.8285164250569769,0.10714493537455128,-0.1540666172638694,830,0.04013747771051367,"{""exits"": {""max_hold"": 10, ""native_exit"": true, ""target_r"": null}, ""filters"": {}, ""rank"": ""random"", ""setup"": ""rsi2"", ""setup_params"": {""entry"": 10.0, ""exit"": 70.0, ""ma"": 200, ""stop_atr"": 3.0}, ""sizing"": {""heat_cap"": 0.08, ""max_positions"": 10, ""risk_pct"": 1.0}}"
2026-09-27 11:44:06,stocks,dev,rsi2 + max 5 positions,57e8af7446,0,0.5005457980740582,0.04653026297681806,-0.29782865575863515,5548,0.021249517354778046,"{""exits"": {""max_hold"": 10, ""native_exit"": true, ""target_r"": null}, ""filters"": {}, ""rank"": ""random"", ""setup"": ""rsi2"", ""setup_params"": {""entry"": 10.0, ""exit"": 70.0, ""ma"": 200, ""stop_atr"": 3.0}, ""sizing"": {""heat_cap"": null, ""max_positions"": 5, ""risk_pct"": 1.0}}"
2026-09-27 11:44:06,stocks,dev,stocks/rsi2 sens setup.ma x1.3,29dd75968f,0,0.968012803130056,0.1251222288290268,-0.22227933139544265,5509,0.05689103683603051,"{""exits"": {""max_hold"": 10, ""native_exit"": true, ""target_r"": null}, ""filters"": {""rs"": true, ""score"": true}, ""rank"": ""score"", ""setup"": ""rsi2"", ""setup_params"": {""entry"": 10.0, ""exit"": 70.0, ""ma"": 260, ""stop_atr"": 3.0}, ""sizing"": {""heat_cap"": null, ""max_positions"": 10, ""risk_pct"": 1.0}}"
2026-09-27 11:44:07,stocks,val,rsi2 + max 5 positions,57e8af7446,0,0.42982408844605746,0.043183836587814106,-0.13947707098692907,645,0.021730146467630745,"{""exits"": {""max_hold"": 10, ""native_exit"": true, ""target_r"": null}, ""filters"": {}, ""rank"": ""random"", ""setup"": ""rsi2"", ""setup_params"": {""entry"": 10.0, ""exit"": 70.0, ""ma"": 200, ""stop_atr"": 3.0}, ""sizing"": {""heat_cap"": null, ""max_positions"": 5, ""risk_pct"": 1.0}}"
2026-09-27 11:44:07,stocks,dev,rsi2 + halve risk in 10% DD,7d8a2b05e9,0,0.6443588924395243,0.07267477426096014,-0.2760249091817053,9629,0.02454675607551735,"{""exits"": {""max_hold"": 10, ""native_exit"": true, ""target_r"": null}, ""filters"": {}, ""rank"": ""random"", ""setup"": ""rsi2"", ""setup_params"": {""entry"": 10.0, ""exit"": 70.0, ""ma"": 200, ""stop_atr"": 3.0}, ""sizing"": {""dd_reduce"": {""dd"": 0.1, ""factor"": 0.5}, ""heat_cap"": null, ""max_positions"": 10, ""risk_pct"": 1.0}}"
2026-09-27 11:44:09,stocks,val,rsi2 + halve risk in 10% DD,7d8a2b05e9,0,0.6032402273620716,0.08057239518286985,-0.17514220764195731,1105,0.03578097232541918,"{""exits"": {""max_hold"": 10, ""native_exit"": true, ""target_r"": null}, ""filters"": {}, ""rank"": ""random"", ""setup"": ""rsi2"", ""setup_params"": {""entry"": 10.0, ""exit"": 70.0, ""ma"": 200, ""stop_atr"": 3.0}, ""sizing"": {""dd_reduce"": {""dd"": 0.1, ""factor"": 0.5}, ""heat_cap"": null, ""max_positions"": 10, ""risk_pct"": 1.0}}"
2026-09-27 11:44:12,stocks,dev,stocks/rsi2 sens setup.entry x0.7,4569d9c5ea,0,0.9166868035099646,0.11016972336880904,-0.23373783386239932,4752,0.058223369813543105,"{""exits"": {""max_hold"": 10, ""native_exit"": true, ""target_r"": null}, ""filters"": {""rs"": true, ""score"": true}, ""rank"": ""score"", ""setup"": ""rsi2"", ""setup_params"": {""entry"": 7.0, ""exit"": 70.0, ""ma"": 200, ""stop_atr"": 3.0}, ""sizing"": {""heat_cap"": null, ""max_positions"": 10, ""risk_pct"": 1.0}}"
2026-09-27 11:44:16,stocks,dev,rsi2 ALL LAYERS,8215f69914,0,0.6303546737186163,0.039468413960527915,-0.12749461191271094,2263,0.04909510852581285,"{""exits"": {""max_hold"": 10, ""native_exit"": true, ""target_r"": null}, ""filters"": {""event"": true, ""regime"": true, ""rs"": true, ""score"": true, ""vol"": true}, ""rank"": ""score"", ""setup"": ""rsi2"", ""setup_params"": {""entry"": 10.0, ""exit"": 70.0, ""ma"": 200, ""stop_atr"": 3.0}, ""sizing"": {""dd_reduce"": {""dd"": 0.1, ""factor"": 0.5}, ""heat_cap"": 0.06, ""max_positions"": 10, ""risk_pct"": 1.0}}"
2026-09-27 11:44:19,stocks,dev,stocks/rsi2 sens setup.entry x1.3,29a1de2a83,0,0.9421025621456933,0.12480091928732717,-0.261385185343324,5934,0.05268497065731172,"{""exits"": {""max_hold"": 10, ""native_exit"": true, ""target_r"": null}, ""filters"": {""rs"": true, ""score"": true}, ""rank"": ""score"", ""setup"": ""rsi2"", ""setup_params"": {""entry"": 13.0, ""exit"": 70.0, ""ma"": 200, ""stop_atr"": 3.0}, ""sizing"": {""heat_cap"": null, ""max_positions"": 10, ""risk_pct"": 1.0}}"
2026-09-27 11:44:20,stocks,val,rsi2 ALL LAYERS,8215f69914,0,0.08638687778280447,0.003512447127152818,-0.11460307721895546,215,0.012490368775314531,"{""exits"": {""max_hold"": 10, ""native_exit"": true, ""target_r"": null}, ""filters"": {""event"": true, ""regime"": true, ""rs"": true, ""score"": true, ""vol"": true}, ""rank"": ""score"", ""setup"": ""rsi2"", ""setup_params"": {""entry"": 10.0, ""exit"": 70.0, ""ma"": 200, ""stop_atr"": 3.0}, ""sizing"": {""dd_reduce"": {""dd"": 0.1, ""factor"": 0.5}, ""heat_cap"": 0.06, ""max_positions"": 10, ""risk_pct"": 1.0}}"
2026-09-27 11:44:25,stocks,dev,stocks/rsi2 sens setup.exit x0.7,222332913c,0,0.8117294658932097,0.0888794690450403,-0.26071316163165303,6257,0.03605509072925016,"{""exits"": {""max_hold"": 10, ""native_exit"": true, ""target_r"": null}, ""filters"": {""rs"": true, ""score"": true}, ""rank"": ""score"", ""setup"": ""rsi2"", ""setup_params"": {""entry"": 10.0, ""exit"": 49.0, ""ma"": 200, ""stop_atr"": 3.0}, ""sizing"": {""heat_cap"": null, ""max_positions"": 10, ""risk_pct"": 1.0}}"
2026-09-27 11:44:26,stocks,dev,rsi2 all minus regime,b85459b3c6,0,0.6185833376598633,0.04830178329932133,-0.18303975179323162,3554,0.04132698344020185,"{""exits"": {""max_hold"": 10, ""native_exit"": true, ""target_r"": null}, ""filters"": {""event"": true, ""rs"": true, ""score"": true, ""vol"": true}, ""rank"": ""score"", ""setup"": ""rsi2"", ""setup_params"": {""entry"": 10.0, ""exit"": 70.0, ""ma"": 200, ""stop_atr"": 3.0}, ""sizing"": {""dd_reduce"": {""dd"": 0.1, ""factor"": 0.5}, ""heat_cap"": 0.06, ""max_positions"": 10, ""risk_pct"": 1.0}}"
2026-09-27 11:44:31,stocks,val,rsi2 all minus regime,b85459b3c6,0,0.38878573363960833,0.026836694331547006,-0.14120803343218313,367,0.03557633387903552,"{""exits"": {""max_hold"": 10, ""native_exit"": true, ""target_r"": null}, ""filters"": {""event"": true, ""rs"": true, ""score"": true, ""vol"": true}, ""rank"": ""score"", ""setup"": ""rsi2"", ""setup_params"": {""entry"": 10.0, ""exit"": 70.0, ""ma"": 200, ""stop_atr"": 3.0}, ""sizing"": {""dd_reduce"": {""dd"": 0.1, ""factor"": 0.5}, ""heat_cap"": 0.06, ""max_positions"": 10, ""risk_pct"": 1.0}}"
2026-09-27 11:44:31,stocks,dev,stocks/rsi2 sens setup.exit x1.3,a21f59bab9,0,0.9408568632234618,0.1405881474119366,-0.3036617122365516,4444,0.08031016684141867,"{""exits"": {""max_hold"": 10, ""native_exit"": true, ""target_r"": null}, ""filters"": {""rs"": true, ""score"": true}, ""rank"": ""score"", ""setup"": ""rsi2"", ""setup_params"": {""entry"": 10.0, ""exit"": 91.0, ""ma"": 200, ""stop_atr"": 3.0}, ""sizing"": {""heat_cap"": null, ""max_positions"": 10, ""risk_pct"": 1.0}}"
2026-09-27 11:44:37,stocks,dev,rsi2 all minus vol,d3396da910,0,0.6985343354627898,0.0450388199801508,-0.1274946119127106,2357,0.05211359904041338,"{""exits"": {""max_hold"": 10, ""native_exit"": true, ""target_r"": null}, ""filters"": {""event"": true, ""regime"": true, ""rs"": true, ""score"": true}, ""rank"": ""score"", ""setup"": ""rsi2"", ""setup_params"": {""entry"": 10.0, ""exit"": 70.0, ""ma"": 200, ""stop_atr"": 3.0}, ""sizing"": {""dd_reduce"": {""dd"": 0.1, ""factor"": 0.5}, ""heat_cap"": 0.06, ""max_positions"": 10, ""risk_pct"": 1.0}}"
2026-09-27 11:44:38,stocks,dev,stocks/rsi2 sens setup.stop_atr x0.7,ed655b27e5,0,0.9445832167245948,0.13830860435853842,-0.23568245076242766,5097,0.06678986922209892,"{""exits"": {""max_hold"": 10, ""native_exit"": true, ""target_r"": null}, ""filters"": {""rs"": true, ""score"": true}, ""rank"": ""score"", ""setup"": ""rsi2"", ""setup_params"": {""entry"": 10.0, ""exit"": 70.0, ""ma"": 200, ""stop_atr"": 2.1}, ""sizing"": {""heat_cap"": null, ""max_positions"": 10, ""risk_pct"": 1.0}}"
2026-09-27 11:44:41,stocks,val,rsi2 all minus vol,d3396da910,0,0.22200178609026747,0.012592028787223208,-0.09294493648713809,220,0.02090358578861827,"{""exits"": {""max_hold"": 10, ""native_exit"": true, ""target_r"": null}, ""filters"": {""event"": true, ""regime"": true, ""rs"": true, ""score"": true}, ""rank"": ""score"", ""setup"": ""rsi2"", ""setup_params"": {""entry"": 10.0, ""exit"": 70.0, ""ma"": 200, ""stop_atr"": 3.0}, ""sizing"": {""dd_reduce"": {""dd"": 0.1, ""factor"": 0.5}, ""heat_cap"": 0.06, ""max_positions"": 10, ""risk_pct"": 1.0}}"
2026-09-27 11:44:44,stocks,dev,stocks/rsi2 sens setup.stop_atr x1.3,16bbbf6ea5,0,0.9995687394012582,0.11033991833090351,-0.21198233850980652,5679,0.0484522178031485,"{""exits"": {""max_hold"": 10, ""native_exit"": true, ""target_r"": null}, ""filters"": {""rs"": true, ""score"": true}, ""rank"": ""score"", ""setup"": ""rsi2"", ""setup_params"": {""entry"": 10.0, ""exit"": 70.0, ""ma"": 200, ""stop_atr"": 3.9}, ""sizing"": {""heat_cap"": null, ""max_positions"": 10, ""risk_pct"": 1.0}}"
2026-09-27 11:44:47,stocks,dev,rsi2 all minus rs,3007e95db8,0,0.6244470531944833,0.04194396919060406,-0.13356169565651022,2688,0.044068579116266084,"{""exits"": {""max_hold"": 10, ""native_exit"": true, ""target_r"": null}, ""filters"": {""event"": true, ""regime"": true, ""score"": true, ""vol"": true}, ""rank"": ""score"", ""setup"": ""rsi2"", ""setup_params"": {""entry"": 10.0, ""exit"": 70.0, ""ma"": 200, ""stop_atr"": 3.0}, ""sizing"": {""dd_reduce"": {""dd"": 0.1, ""factor"": 0.5}, ""heat_cap"": 0.06, ""max_positions"": 10, ""risk_pct"": 1.0}}"
2026-09-27 11:44:50,stocks,dev,stocks/rsi2 sens rs.min_pct x0.7,ab30eb03b2,0,0.9448060792349441,0.11606498535153387,-0.23981450835764595,4880,0.059679441262866756,"{""exits"": {""max_hold"": 10, ""native_exit"": true, ""target_r"": null}, ""filters"": {""rs"": true, ""score"": true}, ""layer_params"": {""rs"": {""min_pct"": 86.0}}, ""rank"": ""score"", ""setup"": ""rsi2"", ""setup_params"": {""entry"": 10.0, ""exit"": 70.0, ""ma"": 200, ""stop_atr"": 3.0}, ""sizing"": {""heat_cap"": null, ""max_positions"": 10, ""risk_pct"": 1.0}}"
2026-09-27 11:44:51,stocks,val,rsi2 all minus rs,3007e95db8,0,0.3272727276183298,0.021135629986929194,-0.09229998346503043,244,0.03021938052671012,"{""exits"": {""max_hold"": 10, ""native_exit"": true, ""target_r"": null}, ""filters"": {""event"": true, ""regime"": true, ""score"": true, ""vol"": true}, ""rank"": ""score"", ""setup"": ""rsi2"", ""setup_params"": {""entry"": 10.0, ""exit"": 70.0, ""ma"": 200, ""stop_atr"": 3.0}, ""sizing"": {""dd_reduce"": {""dd"": 0.1, ""factor"": 0.5}, ""heat_cap"": 0.06, ""max_positions"": 10, ""risk_pct"": 1.0}}"
2026-09-27 11:44:56,stocks,dev,stocks/rsi2 sens rs.min_pct x1.3,3362f82a72,0,0.9380197164890796,0.12255249638925014,-0.22871409960793132,5758,0.05355560551456756,"{""exits"": {""max_hold"": 10, ""native_exit"": true, ""target_r"": null}, ""filters"": {""rs"": true, ""score"": true}, ""layer_params"": {""rs"": {""min_pct"": 74.0}}, ""rank"": ""score"", ""setup"": ""rsi2"", ""setup_params"": {""entry"": 10.0, ""exit"": 70.0, ""ma"": 200, ""stop_atr"": 3.0}, ""sizing"": {""heat_cap"": null, ""max_positions"": 10, ""risk_pct"": 1.0}}"
2026-09-27 11:44:58,stocks,dev,rsi2 all minus event,61e81a42f1,0,0.5682566447633421,0.036897504936749925,-0.16561986449039678,2394,0.041865060014295685,"{""exits"": {""max_hold"": 10, ""native_exit"": true, ""target_r"": null}, ""filters"": {""regime"": true, ""rs"": true, ""score"": true, ""vol"": true}, ""rank"": ""score"", ""setup"": ""rsi2"", ""setup_params"": {""entry"": 10.0, ""exit"": 70.0, ""ma"": 200, ""stop_atr"": 3.0}, ""sizing"": {""dd_reduce"": {""dd"": 0.1, ""factor"": 0.5}, ""heat_cap"": 0.06, ""max_positions"": 10, ""risk_pct"": 1.0}}"
2026-09-27 11:45:02,stocks,val,rsi2 all minus event,61e81a42f1,0,0.4820118778890593,0.031219794527798994,-0.08923090831407043,230,0.043604182392012865,"{""exits"": {""max_hold"": 10, ""native_exit"": true, ""target_r"": null}, ""filters"": {""regime"": true, ""rs"": true, ""score"": true, ""vol"": true}, ""rank"": ""score"", ""setup"": ""rsi2"", ""setup_params"": {""entry"": 10.0, ""exit"": 70.0, ""ma"": 200, ""stop_atr"": 3.0}, ""sizing"": {""dd_reduce"": {""dd"": 0.1, ""factor"": 0.5}, ""heat_cap"": 0.06, ""max_positions"": 10, ""risk_pct"": 1.0}}"
2026-09-27 11:45:02,stocks,dev,stocks/rsi2 sens score.top_pct x0.7,7edc4c5488,0,0.917678087664267,0.11097786514543406,-0.231690580127352,4794,0.05805133477050393,"{""exits"": {""max_hold"": 10, ""native_exit"": true, ""target_r"": null}, ""filters"": {""rs"": true, ""score"": true}, ""layer_params"": {""score"": {""top_pct"": 14.0}}, ""rank"": ""score"", ""setup"": ""rsi2"", ""setup_params"": {""entry"": 10.0, ""exit"": 70.0, ""ma"": 200, ""stop_atr"": 3.0}, ""sizing"": {""heat_cap"": null, ""max_positions"": 10, ""risk_pct"": 1.0}}"
2026-09-27 11:45:08,stocks,dev,rsi2 all minus score,797c6369aa,0,0.6615755899503369,0.04422847488529458,-0.15863603724585473,2932,0.04262248953027604,"{""exits"": {""max_hold"": 10, ""native_exit"": true, ""target_r"": null}, ""filters"": {""event"": true, ""regime"": true, ""rs"": true, ""vol"": true}, ""rank"": ""random"", ""setup"": ""rsi2"", ""setup_params"": {""entry"": 10.0, ""exit"": 70.0, ""ma"": 200, ""stop_atr"": 3.0}, ""sizing"": {""dd_reduce"": {""dd"": 0.1, ""factor"": 0.5}, ""heat_cap"": 0.06, ""max_positions"": 10, ""risk_pct"": 1.0}}"
2026-09-27 11:45:08,stocks,dev,stocks/rsi2 sens score.top_pct x1.3,d5389a5784,0,0.9929906639745384,0.13228885488475028,-0.261385185343324,5892,0.055968334764020876,"{""exits"": {""max_hold"": 10, ""native_exit"": true, ""target_r"": null}, ""filters"": {""rs"": true, ""score"": true}, ""layer_params"": {""score"": {""top_pct"": 26.0}}, ""rank"": ""score"", ""setup"": ""rsi2"", ""setup_params"": {""entry"": 10.0, ""exit"": 70.0, ""ma"": 200, ""stop_atr"": 3.0}, ""sizing"": {""heat_cap"": null, ""max_positions"": 10, ""risk_pct"": 1.0}}"
2026-09-27 11:45:09,stocks,dev,stocks/rsi2 sens exit.max_hold x0.7,1e7b2da1d6,0,0.9405585753127729,0.11882021780263474,-0.2583825426124041,5602,0.05327950634006805,"{""exits"": {""max_hold"": 7, ""native_exit"": true, ""target_r"": null}, ""filters"": {""rs"": true, ""score"": true}, ""rank"": ""score"", ""setup"": ""rsi2"", ""setup_params"": {""entry"": 10.0, ""exit"": 70.0, ""ma"": 200, ""stop_atr"": 3.0}, ""sizing"": {""heat_cap"": null, ""max_positions"": 10, ""risk_pct"": 1.0}}"
2026-09-27 11:45:09,stocks,dev,stocks/rsi2 sens exit.max_hold x1.3,f4e391d2ad,0,0.9644571878072208,0.12514902373994508,-0.24991527388834467,5394,0.05813424142470117,"{""exits"": {""max_hold"": 13, ""native_exit"": true, ""target_r"": null}, ""filters"": {""rs"": true, ""score"": true}, ""rank"": ""score"", ""setup"": ""rsi2"", ""setup_params"": {""entry"": 10.0, ""exit"": 70.0, ""ma"": 200, ""stop_atr"": 3.0}, ""sizing"": {""heat_cap"": null, ""max_positions"": 10, ""risk_pct"": 1.0}}"
2026-09-27 11:45:10,stocks,dev,stocks/rsi2 sens sizing.risk_pct x0.7,a8c7d4f918,0,0.9405779271823806,0.0936440564583354,-0.1801903450980049,5995,0.0560957577841319,"{""exits"": {""max_hold"": 10, ""native_exit"": true, ""target_r"": null}, ""filters"": {""rs"": true, ""score"": true}, ""rank"": ""score"", ""setup"": ""rsi2"", ""setup_params"": {""entry"": 10.0, ""exit"": 70.0, ""ma"": 200, ""stop_atr"": 3.0}, ""sizing"": {""heat_cap"": null, ""max_positions"": 10, ""risk_pct"": 0.7}}"
2026-09-27 11:45:10,stocks,dev,stocks/rsi2 sens sizing.risk_pct x1.3,cb61de79ae,0,0.9948574413648149,0.14604582498419028,-0.22222586208035477,4864,0.056931033304629175,"{""exits"": {""max_hold"": 10, ""native_exit"": true, ""target_r"": null}, ""filters"": {""rs"": true, ""score"": true}, ""rank"": ""score"", ""setup"": ""rsi2"", ""setup_params"": {""entry"": 10.0, ""exit"": 70.0, ""ma"": 200, ""stop_atr"": 3.0}, ""sizing"": {""heat_cap"": null, ""max_positions"": 10, ""risk_pct"": 1.3}}"
2026-09-27 11:45:12,stocks,val,rsi2 all minus score,797c6369aa,0,0.6038380438892116,0.04162449642881083,-0.13063997565188157,313,0.041009933402389835,"{""exits"": {""max_hold"": 10, ""native_exit"": true, ""target_r"": null}, ""filters"": {""event"": true, ""regime"": true, ""rs"": true, ""vol"": true}, ""rank"": ""random"", ""setup"": ""rsi2"", ""setup_params"": {""entry"": 10.0, ""exit"": 70.0, ""ma"": 200, ""stop_atr"": 3.0}, ""sizing"": {""dd_reduce"": {""dd"": 0.1, ""factor"": 0.5}, ""heat_cap"": 0.06, ""max_positions"": 10, ""risk_pct"": 1.0}}"
2026-09-27 11:45:12,stocks,dev,rsi2 all minus sizing,df236040de,0,0.9352104182668388,0.07844562109609376,-0.14689240583577434,2877,0.06851095217841639,"{""exits"": {""max_hold"": 10, ""native_exit"": true, ""target_r"": null}, ""filters"": {""event"": true, ""regime"": true, ""rs"": true, ""score"": true, ""vol"": true}, ""rank"": ""score"", ""setup"": ""rsi2"", ""setup_params"": {""entry"": 10.0, ""exit"": 70.0, ""ma"": 200, ""stop_atr"": 3.0}, ""sizing"": {""heat_cap"": null, ""max_positions"": 10, ""risk_pct"": 1.0}}"
2026-09-27 11:45:12,stocks,val,rsi2 all minus sizing,df236040de,0,0.021993902277166112,-0.0023611913275394247,-0.1608174758210198,302,0.002696665884219859,"{""exits"": {""max_hold"": 10, ""native_exit"": true, ""target_r"": null}, ""filters"": {""event"": true, ""regime"": true, ""rs"": true, ""score"": true, ""vol"": true}, ""rank"": ""score"", ""setup"": ""rsi2"", ""setup_params"": {""entry"": 10.0, ""exit"": 70.0, ""ma"": 200, ""stop_atr"": 3.0}, ""sizing"": {""heat_cap"": null, ""max_positions"": 10, ""risk_pct"": 1.0}}"
2026-09-27 11:45:18,stocks,dev,rsi2 PICKED,a93928bd5d,0,0.9636998857396197,0.12375755441473091,-0.22402806719624635,5434,0.057017025211555876,"{""exits"": {""max_hold"": 10, ""native_exit"": true, ""target_r"": null}, ""filters"": {""rs"": true, ""score"": true}, ""rank"": ""score"", ""setup"": ""rsi2"", ""setup_params"": {""entry"": 10.0, ""exit"": 70.0, ""ma"": 200, ""stop_atr"": 3.0}, ""sizing"": {""heat_cap"": null, ""max_positions"": 10, ""risk_pct"": 1.0}}"
2026-09-27 11:45:23,stocks,val,rsi2 PICKED,a93928bd5d,0,0.529422233462682,0.07024667732070089,-0.1576439771833188,630,0.037096557428348484,"{""exits"": {""max_hold"": 10, ""native_exit"": true, ""target_r"": null}, ""filters"": {""rs"": true, ""score"": true}, ""rank"": ""score"", ""setup"": ""rsi2"", ""setup_params"": {""entry"": 10.0, ""exit"": 70.0, ""ma"": 200, ""stop_atr"": 3.0}, ""sizing"": {""heat_cap"": null, ""max_positions"": 10, ""risk_pct"": 1.0}}"
2026-09-27 11:45:23,forex,dev,naive breakout,b092b312a6,0,0.10488264983311837,-0.012765979487669554,-0.6256586483486628,3051,0.011867125367657487,"{""exits"": {""max_hold"": 20, ""native_exit"": false, ""target_r"": 2.0}, ""filters"": {}, ""rank"": ""random"", ""setup"": ""breakout"", ""setup_params"": {""base_len"": 20, ""stop_atr_max"": 1.5, ""stop_atr_min"": 0.5}, ""sizing"": {""heat_cap"": null, ""max_positions"": 10, ""risk_pct"": 1.0}}"
2026-09-27 11:45:24,forex,val,naive breakout,b092b312a6,0,-0.12788501886723988,-0.06852296306839767,-0.5465701129751948,608,-0.040645300957582314,"{""exits"": {""max_hold"": 20, ""native_exit"": false, ""target_r"": 2.0}, ""filters"": {}, ""rank"": ""random"", ""setup"": ""breakout"", ""setup_params"": {""base_len"": 20, ""stop_atr_max"": 1.5, ""stop_atr_min"": 0.5}, ""sizing"": {""heat_cap"": null, ""max_positions"": 10, ""risk_pct"": 1.0}}"
2026-09-27 11:45:26,forex,dev,breakout + regime,682cc9fcfe,0,-0.09626555518304895,-0.0646090979574162,-0.7333982286408751,2771,-0.023229995164274653,"{""exits"": {""max_hold"": 20, ""native_exit"": false, ""target_r"": 2.0}, ""filters"": {""regime"": true}, ""rank"": ""random"", ""setup"": ""breakout"", ""setup_params"": {""base_len"": 20, ""stop_atr_max"": 1.5, ""stop_atr_min"": 0.5}, ""sizing"": {""heat_cap"": null, ""max_positions"": 10, ""risk_pct"": 1.0}}"
2026-09-27 11:45:27,forex,val,breakout + regime,682cc9fcfe,0,-0.10396380449724373,-0.060217068983381083,-0.5400588740224065,553,-0.038143936813967605,"{""exits"": {""max_hold"": 20, ""native_exit"": false, ""target_r"": 2.0}, ""filters"": {""regime"": true}, ""rank"": ""random"", ""setup"": ""breakout"", ""setup_params"": {""base_len"": 20, ""stop_atr_max"": 1.5, ""stop_atr_min"": 0.5}, ""sizing"": {""heat_cap"": null, ""max_positions"": 10, ""risk_pct"": 1.0}}"
2026-09-27 11:45:27,forex,dev,breakout + vol,88e4a99583,0,-0.13053008310456113,-0.07168041795600211,-0.7472006608829633,2896,-0.030010484005847715,"{""exits"": {""max_hold"": 20, ""native_exit"": false, ""target_r"": 2.0}, ""filters"": {""vol"": true}, ""rank"": ""random"", ""setup"": ""breakout"", ""setup_params"": {""base_len"": 20, ""stop_atr_max"": 1.5, ""stop_atr_min"": 0.5}, ""sizing"": {""heat_cap"": null, ""max_positions"": 10, ""risk_pct"": 1.0}}"
2026-09-27 11:45:28,forex,val,breakout + vol,88e4a99583,0,-0.6540296390614564,-0.16566939714359552,-0.5890802402642166,522,-0.10423514419318719,"{""exits"": {""max_hold"": 20, ""native_exit"": false, ""target_r"": 2.0}, ""filters"": {""vol"": true}, ""rank"": ""random"", ""setup"": ""breakout"", ""setup_params"": {""base_len"": 20, ""stop_atr_max"": 1.5, ""stop_atr_min"": 0.5}, ""sizing"": {""heat_cap"": null, ""max_positions"": 10, ""risk_pct"": 1.0}}"
2026-09-27 11:45:28,forex,dev,breakout + chop,5070dd20fe,0,-0.01889897769191099,-0.04526346483624544,-0.791875873437879,2727,-0.005774796727691307,"{""exits"": {""max_hold"": 20, ""native_exit"": false, ""target_r"": 2.0}, ""filters"": {""chop"": true}, ""rank"": ""random"", ""setup"": ""breakout"", ""setup_params"": {""base_len"": 20, ""stop_atr_max"": 1.5, ""stop_atr_min"": 0.5}, ""sizing"": {""heat_cap"": null, ""max_positions"": 10, ""risk_pct"": 1.0}}"
2026-09-27 11:45:29,forex,val,breakout + chop,5070dd20fe,0,-0.3196867168106877,-0.11097594710160508,-0.5819875120676764,510,-0.08019272261784173,"{""exits"": {""max_hold"": 20, ""native_exit"": false, ""target_r"": 2.0}, ""filters"": {""chop"": true}, ""rank"": ""random"", ""setup"": ""breakout"", ""setup_params"": {""base_len"": 20, ""stop_atr_max"": 1.5, ""stop_atr_min"": 0.5}, ""sizing"": {""heat_cap"": null, ""max_positions"": 10, ""risk_pct"": 1.0}}"
2026-09-27 11:45:29,forex,dev,breakout + rs,51ab81bcd8,0,-0.15204080277364396,-0.06734037749971344,-0.8151031022900587,2185,-0.033543129906485565,"{""exits"": {""max_hold"": 20, ""native_exit"": false, ""target_r"": 2.0}, ""filters"": {""rs"": true}, ""rank"": ""random"", ""setup"": ""breakout"", ""setup_params"": {""base_len"": 20, ""stop_atr_max"": 1.5, ""stop_atr_min"": 0.5}, ""sizing"": {""heat_cap"": null, ""max_positions"": 10, ""risk_pct"": 1.0}}"
2026-09-27 11:45:29,forex,val,breakout + rs,51ab81bcd8,0,-0.11068733482542877,-0.04869838189272502,-0.46666033764350967,415,-0.028014041626040678,"{""exits"": {""max_hold"": 20, ""native_exit"": false, ""target_r"": 2.0}, ""filters"": {""rs"": true}, ""rank"": ""random"", ""setup"": ""breakout"", ""setup_params"": {""base_len"": 20, ""stop_atr_max"": 1.5, ""stop_atr_min"": 0.5}, ""sizing"": {""heat_cap"": null, ""max_positions"": 10, ""risk_pct"": 1.0}}"
2026-09-27 11:45:30,forex,dev,breakout + score rank only,441edab161,0,0.007706049769803454,-0.042145900904672295,-0.7338590029371777,3150,-0.004584239975640846,"{""exits"": {""max_hold"": 20, ""native_exit"": false, ""target_r"": 2.0}, ""filters"": {}, ""rank"": ""score"", ""setup"": ""breakout"", ""setup_params"": {""base_len"": 20, ""stop_atr_max"": 1.5, ""stop_atr_min"": 0.5}, ""sizing"": {""heat_cap"": null, ""max_positions"": 10, ""risk_pct"": 1.0}}"
2026-09-27 11:45:30,forex,val,breakout + score rank only,441edab161,0,-0.7886328952894148,-0.22362601833514295,-0.7273342710263877,630,-0.12750640571210814,"{""exits"": {""max_hold"": 20, ""native_exit"": false, ""target_r"": 2.0}, ""filters"": {}, ""rank"": ""score"", ""setup"": ""breakout"", ""setup_params"": {""base_len"": 20, ""stop_atr_max"": 1.5, ""stop_atr_min"": 0.5}, ""sizing"": {""heat_cap"": null, ""max_positions"": 10, ""risk_pct"": 1.0}}"
2026-09-27 11:45:30,forex,dev,breakout + score top 20%,9810d12771,0,-0.15764378382034866,-0.04036775147389582,-0.6352287800808575,1324,-0.0499735783417653,"{""exits"": {""max_hold"": 20, ""native_exit"": false, ""target_r"": 2.0}, ""filters"": {""score"": true}, ""rank"": ""score"", ""setup"": ""breakout"", ""setup_params"": {""base_len"": 20, ""stop_atr_max"": 1.5, ""stop_atr_min"": 0.5}, ""sizing"": {""heat_cap"": null, ""max_positions"": 10, ""risk_pct"": 1.0}}"
2026-09-27 11:45:31,forex,val,breakout + score top 20%,9810d12771,0,-0.6463361485357592,-0.10160956413028333,-0.4271796865541001,243,-0.15789200206800497,"{""exits"": {""max_hold"": 20, ""native_exit"": false, ""target_r"": 2.0}, ""filters"": {""score"": true}, ""rank"": ""score"", ""setup"": ""breakout"", ""setup_params"": {""base_len"": 20, ""stop_atr_max"": 1.5, ""stop_atr_min"": 0.5}, ""sizing"": {""heat_cap"": null, ""max_positions"": 10, ""risk_pct"": 1.0}}"
2026-09-27 11:45:31,forex,dev,breakout + risk 0.25%,cd7cc6eff6,0,0.007619290787785909,-0.0048917177360555675,-0.30498048866949856,5034,0.0010024335420678822,"{""exits"": {""max_hold"": 20, ""native_exit"": false, ""target_r"": 2.0}, ""filters"": {}, ""rank"": ""random"", ""setup"": ""breakout"", ""setup_params"": {""base_len"": 20, ""stop_atr_max"": 1.5, ""stop_atr_min"": 0.5}, ""sizing"": {""heat_cap"": null, ""max_positions"": 10, ""risk_pct"": 0.25}}"
2026-09-27 11:45:32,forex,val,breakout + risk 0.25%,cd7cc6eff6,0,-1.088566423983722,-0.1192557134535448,-0.42132106813646997,1040,-0.13948162043634288,"{""exits"": {""max_hold"": 20, ""native_exit"": false, ""target_r"": 2.0}, ""filters"": {}, ""rank"": ""random"", ""setup"": ""breakout"", ""setup_params"": {""base_len"": 20, ""stop_atr_max"": 1.5, ""stop_atr_min"": 0.5}, ""sizing"": {""heat_cap"": null, ""max_positions"": 10, ""risk_pct"": 0.25}}"
2026-09-27 11:45:32,forex,dev,breakout + risk 0.5%,49826e3851,0,-0.11740675276429159,-0.04434023273549825,-0.637832504290232,4716,-0.015017974804838833,"{""exits"": {""max_hold"": 20, ""native_exit"": false, ""target_r"": 2.0}, ""filters"": {}, ""rank"": ""random"", ""setup"": ""breakout"", ""setup_params"": {""base_len"": 20, ""stop_atr_max"": 1.5, ""stop_atr_min"": 0.5}, ""sizing"": {""heat_cap"": null, ""max_positions"": 10, ""risk_pct"": 0.5}}"
2026-09-27 11:45:33,forex,val,breakout + risk 0.5%,49826e3851,0,-0.6323363516700113,-0.14173222083885018,-0.5467849657257915,926,-0.08907353789787945,"{""exits"": {""max_hold"": 20, ""native_exit"": false, ""target_r"": 2.0}, ""filters"": {}, ""rank"": ""random"", ""setup"": ""breakout"", ""setup_params"": {""base_len"": 20, ""stop_atr_max"": 1.5, ""stop_atr_min"": 0.5}, ""sizing"": {""heat_cap"": null, ""max_positions"": 10, ""risk_pct"": 0.5}}"
2026-09-27 11:45:33,forex,dev,breakout + risk 2%,f9a644fd67,0,-0.16432433162723478,-0.10915819243096281,-0.9021242596653621,2235,-0.028358594820496137,"{""exits"": {""max_hold"": 20, ""native_exit"": false, ""target_r"": 2.0}, ""filters"": {}, ""rank"": ""random"", ""setup"": ""breakout"", ""setup_params"": {""base_len"": 20, ""stop_atr_max"": 1.5, ""stop_atr_min"": 0.5}, ""sizing"": {""heat_cap"": null, ""max_positions"": 10, ""risk_pct"": 2.0}}"
2026-09-27 11:45:33,forex,val,breakout + risk 2%,f9a644fd67,0,-0.16818550714245423,-0.09601758782805903,-0.6002187394715193,482,-0.10316609196820677,"{""exits"": {""max_hold"": 20, ""native_exit"": false, ""target_r"": 2.0}, ""filters"": {}, ""rank"": ""random"", ""setup"": ""breakout"", ""setup_params"": {""base_len"": 20, ""stop_atr_max"": 1.5, ""stop_atr_min"": 0.5}, ""sizing"": {""heat_cap"": null, ""max_positions"": 10, ""risk_pct"": 2.0}}"
2026-09-27 11:45:34,forex,dev,breakout + ATR sizing,c404b15004,0,-0.029433319282115525,-0.034186754197017666,-0.53048484642316,4513,-0.016814047492410125,"{""exits"": {""max_hold"": 20, ""native_exit"": false, ""target_r"": 2.0}, ""filters"": {}, ""rank"": ""random"", ""setup"": ""breakout"", ""setup_params"": {""base_len"": 20, ""stop_atr_max"": 1.5, ""stop_atr_min"": 0.5}, ""sizing"": {""atr_mult"": 2.0, ""heat_cap"": null, ""max_positions"": 10, ""mode"": ""atr"", ""risk_pct"": 1.0}}"
2026-09-27 11:45:34,forex,val,breakout + ATR sizing,c404b15004,0,-0.5937755458115741,-0.14287102755155856,-0.593569146296036,866,-0.11486106111287235,"{""exits"": {""max_hold"": 20, ""native_exit"": false, ""target_r"": 2.0}, ""filters"": {}, ""rank"": ""random"", ""setup"": ""breakout"", ""setup_params"": {""base_len"": 20, ""stop_atr_max"": 1.5, ""stop_atr_min"": 0.5}, ""sizing"": {""atr_mult"": 2.0, ""heat_cap"": null, ""max_positions"": 10, ""mode"": ""atr"", ""risk_pct"": 1.0}}"
2026-09-27 11:45:35,forex,dev,breakout + heat cap 4%,b41a0cbbfb,0,-0.10843444714495488,-0.037913923379938264,-0.5902598064312237,2081,-0.024839144294591383,"{""exits"": {""max_hold"": 20, ""native_exit"": false, ""target_r"": 2.0}, ""filters"": {}, ""rank"": ""random"", ""setup"": ""breakout"", ""setup_params"": {""base_len"": 20, ""stop_atr_max"": 1.5, ""stop_atr_min"": 0.5}, ""sizing"": {""heat_cap"": 0.04, ""max_positions"": 10, ""risk_pct"": 1.0}}"
2026-09-27 11:45:35,forex,val,breakout + heat cap 4%,b41a0cbbfb,0,-0.6689130549422722,-0.13561731138275712,-0.49839809664561285,456,-0.11945892804785169,"{""exits"": {""max_hold"": 20, ""native_exit"": false, ""target_r"": 2.0}, ""filters"": {}, ""rank"": ""random"", ""setup"": ""breakout"", ""setup_params"": {""base_len"": 20, ""stop_atr_max"": 1.5, ""stop_atr_min"": 0.5}, ""sizing"": {""heat_cap"": 0.04, ""max_positions"": 10, ""risk_pct"": 1.0}}"
2026-09-27 11:45:35,forex,dev,breakout + heat cap 6%,c1198a7843,0,0.15215074340474152,0.0076072093059242896,-0.4931765346568485,2640,0.017456765339028412,"{""exits"": {""max_hold"": 20, ""native_exit"": false, ""target_r"": 2.0}, ""filters"": {}, ""rank"": ""random"", ""setup"": ""breakout"", ""setup_params"": {""base_len"": 20, ""stop_atr_max"": 1.5, ""stop_atr_min"": 0.5}, ""sizing"": {""heat_cap"": 0.06, ""max_positions"": 10, ""risk_pct"": 1.0}}"
2026-09-27 11:45:36,forex,val,breakout + heat cap 6%,c1198a7843,0,-0.46232708629207525,-0.1307085542767682,-0.525375280181873,555,-0.08219226382286299,"{""exits"": {""max_hold"": 20, ""native_exit"": false, ""target_r"": 2.0}, ""filters"": {}, ""rank"": ""random"", ""setup"": ""breakout"", ""setup_params"": {""base_len"": 20, ""stop_atr_max"": 1.5, ""stop_atr_min"": 0.5}, ""sizing"": {""heat_cap"": 0.06, ""max_positions"": 10, ""risk_pct"": 1.0}}"
2026-09-27 11:45:36,forex,dev,breakout + heat cap 8%,446f0c4a6c,0,0.04721271092459847,-0.023275517349467867,-0.6083316294053227,2907,-0.0012841521965189287,"{""exits"": {""max_hold"": 20, ""native_exit"": false, ""target_r"": 2.0}, ""filters"": {}, ""rank"": ""random"", ""setup"": ""breakout"", ""setup_params"": {""base_len"": 20, ""stop_atr_max"": 1.5, ""stop_atr_min"": 0.5}, ""sizing"": {""heat_cap"": 0.08, ""max_positions"": 10, ""risk_pct"": 1.0}}"
2026-09-27 11:45:36,forex,val,breakout + heat cap 8%,446f0c4a6c,0,-0.3629933009580365,-0.12196592755119273,-0.5697985236020624,602,-0.06900756548425066,"{""exits"": {""max_hold"": 20, ""native_exit"": false, ""target_r"": 2.0}, ""filters"": {}, ""rank"": ""random"", ""setup"": ""breakout"", ""setup_params"": {""base_len"": 20, ""stop_atr_max"": 1.5, ""stop_atr_min"": 0.5}, ""sizing"": {""heat_cap"": 0.08, ""max_positions"": 10, ""risk_pct"": 1.0}}"
2026-09-27 11:45:37,forex,dev,breakout + max 5 positions,465a5a0299,0,0.2403642792318719,0.02962737975392682,-0.45246626915971644,2717,0.03308976378928439,"{""exits"": {""max_hold"": 20, ""native_exit"": false, ""target_r"": 2.0}, ""filters"": {}, ""rank"": ""random"", ""setup"": ""breakout"", ""setup_params"": {""base_len"": 20, ""stop_atr_max"": 1.5, ""stop_atr_min"": 0.5}, ""sizing"": {""heat_cap"": null, ""max_positions"": 5, ""risk_pct"": 1.0}}"
2026-09-27 11:45:37,forex,val,breakout + max 5 positions,465a5a0299,0,-0.5971795386190623,-0.15910083151554877,-0.5578025449014314,565,-0.11010969878248258,"{""exits"": {""max_hold"": 20, ""native_exit"": false, ""target_r"": 2.0}, ""filters"": {}, ""rank"": ""random"", ""setup"": ""breakout"", ""setup_params"": {""base_len"": 20, ""stop_atr_max"": 1.5, ""stop_atr_min"": 0.5}, ""sizing"": {""heat_cap"": null, ""max_positions"": 5, ""risk_pct"": 1.0}}"
2026-09-27 11:45:37,forex,dev,breakout + halve risk in 10% DD,5e8ad633a3,0,-0.13547676176931778,-0.05049704815899547,-0.6344943801553367,4547,-0.006352618257320351,"{""exits"": {""max_hold"": 20, ""native_exit"": false, ""target_r"": 2.0}, ""filters"": {}, ""rank"": ""random"", ""setup"": ""breakout"", ""setup_params"": {""base_len"": 20, ""stop_atr_max"": 1.5, ""stop_atr_min"": 0.5}, ""sizing"": {""dd_reduce"": {""dd"": 0.1, ""factor"": 0.5}, ""heat_cap"": null, ""max_positions"": 10, ""risk_pct"": 1.0}}"
2026-09-27 11:45:38,forex,val,breakout + halve risk in 10% DD,5e8ad633a3,0,-0.5234461238541672,-0.1320953848943377,-0.5651177478762319,889,-0.10029221805505281,"{""exits"": {""max_hold"": 20, ""native_exit"": false, ""target_r"": 2.0}, ""filters"": {}, ""rank"": ""random"", ""setup"": ""breakout"", ""setup_params"": {""base_len"": 20, ""stop_atr_max"": 1.5, ""stop_atr_min"": 0.5}, ""sizing"": {""dd_reduce"": {""dd"": 0.1, ""factor"": 0.5}, ""heat_cap"": null, ""max_positions"": 10, ""risk_pct"": 1.0}}"
2026-09-27 11:45:39,forex,dev,breakout + partial 3d + BE + 10MA,3a1101c9f7,0,0.10454717724244454,-0.014081210505715647,-0.5487171516510725,3235,0.005193245476430523,"{""exits"": {""breakeven"": true, ""max_hold"": 100, ""native_exit"": false, ""partial"": {""after_bars"": 3, ""frac"": 0.33, ""trail_after_partial"": true}, ""target_r"": null, ""trail_ma"": 10}, ""filters"": {}, ""rank"": ""random"", ""setup"": ""breakout"", ""setup_params"": {""base_len"": 20, ""stop_atr_max"": 1.5, ""stop_atr_min"": 0.5}, ""sizing"": {""heat_cap"": null, ""max_positions"": 10, ""risk_pct"": 1.0}}"
2026-09-27 11:45:40,forex,val,breakout + partial 3d + BE + 10MA,3a1101c9f7,0,-0.6528428202842942,-0.211742574914903,-0.6508546485202276,626,-0.13438583970117937,"{""exits"": {""breakeven"": true, ""max_hold"": 100, ""native_exit"": false, ""partial"": {""after_bars"": 3, ""frac"": 0.33, ""trail_after_partial"": true}, ""target_r"": null, ""trail_ma"": 10}, ""filters"": {}, ""rank"": ""random"", ""setup"": ""breakout"", ""setup_params"": {""base_len"": 20, ""stop_atr_max"": 1.5, ""stop_atr_min"": 0.5}, ""sizing"": {""heat_cap"": null, ""max_positions"": 10, ""risk_pct"": 1.0}}"
2026-09-27 11:45:40,forex,dev,breakout + partial 2R + BE + 20MA,5c3dccffa7,0,-0.07148643274622891,-0.0637962968369371,-0.7231463918757111,2103,-0.02566321926224613,"{""exits"": {""breakeven"": true, ""max_hold"": 100, ""native_exit"": false, ""partial"": {""at_r"": 2.0, ""frac"": 0.5, ""trail_after_partial"": true}, ""target_r"": null, ""trail_ma"": 20}, ""filters"": {}, ""rank"": ""random"", ""setup"": ""breakout"", ""setup_params"": {""base_len"": 20, ""stop_atr_max"": 1.5, ""stop_atr_min"": 0.5}, ""sizing"": {""heat_cap"": null, ""max_positions"": 10, ""risk_pct"": 1.0}}"
2026-09-27 11:45:41,forex,val,breakout + partial 2R + BE + 20MA,5c3dccffa7,0,-0.3230957007807632,-0.1306736415065025,-0.605635462904399,419,-0.1022976007221688,"{""exits"": {""breakeven"": true, ""max_hold"": 100, ""native_exit"": false, ""partial"": {""at_r"": 2.0, ""frac"": 0.5, ""trail_after_partial"": true}, ""target_r"": null, ""trail_ma"": 20}, ""filters"": {}, ""rank"": ""random"", ""setup"": ""breakout"", ""setup_params"": {""base_len"": 20, ""stop_atr_max"": 1.5, ""stop_atr_min"": 0.5}, ""sizing"": {""heat_cap"": null, ""max_positions"": 10, ""risk_pct"": 1.0}}"
2026-09-27 11:45:41,forex,dev,breakout + ATR trail 2.5,40e01aadb0,0,-0.22196116810780192,-0.13098562923641244,-0.9115096980582835,1842,-0.086806824002355,"{""exits"": {""max_hold"": 100, ""native_exit"": false, ""target_r"": null, ""trail_atr"": 2.5}, ""filters"": {}, ""rank"": ""random"", ""setup"": ""breakout"", ""setup_params"": {""base_len"": 20, ""stop_atr_max"": 1.5, ""stop_atr_min"": 0.5}, ""sizing"": {""heat_cap"": null, ""max_positions"": 10, ""risk_pct"": 1.0}}"
2026-09-27 11:45:42,forex,val,breakout + ATR trail 2.5,40e01aadb0,0,-0.0386677894374455,-0.06237949112747676,-0.5871097108649616,340,-0.06874607543967301,"{""exits"": {""max_hold"": 100, ""native_exit"": false, ""target_r"": null, ""trail_atr"": 2.5}, ""filters"": {}, ""rank"": ""random"", ""setup"": ""breakout"", ""setup_params"": {""base_len"": 20, ""stop_atr_max"": 1.5, ""stop_atr_min"": 0.5}, ""sizing"": {""heat_cap"": null, ""max_positions"": 10, ""risk_pct"": 1.0}}"
2026-09-27 11:45:42,forex,dev,breakout + time stop 5d,f691067460,0,-0.14382033280453785,-0.07954672743955671,-0.8047749494941951,4017,-0.01988540335490536,"{""exits"": {""max_hold"": 20, ""native_exit"": false, ""target_r"": 2.0, ""time_stop"": {""bars"": 5, ""min_r"": 0.5}}, ""filters"": {}, ""rank"": ""random"", ""setup"": ""breakout"", ""setup_params"": {""base_len"": 20, ""stop_atr_max"": 1.5, ""stop_atr_min"": 0.5}, ""sizing"": {""heat_cap"": null, ""max_positions"": 10, ""risk_pct"": 1.0}}"
2026-09-27 11:45:43,forex,val,breakout + time stop 5d,f691067460,0,-0.8895036124422059,-0.23361867253336455,-0.7132005681812961,741,-0.11970764968720904,"{""exits"": {""max_hold"": 20, ""native_exit"": false, ""target_r"": 2.0, ""time_stop"": {""bars"": 5, ""min_r"": 0.5}}, ""filters"": {}, ""rank"": ""random"", ""setup"": ""breakout"", ""setup_params"": {""base_len"": 20, ""stop_atr_max"": 1.5, ""stop_atr_min"": 0.5}, ""sizing"": {""heat_cap"": null, ""max_positions"": 10, ""risk_pct"": 1.0}}"
2026-09-27 11:45:43,forex,dev,breakout ALL LAYERS,f240964832,0,-0.25922879438795604,-0.02777426844683284,-0.44590009480932935,671,-0.08674844955064848,"{""exits"": {""breakeven"": true, ""max_hold"": 100, ""native_exit"": false, ""partial"": {""at_r"": 2.0, ""frac"": 0.5, ""trail_after_partial"": true}, ""target_r"": null, ""trail_ma"": 20}, ""filters"": {""chop"": true, ""regime"": true, ""rs"": true, ""score"": true, ""vol"": true}, ""rank"": ""score"", ""setup"": ""breakout"", ""setup_params"": {""base_len"": 20, ""stop_atr_max"": 1.5, ""stop_atr_min"": 0.5}, ""sizing"": {""dd_reduce"": {""dd"": 0.1, ""factor"": 0.5}, ""heat_cap"": 0.06, ""max_positions"": 10, ""risk_pct"": 1.0}}"
2026-09-27 11:45:44,forex,val,breakout ALL LAYERS,f240964832,0,-1.3061959786053585,-0.11071855205408188,-0.3062212747737396,137,-0.4360694329271082,"{""exits"": {""breakeven"": true, ""max_hold"": 100, ""native_exit"": false, ""partial"": {""at_r"": 2.0, ""frac"": 0.5, ""trail_after_partial"": true}, ""target_r"": null, ""trail_ma"": 20}, ""filters"": {""chop"": true, ""regime"": true, ""rs"": true, ""score"": true, ""vol"": true}, ""rank"": ""score"", ""setup"": ""breakout"", ""setup_params"": {""base_len"": 20, ""stop_atr_max"": 1.5, ""stop_atr_min"": 0.5}, ""sizing"": {""dd_reduce"": {""dd"": 0.1, ""factor"": 0.5}, ""heat_cap"": 0.06, ""max_positions"": 10, ""risk_pct"": 1.0}}"
2026-09-27 11:45:44,forex,dev,breakout all minus regime,38c5374676,0,-0.2826305422693486,-0.030361105525556376,-0.4726283700822468,687,-0.09710487119544439,"{""exits"": {""breakeven"": true, ""max_hold"": 100, ""native_exit"": false, ""partial"": {""at_r"": 2.0, ""frac"": 0.5, ""trail_after_partial"": true}, ""target_r"": null, ""trail_ma"": 20}, ""filters"": {""chop"": true, ""rs"": true, ""score"": true, ""vol"": true}, ""rank"": ""score"", ""setup"": ""breakout"", ""setup_params"": {""base_len"": 20, ""stop_atr_max"": 1.5, ""stop_atr_min"": 0.5}, ""sizing"": {""dd_reduce"": {""dd"": 0.1, ""factor"": 0.5}, ""heat_cap"": 0.06, ""max_positions"": 10, ""risk_pct"": 1.0}}"
2026-09-27 11:45:45,forex,val,breakout all minus regime,38c5374676,0,-1.3061959786053585,-0.11071855205408188,-0.3062212747737396,137,-0.4360694329271082,"{""exits"": {""breakeven"": true, ""max_hold"": 100, ""native_exit"": false, ""partial"": {""at_r"": 2.0, ""frac"": 0.5, ""trail_after_partial"": true}, ""target_r"": null, ""trail_ma"": 20}, ""filters"": {""chop"": true, ""rs"": true, ""score"": true, ""vol"": true}, ""rank"": ""score"", ""setup"": ""breakout"", ""setup_params"": {""base_len"": 20, ""stop_atr_max"": 1.5, ""stop_atr_min"": 0.5}, ""sizing"": {""dd_reduce"": {""dd"": 0.1, ""factor"": 0.5}, ""heat_cap"": 0.06, ""max_positions"": 10, ""risk_pct"": 1.0}}"
2026-09-27 11:45:45,forex,dev,breakout all minus vol,b05f10d702,0,-0.31420865802522946,-0.034997847673565174,-0.5084066494687225,743,-0.10668773473653696,"{""exits"": {""breakeven"": true, ""max_hold"": 100, ""native_exit"": false, ""partial"": {""at_r"": 2.0, ""frac"": 0.5, ""trail_after_partial"": true}, ""target_r"": null, ""trail_ma"": 20}, ""filters"": {""chop"": true, ""regime"": true, ""rs"": true, ""score"": true}, ""rank"": ""score"", ""setup"": ""breakout"", ""setup_params"": {""base_len"": 20, ""stop_atr_max"": 1.5, ""stop_atr_min"": 0.5}, ""sizing"": {""dd_reduce"": {""dd"": 0.1, ""factor"": 0.5}, ""heat_cap"": 0.06, ""max_positions"": 10, ""risk_pct"": 1.0}}"
2026-09-27 11:45:46,forex,val,breakout all minus vol,b05f10d702,0,-1.3247145205029403,-0.11873358436183878,-0.3348021121283894,155,-0.40949049057160597,"{""exits"": {""breakeven"": true, ""max_hold"": 100, ""native_exit"": false, ""partial"": {""at_r"": 2.0, ""frac"": 0.5, ""trail_after_partial"": true}, ""target_r"": null, ""trail_ma"": 20}, ""filters"": {""chop"": true, ""regime"": true, ""rs"": true, ""score"": true}, ""rank"": ""score"", ""setup"": ""breakout"", ""setup_params"": {""base_len"": 20, ""stop_atr_max"": 1.5, ""stop_atr_min"": 0.5}, ""sizing"": {""dd_reduce"": {""dd"": 0.1, ""factor"": 0.5}, ""heat_cap"": 0.06, ""max_positions"": 10, ""risk_pct"": 1.0}}"
2026-09-27 11:45:46,forex,dev,breakout all minus chop,607578dec5,0,-0.2889791026649506,-0.03372736275209032,-0.47649645576947997,823,-0.0938932291802272,"{""exits"": {""breakeven"": true, ""max_hold"": 100, ""native_exit"": false, ""partial"": {""at_r"": 2.0, ""frac"": 0.5, ""trail_after_partial"": true}, ""target_r"": null, ""trail_ma"": 20}, ""filters"": {""regime"": true, ""rs"": true, ""score"": true, ""vol"": true}, ""rank"": ""score"", ""setup"": ""breakout"", ""setup_params"": {""base_len"": 20, ""stop_atr_max"": 1.5, ""stop_atr_min"": 0.5}, ""sizing"": {""dd_reduce"": {""dd"": 0.1, ""factor"": 0.5}, ""heat_cap"": 0.06, ""max_positions"": 10, ""risk_pct"": 1.0}}"
2026-09-27 11:45:47,forex,val,breakout all minus chop,607578dec5,0,-1.0498342139191843,-0.10151649867925938,-0.302566799740996,164,-0.33088537767955106,"{""exits"": {""breakeven"": true, ""max_hold"": 100, ""native_exit"": false, ""partial"": {""at_r"": 2.0, ""frac"": 0.5, ""trail_after_partial"": true}, ""target_r"": null, ""trail_ma"": 20}, ""filters"": {""regime"": true, ""rs"": true, ""score"": true, ""vol"": true}, ""rank"": ""score"", ""setup"": ""breakout"", ""setup_params"": {""base_len"": 20, ""stop_atr_max"": 1.5, ""stop_atr_min"": 0.5}, ""sizing"": {""dd_reduce"": {""dd"": 0.1, ""factor"": 0.5}, ""heat_cap"": 0.06, ""max_positions"": 10, ""risk_pct"": 1.0}}"
2026-09-27 11:45:47,forex,dev,breakout all minus rs,5bbd9f7974,0,-0.30453787528421167,-0.035068449388285905,-0.47694166430462803,788,-0.09397947846346338,"{""exits"": {""breakeven"": true, ""max_hold"": 100, ""native_exit"": false, ""partial"": {""at_r"": 2.0, ""frac"": 0.5, ""trail_after_partial"": true}, ""target_r"": null, ""trail_ma"": 20}, ""filters"": {""chop"": true, ""regime"": true, ""score"": true, ""vol"": true}, ""rank"": ""score"", ""setup"": ""breakout"", ""setup_params"": {""base_len"": 20, ""stop_atr_max"": 1.5, ""stop_atr_min"": 0.5}, ""sizing"": {""dd_reduce"": {""dd"": 0.1, ""factor"": 0.5}, ""heat_cap"": 0.06, ""max_positions"": 10, ""risk_pct"": 1.0}}"
2026-09-27 11:45:48,forex,val,breakout all minus rs,5bbd9f7974,0,-1.3249294910626892,-0.11914833543208547,-0.33306612376909794,158,-0.3984708036062678,"{""exits"": {""breakeven"": true, ""max_hold"": 100, ""native_exit"": false, ""partial"": {""at_r"": 2.0, ""frac"": 0.5, ""trail_after_partial"": true}, ""target_r"": null, ""trail_ma"": 20}, ""filters"": {""chop"": true, ""regime"": true, ""score"": true, ""vol"": true}, ""rank"": ""score"", ""setup"": ""breakout"", ""setup_params"": {""base_len"": 20, ""stop_atr_max"": 1.5, ""stop_atr_min"": 0.5}, ""sizing"": {""dd_reduce"": {""dd"": 0.1, ""factor"": 0.5}, ""heat_cap"": 0.06, ""max_positions"": 10, ""risk_pct"": 1.0}}"
2026-09-27 11:45:48,forex,dev,breakout all minus score,7083afe827,0,-0.4030841218489987,-0.059691120057248526,-0.6429571273967911,1267,-0.11947042666440742,"{""exits"": {""breakeven"": true, ""max_hold"": 100, ""native_exit"": false, ""partial"": {""at_r"": 2.0, ""frac"": 0.5, ""trail_after_partial"": true}, ""target_r"": null, ""trail_ma"": 20}, ""filters"": {""chop"": true, ""regime"": true, ""rs"": true, ""vol"": true}, ""rank"": ""random"", ""setup"": ""breakout"", ""setup_params"": {""base_len"": 20, ""stop_atr_max"": 1.5, ""stop_atr_min"": 0.5}, ""sizing"": {""dd_reduce"": {""dd"": 0.1, ""factor"": 0.5}, ""heat_cap"": 0.06, ""max_positions"": 10, ""risk_pct"": 1.0}}"
2026-09-27 11:45:49,forex,val,breakout all minus score,7083afe827,0,-0.7987107020590503,-0.11148679383612803,-0.38266797693688126,248,-0.23286808994542793,"{""exits"": {""breakeven"": true, ""max_hold"": 100, ""native_exit"": false, ""partial"": {""at_r"": 2.0, ""frac"": 0.5, ""trail_after_partial"": true}, ""target_r"": null, ""trail_ma"": 20}, ""filters"": {""chop"": true, ""regime"": true, ""rs"": true, ""vol"": true}, ""rank"": ""random"", ""setup"": ""breakout"", ""setup_params"": {""base_len"": 20, ""stop_atr_max"": 1.5, ""stop_atr_min"": 0.5}, ""sizing"": {""dd_reduce"": {""dd"": 0.1, ""factor"": 0.5}, ""heat_cap"": 0.06, ""max_positions"": 10, ""risk_pct"": 1.0}}"
2026-09-27 11:45:49,forex,dev,breakout all minus exit,246e9148da,0,-0.22955425672243981,-0.021135934872881013,-0.38021788633401443,804,-0.04686369807055145,"{""exits"": {""max_hold"": 20, ""native_exit"": false, ""target_r"": 2.0}, ""filters"": {""chop"": true, ""regime"": true, ""rs"": true, ""score"": true, ""vol"": true}, ""rank"": ""score"", ""setup"": ""breakout"", ""setup_params"": {""base_len"": 20, ""stop_atr_max"": 1.5, ""stop_atr_min"": 0.5}, ""sizing"": {""dd_reduce"": {""dd"": 0.1, ""factor"": 0.5}, ""heat_cap"": 0.06, ""max_positions"": 10, ""risk_pct"": 1.0}}"
2026-09-27 11:45:50,forex,val,breakout all minus exit,246e9148da,0,-1.351411221426605,-0.09742525044915662,-0.28233297168597105,152,-0.3145369670509764,"{""exits"": {""max_hold"": 20, ""native_exit"": false, ""target_r"": 2.0}, ""filters"": {""chop"": true, ""regime"": true, ""rs"": true, ""score"": true, ""vol"": true}, ""rank"": ""score"", ""setup"": ""breakout"", ""setup_params"": {""base_len"": 20, ""stop_atr_max"": 1.5, ""stop_atr_min"": 0.5}, ""sizing"": {""dd_reduce"": {""dd"": 0.1, ""factor"": 0.5}, ""heat_cap"": 0.06, ""max_positions"": 10, ""risk_pct"": 1.0}}"
2026-09-27 11:45:50,forex,dev,breakout all minus sizing,896ee23610,0,-0.2606958095101113,-0.049105063133065396,-0.664629926695949,657,-0.1095213893487864,"{""exits"": {""breakeven"": true, ""max_hold"": 100, ""native_exit"": false, ""partial"": {""at_r"": 2.0, ""frac"": 0.5, ""trail_after_partial"": true}, ""target_r"": null, ""trail_ma"": 20}, ""filters"": {""chop"": true, ""regime"": true, ""rs"": true, ""score"": true, ""vol"": true}, ""rank"": ""score"", ""setup"": ""breakout"", ""setup_params"": {""base_len"": 20, ""stop_atr_max"": 1.5, ""stop_atr_min"": 0.5}, ""sizing"": {""heat_cap"": null, ""max_positions"": 10, ""risk_pct"": 1.0}}"
2026-09-27 11:45:50,forex,val,breakout all minus sizing,896ee23610,0,-1.3532176412648396,-0.15581255462495103,-0.4114006202252014,135,-0.4263858640336363,"{""exits"": {""breakeven"": true, ""max_hold"": 100, ""native_exit"": false, ""partial"": {""at_r"": 2.0, ""frac"": 0.5, ""trail_after_partial"": true}, ""target_r"": null, ""trail_ma"": 20}, ""filters"": {""chop"": true, ""regime"": true, ""rs"": true, ""score"": true, ""vol"": true}, ""rank"": ""score"", ""setup"": ""breakout"", ""setup_params"": {""base_len"": 20, ""stop_atr_max"": 1.5, ""stop_atr_min"": 0.5}, ""sizing"": {""heat_cap"": null, ""max_positions"": 10, ""risk_pct"": 1.0}}"
2026-09-27 11:45:51,forex,dev,naive pullback,1ff9d3db1e,0,-0.569498407882378,-0.1022586853645171,-0.8378070504146046,1117,-0.13268734295780432,"{""exits"": {""max_hold"": 20, ""native_exit"": false, ""target_r"": 2.0}, ""filters"": {}, ""rank"": ""random"", ""setup"": ""pullback"", ""setup_params"": {""adx_min"": 25.0, ""lookback"": 5, ""stop_atr_max"": 2.0, ""stop_atr_min"": 0.5}, ""sizing"": {""heat_cap"": null, ""max_positions"": 10, ""risk_pct"": 1.0}}"
2026-09-27 11:45:51,forex,val,naive pullback,1ff9d3db1e,0,-1.1184480136790373,-0.170519026878175,-0.4869485106514666,243,-0.2268802770249592,"{""exits"": {""max_hold"": 20, ""native_exit"": false, ""target_r"": 2.0}, ""filters"": {}, ""rank"": ""random"", ""setup"": ""pullback"", ""setup_params"": {""adx_min"": 25.0, ""lookback"": 5, ""stop_atr_max"": 2.0, ""stop_atr_min"": 0.5}, ""sizing"": {""heat_cap"": null, ""max_positions"": 10, ""risk_pct"": 1.0}}"
2026-09-27 11:45:52,forex,dev,pullback + regime,180b683bf0,0,-0.542797749871536,-0.09382221276292446,-0.8157925500342278,1006,-0.13628358877873423,"{""exits"": {""max_hold"": 20, ""native_exit"": false, ""target_r"": 2.0}, ""filters"": {""regime"": true}, ""rank"": ""random"", ""setup"": ""pullback"", ""setup_params"": {""adx_min"": 25.0, ""lookback"": 5, ""stop_atr_max"": 2.0, ""stop_atr_min"": 0.5}, ""sizing"": {""heat_cap"": null, ""max_positions"": 10, ""risk_pct"": 1.0}}"
2026-09-27 11:45:53,forex,val,pullback + regime,180b683bf0,0,-1.0737326277948445,-0.15762829702358117,-0.46486318489634304,228,-0.21785507402635182,"{""exits"": {""max_hold"": 20, ""native_exit"": false, ""target_r"": 2.0}, ""filters"": {""regime"": true}, ""rank"": ""random"", ""setup"": ""pullback"", ""setup_params"": {""adx_min"": 25.0, ""lookback"": 5, ""stop_atr_max"": 2.0, ""stop_atr_min"": 0.5}, ""sizing"": {""heat_cap"": null, ""max_positions"": 10, ""risk_pct"": 1.0}}"
2026-09-27 11:45:53,forex,dev,pullback + vol,8b21589674,0,-0.8496244681231305,-0.11902473978176187,-0.8781080078612729,917,-0.19807684953125768,"{""exits"": {""max_hold"": 20, ""native_exit"": false, ""target_r"": 2.0}, ""filters"": {""vol"": true}, ""rank"": ""random"", ""setup"": ""pullback"", ""setup_params"": {""adx_min"": 25.0, ""lookback"": 5, ""stop_atr_max"": 2.0, ""stop_atr_min"": 0.5}, ""sizing"": {""heat_cap"": null, ""max_positions"": 10, ""risk_pct"": 1.0}}"
2026-09-27 11:45:54,forex,val,pullback + vol,8b21589674,0,-0.9782569955112316,-0.1260871172921869,-0.38055243648770665,191,-0.20305086065262437,"{""exits"": {""max_hold"": 20, ""native_exit"": false, ""target_r"": 2.0}, ""filters"": {""vol"": true}, ""rank"": ""random"", ""setup"": ""pullback"", ""setup_params"": {""adx_min"": 25.0, ""lookback"": 5, ""stop_atr_max"": 2.0, ""stop_atr_min"": 0.5}, ""sizing"": {""heat_cap"": null, ""max_positions"": 10, ""risk_pct"": 1.0}}"
2026-09-27 11:45:54,forex,dev,pullback + rs,7186b6a6dc,0,-0.4753547880256983,-0.06357772828849084,-0.6946109765438608,613,-0.14578582696553613,"{""exits"": {""max_hold"": 20, ""native_exit"": false, ""target_r"": 2.0}, ""filters"": {""rs"": true}, ""rank"": ""random"", ""setup"": ""pullback"", ""setup_params"": {""adx_min"": 25.0, ""lookback"": 5, ""stop_atr_max"": 2.0, ""stop_atr_min"": 0.5}, ""sizing"": {""heat_cap"": null, ""max_positions"": 10, ""risk_pct"": 1.0}}"
2026-09-27 11:45:54,forex,val,pullback + rs,7186b6a6dc,0,-0.4180446931891814,-0.05360017844521969,-0.21509923936966935,134,-0.11984947195864358,"{""exits"": {""max_hold"": 20, ""native_exit"": false, ""target_r"": 2.0}, ""filters"": {""rs"": true}, ""rank"": ""random"", ""setup"": ""pullback"", ""setup_params"": {""adx_min"": 25.0, ""lookback"": 5, ""stop_atr_max"": 2.0, ""stop_atr_min"": 0.5}, ""sizing"": {""heat_cap"": null, ""max_positions"": 10, ""risk_pct"": 1.0}}"
2026-09-27 11:45:54,forex,dev,pullback + score rank only,7987dca2ad,0,-0.5867590147588317,-0.10513745077709746,-0.8454307486282315,1111,-0.13842858504248864,"{""exits"": {""max_hold"": 20, ""native_exit"": false, ""target_r"": 2.0}, ""filters"": {}, ""rank"": ""score"", ""setup"": ""pullback"", ""setup_params"": {""adx_min"": 25.0, ""lookback"": 5, ""stop_atr_max"": 2.0, ""stop_atr_min"": 0.5}, ""sizing"": {""heat_cap"": null, ""max_positions"": 10, ""risk_pct"": 1.0}}"
2026-09-27 11:45:54,forex,val,pullback + score rank only,7987dca2ad,0,-1.038510162774343,-0.16191491331372543,-0.4708430161476086,244,-0.20759737763346942,"{""exits"": {""max_hold"": 20, ""native_exit"": false, ""target_r"": 2.0}, ""filters"": {}, ""rank"": ""score"", ""setup"": ""pullback"", ""setup_params"": {""adx_min"": 25.0, ""lookback"": 5, ""stop_atr_max"": 2.0, ""stop_atr_min"": 0.5}, ""sizing"": {""heat_cap"": null, ""max_positions"": 10, ""risk_pct"": 1.0}}"
2026-09-27 11:45:54,forex,dev,pullback + score top 20%,04720094ae,0,-0.31225843223180916,-0.024939856859554244,-0.4156487315143401,269,-0.12487056413282274,"{""exits"": {""max_hold"": 20, ""native_exit"": false, ""target_r"": 2.0}, ""filters"": {""score"": true}, ""rank"": ""score"", ""setup"": ""pullback"", ""setup_params"": {""adx_min"": 25.0, ""lookback"": 5, ""stop_atr_max"": 2.0, ""stop_atr_min"": 0.5}, ""sizing"": {""heat_cap"": null, ""max_positions"": 10, ""risk_pct"": 1.0}}"
2026-09-27 11:45:55,forex,val,pullback + score top 20%,04720094ae,0,-0.4854801358131954,-0.02614869478297943,-0.12661544332754393,48,-0.1690933023221571,"{""exits"": {""max_hold"": 20, ""native_exit"": false, ""target_r"": 2.0}, ""filters"": {""score"": true}, ""rank"": ""score"", ""setup"": ""pullback"", ""setup_params"": {""adx_min"": 25.0, ""lookback"": 5, ""stop_atr_max"": 2.0, ""stop_atr_min"": 0.5}, ""sizing"": {""heat_cap"": null, ""max_positions"": 10, ""risk_pct"": 1.0}}"
2026-09-27 11:45:55,forex,dev,pullback + risk 0.25%,cd1a0ffb15,0,-0.6223654876160621,-0.027739653158345146,-0.38387113832182407,1150,-0.14449078660939435,"{""exits"": {""max_hold"": 20, ""native_exit"": false, ""target_r"": 2.0}, ""filters"": {}, ""rank"": ""random"", ""setup"": ""pullback"", ""setup_params"": {""adx_min"": 25.0, ""lookback"": 5, ""stop_atr_max"": 2.0, ""stop_atr_min"": 0.5}, ""sizing"": {""heat_cap"": null, ""max_positions"": 10, ""risk_pct"": 0.25}}"
2026-09-27 11:45:55,forex,val,pullback + risk 0.25%,cd1a0ffb15,0,-1.0941045983823583,-0.04823541919609342,-0.160222374273441,274,-0.21105071607680637,"{""exits"": {""max_hold"": 20, ""native_exit"": false, ""target_r"": 2.0}, ""filters"": {}, ""rank"": ""random"", ""setup"": ""pullback"", ""setup_params"": {""adx_min"": 25.0, ""lookback"": 5, ""stop_atr_max"": 2.0, ""stop_atr_min"": 0.5}, ""sizing"": {""heat_cap"": null, ""max_positions"": 10, ""risk_pct"": 0.25}}"
2026-09-27 11:45:55,forex,dev,pullback + risk 0.5%,bab7c0373a,0,-0.6285905633785965,-0.056720876406012755,-0.6313573143488275,1149,-0.14631527160086602,"{""exits"": {""max_hold"": 20, ""native_exit"": false, ""target_r"": 2.0}, ""filters"": {}, ""rank"": ""random"", ""setup"": ""pullback"", ""setup_params"": {""adx_min"": 25.0, ""lookback"": 5, ""stop_atr_max"": 2.0, ""stop_atr_min"": 0.5}, ""sizing"": {""heat_cap"": null, ""max_positions"": 10, ""risk_pct"": 0.5}}"
2026-09-27 11:45:56,forex,val,pullback + risk 0.5%,bab7c0373a,0,-1.0792118703574476,-0.09456211098538148,-0.29520997138691274,273,-0.20789836755894867,"{""exits"": {""max_hold"": 20, ""native_exit"": false, ""target_r"": 2.0}, ""filters"": {}, ""rank"": ""random"", ""setup"": ""pullback"", ""setup_params"": {""adx_min"": 25.0, ""lookback"": 5, ""stop_atr_max"": 2.0, ""stop_atr_min"": 0.5}, ""sizing"": {""heat_cap"": null, ""max_positions"": 10, ""risk_pct"": 0.5}}"
2026-09-27 11:45:56,forex,dev,pullback + risk 2%,a01d0a6e71,0,-0.4504199966567218,-0.13051670539163673,-0.9052345414310096,970,-0.11169930747125924,"{""exits"": {""max_hold"": 20, ""native_exit"": false, ""target_r"": 2.0}, ""filters"": {}, ""rank"": ""random"", ""setup"": ""pullback"", ""setup_params"": {""adx_min"": 25.0, ""lookback"": 5, ""stop_atr_max"": 2.0, ""stop_atr_min"": 0.5}, ""sizing"": {""heat_cap"": null, ""max_positions"": 10, ""risk_pct"": 2.0}}"
2026-09-27 11:45:56,forex,val,pullback + risk 2%,a01d0a6e71,0,-1.0454882982505314,-0.2150762095355141,-0.5825544753960884,200,-0.22077848240022782,"{""exits"": {""max_hold"": 20, ""native_exit"": false, ""target_r"": 2.0}, ""filters"": {}, ""rank"": ""random"", ""setup"": ""pullback"", ""setup_params"": {""adx_min"": 25.0, ""lookback"": 5, ""stop_atr_max"": 2.0, ""stop_atr_min"": 0.5}, ""sizing"": {""heat_cap"": null, ""max_positions"": 10, ""risk_pct"": 2.0}}"
2026-09-27 11:45:56,forex,dev,pullback + ATR sizing,128d5cc40e,0,-0.585390804816218,-0.07782589144373564,-0.7440693616335096,1146,-0.1447086857393231,"{""exits"": {""max_hold"": 20, ""native_exit"": false, ""target_r"": 2.0}, ""filters"": {}, ""rank"": ""random"", ""setup"": ""pullback"", ""setup_params"": {""adx_min"": 25.0, ""lookback"": 5, ""stop_atr_max"": 2.0, ""stop_atr_min"": 0.5}, ""sizing"": {""atr_mult"": 2.0, ""heat_cap"": null, ""max_positions"": 10, ""mode"": ""atr"", ""risk_pct"": 1.0}}"
2026-09-27 11:45:56,forex,val,pullback + ATR sizing,128d5cc40e,0,-0.9868942299438196,-0.11807777352219406,-0.35890827146583293,266,-0.2002976754063163,"{""exits"": {""max_hold"": 20, ""native_exit"": false, ""target_r"": 2.0}, ""filters"": {}, ""rank"": ""random"", ""setup"": ""pullback"", ""setup_params"": {""adx_min"": 25.0, ""lookback"": 5, ""stop_atr_max"": 2.0, ""stop_atr_min"": 0.5}, ""sizing"": {""atr_mult"": 2.0, ""heat_cap"": null, ""max_positions"": 10, ""mode"": ""atr"", ""risk_pct"": 1.0}}"
2026-09-27 11:45:56,forex,dev,pullback + heat cap 4%,ab318016c0,0,-0.4917204635302771,-0.06638226201392028,-0.7141571967413647,861,-0.11388183616175084,"{""exits"": {""max_hold"": 20, ""native_exit"": false, ""target_r"": 2.0}, ""filters"": {}, ""rank"": ""random"", ""setup"": ""pullback"", ""setup_params"": {""adx_min"": 25.0, ""lookback"": 5, ""stop_atr_max"": 2.0, ""stop_atr_min"": 0.5}, ""sizing"": {""heat_cap"": 0.04, ""max_positions"": 10, ""risk_pct"": 1.0}}"
2026-09-27 11:45:57,forex,val,pullback + heat cap 4%,ab318016c0,0,-0.7712706168699006,-0.09288575572803381,-0.3113824922944939,189,-0.14556986838015853,"{""exits"": {""max_hold"": 20, ""native_exit"": false, ""target_r"": 2.0}, ""filters"": {}, ""rank"": ""random"", ""setup"": ""pullback"", ""setup_params"": {""adx_min"": 25.0, ""lookback"": 5, ""stop_atr_max"": 2.0, ""stop_atr_min"": 0.5}, ""sizing"": {""heat_cap"": 0.04, ""max_positions"": 10, ""risk_pct"": 1.0}}"
2026-09-27 11:45:57,forex,dev,pullback + heat cap 6%,d045836d74,0,-0.6034130248417872,-0.096837936210596,-0.8224902320644406,1034,-0.13941937541822289,"{""exits"": {""max_hold"": 20, ""native_exit"": false, ""target_r"": 2.0}, ""filters"": {}, ""rank"": ""random"", ""setup"": ""pullback"", ""setup_params"": {""adx_min"": 25.0, ""lookback"": 5, ""stop_atr_max"": 2.0, ""stop_atr_min"": 0.5}, ""sizing"": {""heat_cap"": 0.06, ""max_positions"": 10, ""risk_pct"": 1.0}}"
2026-09-27 11:45:57,forex,val,pullback + heat cap 6%,d045836d74,0,-0.9098206288398707,-0.13150290903046136,-0.41122260314521264,224,-0.18564167456481756,"{""exits"": {""max_hold"": 20, ""native_exit"": false, ""target_r"": 2.0}, ""filters"": {}, ""rank"": ""random"", ""setup"": ""pullback"", ""setup_params"": {""adx_min"": 25.0, ""lookback"": 5, ""stop_atr_max"": 2.0, ""stop_atr_min"": 0.5}, ""sizing"": {""heat_cap"": 0.06, ""max_positions"": 10, ""risk_pct"": 1.0}}"
2026-09-27 11:45:57,forex,dev,pullback + heat cap 8%,75cbead313,0,-0.5820342220946542,-0.10066282928056347,-0.8334310584905811,1090,-0.13536812774020301,"{""exits"": {""max_hold"": 20, ""native_exit"": false, ""target_r"": 2.0}, ""filters"": {}, ""rank"": ""random"", ""setup"": ""pullback"", ""setup_params"": {""adx_min"": 25.0, ""lookback"": 5, ""stop_atr_max"": 2.0, ""stop_atr_min"": 0.5}, ""sizing"": {""heat_cap"": 0.08, ""max_positions"": 10, ""risk_pct"": 1.0}}"
2026-09-27 11:45:57,forex,val,pullback + heat cap 8%,75cbead313,0,-1.0122290188880338,-0.15207119595494312,-0.4520081973032978,237,-0.2066756222240997,"{""exits"": {""max_hold"": 20, ""native_exit"": false, ""target_r"": 2.0}, ""filters"": {}, ""rank"": ""random"", ""setup"": ""pullback"", ""setup_params"": {""adx_min"": 25.0, ""lookback"": 5, ""stop_atr_max"": 2.0, ""stop_atr_min"": 0.5}, ""sizing"": {""heat_cap"": 0.08, ""max_positions"": 10, ""risk_pct"": 1.0}}"
2026-09-27 11:45:58,forex,dev,pullback + max 5 positions,cad047327c,0,-0.5644682330110534,-0.08814215112228119,-0.7972851602510251,1013,-0.12880390756692883,"{""exits"": {""max_hold"": 20, ""native_exit"": false, ""target_r"": 2.0}, ""filters"": {}, ""rank"": ""random"", ""setup"": ""pullback"", ""setup_params"": {""adx_min"": 25.0, ""lookback"": 5, ""stop_atr_max"": 2.0, ""stop_atr_min"": 0.5}, ""sizing"": {""heat_cap"": null, ""max_positions"": 5, ""risk_pct"": 1.0}}"
2026-09-27 11:45:58,forex,val,pullback + max 5 positions,cad047327c,0,-0.9430172235787956,-0.1302930706829185,-0.40876257204408273,218,-0.18724653313289827,"{""exits"": {""max_hold"": 20, ""native_exit"": false, ""target_r"": 2.0}, ""filters"": {}, ""rank"": ""random"", ""setup"": ""pullback"", ""setup_params"": {""adx_min"": 25.0, ""lookback"": 5, ""stop_atr_max"": 2.0, ""stop_atr_min"": 0.5}, ""sizing"": {""heat_cap"": null, ""max_positions"": 5, ""risk_pct"": 1.0}}"
2026-09-27 11:45:58,forex,dev,pullback + halve risk in 10% DD,041629b0ad,0,-0.6695536075821978,-0.06138417290169251,-0.6648729658817352,1149,-0.14631527160086602,"{""exits"": {""max_hold"": 20, ""native_exit"": false, ""target_r"": 2.0}, ""filters"": {}, ""rank"": ""random"", ""setup"": ""pullback"", ""setup_params"": {""adx_min"": 25.0, ""lookback"": 5, ""stop_atr_max"": 2.0, ""stop_atr_min"": 0.5}, ""sizing"": {""dd_reduce"": {""dd"": 0.1, ""factor"": 0.5}, ""heat_cap"": null, ""max_positions"": 10, ""risk_pct"": 1.0}}"
2026-09-27 11:45:58,forex,val,pullback + halve risk in 10% DD,041629b0ad,0,-0.9952721895875198,-0.10220043535411005,-0.3439557642528106,272,-0.20479515283480304,"{""exits"": {""max_hold"": 20, ""native_exit"": false, ""target_r"": 2.0}, ""filters"": {}, ""rank"": ""random"", ""setup"": ""pullback"", ""setup_params"": {""adx_min"": 25.0, ""lookback"": 5, ""stop_atr_max"": 2.0, ""stop_atr_min"": 0.5}, ""sizing"": {""dd_reduce"": {""dd"": 0.1, ""factor"": 0.5}, ""heat_cap"": null, ""max_positions"": 10, ""risk_pct"": 1.0}}"
2026-09-27 11:45:59,forex,dev,pullback + partial 3d + BE + 10MA,98bd23a063,0,-0.8459752105567719,-0.13102146932230774,-0.8887035926386542,1299,-0.15296820314819792,"{""exits"": {""breakeven"": true, ""max_hold"": 100, ""native_exit"": false, ""partial"": {""after_bars"": 3, ""frac"": 0.33, ""trail_after_partial"": true}, ""target_r"": null, ""trail_ma"": 10}, ""filters"": {}, ""rank"": ""random"", ""setup"": ""pullback"", ""setup_params"": {""adx_min"": 25.0, ""lookback"": 5, ""stop_atr_max"": 2.0, ""stop_atr_min"": 0.5}, ""sizing"": {""heat_cap"": null, ""max_positions"": 10, ""risk_pct"": 1.0}}"
2026-09-27 11:45:59,forex,val,pullback + partial 3d + BE + 10MA,98bd23a063,0,-0.9235127272202608,-0.14966226525594195,-0.5802591391076646,297,-0.13245104921237694,"{""exits"": {""breakeven"": true, ""max_hold"": 100, ""native_exit"": false, ""partial"": {""after_bars"": 3, ""frac"": 0.33, ""trail_after_partial"": true}, ""target_r"": null, ""trail_ma"": 10}, ""filters"": {}, ""rank"": ""random"", ""setup"": ""pullback"", ""setup_params"": {""adx_min"": 25.0, ""lookback"": 5, ""stop_atr_max"": 2.0, ""stop_atr_min"": 0.5}, ""sizing"": {""heat_cap"": null, ""max_positions"": 10, ""risk_pct"": 1.0}}"
2026-09-27 11:46:00,forex,dev,pullback + partial 2R + BE + 20MA,d22d7a3411,0,-0.643242013385795,-0.13201719878146445,-0.9007993017504551,1010,-0.18602949160329907,"{""exits"": {""breakeven"": true, ""max_hold"": 100, ""native_exit"": false, ""partial"": {""at_r"": 2.0, ""frac"": 0.5, ""trail_after_partial"": true}, ""target_r"": null, ""trail_ma"": 20}, ""filters"": {}, ""rank"": ""random"", ""setup"": ""pullback"", ""setup_params"": {""adx_min"": 25.0, ""lookback"": 5, ""stop_atr_max"": 2.0, ""stop_atr_min"": 0.5}, ""sizing"": {""heat_cap"": null, ""max_positions"": 10, ""risk_pct"": 1.0}}"
2026-09-27 11:46:00,forex,val,pullback + partial 2R + BE + 20MA,d22d7a3411,0,-0.6228772124364463,-0.12894230971328846,-0.5126315053903183,205,-0.16865281673526686,"{""exits"": {""breakeven"": true, ""max_hold"": 100, ""native_exit"": false, ""partial"": {""at_r"": 2.0, ""frac"": 0.5, ""trail_after_partial"": true}, ""target_r"": null, ""trail_ma"": 20}, ""filters"": {}, ""rank"": ""random"", ""setup"": ""pullback"", ""setup_params"": {""adx_min"": 25.0, ""lookback"": 5, ""stop_atr_max"": 2.0, ""stop_atr_min"": 0.5}, ""sizing"": {""heat_cap"": null, ""max_positions"": 10, ""risk_pct"": 1.0}}"
2026-09-27 11:46:00,forex,dev,pullback + ATR trail 2.5,f572acf362,0,-0.5444607295528299,-0.13941869019649156,-0.9146820147475717,992,-0.2020007730600931,"{""exits"": {""max_hold"": 100, ""native_exit"": false, ""target_r"": null, ""trail_atr"": 2.5}, ""filters"": {}, ""rank"": ""random"", ""setup"": ""pullback"", ""setup_params"": {""adx_min"": 25.0, ""lookback"": 5, ""stop_atr_max"": 2.0, ""stop_atr_min"": 0.5}, ""sizing"": {""heat_cap"": null, ""max_positions"": 10, ""risk_pct"": 1.0}}"
2026-09-27 11:46:01,forex,val,pullback + ATR trail 2.5,f572acf362,0,-0.7518542711603364,-0.17192998035105678,-0.6208858925413645,214,-0.20371270996362853,"{""exits"": {""max_hold"": 100, ""native_exit"": false, ""target_r"": null, ""trail_atr"": 2.5}, ""filters"": {}, ""rank"": ""random"", ""setup"": ""pullback"", ""setup_params"": {""adx_min"": 25.0, ""lookback"": 5, ""stop_atr_max"": 2.0, ""stop_atr_min"": 0.5}, ""sizing"": {""heat_cap"": null, ""max_positions"": 10, ""risk_pct"": 1.0}}"
2026-09-27 11:46:01,forex,dev,pullback + time stop 5d,74144dc6cc,0,-0.8338665167379643,-0.11607013605953054,-0.8675679251368497,1321,-0.13427774603783277,"{""exits"": {""max_hold"": 20, ""native_exit"": false, ""target_r"": 2.0, ""time_stop"": {""bars"": 5, ""min_r"": 0.5}}, ""filters"": {}, ""rank"": ""random"", ""setup"": ""pullback"", ""setup_params"": {""adx_min"": 25.0, ""lookback"": 5, ""stop_atr_max"": 2.0, ""stop_atr_min"": 0.5}, ""sizing"": {""heat_cap"": null, ""max_positions"": 10, ""risk_pct"": 1.0}}"
2026-09-27 11:46:01,forex,val,pullback + time stop 5d,74144dc6cc,0,-1.180422691424199,-0.152529183085367,-0.44439429003323205,293,-0.16451867396707723,"{""exits"": {""max_hold"": 20, ""native_exit"": false, ""target_r"": 2.0, ""time_stop"": {""bars"": 5, ""min_r"": 0.5}}, ""filters"": {}, ""rank"": ""random"", ""setup"": ""pullback"", ""setup_params"": {""adx_min"": 25.0, ""lookback"": 5, ""stop_atr_max"": 2.0, ""stop_atr_min"": 0.5}, ""sizing"": {""heat_cap"": null, ""max_positions"": 10, ""risk_pct"": 1.0}}"
2026-09-27 11:46:02,forex,dev,pullback ALL LAYERS,daf4f6ae7b,0,-0.42455110777464755,-0.017982667041897993,-0.3167700030253656,182,-0.25021920286701516,"{""exits"": {""breakeven"": true, ""max_hold"": 100, ""native_exit"": false, ""partial"": {""at_r"": 2.0, ""frac"": 0.5, ""trail_after_partial"": true}, ""target_r"": null, ""trail_ma"": 20}, ""filters"": {""regime"": true, ""rs"": true, ""score"": true, ""vol"": true}, ""rank"": ""score"", ""setup"": ""pullback"", ""setup_params"": {""adx_min"": 25.0, ""lookback"": 5, ""stop_atr_max"": 2.0, ""stop_atr_min"": 0.5}, ""sizing"": {""dd_reduce"": {""dd"": 0.1, ""factor"": 0.5}, ""heat_cap"": 0.06, ""max_positions"": 10, ""risk_pct"": 1.0}}"
2026-09-27 11:46:02,forex,val,pullback ALL LAYERS,daf4f6ae7b,0,-0.4045387683214906,-0.019138095612241668,-0.0809506860153244,26,-0.2407346412852037,"{""exits"": {""breakeven"": true, ""max_hold"": 100, ""native_exit"": false, ""partial"": {""at_r"": 2.0, ""frac"": 0.5, ""trail_after_partial"": true}, ""target_r"": null, ""trail_ma"": 20}, ""filters"": {""regime"": true, ""rs"": true, ""score"": true, ""vol"": true}, ""rank"": ""score"", ""setup"": ""pullback"", ""setup_params"": {""adx_min"": 25.0, ""lookback"": 5, ""stop_atr_max"": 2.0, ""stop_atr_min"": 0.5}, ""sizing"": {""dd_reduce"": {""dd"": 0.1, ""factor"": 0.5}, ""heat_cap"": 0.06, ""max_positions"": 10, ""risk_pct"": 1.0}}"
2026-09-27 11:46:02,forex,dev,pullback all minus regime,cc8229178c,0,-0.42271229281531403,-0.01785635381876982,-0.3190055106993118,183,-0.25059717775033924,"{""exits"": {""breakeven"": true, ""max_hold"": 100, ""native_exit"": false, ""partial"": {""at_r"": 2.0, ""frac"": 0.5, ""trail_after_partial"": true}, ""target_r"": null, ""trail_ma"": 20}, ""filters"": {""rs"": true, ""score"": true, ""vol"": true}, ""rank"": ""score"", ""setup"": ""pullback"", ""setup_params"": {""adx_min"": 25.0, ""lookback"": 5, ""stop_atr_max"": 2.0, ""stop_atr_min"": 0.5}, ""sizing"": {""dd_reduce"": {""dd"": 0.1, ""factor"": 0.5}, ""heat_cap"": 0.06, ""max_positions"": 10, ""risk_pct"": 1.0}}"
2026-09-27 11:46:03,forex,val,pullback all minus regime,cc8229178c,0,-0.4785353898786795,-0.022502959923598298,-0.09036174430859267,27,-0.2711667915372483,"{""exits"": {""breakeven"": true, ""max_hold"": 100, ""native_exit"": false, ""partial"": {""at_r"": 2.0, ""frac"": 0.5, ""trail_after_partial"": true}, ""target_r"": null, ""trail_ma"": 20}, ""filters"": {""rs"": true, ""score"": true, ""vol"": true}, ""rank"": ""score"", ""setup"": ""pullback"", ""setup_params"": {""adx_min"": 25.0, ""lookback"": 5, ""stop_atr_max"": 2.0, ""stop_atr_min"": 0.5}, ""sizing"": {""dd_reduce"": {""dd"": 0.1, ""factor"": 0.5}, ""heat_cap"": 0.06, ""max_positions"": 10, ""risk_pct"": 1.0}}"
2026-09-27 11:46:03,forex,dev,pullback all minus vol,87d9b85623,0,-0.4303576060083199,-0.0212501866663779,-0.329482773011329,233,-0.19409597174779497,"{""exits"": {""breakeven"": true, ""max_hold"": 100, ""native_exit"": false, ""partial"": {""at_r"": 2.0, ""frac"": 0.5, ""trail_after_partial"": true}, ""target_r"": null, ""trail_ma"": 20}, ""filters"": {""regime"": true, ""rs"": true, ""score"": true}, ""rank"": ""score"", ""setup"": ""pullback"", ""setup_params"": {""adx_min"": 25.0, ""lookback"": 5, ""stop_atr_max"": 2.0, ""stop_atr_min"": 0.5}, ""sizing"": {""dd_reduce"": {""dd"": 0.1, ""factor"": 0.5}, ""heat_cap"": 0.06, ""max_positions"": 10, ""risk_pct"": 1.0}}"
2026-09-27 11:46:04,forex,val,pullback all minus vol,87d9b85623,0,-0.7246221856950973,-0.038340184125296495,-0.12093202780991708,39,-0.3133367349728695,"{""exits"": {""breakeven"": true, ""max_hold"": 100, ""native_exit"": false, ""partial"": {""at_r"": 2.0, ""frac"": 0.5, ""trail_after_partial"": true}, ""target_r"": null, ""trail_ma"": 20}, ""filters"": {""regime"": true, ""rs"": true, ""score"": true}, ""rank"": ""score"", ""setup"": ""pullback"", ""setup_params"": {""adx_min"": 25.0, ""lookback"": 5, ""stop_atr_max"": 2.0, ""stop_atr_min"": 0.5}, ""sizing"": {""dd_reduce"": {""dd"": 0.1, ""factor"": 0.5}, ""heat_cap"": 0.06, ""max_positions"": 10, ""risk_pct"": 1.0}}"
2026-09-27 11:46:04,forex,dev,pullback all minus rs,96fb65861c,0,-0.46308248479980024,-0.020099700343996774,-0.3333260914208708,200,-0.25685671021785794,"{""exits"": {""breakeven"": true, ""max_hold"": 100, ""native_exit"": false, ""partial"": {""at_r"": 2.0, ""frac"": 0.5, ""trail_after_partial"": true}, ""target_r"": null, ""trail_ma"": 20}, ""filters"": {""regime"": true, ""score"": true, ""vol"": true}, ""rank"": ""score"", ""setup"": ""pullback"", ""setup_params"": {""adx_min"": 25.0, ""lookback"": 5, ""stop_atr_max"": 2.0, ""stop_atr_min"": 0.5}, ""sizing"": {""dd_reduce"": {""dd"": 0.1, ""factor"": 0.5}, ""heat_cap"": 0.06, ""max_positions"": 10, ""risk_pct"": 1.0}}"
2026-09-27 11:46:04,forex,val,pullback all minus rs,96fb65861c,0,-0.7049036703667233,-0.03280114274980961,-0.11155143187507144,30,-0.34960533649088454,"{""exits"": {""breakeven"": true, ""max_hold"": 100, ""native_exit"": false, ""partial"": {""at_r"": 2.0, ""frac"": 0.5, ""trail_after_partial"": true}, ""target_r"": null, ""trail_ma"": 20}, ""filters"": {""regime"": true, ""score"": true, ""vol"": true}, ""rank"": ""score"", ""setup"": ""pullback"", ""setup_params"": {""adx_min"": 25.0, ""lookback"": 5, ""stop_atr_max"": 2.0, ""stop_atr_min"": 0.5}, ""sizing"": {""dd_reduce"": {""dd"": 0.1, ""factor"": 0.5}, ""heat_cap"": 0.06, ""max_positions"": 10, ""risk_pct"": 1.0}}"
2026-09-27 11:46:05,forex,dev,pullback all minus score,c6f8298e39,0,-0.6772840564457809,-0.0439732150394464,-0.531895896399078,446,-0.2667295461573478,"{""exits"": {""breakeven"": true, ""max_hold"": 100, ""native_exit"": false, ""partial"": {""at_r"": 2.0, ""frac"": 0.5, ""trail_after_partial"": true}, ""target_r"": null, ""trail_ma"": 20}, ""filters"": {""regime"": true, ""rs"": true, ""vol"": true}, ""rank"": ""random"", ""setup"": ""pullback"", ""setup_params"": {""adx_min"": 25.0, ""lookback"": 5, ""stop_atr_max"": 2.0, ""stop_atr_min"": 0.5}, ""sizing"": {""dd_reduce"": {""dd"": 0.1, ""factor"": 0.5}, ""heat_cap"": 0.06, ""max_positions"": 10, ""risk_pct"": 1.0}}"
2026-09-27 11:46:05,forex,val,pullback all minus score,c6f8298e39,0,-0.903128453442378,-0.06674646319664779,-0.19921782445430658,89,-0.31975079517070865,"{""exits"": {""breakeven"": true, ""max_hold"": 100, ""native_exit"": false, ""partial"": {""at_r"": 2.0, ""frac"": 0.5, ""trail_after_partial"": true}, ""target_r"": null, ""trail_ma"": 20}, ""filters"": {""regime"": true, ""rs"": true, ""vol"": true}, ""rank"": ""random"", ""setup"": ""pullback"", ""setup_params"": {""adx_min"": 25.0, ""lookback"": 5, ""stop_atr_max"": 2.0, ""stop_atr_min"": 0.5}, ""sizing"": {""dd_reduce"": {""dd"": 0.1, ""factor"": 0.5}, ""heat_cap"": 0.06, ""max_positions"": 10, ""risk_pct"": 1.0}}"
2026-09-27 11:46:06,forex,dev,pullback all minus exit,ba7b7c9b51,0,-0.39755904872711456,-0.014148322162516824,-0.2725458843954899,185,-0.1890331071137874,"{""exits"": {""max_hold"": 20, ""native_exit"": false, ""target_r"": 2.0}, ""filters"": {""regime"": true, ""rs"": true, ""score"": true, ""vol"": true}, ""rank"": ""score"", ""setup"": ""pullback"", ""setup_params"": {""adx_min"": 25.0, ""lookback"": 5, ""stop_atr_max"": 2.0, ""stop_atr_min"": 0.5}, ""sizing"": {""dd_reduce"": {""dd"": 0.1, ""factor"": 0.5}, ""heat_cap"": 0.06, ""max_positions"": 10, ""risk_pct"": 1.0}}"
2026-09-27 11:46:06,forex,val,pullback all minus exit,ba7b7c9b51,0,-0.3225511016283739,-0.014803179559129576,-0.0920786139876596,28,-0.1626499394461285,"{""exits"": {""max_hold"": 20, ""native_exit"": false, ""target_r"": 2.0}, ""filters"": {""regime"": true, ""rs"": true, ""score"": true, ""vol"": true}, ""rank"": ""score"", ""setup"": ""pullback"", ""setup_params"": {""adx_min"": 25.0, ""lookback"": 5, ""stop_atr_max"": 2.0, ""stop_atr_min"": 0.5}, ""sizing"": {""dd_reduce"": {""dd"": 0.1, ""factor"": 0.5}, ""heat_cap"": 0.06, ""max_positions"": 10, ""risk_pct"": 1.0}}"
2026-09-27 11:46:06,forex,dev,pullback all minus sizing,a860e363ab,0,-0.4319410716315703,-0.03180722494658694,-0.47914279690780914,182,-0.25021920286701516,"{""exits"": {""breakeven"": true, ""max_hold"": 100, ""native_exit"": false, ""partial"": {""at_r"": 2.0, ""frac"": 0.5, ""trail_after_partial"": true}, ""target_r"": null, ""trail_ma"": 20}, ""filters"": {""regime"": true, ""rs"": true, ""score"": true, ""vol"": true}, ""rank"": ""score"", ""setup"": ""pullback"", ""setup_params"": {""adx_min"": 25.0, ""lookback"": 5, ""stop_atr_max"": 2.0, ""stop_atr_min"": 0.5}, ""sizing"": {""heat_cap"": null, ""max_positions"": 10, ""risk_pct"": 1.0}}"
2026-09-27 11:46:06,forex,val,pullback all minus sizing,a860e363ab,0,-0.4045387683214906,-0.019138095612241668,-0.0809506860153244,26,-0.2407346412852037,"{""exits"": {""breakeven"": true, ""max_hold"": 100, ""native_exit"": false, ""partial"": {""at_r"": 2.0, ""frac"": 0.5, ""trail_after_partial"": true}, ""target_r"": null, ""trail_ma"": 20}, ""filters"": {""regime"": true, ""rs"": true, ""score"": true, ""vol"": true}, ""rank"": ""score"", ""setup"": ""pullback"", ""setup_params"": {""adx_min"": 25.0, ""lookback"": 5, ""stop_atr_max"": 2.0, ""stop_atr_min"": 0.5}, ""sizing"": {""heat_cap"": null, ""max_positions"": 10, ""risk_pct"": 1.0}}"
2026-09-27 11:46:07,forex,dev,naive rsi2,4fdf9a625b,0,-0.44354966038552535,-0.07858759588161912,-0.7307818240621565,3995,-0.026666144882691496,"{""exits"": {""max_hold"": 10, ""native_exit"": true, ""target_r"": null}, ""filters"": {}, ""rank"": ""random"", ""setup"": ""rsi2"", ""setup_params"": {""entry"": 10.0, ""exit"": 70.0, ""ma"": 200, ""stop_atr"": 3.0}, ""sizing"": {""heat_cap"": null, ""max_positions"": 10, ""risk_pct"": 1.0}}"
2026-09-27 11:46:07,forex,val,naive rsi2,4fdf9a625b,0,-0.008698740652087129,-0.01199015667808534,-0.25773425500545544,795,-0.0008008077695624393,"{""exits"": {""max_hold"": 10, ""native_exit"": true, ""target_r"": null}, ""filters"": {}, ""rank"": ""random"", ""setup"": ""rsi2"", ""setup_params"": {""entry"": 10.0, ""exit"": 70.0, ""ma"": 200, ""stop_atr"": 3.0}, ""sizing"": {""heat_cap"": null, ""max_positions"": 10, ""risk_pct"": 1.0}}"
2026-09-27 11:46:09,forex,dev,rsi2 + vol,c69b807a7e,0,-0.43621785886713094,-0.07032187599691253,-0.751270587910192,3662,-0.02612827813834456,"{""exits"": {""max_hold"": 10, ""native_exit"": true, ""target_r"": null}, ""filters"": {""vol"": true}, ""rank"": ""random"", ""setup"": ""rsi2"", ""setup_params"": {""entry"": 10.0, ""exit"": 70.0, ""ma"": 200, ""stop_atr"": 3.0}, ""sizing"": {""heat_cap"": null, ""max_positions"": 10, ""risk_pct"": 1.0}}"
2026-09-27 11:46:09,forex,val,rsi2 + vol,c69b807a7e,0,-0.2811111520882724,-0.044871470181099715,-0.26625825320687047,666,-0.016653318844348692,"{""exits"": {""max_hold"": 10, ""native_exit"": true, ""target_r"": null}, ""filters"": {""vol"": true}, ""rank"": ""random"", ""setup"": ""rsi2"", ""setup_params"": {""entry"": 10.0, ""exit"": 70.0, ""ma"": 200, ""stop_atr"": 3.0}, ""sizing"": {""heat_cap"": null, ""max_positions"": 10, ""risk_pct"": 1.0}}"
2026-09-27 11:46:10,forex,dev,rsi2 + rs,17771581c0,0,-0.1251740029790344,-0.015250589742331178,-0.3159949941659552,1470,-0.012308245701233452,"{""exits"": {""max_hold"": 10, ""native_exit"": true, ""target_r"": null}, ""filters"": {""rs"": true}, ""rank"": ""random"", ""setup"": ""rsi2"", ""setup_params"": {""entry"": 10.0, ""exit"": 70.0, ""ma"": 200, ""stop_atr"": 3.0}, ""sizing"": {""heat_cap"": null, ""max_positions"": 10, ""risk_pct"": 1.0}}"
2026-09-27 11:46:10,forex,val,rsi2 + rs,17771581c0,0,0.336555326004536,0.02407893211288048,-0.12107649768282447,245,0.032141022355795475,"{""exits"": {""max_hold"": 10, ""native_exit"": true, ""target_r"": null}, ""filters"": {""rs"": true}, ""rank"": ""random"", ""setup"": ""rsi2"", ""setup_params"": {""entry"": 10.0, ""exit"": 70.0, ""ma"": 200, ""stop_atr"": 3.0}, ""sizing"": {""heat_cap"": null, ""max_positions"": 10, ""risk_pct"": 1.0}}"
2026-09-27 11:46:10,forex,dev,rsi2 + score rank only,edccd751a7,0,-0.49440256585753967,-0.08721490211380245,-0.7674684828982972,3979,-0.0302721296456643,"{""exits"": {""max_hold"": 10, ""native_exit"": true, ""target_r"": null}, ""filters"": {}, ""rank"": ""score"", ""setup"": ""rsi2"", ""setup_params"": {""entry"": 10.0, ""exit"": 70.0, ""ma"": 200, ""stop_atr"": 3.0}, ""sizing"": {""heat_cap"": null, ""max_positions"": 10, ""risk_pct"": 1.0}}"
2026-09-27 11:46:11,forex,val,rsi2 + score rank only,edccd751a7,0,0.0034333529292916243,-0.010239122768643583,-0.25613375748548695,788,-0.00027798494115712955,"{""exits"": {""max_hold"": 10, ""native_exit"": true, ""target_r"": null}, ""filters"": {}, ""rank"": ""score"", ""setup"": ""rsi2"", ""setup_params"": {""entry"": 10.0, ""exit"": 70.0, ""ma"": 200, ""stop_atr"": 3.0}, ""sizing"": {""heat_cap"": null, ""max_positions"": 10, ""risk_pct"": 1.0}}"
2026-09-27 11:46:11,forex,dev,rsi2 + score top 20%,ef013a315f,0,-0.10537277450524013,-0.009714922959037087,-0.3437327187582607,1025,-0.011403030770688818,"{""exits"": {""max_hold"": 10, ""native_exit"": true, ""target_r"": null}, ""filters"": {""score"": true}, ""rank"": ""score"", ""setup"": ""rsi2"", ""setup_params"": {""entry"": 10.0, ""exit"": 70.0, ""ma"": 200, ""stop_atr"": 3.0}, ""sizing"": {""heat_cap"": null, ""max_positions"": 10, ""risk_pct"": 1.0}}"
2026-09-27 11:46:11,forex,val,rsi2 + score top 20%,ef013a315f,0,0.8261122961293649,0.057224157461489344,-0.057247598594240334,196,0.0883070865157378,"{""exits"": {""max_hold"": 10, ""native_exit"": true, ""target_r"": null}, ""filters"": {""score"": true}, ""rank"": ""score"", ""setup"": ""rsi2"", ""setup_params"": {""entry"": 10.0, ""exit"": 70.0, ""ma"": 200, ""stop_atr"": 3.0}, ""sizing"": {""heat_cap"": null, ""max_positions"": 10, ""risk_pct"": 1.0}}"
2026-09-27 11:46:12,forex,dev,rsi2 + risk 0.25%,eedc3e5b94,0,-0.467314653192303,-0.018940306051751454,-0.26981284232708147,4006,-0.027516256573841217,"{""exits"": {""max_hold"": 10, ""native_exit"": true, ""target_r"": null}, ""filters"": {}, ""rank"": ""random"", ""setup"": ""rsi2"", ""setup_params"": {""entry"": 10.0, ""exit"": 70.0, ""ma"": 200, ""stop_atr"": 3.0}, ""sizing"": {""heat_cap"": null, ""max_positions"": 10, ""risk_pct"": 0.25}}"
2026-09-27 11:46:12,forex,val,rsi2 + risk 0.25%,eedc3e5b94,0,-0.028750176626610825,-0.0017328088956951593,-0.07216196618229187,797,-0.0016696747986296276,"{""exits"": {""max_hold"": 10, ""native_exit"": true, ""target_r"": null}, ""filters"": {}, ""rank"": ""random"", ""setup"": ""rsi2"", ""setup_params"": {""entry"": 10.0, ""exit"": 70.0, ""ma"": 200, ""stop_atr"": 3.0}, ""sizing"": {""heat_cap"": null, ""max_positions"": 10, ""risk_pct"": 0.25}}"
2026-09-27 11:46:12,forex,dev,rsi2 + risk 0.5%,49e9aab495,0,-0.462151708828876,-0.038682177386307304,-0.4730823767788177,4006,-0.027516256573841213,"{""exits"": {""max_hold"": 10, ""native_exit"": true, ""target_r"": null}, ""filters"": {}, ""rank"": ""random"", ""setup"": ""rsi2"", ""setup_params"": {""entry"": 10.0, ""exit"": 70.0, ""ma"": 200, ""stop_atr"": 3.0}, ""sizing"": {""heat_cap"": null, ""max_positions"": 10, ""risk_pct"": 0.5}}"
2026-09-27 11:46:13,forex,val,rsi2 + risk 0.5%,49e9aab495,0,-0.027272438654997587,-0.0047125069476914305,-0.1400123977756501,797,-0.0016696747986296254,"{""exits"": {""max_hold"": 10, ""native_exit"": true, ""target_r"": null}, ""filters"": {}, ""rank"": ""random"", ""setup"": ""rsi2"", ""setup_params"": {""entry"": 10.0, ""exit"": 70.0, ""ma"": 200, ""stop_atr"": 3.0}, ""sizing"": {""heat_cap"": null, ""max_positions"": 10, ""risk_pct"": 0.5}}"
2026-09-27 11:46:13,forex,dev,rsi2 + risk 2%,5889f14ea9,0,-0.5205999304987962,-0.15857973896818023,-0.9261456853785477,3290,-0.03164918844247011,"{""exits"": {""max_hold"": 10, ""native_exit"": true, ""target_r"": null}, ""filters"": {}, ""rank"": ""random"", ""setup"": ""rsi2"", ""setup_params"": {""entry"": 10.0, ""exit"": 70.0, ""ma"": 200, ""stop_atr"": 3.0}, ""sizing"": {""heat_cap"": null, ""max_positions"": 10, ""risk_pct"": 2.0}}"
2026-09-27 11:46:14,forex,val,rsi2 + risk 2%,5889f14ea9,0,-0.3982730119211773,-0.10998794917470223,-0.5198035951258171,619,-0.02423875663220892,"{""exits"": {""max_hold"": 10, ""native_exit"": true, ""target_r"": null}, ""filters"": {}, ""rank"": ""random"", ""setup"": ""rsi2"", ""setup_params"": {""entry"": 10.0, ""exit"": 70.0, ""ma"": 200, ""stop_atr"": 3.0}, ""sizing"": {""heat_cap"": null, ""max_positions"": 10, ""risk_pct"": 2.0}}"
2026-09-27 11:46:14,forex,dev,rsi2 + ATR sizing,6c9d7290dc,0,-0.584648689212849,-0.14289088298855657,-0.9040060333681855,3717,-0.03562496459707545,"{""exits"": {""max_hold"": 10, ""native_exit"": true, ""target_r"": null}, ""filters"": {}, ""rank"": ""random"", ""setup"": ""rsi2"", ""setup_params"": {""entry"": 10.0, ""exit"": 70.0, ""ma"": 200, ""stop_atr"": 3.0}, ""sizing"": {""atr_mult"": 2.0, ""heat_cap"": null, ""max_positions"": 10, ""mode"": ""atr"", ""risk_pct"": 1.0}}"
2026-09-27 11:46:14,forex,val,rsi2 + ATR sizing,6c9d7290dc,0,-0.0014591694861628122,-0.019178472541017122,-0.3443695307086979,713,-0.0010648838064354538,"{""exits"": {""max_hold"": 10, ""native_exit"": true, ""target_r"": null}, ""filters"": {}, ""rank"": ""random"", ""setup"": ""rsi2"", ""setup_params"": {""entry"": 10.0, ""exit"": 70.0, ""ma"": 200, ""stop_atr"": 3.0}, ""sizing"": {""atr_mult"": 2.0, ""heat_cap"": null, ""max_positions"": 10, ""mode"": ""atr"", ""risk_pct"": 1.0}}"
2026-09-27 11:46:15,forex,dev,rsi2 + heat cap 4%,5cd2b0125e,0,-0.40829263627563034,-0.030538442557580092,-0.4110548208490905,1709,-0.026103889461162485,"{""exits"": {""max_hold"": 10, ""native_exit"": true, ""target_r"": null}, ""filters"": {}, ""rank"": ""random"", ""setup"": ""rsi2"", ""setup_params"": {""entry"": 10.0, ""exit"": 70.0, ""ma"": 200, ""stop_atr"": 3.0}, ""sizing"": {""heat_cap"": 0.04, ""max_positions"": 10, ""risk_pct"": 1.0}}"
2026-09-27 11:46:15,forex,val,rsi2 + heat cap 4%,5cd2b0125e,0,-0.8473501407723858,-0.057677854832568376,-0.24443845399579012,358,-0.04760027493546336,"{""exits"": {""max_hold"": 10, ""native_exit"": true, ""target_r"": null}, ""filters"": {}, ""rank"": ""random"", ""setup"": ""rsi2"", ""setup_params"": {""entry"": 10.0, ""exit"": 70.0, ""ma"": 200, ""stop_atr"": 3.0}, ""sizing"": {""heat_cap"": 0.04, ""max_positions"": 10, ""risk_pct"": 1.0}}"
2026-09-27 11:46:15,forex,dev,rsi2 + heat cap 6%,30b29fae94,0,-0.47718881948406544,-0.048893892630501146,-0.5345848666175266,2477,-0.028417992133793663,"{""exits"": {""max_hold"": 10, ""native_exit"": true, ""target_r"": null}, ""filters"": {}, ""rank"": ""random"", ""setup"": ""rsi2"", ""setup_params"": {""entry"": 10.0, ""exit"": 70.0, ""ma"": 200, ""stop_atr"": 3.0}, ""sizing"": {""heat_cap"": 0.06, ""max_positions"": 10, ""risk_pct"": 1.0}}"
2026-09-27 11:46:16,forex,val,rsi2 + heat cap 6%,30b29fae94,0,-0.43735539080947483,-0.04342917590058204,-0.24212166284417824,513,-0.02376047829105762,"{""exits"": {""max_hold"": 10, ""native_exit"": true, ""target_r"": null}, ""filters"": {}, ""rank"": ""random"", ""setup"": ""rsi2"", ""setup_params"": {""entry"": 10.0, ""exit"": 70.0, ""ma"": 200, ""stop_atr"": 3.0}, ""sizing"": {""heat_cap"": 0.06, ""max_positions"": 10, ""risk_pct"": 1.0}}"
2026-09-27 11:46:16,forex,dev,rsi2 + heat cap 8%,2e6c562c31,0,-0.42314120011596507,-0.057245483977823364,-0.6011549734454671,3141,-0.025057190634477384,"{""exits"": {""max_hold"": 10, ""native_exit"": true, ""target_r"": null}, ""filters"": {}, ""rank"": ""random"", ""setup"": ""rsi2"", ""setup_params"": {""entry"": 10.0, ""exit"": 70.0, ""ma"": 200, ""stop_atr"": 3.0}, ""sizing"": {""heat_cap"": 0.08, ""max_positions"": 10, ""risk_pct"": 1.0}}"
2026-09-27 11:46:16,forex,val,rsi2 + heat cap 8%,2e6c562c31,0,-0.39364715668456224,-0.051017635009331985,-0.29063602798990196,637,-0.021785841114385703,"{""exits"": {""max_hold"": 10, ""native_exit"": true, ""target_r"": null}, ""filters"": {}, ""rank"": ""random"", ""setup"": ""rsi2"", ""setup_params"": {""entry"": 10.0, ""exit"": 70.0, ""ma"": 200, ""stop_atr"": 3.0}, ""sizing"": {""heat_cap"": 0.08, ""max_positions"": 10, ""risk_pct"": 1.0}}"
2026-09-27 11:46:17,forex,dev,rsi2 + max 5 positions,57e8af7446,0,-0.29905591230735223,-0.0366516324360332,-0.49296324106228295,2603,-0.01875693498911339,"{""exits"": {""max_hold"": 10, ""native_exit"": true, ""target_r"": null}, ""filters"": {}, ""rank"": ""random"", ""setup"": ""rsi2"", ""setup_params"": {""entry"": 10.0, ""exit"": 70.0, ""ma"": 200, ""stop_atr"": 3.0}, ""sizing"": {""heat_cap"": null, ""max_positions"": 5, ""risk_pct"": 1.0}}"
2026-09-27 11:46:17,forex,val,rsi2 + max 5 positions,57e8af7446,0,-0.3444038183453957,-0.037105479424533794,-0.2286286278383698,534,-0.018733888975558752,"{""exits"": {""max_hold"": 10, ""native_exit"": true, ""target_r"": null}, ""filters"": {}, ""rank"": ""random"", ""setup"": ""rsi2"", ""setup_params"": {""entry"": 10.0, ""exit"": 70.0, ""ma"": 200, ""stop_atr"": 3.0}, ""sizing"": {""heat_cap"": null, ""max_positions"": 5, ""risk_pct"": 1.0}}"
2026-09-27 11:46:17,forex,dev,rsi2 + halve risk in 10% DD,7d8a2b05e9,0,-0.5436493175241697,-0.04639597842628118,-0.5176600940819353,4006,-0.027516256573841213,"{""exits"": {""max_hold"": 10, ""native_exit"": true, ""target_r"": null}, ""filters"": {}, ""rank"": ""random"", ""setup"": ""rsi2"", ""setup_params"": {""entry"": 10.0, ""exit"": 70.0, ""ma"": 200, ""stop_atr"": 3.0}, ""sizing"": {""dd_reduce"": {""dd"": 0.1, ""factor"": 0.5}, ""heat_cap"": null, ""max_positions"": 10, ""risk_pct"": 1.0}}"
2026-09-27 11:46:18,forex,val,rsi2 + halve risk in 10% DD,7d8a2b05e9,0,-0.3024261541504533,-0.032722620822679516,-0.21105448084448175,795,-5.278006161271444e-05,"{""exits"": {""max_hold"": 10, ""native_exit"": true, ""target_r"": null}, ""filters"": {}, ""rank"": ""random"", ""setup"": ""rsi2"", ""setup_params"": {""entry"": 10.0, ""exit"": 70.0, ""ma"": 200, ""stop_atr"": 3.0}, ""sizing"": {""dd_reduce"": {""dd"": 0.1, ""factor"": 0.5}, ""heat_cap"": null, ""max_positions"": 10, ""risk_pct"": 1.0}}"
2026-09-27 11:46:18,forex,dev,rsi2 ALL LAYERS,61e81a42f1,0,0.026045658632854934,0.00022753235069017386,-0.14833218687054295,597,0.0028858200463343416,"{""exits"": {""max_hold"": 10, ""native_exit"": true, ""target_r"": null}, ""filters"": {""regime"": true, ""rs"": true, ""score"": true, ""vol"": true}, ""rank"": ""score"", ""setup"": ""rsi2"", ""setup_params"": {""entry"": 10.0, ""exit"": 70.0, ""ma"": 200, ""stop_atr"": 3.0}, ""sizing"": {""dd_reduce"": {""dd"": 0.1, ""factor"": 0.5}, ""heat_cap"": 0.06, ""max_positions"": 10, ""risk_pct"": 1.0}}"
2026-09-27 11:46:19,forex,val,rsi2 ALL LAYERS,61e81a42f1,0,0.3055450209494358,0.012672693902111787,-0.059177237699523766,94,0.04286386414575001,"{""exits"": {""max_hold"": 10, ""native_exit"": true, ""target_r"": null}, ""filters"": {""regime"": true, ""rs"": true, ""score"": true, ""vol"": true}, ""rank"": ""score"", ""setup"": ""rsi2"", ""setup_params"": {""entry"": 10.0, ""exit"": 70.0, ""ma"": 200, ""stop_atr"": 3.0}, ""sizing"": {""dd_reduce"": {""dd"": 0.1, ""factor"": 0.5}, ""heat_cap"": 0.06, ""max_positions"": 10, ""risk_pct"": 1.0}}"
2026-09-27 11:46:19,forex,dev,rsi2 all minus regime,f3e1401483,0,0.026045658632854934,0.00022753235069017386,-0.14833218687054295,597,0.0028858200463343416,"{""exits"": {""max_hold"": 10, ""native_exit"": true, ""target_r"": null}, ""filters"": {""rs"": true, ""score"": true, ""vol"": true}, ""rank"": ""score"", ""setup"": ""rsi2"", ""setup_params"": {""entry"": 10.0, ""exit"": 70.0, ""ma"": 200, ""stop_atr"": 3.0}, ""sizing"": {""dd_reduce"": {""dd"": 0.1, ""factor"": 0.5}, ""heat_cap"": 0.06, ""max_positions"": 10, ""risk_pct"": 1.0}}"
2026-09-27 11:46:19,forex,val,rsi2 all minus regime,f3e1401483,0,0.3055450209494358,0.012672693902111787,-0.059177237699523766,94,0.04286386414575001,"{""exits"": {""max_hold"": 10, ""native_exit"": true, ""target_r"": null}, ""filters"": {""rs"": true, ""score"": true, ""vol"": true}, ""rank"": ""score"", ""setup"": ""rsi2"", ""setup_params"": {""entry"": 10.0, ""exit"": 70.0, ""ma"": 200, ""stop_atr"": 3.0}, ""sizing"": {""dd_reduce"": {""dd"": 0.1, ""factor"": 0.5}, ""heat_cap"": 0.06, ""max_positions"": 10, ""risk_pct"": 1.0}}"
2026-09-27 11:46:20,forex,dev,rsi2 all minus vol,b7774a30cf,0,0.0083266365842756,-0.000498903180846777,-0.17977592155224031,711,-0.0005207914701052335,"{""exits"": {""max_hold"": 10, ""native_exit"": true, ""target_r"": null}, ""filters"": {""regime"": true, ""rs"": true, ""score"": true}, ""rank"": ""score"", ""setup"": ""rsi2"", ""setup_params"": {""entry"": 10.0, ""exit"": 70.0, ""ma"": 200, ""stop_atr"": 3.0}, ""sizing"": {""dd_reduce"": {""dd"": 0.1, ""factor"": 0.5}, ""heat_cap"": 0.06, ""max_positions"": 10, ""risk_pct"": 1.0}}"
2026-09-27 11:46:20,forex,val,rsi2 all minus vol,b7774a30cf,0,0.46383847137299733,0.022242381622786134,-0.046284631163561185,121,0.057008393156165814,"{""exits"": {""max_hold"": 10, ""native_exit"": true, ""target_r"": null}, ""filters"": {""regime"": true, ""rs"": true, ""score"": true}, ""rank"": ""score"", ""setup"": ""rsi2"", ""setup_params"": {""entry"": 10.0, ""exit"": 70.0, ""ma"": 200, ""stop_atr"": 3.0}, ""sizing"": {""dd_reduce"": {""dd"": 0.1, ""factor"": 0.5}, ""heat_cap"": 0.06, ""max_positions"": 10, ""risk_pct"": 1.0}}"
2026-09-27 11:46:21,forex,dev,rsi2 all minus rs,c062d431d7,0,-0.08809282067594189,-0.00516110881770715,-0.21303847561056177,799,-0.02170446270246752,"{""exits"": {""max_hold"": 10, ""native_exit"": true, ""target_r"": null}, ""filters"": {""regime"": true, ""score"": true, ""vol"": true}, ""rank"": ""score"", ""setup"": ""rsi2"", ""setup_params"": {""entry"": 10.0, ""exit"": 70.0, ""ma"": 200, ""stop_atr"": 3.0}, ""sizing"": {""dd_reduce"": {""dd"": 0.1, ""factor"": 0.5}, ""heat_cap"": 0.06, ""max_positions"": 10, ""risk_pct"": 1.0}}"
2026-09-27 11:46:21,forex,val,rsi2 all minus rs,c062d431d7,0,0.23624240347678407,0.010870696194253293,-0.0880361312355743,131,0.027055877114714598,"{""exits"": {""max_hold"": 10, ""native_exit"": true, ""target_r"": null}, ""filters"": {""regime"": true, ""score"": true, ""vol"": true}, ""rank"": ""score"", ""setup"": ""rsi2"", ""setup_params"": {""entry"": 10.0, ""exit"": 70.0, ""ma"": 200, ""stop_atr"": 3.0}, ""sizing"": {""dd_reduce"": {""dd"": 0.1, ""factor"": 0.5}, ""heat_cap"": 0.06, ""max_positions"": 10, ""risk_pct"": 1.0}}"
2026-09-27 11:46:21,forex,dev,rsi2 all minus score,dd56386b3b,0,-0.4744845164561442,-0.021051836396376422,-0.2852849406717213,1208,-0.03216217477788501,"{""exits"": {""max_hold"": 10, ""native_exit"": true, ""target_r"": null}, ""filters"": {""regime"": true, ""rs"": true, ""vol"": true}, ""rank"": ""random"", ""setup"": ""rsi2"", ""setup_params"": {""entry"": 10.0, ""exit"": 70.0, ""ma"": 200, ""stop_atr"": 3.0}, ""sizing"": {""dd_reduce"": {""dd"": 0.1, ""factor"": 0.5}, ""heat_cap"": 0.06, ""max_positions"": 10, ""risk_pct"": 1.0}}"
2026-09-27 11:46:22,forex,val,rsi2 all minus score,dd56386b3b,0,-0.0028282251150411673,-0.0018040168331870943,-0.10296652603095846,169,0.003922066013757856,"{""exits"": {""max_hold"": 10, ""native_exit"": true, ""target_r"": null}, ""filters"": {""regime"": true, ""rs"": true, ""vol"": true}, ""rank"": ""random"", ""setup"": ""rsi2"", ""setup_params"": {""entry"": 10.0, ""exit"": 70.0, ""ma"": 200, ""stop_atr"": 3.0}, ""sizing"": {""dd_reduce"": {""dd"": 0.1, ""factor"": 0.5}, ""heat_cap"": 0.06, ""max_positions"": 10, ""risk_pct"": 1.0}}"
2026-09-27 11:46:22,forex,dev,rsi2 all minus sizing,2040a5541b,0,0.03168054133191986,0.00029800362248022516,-0.19329661790833652,625,0.003427924989737829,"{""exits"": {""max_hold"": 10, ""native_exit"": true, ""target_r"": null}, ""filters"": {""regime"": true, ""rs"": true, ""score"": true, ""vol"": true}, ""rank"": ""score"", ""setup"": ""rsi2"", ""setup_params"": {""entry"": 10.0, ""exit"": 70.0, ""ma"": 200, ""stop_atr"": 3.0}, ""sizing"": {""heat_cap"": null, ""max_positions"": 10, ""risk_pct"": 1.0}}"
2026-09-27 11:46:22,forex,val,rsi2 all minus sizing,2040a5541b,0,0.4518126653899453,0.0214632027471664,-0.06006310469704168,105,0.06360736221261976,"{""exits"": {""max_hold"": 10, ""native_exit"": true, ""target_r"": null}, ""filters"": {""regime"": true, ""rs"": true, ""score"": true, ""vol"": true}, ""rank"": ""score"", ""setup"": ""rsi2"", ""setup_params"": {""entry"": 10.0, ""exit"": 70.0, ""ma"": 200, ""stop_atr"": 3.0}, ""sizing"": {""heat_cap"": null, ""max_positions"": 10, ""risk_pct"": 1.0}}"
2026-09-27 11:46:23,crypto,dev,naive breakout,b092b312a6,0,0.3291464315632224,0.05321966014198409,-0.32595287849451904,680,0.05371421962674632,"{""exits"": {""max_hold"": 20, ""native_exit"": false, ""target_r"": 2.0}, ""filters"": {}, ""rank"": ""random"", ""setup"": ""breakout"", ""setup_params"": {""base_len"": 20, ""stop_atr_max"": 1.5, ""stop_atr_min"": 0.5}, ""sizing"": {""heat_cap"": null, ""max_positions"": 10, ""risk_pct"": 1.0}}"
2026-09-27 11:46:26,crypto,val,naive breakout,b092b312a6,0,0.9863693003933806,0.49397208726835107,-0.4894994602132179,1074,0.10709189754087285,"{""exits"": {""max_hold"": 20, ""native_exit"": false, ""target_r"": 2.0}, ""filters"": {}, ""rank"": ""random"", ""setup"": ""breakout"", ""setup_params"": {""base_len"": 20, ""stop_atr_max"": 1.5, ""stop_atr_min"": 0.5}, ""sizing"": {""heat_cap"": null, ""max_positions"": 10, ""risk_pct"": 1.0}}"
2026-09-27 11:46:33,crypto,dev,breakout + regime,682cc9fcfe,0,0.23577653796700593,0.024432363256807532,-0.29014070366231204,438,0.06306163046750746,"{""exits"": {""max_hold"": 20, ""native_exit"": false, ""target_r"": 2.0}, ""filters"": {""regime"": true}, ""rank"": ""random"", ""setup"": ""breakout"", ""setup_params"": {""base_len"": 20, ""stop_atr_max"": 1.5, ""stop_atr_min"": 0.5}, ""sizing"": {""heat_cap"": null, ""max_positions"": 10, ""risk_pct"": 1.0}}"
2026-09-27 11:46:35,crypto,val,breakout + regime,682cc9fcfe,0,1.1626061058061499,0.6361748562552672,-0.5213352747971587,847,0.16030716572006087,"{""exits"": {""max_hold"": 20, ""native_exit"": false, ""target_r"": 2.0}, ""filters"": {""regime"": true}, ""rank"": ""random"", ""setup"": ""breakout"", ""setup_params"": {""base_len"": 20, ""stop_atr_max"": 1.5, ""stop_atr_min"": 0.5}, ""sizing"": {""heat_cap"": null, ""max_positions"": 10, ""risk_pct"": 1.0}}"
2026-09-27 11:46:35,crypto,dev,breakout + vol,88e4a99583,0,0.7006149462315976,0.21636213794334136,-0.24674167497711097,638,0.11594567825822526,"{""exits"": {""max_hold"": 20, ""native_exit"": false, ""target_r"": 2.0}, ""filters"": {""vol"": true}, ""rank"": ""random"", ""setup"": ""breakout"", ""setup_params"": {""base_len"": 20, ""stop_atr_max"": 1.5, ""stop_atr_min"": 0.5}, ""sizing"": {""heat_cap"": null, ""max_positions"": 10, ""risk_pct"": 1.0}}"
2026-09-27 11:46:38,crypto,val,breakout + vol,88e4a99583,0,0.7024206365563507,0.26463357167747525,-0.567616722918221,967,0.0763972802062067,"{""exits"": {""max_hold"": 20, ""native_exit"": false, ""target_r"": 2.0}, ""filters"": {""vol"": true}, ""rank"": ""random"", ""setup"": ""breakout"", ""setup_params"": {""base_len"": 20, ""stop_atr_max"": 1.5, ""stop_atr_min"": 0.5}, ""sizing"": {""heat_cap"": null, ""max_positions"": 10, ""risk_pct"": 1.0}}"
2026-09-27 11:46:38,crypto,dev,breakout + chop,5070dd20fe,0,0.3005806098091593,0.043666149603157844,-0.3128914864279696,589,0.046097223279651225,"{""exits"": {""max_hold"": 20, ""native_exit"": false, ""target_r"": 2.0}, ""filters"": {""chop"": true}, ""rank"": ""random"", ""setup"": ""breakout"", ""setup_params"": {""base_len"": 20, ""stop_atr_max"": 1.5, ""stop_atr_min"": 0.5}, ""sizing"": {""heat_cap"": null, ""max_positions"": 10, ""risk_pct"": 1.0}}"
2026-09-27 11:46:41,crypto,val,breakout + chop,5070dd20fe,0,0.525683605062987,0.1493313511130201,-0.5416117234073584,1059,0.056559277307197474,"{""exits"": {""max_hold"": 20, ""native_exit"": false, ""target_r"": 2.0}, ""filters"": {""chop"": true}, ""rank"": ""random"", ""setup"": ""breakout"", ""setup_params"": {""base_len"": 20, ""stop_atr_max"": 1.5, ""stop_atr_min"": 0.5}, ""sizing"": {""heat_cap"": null, ""max_positions"": 10, ""risk_pct"": 1.0}}"
2026-09-27 11:46:41,crypto,dev,breakout + rs,51ab81bcd8,0,0.19649320587233216,0.019524764807927752,-0.17950417185976153,323,0.03211484136727035,"{""exits"": {""max_hold"": 20, ""native_exit"": false, ""target_r"": 2.0}, ""filters"": {""rs"": true}, ""rank"": ""random"", ""setup"": ""breakout"", ""setup_params"": {""base_len"": 20, ""stop_atr_max"": 1.5, ""stop_atr_min"": 0.5}, ""sizing"": {""heat_cap"": null, ""max_positions"": 10, ""risk_pct"": 1.0}}"
2026-09-27 11:46:43,crypto,val,breakout + rs,51ab81bcd8,0,1.0849758333474033,0.5344202171741539,-0.4730254986899046,922,0.11718779149288877,"{""exits"": {""max_hold"": 20, ""native_exit"": false, ""target_r"": 2.0}, ""filters"": {""rs"": true}, ""rank"": ""random"", ""setup"": ""breakout"", ""setup_params"": {""base_len"": 20, ""stop_atr_max"": 1.5, ""stop_atr_min"": 0.5}, ""sizing"": {""heat_cap"": null, ""max_positions"": 10, ""risk_pct"": 1.0}}"
2026-09-27 11:46:43,crypto,dev,breakout + volume,0166420b2a,0,0.2894585406885942,0.042505984070283276,-0.3128915099573064,470,0.05572038623153694,"{""exits"": {""max_hold"": 20, ""native_exit"": false, ""target_r"": 2.0}, ""filters"": {""volume"": true}, ""rank"": ""random"", ""setup"": ""breakout"", ""setup_params"": {""base_len"": 20, ""stop_atr_max"": 1.5, ""stop_atr_min"": 0.5}, ""sizing"": {""heat_cap"": null, ""max_positions"": 10, ""risk_pct"": 1.0}}"
2026-09-27 11:46:46,crypto,val,breakout + volume,0166420b2a,0,0.9876358977367848,0.4543361674653492,-0.43816230729931405,954,0.10762451384714375,"{""exits"": {""max_hold"": 20, ""native_exit"": false, ""target_r"": 2.0}, ""filters"": {""volume"": true}, ""rank"": ""random"", ""setup"": ""breakout"", ""setup_params"": {""base_len"": 20, ""stop_atr_max"": 1.5, ""stop_atr_min"": 0.5}, ""sizing"": {""heat_cap"": null, ""max_positions"": 10, ""risk_pct"": 1.0}}"
2026-09-27 11:46:46,crypto,dev,breakout + score rank only,441edab161,0,0.3117112633235789,0.04621771696925814,-0.28943343878405814,675,0.05216132482779277,"{""exits"": {""max_hold"": 20, ""native_exit"": false, ""target_r"": 2.0}, ""filters"": {}, ""rank"": ""score"", ""setup"": ""breakout"", ""setup_params"": {""base_len"": 20, ""stop_atr_max"": 1.5, ""stop_atr_min"": 0.5}, ""sizing"": {""heat_cap"": null, ""max_positions"": 10, ""risk_pct"": 1.0}}"
2026-09-27 11:46:46,crypto,val,breakout + score rank only,441edab161,0,0.2850401054283757,0.0010564320589288023,-0.7063373580910547,1126,0.0317750856750345,"{""exits"": {""max_hold"": 20, ""native_exit"": false, ""target_r"": 2.0}, ""filters"": {}, ""rank"": ""score"", ""setup"": ""breakout"", ""setup_params"": {""base_len"": 20, ""stop_atr_max"": 1.5, ""stop_atr_min"": 0.5}, ""sizing"": {""heat_cap"": null, ""max_positions"": 10, ""risk_pct"": 1.0}}"
2026-09-27 11:46:46,crypto,dev,breakout + score top 20%,9810d12771,0,0.014819950909789874,-0.01680204951065667,-0.1842435660453592,229,0.007773980255579895,"{""exits"": {""max_hold"": 20, ""native_exit"": false, ""target_r"": 2.0}, ""filters"": {""score"": true}, ""rank"": ""score"", ""setup"": ""breakout"", ""setup_params"": {""base_len"": 20, ""stop_atr_max"": 1.5, ""stop_atr_min"": 0.5}, ""sizing"": {""heat_cap"": null, ""max_positions"": 10, ""risk_pct"": 1.0}}"
2026-09-27 11:46:49,crypto,val,breakout + score top 20%,9810d12771,0,0.2072440322141642,-0.014181021778253755,-0.5945460251687462,703,0.02629510383299165,"{""exits"": {""max_hold"": 20, ""native_exit"": false, ""target_r"": 2.0}, ""filters"": {""score"": true}, ""rank"": ""score"", ""setup"": ""breakout"", ""setup_params"": {""base_len"": 20, ""stop_atr_max"": 1.5, ""stop_atr_min"": 0.5}, ""sizing"": {""heat_cap"": null, ""max_positions"": 10, ""risk_pct"": 1.0}}"
2026-09-27 11:46:49,crypto,dev,breakout + risk 0.25%,cd7cc6eff6,0,0.39995112455227183,0.04104075038806543,-0.08367723327604826,768,0.06247008000441906,"{""exits"": {""max_hold"": 20, ""native_exit"": false, ""target_r"": 2.0}, ""filters"": {}, ""rank"": ""random"", ""setup"": ""breakout"", ""setup_params"": {""base_len"": 20, ""stop_atr_max"": 1.5, ""stop_atr_min"": 0.5}, ""sizing"": {""heat_cap"": null, ""max_positions"": 10, ""risk_pct"": 0.25}}"
2026-09-27 11:46:49,crypto,val,breakout + risk 0.25%,cd7cc6eff6,0,0.5985597784466491,0.08121671596010271,-0.1483999463231107,1130,0.06271334744409646,"{""exits"": {""max_hold"": 20, ""native_exit"": false, ""target_r"": 2.0}, ""filters"": {}, ""rank"": ""random"", ""setup"": ""breakout"", ""setup_params"": {""base_len"": 20, ""stop_atr_max"": 1.5, ""stop_atr_min"": 0.5}, ""sizing"": {""heat_cap"": null, ""max_positions"": 10, ""risk_pct"": 0.25}}"
2026-09-27 11:46:49,crypto,dev,breakout + risk 0.5%,49826e3851,0,0.4026979161424894,0.06940130960262647,-0.16364137890312236,768,0.06247008000441906,"{""exits"": {""max_hold"": 20, ""native_exit"": false, ""target_r"": 2.0}, ""filters"": {}, ""rank"": ""random"", ""setup"": ""breakout"", ""setup_params"": {""base_len"": 20, ""stop_atr_max"": 1.5, ""stop_atr_min"": 0.5}, ""sizing"": {""heat_cap"": null, ""max_positions"": 10, ""risk_pct"": 0.5}}"
2026-09-27 11:46:49,crypto,val,breakout + risk 0.5%,49826e3851,0,0.6191035221583329,0.1502180183822417,-0.2722867554289182,1129,0.0637809206416789,"{""exits"": {""max_hold"": 20, ""native_exit"": false, ""target_r"": 2.0}, ""filters"": {}, ""rank"": ""random"", ""setup"": ""breakout"", ""setup_params"": {""base_len"": 20, ""stop_atr_max"": 1.5, ""stop_atr_min"": 0.5}, ""sizing"": {""heat_cap"": null, ""max_positions"": 10, ""risk_pct"": 0.5}}"
2026-09-27 11:46:50,crypto,dev,breakout + risk 2%,f9a644fd67,0,0.27581351171894775,0.01246079942801015,-0.4316405311246382,524,0.04197624274523011,"{""exits"": {""max_hold"": 20, ""native_exit"": false, ""target_r"": 2.0}, ""filters"": {}, ""rank"": ""random"", ""setup"": ""breakout"", ""setup_params"": {""base_len"": 20, ""stop_atr_max"": 1.5, ""stop_atr_min"": 0.5}, ""sizing"": {""heat_cap"": null, ""max_positions"": 10, ""risk_pct"": 2.0}}"
2026-09-27 11:46:50,crypto,val,breakout + risk 2%,f9a644fd67,0,1.0581048817411085,0.7117614556824108,-0.617471226068377,788,0.12246996634993869,"{""exits"": {""max_hold"": 20, ""native_exit"": false, ""target_r"": 2.0}, ""filters"": {}, ""rank"": ""random"", ""setup"": ""breakout"", ""setup_params"": {""base_len"": 20, ""stop_atr_max"": 1.5, ""stop_atr_min"": 0.5}, ""sizing"": {""heat_cap"": null, ""max_positions"": 10, ""risk_pct"": 2.0}}"
2026-09-27 11:46:50,crypto,dev,breakout + ATR sizing,c404b15004,0,0.47694499243599114,0.10230166520483874,-0.21110745094911998,764,0.06834530429304018,"{""exits"": {""max_hold"": 20, ""native_exit"": false, ""target_r"": 2.0}, ""filters"": {}, ""rank"": ""random"", ""setup"": ""breakout"", ""setup_params"": {""base_len"": 20, ""stop_atr_max"": 1.5, ""stop_atr_min"": 0.5}, ""sizing"": {""atr_mult"": 2.0, ""heat_cap"": null, ""max_positions"": 10, ""mode"": ""atr"", ""risk_pct"": 1.0}}"
2026-09-27 11:46:50,crypto,val,breakout + ATR sizing,c404b15004,0,0.7744391537562466,0.2356596886574236,-0.2834845052922219,1130,0.06271334744409648,"{""exits"": {""max_hold"": 20, ""native_exit"": false, ""target_r"": 2.0}, ""filters"": {}, ""rank"": ""random"", ""setup"": ""breakout"", ""setup_params"": {""base_len"": 20, ""stop_atr_max"": 1.5, ""stop_atr_min"": 0.5}, ""sizing"": {""atr_mult"": 2.0, ""heat_cap"": null, ""max_positions"": 10, ""mode"": ""atr"", ""risk_pct"": 1.0}}"
2026-09-27 11:46:50,crypto,dev,breakout + heat cap 4%,b41a0cbbfb,0,0.8434281985082758,0.17433795668837004,-0.15237728718636845,349,0.1487124916056747,"{""exits"": {""max_hold"": 20, ""native_exit"": false, ""target_r"": 2.0}, ""filters"": {}, ""rank"": ""random"", ""setup"": ""breakout"", ""setup_params"": {""base_len"": 20, ""stop_atr_max"": 1.5, ""stop_atr_min"": 0.5}, ""sizing"": {""heat_cap"": 0.04, ""max_positions"": 10, ""risk_pct"": 1.0}}"
2026-09-27 11:46:50,crypto,val,breakout + heat cap 4%,b41a0cbbfb,0,0.10543600229019255,-0.003633793238171368,-0.27795754238257575,426,0.01162591853408893,"{""exits"": {""max_hold"": 20, ""native_exit"": false, ""target_r"": 2.0}, ""filters"": {}, ""rank"": ""random"", ""setup"": ""breakout"", ""setup_params"": {""base_len"": 20, ""stop_atr_max"": 1.5, ""stop_atr_min"": 0.5}, ""sizing"": {""heat_cap"": 0.04, ""max_positions"": 10, ""risk_pct"": 1.0}}"
2026-09-27 11:46:50,crypto,dev,breakout + heat cap 6%,c1198a7843,0,0.38054859263543345,0.07017746567732464,-0.2016419376090166,483,0.06819763274840439,"{""exits"": {""max_hold"": 20, ""native_exit"": false, ""target_r"": 2.0}, ""filters"": {}, ""rank"": ""random"", ""setup"": ""breakout"", ""setup_params"": {""base_len"": 20, ""stop_atr_max"": 1.5, ""stop_atr_min"": 0.5}, ""sizing"": {""heat_cap"": 0.06, ""max_positions"": 10, ""risk_pct"": 1.0}}"
2026-09-27 11:46:51,crypto,val,breakout + heat cap 6%,c1198a7843,0,0.7452060945330197,0.21079036389842076,-0.4333316628717919,646,0.07613353248450566,"{""exits"": {""max_hold"": 20, ""native_exit"": false, ""target_r"": 2.0}, ""filters"": {}, ""rank"": ""random"", ""setup"": ""breakout"", ""setup_params"": {""base_len"": 20, ""stop_atr_max"": 1.5, ""stop_atr_min"": 0.5}, ""sizing"": {""heat_cap"": 0.06, ""max_positions"": 10, ""risk_pct"": 1.0}}"
2026-09-27 11:46:51,crypto,dev,breakout + heat cap 8%,446f0c4a6c,0,0.3662867104408963,0.06978811771896543,-0.2745588746930575,593,0.06145502970318664,"{""exits"": {""max_hold"": 20, ""native_exit"": false, ""target_r"": 2.0}, ""filters"": {}, ""rank"": ""random"", ""setup"": ""breakout"", ""setup_params"": {""base_len"": 20, ""stop_atr_max"": 1.5, ""stop_atr_min"": 0.5}, ""sizing"": {""heat_cap"": 0.08, ""max_positions"": 10, ""risk_pct"": 1.0}}"
2026-09-27 11:46:51,crypto,val,breakout + heat cap 8%,446f0c4a6c,0,0.27668735904846387,0.03001565514379201,-0.5002807953727615,810,0.02868917336228694,"{""exits"": {""max_hold"": 20, ""native_exit"": false, ""target_r"": 2.0}, ""filters"": {}, ""rank"": ""random"", ""setup"": ""breakout"", ""setup_params"": {""base_len"": 20, ""stop_atr_max"": 1.5, ""stop_atr_min"": 0.5}, ""sizing"": {""heat_cap"": 0.08, ""max_positions"": 10, ""risk_pct"": 1.0}}"
2026-09-27 11:46:51,crypto,dev,breakout + max 5 positions,465a5a0299,0,0.31913967726141607,0.05188148002284976,-0.276825699800081,501,0.050936016674424545,"{""exits"": {""max_hold"": 20, ""native_exit"": false, ""target_r"": 2.0}, ""filters"": {}, ""rank"": ""random"", ""setup"": ""breakout"", ""setup_params"": {""base_len"": 20, ""stop_atr_max"": 1.5, ""stop_atr_min"": 0.5}, ""sizing"": {""heat_cap"": null, ""max_positions"": 5, ""risk_pct"": 1.0}}"
2026-09-27 11:46:51,crypto,val,breakout + max 5 positions,465a5a0299,0,1.1639973812931013,0.3921748704441317,-0.2788503366322569,599,0.1273483520864636,"{""exits"": {""max_hold"": 20, ""native_exit"": false, ""target_r"": 2.0}, ""filters"": {}, ""rank"": ""random"", ""setup"": ""breakout"", ""setup_params"": {""base_len"": 20, ""stop_atr_max"": 1.5, ""stop_atr_min"": 0.5}, ""sizing"": {""heat_cap"": null, ""max_positions"": 5, ""risk_pct"": 1.0}}"
2026-09-27 11:46:51,crypto,dev,breakout + halve risk in 10% DD,5e8ad633a3,0,0.01073312183049204,-0.03495061275582079,-0.24339437721430912,762,0.06344431432230775,"{""exits"": {""max_hold"": 20, ""native_exit"": false, ""target_r"": 2.0}, ""filters"": {}, ""rank"": ""random"", ""setup"": ""breakout"", ""setup_params"": {""base_len"": 20, ""stop_atr_max"": 1.5, ""stop_atr_min"": 0.5}, ""sizing"": {""dd_reduce"": {""dd"": 0.1, ""factor"": 0.5}, ""heat_cap"": null, ""max_positions"": 10, ""risk_pct"": 1.0}}"
2026-09-27 11:46:51,crypto,val,breakout + halve risk in 10% DD,5e8ad633a3,0,0.7466125928113503,0.23277425266674823,-0.34209108286682843,1129,0.0637809206416789,"{""exits"": {""max_hold"": 20, ""native_exit"": false, ""target_r"": 2.0}, ""filters"": {}, ""rank"": ""random"", ""setup"": ""breakout"", ""setup_params"": {""base_len"": 20, ""stop_atr_max"": 1.5, ""stop_atr_min"": 0.5}, ""sizing"": {""dd_reduce"": {""dd"": 0.1, ""factor"": 0.5}, ""heat_cap"": null, ""max_positions"": 10, ""risk_pct"": 1.0}}"
2026-09-27 11:46:53,crypto,dev,breakout + partial 3d + BE + 10MA,3a1101c9f7,0,0.5849378581994265,0.1768000693760916,-0.2972455380754382,583,0.1373848272931155,"{""exits"": {""breakeven"": true, ""max_hold"": 100, ""native_exit"": false, ""partial"": {""after_bars"": 3, ""frac"": 0.33, ""trail_after_partial"": true}, ""target_r"": null, ""trail_ma"": 10}, ""filters"": {}, ""rank"": ""random"", ""setup"": ""breakout"", ""setup_params"": {""base_len"": 20, ""stop_atr_max"": 1.5, ""stop_atr_min"": 0.5}, ""sizing"": {""heat_cap"": null, ""max_positions"": 10, ""risk_pct"": 1.0}}"
2026-09-27 11:46:55,crypto,val,breakout + partial 3d + BE + 10MA,3a1101c9f7,0,0.7499380479990396,0.33788573569112046,-0.6836183298687686,1032,0.11179774098797199,"{""exits"": {""breakeven"": true, ""max_hold"": 100, ""native_exit"": false, ""partial"": {""after_bars"": 3, ""frac"": 0.33, ""trail_after_partial"": true}, ""target_r"": null, ""trail_ma"": 10}, ""filters"": {}, ""rank"": ""random"", ""setup"": ""breakout"", ""setup_params"": {""base_len"": 20, ""stop_atr_max"": 1.5, ""stop_atr_min"": 0.5}, ""sizing"": {""heat_cap"": null, ""max_positions"": 10, ""risk_pct"": 1.0}}"
2026-09-27 11:46:57,crypto,dev,breakout + partial 2R + BE + 20MA,5c3dccffa7,0,1.391701305370826,0.6576944303912711,-0.2377476297579071,391,0.44977919597749627,"{""exits"": {""breakeven"": true, ""max_hold"": 100, ""native_exit"": false, ""partial"": {""at_r"": 2.0, ""frac"": 0.5, ""trail_after_partial"": true}, ""target_r"": null, ""trail_ma"": 20}, ""filters"": {}, ""rank"": ""random"", ""setup"": ""breakout"", ""setup_params"": {""base_len"": 20, ""stop_atr_max"": 1.5, ""stop_atr_min"": 0.5}, ""sizing"": {""heat_cap"": null, ""max_positions"": 10, ""risk_pct"": 1.0}}"
2026-09-27 11:46:59,crypto,val,breakout + partial 2R + BE + 20MA,5c3dccffa7,0,1.09622448300349,0.580314375585373,-0.43074405642944213,552,0.244900809108347,"{""exits"": {""breakeven"": true, ""max_hold"": 100, ""native_exit"": false, ""partial"": {""at_r"": 2.0, ""frac"": 0.5, ""trail_after_partial"": true}, ""target_r"": null, ""trail_ma"": 20}, ""filters"": {}, ""rank"": ""random"", ""setup"": ""breakout"", ""setup_params"": {""base_len"": 20, ""stop_atr_max"": 1.5, ""stop_atr_min"": 0.5}, ""sizing"": {""heat_cap"": null, ""max_positions"": 10, ""risk_pct"": 1.0}}"
2026-09-27 11:46:59,crypto,dev,breakout + ATR trail 2.5,40e01aadb0,0,1.2909544446001322,0.7887949809394648,-0.28533624895026144,359,0.5142563783393864,"{""exits"": {""max_hold"": 100, ""native_exit"": false, ""target_r"": null, ""trail_atr"": 2.5}, ""filters"": {}, ""rank"": ""random"", ""setup"": ""breakout"", ""setup_params"": {""base_len"": 20, ""stop_atr_max"": 1.5, ""stop_atr_min"": 0.5}, ""sizing"": {""heat_cap"": null, ""max_positions"": 10, ""risk_pct"": 1.0}}"
2026-09-27 11:46:59,crypto,val,breakout + ATR trail 2.5,40e01aadb0,0,0.6454158388062134,0.2345778176711042,-0.7313809527763412,547,0.22529901409322264,"{""exits"": {""max_hold"": 100, ""native_exit"": false, ""target_r"": null, ""trail_atr"": 2.5}, ""filters"": {}, ""rank"": ""random"", ""setup"": ""breakout"", ""setup_params"": {""base_len"": 20, ""stop_atr_max"": 1.5, ""stop_atr_min"": 0.5}, ""sizing"": {""heat_cap"": null, ""max_positions"": 10, ""risk_pct"": 1.0}}"
2026-09-27 11:46:59,crypto,dev,breakout + time stop 5d,f691067460,0,0.3856189936483377,0.07848481150252251,-0.42304617930531263,762,0.051781084553737464,"{""exits"": {""max_hold"": 20, ""native_exit"": false, ""target_r"": 2.0, ""time_stop"": {""bars"": 5, ""min_r"": 0.5}}, ""filters"": {}, ""rank"": ""random"", ""setup"": ""breakout"", ""setup_params"": {""base_len"": 20, ""stop_atr_max"": 1.5, ""stop_atr_min"": 0.5}, ""sizing"": {""heat_cap"": null, ""max_positions"": 10, ""risk_pct"": 1.0}}"
2026-09-27 11:47:00,crypto,val,breakout + time stop 5d,f691067460,0,0.25252493202576415,-0.014203496322516163,-0.7324941117492992,1440,0.017866527784259612,"{""exits"": {""max_hold"": 20, ""native_exit"": false, ""target_r"": 2.0, ""time_stop"": {""bars"": 5, ""min_r"": 0.5}}, ""filters"": {}, ""rank"": ""random"", ""setup"": ""breakout"", ""setup_params"": {""base_len"": 20, ""stop_atr_max"": 1.5, ""stop_atr_min"": 0.5}, ""sizing"": {""heat_cap"": null, ""max_positions"": 10, ""risk_pct"": 1.0}}"
2026-09-27 11:47:01,crypto,dev,breakout ALL LAYERS,a71cdb771c,0,0.25897965284768265,0.015395021111007656,-0.0786813500332324,35,0.13157639651462968,"{""exits"": {""breakeven"": true, ""max_hold"": 100, ""native_exit"": false, ""partial"": {""at_r"": 2.0, ""frac"": 0.5, ""trail_after_partial"": true}, ""target_r"": null, ""trail_ma"": 20}, ""filters"": {""chop"": true, ""regime"": true, ""rs"": true, ""score"": true, ""vol"": true, ""volume"": true}, ""rank"": ""score"", ""setup"": ""breakout"", ""setup_params"": {""base_len"": 20, ""stop_atr_max"": 1.5, ""stop_atr_min"": 0.5}, ""sizing"": {""dd_reduce"": {""dd"": 0.1, ""factor"": 0.5}, ""heat_cap"": 0.06, ""max_positions"": 10, ""risk_pct"": 1.0}}"
2026-09-27 11:47:03,crypto,val,breakout ALL LAYERS,a71cdb771c,0,0.9383127620702527,0.13178489786939163,-0.1409142613123533,77,0.3690801637516973,"{""exits"": {""breakeven"": true, ""max_hold"": 100, ""native_exit"": false, ""partial"": {""at_r"": 2.0, ""frac"": 0.5, ""trail_after_partial"": true}, ""target_r"": null, ""trail_ma"": 20}, ""filters"": {""chop"": true, ""regime"": true, ""rs"": true, ""score"": true, ""vol"": true, ""volume"": true}, ""rank"": ""score"", ""setup"": ""breakout"", ""setup_params"": {""base_len"": 20, ""stop_atr_max"": 1.5, ""stop_atr_min"": 0.5}, ""sizing"": {""dd_reduce"": {""dd"": 0.1, ""factor"": 0.5}, ""heat_cap"": 0.06, ""max_positions"": 10, ""risk_pct"": 1.0}}"
2026-09-27 11:47:05,crypto,dev,breakout all minus regime,b381a82c36,0,0.37907412410130137,0.024670607997341998,-0.07868135003323251,37,0.18827181499303014,"{""exits"": {""breakeven"": true, ""max_hold"": 100, ""native_exit"": false, ""partial"": {""at_r"": 2.0, ""frac"": 0.5, ""trail_after_partial"": true}, ""target_r"": null, ""trail_ma"": 20}, ""filters"": {""chop"": true, ""rs"": true, ""score"": true, ""vol"": true, ""volume"": true}, ""rank"": ""score"", ""setup"": ""breakout"", ""setup_params"": {""base_len"": 20, ""stop_atr_max"": 1.5, ""stop_atr_min"": 0.5}, ""sizing"": {""dd_reduce"": {""dd"": 0.1, ""factor"": 0.5}, ""heat_cap"": 0.06, ""max_positions"": 10, ""risk_pct"": 1.0}}"
2026-09-27 11:47:07,crypto,val,breakout all minus regime,b381a82c36,0,0.7053182212102763,0.10486443552214197,-0.2099656039009562,132,0.1530615400886152,"{""exits"": {""breakeven"": true, ""max_hold"": 100, ""native_exit"": false, ""partial"": {""at_r"": 2.0, ""frac"": 0.5, ""trail_after_partial"": true}, ""target_r"": null, ""trail_ma"": 20}, ""filters"": {""chop"": true, ""rs"": true, ""score"": true, ""vol"": true, ""volume"": true}, ""rank"": ""score"", ""setup"": ""breakout"", ""setup_params"": {""base_len"": 20, ""stop_atr_max"": 1.5, ""stop_atr_min"": 0.5}, ""sizing"": {""dd_reduce"": {""dd"": 0.1, ""factor"": 0.5}, ""heat_cap"": 0.06, ""max_positions"": 10, ""risk_pct"": 1.0}}"
2026-09-27 11:47:08,crypto,dev,breakout all minus vol,9a7b7b0cf8,0,0.1379383566454874,0.007217830978733852,-0.08773531613170749,37,0.06861809950212973,"{""exits"": {""breakeven"": true, ""max_hold"": 100, ""native_exit"": false, ""partial"": {""at_r"": 2.0, ""frac"": 0.5, ""trail_after_partial"": true}, ""target_r"": null, ""trail_ma"": 20}, ""filters"": {""chop"": true, ""regime"": true, ""rs"": true, ""score"": true, ""volume"": true}, ""rank"": ""score"", ""setup"": ""breakout"", ""setup_params"": {""base_len"": 20, ""stop_atr_max"": 1.5, ""stop_atr_min"": 0.5}, ""sizing"": {""dd_reduce"": {""dd"": 0.1, ""factor"": 0.5}, ""heat_cap"": 0.06, ""max_positions"": 10, ""risk_pct"": 1.0}}"
2026-09-27 11:47:11,crypto,val,breakout all minus vol,9a7b7b0cf8,0,1.1007738592049112,0.1773463313231609,-0.18154965197292094,88,0.4291598380837904,"{""exits"": {""breakeven"": true, ""max_hold"": 100, ""native_exit"": false, ""partial"": {""at_r"": 2.0, ""frac"": 0.5, ""trail_after_partial"": true}, ""target_r"": null, ""trail_ma"": 20}, ""filters"": {""chop"": true, ""regime"": true, ""rs"": true, ""score"": true, ""volume"": true}, ""rank"": ""score"", ""setup"": ""breakout"", ""setup_params"": {""base_len"": 20, ""stop_atr_max"": 1.5, ""stop_atr_min"": 0.5}, ""sizing"": {""dd_reduce"": {""dd"": 0.1, ""factor"": 0.5}, ""heat_cap"": 0.06, ""max_positions"": 10, ""risk_pct"": 1.0}}"
2026-09-27 11:47:12,crypto,dev,breakout all minus chop,f3a7b86730,0,0.13933962520331816,0.007218165560112455,-0.08821554636380868,37,0.068279344817826,"{""exits"": {""breakeven"": true, ""max_hold"": 100, ""native_exit"": false, ""partial"": {""at_r"": 2.0, ""frac"": 0.5, ""trail_after_partial"": true}, ""target_r"": null, ""trail_ma"": 20}, ""filters"": {""regime"": true, ""rs"": true, ""score"": true, ""vol"": true, ""volume"": true}, ""rank"": ""score"", ""setup"": ""breakout"", ""setup_params"": {""base_len"": 20, ""stop_atr_max"": 1.5, ""stop_atr_min"": 0.5}, ""sizing"": {""dd_reduce"": {""dd"": 0.1, ""factor"": 0.5}, ""heat_cap"": 0.06, ""max_positions"": 10, ""risk_pct"": 1.0}}"
2026-09-27 11:47:15,crypto,val,breakout all minus chop,f3a7b86730,0,0.8438460261174808,0.11792925538188626,-0.16489142563704828,85,0.2637507069094999,"{""exits"": {""breakeven"": true, ""max_hold"": 100, ""native_exit"": false, ""partial"": {""at_r"": 2.0, ""frac"": 0.5, ""trail_after_partial"": true}, ""target_r"": null, ""trail_ma"": 20}, ""filters"": {""regime"": true, ""rs"": true, ""score"": true, ""vol"": true, ""volume"": true}, ""rank"": ""score"", ""setup"": ""breakout"", ""setup_params"": {""base_len"": 20, ""stop_atr_max"": 1.5, ""stop_atr_min"": 0.5}, ""sizing"": {""dd_reduce"": {""dd"": 0.1, ""factor"": 0.5}, ""heat_cap"": 0.06, ""max_positions"": 10, ""risk_pct"": 1.0}}"
2026-09-27 11:47:16,crypto,dev,breakout all minus rs,cd7083174e,0,-0.30522773719528135,-0.025220093988520098,-0.12749360650061392,47,-0.0440323550697715,"{""exits"": {""breakeven"": true, ""max_hold"": 100, ""native_exit"": false, ""partial"": {""at_r"": 2.0, ""frac"": 0.5, ""trail_after_partial"": true}, ""target_r"": null, ""trail_ma"": 20}, ""filters"": {""chop"": true, ""regime"": true, ""score"": true, ""vol"": true, ""volume"": true}, ""rank"": ""score"", ""setup"": ""breakout"", ""setup_params"": {""base_len"": 20, ""stop_atr_max"": 1.5, ""stop_atr_min"": 0.5}, ""sizing"": {""dd_reduce"": {""dd"": 0.1, ""factor"": 0.5}, ""heat_cap"": 0.06, ""max_positions"": 10, ""risk_pct"": 1.0}}"
2026-09-27 11:47:18,crypto,val,breakout all minus rs,cd7083174e,0,0.9784283356085123,0.19860002050040015,-0.2544539783690528,112,0.2890141626361024,"{""exits"": {""breakeven"": true, ""max_hold"": 100, ""native_exit"": false, ""partial"": {""at_r"": 2.0, ""frac"": 0.5, ""trail_after_partial"": true}, ""target_r"": null, ""trail_ma"": 20}, ""filters"": {""chop"": true, ""regime"": true, ""score"": true, ""vol"": true, ""volume"": true}, ""rank"": ""score"", ""setup"": ""breakout"", ""setup_params"": {""base_len"": 20, ""stop_atr_max"": 1.5, ""stop_atr_min"": 0.5}, ""sizing"": {""dd_reduce"": {""dd"": 0.1, ""factor"": 0.5}, ""heat_cap"": 0.06, ""max_positions"": 10, ""risk_pct"": 1.0}}"
2026-09-27 11:47:20,crypto,dev,breakout all minus volume,f240964832,0,0.7326883346830902,0.08718956634078712,-0.14790358825410643,54,0.5751304512048178,"{""exits"": {""breakeven"": true, ""max_hold"": 100, ""native_exit"": false, ""partial"": {""at_r"": 2.0, ""frac"": 0.5, ""trail_after_partial"": true}, ""target_r"": null, ""trail_ma"": 20}, ""filters"": {""chop"": true, ""regime"": true, ""rs"": true, ""score"": true, ""vol"": true}, ""rank"": ""score"", ""setup"": ""breakout"", ""setup_params"": {""base_len"": 20, ""stop_atr_max"": 1.5, ""stop_atr_min"": 0.5}, ""sizing"": {""dd_reduce"": {""dd"": 0.1, ""factor"": 0.5}, ""heat_cap"": 0.06, ""max_positions"": 10, ""risk_pct"": 1.0}}"
2026-09-27 11:47:22,crypto,val,breakout all minus volume,f240964832,0,1.4763933927998147,0.4560344107775838,-0.19946528668957486,202,0.618645367021557,"{""exits"": {""breakeven"": true, ""max_hold"": 100, ""native_exit"": false, ""partial"": {""at_r"": 2.0, ""frac"": 0.5, ""trail_after_partial"": true}, ""target_r"": null, ""trail_ma"": 20}, ""filters"": {""chop"": true, ""regime"": true, ""rs"": true, ""score"": true, ""vol"": true}, ""rank"": ""score"", ""setup"": ""breakout"", ""setup_params"": {""base_len"": 20, ""stop_atr_max"": 1.5, ""stop_atr_min"": 0.5}, ""sizing"": {""dd_reduce"": {""dd"": 0.1, ""factor"": 0.5}, ""heat_cap"": 0.06, ""max_positions"": 10, ""risk_pct"": 1.0}}"
2026-09-27 11:47:23,crypto,dev,breakout all minus score,e301def414,0,0.8219140897032154,0.1106073943266348,-0.13410853917169907,94,0.40048049457612844,"{""exits"": {""breakeven"": true, ""max_hold"": 100, ""native_exit"": false, ""partial"": {""at_r"": 2.0, ""frac"": 0.5, ""trail_after_partial"": true}, ""target_r"": null, ""trail_ma"": 20}, ""filters"": {""chop"": true, ""regime"": true, ""rs"": true, ""vol"": true, ""volume"": true}, ""rank"": ""random"", ""setup"": ""breakout"", ""setup_params"": {""base_len"": 20, ""stop_atr_max"": 1.5, ""stop_atr_min"": 0.5}, ""sizing"": {""dd_reduce"": {""dd"": 0.1, ""factor"": 0.5}, ""heat_cap"": 0.06, ""max_positions"": 10, ""risk_pct"": 1.0}}"
2026-09-27 11:47:26,crypto,val,breakout all minus score,e301def414,0,1.146929035855448,0.31746214830187824,-0.23321404143144142,241,0.2951302044776513,"{""exits"": {""breakeven"": true, ""max_hold"": 100, ""native_exit"": false, ""partial"": {""at_r"": 2.0, ""frac"": 0.5, ""trail_after_partial"": true}, ""target_r"": null, ""trail_ma"": 20}, ""filters"": {""chop"": true, ""regime"": true, ""rs"": true, ""vol"": true, ""volume"": true}, ""rank"": ""random"", ""setup"": ""breakout"", ""setup_params"": {""base_len"": 20, ""stop_atr_max"": 1.5, ""stop_atr_min"": 0.5}, ""sizing"": {""dd_reduce"": {""dd"": 0.1, ""factor"": 0.5}, ""heat_cap"": 0.06, ""max_positions"": 10, ""risk_pct"": 1.0}}"
2026-09-27 11:47:27,crypto,dev,breakout all minus exit,73684885fe,0,-0.22245712489984157,-0.01225430948902162,-0.09307613998854836,40,-0.07491504833823735,"{""exits"": {""max_hold"": 20, ""native_exit"": false, ""target_r"": 2.0}, ""filters"": {""chop"": true, ""regime"": true, ""rs"": true, ""score"": true, ""vol"": true, ""volume"": true}, ""rank"": ""score"", ""setup"": ""breakout"", ""setup_params"": {""base_len"": 20, ""stop_atr_max"": 1.5, ""stop_atr_min"": 0.5}, ""sizing"": {""dd_reduce"": {""dd"": 0.1, ""factor"": 0.5}, ""heat_cap"": 0.06, ""max_positions"": 10, ""risk_pct"": 1.0}}"
2026-09-27 11:47:30,crypto,val,breakout all minus exit,73684885fe,0,0.4503865815350281,0.043357979314092354,-0.09301313615842755,80,0.10779660304887699,"{""exits"": {""max_hold"": 20, ""native_exit"": false, ""target_r"": 2.0}, ""filters"": {""chop"": true, ""regime"": true, ""rs"": true, ""score"": true, ""vol"": true, ""volume"": true}, ""rank"": ""score"", ""setup"": ""breakout"", ""setup_params"": {""base_len"": 20, ""stop_atr_max"": 1.5, ""stop_atr_min"": 0.5}, ""sizing"": {""dd_reduce"": {""dd"": 0.1, ""factor"": 0.5}, ""heat_cap"": 0.06, ""max_positions"": 10, ""risk_pct"": 1.0}}"
2026-09-27 11:47:30,crypto,dev,breakout all minus sizing,85af9a9e0b,0,0.25897965284768265,0.015395021111007656,-0.0786813500332324,35,0.13157639651462968,"{""exits"": {""breakeven"": true, ""max_hold"": 100, ""native_exit"": false, ""partial"": {""at_r"": 2.0, ""frac"": 0.5, ""trail_after_partial"": true}, ""target_r"": null, ""trail_ma"": 20}, ""filters"": {""chop"": true, ""regime"": true, ""rs"": true, ""score"": true, ""vol"": true, ""volume"": true}, ""rank"": ""score"", ""setup"": ""breakout"", ""setup_params"": {""base_len"": 20, ""stop_atr_max"": 1.5, ""stop_atr_min"": 0.5}, ""sizing"": {""heat_cap"": null, ""max_positions"": 10, ""risk_pct"": 1.0}}"
2026-09-27 11:47:30,crypto,val,breakout all minus sizing,85af9a9e0b,0,0.8504297794778597,0.13958787334280598,-0.17283463865346949,77,0.3701421328876097,"{""exits"": {""breakeven"": true, ""max_hold"": 100, ""native_exit"": false, ""partial"": {""at_r"": 2.0, ""frac"": 0.5, ""trail_after_partial"": true}, ""target_r"": null, ""trail_ma"": 20}, ""filters"": {""chop"": true, ""regime"": true, ""rs"": true, ""score"": true, ""vol"": true, ""volume"": true}, ""rank"": ""score"", ""setup"": ""breakout"", ""setup_params"": {""base_len"": 20, ""stop_atr_max"": 1.5, ""stop_atr_min"": 0.5}, ""sizing"": {""heat_cap"": null, ""max_positions"": 10, ""risk_pct"": 1.0}}"
2026-09-27 11:47:31,crypto,dev,breakout PICKED,befcff0504,0,1.2489562208932032,0.543138310745561,-0.3073961712699238,374,0.4068273799848174,"{""exits"": {""breakeven"": true, ""max_hold"": 100, ""native_exit"": false, ""partial"": {""at_r"": 2.0, ""frac"": 0.5, ""trail_after_partial"": true}, ""target_r"": null, ""trail_ma"": 20}, ""filters"": {""vol"": true}, ""rank"": ""random"", ""setup"": ""breakout"", ""setup_params"": {""base_len"": 20, ""stop_atr_max"": 1.5, ""stop_atr_min"": 0.5}, ""sizing"": {""heat_cap"": null, ""max_positions"": 10, ""risk_pct"": 1.0}}"
2026-09-27 11:47:34,crypto,val,breakout PICKED,befcff0504,0,0.2456202278545192,0.008891646091594874,-0.5420318496841241,540,0.041886273583118784,"{""exits"": {""breakeven"": true, ""max_hold"": 100, ""native_exit"": false, ""partial"": {""at_r"": 2.0, ""frac"": 0.5, ""trail_after_partial"": true}, ""target_r"": null, ""trail_ma"": 20}, ""filters"": {""vol"": true}, ""rank"": ""random"", ""setup"": ""breakout"", ""setup_params"": {""base_len"": 20, ""stop_atr_max"": 1.5, ""stop_atr_min"": 0.5}, ""sizing"": {""heat_cap"": null, ""max_positions"": 10, ""risk_pct"": 1.0}}"
2026-09-27 11:47:35,crypto,dev,naive pullback,1ff9d3db1e,0,0.13551544957271724,0.0035569542538607113,-0.3451135147984645,286,0.03442338299130949,"{""exits"": {""max_hold"": 20, ""native_exit"": false, ""target_r"": 2.0}, ""filters"": {}, ""rank"": ""random"", ""setup"": ""pullback"", ""setup_params"": {""adx_min"": 25.0, ""lookback"": 5, ""stop_atr_max"": 2.0, ""stop_atr_min"": 0.5}, ""sizing"": {""heat_cap"": null, ""max_positions"": 10, ""risk_pct"": 1.0}}"
2026-09-27 11:47:37,crypto,val,naive pullback,1ff9d3db1e,0,1.4500632184749156,0.6309587623634152,-0.2534595744005167,664,0.1743179659415234,"{""exits"": {""max_hold"": 20, ""native_exit"": false, ""target_r"": 2.0}, ""filters"": {}, ""rank"": ""random"", ""setup"": ""pullback"", ""setup_params"": {""adx_min"": 25.0, ""lookback"": 5, ""stop_atr_max"": 2.0, ""stop_atr_min"": 0.5}, ""sizing"": {""heat_cap"": null, ""max_positions"": 10, ""risk_pct"": 1.0}}"
2026-09-27 11:47:43,crypto,dev,pullback + regime,180b683bf0,0,-0.026848781410502485,-0.029943268047473826,-0.3686186344858815,219,0.006627860659839347,"{""exits"": {""max_hold"": 20, ""native_exit"": false, ""target_r"": 2.0}, ""filters"": {""regime"": true}, ""rank"": ""random"", ""setup"": ""pullback"", ""setup_params"": {""adx_min"": 25.0, ""lookback"": 5, ""stop_atr_max"": 2.0, ""stop_atr_min"": 0.5}, ""sizing"": {""heat_cap"": null, ""max_positions"": 10, ""risk_pct"": 1.0}}"
2026-09-27 11:47:45,crypto,val,pullback + regime,180b683bf0,0,1.0433491815963998,0.4176959613467879,-0.2988547765558587,548,0.1651478188377974,"{""exits"": {""max_hold"": 20, ""native_exit"": false, ""target_r"": 2.0}, ""filters"": {""regime"": true}, ""rank"": ""random"", ""setup"": ""pullback"", ""setup_params"": {""adx_min"": 25.0, ""lookback"": 5, ""stop_atr_max"": 2.0, ""stop_atr_min"": 0.5}, ""sizing"": {""heat_cap"": null, ""max_positions"": 10, ""risk_pct"": 1.0}}"
2026-09-27 11:47:46,crypto,dev,pullback + vol,8b21589674,0,0.2967344449758837,0.04228918069048282,-0.27231060089781145,260,0.07117627078028876,"{""exits"": {""max_hold"": 20, ""native_exit"": false, ""target_r"": 2.0}, ""filters"": {""vol"": true}, ""rank"": ""random"", ""setup"": ""pullback"", ""setup_params"": {""adx_min"": 25.0, ""lookback"": 5, ""stop_atr_max"": 2.0, ""stop_atr_min"": 0.5}, ""sizing"": {""heat_cap"": null, ""max_positions"": 10, ""risk_pct"": 1.0}}"
2026-09-27 11:47:48,crypto,val,pullback + vol,8b21589674,0,1.4309868855797958,0.6050261288356298,-0.2764337823076852,614,0.18591941684559074,"{""exits"": {""max_hold"": 20, ""native_exit"": false, ""target_r"": 2.0}, ""filters"": {""vol"": true}, ""rank"": ""random"", ""setup"": ""pullback"", ""setup_params"": {""adx_min"": 25.0, ""lookback"": 5, ""stop_atr_max"": 2.0, ""stop_atr_min"": 0.5}, ""sizing"": {""heat_cap"": null, ""max_positions"": 10, ""risk_pct"": 1.0}}"
2026-09-27 11:47:48,crypto,dev,pullback + rs,7186b6a6dc,0,0.5027134069001838,0.05474258525727804,-0.21081779306857562,119,0.13002567323919575,"{""exits"": {""max_hold"": 20, ""native_exit"": false, ""target_r"": 2.0}, ""filters"": {""rs"": true}, ""rank"": ""random"", ""setup"": ""pullback"", ""setup_params"": {""adx_min"": 25.0, ""lookback"": 5, ""stop_atr_max"": 2.0, ""stop_atr_min"": 0.5}, ""sizing"": {""heat_cap"": null, ""max_positions"": 10, ""risk_pct"": 1.0}}"
2026-09-27 11:47:50,crypto,val,pullback + rs,7186b6a6dc,0,0.951732611309088,0.26311672238022665,-0.21003827323470692,470,0.11840165484456286,"{""exits"": {""max_hold"": 20, ""native_exit"": false, ""target_r"": 2.0}, ""filters"": {""rs"": true}, ""rank"": ""random"", ""setup"": ""pullback"", ""setup_params"": {""adx_min"": 25.0, ""lookback"": 5, ""stop_atr_max"": 2.0, ""stop_atr_min"": 0.5}, ""sizing"": {""heat_cap"": null, ""max_positions"": 10, ""risk_pct"": 1.0}}"
2026-09-27 11:47:50,crypto,dev,pullback + volume,c9c2ec1829,0,0.3155712612430986,0.042493080042896425,-0.23940215732750902,200,0.09155489186039308,"{""exits"": {""max_hold"": 20, ""native_exit"": false, ""target_r"": 2.0}, ""filters"": {""volume"": true}, ""rank"": ""random"", ""setup"": ""pullback"", ""setup_params"": {""adx_min"": 25.0, ""lookback"": 5, ""stop_atr_max"": 2.0, ""stop_atr_min"": 0.5}, ""sizing"": {""heat_cap"": null, ""max_positions"": 10, ""risk_pct"": 1.0}}"
2026-09-27 11:47:53,crypto,val,pullback + volume,c9c2ec1829,0,1.24293667502823,0.5047937820583612,-0.3273368246674878,633,0.1629400492484294,"{""exits"": {""max_hold"": 20, ""native_exit"": false, ""target_r"": 2.0}, ""filters"": {""volume"": true}, ""rank"": ""random"", ""setup"": ""pullback"", ""setup_params"": {""adx_min"": 25.0, ""lookback"": 5, ""stop_atr_max"": 2.0, ""stop_atr_min"": 0.5}, ""sizing"": {""heat_cap"": null, ""max_positions"": 10, ""risk_pct"": 1.0}}"
2026-09-27 11:47:53,crypto,dev,pullback + score rank only,7987dca2ad,0,0.0580998664210309,-0.01502444257981772,-0.3783844690065682,278,0.018948685376190835,"{""exits"": {""max_hold"": 20, ""native_exit"": false, ""target_r"": 2.0}, ""filters"": {}, ""rank"": ""score"", ""setup"": ""pullback"", ""setup_params"": {""adx_min"": 25.0, ""lookback"": 5, ""stop_atr_max"": 2.0, ""stop_atr_min"": 0.5}, ""sizing"": {""heat_cap"": null, ""max_positions"": 10, ""risk_pct"": 1.0}}"
2026-09-27 11:47:53,crypto,val,pullback + score rank only,7987dca2ad,0,1.3258804366688202,0.5327025029768306,-0.26711877026350916,673,0.15713093574307122,"{""exits"": {""max_hold"": 20, ""native_exit"": false, ""target_r"": 2.0}, ""filters"": {}, ""rank"": ""score"", ""setup"": ""pullback"", ""setup_params"": {""adx_min"": 25.0, ""lookback"": 5, ""stop_atr_max"": 2.0, ""stop_atr_min"": 0.5}, ""sizing"": {""heat_cap"": null, ""max_positions"": 10, ""risk_pct"": 1.0}}"
2026-09-27 11:47:53,crypto,dev,pullback + score top 20%,04720094ae,0,0.554335842790229,0.049467293241908905,-0.08629284618345834,74,0.17972849592775156,"{""exits"": {""max_hold"": 20, ""native_exit"": false, ""target_r"": 2.0}, ""filters"": {""score"": true}, ""rank"": ""score"", ""setup"": ""pullback"", ""setup_params"": {""adx_min"": 25.0, ""lookback"": 5, ""stop_atr_max"": 2.0, ""stop_atr_min"": 0.5}, ""sizing"": {""heat_cap"": null, ""max_positions"": 10, ""risk_pct"": 1.0}}"
2026-09-27 11:47:55,crypto,val,pullback + score top 20%,04720094ae,0,1.1854864708958501,0.32466483287642633,-0.25700414005508965,396,0.16205887514744624,"{""exits"": {""max_hold"": 20, ""native_exit"": false, ""target_r"": 2.0}, ""filters"": {""score"": true}, ""rank"": ""score"", ""setup"": ""pullback"", ""setup_params"": {""adx_min"": 25.0, ""lookback"": 5, ""stop_atr_max"": 2.0, ""stop_atr_min"": 0.5}, ""sizing"": {""heat_cap"": null, ""max_positions"": 10, ""risk_pct"": 1.0}}"
2026-09-27 11:47:56,crypto,dev,pullback + risk 0.25%,cd1a0ffb15,0,0.33677947936225866,0.01945043653183709,-0.09308484837374997,294,0.07626445188138091,"{""exits"": {""max_hold"": 20, ""native_exit"": false, ""target_r"": 2.0}, ""filters"": {}, ""rank"": ""random"", ""setup"": ""pullback"", ""setup_params"": {""adx_min"": 25.0, ""lookback"": 5, ""stop_atr_max"": 2.0, ""stop_atr_min"": 0.5}, ""sizing"": {""heat_cap"": null, ""max_positions"": 10, ""risk_pct"": 0.25}}"
2026-09-27 11:47:56,crypto,val,pullback + risk 0.25%,cd1a0ffb15,0,1.7332686406945434,0.1852856379422554,-0.06058209252744351,670,0.21001098069659493,"{""exits"": {""max_hold"": 20, ""native_exit"": false, ""target_r"": 2.0}, ""filters"": {}, ""rank"": ""random"", ""setup"": ""pullback"", ""setup_params"": {""adx_min"": 25.0, ""lookback"": 5, ""stop_atr_max"": 2.0, ""stop_atr_min"": 0.5}, ""sizing"": {""heat_cap"": null, ""max_positions"": 10, ""risk_pct"": 0.25}}"
2026-09-27 11:47:56,crypto,dev,pullback + risk 0.5%,bab7c0373a,0,0.3282423417182111,0.03391209139106266,-0.18266907987931624,294,0.0762644518813809,"{""exits"": {""max_hold"": 20, ""native_exit"": false, ""target_r"": 2.0}, ""filters"": {}, ""rank"": ""random"", ""setup"": ""pullback"", ""setup_params"": {""adx_min"": 25.0, ""lookback"": 5, ""stop_atr_max"": 2.0, ""stop_atr_min"": 0.5}, ""sizing"": {""heat_cap"": null, ""max_positions"": 10, ""risk_pct"": 0.5}}"
2026-09-27 11:47:56,crypto,val,pullback + risk 0.5%,bab7c0373a,0,1.734407456569765,0.38792547991027204,-0.11718531077305328,670,0.21001098069659496,"{""exits"": {""max_hold"": 20, ""native_exit"": false, ""target_r"": 2.0}, ""filters"": {}, ""rank"": ""random"", ""setup"": ""pullback"", ""setup_params"": {""adx_min"": 25.0, ""lookback"": 5, ""stop_atr_max"": 2.0, ""stop_atr_min"": 0.5}, ""sizing"": {""heat_cap"": null, ""max_positions"": 10, ""risk_pct"": 0.5}}"
2026-09-27 11:47:56,crypto,dev,pullback + risk 2%,a01d0a6e71,0,-0.18309239303859537,-0.11090281742779506,-0.5355117814862728,238,-0.02159805714841241,"{""exits"": {""max_hold"": 20, ""native_exit"": false, ""target_r"": 2.0}, ""filters"": {}, ""rank"": ""random"", ""setup"": ""pullback"", ""setup_params"": {""adx_min"": 25.0, ""lookback"": 5, ""stop_atr_max"": 2.0, ""stop_atr_min"": 0.5}, ""sizing"": {""heat_cap"": null, ""max_positions"": 10, ""risk_pct"": 2.0}}"
2026-09-27 11:47:56,crypto,val,pullback + risk 2%,a01d0a6e71,0,1.8122396510617549,1.5637683863642833,-0.3819683301934397,525,0.24976621818761297,"{""exits"": {""max_hold"": 20, ""native_exit"": false, ""target_r"": 2.0}, ""filters"": {}, ""rank"": ""random"", ""setup"": ""pullback"", ""setup_params"": {""adx_min"": 25.0, ""lookback"": 5, ""stop_atr_max"": 2.0, ""stop_atr_min"": 0.5}, ""sizing"": {""heat_cap"": null, ""max_positions"": 10, ""risk_pct"": 2.0}}"
2026-09-27 11:47:56,crypto,dev,pullback + ATR sizing,128d5cc40e,0,0.43601155143024817,0.06094783062692288,-0.203458578941216,294,0.07626445188138091,"{""exits"": {""max_hold"": 20, ""native_exit"": false, ""target_r"": 2.0}, ""filters"": {}, ""rank"": ""random"", ""setup"": ""pullback"", ""setup_params"": {""adx_min"": 25.0, ""lookback"": 5, ""stop_atr_max"": 2.0, ""stop_atr_min"": 0.5}, ""sizing"": {""atr_mult"": 2.0, ""heat_cap"": null, ""max_positions"": 10, ""mode"": ""atr"", ""risk_pct"": 1.0}}"
2026-09-27 11:47:56,crypto,val,pullback + ATR sizing,128d5cc40e,0,1.751033896272321,0.5248749087793221,-0.14694313870001996,670,0.21001098069659493,"{""exits"": {""max_hold"": 20, ""native_exit"": false, ""target_r"": 2.0}, ""filters"": {}, ""rank"": ""random"", ""setup"": ""pullback"", ""setup_params"": {""adx_min"": 25.0, ""lookback"": 5, ""stop_atr_max"": 2.0, ""stop_atr_min"": 0.5}, ""sizing"": {""atr_mult"": 2.0, ""heat_cap"": null, ""max_positions"": 10, ""mode"": ""atr"", ""risk_pct"": 1.0}}"
2026-09-27 11:47:56,crypto,dev,pullback + heat cap 4%,ab318016c0,0,-0.32116527019445373,-0.053971179427846905,-0.30667577487451947,169,-0.06503632415682684,"{""exits"": {""max_hold"": 20, ""native_exit"": false, ""target_r"": 2.0}, ""filters"": {}, ""rank"": ""random"", ""setup"": ""pullback"", ""setup_params"": {""adx_min"": 25.0, ""lookback"": 5, ""stop_atr_max"": 2.0, ""stop_atr_min"": 0.5}, ""sizing"": {""heat_cap"": 0.04, ""max_positions"": 10, ""risk_pct"": 1.0}}"
2026-09-27 11:47:57,crypto,val,pullback + heat cap 4%,ab318016c0,0,1.7459594367988305,0.37560954865717266,-0.23842539926477146,276,0.2470944815483661,"{""exits"": {""max_hold"": 20, ""native_exit"": false, ""target_r"": 2.0}, ""filters"": {}, ""rank"": ""random"", ""setup"": ""pullback"", ""setup_params"": {""adx_min"": 25.0, ""lookback"": 5, ""stop_atr_max"": 2.0, ""stop_atr_min"": 0.5}, ""sizing"": {""heat_cap"": 0.04, ""max_positions"": 10, ""risk_pct"": 1.0}}"
2026-09-27 11:47:57,crypto,dev,pullback + heat cap 6%,d045836d74,0,0.05847107938625712,-0.006563112051672926,-0.29177102489685725,226,0.020066193112951294,"{""exits"": {""max_hold"": 20, ""native_exit"": false, ""target_r"": 2.0}, ""filters"": {}, ""rank"": ""random"", ""setup"": ""pullback"", ""setup_params"": {""adx_min"": 25.0, ""lookback"": 5, ""stop_atr_max"": 2.0, ""stop_atr_min"": 0.5}, ""sizing"": {""heat_cap"": 0.06, ""max_positions"": 10, ""risk_pct"": 1.0}}"
2026-09-27 11:47:57,crypto,val,pullback + heat cap 6%,d045836d74,0,2.084983661535379,0.5975614436854628,-0.19827233057812532,384,0.2658459090219619,"{""exits"": {""max_hold"": 20, ""native_exit"": false, ""target_r"": 2.0}, ""filters"": {}, ""rank"": ""random"", ""setup"": ""pullback"", ""setup_params"": {""adx_min"": 25.0, ""lookback"": 5, ""stop_atr_max"": 2.0, ""stop_atr_min"": 0.5}, ""sizing"": {""heat_cap"": 0.06, ""max_positions"": 10, ""risk_pct"": 1.0}}"
2026-09-27 11:47:57,crypto,dev,pullback + heat cap 8%,75cbead313,0,-0.035424052992515095,-0.032246544297089064,-0.3878767533479348,264,0.00019797758478122245,"{""exits"": {""max_hold"": 20, ""native_exit"": false, ""target_r"": 2.0}, ""filters"": {}, ""rank"": ""random"", ""setup"": ""pullback"", ""setup_params"": {""adx_min"": 25.0, ""lookback"": 5, ""stop_atr_max"": 2.0, ""stop_atr_min"": 0.5}, ""sizing"": {""heat_cap"": 0.08, ""max_positions"": 10, ""risk_pct"": 1.0}}"
2026-09-27 11:47:57,crypto,val,pullback + heat cap 8%,75cbead313,0,1.7582999456179205,0.6382029825382813,-0.2844922059780085,505,0.21938331440999587,"{""exits"": {""max_hold"": 20, ""native_exit"": false, ""target_r"": 2.0}, ""filters"": {}, ""rank"": ""random"", ""setup"": ""pullback"", ""setup_params"": {""adx_min"": 25.0, ""lookback"": 5, ""stop_atr_max"": 2.0, ""stop_atr_min"": 0.5}, ""sizing"": {""heat_cap"": 0.08, ""max_positions"": 10, ""risk_pct"": 1.0}}"
2026-09-27 11:47:57,crypto,dev,pullback + max 5 positions,cad047327c,0,-0.0018158509569744857,-0.015647793520099484,-0.29293958149804844,216,0.0014186455322786043,"{""exits"": {""max_hold"": 20, ""native_exit"": false, ""target_r"": 2.0}, ""filters"": {}, ""rank"": ""random"", ""setup"": ""pullback"", ""setup_params"": {""adx_min"": 25.0, ""lookback"": 5, ""stop_atr_max"": 2.0, ""stop_atr_min"": 0.5}, ""sizing"": {""heat_cap"": null, ""max_positions"": 5, ""risk_pct"": 1.0}}"
2026-09-27 11:47:57,crypto,val,pullback + max 5 positions,cad047327c,0,1.3799847602381476,0.3586554365783534,-0.1949187759678901,368,0.18849559836525565,"{""exits"": {""max_hold"": 20, ""native_exit"": false, ""target_r"": 2.0}, ""filters"": {}, ""rank"": ""random"", ""setup"": ""pullback"", ""setup_params"": {""adx_min"": 25.0, ""lookback"": 5, ""stop_atr_max"": 2.0, ""stop_atr_min"": 0.5}, ""sizing"": {""heat_cap"": null, ""max_positions"": 5, ""risk_pct"": 1.0}}"
2026-09-27 11:47:57,crypto,dev,pullback + halve risk in 10% DD,041629b0ad,0,0.22561027736516806,0.024322180333598675,-0.24540938684143654,288,0.03724778605275127,"{""exits"": {""max_hold"": 20, ""native_exit"": false, ""target_r"": 2.0}, ""filters"": {}, ""rank"": ""random"", ""setup"": ""pullback"", ""setup_params"": {""adx_min"": 25.0, ""lookback"": 5, ""stop_atr_max"": 2.0, ""stop_atr_min"": 0.5}, ""sizing"": {""dd_reduce"": {""dd"": 0.1, ""factor"": 0.5}, ""heat_cap"": null, ""max_positions"": 10, ""risk_pct"": 1.0}}"
2026-09-27 11:47:57,crypto,val,pullback + halve risk in 10% DD,041629b0ad,0,1.3614105320739052,0.47214894942478147,-0.19865349899593743,669,0.21199686217574046,"{""exits"": {""max_hold"": 20, ""native_exit"": false, ""target_r"": 2.0}, ""filters"": {}, ""rank"": ""random"", ""setup"": ""pullback"", ""setup_params"": {""adx_min"": 25.0, ""lookback"": 5, ""stop_atr_max"": 2.0, ""stop_atr_min"": 0.5}, ""sizing"": {""dd_reduce"": {""dd"": 0.1, ""factor"": 0.5}, ""heat_cap"": null, ""max_positions"": 10, ""risk_pct"": 1.0}}"
2026-09-27 11:47:59,crypto,dev,pullback + partial 3d + BE + 10MA,98bd23a063,0,0.6825125609623712,0.15066910005952083,-0.30801562374128977,321,0.15696115637215496,"{""exits"": {""breakeven"": true, ""max_hold"": 100, ""native_exit"": false, ""partial"": {""after_bars"": 3, ""frac"": 0.33, ""trail_after_partial"": true}, ""target_r"": null, ""trail_ma"": 10}, ""filters"": {}, ""rank"": ""random"", ""setup"": ""pullback"", ""setup_params"": {""adx_min"": 25.0, ""lookback"": 5, ""stop_atr_max"": 2.0, ""stop_atr_min"": 0.5}, ""sizing"": {""heat_cap"": null, ""max_positions"": 10, ""risk_pct"": 1.0}}"
2026-09-27 11:48:01,crypto,val,pullback + partial 3d + BE + 10MA,98bd23a063,0,0.978632329061351,0.43694399190055266,-0.40593067633004376,836,0.1269590450023145,"{""exits"": {""breakeven"": true, ""max_hold"": 100, ""native_exit"": false, ""partial"": {""after_bars"": 3, ""frac"": 0.33, ""trail_after_partial"": true}, ""target_r"": null, ""trail_ma"": 10}, ""filters"": {}, ""rank"": ""random"", ""setup"": ""pullback"", ""setup_params"": {""adx_min"": 25.0, ""lookback"": 5, ""stop_atr_max"": 2.0, ""stop_atr_min"": 0.5}, ""sizing"": {""heat_cap"": null, ""max_positions"": 10, ""risk_pct"": 1.0}}"
2026-09-27 11:48:02,crypto,dev,pullback + partial 2R + BE + 20MA,d22d7a3411,0,0.47915998090043527,0.09919333321159063,-0.3727597346277579,224,0.16655489697996262,"{""exits"": {""breakeven"": true, ""max_hold"": 100, ""native_exit"": false, ""partial"": {""at_r"": 2.0, ""frac"": 0.5, ""trail_after_partial"": true}, ""target_r"": null, ""trail_ma"": 20}, ""filters"": {}, ""rank"": ""random"", ""setup"": ""pullback"", ""setup_params"": {""adx_min"": 25.0, ""lookback"": 5, ""stop_atr_max"": 2.0, ""stop_atr_min"": 0.5}, ""sizing"": {""heat_cap"": null, ""max_positions"": 10, ""risk_pct"": 1.0}}"
2026-09-27 11:48:05,crypto,val,pullback + partial 2R + BE + 20MA,d22d7a3411,0,1.0731350986606516,0.4086515576858216,-0.43072762131376563,356,0.2789483755378892,"{""exits"": {""breakeven"": true, ""max_hold"": 100, ""native_exit"": false, ""partial"": {""at_r"": 2.0, ""frac"": 0.5, ""trail_after_partial"": true}, ""target_r"": null, ""trail_ma"": 20}, ""filters"": {}, ""rank"": ""random"", ""setup"": ""pullback"", ""setup_params"": {""adx_min"": 25.0, ""lookback"": 5, ""stop_atr_max"": 2.0, ""stop_atr_min"": 0.5}, ""sizing"": {""heat_cap"": null, ""max_positions"": 10, ""risk_pct"": 1.0}}"
2026-09-27 11:48:05,crypto,dev,pullback + ATR trail 2.5,f572acf362,0,0.43478721102283546,0.09625956474322894,-0.37516338004480443,243,0.18029597168028957,"{""exits"": {""max_hold"": 100, ""native_exit"": false, ""target_r"": null, ""trail_atr"": 2.5}, ""filters"": {}, ""rank"": ""random"", ""setup"": ""pullback"", ""setup_params"": {""adx_min"": 25.0, ""lookback"": 5, ""stop_atr_max"": 2.0, ""stop_atr_min"": 0.5}, ""sizing"": {""heat_cap"": null, ""max_positions"": 10, ""risk_pct"": 1.0}}"
2026-09-27 11:48:05,crypto,val,pullback + ATR trail 2.5,f572acf362,0,1.3386718131049227,0.9691223692671243,-0.430542301484917,382,0.5154162091884109,"{""exits"": {""max_hold"": 100, ""native_exit"": false, ""target_r"": null, ""trail_atr"": 2.5}, ""filters"": {}, ""rank"": ""random"", ""setup"": ""pullback"", ""setup_params"": {""adx_min"": 25.0, ""lookback"": 5, ""stop_atr_max"": 2.0, ""stop_atr_min"": 0.5}, ""sizing"": {""heat_cap"": null, ""max_positions"": 10, ""risk_pct"": 1.0}}"
2026-09-27 11:48:05,crypto,dev,pullback + time stop 5d,74144dc6cc,0,0.35025879667321363,0.04919354558769107,-0.29825813364394704,341,0.059988276539093485,"{""exits"": {""max_hold"": 20, ""native_exit"": false, ""target_r"": 2.0, ""time_stop"": {""bars"": 5, ""min_r"": 0.5}}, ""filters"": {}, ""rank"": ""random"", ""setup"": ""pullback"", ""setup_params"": {""adx_min"": 25.0, ""lookback"": 5, ""stop_atr_max"": 2.0, ""stop_atr_min"": 0.5}, ""sizing"": {""heat_cap"": null, ""max_positions"": 10, ""risk_pct"": 1.0}}"
2026-09-27 11:48:05,crypto,val,pullback + time stop 5d,74144dc6cc,0,0.5365659447413913,0.14580243936740422,-0.3448845551007824,1059,0.044629080181547216,"{""exits"": {""max_hold"": 20, ""native_exit"": false, ""target_r"": 2.0, ""time_stop"": {""bars"": 5, ""min_r"": 0.5}}, ""filters"": {}, ""rank"": ""random"", ""setup"": ""pullback"", ""setup_params"": {""adx_min"": 25.0, ""lookback"": 5, ""stop_atr_max"": 2.0, ""stop_atr_min"": 0.5}, ""sizing"": {""heat_cap"": null, ""max_positions"": 10, ""risk_pct"": 1.0}}"
2026-09-27 11:48:07,crypto,dev,pullback ALL LAYERS,15e74bbf55,0,0.9256255790043885,0.09541235296557793,-0.10532983225676695,29,0.8679614118308245,"{""exits"": {""breakeven"": true, ""max_hold"": 100, ""native_exit"": false, ""partial"": {""at_r"": 2.0, ""frac"": 0.5, ""trail_after_partial"": true}, ""target_r"": null, ""trail_ma"": 20}, ""filters"": {""regime"": true, ""rs"": true, ""score"": true, ""vol"": true, ""volume"": true}, ""rank"": ""score"", ""setup"": ""pullback"", ""setup_params"": {""adx_min"": 25.0, ""lookback"": 5, ""stop_atr_max"": 2.0, ""stop_atr_min"": 0.5}, ""sizing"": {""dd_reduce"": {""dd"": 0.1, ""factor"": 0.5}, ""heat_cap"": 0.06, ""max_positions"": 10, ""risk_pct"": 1.0}}"
2026-09-27 11:48:09,crypto,val,pullback ALL LAYERS,15e74bbf55,0,0.8683898845732612,0.1305389270508488,-0.2591095347661603,142,0.20808125531077748,"{""exits"": {""breakeven"": true, ""max_hold"": 100, ""native_exit"": false, ""partial"": {""at_r"": 2.0, ""frac"": 0.5, ""trail_after_partial"": true}, ""target_r"": null, ""trail_ma"": 20}, ""filters"": {""regime"": true, ""rs"": true, ""score"": true, ""vol"": true, ""volume"": true}, ""rank"": ""score"", ""setup"": ""pullback"", ""setup_params"": {""adx_min"": 25.0, ""lookback"": 5, ""stop_atr_max"": 2.0, ""stop_atr_min"": 0.5}, ""sizing"": {""dd_reduce"": {""dd"": 0.1, ""factor"": 0.5}, ""heat_cap"": 0.06, ""max_positions"": 10, ""risk_pct"": 1.0}}"
2026-09-27 11:48:10,crypto,dev,pullback all minus regime,536e7dd0dc,0,0.6567573415649782,0.06530401222885951,-0.11179637378280594,41,0.5063708905443737,"{""exits"": {""breakeven"": true, ""max_hold"": 100, ""native_exit"": false, ""partial"": {""at_r"": 2.0, ""frac"": 0.5, ""trail_after_partial"": true}, ""target_r"": null, ""trail_ma"": 20}, ""filters"": {""rs"": true, ""score"": true, ""vol"": true, ""volume"": true}, ""rank"": ""score"", ""setup"": ""pullback"", ""setup_params"": {""adx_min"": 25.0, ""lookback"": 5, ""stop_atr_max"": 2.0, ""stop_atr_min"": 0.5}, ""sizing"": {""dd_reduce"": {""dd"": 0.1, ""factor"": 0.5}, ""heat_cap"": 0.06, ""max_positions"": 10, ""risk_pct"": 1.0}}"
2026-09-27 11:48:13,crypto,val,pullback all minus regime,536e7dd0dc,0,0.8528342950256171,0.1382897606143838,-0.25838921550326666,218,0.1524989075446103,"{""exits"": {""breakeven"": true, ""max_hold"": 100, ""native_exit"": false, ""partial"": {""at_r"": 2.0, ""frac"": 0.5, ""trail_after_partial"": true}, ""target_r"": null, ""trail_ma"": 20}, ""filters"": {""rs"": true, ""score"": true, ""vol"": true, ""volume"": true}, ""rank"": ""score"", ""setup"": ""pullback"", ""setup_params"": {""adx_min"": 25.0, ""lookback"": 5, ""stop_atr_max"": 2.0, ""stop_atr_min"": 0.5}, ""sizing"": {""dd_reduce"": {""dd"": 0.1, ""factor"": 0.5}, ""heat_cap"": 0.06, ""max_positions"": 10, ""risk_pct"": 1.0}}"
2026-09-27 11:48:14,crypto,dev,pullback all minus vol,31f7afaae8,0,0.9256255790043885,0.09541235296557793,-0.10532983225676695,29,0.8679614118308245,"{""exits"": {""breakeven"": true, ""max_hold"": 100, ""native_exit"": false, ""partial"": {""at_r"": 2.0, ""frac"": 0.5, ""trail_after_partial"": true}, ""target_r"": null, ""trail_ma"": 20}, ""filters"": {""regime"": true, ""rs"": true, ""score"": true, ""volume"": true}, ""rank"": ""score"", ""setup"": ""pullback"", ""setup_params"": {""adx_min"": 25.0, ""lookback"": 5, ""stop_atr_max"": 2.0, ""stop_atr_min"": 0.5}, ""sizing"": {""dd_reduce"": {""dd"": 0.1, ""factor"": 0.5}, ""heat_cap"": 0.06, ""max_positions"": 10, ""risk_pct"": 1.0}}"
2026-09-27 11:48:16,crypto,val,pullback all minus vol,31f7afaae8,0,0.7546052318735005,0.10457291929890378,-0.20596462419593553,147,0.1543007977598628,"{""exits"": {""breakeven"": true, ""max_hold"": 100, ""native_exit"": false, ""partial"": {""at_r"": 2.0, ""frac"": 0.5, ""trail_after_partial"": true}, ""target_r"": null, ""trail_ma"": 20}, ""filters"": {""regime"": true, ""rs"": true, ""score"": true, ""volume"": true}, ""rank"": ""score"", ""setup"": ""pullback"", ""setup_params"": {""adx_min"": 25.0, ""lookback"": 5, ""stop_atr_max"": 2.0, ""stop_atr_min"": 0.5}, ""sizing"": {""dd_reduce"": {""dd"": 0.1, ""factor"": 0.5}, ""heat_cap"": 0.06, ""max_positions"": 10, ""risk_pct"": 1.0}}"
2026-09-27 11:48:18,crypto,dev,pullback all minus rs,6ba16595ac,0,0.8395990095875895,0.09299008933440933,-0.09060360083876495,36,0.6800268713424535,"{""exits"": {""breakeven"": true, ""max_hold"": 100, ""native_exit"": false, ""partial"": {""at_r"": 2.0, ""frac"": 0.5, ""trail_after_partial"": true}, ""target_r"": null, ""trail_ma"": 20}, ""filters"": {""regime"": true, ""score"": true, ""vol"": true, ""volume"": true}, ""rank"": ""score"", ""setup"": ""pullback"", ""setup_params"": {""adx_min"": 25.0, ""lookback"": 5, ""stop_atr_max"": 2.0, ""stop_atr_min"": 0.5}, ""sizing"": {""dd_reduce"": {""dd"": 0.1, ""factor"": 0.5}, ""heat_cap"": 0.06, ""max_positions"": 10, ""risk_pct"": 1.0}}"
2026-09-27 11:48:20,crypto,val,pullback all minus rs,6ba16595ac,0,1.225964421273068,0.2679895675405939,-0.30444077735255093,168,0.395535881559015,"{""exits"": {""breakeven"": true, ""max_hold"": 100, ""native_exit"": false, ""partial"": {""at_r"": 2.0, ""frac"": 0.5, ""trail_after_partial"": true}, ""target_r"": null, ""trail_ma"": 20}, ""filters"": {""regime"": true, ""score"": true, ""vol"": true, ""volume"": true}, ""rank"": ""score"", ""setup"": ""pullback"", ""setup_params"": {""adx_min"": 25.0, ""lookback"": 5, ""stop_atr_max"": 2.0, ""stop_atr_min"": 0.5}, ""sizing"": {""dd_reduce"": {""dd"": 0.1, ""factor"": 0.5}, ""heat_cap"": 0.06, ""max_positions"": 10, ""risk_pct"": 1.0}}"
2026-09-27 11:48:21,crypto,dev,pullback all minus volume,daf4f6ae7b,0,0.8046063068576192,0.08978608324765003,-0.09876285219634529,36,0.6724728381978866,"{""exits"": {""breakeven"": true, ""max_hold"": 100, ""native_exit"": false, ""partial"": {""at_r"": 2.0, ""frac"": 0.5, ""trail_after_partial"": true}, ""target_r"": null, ""trail_ma"": 20}, ""filters"": {""regime"": true, ""rs"": true, ""score"": true, ""vol"": true}, ""rank"": ""score"", ""setup"": ""pullback"", ""setup_params"": {""adx_min"": 25.0, ""lookback"": 5, ""stop_atr_max"": 2.0, ""stop_atr_min"": 0.5}, ""sizing"": {""dd_reduce"": {""dd"": 0.1, ""factor"": 0.5}, ""heat_cap"": 0.06, ""max_positions"": 10, ""risk_pct"": 1.0}}"
2026-09-27 11:48:24,crypto,val,pullback all minus volume,daf4f6ae7b,0,1.034579939383486,0.17112241501079795,-0.20973237412211188,156,0.27853829709510264,"{""exits"": {""breakeven"": true, ""max_hold"": 100, ""native_exit"": false, ""partial"": {""at_r"": 2.0, ""frac"": 0.5, ""trail_after_partial"": true}, ""target_r"": null, ""trail_ma"": 20}, ""filters"": {""regime"": true, ""rs"": true, ""score"": true, ""vol"": true}, ""rank"": ""score"", ""setup"": ""pullback"", ""setup_params"": {""adx_min"": 25.0, ""lookback"": 5, ""stop_atr_max"": 2.0, ""stop_atr_min"": 0.5}, ""sizing"": {""dd_reduce"": {""dd"": 0.1, ""factor"": 0.5}, ""heat_cap"": 0.06, ""max_positions"": 10, ""risk_pct"": 1.0}}"
2026-09-27 11:48:25,crypto,dev,pullback all minus score,de0959a3bf,0,1.0226227457535229,0.12064151853428617,-0.10506721466486746,42,0.7529759838179465,"{""exits"": {""breakeven"": true, ""max_hold"": 100, ""native_exit"": false, ""partial"": {""at_r"": 2.0, ""frac"": 0.5, ""trail_after_partial"": true}, ""target_r"": null, ""trail_ma"": 20}, ""filters"": {""regime"": true, ""rs"": true, ""vol"": true, ""volume"": true}, ""rank"": ""random"", ""setup"": ""pullback"", ""setup_params"": {""adx_min"": 25.0, ""lookback"": 5, ""stop_atr_max"": 2.0, ""stop_atr_min"": 0.5}, ""sizing"": {""dd_reduce"": {""dd"": 0.1, ""factor"": 0.5}, ""heat_cap"": 0.06, ""max_positions"": 10, ""risk_pct"": 1.0}}"
2026-09-27 11:48:27,crypto,val,pullback all minus score,de0959a3bf,0,0.8807896603092332,0.152753608048948,-0.2411994931491499,186,0.18708277285637837,"{""exits"": {""breakeven"": true, ""max_hold"": 100, ""native_exit"": false, ""partial"": {""at_r"": 2.0, ""frac"": 0.5, ""trail_after_partial"": true}, ""target_r"": null, ""trail_ma"": 20}, ""filters"": {""regime"": true, ""rs"": true, ""vol"": true, ""volume"": true}, ""rank"": ""random"", ""setup"": ""pullback"", ""setup_params"": {""adx_min"": 25.0, ""lookback"": 5, ""stop_atr_max"": 2.0, ""stop_atr_min"": 0.5}, ""sizing"": {""dd_reduce"": {""dd"": 0.1, ""factor"": 0.5}, ""heat_cap"": 0.06, ""max_positions"": 10, ""risk_pct"": 1.0}}"
2026-09-27 11:48:29,crypto,dev,pullback all minus exit,3fa27b50f2,0,0.658939425414422,0.03914005780648577,-0.06545635970582597,32,0.32455666224375057,"{""exits"": {""max_hold"": 20, ""native_exit"": false, ""target_r"": 2.0}, ""filters"": {""regime"": true, ""rs"": true, ""score"": true, ""vol"": true, ""volume"": true}, ""rank"": ""score"", ""setup"": ""pullback"", ""setup_params"": {""adx_min"": 25.0, ""lookback"": 5, ""stop_atr_max"": 2.0, ""stop_atr_min"": 0.5}, ""sizing"": {""dd_reduce"": {""dd"": 0.1, ""factor"": 0.5}, ""heat_cap"": 0.06, ""max_positions"": 10, ""risk_pct"": 1.0}}"
2026-09-27 11:48:31,crypto,val,pullback all minus exit,3fa27b50f2,0,0.18607268876573874,0.01446702695534885,-0.18086146562113048,145,0.05370932046616943,"{""exits"": {""max_hold"": 20, ""native_exit"": false, ""target_r"": 2.0}, ""filters"": {""regime"": true, ""rs"": true, ""score"": true, ""vol"": true, ""volume"": true}, ""rank"": ""score"", ""setup"": ""pullback"", ""setup_params"": {""adx_min"": 25.0, ""lookback"": 5, ""stop_atr_max"": 2.0, ""stop_atr_min"": 0.5}, ""sizing"": {""dd_reduce"": {""dd"": 0.1, ""factor"": 0.5}, ""heat_cap"": 0.06, ""max_positions"": 10, ""risk_pct"": 1.0}}"
2026-09-27 11:48:31,crypto,dev,pullback all minus sizing,bc6fb5b899,0,0.879008273000171,0.09072179837107353,-0.10979746797448375,30,0.8050640448625613,"{""exits"": {""breakeven"": true, ""max_hold"": 100, ""native_exit"": false, ""partial"": {""at_r"": 2.0, ""frac"": 0.5, ""trail_after_partial"": true}, ""target_r"": null, ""trail_ma"": 20}, ""filters"": {""regime"": true, ""rs"": true, ""score"": true, ""vol"": true, ""volume"": true}, ""rank"": ""score"", ""setup"": ""pullback"", ""setup_params"": {""adx_min"": 25.0, ""lookback"": 5, ""stop_atr_max"": 2.0, ""stop_atr_min"": 0.5}, ""sizing"": {""heat_cap"": null, ""max_positions"": 10, ""risk_pct"": 1.0}}"
2026-09-27 11:48:31,crypto,val,pullback all minus sizing,bc6fb5b899,0,0.5711568735619325,0.11206123463150286,-0.3537940870466574,142,0.22386712730588149,"{""exits"": {""breakeven"": true, ""max_hold"": 100, ""native_exit"": false, ""partial"": {""at_r"": 2.0, ""frac"": 0.5, ""trail_after_partial"": true}, ""target_r"": null, ""trail_ma"": 20}, ""filters"": {""regime"": true, ""rs"": true, ""score"": true, ""vol"": true, ""volume"": true}, ""rank"": ""score"", ""setup"": ""pullback"", ""setup_params"": {""adx_min"": 25.0, ""lookback"": 5, ""stop_atr_max"": 2.0, ""stop_atr_min"": 0.5}, ""sizing"": {""heat_cap"": null, ""max_positions"": 10, ""risk_pct"": 1.0}}"
2026-09-27 11:48:33,crypto,dev,pullback PICKED,352d8229b3,0,1.6578829174206455,0.15524119737083564,-0.042572735232347614,46,0.8604226215418167,"{""exits"": {""breakeven"": true, ""max_hold"": 100, ""native_exit"": false, ""partial"": {""after_bars"": 3, ""frac"": 0.33, ""trail_after_partial"": true}, ""target_r"": null, ""trail_ma"": 10}, ""filters"": {""rs"": true, ""score"": true, ""volume"": true}, ""rank"": ""score"", ""setup"": ""pullback"", ""setup_params"": {""adx_min"": 25.0, ""lookback"": 5, ""stop_atr_max"": 2.0, ""stop_atr_min"": 0.5}, ""sizing"": {""heat_cap"": null, ""max_positions"": 10, ""risk_pct"": 1.0}}"
2026-09-27 11:48:35,crypto,val,pullback PICKED,352d8229b3,0,0.214319137837553,0.023523718318723796,-0.33310178771283905,291,0.04766655137267995,"{""exits"": {""breakeven"": true, ""max_hold"": 100, ""native_exit"": false, ""partial"": {""after_bars"": 3, ""frac"": 0.33, ""trail_after_partial"": true}, ""target_r"": null, ""trail_ma"": 10}, ""filters"": {""rs"": true, ""score"": true, ""volume"": true}, ""rank"": ""score"", ""setup"": ""pullback"", ""setup_params"": {""adx_min"": 25.0, ""lookback"": 5, ""stop_atr_max"": 2.0, ""stop_atr_min"": 0.5}, ""sizing"": {""heat_cap"": null, ""max_positions"": 10, ""risk_pct"": 1.0}}"
2026-09-27 11:48:36,crypto,dev,naive rsi2,4fdf9a625b,0,-1.0858091010403585,-0.18688868435846073,-0.4606386946619194,661,-0.0757657575981227,"{""exits"": {""max_hold"": 10, ""native_exit"": true, ""target_r"": null}, ""filters"": {}, ""rank"": ""random"", ""setup"": ""rsi2"", ""setup_params"": {""entry"": 10.0, ""exit"": 70.0, ""ma"": 200, ""stop_atr"": 3.0}, ""sizing"": {""heat_cap"": null, ""max_positions"": 10, ""risk_pct"": 1.0}}"
2026-09-27 11:48:36,crypto,dev,crypto/breakout sens setup.base_len x0.7,18bcaba10e,0,0.9573440772019084,0.355386734301236,-0.28007012082002836,422,0.27735796946723823,"{""exits"": {""breakeven"": true, ""max_hold"": 100, ""native_exit"": false, ""partial"": {""at_r"": 2.0, ""frac"": 0.5, ""trail_after_partial"": true}, ""target_r"": null, ""trail_ma"": 20}, ""filters"": {""vol"": true}, ""rank"": ""random"", ""setup"": ""breakout"", ""setup_params"": {""base_len"": 14, ""stop_atr_max"": 1.5, ""stop_atr_min"": 0.5}, ""sizing"": {""heat_cap"": null, ""max_positions"": 10, ""risk_pct"": 1.0}}"
2026-09-27 11:48:37,crypto,dev,crypto/breakout sens setup.base_len x1.3,8bd65b6504,0,1.161474748435619,0.4806808754004759,-0.2597203416567292,356,0.4495153004742362,"{""exits"": {""breakeven"": true, ""max_hold"": 100, ""native_exit"": false, ""partial"": {""at_r"": 2.0, ""frac"": 0.5, ""trail_after_partial"": true}, ""target_r"": null, ""trail_ma"": 20}, ""filters"": {""vol"": true}, ""rank"": ""random"", ""setup"": ""breakout"", ""setup_params"": {""base_len"": 26, ""stop_atr_max"": 1.5, ""stop_atr_min"": 0.5}, ""sizing"": {""heat_cap"": null, ""max_positions"": 10, ""risk_pct"": 1.0}}"
2026-09-27 11:48:38,crypto,val,naive rsi2,4fdf9a625b,0,0.399840070018896,0.06599568890138019,-0.2514512006925953,1117,0.016135143238655305,"{""exits"": {""max_hold"": 10, ""native_exit"": true, ""target_r"": null}, ""filters"": {}, ""rank"": ""random"", ""setup"": ""rsi2"", ""setup_params"": {""entry"": 10.0, ""exit"": 70.0, ""ma"": 200, ""stop_atr"": 3.0}, ""sizing"": {""heat_cap"": null, ""max_positions"": 10, ""risk_pct"": 1.0}}"
2026-09-27 11:48:39,crypto,dev,crypto/breakout sens setup.stop_atr_min x0.7,ce2e5b8337,0,1.279835309068959,0.5630093179982334,-0.2921641771231812,378,0.41599139633373955,"{""exits"": {""breakeven"": true, ""max_hold"": 100, ""native_exit"": false, ""partial"": {""at_r"": 2.0, ""frac"": 0.5, ""trail_after_partial"": true}, ""target_r"": null, ""trail_ma"": 20}, ""filters"": {""vol"": true}, ""rank"": ""random"", ""setup"": ""breakout"", ""setup_params"": {""base_len"": 20, ""stop_atr_max"": 1.5, ""stop_atr_min"": 0.35}, ""sizing"": {""heat_cap"": null, ""max_positions"": 10, ""risk_pct"": 1.0}}"
2026-09-27 11:48:40,crypto,dev,crypto/breakout sens setup.stop_atr_min x1.3,565e789616,0,1.522484357832642,0.7444155162340873,-0.350087705213489,363,0.5267400425850639,"{""exits"": {""breakeven"": true, ""max_hold"": 100, ""native_exit"": false, ""partial"": {""at_r"": 2.0, ""frac"": 0.5, ""trail_after_partial"": true}, ""target_r"": null, ""trail_ma"": 20}, ""filters"": {""vol"": true}, ""rank"": ""random"", ""setup"": ""breakout"", ""setup_params"": {""base_len"": 20, ""stop_atr_max"": 1.5, ""stop_atr_min"": 0.65}, ""sizing"": {""heat_cap"": null, ""max_positions"": 10, ""risk_pct"": 1.0}}"
2026-09-27 11:48:41,crypto,dev,crypto/breakout sens setup.stop_atr_max x0.7,4641a46065,0,1.2066443886492857,0.5519826714904981,-0.27312505316842295,415,0.44764170426780125,"{""exits"": {""breakeven"": true, ""max_hold"": 100, ""native_exit"": false, ""partial"": {""at_r"": 2.0, ""frac"": 0.5, ""trail_after_partial"": true}, ""target_r"": null, ""trail_ma"": 20}, ""filters"": {""vol"": true}, ""rank"": ""random"", ""setup"": ""breakout"", ""setup_params"": {""base_len"": 20, ""stop_atr_max"": 1.05, ""stop_atr_min"": 0.5}, ""sizing"": {""heat_cap"": null, ""max_positions"": 10, ""risk_pct"": 1.0}}"
2026-09-27 11:48:42,crypto,dev,rsi2 + regime,e4fdb095f8,0,-0.3396802972082118,-0.06182179754117145,-0.2976592427906921,497,-0.028681075295726135,"{""exits"": {""max_hold"": 10, ""native_exit"": true, ""target_r"": null}, ""filters"": {""regime"": true}, ""rank"": ""random"", ""setup"": ""rsi2"", ""setup_params"": {""entry"": 10.0, ""exit"": 70.0, ""ma"": 200, ""stop_atr"": 3.0}, ""sizing"": {""heat_cap"": null, ""max_positions"": 10, ""risk_pct"": 1.0}}"
2026-09-27 11:48:42,crypto,dev,crypto/breakout sens setup.stop_atr_max x1.3,fb309520ca,0,1.4261361083556643,0.6508008864716475,-0.2629237243428947,351,0.46286602039612235,"{""exits"": {""breakeven"": true, ""max_hold"": 100, ""native_exit"": false, ""partial"": {""at_r"": 2.0, ""frac"": 0.5, ""trail_after_partial"": true}, ""target_r"": null, ""trail_ma"": 20}, ""filters"": {""vol"": true}, ""rank"": ""random"", ""setup"": ""breakout"", ""setup_params"": {""base_len"": 20, ""stop_atr_max"": 1.95, ""stop_atr_min"": 0.5}, ""sizing"": {""heat_cap"": null, ""max_positions"": 10, ""risk_pct"": 1.0}}"
2026-09-27 11:48:44,crypto,dev,crypto/breakout sens vol.max_pct x0.7,0ce60ca52c,0,1.5254477487451195,0.7572831692742081,-0.3073961712699237,370,0.5243794695718236,"{""exits"": {""breakeven"": true, ""max_hold"": 100, ""native_exit"": false, ""partial"": {""at_r"": 2.0, ""frac"": 0.5, ""trail_after_partial"": true}, ""target_r"": null, ""trail_ma"": 20}, ""filters"": {""vol"": true}, ""layer_params"": {""vol"": {""max_pct"": 0.93}}, ""rank"": ""random"", ""setup"": ""breakout"", ""setup_params"": {""base_len"": 20, ""stop_atr_max"": 1.5, ""stop_atr_min"": 0.5}, ""sizing"": {""heat_cap"": null, ""max_positions"": 10, ""risk_pct"": 1.0}}"
2026-09-27 11:48:44,crypto,val,rsi2 + regime,e4fdb095f8,0,0.3473545991576513,0.05072372209183351,-0.2836817051011219,912,0.01573625552949878,"{""exits"": {""max_hold"": 10, ""native_exit"": true, ""target_r"": null}, ""filters"": {""regime"": true}, ""rank"": ""random"", ""setup"": ""rsi2"", ""setup_params"": {""entry"": 10.0, ""exit"": 70.0, ""ma"": 200, ""stop_atr"": 3.0}, ""sizing"": {""heat_cap"": null, ""max_positions"": 10, ""risk_pct"": 1.0}}"
2026-09-27 11:48:44,crypto,dev,rsi2 + vol,c69b807a7e,0,-1.0559240067293076,-0.1724481748653358,-0.4301755479342251,613,-0.07511310224627468,"{""exits"": {""max_hold"": 10, ""native_exit"": true, ""target_r"": null}, ""filters"": {""vol"": true}, ""rank"": ""random"", ""setup"": ""rsi2"", ""setup_params"": {""entry"": 10.0, ""exit"": 70.0, ""ma"": 200, ""stop_atr"": 3.0}, ""sizing"": {""heat_cap"": null, ""max_positions"": 10, ""risk_pct"": 1.0}}"
2026-09-27 11:48:45,crypto,dev,crypto/breakout sens vol.max_pct x1.3,46bd62a178,0,1.4588379875829078,0.6995065943041512,-0.29252823803507166,368,0.4980519828672038,"{""exits"": {""breakeven"": true, ""max_hold"": 100, ""native_exit"": false, ""partial"": {""at_r"": 2.0, ""frac"": 0.5, ""trail_after_partial"": true}, ""target_r"": null, ""trail_ma"": 20}, ""filters"": {""vol"": true}, ""layer_params"": {""vol"": {""max_pct"": 0.87}}, ""rank"": ""random"", ""setup"": ""breakout"", ""setup_params"": {""base_len"": 20, ""stop_atr_max"": 1.5, ""stop_atr_min"": 0.5}, ""sizing"": {""heat_cap"": null, ""max_positions"": 10, ""risk_pct"": 1.0}}"
2026-09-27 11:48:45,crypto,dev,crypto/breakout sens exit.max_hold x0.7,35b6f8f583,0,1.0835738522458294,0.4525707772743153,-0.29311303480097184,402,0.3554438394939821,"{""exits"": {""breakeven"": true, ""max_hold"": 70, ""native_exit"": false, ""partial"": {""at_r"": 2.0, ""frac"": 0.5, ""trail_after_partial"": true}, ""target_r"": null, ""trail_ma"": 20}, ""filters"": {""vol"": true}, ""rank"": ""random"", ""setup"": ""breakout"", ""setup_params"": {""base_len"": 20, ""stop_atr_max"": 1.5, ""stop_atr_min"": 0.5}, ""sizing"": {""heat_cap"": null, ""max_positions"": 10, ""risk_pct"": 1.0}}"
2026-09-27 11:48:45,crypto,dev,crypto/breakout sens exit.max_hold x1.3,6e4d521227,0,1.2606692530497323,0.5500103762760791,-0.307396171269923,372,0.412733869013146,"{""exits"": {""breakeven"": true, ""max_hold"": 130, ""native_exit"": false, ""partial"": {""at_r"": 2.0, ""frac"": 0.5, ""trail_after_partial"": true}, ""target_r"": null, ""trail_ma"": 20}, ""filters"": {""vol"": true}, ""rank"": ""random"", ""setup"": ""breakout"", ""setup_params"": {""base_len"": 20, ""stop_atr_max"": 1.5, ""stop_atr_min"": 0.5}, ""sizing"": {""heat_cap"": null, ""max_positions"": 10, ""risk_pct"": 1.0}}"
2026-09-27 11:48:46,crypto,val,rsi2 + vol,c69b807a7e,0,0.13591804731864326,0.008083113621661031,-0.2554259678878217,968,0.004921308142925748,"{""exits"": {""max_hold"": 10, ""native_exit"": true, ""target_r"": null}, ""filters"": {""vol"": true}, ""rank"": ""random"", ""setup"": ""rsi2"", ""setup_params"": {""entry"": 10.0, ""exit"": 70.0, ""ma"": 200, ""stop_atr"": 3.0}, ""sizing"": {""heat_cap"": null, ""max_positions"": 10, ""risk_pct"": 1.0}}"
2026-09-27 11:48:46,crypto,dev,rsi2 + rs,17771581c0,0,-1.0877231770155118,-0.08945511132110384,-0.2280288843620928,268,-0.08730992948614832,"{""exits"": {""max_hold"": 10, ""native_exit"": true, ""target_r"": null}, ""filters"": {""rs"": true}, ""rank"": ""random"", ""setup"": ""rsi2"", ""setup_params"": {""entry"": 10.0, ""exit"": 70.0, ""ma"": 200, ""stop_atr"": 3.0}, ""sizing"": {""heat_cap"": null, ""max_positions"": 10, ""risk_pct"": 1.0}}"
2026-09-27 11:48:47,crypto,dev,crypto/breakout sens exit.trail_ma x0.7,4f859f1df1,0,1.0181816106266017,0.4050859334391601,-0.2668084273594101,414,0.29705671613649837,"{""exits"": {""breakeven"": true, ""max_hold"": 100, ""native_exit"": false, ""partial"": {""at_r"": 2.0, ""frac"": 0.5, ""trail_after_partial"": true}, ""target_r"": null, ""trail_ma"": 14}, ""filters"": {""vol"": true}, ""rank"": ""random"", ""setup"": ""breakout"", ""setup_params"": {""base_len"": 20, ""stop_atr_max"": 1.5, ""stop_atr_min"": 0.5}, ""sizing"": {""heat_cap"": null, ""max_positions"": 10, ""risk_pct"": 1.0}}"
2026-09-27 11:48:48,crypto,dev,crypto/breakout sens exit.trail_ma x1.3,c47c2d7991,0,1.2667902191459273,0.5600705871986116,-0.2905786756011458,354,0.4262309872246838,"{""exits"": {""breakeven"": true, ""max_hold"": 100, ""native_exit"": false, ""partial"": {""at_r"": 2.0, ""frac"": 0.5, ""trail_after_partial"": true}, ""target_r"": null, ""trail_ma"": 26}, ""filters"": {""vol"": true}, ""rank"": ""random"", ""setup"": ""breakout"", ""setup_params"": {""base_len"": 20, ""stop_atr_max"": 1.5, ""stop_atr_min"": 0.5}, ""sizing"": {""heat_cap"": null, ""max_positions"": 10, ""risk_pct"": 1.0}}"
2026-09-27 11:48:48,crypto,dev,crypto/breakout sens exit.partial.frac x0.7,568a0e83e5,0,1.0680382798529537,0.4776763010719631,-0.33635555064306943,379,0.3883288499702053,"{""exits"": {""breakeven"": true, ""max_hold"": 100, ""native_exit"": false, ""partial"": {""at_r"": 2.0, ""frac"": 0.35, ""trail_after_partial"": true}, ""target_r"": null, ""trail_ma"": 20}, ""filters"": {""vol"": true}, ""rank"": ""random"", ""setup"": ""breakout"", ""setup_params"": {""base_len"": 20, ""stop_atr_max"": 1.5, ""stop_atr_min"": 0.5}, ""sizing"": {""heat_cap"": null, ""max_positions"": 10, ""risk_pct"": 1.0}}"
2026-09-27 11:48:48,crypto,dev,crypto/breakout sens exit.partial.frac x1.3,ba2f141700,0,1.1703173069232413,0.44708334898868207,-0.27896911783871126,390,0.31915227547604147,"{""exits"": {""breakeven"": true, ""max_hold"": 100, ""native_exit"": false, ""partial"": {""at_r"": 2.0, ""frac"": 0.65, ""trail_after_partial"": true}, ""target_r"": null, ""trail_ma"": 20}, ""filters"": {""vol"": true}, ""rank"": ""random"", ""setup"": ""breakout"", ""setup_params"": {""base_len"": 20, ""stop_atr_max"": 1.5, ""stop_atr_min"": 0.5}, ""sizing"": {""heat_cap"": null, ""max_positions"": 10, ""risk_pct"": 1.0}}"
2026-09-27 11:48:48,crypto,dev,crypto/breakout sens exit.partial.at_r x0.7,1f1dfb798a,0,1.0146670490537752,0.3884373693395835,-0.26719000872838405,427,0.3214210668747687,"{""exits"": {""breakeven"": true, ""max_hold"": 100, ""native_exit"": false, ""partial"": {""at_r"": 1.4, ""frac"": 0.5, ""trail_after_partial"": true}, ""target_r"": null, ""trail_ma"": 20}, ""filters"": {""vol"": true}, ""rank"": ""random"", ""setup"": ""breakout"", ""setup_params"": {""base_len"": 20, ""stop_atr_max"": 1.5, ""stop_atr_min"": 0.5}, ""sizing"": {""heat_cap"": null, ""max_positions"": 10, ""risk_pct"": 1.0}}"
2026-09-27 11:48:48,crypto,val,rsi2 + rs,17771581c0,0,-0.8946342564902804,-0.17665709026680765,-0.40134092207017436,808,-0.043286172485783585,"{""exits"": {""max_hold"": 10, ""native_exit"": true, ""target_r"": null}, ""filters"": {""rs"": true}, ""rank"": ""random"", ""setup"": ""rsi2"", ""setup_params"": {""entry"": 10.0, ""exit"": 70.0, ""ma"": 200, ""stop_atr"": 3.0}, ""sizing"": {""heat_cap"": null, ""max_positions"": 10, ""risk_pct"": 1.0}}"
2026-09-27 11:48:48,crypto,dev,crypto/breakout sens exit.partial.at_r x1.3,f0977bb50a,0,1.4270945247894242,0.7245793207246032,-0.27341185057955364,354,0.5363962982656385,"{""exits"": {""breakeven"": true, ""max_hold"": 100, ""native_exit"": false, ""partial"": {""at_r"": 2.6, ""frac"": 0.5, ""trail_after_partial"": true}, ""target_r"": null, ""trail_ma"": 20}, ""filters"": {""vol"": true}, ""rank"": ""random"", ""setup"": ""breakout"", ""setup_params"": {""base_len"": 20, ""stop_atr_max"": 1.5, ""stop_atr_min"": 0.5}, ""sizing"": {""heat_cap"": null, ""max_positions"": 10, ""risk_pct"": 1.0}}"
2026-09-27 11:48:48,crypto,dev,crypto/breakout sens sizing.risk_pct x0.7,c6a5449d2a,0,1.46847157562645,0.5363685366386723,-0.23109517393777956,384,0.5158925948740332,"{""exits"": {""breakeven"": true, ""max_hold"": 100, ""native_exit"": false, ""partial"": {""at_r"": 2.0, ""frac"": 0.5, ""trail_after_partial"": true}, ""target_r"": null, ""trail_ma"": 20}, ""filters"": {""vol"": true}, ""rank"": ""random"", ""setup"": ""breakout"", ""setup_params"": {""base_len"": 20, ""stop_atr_max"": 1.5, ""stop_atr_min"": 0.5}, ""sizing"": {""heat_cap"": null, ""max_positions"": 10, ""risk_pct"": 0.7}}"
2026-09-27 11:48:48,crypto,dev,rsi2 + score rank only,edccd751a7,0,-1.0940444102705522,-0.18650965700589173,-0.46055505003760366,658,-0.07593209657504972,"{""exits"": {""max_hold"": 10, ""native_exit"": true, ""target_r"": null}, ""filters"": {}, ""rank"": ""score"", ""setup"": ""rsi2"", ""setup_params"": {""entry"": 10.0, ""exit"": 70.0, ""ma"": 200, ""stop_atr"": 3.0}, ""sizing"": {""heat_cap"": null, ""max_positions"": 10, ""risk_pct"": 1.0}}"
2026-09-27 11:48:48,crypto,dev,crypto/breakout sens sizing.risk_pct x1.3,ca4ca919f7,0,0.9854780253478489,0.42504095118999285,-0.36891343501307927,341,0.28002358292247603,"{""exits"": {""breakeven"": true, ""max_hold"": 100, ""native_exit"": false, ""partial"": {""at_r"": 2.0, ""frac"": 0.5, ""trail_after_partial"": true}, ""target_r"": null, ""trail_ma"": 20}, ""filters"": {""vol"": true}, ""rank"": ""random"", ""setup"": ""breakout"", ""setup_params"": {""base_len"": 20, ""stop_atr_max"": 1.5, ""stop_atr_min"": 0.5}, ""sizing"": {""heat_cap"": null, ""max_positions"": 10, ""risk_pct"": 1.3}}"
2026-09-27 11:48:48,crypto,val,rsi2 + score rank only,edccd751a7,0,-0.12688229759618072,-0.04865477359950876,-0.29062032841639374,1119,-0.004575449843219703,"{""exits"": {""max_hold"": 10, ""native_exit"": true, ""target_r"": null}, ""filters"": {}, ""rank"": ""score"", ""setup"": ""rsi2"", ""setup_params"": {""entry"": 10.0, ""exit"": 70.0, ""ma"": 200, ""stop_atr"": 3.0}, ""sizing"": {""heat_cap"": null, ""max_positions"": 10, ""risk_pct"": 1.0}}"
2026-09-27 11:48:49,crypto,dev,rsi2 + score top 20%,ef013a315f,0,-1.133955689937472,-0.0846814536218613,-0.20962296854193585,195,-0.1144153720747485,"{""exits"": {""max_hold"": 10, ""native_exit"": true, ""target_r"": null}, ""filters"": {""score"": true}, ""rank"": ""score"", ""setup"": ""rsi2"", ""setup_params"": {""entry"": 10.0, ""exit"": 70.0, ""ma"": 200, ""stop_atr"": 3.0}, ""sizing"": {""heat_cap"": null, ""max_positions"": 10, ""risk_pct"": 1.0}}"
2026-09-27 11:48:51,crypto,val,rsi2 + score top 20%,ef013a315f,0,-0.7581621451597359,-0.13628363044949587,-0.35395670626644427,624,-0.041875685004239466,"{""exits"": {""max_hold"": 10, ""native_exit"": true, ""target_r"": null}, ""filters"": {""score"": true}, ""rank"": ""score"", ""setup"": ""rsi2"", ""setup_params"": {""entry"": 10.0, ""exit"": 70.0, ""ma"": 200, ""stop_atr"": 3.0}, ""sizing"": {""heat_cap"": null, ""max_positions"": 10, ""risk_pct"": 1.0}}"
2026-09-27 11:48:51,crypto,dev,rsi2 + risk 0.25%,eedc3e5b94,0,-1.1073605517050589,-0.04804978026704765,-0.1374976178116033,661,-0.07576575759812267,"{""exits"": {""max_hold"": 10, ""native_exit"": true, ""target_r"": null}, ""filters"": {}, ""rank"": ""random"", ""setup"": ""rsi2"", ""setup_params"": {""entry"": 10.0, ""exit"": 70.0, ""ma"": 200, ""stop_atr"": 3.0}, ""sizing"": {""heat_cap"": null, ""max_positions"": 10, ""risk_pct"": 0.25}}"
2026-09-27 11:48:51,crypto,val,rsi2 + risk 0.25%,eedc3e5b94,0,0.41152606732676716,0.021152343733757295,-0.06756852197363727,1117,0.016135143238655305,"{""exits"": {""max_hold"": 10, ""native_exit"": true, ""target_r"": null}, ""filters"": {}, ""rank"": ""random"", ""setup"": ""rsi2"", ""setup_params"": {""entry"": 10.0, ""exit"": 70.0, ""ma"": 200, ""stop_atr"": 3.0}, ""sizing"": {""heat_cap"": null, ""max_positions"": 10, ""risk_pct"": 0.25}}"
2026-09-27 11:48:51,crypto,dev,rsi2 + risk 0.5%,49e9aab495,0,-1.1003705061235727,-0.09526215145002292,-0.2592119448017882,661,-0.07576575759812268,"{""exits"": {""max_hold"": 10, ""native_exit"": true, ""target_r"": null}, ""filters"": {}, ""rank"": ""random"", ""setup"": ""rsi2"", ""setup_params"": {""entry"": 10.0, ""exit"": 70.0, ""ma"": 200, ""stop_atr"": 3.0}, ""sizing"": {""heat_cap"": null, ""max_positions"": 10, ""risk_pct"": 0.5}}"
2026-09-27 11:48:51,crypto,val,rsi2 + risk 0.5%,49e9aab495,0,0.40765396364068207,0.03932406143011291,-0.1319513725403536,1117,0.016135143238655305,"{""exits"": {""max_hold"": 10, ""native_exit"": true, ""target_r"": null}, ""filters"": {}, ""rank"": ""random"", ""setup"": ""rsi2"", ""setup_params"": {""entry"": 10.0, ""exit"": 70.0, ""ma"": 200, ""stop_atr"": 3.0}, ""sizing"": {""heat_cap"": null, ""max_positions"": 10, ""risk_pct"": 0.5}}"
2026-09-27 11:48:51,crypto,dev,rsi2 + risk 2%,5889f14ea9,0,-1.0568454127307532,-0.3416597367623774,-0.7117350403827005,638,-0.0755414492544697,"{""exits"": {""max_hold"": 10, ""native_exit"": true, ""target_r"": null}, ""filters"": {}, ""rank"": ""random"", ""setup"": ""rsi2"", ""setup_params"": {""entry"": 10.0, ""exit"": 70.0, ""ma"": 200, ""stop_atr"": 3.0}, ""sizing"": {""heat_cap"": null, ""max_positions"": 10, ""risk_pct"": 2.0}}"
2026-09-27 11:48:52,crypto,val,rsi2 + risk 2%,5889f14ea9,0,0.3945963439319649,0.08184795175593984,-0.4599184379419703,1111,0.0164170246151338,"{""exits"": {""max_hold"": 10, ""native_exit"": true, ""target_r"": null}, ""filters"": {}, ""rank"": ""random"", ""setup"": ""rsi2"", ""setup_params"": {""entry"": 10.0, ""exit"": 70.0, ""ma"": 200, ""stop_atr"": 3.0}, ""sizing"": {""heat_cap"": null, ""max_positions"": 10, ""risk_pct"": 2.0}}"
2026-09-27 11:48:52,crypto,dev,rsi2 + ATR sizing,6c9d7290dc,0,-1.1101116434303517,-0.27818561875979897,-0.6193465698955005,655,-0.07830414097074824,"{""exits"": {""max_hold"": 10, ""native_exit"": true, ""target_r"": null}, ""filters"": {}, ""rank"": ""random"", ""setup"": ""rsi2"", ""setup_params"": {""entry"": 10.0, ""exit"": 70.0, ""ma"": 200, ""stop_atr"": 3.0}, ""sizing"": {""atr_mult"": 2.0, ""heat_cap"": null, ""max_positions"": 10, ""mode"": ""atr"", ""risk_pct"": 1.0}}"
2026-09-27 11:48:52,crypto,val,rsi2 + ATR sizing,6c9d7290dc,0,0.39191066328435487,0.07878867498341746,-0.35910176550853556,1117,0.0161351432386553,"{""exits"": {""max_hold"": 10, ""native_exit"": true, ""target_r"": null}, ""filters"": {}, ""rank"": ""random"", ""setup"": ""rsi2"", ""setup_params"": {""entry"": 10.0, ""exit"": 70.0, ""ma"": 200, ""stop_atr"": 3.0}, ""sizing"": {""atr_mult"": 2.0, ""heat_cap"": null, ""max_positions"": 10, ""mode"": ""atr"", ""risk_pct"": 1.0}}"
2026-09-27 11:48:52,crypto,dev,rsi2 + heat cap 4%,5cd2b0125e,0,-0.9778730214644284,-0.07513268969500853,-0.2543675119546741,316,-0.061499431043979876,"{""exits"": {""max_hold"": 10, ""native_exit"": true, ""target_r"": null}, ""filters"": {}, ""rank"": ""random"", ""setup"": ""rsi2"", ""setup_params"": {""entry"": 10.0, ""exit"": 70.0, ""ma"": 200, ""stop_atr"": 3.0}, ""sizing"": {""heat_cap"": 0.04, ""max_positions"": 10, ""risk_pct"": 1.0}}"
2026-09-27 11:48:52,crypto,val,rsi2 + heat cap 4%,5cd2b0125e,0,0.34419725905311976,0.0307962779904285,-0.09568247138303865,367,0.019256293155386378,"{""exits"": {""max_hold"": 10, ""native_exit"": true, ""target_r"": null}, ""filters"": {}, ""rank"": ""random"", ""setup"": ""rsi2"", ""setup_params"": {""entry"": 10.0, ""exit"": 70.0, ""ma"": 200, ""stop_atr"": 3.0}, ""sizing"": {""heat_cap"": 0.04, ""max_positions"": 10, ""risk_pct"": 1.0}}"
2026-09-27 11:48:52,crypto,dev,rsi2 + heat cap 6%,30b29fae94,0,-1.2633176169803517,-0.12956575398996273,-0.34419134826054554,431,-0.07992754091282799,"{""exits"": {""max_hold"": 10, ""native_exit"": true, ""target_r"": null}, ""filters"": {}, ""rank"": ""random"", ""setup"": ""rsi2"", ""setup_params"": {""entry"": 10.0, ""exit"": 70.0, ""ma"": 200, ""stop_atr"": 3.0}, ""sizing"": {""heat_cap"": 0.06, ""max_positions"": 10, ""risk_pct"": 1.0}}"
2026-09-27 11:48:52,crypto,val,rsi2 + heat cap 6%,30b29fae94,0,0.2842923805274275,0.02475694879523327,-0.09603690363725859,551,0.010682561739032127,"{""exits"": {""max_hold"": 10, ""native_exit"": true, ""target_r"": null}, ""filters"": {}, ""rank"": ""random"", ""setup"": ""rsi2"", ""setup_params"": {""entry"": 10.0, ""exit"": 70.0, ""ma"": 200, ""stop_atr"": 3.0}, ""sizing"": {""heat_cap"": 0.06, ""max_positions"": 10, ""risk_pct"": 1.0}}"
2026-09-27 11:48:53,crypto,dev,rsi2 + heat cap 8%,2e6c562c31,0,-1.1144158446496786,-0.14044700609801997,-0.3811478080815386,525,-0.07061770946129939,"{""exits"": {""max_hold"": 10, ""native_exit"": true, ""target_r"": null}, ""filters"": {}, ""rank"": ""random"", ""setup"": ""rsi2"", ""setup_params"": {""entry"": 10.0, ""exit"": 70.0, ""ma"": 200, ""stop_atr"": 3.0}, ""sizing"": {""heat_cap"": 0.08, ""max_positions"": 10, ""risk_pct"": 1.0}}"
2026-09-27 11:48:53,crypto,val,rsi2 + heat cap 8%,2e6c562c31,0,0.29205472055208215,0.03481542695713258,-0.1686558679142205,748,0.012376167493052644,"{""exits"": {""max_hold"": 10, ""native_exit"": true, ""target_r"": null}, ""filters"": {}, ""rank"": ""random"", ""setup"": ""rsi2"", ""setup_params"": {""entry"": 10.0, ""exit"": 70.0, ""ma"": 200, ""stop_atr"": 3.0}, ""sizing"": {""heat_cap"": 0.08, ""max_positions"": 10, ""risk_pct"": 1.0}}"
2026-09-27 11:48:53,crypto,dev,rsi2 + max 5 positions,57e8af7446,0,-1.5635259830749089,-0.1619318252664098,-0.4065000716111118,454,-0.09729968842929758,"{""exits"": {""max_hold"": 10, ""native_exit"": true, ""target_r"": null}, ""filters"": {}, ""rank"": ""random"", ""setup"": ""rsi2"", ""setup_params"": {""entry"": 10.0, ""exit"": 70.0, ""ma"": 200, ""stop_atr"": 3.0}, ""sizing"": {""heat_cap"": null, ""max_positions"": 5, ""risk_pct"": 1.0}}"
2026-09-27 11:48:53,crypto,val,rsi2 + max 5 positions,57e8af7446,0,0.320689893281144,0.03516963153586605,-0.13296088502983006,605,0.014479342875520535,"{""exits"": {""max_hold"": 10, ""native_exit"": true, ""target_r"": null}, ""filters"": {}, ""rank"": ""random"", ""setup"": ""rsi2"", ""setup_params"": {""entry"": 10.0, ""exit"": 70.0, ""ma"": 200, ""stop_atr"": 3.0}, ""sizing"": {""heat_cap"": null, ""max_positions"": 5, ""risk_pct"": 1.0}}"
2026-09-27 11:48:53,crypto,dev,rsi2 + halve risk in 10% DD,7d8a2b05e9,0,-0.9887622286684203,-0.10818341826640476,-0.30462863623846004,661,-0.07576575759812267,"{""exits"": {""max_hold"": 10, ""native_exit"": true, ""target_r"": null}, ""filters"": {}, ""rank"": ""random"", ""setup"": ""rsi2"", ""setup_params"": {""entry"": 10.0, ""exit"": 70.0, ""ma"": 200, ""stop_atr"": 3.0}, ""sizing"": {""dd_reduce"": {""dd"": 0.1, ""factor"": 0.5}, ""heat_cap"": null, ""max_positions"": 10, ""risk_pct"": 1.0}}"
2026-09-27 11:48:53,crypto,val,rsi2 + halve risk in 10% DD,7d8a2b05e9,0,0.306372379766851,0.03755856069141439,-0.18960435269879505,1117,0.016135143238655305,"{""exits"": {""max_hold"": 10, ""native_exit"": true, ""target_r"": null}, ""filters"": {}, ""rank"": ""random"", ""setup"": ""rsi2"", ""setup_params"": {""entry"": 10.0, ""exit"": 70.0, ""ma"": 200, ""stop_atr"": 3.0}, ""sizing"": {""dd_reduce"": {""dd"": 0.1, ""factor"": 0.5}, ""heat_cap"": null, ""max_positions"": 10, ""risk_pct"": 1.0}}"
2026-09-27 11:48:54,crypto,dev,rsi2 ALL LAYERS,61e81a42f1,0,0.08556719910949973,0.002599663823188658,-0.05495721837904277,96,0.008313863792947688,"{""exits"": {""max_hold"": 10, ""native_exit"": true, ""target_r"": null}, ""filters"": {""regime"": true, ""rs"": true, ""score"": true, ""vol"": true}, ""rank"": ""score"", ""setup"": ""rsi2"", ""setup_params"": {""entry"": 10.0, ""exit"": 70.0, ""ma"": 200, ""stop_atr"": 3.0}, ""sizing"": {""dd_reduce"": {""dd"": 0.1, ""factor"": 0.5}, ""heat_cap"": 0.06, ""max_positions"": 10, ""risk_pct"": 1.0}}"
2026-09-27 11:48:56,crypto,val,rsi2 ALL LAYERS,61e81a42f1,0,-0.9584026993335473,-0.05700402233453161,-0.1861175406045581,244,-0.057855615557131965,"{""exits"": {""max_hold"": 10, ""native_exit"": true, ""target_r"": null}, ""filters"": {""regime"": true, ""rs"": true, ""score"": true, ""vol"": true}, ""rank"": ""score"", ""setup"": ""rsi2"", ""setup_params"": {""entry"": 10.0, ""exit"": 70.0, ""ma"": 200, ""stop_atr"": 3.0}, ""sizing"": {""dd_reduce"": {""dd"": 0.1, ""factor"": 0.5}, ""heat_cap"": 0.06, ""max_positions"": 10, ""risk_pct"": 1.0}}"
2026-09-27 11:48:57,crypto,dev,rsi2 all minus regime,f3e1401483,0,-1.315117417753412,-0.052549241046707884,-0.13284870765811796,148,-0.10653036447393541,"{""exits"": {""max_hold"": 10, ""native_exit"": true, ""target_r"": null}, ""filters"": {""rs"": true, ""score"": true, ""vol"": true}, ""rank"": ""score"", ""setup"": ""rsi2"", ""setup_params"": {""entry"": 10.0, ""exit"": 70.0, ""ma"": 200, ""stop_atr"": 3.0}, ""sizing"": {""dd_reduce"": {""dd"": 0.1, ""factor"": 0.5}, ""heat_cap"": 0.06, ""max_positions"": 10, ""risk_pct"": 1.0}}"
2026-09-27 11:48:59,crypto,val,rsi2 all minus regime,f3e1401483,0,-0.7579555399305246,-0.06774237532024041,-0.16494047203402462,430,-0.029594527262087212,"{""exits"": {""max_hold"": 10, ""native_exit"": true, ""target_r"": null}, ""filters"": {""rs"": true, ""score"": true, ""vol"": true}, ""rank"": ""score"", ""setup"": ""rsi2"", ""setup_params"": {""entry"": 10.0, ""exit"": 70.0, ""ma"": 200, ""stop_atr"": 3.0}, ""sizing"": {""dd_reduce"": {""dd"": 0.1, ""factor"": 0.5}, ""heat_cap"": 0.06, ""max_positions"": 10, ""risk_pct"": 1.0}}"
2026-09-27 11:49:00,crypto,dev,rsi2 all minus vol,b7774a30cf,0,-0.03872634821593883,-0.0027268524282635376,-0.06787889912540501,105,-0.005125371824363977,"{""exits"": {""max_hold"": 10, ""native_exit"": true, ""target_r"": null}, ""filters"": {""regime"": true, ""rs"": true, ""score"": true}, ""rank"": ""score"", ""setup"": ""rsi2"", ""setup_params"": {""entry"": 10.0, ""exit"": 70.0, ""ma"": 200, ""stop_atr"": 3.0}, ""sizing"": {""dd_reduce"": {""dd"": 0.1, ""factor"": 0.5}, ""heat_cap"": 0.06, ""max_positions"": 10, ""risk_pct"": 1.0}}"
2026-09-27 11:49:02,crypto,val,rsi2 all minus vol,b7774a30cf,0,-0.6073885256129117,-0.03894738634793282,-0.16637368371141725,257,-0.01927892224431393,"{""exits"": {""max_hold"": 10, ""native_exit"": true, ""target_r"": null}, ""filters"": {""regime"": true, ""rs"": true, ""score"": true}, ""rank"": ""score"", ""setup"": ""rsi2"", ""setup_params"": {""entry"": 10.0, ""exit"": 70.0, ""ma"": 200, ""stop_atr"": 3.0}, ""sizing"": {""dd_reduce"": {""dd"": 0.1, ""factor"": 0.5}, ""heat_cap"": 0.06, ""max_positions"": 10, ""risk_pct"": 1.0}}"
2026-09-27 11:49:03,crypto,dev,rsi2 all minus rs,c062d431d7,0,0.06714266725742749,0.0019714253196223552,-0.05212295256152788,108,0.006223525552291481,"{""exits"": {""max_hold"": 10, ""native_exit"": true, ""target_r"": null}, ""filters"": {""regime"": true, ""score"": true, ""vol"": true}, ""rank"": ""score"", ""setup"": ""rsi2"", ""setup_params"": {""entry"": 10.0, ""exit"": 70.0, ""ma"": 200, ""stop_atr"": 3.0}, ""sizing"": {""dd_reduce"": {""dd"": 0.1, ""factor"": 0.5}, ""heat_cap"": 0.06, ""max_positions"": 10, ""risk_pct"": 1.0}}"
2026-09-27 11:49:05,crypto,val,rsi2 all minus rs,c062d431d7,0,-0.26064025090093584,-0.017552435110556375,-0.16208594055448977,274,0.009944200408999746,"{""exits"": {""max_hold"": 10, ""native_exit"": true, ""target_r"": null}, ""filters"": {""regime"": true, ""score"": true, ""vol"": true}, ""rank"": ""score"", ""setup"": ""rsi2"", ""setup_params"": {""entry"": 10.0, ""exit"": 70.0, ""ma"": 200, ""stop_atr"": 3.0}, ""sizing"": {""dd_reduce"": {""dd"": 0.1, ""factor"": 0.5}, ""heat_cap"": 0.06, ""max_positions"": 10, ""risk_pct"": 1.0}}"
2026-09-27 11:49:06,crypto,dev,rsi2 all minus score,dd56386b3b,0,0.13982299138496201,0.005990070827427418,-0.05206178754272872,145,0.012273389464686882,"{""exits"": {""max_hold"": 10, ""native_exit"": true, ""target_r"": null}, ""filters"": {""regime"": true, ""rs"": true, ""vol"": true}, ""rank"": ""random"", ""setup"": ""rsi2"", ""setup_params"": {""entry"": 10.0, ""exit"": 70.0, ""ma"": 200, ""stop_atr"": 3.0}, ""sizing"": {""dd_reduce"": {""dd"": 0.1, ""factor"": 0.5}, ""heat_cap"": 0.06, ""max_positions"": 10, ""risk_pct"": 1.0}}"
2026-09-27 11:49:08,crypto,val,rsi2 all minus score,dd56386b3b,0,-0.7562154642538992,-0.05235436600052734,-0.18230956442787782,376,-0.027463328038446384,"{""exits"": {""max_hold"": 10, ""native_exit"": true, ""target_r"": null}, ""filters"": {""regime"": true, ""rs"": true, ""vol"": true}, ""rank"": ""random"", ""setup"": ""rsi2"", ""setup_params"": {""entry"": 10.0, ""exit"": 70.0, ""ma"": 200, ""stop_atr"": 3.0}, ""sizing"": {""dd_reduce"": {""dd"": 0.1, ""factor"": 0.5}, ""heat_cap"": 0.06, ""max_positions"": 10, ""risk_pct"": 1.0}}"
2026-09-27 11:49:08,crypto,dev,rsi2 all minus sizing,2040a5541b,0,0.18566911325759025,0.007145470934167841,-0.05512894130546553,103,0.019181962787503226,"{""exits"": {""max_hold"": 10, ""native_exit"": true, ""target_r"": null}, ""filters"": {""regime"": true, ""rs"": true, ""score"": true, ""vol"": true}, ""rank"": ""score"", ""setup"": ""rsi2"", ""setup_params"": {""entry"": 10.0, ""exit"": 70.0, ""ma"": 200, ""stop_atr"": 3.0}, ""sizing"": {""heat_cap"": null, ""max_positions"": 10, ""risk_pct"": 1.0}}"
2026-09-27 11:49:08,crypto,val,rsi2 all minus sizing,2040a5541b,0,-1.028307705095687,-0.11416423257759112,-0.3282256419949865,277,-0.08108094494975107,"{""exits"": {""max_hold"": 10, ""native_exit"": true, ""target_r"": null}, ""filters"": {""regime"": true, ""rs"": true, ""score"": true, ""vol"": true}, ""rank"": ""score"", ""setup"": ""rsi2"", ""setup_params"": {""entry"": 10.0, ""exit"": 70.0, ""ma"": 200, ""stop_atr"": 3.0}, ""sizing"": {""heat_cap"": null, ""max_positions"": 10, ""risk_pct"": 1.0}}"
2026-09-27 11:49:08,crypto,dev,rsi2 PICKED,e4fdb095f8,0,-0.3396802972082118,-0.06182179754117145,-0.2976592427906921,497,-0.028681075295726135,"{""exits"": {""max_hold"": 10, ""native_exit"": true, ""target_r"": null}, ""filters"": {""regime"": true}, ""rank"": ""random"", ""setup"": ""rsi2"", ""setup_params"": {""entry"": 10.0, ""exit"": 70.0, ""ma"": 200, ""stop_atr"": 3.0}, ""sizing"": {""heat_cap"": null, ""max_positions"": 10, ""risk_pct"": 1.0}}"
2026-09-27 11:49:08,crypto,val,rsi2 PICKED,e4fdb095f8,0,0.3473545991576513,0.05072372209183351,-0.2836817051011219,912,0.01573625552949878,"{""exits"": {""max_hold"": 10, ""native_exit"": true, ""target_r"": null}, ""filters"": {""regime"": true}, ""rank"": ""random"", ""setup"": ""rsi2"", ""setup_params"": {""entry"": 10.0, ""exit"": 70.0, ""ma"": 200, ""stop_atr"": 3.0}, ""sizing"": {""heat_cap"": null, ""max_positions"": 10, ""risk_pct"": 1.0}}"
2026-09-27 11:49:41,crypto,dev,crypto/pullback sens setup.adx_min x0.7,7584de062f,0,1.2068316573558118,0.12272970185739718,-0.059547446415455285,72,0.43211539327648907,"{""exits"": {""breakeven"": true, ""max_hold"": 100, ""native_exit"": false, ""partial"": {""after_bars"": 3, ""frac"": 0.33, ""trail_after_partial"": true}, ""target_r"": null, ""trail_ma"": 10}, ""filters"": {""rs"": true, ""score"": true, ""volume"": true}, ""rank"": ""score"", ""setup"": ""pullback"", ""setup_params"": {""adx_min"": 17.5, ""lookback"": 5, ""stop_atr_max"": 2.0, ""stop_atr_min"": 0.5}, ""sizing"": {""heat_cap"": null, ""max_positions"": 10, ""risk_pct"": 1.0}}"
2026-09-27 11:49:42,crypto,dev,crypto/pullback sens setup.adx_min x1.3,b833323925,0,0.5838443384506352,0.03159982608215817,-0.03831870913151614,22,0.3882228221279353,"{""exits"": {""breakeven"": true, ""max_hold"": 100, ""native_exit"": false, ""partial"": {""after_bars"": 3, ""frac"": 0.33, ""trail_after_partial"": true}, ""target_r"": null, ""trail_ma"": 10}, ""filters"": {""rs"": true, ""score"": true, ""volume"": true}, ""rank"": ""score"", ""setup"": ""pullback"", ""setup_params"": {""adx_min"": 32.5, ""lookback"": 5, ""stop_atr_max"": 2.0, ""stop_atr_min"": 0.5}, ""sizing"": {""heat_cap"": null, ""max_positions"": 10, ""risk_pct"": 1.0}}"
2026-09-27 11:49:43,crypto,dev,crypto/pullback sens setup.lookback x0.7,362e9aca40,0,1.6571685782284942,0.16204611964135673,-0.04257273523234739,45,0.9133356058752652,"{""exits"": {""breakeven"": true, ""max_hold"": 100, ""native_exit"": false, ""partial"": {""after_bars"": 3, ""frac"": 0.33, ""trail_after_partial"": true}, ""target_r"": null, ""trail_ma"": 10}, ""filters"": {""rs"": true, ""score"": true, ""volume"": true}, ""rank"": ""score"", ""setup"": ""pullback"", ""setup_params"": {""adx_min"": 25.0, ""lookback"": 4, ""stop_atr_max"": 2.0, ""stop_atr_min"": 0.5}, ""sizing"": {""heat_cap"": null, ""max_positions"": 10, ""risk_pct"": 1.0}}"
2026-09-27 11:49:44,crypto,dev,crypto/pullback sens setup.lookback x1.3,6257db8226,0,1.6696661512334257,0.15426232931522565,-0.04257273523234739,47,0.8374406030763031,"{""exits"": {""breakeven"": true, ""max_hold"": 100, ""native_exit"": false, ""partial"": {""after_bars"": 3, ""frac"": 0.33, ""trail_after_partial"": true}, ""target_r"": null, ""trail_ma"": 10}, ""filters"": {""rs"": true, ""score"": true, ""volume"": true}, ""rank"": ""score"", ""setup"": ""pullback"", ""setup_params"": {""adx_min"": 25.0, ""lookback"": 6, ""stop_atr_max"": 2.0, ""stop_atr_min"": 0.5}, ""sizing"": {""heat_cap"": null, ""max_positions"": 10, ""risk_pct"": 1.0}}"
2026-09-27 11:49:45,crypto,dev,crypto/pullback sens setup.stop_atr_min x0.7,0292ff1e3d,0,1.6578829174206455,0.15524119737083564,-0.042572735232347614,46,0.8604226215418167,"{""exits"": {""breakeven"": true, ""max_hold"": 100, ""native_exit"": false, ""partial"": {""after_bars"": 3, ""frac"": 0.33, ""trail_after_partial"": true}, ""target_r"": null, ""trail_ma"": 10}, ""filters"": {""rs"": true, ""score"": true, ""volume"": true}, ""rank"": ""score"", ""setup"": ""pullback"", ""setup_params"": {""adx_min"": 25.0, ""lookback"": 5, ""stop_atr_max"": 2.0, ""stop_atr_min"": 0.35}, ""sizing"": {""heat_cap"": null, ""max_positions"": 10, ""risk_pct"": 1.0}}"
2026-09-27 11:49:47,crypto,dev,crypto/pullback sens setup.stop_atr_min x1.3,e0eb641bf6,0,1.6578829174206455,0.15524119737083564,-0.042572735232347614,46,0.8588422058070756,"{""exits"": {""breakeven"": true, ""max_hold"": 100, ""native_exit"": false, ""partial"": {""after_bars"": 3, ""frac"": 0.33, ""trail_after_partial"": true}, ""target_r"": null, ""trail_ma"": 10}, ""filters"": {""rs"": true, ""score"": true, ""volume"": true}, ""rank"": ""score"", ""setup"": ""pullback"", ""setup_params"": {""adx_min"": 25.0, ""lookback"": 5, ""stop_atr_max"": 2.0, ""stop_atr_min"": 0.65}, ""sizing"": {""heat_cap"": null, ""max_positions"": 10, ""risk_pct"": 1.0}}"
2026-09-27 11:49:48,crypto,dev,crypto/pullback sens setup.stop_atr_max x0.7,ccde9592a0,0,1.6095165383077843,0.15656098998779666,-0.043604119417118725,46,0.8673404158560415,"{""exits"": {""breakeven"": true, ""max_hold"": 100, ""native_exit"": false, ""partial"": {""after_bars"": 3, ""frac"": 0.33, ""trail_after_partial"": true}, ""target_r"": null, ""trail_ma"": 10}, ""filters"": {""rs"": true, ""score"": true, ""volume"": true}, ""rank"": ""score"", ""setup"": ""pullback"", ""setup_params"": {""adx_min"": 25.0, ""lookback"": 5, ""stop_atr_max"": 1.4, ""stop_atr_min"": 0.5}, ""sizing"": {""heat_cap"": null, ""max_positions"": 10, ""risk_pct"": 1.0}}"
2026-09-27 11:49:49,crypto,dev,crypto/pullback sens setup.stop_atr_max x1.3,8d96449e78,0,1.6512277566438118,0.15209375349077248,-0.04257273523234739,46,0.8433306264846855,"{""exits"": {""breakeven"": true, ""max_hold"": 100, ""native_exit"": false, ""partial"": {""after_bars"": 3, ""frac"": 0.33, ""trail_after_partial"": true}, ""target_r"": null, ""trail_ma"": 10}, ""filters"": {""rs"": true, ""score"": true, ""volume"": true}, ""rank"": ""score"", ""setup"": ""pullback"", ""setup_params"": {""adx_min"": 25.0, ""lookback"": 5, ""stop_atr_max"": 2.6, ""stop_atr_min"": 0.5}, ""sizing"": {""heat_cap"": null, ""max_positions"": 10, ""risk_pct"": 1.0}}"
2026-09-27 11:49:50,crypto,dev,crypto/pullback sens rs.min_pct x0.7,00483a8802,0,1.6547713021837627,0.1522533152252561,-0.0425727352323475,40,0.9715679947037159,"{""exits"": {""breakeven"": true, ""max_hold"": 100, ""native_exit"": false, ""partial"": {""after_bars"": 3, ""frac"": 0.33, ""trail_after_partial"": true}, ""target_r"": null, ""trail_ma"": 10}, ""filters"": {""rs"": true, ""score"": true, ""volume"": true}, ""layer_params"": {""rs"": {""min_pct"": 86.0}}, ""rank"": ""score"", ""setup"": ""pullback"", ""setup_params"": {""adx_min"": 25.0, ""lookback"": 5, ""stop_atr_max"": 2.0, ""stop_atr_min"": 0.5}, ""sizing"": {""heat_cap"": null, ""max_positions"": 10, ""risk_pct"": 1.0}}"
2026-09-27 11:49:51,crypto,dev,crypto/pullback sens rs.min_pct x1.3,ae5eb2d434,0,1.4355274570557466,0.15429241989076137,-0.08436422189951465,51,0.7720987066263736,"{""exits"": {""breakeven"": true, ""max_hold"": 100, ""native_exit"": false, ""partial"": {""after_bars"": 3, ""frac"": 0.33, ""trail_after_partial"": true}, ""target_r"": null, ""trail_ma"": 10}, ""filters"": {""rs"": true, ""score"": true, ""volume"": true}, ""layer_params"": {""rs"": {""min_pct"": 74.0}}, ""rank"": ""score"", ""setup"": ""pullback"", ""setup_params"": {""adx_min"": 25.0, ""lookback"": 5, ""stop_atr_max"": 2.0, ""stop_atr_min"": 0.5}, ""sizing"": {""heat_cap"": null, ""max_positions"": 10, ""risk_pct"": 1.0}}"
2026-09-27 11:49:52,crypto,dev,crypto/pullback sens volume.pullback_max x0.7,835d2b4d21,0,1.114353088337567,0.07634487159634462,-0.0417758364121229,31,0.6518646742987333,"{""exits"": {""breakeven"": true, ""max_hold"": 100, ""native_exit"": false, ""partial"": {""after_bars"": 3, ""frac"": 0.33, ""trail_after_partial"": true}, ""target_r"": null, ""trail_ma"": 10}, ""filters"": {""rs"": true, ""score"": true, ""volume"": true}, ""layer_params"": {""volume"": {""pullback_max"": 0.7}}, ""rank"": ""score"", ""setup"": ""pullback"", ""setup_params"": {""adx_min"": 25.0, ""lookback"": 5, ""stop_atr_max"": 2.0, ""stop_atr_min"": 0.5}, ""sizing"": {""heat_cap"": null, ""max_positions"": 10, ""risk_pct"": 1.0}}"
2026-09-27 11:49:53,crypto,dev,crypto/pullback sens volume.pullback_max x1.3,a15e83f3dc,0,1.5554863532840195,0.1458631019132679,-0.0425727352323475,51,0.7260162999825238,"{""exits"": {""breakeven"": true, ""max_hold"": 100, ""native_exit"": false, ""partial"": {""after_bars"": 3, ""frac"": 0.33, ""trail_after_partial"": true}, ""target_r"": null, ""trail_ma"": 10}, ""filters"": {""rs"": true, ""score"": true, ""volume"": true}, ""layer_params"": {""volume"": {""pullback_max"": 1.3}}, ""rank"": ""score"", ""setup"": ""pullback"", ""setup_params"": {""adx_min"": 25.0, ""lookback"": 5, ""stop_atr_max"": 2.0, ""stop_atr_min"": 0.5}, ""sizing"": {""heat_cap"": null, ""max_positions"": 10, ""risk_pct"": 1.0}}"
2026-09-27 11:49:54,crypto,dev,crypto/pullback sens score.top_pct x0.7,ffc18911d7,0,1.038008565391018,0.0723472395279765,-0.04217425886671833,35,0.5474782353640401,"{""exits"": {""breakeven"": true, ""max_hold"": 100, ""native_exit"": false, ""partial"": {""after_bars"": 3, ""frac"": 0.33, ""trail_after_partial"": true}, ""target_r"": null, ""trail_ma"": 10}, ""filters"": {""rs"": true, ""score"": true, ""volume"": true}, ""layer_params"": {""score"": {""top_pct"": 14.0}}, ""rank"": ""score"", ""setup"": ""pullback"", ""setup_params"": {""adx_min"": 25.0, ""lookback"": 5, ""stop_atr_max"": 2.0, ""stop_atr_min"": 0.5}, ""sizing"": {""heat_cap"": null, ""max_positions"": 10, ""risk_pct"": 1.0}}"
2026-09-27 11:49:55,crypto,dev,crypto/pullback sens score.top_pct x1.3,cba7df5a43,0,1.5809194324602385,0.15886265347992645,-0.04568256258080705,54,0.7520007831144531,"{""exits"": {""breakeven"": true, ""max_hold"": 100, ""native_exit"": false, ""partial"": {""after_bars"": 3, ""frac"": 0.33, ""trail_after_partial"": true}, ""target_r"": null, ""trail_ma"": 10}, ""filters"": {""rs"": true, ""score"": true, ""volume"": true}, ""layer_params"": {""score"": {""top_pct"": 26.0}}, ""rank"": ""score"", ""setup"": ""pullback"", ""setup_params"": {""adx_min"": 25.0, ""lookback"": 5, ""stop_atr_max"": 2.0, ""stop_atr_min"": 0.5}, ""sizing"": {""heat_cap"": null, ""max_positions"": 10, ""risk_pct"": 1.0}}"
2026-09-27 11:49:55,crypto,dev,crypto/pullback sens exit.max_hold x0.7,bb9498b4fc,0,1.6600666166238363,0.1554900606906715,-0.0425727352323475,46,0.8619290926570475,"{""exits"": {""breakeven"": true, ""max_hold"": 70, ""native_exit"": false, ""partial"": {""after_bars"": 3, ""frac"": 0.33, ""trail_after_partial"": true}, ""target_r"": null, ""trail_ma"": 10}, ""filters"": {""rs"": true, ""score"": true, ""volume"": true}, ""rank"": ""score"", ""setup"": ""pullback"", ""setup_params"": {""adx_min"": 25.0, ""lookback"": 5, ""stop_atr_max"": 2.0, ""stop_atr_min"": 0.5}, ""sizing"": {""heat_cap"": null, ""max_positions"": 10, ""risk_pct"": 1.0}}"
2026-09-27 11:49:55,crypto,dev,crypto/pullback sens exit.max_hold x1.3,ea57a3ad26,0,1.6578829174206455,0.15524119737083564,-0.042572735232347614,46,0.8604226215418167,"{""exits"": {""breakeven"": true, ""max_hold"": 130, ""native_exit"": false, ""partial"": {""after_bars"": 3, ""frac"": 0.33, ""trail_after_partial"": true}, ""target_r"": null, ""trail_ma"": 10}, ""filters"": {""rs"": true, ""score"": true, ""volume"": true}, ""rank"": ""score"", ""setup"": ""pullback"", ""setup_params"": {""adx_min"": 25.0, ""lookback"": 5, ""stop_atr_max"": 2.0, ""stop_atr_min"": 0.5}, ""sizing"": {""heat_cap"": null, ""max_positions"": 10, ""risk_pct"": 1.0}}"
2026-09-27 11:49:56,crypto,dev,crypto/pullback sens exit.trail_ma x0.7,89a7e20fc1,0,1.7849697475486164,0.16168857563407646,-0.037839423244921844,46,0.8906222296984064,"{""exits"": {""breakeven"": true, ""max_hold"": 100, ""native_exit"": false, ""partial"": {""after_bars"": 3, ""frac"": 0.33, ""trail_after_partial"": true}, ""target_r"": null, ""trail_ma"": 7}, ""filters"": {""rs"": true, ""score"": true, ""volume"": true}, ""rank"": ""score"", ""setup"": ""pullback"", ""setup_params"": {""adx_min"": 25.0, ""lookback"": 5, ""stop_atr_max"": 2.0, ""stop_atr_min"": 0.5}, ""sizing"": {""heat_cap"": null, ""max_positions"": 10, ""risk_pct"": 1.0}}"
2026-09-27 11:49:57,crypto,dev,crypto/pullback sens exit.trail_ma x1.3,2f8b8b3a46,0,1.6447694949729965,0.16449965200541317,-0.05156385537161989,46,0.9036030451889916,"{""exits"": {""breakeven"": true, ""max_hold"": 100, ""native_exit"": false, ""partial"": {""after_bars"": 3, ""frac"": 0.33, ""trail_after_partial"": true}, ""target_r"": null, ""trail_ma"": 13}, ""filters"": {""rs"": true, ""score"": true, ""volume"": true}, ""rank"": ""score"", ""setup"": ""pullback"", ""setup_params"": {""adx_min"": 25.0, ""lookback"": 5, ""stop_atr_max"": 2.0, ""stop_atr_min"": 0.5}, ""sizing"": {""heat_cap"": null, ""max_positions"": 10, ""risk_pct"": 1.0}}"
2026-09-27 11:49:57,crypto,dev,crypto/pullback sens exit.partial.frac x0.7,0af0c27c9c,0,1.6257666285723358,0.16698044181316996,-0.04814363775245145,46,0.9241318450599304,"{""exits"": {""breakeven"": true, ""max_hold"": 100, ""native_exit"": false, ""partial"": {""after_bars"": 3, ""frac"": 0.231, ""trail_after_partial"": true}, ""target_r"": null, ""trail_ma"": 10}, ""filters"": {""rs"": true, ""score"": true, ""volume"": true}, ""rank"": ""score"", ""setup"": ""pullback"", ""setup_params"": {""adx_min"": 25.0, ""lookback"": 5, ""stop_atr_max"": 2.0, ""stop_atr_min"": 0.5}, ""sizing"": {""heat_cap"": null, ""max_positions"": 10, ""risk_pct"": 1.0}}"
2026-09-27 11:49:57,crypto,dev,crypto/pullback sens exit.partial.frac x1.3,1db1c7bd04,0,1.6886984668038418,0.14346655380877316,-0.036832772475881015,46,0.7967133980237027,"{""exits"": {""breakeven"": true, ""max_hold"": 100, ""native_exit"": false, ""partial"": {""after_bars"": 3, ""frac"": 0.429, ""trail_after_partial"": true}, ""target_r"": null, ""trail_ma"": 10}, ""filters"": {""rs"": true, ""score"": true, ""volume"": true}, ""rank"": ""score"", ""setup"": ""pullback"", ""setup_params"": {""adx_min"": 25.0, ""lookback"": 5, ""stop_atr_max"": 2.0, ""stop_atr_min"": 0.5}, ""sizing"": {""heat_cap"": null, ""max_positions"": 10, ""risk_pct"": 1.0}}"
2026-09-27 11:49:57,crypto,dev,crypto/pullback sens exit.partial.after_bars x0.7,6c7eebcdaa,0,1.7018667251966753,0.16675494491243104,-0.06597437928312422,47,0.9058701422684633,"{""exits"": {""breakeven"": true, ""max_hold"": 100, ""native_exit"": false, ""partial"": {""after_bars"": 2, ""frac"": 0.33, ""trail_after_partial"": true}, ""target_r"": null, ""trail_ma"": 10}, ""filters"": {""rs"": true, ""score"": true, ""volume"": true}, ""rank"": ""score"", ""setup"": ""pullback"", ""setup_params"": {""adx_min"": 25.0, ""lookback"": 5, ""stop_atr_max"": 2.0, ""stop_atr_min"": 0.5}, ""sizing"": {""heat_cap"": null, ""max_positions"": 10, ""risk_pct"": 1.0}}"
2026-09-27 11:49:57,crypto,dev,crypto/pullback sens exit.partial.after_bars x1.3,5dad833db8,0,1.5810040534469423,0.16339438978451537,-0.05694502239405663,46,0.9073845032012029,"{""exits"": {""breakeven"": true, ""max_hold"": 100, ""native_exit"": false, ""partial"": {""after_bars"": 4, ""frac"": 0.33, ""trail_after_partial"": true}, ""target_r"": null, ""trail_ma"": 10}, ""filters"": {""rs"": true, ""score"": true, ""volume"": true}, ""rank"": ""score"", ""setup"": ""pullback"", ""setup_params"": {""adx_min"": 25.0, ""lookback"": 5, ""stop_atr_max"": 2.0, ""stop_atr_min"": 0.5}, ""sizing"": {""heat_cap"": null, ""max_positions"": 10, ""risk_pct"": 1.0}}"
2026-09-27 11:49:57,crypto,dev,crypto/pullback sens sizing.risk_pct x0.7,7d442025f7,0,1.6429237157651482,0.10908885682620717,-0.030625679922693716,46,0.8604226215418167,"{""exits"": {""breakeven"": true, ""max_hold"": 100, ""native_exit"": false, ""partial"": {""after_bars"": 3, ""frac"": 0.33, ""trail_after_partial"": true}, ""target_r"": null, ""trail_ma"": 10}, ""filters"": {""rs"": true, ""score"": true, ""volume"": true}, ""rank"": ""score"", ""setup"": ""pullback"", ""setup_params"": {""adx_min"": 25.0, ""lookback"": 5, ""stop_atr_max"": 2.0, ""stop_atr_min"": 0.5}, ""sizing"": {""heat_cap"": null, ""max_positions"": 10, ""risk_pct"": 0.7}}"
2026-09-27 11:49:57,crypto,dev,crypto/pullback sens sizing.risk_pct x1.3,1b771c1de5,0,1.668027711080902,0.20043595299331862,-0.05389304198794642,46,0.8604226215418167,"{""exits"": {""breakeven"": true, ""max_hold"": 100, ""native_exit"": false, ""partial"": {""after_bars"": 3, ""frac"": 0.33, ""trail_after_partial"": true}, ""target_r"": null, ""trail_ma"": 10}, ""filters"": {""rs"": true, ""score"": true, ""volume"": true}, ""rank"": ""score"", ""setup"": ""pullback"", ""setup_params"": {""adx_min"": 25.0, ""lookback"": 5, ""stop_atr_max"": 2.0, ""stop_atr_min"": 0.5}, ""sizing"": {""heat_cap"": null, ""max_positions"": 10, ""risk_pct"": 1.3}}"
2026-09-27 11:50:18,crypto,dev,crypto/rsi2 sens setup.ma x0.7,040bb57bfc,0,-0.17403034758607158,-0.03459843944638041,-0.24427685852647218,458,-0.016213533547402972,"{""exits"": {""max_hold"": 10, ""native_exit"": true, ""target_r"": null}, ""filters"": {""regime"": true}, ""rank"": ""random"", ""setup"": ""rsi2"", ""setup_params"": {""entry"": 10.0, ""exit"": 70.0, ""ma"": 140, ""stop_atr"": 3.0}, ""sizing"": {""heat_cap"": null, ""max_positions"": 10, ""risk_pct"": 1.0}}"
2026-09-27 11:50:19,crypto,dev,crypto/rsi2 sens setup.ma x1.3,cae14702b6,0,-0.3691886653646689,-0.06425729894457699,-0.3241778427454125,502,-0.029462855248607433,"{""exits"": {""max_hold"": 10, ""native_exit"": true, ""target_r"": null}, ""filters"": {""regime"": true}, ""rank"": ""random"", ""setup"": ""rsi2"", ""setup_params"": {""entry"": 10.0, ""exit"": 70.0, ""ma"": 260, ""stop_atr"": 3.0}, ""sizing"": {""heat_cap"": null, ""max_positions"": 10, ""risk_pct"": 1.0}}"
2026-09-27 11:50:20,crypto,dev,crypto/rsi2 sens setup.entry x0.7,8e987ffabe,0,-0.3703465332293056,-0.058881545098479315,-0.25537333880164115,374,-0.03757307246145537,"{""exits"": {""max_hold"": 10, ""native_exit"": true, ""target_r"": null}, ""filters"": {""regime"": true}, ""rank"": ""random"", ""setup"": ""rsi2"", ""setup_params"": {""entry"": 7.0, ""exit"": 70.0, ""ma"": 200, ""stop_atr"": 3.0}, ""sizing"": {""heat_cap"": null, ""max_positions"": 10, ""risk_pct"": 1.0}}"
2026-09-27 11:50:21,crypto,dev,crypto/rsi2 sens setup.entry x1.3,b0e4d52236,0,-0.7797951253706447,-0.13075502456435262,-0.3766509103973683,585,-0.05713597477674208,"{""exits"": {""max_hold"": 10, ""native_exit"": true, ""target_r"": null}, ""filters"": {""regime"": true}, ""rank"": ""random"", ""setup"": ""rsi2"", ""setup_params"": {""entry"": 13.0, ""exit"": 70.0, ""ma"": 200, ""stop_atr"": 3.0}, ""sizing"": {""heat_cap"": null, ""max_positions"": 10, ""risk_pct"": 1.0}}"
2026-09-27 11:50:21,crypto,dev,crypto/rsi2 sens setup.exit x0.7,bf9cf22167,0,-0.36995282834474785,-0.05154434364084681,-0.24799252304531205,561,-0.021341796832612146,"{""exits"": {""max_hold"": 10, ""native_exit"": true, ""target_r"": null}, ""filters"": {""regime"": true}, ""rank"": ""random"", ""setup"": ""rsi2"", ""setup_params"": {""entry"": 10.0, ""exit"": 49.0, ""ma"": 200, ""stop_atr"": 3.0}, ""sizing"": {""heat_cap"": null, ""max_positions"": 10, ""risk_pct"": 1.0}}"
2026-09-27 11:50:22,crypto,dev,crypto/rsi2 sens setup.exit x1.3,3349b80c1b,0,-0.5596277491995716,-0.10621374139898587,-0.41522741558897436,437,-0.059195571763023674,"{""exits"": {""max_hold"": 10, ""native_exit"": true, ""target_r"": null}, ""filters"": {""regime"": true}, ""rank"": ""random"", ""setup"": ""rsi2"", ""setup_params"": {""entry"": 10.0, ""exit"": 91.0, ""ma"": 200, ""stop_atr"": 3.0}, ""sizing"": {""heat_cap"": null, ""max_positions"": 10, ""risk_pct"": 1.0}}"
2026-09-27 11:50:23,crypto,dev,crypto/rsi2 sens setup.stop_atr x0.7,0258c57dda,0,-0.2874892531658682,-0.0742725055871426,-0.36137266166545456,535,-0.02998852703833384,"{""exits"": {""max_hold"": 10, ""native_exit"": true, ""target_r"": null}, ""filters"": {""regime"": true}, ""rank"": ""random"", ""setup"": ""rsi2"", ""setup_params"": {""entry"": 10.0, ""exit"": 70.0, ""ma"": 200, ""stop_atr"": 2.1}, ""sizing"": {""heat_cap"": null, ""max_positions"": 10, ""risk_pct"": 1.0}}"
2026-09-27 11:50:24,crypto,dev,crypto/rsi2 sens setup.stop_atr x1.3,67ba4686b7,0,-0.2975649421202706,-0.04252476972566621,-0.24503390188880947,490,-0.020256510950418166,"{""exits"": {""max_hold"": 10, ""native_exit"": true, ""target_r"": null}, ""filters"": {""regime"": true}, ""rank"": ""random"", ""setup"": ""rsi2"", ""setup_params"": {""entry"": 10.0, ""exit"": 70.0, ""ma"": 200, ""stop_atr"": 3.9}, ""sizing"": {""heat_cap"": null, ""max_positions"": 10, ""risk_pct"": 1.0}}"
2026-09-27 11:50:24,crypto,dev,crypto/rsi2 sens exit.max_hold x0.7,de11360c77,0,-0.49488910533948355,-0.07770429401213652,-0.3105679059122042,525,-0.03550447397576218,"{""exits"": {""max_hold"": 7, ""native_exit"": true, ""target_r"": null}, ""filters"": {""regime"": true}, ""rank"": ""random"", ""setup"": ""rsi2"", ""setup_params"": {""entry"": 10.0, ""exit"": 70.0, ""ma"": 200, ""stop_atr"": 3.0}, ""sizing"": {""heat_cap"": null, ""max_positions"": 10, ""risk_pct"": 1.0}}"
2026-09-27 11:50:24,crypto,dev,crypto/rsi2 sens exit.max_hold x1.3,3b9850c538,0,-0.24795136272494733,-0.0485601108725634,-0.28600434552569454,493,-0.021647671471170537,"{""exits"": {""max_hold"": 13, ""native_exit"": true, ""target_r"": null}, ""filters"": {""regime"": true}, ""rank"": ""random"", ""setup"": ""rsi2"", ""setup_params"": {""entry"": 10.0, ""exit"": 70.0, ""ma"": 200, ""stop_atr"": 3.0}, ""sizing"": {""heat_cap"": null, ""max_positions"": 10, ""risk_pct"": 1.0}}"
2026-09-27 11:50:24,crypto,dev,crypto/rsi2 sens sizing.risk_pct x0.7,e60c63b4d7,0,-0.34759910309948727,-0.04191106964419955,-0.2166931494748876,497,-0.028681075295726135,"{""exits"": {""max_hold"": 10, ""native_exit"": true, ""target_r"": null}, ""filters"": {""regime"": true}, ""rank"": ""random"", ""setup"": ""rsi2"", ""setup_params"": {""entry"": 10.0, ""exit"": 70.0, ""ma"": 200, ""stop_atr"": 3.0}, ""sizing"": {""heat_cap"": null, ""max_positions"": 10, ""risk_pct"": 0.7}}"
2026-09-27 11:50:24,crypto,dev,crypto/rsi2 sens sizing.risk_pct x1.3,8df87c678c,0,-0.3318601649970397,-0.08289978211318405,-0.3720246086479593,497,-0.028681075295726135,"{""exits"": {""max_hold"": 10, ""native_exit"": true, ""target_r"": null}, ""filters"": {""regime"": true}, ""rank"": ""random"", ""setup"": ""rsi2"", ""setup_params"": {""entry"": 10.0, ""exit"": 70.0, ""ma"": 200, ""stop_atr"": 3.0}, ""sizing"": {""heat_cap"": null, ""max_positions"": 10, ""risk_pct"": 1.3}}"
2026-09-27 11:58:19,stocks,final,naive breakout,b092b312a6,0,0.20615701443265042,0.02000779772759631,-0.1726301791480338,811,-0.020268486381398984,"{""exits"": {""max_hold"": 20, ""native_exit"": false, ""target_r"": 2.0}, ""filters"": {}, ""rank"": ""random"", ""setup"": ""breakout"", ""setup_params"": {""base_len"": 20, ""stop_atr_max"": 1.5, ""stop_atr_min"": 0.5}, ""sizing"": {""heat_cap"": null, ""max_positions"": 10, ""risk_pct"": 1.0}}"
2026-09-27 11:58:23,stocks,final,ALL LAYERS breakout,5fe00dc5c6,0,0.5029397323074954,0.04966062808966254,-0.13661541671900967,172,0.0685965565397444,"{""exits"": {""breakeven"": true, ""max_hold"": 100, ""native_exit"": false, ""partial"": {""at_r"": 2.0, ""frac"": 0.5, ""trail_after_partial"": true}, ""target_r"": null, ""trail_ma"": 20}, ""filters"": {""chop"": true, ""event"": true, ""regime"": true, ""rs"": true, ""score"": true, ""vol"": true, ""volume"": true}, ""rank"": ""score"", ""setup"": ""breakout"", ""setup_params"": {""base_len"": 20, ""stop_atr_max"": 1.5, ""stop_atr_min"": 0.5}, ""sizing"": {""dd_reduce"": {""dd"": 0.1, ""factor"": 0.5}, ""heat_cap"": 0.06, ""max_positions"": 10, ""risk_pct"": 1.0}}"
2026-09-27 11:58:27,stocks,final,PICKED breakout,d646c0329c,0,-0.017139649910552536,-0.015869070308311084,-0.2944319567223307,297,-0.0482114308925202,"{""exits"": {""max_hold"": 100, ""native_exit"": false, ""target_r"": null, ""trail_atr"": 2.5}, ""filters"": {""event"": true, ""regime"": true, ""vol"": true, ""volume"": true}, ""rank"": ""random"", ""setup"": ""breakout"", ""setup_params"": {""base_len"": 20, ""stop_atr_max"": 1.5, ""stop_atr_min"": 0.5}, ""sizing"": {""heat_cap"": null, ""max_positions"": 10, ""risk_pct"": 1.0}}"
2026-09-27 11:58:45,stocks,final,naive pullback,1ff9d3db1e,0,-0.07427780125261955,-0.020643549129439664,-0.21400738015364162,491,0.010254319816012112,"{""exits"": {""max_hold"": 20, ""native_exit"": false, ""target_r"": 2.0}, ""filters"": {}, ""rank"": ""random"", ""setup"": ""pullback"", ""setup_params"": {""adx_min"": 25.0, ""lookback"": 5, ""stop_atr_max"": 2.0, ""stop_atr_min"": 0.5}, ""sizing"": {""heat_cap"": null, ""max_positions"": 10, ""risk_pct"": 1.0}}"
2026-09-27 11:58:49,stocks,final,ALL LAYERS pullback,67f741eef5,0,0.42860888948655657,0.04243459009964323,-0.13850767207180936,163,0.19369750944301653,"{""exits"": {""breakeven"": true, ""max_hold"": 100, ""native_exit"": false, ""partial"": {""at_r"": 2.0, ""frac"": 0.5, ""trail_after_partial"": true}, ""target_r"": null, ""trail_ma"": 20}, ""filters"": {""event"": true, ""regime"": true, ""rs"": true, ""score"": true, ""vol"": true, ""volume"": true}, ""rank"": ""score"", ""setup"": ""pullback"", ""setup_params"": {""adx_min"": 25.0, ""lookback"": 5, ""stop_atr_max"": 2.0, ""stop_atr_min"": 0.5}, ""sizing"": {""dd_reduce"": {""dd"": 0.1, ""factor"": 0.5}, ""heat_cap"": 0.06, ""max_positions"": 10, ""risk_pct"": 1.0}}"
2026-09-27 11:58:53,stocks,final,PICKED pullback,d22d7a3411,0,0.06914523735754984,-0.0015295486353937848,-0.21450454994543522,356,-0.05474110790338918,"{""exits"": {""breakeven"": true, ""max_hold"": 100, ""native_exit"": false, ""partial"": {""at_r"": 2.0, ""frac"": 0.5, ""trail_after_partial"": true}, ""target_r"": null, ""trail_ma"": 20}, ""filters"": {}, ""rank"": ""random"", ""setup"": ""pullback"", ""setup_params"": {""adx_min"": 25.0, ""lookback"": 5, ""stop_atr_max"": 2.0, ""stop_atr_min"": 0.5}, ""sizing"": {""heat_cap"": null, ""max_positions"": 10, ""risk_pct"": 1.0}}"
2026-09-27 11:59:16,stocks,final,naive rsi2,4fdf9a625b,0,0.9298503467915198,0.1328272780422144,-0.19304290528209944,1304,0.039051354433525566,"{""exits"": {""max_hold"": 10, ""native_exit"": true, ""target_r"": null}, ""filters"": {}, ""rank"": ""random"", ""setup"": ""rsi2"", ""setup_params"": {""entry"": 10.0, ""exit"": 70.0, ""ma"": 200, ""stop_atr"": 3.0}, ""sizing"": {""heat_cap"": null, ""max_positions"": 10, ""risk_pct"": 1.0}}"
2026-09-27 11:59:19,stocks,final,ALL LAYERS rsi2,8215f69914,0,0.6394182688068957,0.04313313993528589,-0.15534178596244386,460,0.044663929325624435,"{""exits"": {""max_hold"": 10, ""native_exit"": true, ""target_r"": null}, ""filters"": {""event"": true, ""regime"": true, ""rs"": true, ""score"": true, ""vol"": true}, ""rank"": ""score"", ""setup"": ""rsi2"", ""setup_params"": {""entry"": 10.0, ""exit"": 70.0, ""ma"": 200, ""stop_atr"": 3.0}, ""sizing"": {""dd_reduce"": {""dd"": 0.1, ""factor"": 0.5}, ""heat_cap"": 0.06, ""max_positions"": 10, ""risk_pct"": 1.0}}"
2026-09-27 11:59:22,stocks,final,PICKED rsi2,a93928bd5d,0,0.5624359809031099,0.07092712779416765,-0.14908556877911194,892,0.03182346721076362,"{""exits"": {""max_hold"": 10, ""native_exit"": true, ""target_r"": null}, ""filters"": {""rs"": true, ""score"": true}, ""rank"": ""score"", ""setup"": ""rsi2"", ""setup_params"": {""entry"": 10.0, ""exit"": 70.0, ""ma"": 200, ""stop_atr"": 3.0}, ""sizing"": {""heat_cap"": null, ""max_positions"": 10, ""risk_pct"": 1.0}}"
2026-09-27 11:59:42,forex,final,naive breakout,b092b312a6,0,-1.6115547921721047,-0.31126077516633055,-0.771393575927011,677,-0.2087729711460076,"{""exits"": {""max_hold"": 20, ""native_exit"": false, ""target_r"": 2.0}, ""filters"": {}, ""rank"": ""random"", ""setup"": ""breakout"", ""setup_params"": {""base_len"": 20, ""stop_atr_max"": 1.5, ""stop_atr_min"": 0.5}, ""sizing"": {""heat_cap"": null, ""max_positions"": 10, ""risk_pct"": 1.0}}"
2026-09-27 11:59:43,forex,final,ALL LAYERS breakout,f240964832,0,-1.1222499629451559,-0.09369865567857749,-0.3293743712871374,159,-0.4191242933039199,"{""exits"": {""breakeven"": true, ""max_hold"": 100, ""native_exit"": false, ""partial"": {""at_r"": 2.0, ""frac"": 0.5, ""trail_after_partial"": true}, ""target_r"": null, ""trail_ma"": 20}, ""filters"": {""chop"": true, ""regime"": true, ""rs"": true, ""score"": true, ""vol"": true}, ""rank"": ""score"", ""setup"": ""breakout"", ""setup_params"": {""base_len"": 20, ""stop_atr_max"": 1.5, ""stop_atr_min"": 0.5}, ""sizing"": {""dd_reduce"": {""dd"": 0.1, ""factor"": 0.5}, ""heat_cap"": 0.06, ""max_positions"": 10, ""risk_pct"": 1.0}}"
2026-09-27 11:59:43,forex,final,naive pullback,1ff9d3db1e,0,-0.348180831858742,-0.06036758780788931,-0.23449277168480764,240,-0.08943401974078187,"{""exits"": {""max_hold"": 20, ""native_exit"": false, ""target_r"": 2.0}, ""filters"": {}, ""rank"": ""random"", ""setup"": ""pullback"", ""setup_params"": {""adx_min"": 25.0, ""lookback"": 5, ""stop_atr_max"": 2.0, ""stop_atr_min"": 0.5}, ""sizing"": {""heat_cap"": null, ""max_positions"": 10, ""risk_pct"": 1.0}}"
2026-09-27 11:59:43,forex,final,ALL LAYERS pullback,daf4f6ae7b,0,-0.3163219148961034,-0.015588914495732076,-0.10947172606927935,25,-0.21174023883640777,"{""exits"": {""breakeven"": true, ""max_hold"": 100, ""native_exit"": false, ""partial"": {""at_r"": 2.0, ""frac"": 0.5, ""trail_after_partial"": true}, ""target_r"": null, ""trail_ma"": 20}, ""filters"": {""regime"": true, ""rs"": true, ""score"": true, ""vol"": true}, ""rank"": ""score"", ""setup"": ""pullback"", ""setup_params"": {""adx_min"": 25.0, ""lookback"": 5, ""stop_atr_max"": 2.0, ""stop_atr_min"": 0.5}, ""sizing"": {""dd_reduce"": {""dd"": 0.1, ""factor"": 0.5}, ""heat_cap"": 0.06, ""max_positions"": 10, ""risk_pct"": 1.0}}"
2026-09-27 11:59:43,forex,final,naive rsi2,4fdf9a625b,0,-0.10392030465857151,-0.02545493956639966,-0.38283026212153237,1001,-0.005433539959167756,"{""exits"": {""max_hold"": 10, ""native_exit"": true, ""target_r"": null}, ""filters"": {}, ""rank"": ""random"", ""setup"": ""rsi2"", ""setup_params"": {""entry"": 10.0, ""exit"": 70.0, ""ma"": 200, ""stop_atr"": 3.0}, ""sizing"": {""heat_cap"": null, ""max_positions"": 10, ""risk_pct"": 1.0}}"
2026-09-27 11:59:44,forex,final,ALL LAYERS rsi2,61e81a42f1,0,0.22386198471092886,0.009071760776853788,-0.08160933959868688,148,0.025021273439122884,"{""exits"": {""max_hold"": 10, ""native_exit"": true, ""target_r"": null}, ""filters"": {""regime"": true, ""rs"": true, ""score"": true, ""vol"": true}, ""rank"": ""score"", ""setup"": ""rsi2"", ""setup_params"": {""entry"": 10.0, ""exit"": 70.0, ""ma"": 200, ""stop_atr"": 3.0}, ""sizing"": {""dd_reduce"": {""dd"": 0.1, ""factor"": 0.5}, ""heat_cap"": 0.06, ""max_positions"": 10, ""risk_pct"": 1.0}}"
2026-09-27 11:59:47,crypto,final,naive breakout,b092b312a6,0,-0.4393957445331965,-0.2786665536339795,-0.8739073107143749,1930,-0.045389664601588796,"{""exits"": {""max_hold"": 20, ""native_exit"": false, ""target_r"": 2.0}, ""filters"": {}, ""rank"": ""random"", ""setup"": ""breakout"", ""setup_params"": {""base_len"": 20, ""stop_atr_max"": 1.5, ""stop_atr_min"": 0.5}, ""sizing"": {""heat_cap"": null, ""max_positions"": 10, ""risk_pct"": 1.0}}"
2026-09-27 11:59:50,crypto,final,ALL LAYERS breakout,a71cdb771c,0,-0.04603714385572749,-0.016037392798547878,-0.22627671330060994,214,0.11618887780602713,"{""exits"": {""breakeven"": true, ""max_hold"": 100, ""native_exit"": false, ""partial"": {""at_r"": 2.0, ""frac"": 0.5, ""trail_after_partial"": true}, ""target_r"": null, ""trail_ma"": 20}, ""filters"": {""chop"": true, ""regime"": true, ""rs"": true, ""score"": true, ""vol"": true, ""volume"": true}, ""rank"": ""score"", ""setup"": ""breakout"", ""setup_params"": {""base_len"": 20, ""stop_atr_max"": 1.5, ""stop_atr_min"": 0.5}, ""sizing"": {""dd_reduce"": {""dd"": 0.1, ""factor"": 0.5}, ""heat_cap"": 0.06, ""max_positions"": 10, ""risk_pct"": 1.0}}"
2026-09-27 11:59:53,crypto,final,PICKED breakout,befcff0504,0,0.48938970082612326,0.12727225236029627,-0.6429282522356818,975,0.09886698931915774,"{""exits"": {""breakeven"": true, ""max_hold"": 100, ""native_exit"": false, ""partial"": {""at_r"": 2.0, ""frac"": 0.5, ""trail_after_partial"": true}, ""target_r"": null, ""trail_ma"": 20}, ""filters"": {""vol"": true}, ""rank"": ""random"", ""setup"": ""breakout"", ""setup_params"": {""base_len"": 20, ""stop_atr_max"": 1.5, ""stop_atr_min"": 0.5}, ""sizing"": {""heat_cap"": null, ""max_positions"": 10, ""risk_pct"": 1.0}}"
2026-09-27 12:00:38,crypto,final,naive pullback,1ff9d3db1e,0,0.432589765330551,0.09582887830162479,-0.3922548506343635,1234,0.04939241481900808,"{""exits"": {""max_hold"": 20, ""native_exit"": false, ""target_r"": 2.0}, ""filters"": {}, ""rank"": ""random"", ""setup"": ""pullback"", ""setup_params"": {""adx_min"": 25.0, ""lookback"": 5, ""stop_atr_max"": 2.0, ""stop_atr_min"": 0.5}, ""sizing"": {""heat_cap"": null, ""max_positions"": 10, ""risk_pct"": 1.0}}"
2026-09-27 12:00:41,crypto,final,ALL LAYERS pullback,15e74bbf55,0,-0.6140330489300556,-0.08790171433220806,-0.4471642487758488,324,-0.14360401603735917,"{""exits"": {""breakeven"": true, ""max_hold"": 100, ""native_exit"": false, ""partial"": {""at_r"": 2.0, ""frac"": 0.5, ""trail_after_partial"": true}, ""target_r"": null, ""trail_ma"": 20}, ""filters"": {""regime"": true, ""rs"": true, ""score"": true, ""vol"": true, ""volume"": true}, ""rank"": ""score"", ""setup"": ""pullback"", ""setup_params"": {""adx_min"": 25.0, ""lookback"": 5, ""stop_atr_max"": 2.0, ""stop_atr_min"": 0.5}, ""sizing"": {""dd_reduce"": {""dd"": 0.1, ""factor"": 0.5}, ""heat_cap"": 0.06, ""max_positions"": 10, ""risk_pct"": 1.0}}"
2026-09-27 12:00:44,crypto,final,PICKED pullback,352d8229b3,0,-0.6128032367794433,-0.17541458133330878,-0.53764915419412,728,-0.070470329884376,"{""exits"": {""breakeven"": true, ""max_hold"": 100, ""native_exit"": false, ""partial"": {""after_bars"": 3, ""frac"": 0.33, ""trail_after_partial"": true}, ""target_r"": null, ""trail_ma"": 10}, ""filters"": {""rs"": true, ""score"": true, ""volume"": true}, ""rank"": ""score"", ""setup"": ""pullback"", ""setup_params"": {""adx_min"": 25.0, ""lookback"": 5, ""stop_atr_max"": 2.0, ""stop_atr_min"": 0.5}, ""sizing"": {""heat_cap"": null, ""max_positions"": 10, ""risk_pct"": 1.0}}"
2026-09-27 12:01:07,crypto,final,naive rsi2,4fdf9a625b,0,-0.9254177778288687,-0.19416171295848983,-0.5653582880910202,2298,-0.03062715799986043,"{""exits"": {""max_hold"": 10, ""native_exit"": true, ""target_r"": null}, ""filters"": {}, ""rank"": ""random"", ""setup"": ""rsi2"", ""setup_params"": {""entry"": 10.0, ""exit"": 70.0, ""ma"": 200, ""stop_atr"": 3.0}, ""sizing"": {""heat_cap"": null, ""max_positions"": 10, ""risk_pct"": 1.0}}"
2026-09-27 12:01:10,crypto,final,ALL LAYERS rsi2,61e81a42f1,0,-0.4447167126443903,-0.033327179697125064,-0.15677935330415504,487,-0.022967342340497285,"{""exits"": {""max_hold"": 10, ""native_exit"": true, ""target_r"": null}, ""filters"": {""regime"": true, ""rs"": true, ""score"": true, ""vol"": true}, ""rank"": ""score"", ""setup"": ""rsi2"", ""setup_params"": {""entry"": 10.0, ""exit"": 70.0, ""ma"": 200, ""stop_atr"": 3.0}, ""sizing"": {""dd_reduce"": {""dd"": 0.1, ""factor"": 0.5}, ""heat_cap"": 0.06, ""max_positions"": 10, ""risk_pct"": 1.0}}"
2026-09-27 12:01:12,crypto,final,PICKED rsi2,e4fdb095f8,0,-0.5922240777634413,-0.12173049190750451,-0.4707316198925774,1644,-0.025268441516718494,"{""exits"": {""max_hold"": 10, ""native_exit"": true, ""target_r"": null}, ""filters"": {""regime"": true}, ""rank"": ""random"", ""setup"": ""rsi2"", ""setup_params"": {""entry"": 10.0, ""exit"": 70.0, ""ma"": 200, ""stop_atr"": 3.0}, ""sizing"": {""heat_cap"": null, ""max_positions"": 10, ""risk_pct"": 1.0}}"
